<?xml version="1.0" encoding="UTF-8"?>
<gpx version="1.1" creator="BikeTerra" xmlns="http://www.topografix.com/GPX/1/1" xmlns:biketerra="https://biketerra.com/xmlns/gpx/1">
    <metadata>
        <name>Lombardia 2026</name>
        <extensions>
            <biketerra:version>2.0.0</biketerra:version>
            <biketerra:isLoop>false</biketerra:isLoop>
            <biketerra:defaultSurface>asphalt</biketerra:defaultSurface>
        </extensions>
    </metadata>
    <trk>
        <name>Lombardia 2026</name>
        <trkseg>
            <trkpt lat="45.7705303" lon="9.3687787"><ele>600.71</ele></trkpt>
            <trkpt lat="45.7708503" lon="9.3688654"><ele>599.17</ele></trkpt>
            <trkpt lat="45.7711115" lon="9.36887"><ele>597.95</ele></trkpt>
            <trkpt lat="45.771522" lon="9.3688699"><ele>596.05</ele></trkpt>
            <trkpt lat="45.7724" lon="9.3688482"><ele>592.07</ele></trkpt>
            <trkpt lat="45.7732469" lon="9.3688485"><ele>588.41</ele></trkpt>
            <trkpt lat="45.7735794" lon="9.3687855"><ele>587.07</ele></trkpt>
            <trkpt lat="45.7738517" lon="9.3686567"><ele>586.03</ele></trkpt>
            <trkpt lat="45.774022" lon="9.3685986"><ele>585.45</ele></trkpt>
            <trkpt lat="45.7741799" lon="9.3685934"><ele>584.97</ele></trkpt>
            <trkpt lat="45.7743691" lon="9.368635"><ele>584.45</ele></trkpt>
            <trkpt lat="45.7747625" lon="9.3688428"><ele>583.44</ele></trkpt>
            <trkpt lat="45.77541" lon="9.369205"><ele>582.03</ele></trkpt>
            <trkpt lat="45.7757156" lon="9.3693753"><ele>581.47</ele></trkpt>
            <trkpt lat="45.7758054" lon="9.3694174"><ele>581.34</ele></trkpt>
            <trkpt lat="45.7764104" lon="9.3695717"><ele>580.57</ele></trkpt>
            <trkpt lat="45.7769922" lon="9.3698708"><ele>579.98</ele></trkpt>
            <trkpt lat="45.7773944" lon="9.3700522"><ele>579.71</ele></trkpt>
            <trkpt lat="45.7776978" lon="9.3701889"><ele>579.6</ele></trkpt>
            <trkpt lat="45.7778984" lon="9.3702801"><ele>579.58</ele></trkpt>
            <trkpt lat="45.7782137" lon="9.3704948"><ele>579.61</ele></trkpt>
            <trkpt lat="45.7783309" lon="9.3706164"><ele>579.64</ele></trkpt>
            <trkpt lat="45.778458" lon="9.3708244"><ele>579.71</ele></trkpt>
            <trkpt lat="45.7786014" lon="9.3712734"><ele>579.84</ele></trkpt>
            <trkpt lat="45.7786839" lon="9.3713694"><ele>579.89</ele></trkpt>
            <trkpt lat="45.7787737" lon="9.3714001"><ele>579.92</ele></trkpt>
            <trkpt lat="45.7788608" lon="9.3713832"><ele>579.95</ele></trkpt>
            <trkpt lat="45.7789667" lon="9.3713127"><ele>579.98</ele></trkpt>
            <trkpt lat="45.7792755" lon="9.3709129"><ele>580.05</ele></trkpt>
            <trkpt lat="45.7793923" lon="9.3708078"><ele>580.04</ele></trkpt>
            <trkpt lat="45.7795608" lon="9.3707516"><ele>580</ele></trkpt>
            <trkpt lat="45.779771" lon="9.3708011"><ele>579.88</ele></trkpt>
            <trkpt lat="45.7801251" lon="9.3709721"><ele>579.54</ele></trkpt>
            <trkpt lat="45.7803411" lon="9.3710771"><ele>579.24</ele></trkpt>
            <trkpt lat="45.780547" lon="9.3711623"><ele>578.87</ele></trkpt>
            <trkpt lat="45.7808369" lon="9.3712586"><ele>578.25</ele></trkpt>
            <trkpt lat="45.78119" lon="9.37134"><ele>577.36</ele></trkpt>
            <trkpt lat="45.7815391" lon="9.3714202"><ele>576.38</ele></trkpt>
            <trkpt lat="45.7817918" lon="9.3715273"><ele>575.57</ele></trkpt>
            <trkpt lat="45.7820711" lon="9.371685"><ele>574.61</ele></trkpt>
            <trkpt lat="45.7822186" lon="9.3717266"><ele>574.1</ele></trkpt>
            <trkpt lat="45.7826621" lon="9.3718359"><ele>572.55</ele></trkpt>
            <trkpt lat="45.782972" lon="9.371952"><ele>571.39</ele></trkpt>
            <trkpt lat="45.7832902" lon="9.3720912"><ele>570.14</ele></trkpt>
            <trkpt lat="45.7834858" lon="9.372222"><ele>569.27</ele></trkpt>
            <trkpt lat="45.7839784" lon="9.3725543"><ele>566.94</ele></trkpt>
            <trkpt lat="45.7841162" lon="9.3726458"><ele>566.23</ele></trkpt>
            <trkpt lat="45.784258" lon="9.3727058"><ele>565.49</ele></trkpt>
            <trkpt lat="45.7843681" lon="9.3727286"><ele>564.9</ele></trkpt>
            <trkpt lat="45.7845927" lon="9.3727195"><ele>563.61</ele></trkpt>
            <trkpt lat="45.784759" lon="9.3726975"><ele>562.57</ele></trkpt>
            <trkpt lat="45.7849101" lon="9.3726904"><ele>561.57</ele></trkpt>
            <trkpt lat="45.7850188" lon="9.3727125"><ele>560.8</ele></trkpt>
            <trkpt lat="45.7852678" lon="9.3728091"><ele>558.9</ele></trkpt>
            <trkpt lat="45.785483" lon="9.3728089"><ele>557.21</ele></trkpt>
            <trkpt lat="45.7855485" lon="9.3727905"><ele>556.66</ele></trkpt>
            <trkpt lat="45.7856051" lon="9.3727447"><ele>556.13</ele></trkpt>
            <trkpt lat="45.7858001" lon="9.3724222"><ele>553.6</ele></trkpt>
            <trkpt lat="45.7858902" lon="9.3722976"><ele>552.5</ele></trkpt>
            <trkpt lat="45.7859696" lon="9.3722234"><ele>551.66</ele></trkpt>
            <trkpt lat="45.7861058" lon="9.3721727"><ele>550.4</ele></trkpt>
            <trkpt lat="45.7861836" lon="9.3721859"><ele>549.69</ele></trkpt>
            <trkpt lat="45.7862915" lon="9.3722605"><ele>548.6</ele></trkpt>
            <trkpt lat="45.786536" lon="9.3725759"><ele>545.59</ele></trkpt>
            <trkpt lat="45.7866308" lon="9.372637"><ele>544.64</ele></trkpt>
            <trkpt lat="45.7867677" lon="9.3726846"><ele>543.37</ele></trkpt>
            <trkpt lat="45.7869298" lon="9.3726979"><ele>541.92</ele></trkpt>
            <trkpt lat="45.7871133" lon="9.3726686"><ele>540.31</ele></trkpt>
            <trkpt lat="45.7873971" lon="9.3725196"><ele>537.76</ele></trkpt>
            <trkpt lat="45.787541" lon="9.3724746"><ele>536.57</ele></trkpt>
            <trkpt lat="45.7877487" lon="9.3724749"><ele>534.97</ele></trkpt>
            <trkpt lat="45.7880278" lon="9.3725012"><ele>532.96</ele></trkpt>
            <trkpt lat="45.7882289" lon="9.3725346"><ele>531.62</ele></trkpt>
            <trkpt lat="45.7884454" lon="9.3725836"><ele>530.32</ele></trkpt>
            <trkpt lat="45.7886739" lon="9.3726353"><ele>529.1</ele></trkpt>
            <trkpt lat="45.7889582" lon="9.3727082"><ele>527.81</ele></trkpt>
            <trkpt lat="45.7890979" lon="9.3728139"><ele>527.22</ele></trkpt>
            <trkpt lat="45.7892518" lon="9.3729859"><ele>526.62</ele></trkpt>
            <trkpt lat="45.7893513" lon="9.373053"><ele>526.34</ele></trkpt>
            <trkpt lat="45.7895019" lon="9.3730768"><ele>526.04</ele></trkpt>
            <trkpt lat="45.789774" lon="9.3730631"><ele>525.67</ele></trkpt>
            <trkpt lat="45.7898899" lon="9.3730748"><ele>525.59</ele></trkpt>
            <trkpt lat="45.7899855" lon="9.3731132"><ele>525.54</ele></trkpt>
            <trkpt lat="45.7901076" lon="9.3732325"><ele>525.54</ele></trkpt>
            <trkpt lat="45.7902628" lon="9.3734862"><ele>525.63</ele></trkpt>
            <trkpt lat="45.7903742" lon="9.373603"><ele>525.74</ele></trkpt>
            <trkpt lat="45.790756" lon="9.3738761"><ele>526.2</ele></trkpt>
            <trkpt lat="45.7912591" lon="9.3741407"><ele>526.84</ele></trkpt>
            <trkpt lat="45.7918355" lon="9.3745982"><ele>527.5</ele></trkpt>
            <trkpt lat="45.7925068" lon="9.3751327"><ele>527.79</ele></trkpt>
            <trkpt lat="45.7928905" lon="9.3754382"><ele>527.51</ele></trkpt>
            <trkpt lat="45.7931782" lon="9.3756672"><ele>526.91</ele></trkpt>
            <trkpt lat="45.7934554" lon="9.3758802"><ele>525.95</ele></trkpt>
            <trkpt lat="45.7936007" lon="9.3759268"><ele>525.34</ele></trkpt>
            <trkpt lat="45.793729" lon="9.3759054"><ele>524.72</ele></trkpt>
            <trkpt lat="45.7938377" lon="9.3758162"><ele>524.03</ele></trkpt>
            <trkpt lat="45.7939113" lon="9.3756735"><ele>523.27</ele></trkpt>
            <trkpt lat="45.7939532" lon="9.3754744"><ele>522.29</ele></trkpt>
            <trkpt lat="45.7939548" lon="9.3752955"><ele>521.38</ele></trkpt>
            <trkpt lat="45.793938" lon="9.3751306"><ele>520.47</ele></trkpt>
            <trkpt lat="45.7938115" lon="9.3744627"><ele>516.45</ele></trkpt>
            <trkpt lat="45.793753" lon="9.3741408"><ele>514.43</ele></trkpt>
            <trkpt lat="45.7937366" lon="9.3738808"><ele>512.83</ele></trkpt>
            <trkpt lat="45.7937712" lon="9.37373"><ele>511.86</ele></trkpt>
            <trkpt lat="45.7938629" lon="9.3735865"><ele>510.67</ele></trkpt>
            <trkpt lat="45.7940238" lon="9.3734919"><ele>509.16</ele></trkpt>
            <trkpt lat="45.7944154" lon="9.3734508"><ele>505.83</ele></trkpt>
            <trkpt lat="45.7948501" lon="9.3733846"><ele>502.27</ele></trkpt>
            <trkpt lat="45.7958459" lon="9.3735232"><ele>494.48</ele></trkpt>
            <trkpt lat="45.7963071" lon="9.3735896"><ele>491.03</ele></trkpt>
            <trkpt lat="45.7964607" lon="9.3736304"><ele>489.9</ele></trkpt>
            <trkpt lat="45.7965914" lon="9.3736912"><ele>488.93</ele></trkpt>
            <trkpt lat="45.7969891" lon="9.3739587"><ele>485.92</ele></trkpt>
            <trkpt lat="45.7971045" lon="9.3740201"><ele>485.09</ele></trkpt>
            <trkpt lat="45.7972713" lon="9.3740467"><ele>483.98</ele></trkpt>
            <trkpt lat="45.7975786" lon="9.3740412"><ele>482.01</ele></trkpt>
            <trkpt lat="45.797898" lon="9.374094"><ele>479.98</ele></trkpt>
            <trkpt lat="45.7981114" lon="9.3741312"><ele>478.66</ele></trkpt>
            <trkpt lat="45.7984961" lon="9.3742482"><ele>476.28</ele></trkpt>
            <trkpt lat="45.7986999" lon="9.3742643"><ele>475.07</ele></trkpt>
            <trkpt lat="45.7990201" lon="9.3741958"><ele>473.17</ele></trkpt>
            <trkpt lat="45.7994338" lon="9.3742414"><ele>470.76</ele></trkpt>
            <trkpt lat="45.8002833" lon="9.3745244"><ele>465.74</ele></trkpt>
            <trkpt lat="45.800606" lon="9.374608"><ele>463.83</ele></trkpt>
            <trkpt lat="45.8009302" lon="9.374679"><ele>461.91</ele></trkpt>
            <trkpt lat="45.8015324" lon="9.3746901"><ele>458.33</ele></trkpt>
            <trkpt lat="45.8017064" lon="9.3747241"><ele>457.28</ele></trkpt>
            <trkpt lat="45.8017962" lon="9.3747683"><ele>456.71</ele></trkpt>
            <trkpt lat="45.8020223" lon="9.374972"><ele>455.1</ele></trkpt>
            <trkpt lat="45.802112" lon="9.3750289"><ele>454.5</ele></trkpt>
            <trkpt lat="45.8023003" lon="9.3750974"><ele>453.32</ele></trkpt>
            <trkpt lat="45.8026987" lon="9.375179"><ele>450.87</ele></trkpt>
            <trkpt lat="45.8028908" lon="9.3752829"><ele>449.62</ele></trkpt>
            <trkpt lat="45.8031986" lon="9.3755052"><ele>447.54</ele></trkpt>
            <trkpt lat="45.8033754" lon="9.3755944"><ele>446.41</ele></trkpt>
            <trkpt lat="45.8035095" lon="9.3756144"><ele>445.6</ele></trkpt>
            <trkpt lat="45.80414" lon="9.3756405"><ele>441.85</ele></trkpt>
            <trkpt lat="45.8045872" lon="9.3757059"><ele>439.2</ele></trkpt>
            <trkpt lat="45.8047985" lon="9.3757745"><ele>437.93</ele></trkpt>
            <trkpt lat="45.804937" lon="9.3758495"><ele>437.06</ele></trkpt>
            <trkpt lat="45.8055212" lon="9.3762795"><ele>433.25</ele></trkpt>
            <trkpt lat="45.8057505" lon="9.3764463"><ele>431.78</ele></trkpt>
            <trkpt lat="45.8059036" lon="9.3765099"><ele>430.88</ele></trkpt>
            <trkpt lat="45.8060522" lon="9.3765267"><ele>430.05</ele></trkpt>
            <trkpt lat="45.8061798" lon="9.3764905"><ele>429.33</ele></trkpt>
            <trkpt lat="45.8066202" lon="9.3760801"><ele>426.48</ele></trkpt>
            <trkpt lat="45.8067359" lon="9.3760123"><ele>425.82</ele></trkpt>
            <trkpt lat="45.8068672" lon="9.3760018"><ele>425.13</ele></trkpt>
            <trkpt lat="45.8070028" lon="9.3760789"><ele>424.37</ele></trkpt>
            <trkpt lat="45.8070558" lon="9.3761444"><ele>424.02</ele></trkpt>
            <trkpt lat="45.8070963" lon="9.3762467"><ele>423.6</ele></trkpt>
            <trkpt lat="45.8071334" lon="9.3764841"><ele>422.74</ele></trkpt>
            <trkpt lat="45.8071541" lon="9.3767801"><ele>421.7</ele></trkpt>
            <trkpt lat="45.8071737" lon="9.3771121"><ele>420.53</ele></trkpt>
            <trkpt lat="45.8072158" lon="9.3776582"><ele>418.55</ele></trkpt>
            <trkpt lat="45.8072388" lon="9.3777274"><ele>418.26</ele></trkpt>
            <trkpt lat="45.8072829" lon="9.3777832"><ele>417.95</ele></trkpt>
            <trkpt lat="45.8073863" lon="9.3778226"><ele>417.36</ele></trkpt>
            <trkpt lat="45.8074968" lon="9.3777736"><ele>416.71</ele></trkpt>
            <trkpt lat="45.8076287" lon="9.3776269"><ele>415.74</ele></trkpt>
            <trkpt lat="45.8078681" lon="9.3772247"><ele>413.48</ele></trkpt>
            <trkpt lat="45.808024" lon="9.3770094"><ele>412.09</ele></trkpt>
            <trkpt lat="45.8082538" lon="9.3766951"><ele>409.96</ele></trkpt>
            <trkpt lat="45.8085192" lon="9.3763335"><ele>407.43</ele></trkpt>
            <trkpt lat="45.8087149" lon="9.376153"><ele>405.81</ele></trkpt>
            <trkpt lat="45.8088502" lon="9.3761149"><ele>404.85</ele></trkpt>
            <trkpt lat="45.8091094" lon="9.3761392"><ele>403.06</ele></trkpt>
            <trkpt lat="45.80958" lon="9.3763"><ele>399.83</ele></trkpt>
            <trkpt lat="45.8097864" lon="9.3763716"><ele>398.49</ele></trkpt>
            <trkpt lat="45.8099602" lon="9.3764319"><ele>397.43</ele></trkpt>
            <trkpt lat="45.8101048" lon="9.3764963"><ele>396.58</ele></trkpt>
            <trkpt lat="45.8102503" lon="9.3766196"><ele>395.7</ele></trkpt>
            <trkpt lat="45.8103128" lon="9.3767204"><ele>395.23</ele></trkpt>
            <trkpt lat="45.8103899" lon="9.3769127"><ele>394.52</ele></trkpt>
            <trkpt lat="45.8104673" lon="9.3771529"><ele>393.72</ele></trkpt>
            <trkpt lat="45.81054" lon="9.3775138"><ele>392.69</ele></trkpt>
            <trkpt lat="45.8105957" lon="9.3782474"><ele>390.81</ele></trkpt>
            <trkpt lat="45.8106236" lon="9.378376"><ele>390.48</ele></trkpt>
            <trkpt lat="45.8106705" lon="9.3785054"><ele>390.11</ele></trkpt>
            <trkpt lat="45.8107609" lon="9.3786595"><ele>389.62</ele></trkpt>
            <trkpt lat="45.8108637" lon="9.378779"><ele>389.14</ele></trkpt>
            <trkpt lat="45.8109803" lon="9.3788555"><ele>388.68</ele></trkpt>
            <trkpt lat="45.81114" lon="9.3789071"><ele>388.07</ele></trkpt>
            <trkpt lat="45.8112812" lon="9.3789153"><ele>387.53</ele></trkpt>
            <trkpt lat="45.8113656" lon="9.3788909"><ele>387.19</ele></trkpt>
            <trkpt lat="45.8114919" lon="9.3788206"><ele>386.64</ele></trkpt>
            <trkpt lat="45.8116158" lon="9.3787213"><ele>386.05</ele></trkpt>
            <trkpt lat="45.8117893" lon="9.3785283"><ele>385.09</ele></trkpt>
            <trkpt lat="45.8122632" lon="9.3778684"><ele>382.1</ele></trkpt>
            <trkpt lat="45.8124469" lon="9.377615"><ele>380.92</ele></trkpt>
            <trkpt lat="45.8125321" lon="9.3775383"><ele>380.46</ele></trkpt>
            <trkpt lat="45.8127378" lon="9.3774912"><ele>379.5</ele></trkpt>
            <trkpt lat="45.8131876" lon="9.3774503"><ele>377.47</ele></trkpt>
            <trkpt lat="45.8135215" lon="9.377508"><ele>376.03</ele></trkpt>
            <trkpt lat="45.8136161" lon="9.3775505"><ele>375.63</ele></trkpt>
            <trkpt lat="45.8137539" lon="9.3776477"><ele>375.04</ele></trkpt>
            <trkpt lat="45.8138029" lon="9.3776261"><ele>374.85</ele></trkpt>
            <trkpt lat="45.8138577" lon="9.3775325"><ele>374.55</ele></trkpt>
            <trkpt lat="45.813892" lon="9.3775088"><ele>374.42</ele></trkpt>
            <trkpt lat="45.8140673" lon="9.3775052"><ele>373.85</ele></trkpt>
            <trkpt lat="45.8143032" lon="9.3774997"><ele>373.16</ele></trkpt>
            <trkpt lat="45.814645" lon="9.37747"><ele>372.27</ele></trkpt>
            <trkpt lat="45.8147603" lon="9.377459"><ele>371.99</ele></trkpt>
            <trkpt lat="45.8152107" lon="9.3773143"><ele>370.96</ele></trkpt>
            <trkpt lat="45.8155628" lon="9.3771623"><ele>370.16</ele></trkpt>
            <trkpt lat="45.8160328" lon="9.3770674"><ele>369.09</ele></trkpt>
            <trkpt lat="45.8163658" lon="9.3770042"><ele>368.26</ele></trkpt>
            <trkpt lat="45.8164052" lon="9.3770122"><ele>368.15</ele></trkpt>
            <trkpt lat="45.8164614" lon="9.377057"><ele>367.97</ele></trkpt>
            <trkpt lat="45.8164963" lon="9.3771266"><ele>367.81</ele></trkpt>
            <trkpt lat="45.8166" lon="9.3775959"><ele>366.75</ele></trkpt>
            <trkpt lat="45.81668" lon="9.3779071"><ele>365.96</ele></trkpt>
            <trkpt lat="45.81676" lon="9.3782186"><ele>365.1</ele></trkpt>
            <trkpt lat="45.8168743" lon="9.3786886"><ele>363.7</ele></trkpt>
            <trkpt lat="45.8171157" lon="9.3797942"><ele>360.26</ele></trkpt>
            <trkpt lat="45.8172229" lon="9.3802571"><ele>358.81</ele></trkpt>
            <trkpt lat="45.8172943" lon="9.3805657"><ele>357.86</ele></trkpt>
            <trkpt lat="45.8174414" lon="9.3811807"><ele>356.02</ele></trkpt>
            <trkpt lat="45.8177014" lon="9.3822557"><ele>352.95</ele></trkpt>
            <trkpt lat="45.8178129" lon="9.3827165"><ele>351.72</ele></trkpt>
            <trkpt lat="45.8179287" lon="9.383178"><ele>350.55</ele></trkpt>
            <trkpt lat="45.8181199" lon="9.383926"><ele>348.75</ele></trkpt>
            <trkpt lat="45.8181835" lon="9.3841643"><ele>348.17</ele></trkpt>
            <trkpt lat="45.818261" lon="9.3843243"><ele>347.74</ele></trkpt>
            <trkpt lat="45.818337" lon="9.3844069"><ele>347.42</ele></trkpt>
            <trkpt lat="45.8185094" lon="9.3845155"><ele>346.8</ele></trkpt>
            <trkpt lat="45.8189465" lon="9.3847866"><ele>345.12</ele></trkpt>
            <trkpt lat="45.8191359" lon="9.3849374"><ele>344.27</ele></trkpt>
            <trkpt lat="45.8191981" lon="9.3850414"><ele>343.87</ele></trkpt>
            <trkpt lat="45.8192371" lon="9.3851529"><ele>343.48</ele></trkpt>
            <trkpt lat="45.819255" lon="9.3852861"><ele>343.04</ele></trkpt>
            <trkpt lat="45.8192495" lon="9.3854524"><ele>342.46</ele></trkpt>
            <trkpt lat="45.8192293" lon="9.3857678"><ele>341.27</ele></trkpt>
            <trkpt lat="45.819207" lon="9.3860579"><ele>340.07</ele></trkpt>
            <trkpt lat="45.8191811" lon="9.3863509"><ele>338.75</ele></trkpt>
            <trkpt lat="45.8191588" lon="9.3866033"><ele>337.54</ele></trkpt>
            <trkpt lat="45.8191262" lon="9.3869296"><ele>335.86</ele></trkpt>
            <trkpt lat="45.8190766" lon="9.3871341"><ele>334.72</ele></trkpt>
            <trkpt lat="45.8187383" lon="9.3878002"><ele>330.19</ele></trkpt>
            <trkpt lat="45.8186873" lon="9.3879569"><ele>329.23</ele></trkpt>
            <trkpt lat="45.8186547" lon="9.3881422"><ele>328.17</ele></trkpt>
            <trkpt lat="45.8185976" lon="9.3885955"><ele>325.62</ele></trkpt>
            <trkpt lat="45.8185424" lon="9.3890345"><ele>323.2</ele></trkpt>
            <trkpt lat="45.818489" lon="9.3894591"><ele>320.92</ele></trkpt>
            <trkpt lat="45.8184704" lon="9.3897724"><ele>319.3</ele></trkpt>
            <trkpt lat="45.8184874" lon="9.3899287"><ele>318.5</ele></trkpt>
            <trkpt lat="45.8185298" lon="9.3900352"><ele>317.89</ele></trkpt>
            <trkpt lat="45.8189897" lon="9.3907995"><ele>312.95</ele></trkpt>
            <trkpt lat="45.8191291" lon="9.3910583"><ele>311.36</ele></trkpt>
            <trkpt lat="45.8192677" lon="9.3913156"><ele>309.79</ele></trkpt>
            <trkpt lat="45.8193892" lon="9.3915434"><ele>308.4</ele></trkpt>
            <trkpt lat="45.8194958" lon="9.3918125"><ele>306.9</ele></trkpt>
            <trkpt lat="45.8195459" lon="9.3920729"><ele>305.6</ele></trkpt>
            <trkpt lat="45.8196133" lon="9.3924382"><ele>303.77</ele></trkpt>
            <trkpt lat="45.8196939" lon="9.3926871"><ele>302.44</ele></trkpt>
            <trkpt lat="45.8197541" lon="9.3928639"><ele>301.48</ele></trkpt>
            <trkpt lat="45.8198272" lon="9.3930261"><ele>300.54</ele></trkpt>
            <trkpt lat="45.8199225" lon="9.393153"><ele>299.63</ele></trkpt>
            <trkpt lat="45.8200307" lon="9.3932154"><ele>298.81</ele></trkpt>
            <trkpt lat="45.8201889" lon="9.3932265"><ele>297.69</ele></trkpt>
            <trkpt lat="45.8205143" lon="9.3931121"><ele>295.29</ele></trkpt>
            <trkpt lat="45.8206511" lon="9.3930444"><ele>294.24</ele></trkpt>
            <trkpt lat="45.820796" lon="9.392972"><ele>293.1</ele></trkpt>
            <trkpt lat="45.8208629" lon="9.3929385"><ele>292.56</ele></trkpt>
            <trkpt lat="45.8209804" lon="9.3928827"><ele>291.62</ele></trkpt>
            <trkpt lat="45.8210706" lon="9.3928568"><ele>290.91</ele></trkpt>
            <trkpt lat="45.8212651" lon="9.3928716"><ele>289.38</ele></trkpt>
            <trkpt lat="45.8214857" lon="9.3929166"><ele>287.61</ele></trkpt>
            <trkpt lat="45.8216036" lon="9.3929392"><ele>286.65</ele></trkpt>
            <trkpt lat="45.8219892" lon="9.3929386"><ele>283.55</ele></trkpt>
            <trkpt lat="45.8221866" lon="9.3929013"><ele>281.98</ele></trkpt>
            <trkpt lat="45.8224244" lon="9.3928833"><ele>280.15</ele></trkpt>
            <trkpt lat="45.8225389" lon="9.3928667"><ele>279.3</ele></trkpt>
            <trkpt lat="45.8227678" lon="9.3928333"><ele>277.66</ele></trkpt>
            <trkpt lat="45.8228822" lon="9.3928167"><ele>276.88</ele></trkpt>
            <trkpt lat="45.8231111" lon="9.3927833"><ele>275.4</ele></trkpt>
            <trkpt lat="45.8233419" lon="9.3927493"><ele>274.02</ele></trkpt>
            <trkpt lat="45.82365" lon="9.392685"><ele>272.31</ele></trkpt>
            <trkpt lat="45.8239641" lon="9.3926213"><ele>270.71</ele></trkpt>
            <trkpt lat="45.824705" lon="9.39253"><ele>267.2</ele></trkpt>
            <trkpt lat="45.8249233" lon="9.3925"><ele>266.15</ele></trkpt>
            <trkpt lat="45.8251417" lon="9.39247"><ele>265.08</ele></trkpt>
            <trkpt lat="45.8253605" lon="9.3924411"><ele>263.95</ele></trkpt>
            <trkpt lat="45.8255738" lon="9.3924569"><ele>262.81</ele></trkpt>
            <trkpt lat="45.8257877" lon="9.3924738"><ele>261.6</ele></trkpt>
            <trkpt lat="45.8261085" lon="9.3924992"><ele>259.68</ele></trkpt>
            <trkpt lat="45.8264292" lon="9.3925246"><ele>257.66</ele></trkpt>
            <trkpt lat="45.826752" lon="9.3925506"><ele>255.53</ele></trkpt>
            <trkpt lat="45.8270431" lon="9.3925933"><ele>253.55</ele></trkpt>
            <trkpt lat="45.8273415" lon="9.3927083"><ele>251.41</ele></trkpt>
            <trkpt lat="45.8274568" lon="9.3928045"><ele>250.48</ele></trkpt>
            <trkpt lat="45.8276025" lon="9.3931074"><ele>248.67</ele></trkpt>
            <trkpt lat="45.8276654" lon="9.3931842"><ele>248.09</ele></trkpt>
            <trkpt lat="45.8277545" lon="9.3932531"><ele>247.37</ele></trkpt>
            <trkpt lat="45.8278306" lon="9.3932785"><ele>246.82</ele></trkpt>
            <trkpt lat="45.8279949" lon="9.3932854"><ele>245.66</ele></trkpt>
            <trkpt lat="45.8284951" lon="9.3932994"><ele>242.09</ele></trkpt>
            <trkpt lat="45.828602" lon="9.393325"><ele>241.32</ele></trkpt>
            <trkpt lat="45.828809" lon="9.3934195"><ele>239.74</ele></trkpt>
            <trkpt lat="45.829052" lon="9.3935317"><ele>237.88</ele></trkpt>
            <trkpt lat="45.8293748" lon="9.3936807"><ele>235.36</ele></trkpt>
            <trkpt lat="45.8295905" lon="9.3937798"><ele>233.67</ele></trkpt>
            <trkpt lat="45.8298043" lon="9.39386"><ele>232.02</ele></trkpt>
            <trkpt lat="45.8306614" lon="9.39418"><ele>225.48</ele></trkpt>
            <trkpt lat="45.8309828" lon="9.3943"><ele>223.16</ele></trkpt>
            <trkpt lat="45.8311938" lon="9.3943671"><ele>221.77</ele></trkpt>
            <trkpt lat="45.8314018" lon="9.3944213"><ele>220.51</ele></trkpt>
            <trkpt lat="45.8316081" lon="9.3944752"><ele>219.38</ele></trkpt>
            <trkpt lat="45.8317537" lon="9.3945131"><ele>218.65</ele></trkpt>
            <trkpt lat="45.8320102" lon="9.3945754"><ele>217.52</ele></trkpt>
            <trkpt lat="45.8320995" lon="9.3945746"><ele>217.17</ele></trkpt>
            <trkpt lat="45.8321677" lon="9.3945514"><ele>216.91</ele></trkpt>
            <trkpt lat="45.832825" lon="9.3939794"><ele>214.39</ele></trkpt>
            <trkpt lat="45.8330187" lon="9.3938112"><ele>213.74</ele></trkpt>
            <trkpt lat="45.8331054" lon="9.3937719"><ele>213.5</ele></trkpt>
            <trkpt lat="45.8333857" lon="9.3937893"><ele>212.83</ele></trkpt>
            <trkpt lat="45.8335258" lon="9.3938331"><ele>212.52</ele></trkpt>
            <trkpt lat="45.8336012" lon="9.3938998"><ele>212.33</ele></trkpt>
            <trkpt lat="45.8338301" lon="9.3939198"><ele>211.6</ele></trkpt>
            <trkpt lat="45.83474" lon="9.3937325"><ele>210.08</ele></trkpt>
            <trkpt lat="45.8349155" lon="9.3937029"><ele>209.79</ele></trkpt>
            <trkpt lat="45.835104" lon="9.3936927"><ele>209.49</ele></trkpt>
            <trkpt lat="45.8354637" lon="9.3937696"><ele>208.92</ele></trkpt>
            <trkpt lat="45.8355535" lon="9.3938136"><ele>208.78</ele></trkpt>
            <trkpt lat="45.8356448" lon="9.3938948"><ele>208.62</ele></trkpt>
            <trkpt lat="45.835729" lon="9.3940108"><ele>208.45</ele></trkpt>
            <trkpt lat="45.8357914" lon="9.3941484"><ele>208.29</ele></trkpt>
            <trkpt lat="45.8358759" lon="9.3942005"><ele>208.16</ele></trkpt>
            <trkpt lat="45.8360317" lon="9.39414"><ele>207.95</ele></trkpt>
            <trkpt lat="45.8361791" lon="9.3941969"><ele>207.76</ele></trkpt>
            <trkpt lat="45.8365457" lon="9.3945843"><ele>207.27</ele></trkpt>
            <trkpt lat="45.8370597" lon="9.3950894"><ele>206.72</ele></trkpt>
            <trkpt lat="45.8372023" lon="9.3952062"><ele>206.61</ele></trkpt>
            <trkpt lat="45.8373426" lon="9.3952745"><ele>206.53</ele></trkpt>
            <trkpt lat="45.837512" lon="9.3953208"><ele>206.48</ele></trkpt>
            <trkpt lat="45.83775" lon="9.3953395"><ele>206.47</ele></trkpt>
            <trkpt lat="45.83911" lon="9.39528"><ele>206.75</ele></trkpt>
            <trkpt lat="45.83945" lon="9.395265"><ele>206.92</ele></trkpt>
            <trkpt lat="45.8399249" lon="9.39525"><ele>207.27</ele></trkpt>
            <trkpt lat="45.8403543" lon="9.3952795"><ele>207.67</ele></trkpt>
            <trkpt lat="45.8405347" lon="9.3953215"><ele>207.85</ele></trkpt>
            <trkpt lat="45.840823" lon="9.3954641"><ele>208.46</ele></trkpt>
            <trkpt lat="45.8410135" lon="9.3955729"><ele>208.61</ele></trkpt>
            <trkpt lat="45.8417729" lon="9.3962086"><ele>209.02</ele></trkpt>
            <trkpt lat="45.8419614" lon="9.3963743"><ele>209</ele></trkpt>
            <trkpt lat="45.8421473" lon="9.3965375"><ele>208.86</ele></trkpt>
            <trkpt lat="45.8422718" lon="9.3966331"><ele>208.69</ele></trkpt>
            <trkpt lat="45.8424475" lon="9.3967675"><ele>208.36</ele></trkpt>
            <trkpt lat="45.8426308" lon="9.3969057"><ele>207.91</ele></trkpt>
            <trkpt lat="45.842774" lon="9.3969718"><ele>207.51</ele></trkpt>
            <trkpt lat="45.842925" lon="9.3970027"><ele>207.05</ele></trkpt>
            <trkpt lat="45.8430755" lon="9.3969777"><ele>206.55</ele></trkpt>
            <trkpt lat="45.8433346" lon="9.3968716"><ele>205.58</ele></trkpt>
            <trkpt lat="45.843755" lon="9.396555"><ele>203.74</ele></trkpt>
            <trkpt lat="45.8439625" lon="9.3963975"><ele>202.84</ele></trkpt>
            <trkpt lat="45.84417" lon="9.3962399"><ele>201.96</ele></trkpt>
            <trkpt lat="45.8442729" lon="9.3961586"><ele>201.53</ele></trkpt>
            <trkpt lat="45.8444786" lon="9.3959957"><ele>200.72</ele></trkpt>
            <trkpt lat="45.8446843" lon="9.3958329"><ele>199.97</ele></trkpt>
            <trkpt lat="45.8448924" lon="9.3956666"><ele>199.26</ele></trkpt>
            <trkpt lat="45.8450463" lon="9.3955033"><ele>198.73</ele></trkpt>
            <trkpt lat="45.8451401" lon="9.3953749"><ele>198.4</ele></trkpt>
            <trkpt lat="45.845231" lon="9.3952475"><ele>198.08</ele></trkpt>
            <trkpt lat="45.8453695" lon="9.3950002"><ele>197.56</ele></trkpt>
            <trkpt lat="45.84563" lon="9.39446"><ele>196.54</ele></trkpt>
            <trkpt lat="45.8457601" lon="9.3941902"><ele>196.05</ele></trkpt>
            <trkpt lat="45.8458975" lon="9.3939275"><ele>195.57</ele></trkpt>
            <trkpt lat="45.8461038" lon="9.3935338"><ele>194.88</ele></trkpt>
            <trkpt lat="45.846585" lon="9.392615"><ele>193.39</ele></trkpt>
            <trkpt lat="45.8468587" lon="9.3920924"><ele>192.69</ele></trkpt>
            <trkpt lat="45.8470115" lon="9.3917764"><ele>192.38</ele></trkpt>
            <trkpt lat="45.8471846" lon="9.3913805"><ele>192.15</ele></trkpt>
            <trkpt lat="45.8473592" lon="9.390981"><ele>192.07</ele></trkpt>
            <trkpt lat="45.8474756" lon="9.3907147"><ele>192.1</ele></trkpt>
            <trkpt lat="45.8475984" lon="9.3904338"><ele>192.21</ele></trkpt>
            <trkpt lat="45.8477287" lon="9.3901274"><ele>192.39</ele></trkpt>
            <trkpt lat="45.8478372" lon="9.3898037"><ele>192.62</ele></trkpt>
            <trkpt lat="45.8479199" lon="9.3894756"><ele>192.86</ele></trkpt>
            <trkpt lat="45.8479751" lon="9.3890791"><ele>193.13</ele></trkpt>
            <trkpt lat="45.8479887" lon="9.3887683"><ele>193.31</ele></trkpt>
            <trkpt lat="45.8479861" lon="9.3884455"><ele>193.46</ele></trkpt>
            <trkpt lat="45.8479833" lon="9.388105"><ele>193.56</ele></trkpt>
            <trkpt lat="45.8479812" lon="9.3878342"><ele>193.6</ele></trkpt>
            <trkpt lat="45.8479957" lon="9.3876438"><ele>193.6</ele></trkpt>
            <trkpt lat="45.8480397" lon="9.3875096"><ele>193.59</ele></trkpt>
            <trkpt lat="45.848133" lon="9.3873347"><ele>193.55</ele></trkpt>
            <trkpt lat="45.8481599" lon="9.3872422"><ele>193.52</ele></trkpt>
            <trkpt lat="45.8481613" lon="9.387138"><ele>193.49</ele></trkpt>
            <trkpt lat="45.8481208" lon="9.3869716"><ele>193.43</ele></trkpt>
            <trkpt lat="45.848142" lon="9.3867765"><ele>193.35</ele></trkpt>
            <trkpt lat="45.8482048" lon="9.3866265"><ele>193.29</ele></trkpt>
            <trkpt lat="45.8483574" lon="9.3863276"><ele>193.14</ele></trkpt>
            <trkpt lat="45.8484574" lon="9.386048"><ele>193.05</ele></trkpt>
            <trkpt lat="45.8485506" lon="9.3857774"><ele>192.98</ele></trkpt>
            <trkpt lat="45.8486798" lon="9.3853079"><ele>192.96</ele></trkpt>
            <trkpt lat="45.8488267" lon="9.38439"><ele>193.13</ele></trkpt>
            <trkpt lat="45.8489013" lon="9.3839278"><ele>193.33</ele></trkpt>
            <trkpt lat="45.8489693" lon="9.3836651"><ele>193.52</ele></trkpt>
            <trkpt lat="45.8490905" lon="9.3833581"><ele>193.82</ele></trkpt>
            <trkpt lat="45.84924" lon="9.3829314"><ele>194.33</ele></trkpt>
            <trkpt lat="45.8496364" lon="9.3817782"><ele>195.93</ele></trkpt>
            <trkpt lat="45.8499805" lon="9.3807604"><ele>197.38</ele></trkpt>
            <trkpt lat="45.8503427" lon="9.3799418"><ele>198.53</ele></trkpt>
            <trkpt lat="45.8509473" lon="9.3785782"><ele>200.08</ele></trkpt>
            <trkpt lat="45.8511286" lon="9.3781691"><ele>200.35</ele></trkpt>
            <trkpt lat="45.8512493" lon="9.3778968"><ele>200.4</ele></trkpt>
            <trkpt lat="45.8513559" lon="9.3776452"><ele>200.33</ele></trkpt>
            <trkpt lat="45.8514532" lon="9.3774021"><ele>200.18</ele></trkpt>
            <trkpt lat="45.8515781" lon="9.3770697"><ele>199.84</ele></trkpt>
            <trkpt lat="45.8517931" lon="9.3767108"><ele>199.25</ele></trkpt>
            <trkpt lat="45.8519839" lon="9.3764092"><ele>198.65</ele></trkpt>
            <trkpt lat="45.8522151" lon="9.3758731"><ele>197.6</ele></trkpt>
            <trkpt lat="45.8523581" lon="9.3756359"><ele>197.08</ele></trkpt>
            <trkpt lat="45.852562" lon="9.3753944"><ele>196.45</ele></trkpt>
            <trkpt lat="45.8529737" lon="9.3750779"><ele>195.44</ele></trkpt>
            <trkpt lat="45.853175" lon="9.37496"><ele>195.03</ele></trkpt>
            <trkpt lat="45.8533813" lon="9.3748391"><ele>194.68</ele></trkpt>
            <trkpt lat="45.8535682" lon="9.3747245"><ele>194.42</ele></trkpt>
            <trkpt lat="45.8536749" lon="9.3746615"><ele>194.3</ele></trkpt>
            <trkpt lat="45.8539335" lon="9.3745451"><ele>194.08</ele></trkpt>
            <trkpt lat="45.8541826" lon="9.3745264"><ele>193.92</ele></trkpt>
            <trkpt lat="45.8545789" lon="9.374519"><ele>193.73</ele></trkpt>
            <trkpt lat="45.8548001" lon="9.3744666"><ele>193.61</ele></trkpt>
            <trkpt lat="45.8550248" lon="9.37443"><ele>193.48</ele></trkpt>
            <trkpt lat="45.8551428" lon="9.3744208"><ele>193.4</ele></trkpt>
            <trkpt lat="45.8553402" lon="9.3744333"><ele>193.24</ele></trkpt>
            <trkpt lat="45.855439" lon="9.3744407"><ele>193.15</ele></trkpt>
            <trkpt lat="45.8556458" lon="9.3744805"><ele>192.93</ele></trkpt>
            <trkpt lat="45.8557769" lon="9.3745063"><ele>192.79</ele></trkpt>
            <trkpt lat="45.8560728" lon="9.3745471"><ele>192.45</ele></trkpt>
            <trkpt lat="45.8562397" lon="9.3744724"><ele>192.26</ele></trkpt>
            <trkpt lat="45.8563671" lon="9.3743678"><ele>192.1</ele></trkpt>
            <trkpt lat="45.8564386" lon="9.3742758"><ele>192.01</ele></trkpt>
            <trkpt lat="45.8565376" lon="9.3740953"><ele>191.88</ele></trkpt>
            <trkpt lat="45.8566881" lon="9.3737985"><ele>191.73</ele></trkpt>
            <trkpt lat="45.856755" lon="9.3736665"><ele>191.69</ele></trkpt>
            <trkpt lat="45.8568916" lon="9.3733963"><ele>191.67</ele></trkpt>
            <trkpt lat="45.8571557" lon="9.3728344"><ele>191.83</ele></trkpt>
            <trkpt lat="45.8572837" lon="9.3725748"><ele>192.01</ele></trkpt>
            <trkpt lat="45.8574291" lon="9.3723929"><ele>192.23</ele></trkpt>
            <trkpt lat="45.8575999" lon="9.3721901"><ele>192.57</ele></trkpt>
            <trkpt lat="45.857865" lon="9.3718745"><ele>193.22</ele></trkpt>
            <trkpt lat="45.8579242" lon="9.3717806"><ele>193.41</ele></trkpt>
            <trkpt lat="45.8579659" lon="9.3716564"><ele>193.63</ele></trkpt>
            <trkpt lat="45.857986" lon="9.3715529"><ele>193.8</ele></trkpt>
            <trkpt lat="45.8579899" lon="9.371425"><ele>194.02</ele></trkpt>
            <trkpt lat="45.8579854" lon="9.3712974"><ele>194.25</ele></trkpt>
            <trkpt lat="45.8579587" lon="9.371184"><ele>194.47</ele></trkpt>
            <trkpt lat="45.8577555" lon="9.3706097"><ele>195.7</ele></trkpt>
            <trkpt lat="45.8577069" lon="9.3703483"><ele>196.22</ele></trkpt>
            <trkpt lat="45.8577169" lon="9.3700512"><ele>196.79</ele></trkpt>
            <trkpt lat="45.8577496" lon="9.3697101"><ele>197.45</ele></trkpt>
            <trkpt lat="45.8577767" lon="9.3693956"><ele>198.04</ele></trkpt>
            <trkpt lat="45.8578034" lon="9.3690811"><ele>198.62</ele></trkpt>
            <trkpt lat="45.857873" lon="9.3682517"><ele>200.13</ele></trkpt>
            <trkpt lat="45.8578657" lon="9.3680972"><ele>200.41</ele></trkpt>
            <trkpt lat="45.8578359" lon="9.3679976"><ele>200.61</ele></trkpt>
            <trkpt lat="45.8577474" lon="9.3678189"><ele>201.02</ele></trkpt>
            <trkpt lat="45.8575361" lon="9.3673924"><ele>202</ele></trkpt>
            <trkpt lat="45.8573708" lon="9.3670292"><ele>202.82</ele></trkpt>
            <trkpt lat="45.8573146" lon="9.3668383"><ele>203.22</ele></trkpt>
            <trkpt lat="45.8572964" lon="9.3666867"><ele>203.52</ele></trkpt>
            <trkpt lat="45.8573028" lon="9.3665413"><ele>203.8</ele></trkpt>
            <trkpt lat="45.8573655" lon="9.3663257"><ele>204.24</ele></trkpt>
            <trkpt lat="45.8575652" lon="9.3659412"><ele>205.14</ele></trkpt>
            <trkpt lat="45.857637" lon="9.3658603"><ele>205.37</ele></trkpt>
            <trkpt lat="45.8577633" lon="9.365834"><ele>205.69</ele></trkpt>
            <trkpt lat="45.8578835" lon="9.3658558"><ele>205.98</ele></trkpt>
            <trkpt lat="45.8579754" lon="9.3659564"><ele>206.25</ele></trkpt>
            <trkpt lat="45.8580555" lon="9.3661178"><ele>206.54</ele></trkpt>
            <trkpt lat="45.858106" lon="9.3661516"><ele>206.66</ele></trkpt>
            <trkpt lat="45.8581487" lon="9.3661503"><ele>206.74</ele></trkpt>
            <trkpt lat="45.8584769" lon="9.3658625"><ele>207.44</ele></trkpt>
            <trkpt lat="45.8585623" lon="9.3658134"><ele>207.59</ele></trkpt>
            <trkpt lat="45.8587275" lon="9.3657581"><ele>207.85</ele></trkpt>
            <trkpt lat="45.858979" lon="9.3656755"><ele>208.18</ele></trkpt>
            <trkpt lat="45.8590984" lon="9.365606"><ele>208.32</ele></trkpt>
            <trkpt lat="45.8592453" lon="9.3655142"><ele>208.48</ele></trkpt>
            <trkpt lat="45.8593663" lon="9.3654386"><ele>208.59</ele></trkpt>
            <trkpt lat="45.8594745" lon="9.365371"><ele>208.68</ele></trkpt>
            <trkpt lat="45.8595836" lon="9.3653028"><ele>208.75</ele></trkpt>
            <trkpt lat="45.8598018" lon="9.3651664"><ele>208.88</ele></trkpt>
            <trkpt lat="45.86002" lon="9.3650304"><ele>208.99</ele></trkpt>
            <trkpt lat="45.8603619" lon="9.3648597"><ele>209.12</ele></trkpt>
            <trkpt lat="45.8606651" lon="9.364755"><ele>209.21</ele></trkpt>
            <trkpt lat="45.8607571" lon="9.3647317"><ele>209.23</ele></trkpt>
            <trkpt lat="45.8609833" lon="9.3647156"><ele>209.29</ele></trkpt>
            <trkpt lat="45.8612067" lon="9.3647011"><ele>209.34</ele></trkpt>
            <trkpt lat="45.8613183" lon="9.3646939"><ele>209.36</ele></trkpt>
            <trkpt lat="45.8615417" lon="9.3646794"><ele>209.41</ele></trkpt>
            <trkpt lat="45.861765" lon="9.364665"><ele>209.45</ele></trkpt>
            <trkpt lat="45.8619883" lon="9.3646506"><ele>209.49</ele></trkpt>
            <trkpt lat="45.8622117" lon="9.3646361"><ele>209.54</ele></trkpt>
            <trkpt lat="45.8623233" lon="9.3646289"><ele>209.56</ele></trkpt>
            <trkpt lat="45.8625467" lon="9.3646144"><ele>209.6</ele></trkpt>
            <trkpt lat="45.8626583" lon="9.3646072"><ele>209.62</ele></trkpt>
            <trkpt lat="45.86288" lon="9.364585"><ele>209.66</ele></trkpt>
            <trkpt lat="45.86299" lon="9.3645692"><ele>209.68</ele></trkpt>
            <trkpt lat="45.8630975" lon="9.3645375"><ele>209.7</ele></trkpt>
            <trkpt lat="45.863205" lon="9.364505"><ele>209.72</ele></trkpt>
            <trkpt lat="45.8633123" lon="9.3644726"><ele>209.75</ele></trkpt>
            <trkpt lat="45.8634219" lon="9.3644381"><ele>209.77</ele></trkpt>
            <trkpt lat="45.8636072" lon="9.3643464"><ele>209.8</ele></trkpt>
            <trkpt lat="45.8641222" lon="9.3640467"><ele>209.91</ele></trkpt>
            <trkpt lat="45.8643333" lon="9.36392"><ele>209.95</ele></trkpt>
            <trkpt lat="45.8645448" lon="9.3637931"><ele>209.99</ele></trkpt>
            <trkpt lat="45.86477" lon="9.363645"><ele>210.04</ele></trkpt>
            <trkpt lat="45.8648922" lon="9.3635579"><ele>210.06</ele></trkpt>
            <trkpt lat="45.8650822" lon="9.3633942"><ele>210.11</ele></trkpt>
            <trkpt lat="45.8656588" lon="9.3628966"><ele>210.23</ele></trkpt>
            <trkpt lat="45.8660432" lon="9.3625649"><ele>210.32</ele></trkpt>
            <trkpt lat="45.8678691" lon="9.3609894"><ele>210.71</ele></trkpt>
            <trkpt lat="45.8681573" lon="9.3607406"><ele>210.78</ele></trkpt>
            <trkpt lat="45.8683495" lon="9.3605747"><ele>210.82</ele></trkpt>
            <trkpt lat="45.8685417" lon="9.3604089"><ele>210.86</ele></trkpt>
            <trkpt lat="45.8687339" lon="9.360243"><ele>210.9</ele></trkpt>
            <trkpt lat="45.8689247" lon="9.3600729"><ele>210.95</ele></trkpt>
            <trkpt lat="45.8691141" lon="9.3598988"><ele>210.99</ele></trkpt>
            <trkpt lat="45.8693035" lon="9.3597247"><ele>211.03</ele></trkpt>
            <trkpt lat="45.8696824" lon="9.3593765"><ele>211.11</ele></trkpt>
            <trkpt lat="45.8698718" lon="9.3592024"><ele>211.16</ele></trkpt>
            <trkpt lat="45.8699665" lon="9.3591153"><ele>211.18</ele></trkpt>
            <trkpt lat="45.8700612" lon="9.3590283"><ele>211.2</ele></trkpt>
            <trkpt lat="45.8701559" lon="9.3589412"><ele>211.22</ele></trkpt>
            <trkpt lat="45.8702506" lon="9.3588541"><ele>211.24</ele></trkpt>
            <trkpt lat="45.8703456" lon="9.3587668"><ele>211.26</ele></trkpt>
            <trkpt lat="45.870438" lon="9.3586822"><ele>211.28</ele></trkpt>
            <trkpt lat="45.87056" lon="9.3586"><ele>211.31</ele></trkpt>
            <trkpt lat="45.8706821" lon="9.3585192"><ele>211.33</ele></trkpt>
            <trkpt lat="45.8707876" lon="9.3584644"><ele>211.35</ele></trkpt>
            <trkpt lat="45.8708957" lon="9.3584086"><ele>211.37</ele></trkpt>
            <trkpt lat="45.8710036" lon="9.3583529"><ele>211.39</ele></trkpt>
            <trkpt lat="45.8711114" lon="9.3582971"><ele>211.41</ele></trkpt>
            <trkpt lat="45.8713271" lon="9.3581857"><ele>211.45</ele></trkpt>
            <trkpt lat="45.8718664" lon="9.3579072"><ele>211.53</ele></trkpt>
            <trkpt lat="45.8720821" lon="9.3577958"><ele>211.56</ele></trkpt>
            <trkpt lat="45.8721904" lon="9.3577394"><ele>211.57</ele></trkpt>
            <trkpt lat="45.8722924" lon="9.3576775"><ele>211.58</ele></trkpt>
            <trkpt lat="45.872395" lon="9.357615"><ele>211.59</ele></trkpt>
            <trkpt lat="45.8724983" lon="9.357552"><ele>211.59</ele></trkpt>
            <trkpt lat="45.8725966" lon="9.3574919"><ele>211.59</ele></trkpt>
            <trkpt lat="45.8727287" lon="9.3573778"><ele>211.59</ele></trkpt>
            <trkpt lat="45.8728518" lon="9.3572496"><ele>211.58</ele></trkpt>
            <trkpt lat="45.8729471" lon="9.3571335"><ele>211.57</ele></trkpt>
            <trkpt lat="45.8730368" lon="9.3570088"><ele>211.56</ele></trkpt>
            <trkpt lat="45.8731403" lon="9.3568408"><ele>211.54</ele></trkpt>
            <trkpt lat="45.8732362" lon="9.3566543"><ele>211.51</ele></trkpt>
            <trkpt lat="45.873279" lon="9.3565533"><ele>211.49</ele></trkpt>
            <trkpt lat="45.8733331" lon="9.3564221"><ele>211.46</ele></trkpt>
            <trkpt lat="45.8733627" lon="9.3563387"><ele>211.44</ele></trkpt>
            <trkpt lat="45.8734176" lon="9.3561619"><ele>211.4</ele></trkpt>
            <trkpt lat="45.8734569" lon="9.3559994"><ele>211.36</ele></trkpt>
            <trkpt lat="45.8734798" lon="9.3558167"><ele>211.31</ele></trkpt>
            <trkpt lat="45.8734935" lon="9.3556902"><ele>211.27</ele></trkpt>
            <trkpt lat="45.8735232" lon="9.3554157"><ele>211.18</ele></trkpt>
            <trkpt lat="45.8735397" lon="9.355263"><ele>211.13</ele></trkpt>
            <trkpt lat="45.8735564" lon="9.3551084"><ele>211.07</ele></trkpt>
            <trkpt lat="45.8735731" lon="9.3549537"><ele>211.01</ele></trkpt>
            <trkpt lat="45.8736066" lon="9.3546443"><ele>210.89</ele></trkpt>
            <trkpt lat="45.87364" lon="9.354335"><ele>210.76</ele></trkpt>
            <trkpt lat="45.8737236" lon="9.3535617"><ele>210.41</ele></trkpt>
            <trkpt lat="45.8737754" lon="9.3530822"><ele>210.19</ele></trkpt>
            <trkpt lat="45.8738236" lon="9.3526714"><ele>210</ele></trkpt>
            <trkpt lat="45.8739172" lon="9.3523158"><ele>209.82</ele></trkpt>
            <trkpt lat="45.8740577" lon="9.3518037"><ele>209.55</ele></trkpt>
            <trkpt lat="45.874185" lon="9.35134"><ele>209.31</ele></trkpt>
            <trkpt lat="45.8742698" lon="9.3510309"><ele>209.15</ele></trkpt>
            <trkpt lat="45.8743123" lon="9.3508763"><ele>209.07</ele></trkpt>
            <trkpt lat="45.8743547" lon="9.3507217"><ele>208.99</ele></trkpt>
            <trkpt lat="45.8743966" lon="9.3505689"><ele>208.91</ele></trkpt>
            <trkpt lat="45.8744441" lon="9.3503961"><ele>208.82</ele></trkpt>
            <trkpt lat="45.8744682" lon="9.3503083"><ele>208.78</ele></trkpt>
            <trkpt lat="45.8744998" lon="9.3501931"><ele>208.72</ele></trkpt>
            <trkpt lat="45.8745417" lon="9.350048"><ele>208.64</ele></trkpt>
            <trkpt lat="45.8745842" lon="9.3499484"><ele>208.58</ele></trkpt>
            <trkpt lat="45.8746512" lon="9.3498233"><ele>208.51</ele></trkpt>
            <trkpt lat="45.8747171" lon="9.3497017"><ele>208.43</ele></trkpt>
            <trkpt lat="45.8748043" lon="9.3495407"><ele>208.33</ele></trkpt>
            <trkpt lat="45.8748716" lon="9.3494162"><ele>208.26</ele></trkpt>
            <trkpt lat="45.8749399" lon="9.34929"><ele>208.18</ele></trkpt>
            <trkpt lat="45.8750082" lon="9.3491638"><ele>208.1</ele></trkpt>
            <trkpt lat="45.8751447" lon="9.3489114"><ele>207.95</ele></trkpt>
            <trkpt lat="45.8753495" lon="9.3485329"><ele>207.71</ele></trkpt>
            <trkpt lat="45.8756226" lon="9.3480281"><ele>207.41</ele></trkpt>
            <trkpt lat="45.8800597" lon="9.3398256"><ele>202.37</ele></trkpt>
            <trkpt lat="45.8804011" lon="9.3391946"><ele>201.98</ele></trkpt>
            <trkpt lat="45.8806059" lon="9.3388161"><ele>201.75</ele></trkpt>
            <trkpt lat="45.8807424" lon="9.3385637"><ele>201.59</ele></trkpt>
            <trkpt lat="45.8808106" lon="9.3384375"><ele>201.52</ele></trkpt>
            <trkpt lat="45.8809472" lon="9.3381851"><ele>201.36</ele></trkpt>
            <trkpt lat="45.8810154" lon="9.3380589"><ele>201.28</ele></trkpt>
            <trkpt lat="45.8810837" lon="9.3379327"><ele>201.21</ele></trkpt>
            <trkpt lat="45.881152" lon="9.3378064"><ele>201.13</ele></trkpt>
            <trkpt lat="45.8812197" lon="9.3376797"><ele>201.05</ele></trkpt>
            <trkpt lat="45.8812808" lon="9.3375458"><ele>200.97</ele></trkpt>
            <trkpt lat="45.8813416" lon="9.3374117"><ele>200.9</ele></trkpt>
            <trkpt lat="45.8814024" lon="9.3372775"><ele>200.82</ele></trkpt>
            <trkpt lat="45.8814632" lon="9.3371434"><ele>200.74</ele></trkpt>
            <trkpt lat="45.881524" lon="9.3370092"><ele>200.66</ele></trkpt>
            <trkpt lat="45.8815848" lon="9.3368751"><ele>200.59</ele></trkpt>
            <trkpt lat="45.8817064" lon="9.3366068"><ele>200.43</ele></trkpt>
            <trkpt lat="45.8818279" lon="9.3363384"><ele>200.28</ele></trkpt>
            <trkpt lat="45.8820103" lon="9.335936"><ele>200.04</ele></trkpt>
            <trkpt lat="45.883591" lon="9.3324478"><ele>198.05</ele></trkpt>
            <trkpt lat="45.8837126" lon="9.3321795"><ele>197.9</ele></trkpt>
            <trkpt lat="45.8838341" lon="9.3319112"><ele>197.76</ele></trkpt>
            <trkpt lat="45.8839618" lon="9.3316292"><ele>197.62</ele></trkpt>
            <trkpt lat="45.8840382" lon="9.3314606"><ele>197.54</ele></trkpt>
            <trkpt lat="45.8841077" lon="9.3313018"><ele>197.47</ele></trkpt>
            <trkpt lat="45.8841722" lon="9.331092"><ele>197.39</ele></trkpt>
            <trkpt lat="45.8842176" lon="9.3308995"><ele>197.32</ele></trkpt>
            <trkpt lat="45.8842372" lon="9.3306938"><ele>197.25</ele></trkpt>
            <trkpt lat="45.8842347" lon="9.3304545"><ele>197.17</ele></trkpt>
            <trkpt lat="45.884231" lon="9.3302872"><ele>197.12</ele></trkpt>
            <trkpt lat="45.8842274" lon="9.3301181"><ele>197.06</ele></trkpt>
            <trkpt lat="45.8842237" lon="9.3299492"><ele>197</ele></trkpt>
            <trkpt lat="45.8842207" lon="9.3297784"><ele>196.95</ele></trkpt>
            <trkpt lat="45.8842462" lon="9.3294646"><ele>196.83</ele></trkpt>
            <trkpt lat="45.8843246" lon="9.3285185"><ele>196.45</ele></trkpt>
            <trkpt lat="45.8843508" lon="9.3282031"><ele>196.3</ele></trkpt>
            <trkpt lat="45.8843769" lon="9.3278876"><ele>196.13</ele></trkpt>
            <trkpt lat="45.8843901" lon="9.3277309"><ele>196.05</ele></trkpt>
            <trkpt lat="45.884426" lon="9.327406"><ele>195.85</ele></trkpt>
            <trkpt lat="45.884462" lon="9.3270819"><ele>195.66</ele></trkpt>
            <trkpt lat="45.8845911" lon="9.3262667"><ele>195.21</ele></trkpt>
            <trkpt lat="45.8846467" lon="9.32594"><ele>195.09</ele></trkpt>
            <trkpt lat="45.8846744" lon="9.3257767"><ele>195.06</ele></trkpt>
            <trkpt lat="45.8847311" lon="9.3254465"><ele>195.05</ele></trkpt>
            <trkpt lat="45.8847615" lon="9.325311"><ele>195.08</ele></trkpt>
            <trkpt lat="45.8848244" lon="9.3250339"><ele>195.18</ele></trkpt>
            <trkpt lat="45.884877" lon="9.3248017"><ele>195.33</ele></trkpt>
            <trkpt lat="45.8849676" lon="9.3244554"><ele>195.64</ele></trkpt>
            <trkpt lat="45.8850924" lon="9.3242536"><ele>195.93</ele></trkpt>
            <trkpt lat="45.8852798" lon="9.3240148"><ele>196.41</ele></trkpt>
            <trkpt lat="45.8853727" lon="9.3239057"><ele>196.67</ele></trkpt>
            <trkpt lat="45.8855062" lon="9.3238066"><ele>197.02</ele></trkpt>
            <trkpt lat="45.8860046" lon="9.3234646"><ele>198.45</ele></trkpt>
            <trkpt lat="45.8861202" lon="9.3233643"><ele>198.82</ele></trkpt>
            <trkpt lat="45.8862114" lon="9.3231981"><ele>199.24</ele></trkpt>
            <trkpt lat="45.8863959" lon="9.3227284"><ele>200.34</ele></trkpt>
            <trkpt lat="45.8864832" lon="9.3225474"><ele>200.79</ele></trkpt>
            <trkpt lat="45.8865674" lon="9.322435"><ele>201.13</ele></trkpt>
            <trkpt lat="45.8867569" lon="9.3222549"><ele>201.77</ele></trkpt>
            <trkpt lat="45.8869477" lon="9.3219688"><ele>202.49</ele></trkpt>
            <trkpt lat="45.8870848" lon="9.3217765"><ele>202.92</ele></trkpt>
            <trkpt lat="45.8872184" lon="9.3216405"><ele>203.23</ele></trkpt>
            <trkpt lat="45.8873027" lon="9.321536"><ele>203.39</ele></trkpt>
            <trkpt lat="45.8873972" lon="9.3213681"><ele>203.56</ele></trkpt>
            <trkpt lat="45.8874995" lon="9.3210914"><ele>203.68</ele></trkpt>
            <trkpt lat="45.8875762" lon="9.3208946"><ele>203.66</ele></trkpt>
            <trkpt lat="45.8876825" lon="9.3206723"><ele>203.52</ele></trkpt>
            <trkpt lat="45.8877698" lon="9.3205366"><ele>203.34</ele></trkpt>
            <trkpt lat="45.8878594" lon="9.3204034"><ele>203.09</ele></trkpt>
            <trkpt lat="45.8879458" lon="9.3202751"><ele>202.79</ele></trkpt>
            <trkpt lat="45.8880315" lon="9.3201533"><ele>202.44</ele></trkpt>
            <trkpt lat="45.8881" lon="9.3200752"><ele>202.15</ele></trkpt>
            <trkpt lat="45.8881718" lon="9.3200035"><ele>201.84</ele></trkpt>
            <trkpt lat="45.8882748" lon="9.3199259"><ele>201.39</ele></trkpt>
            <trkpt lat="45.8885536" lon="9.3197313"><ele>200.06</ele></trkpt>
            <trkpt lat="45.8887" lon="9.319675"><ele>199.38</ele></trkpt>
            <trkpt lat="45.8888374" lon="9.3196211"><ele>198.73</ele></trkpt>
            <trkpt lat="45.888979" lon="9.3194894"><ele>197.96</ele></trkpt>
            <trkpt lat="45.8891304" lon="9.3193039"><ele>197.08</ele></trkpt>
            <trkpt lat="45.8892822" lon="9.3191175"><ele>196.26</ele></trkpt>
            <trkpt lat="45.8894933" lon="9.318843"><ele>195.22</ele></trkpt>
            <trkpt lat="45.8896669" lon="9.3183743"><ele>194.13</ele></trkpt>
            <trkpt lat="45.8897635" lon="9.3182172"><ele>193.81</ele></trkpt>
            <trkpt lat="45.8899911" lon="9.3180565"><ele>193.42</ele></trkpt>
            <trkpt lat="45.8902705" lon="9.3178792"><ele>193.23</ele></trkpt>
            <trkpt lat="45.8905915" lon="9.3176379"><ele>193.32</ele></trkpt>
            <trkpt lat="45.8906986" lon="9.3175262"><ele>193.45</ele></trkpt>
            <trkpt lat="45.8907766" lon="9.3173905"><ele>193.6</ele></trkpt>
            <trkpt lat="45.8909135" lon="9.3170913"><ele>194.04</ele></trkpt>
            <trkpt lat="45.8909724" lon="9.3169622"><ele>194.26</ele></trkpt>
            <trkpt lat="45.8910298" lon="9.3168333"><ele>194.49</ele></trkpt>
            <trkpt lat="45.8910621" lon="9.3167174"><ele>194.7</ele></trkpt>
            <trkpt lat="45.8910771" lon="9.3165641"><ele>194.95</ele></trkpt>
            <trkpt lat="45.8911138" lon="9.3159413"><ele>195.99</ele></trkpt>
            <trkpt lat="45.8911195" lon="9.3157802"><ele>196.23</ele></trkpt>
            <trkpt lat="45.8911223" lon="9.3156203"><ele>196.45</ele></trkpt>
            <trkpt lat="45.8911433" lon="9.3154988"><ele>196.59</ele></trkpt>
            <trkpt lat="45.891186" lon="9.3153939"><ele>196.71</ele></trkpt>
            <trkpt lat="45.8912344" lon="9.3153172"><ele>196.8</ele></trkpt>
            <trkpt lat="45.8913145" lon="9.3152434"><ele>196.89</ele></trkpt>
            <trkpt lat="45.8914265" lon="9.3151975"><ele>196.97</ele></trkpt>
            <trkpt lat="45.8915424" lon="9.3151857"><ele>197.01</ele></trkpt>
            <trkpt lat="45.8916386" lon="9.3151772"><ele>197.01</ele></trkpt>
            <trkpt lat="45.891808" lon="9.3151622"><ele>196.97</ele></trkpt>
            <trkpt lat="45.8919329" lon="9.3151512"><ele>196.9</ele></trkpt>
            <trkpt lat="45.8920725" lon="9.3151352"><ele>196.79</ele></trkpt>
            <trkpt lat="45.89227" lon="9.3150549"><ele>196.6</ele></trkpt>
            <trkpt lat="45.8923973" lon="9.314979"><ele>196.47</ele></trkpt>
            <trkpt lat="45.8925101" lon="9.3148888"><ele>196.35</ele></trkpt>
            <trkpt lat="45.8925847" lon="9.3148286"><ele>196.28</ele></trkpt>
            <trkpt lat="45.8926687" lon="9.3147609"><ele>196.21</ele></trkpt>
            <trkpt lat="45.8927457" lon="9.3146988"><ele>196.16</ele></trkpt>
            <trkpt lat="45.8928249" lon="9.3146348"><ele>196.12</ele></trkpt>
            <trkpt lat="45.8929027" lon="9.3145694"><ele>196.09</ele></trkpt>
            <trkpt lat="45.893025" lon="9.3144128"><ele>196.08</ele></trkpt>
            <trkpt lat="45.8931025" lon="9.3142562"><ele>196.11</ele></trkpt>
            <trkpt lat="45.893193" lon="9.3140544"><ele>196.2</ele></trkpt>
            <trkpt lat="45.8933917" lon="9.3137815"><ele>196.45</ele></trkpt>
            <trkpt lat="45.8935695" lon="9.3136094"><ele>196.72</ele></trkpt>
            <trkpt lat="45.8936766" lon="9.313507"><ele>196.9</ele></trkpt>
            <trkpt lat="45.8937844" lon="9.313405"><ele>197.11</ele></trkpt>
            <trkpt lat="45.8938953" lon="9.3133238"><ele>197.32</ele></trkpt>
            <trkpt lat="45.8940517" lon="9.3132274"><ele>197.62</ele></trkpt>
            <trkpt lat="45.8942109" lon="9.313134"><ele>197.93</ele></trkpt>
            <trkpt lat="45.8943572" lon="9.3130921"><ele>198.21</ele></trkpt>
            <trkpt lat="45.8945652" lon="9.3130821"><ele>198.58</ele></trkpt>
            <trkpt lat="45.8946669" lon="9.3130501"><ele>198.76</ele></trkpt>
            <trkpt lat="45.8948847" lon="9.3129064"><ele>199.17</ele></trkpt>
            <trkpt lat="45.8951051" lon="9.3127089"><ele>199.57</ele></trkpt>
            <trkpt lat="45.895202" lon="9.3126216"><ele>199.73</ele></trkpt>
            <trkpt lat="45.8953957" lon="9.3124468"><ele>200.02</ele></trkpt>
            <trkpt lat="45.8958805" lon="9.31201"><ele>200.59</ele></trkpt>
            <trkpt lat="45.8963699" lon="9.3116198"><ele>200.92</ele></trkpt>
            <trkpt lat="45.896854" lon="9.3111971"><ele>200.96</ele></trkpt>
            <trkpt lat="45.8970145" lon="9.3110668"><ele>200.88</ele></trkpt>
            <trkpt lat="45.8971308" lon="9.3109727"><ele>200.77</ele></trkpt>
            <trkpt lat="45.8972398" lon="9.3108885"><ele>200.63</ele></trkpt>
            <trkpt lat="45.8973243" lon="9.3108586"><ele>200.51</ele></trkpt>
            <trkpt lat="45.8974324" lon="9.3108525"><ele>200.35</ele></trkpt>
            <trkpt lat="45.8977035" lon="9.3108735"><ele>199.86</ele></trkpt>
            <trkpt lat="45.8979626" lon="9.3108945"><ele>199.34</ele></trkpt>
            <trkpt lat="45.8980782" lon="9.3108651"><ele>199.1</ele></trkpt>
            <trkpt lat="45.8981719" lon="9.3107929"><ele>198.89</ele></trkpt>
            <trkpt lat="45.8982737" lon="9.3106814"><ele>198.65</ele></trkpt>
            <trkpt lat="45.898342" lon="9.3106055"><ele>198.5</ele></trkpt>
            <trkpt lat="45.8984286" lon="9.3104952"><ele>198.32</ele></trkpt>
            <trkpt lat="45.898481" lon="9.3103885"><ele>198.19</ele></trkpt>
            <trkpt lat="45.8985244" lon="9.3102221"><ele>198.04</ele></trkpt>
            <trkpt lat="45.8986041" lon="9.3095723"><ele>197.69</ele></trkpt>
            <trkpt lat="45.898655" lon="9.3092598"><ele>197.67</ele></trkpt>
            <trkpt lat="45.8986912" lon="9.3090774"><ele>197.72</ele></trkpt>
            <trkpt lat="45.8989367" lon="9.3083267"><ele>198.31</ele></trkpt>
            <trkpt lat="45.8989958" lon="9.3081461"><ele>198.53</ele></trkpt>
            <trkpt lat="45.8990631" lon="9.3079527"><ele>198.82</ele></trkpt>
            <trkpt lat="45.8991752" lon="9.3077336"><ele>199.26</ele></trkpt>
            <trkpt lat="45.8993089" lon="9.3074826"><ele>199.85</ele></trkpt>
            <trkpt lat="45.8994376" lon="9.3072409"><ele>200.46</ele></trkpt>
            <trkpt lat="45.8996311" lon="9.3068774"><ele>201.4</ele></trkpt>
            <trkpt lat="45.8997405" lon="9.3066721"><ele>201.91</ele></trkpt>
            <trkpt lat="45.8998113" lon="9.306539"><ele>202.22</ele></trkpt>
            <trkpt lat="45.8998827" lon="9.3064137"><ele>202.49</ele></trkpt>
            <trkpt lat="45.9000256" lon="9.3062359"><ele>202.9</ele></trkpt>
            <trkpt lat="45.9001892" lon="9.3060403"><ele>203.25</ele></trkpt>
            <trkpt lat="45.9002639" lon="9.3059509"><ele>203.38</ele></trkpt>
            <trkpt lat="45.9003388" lon="9.3058594"><ele>203.48</ele></trkpt>
            <trkpt lat="45.9005391" lon="9.3055291"><ele>203.65</ele></trkpt>
            <trkpt lat="45.9008093" lon="9.3049134"><ele>203.65</ele></trkpt>
            <trkpt lat="45.9011082" lon="9.3044118"><ele>203.45</ele></trkpt>
            <trkpt lat="45.9014809" lon="9.3037891"><ele>203.06</ele></trkpt>
            <trkpt lat="45.9016303" lon="9.3035378"><ele>202.9</ele></trkpt>
            <trkpt lat="45.9018025" lon="9.3031538"><ele>202.71</ele></trkpt>
            <trkpt lat="45.9019175" lon="9.3028963"><ele>202.61</ele></trkpt>
            <trkpt lat="45.9020327" lon="9.3026382"><ele>202.53</ele></trkpt>
            <trkpt lat="45.902163" lon="9.302367"><ele>202.49</ele></trkpt>
            <trkpt lat="45.902389" lon="9.3019246"><ele>202.49</ele></trkpt>
            <trkpt lat="45.9024842" lon="9.3017384"><ele>202.51</ele></trkpt>
            <trkpt lat="45.9025778" lon="9.3015694"><ele>202.55</ele></trkpt>
            <trkpt lat="45.9027135" lon="9.3013978"><ele>202.6</ele></trkpt>
            <trkpt lat="45.9028719" lon="9.3013045"><ele>202.66</ele></trkpt>
            <trkpt lat="45.9032845" lon="9.3011624"><ele>202.85</ele></trkpt>
            <trkpt lat="45.9034845" lon="9.3010856"><ele>202.95</ele></trkpt>
            <trkpt lat="45.9035872" lon="9.3010419"><ele>203.01</ele></trkpt>
            <trkpt lat="45.9037772" lon="9.3009574"><ele>203.12</ele></trkpt>
            <trkpt lat="45.9039993" lon="9.3007957"><ele>203.26</ele></trkpt>
            <trkpt lat="45.9043801" lon="9.3003737"><ele>203.54</ele></trkpt>
            <trkpt lat="45.9046612" lon="9.3000621"><ele>203.73</ele></trkpt>
            <trkpt lat="45.9048922" lon="9.2998581"><ele>203.85</ele></trkpt>
            <trkpt lat="45.9053991" lon="9.2996855"><ele>204.03</ele></trkpt>
            <trkpt lat="45.9055907" lon="9.2995652"><ele>204.06</ele></trkpt>
            <trkpt lat="45.9066175" lon="9.2986306"><ele>203.96</ele></trkpt>
            <trkpt lat="45.9072813" lon="9.2980237"><ele>203.58</ele></trkpt>
            <trkpt lat="45.9077555" lon="9.2975902"><ele>203.05</ele></trkpt>
            <trkpt lat="45.90814" lon="9.297246"><ele>202.43</ele></trkpt>
            <trkpt lat="45.9084399" lon="9.2969941"><ele>201.84</ele></trkpt>
            <trkpt lat="45.9086326" lon="9.2968226"><ele>201.4</ele></trkpt>
            <trkpt lat="45.9088275" lon="9.2966388"><ele>200.92</ele></trkpt>
            <trkpt lat="45.9090676" lon="9.2964057"><ele>200.31</ele></trkpt>
            <trkpt lat="45.909168" lon="9.2962578"><ele>200.02</ele></trkpt>
            <trkpt lat="45.9093802" lon="9.2958318"><ele>199.34</ele></trkpt>
            <trkpt lat="45.9094901" lon="9.2955697"><ele>199.01</ele></trkpt>
            <trkpt lat="45.9096043" lon="9.295295"><ele>198.75</ele></trkpt>
            <trkpt lat="45.9098194" lon="9.2948455"><ele>198.47</ele></trkpt>
            <trkpt lat="45.9099498" lon="9.2946672"><ele>198.43</ele></trkpt>
            <trkpt lat="45.9103648" lon="9.2943294"><ele>198.55</ele></trkpt>
            <trkpt lat="45.9106311" lon="9.2941442"><ele>198.77</ele></trkpt>
            <trkpt lat="45.910909" lon="9.2940284"><ele>199.11</ele></trkpt>
            <trkpt lat="45.9111261" lon="9.2939568"><ele>199.44</ele></trkpt>
            <trkpt lat="45.9115109" lon="9.2938906"><ele>200.09</ele></trkpt>
            <trkpt lat="45.9117288" lon="9.2938684"><ele>200.47</ele></trkpt>
            <trkpt lat="45.9119088" lon="9.2938437"><ele>200.78</ele></trkpt>
            <trkpt lat="45.9120971" lon="9.2937346"><ele>201.12</ele></trkpt>
            <trkpt lat="45.9124067" lon="9.2935267"><ele>201.63</ele></trkpt>
            <trkpt lat="45.9127967" lon="9.2932822"><ele>202.16</ele></trkpt>
            <trkpt lat="45.9132587" lon="9.2930507"><ele>202.67</ele></trkpt>
            <trkpt lat="45.9134251" lon="9.292991"><ele>202.81</ele></trkpt>
            <trkpt lat="45.9138328" lon="9.2929011"><ele>203.1</ele></trkpt>
            <trkpt lat="45.9139934" lon="9.2928913"><ele>203.19</ele></trkpt>
            <trkpt lat="45.9144764" lon="9.2929793"><ele>203.47</ele></trkpt>
            <trkpt lat="45.9146761" lon="9.2929791"><ele>203.6</ele></trkpt>
            <trkpt lat="45.9148022" lon="9.2929599"><ele>203.69</ele></trkpt>
            <trkpt lat="45.9150212" lon="9.2928893"><ele>203.88</ele></trkpt>
            <trkpt lat="45.9156186" lon="9.2925894"><ele>204.51</ele></trkpt>
            <trkpt lat="45.9160055" lon="9.2922809"><ele>205.05</ele></trkpt>
            <trkpt lat="45.9165837" lon="9.2918172"><ele>206.03</ele></trkpt>
            <trkpt lat="45.9167691" lon="9.2916424"><ele>206.4</ele></trkpt>
            <trkpt lat="45.9169047" lon="9.2914939"><ele>206.71</ele></trkpt>
            <trkpt lat="45.9170967" lon="9.2912753"><ele>207.18</ele></trkpt>
            <trkpt lat="45.9174822" lon="9.2905632"><ele>208.5</ele></trkpt>
            <trkpt lat="45.917698" lon="9.2902869"><ele>209.11</ele></trkpt>
            <trkpt lat="45.9179026" lon="9.2900894"><ele>209.65</ele></trkpt>
            <trkpt lat="45.9181758" lon="9.2899123"><ele>210.29</ele></trkpt>
            <trkpt lat="45.9186618" lon="9.2894758"><ele>211.49</ele></trkpt>
            <trkpt lat="45.9188494" lon="9.2893846"><ele>211.88</ele></trkpt>
            <trkpt lat="45.919036" lon="9.2893215"><ele>212.23</ele></trkpt>
            <trkpt lat="45.919423" lon="9.289229"><ele>212.87</ele></trkpt>
            <trkpt lat="45.9198505" lon="9.2891015"><ele>213.42</ele></trkpt>
            <trkpt lat="45.9200764" lon="9.2890114"><ele>213.59</ele></trkpt>
            <trkpt lat="45.920199" lon="9.2889259"><ele>213.62</ele></trkpt>
            <trkpt lat="45.9208371" lon="9.2883358"><ele>213.31</ele></trkpt>
            <trkpt lat="45.9210185" lon="9.2881679"><ele>212.99</ele></trkpt>
            <trkpt lat="45.9212016" lon="9.2879998"><ele>212.46</ele></trkpt>
            <trkpt lat="45.9213758" lon="9.2878734"><ele>211.8</ele></trkpt>
            <trkpt lat="45.9215067" lon="9.2878085"><ele>211.22</ele></trkpt>
            <trkpt lat="45.9216645" lon="9.2877318"><ele>210.41</ele></trkpt>
            <trkpt lat="45.9217676" lon="9.2876823"><ele>209.82</ele></trkpt>
            <trkpt lat="45.9218822" lon="9.2876292"><ele>209.13</ele></trkpt>
            <trkpt lat="45.9220324" lon="9.2875936"><ele>208.19</ele></trkpt>
            <trkpt lat="45.9221833" lon="9.2875715"><ele>207.21</ele></trkpt>
            <trkpt lat="45.922334" lon="9.2875507"><ele>206.21</ele></trkpt>
            <trkpt lat="45.9226378" lon="9.2875577"><ele>204.24</ele></trkpt>
            <trkpt lat="45.9227427" lon="9.2875465"><ele>203.59</ele></trkpt>
            <trkpt lat="45.9228339" lon="9.2875072"><ele>203.03</ele></trkpt>
            <trkpt lat="45.9229445" lon="9.2874373"><ele>202.38</ele></trkpt>
            <trkpt lat="45.923146" lon="9.2872791"><ele>201.3</ele></trkpt>
            <trkpt lat="45.9232393" lon="9.2871999"><ele>200.89</ele></trkpt>
            <trkpt lat="45.9233317" lon="9.2871038"><ele>200.53</ele></trkpt>
            <trkpt lat="45.9234233" lon="9.2870077"><ele>200.25</ele></trkpt>
            <trkpt lat="45.9235139" lon="9.2869126"><ele>200.06</ele></trkpt>
            <trkpt lat="45.923616" lon="9.2868055"><ele>199.95</ele></trkpt>
            <trkpt lat="45.9236968" lon="9.2867208"><ele>199.94</ele></trkpt>
            <trkpt lat="45.9237892" lon="9.286624"><ele>200</ele></trkpt>
            <trkpt lat="45.9238519" lon="9.2865647"><ele>200.09</ele></trkpt>
            <trkpt lat="45.9239537" lon="9.2864956"><ele>200.28</ele></trkpt>
            <trkpt lat="45.9240611" lon="9.286429"><ele>200.55</ele></trkpt>
            <trkpt lat="45.9242291" lon="9.2863247"><ele>201.1</ele></trkpt>
            <trkpt lat="45.9245532" lon="9.286117"><ele>202.42</ele></trkpt>
            <trkpt lat="45.9246897" lon="9.2860252"><ele>203.03</ele></trkpt>
            <trkpt lat="45.9248951" lon="9.2858862"><ele>203.98</ele></trkpt>
            <trkpt lat="45.9250316" lon="9.2857486"><ele>204.66</ele></trkpt>
            <trkpt lat="45.9251764" lon="9.2855688"><ele>205.41</ele></trkpt>
            <trkpt lat="45.9253046" lon="9.2854276"><ele>205.99</ele></trkpt>
            <trkpt lat="45.9254797" lon="9.2853268"><ele>206.6</ele></trkpt>
            <trkpt lat="45.9256063" lon="9.2852764"><ele>206.96</ele></trkpt>
            <trkpt lat="45.9257678" lon="9.2852144"><ele>207.37</ele></trkpt>
            <trkpt lat="45.9259522" lon="9.285193"><ele>207.73</ele></trkpt>
            <trkpt lat="45.9265387" lon="9.2852897"><ele>208.58</ele></trkpt>
            <trkpt lat="45.9267768" lon="9.2853252"><ele>208.84</ele></trkpt>
            <trkpt lat="45.9271308" lon="9.2853777"><ele>209.13</ele></trkpt>
            <trkpt lat="45.9273053" lon="9.2854037"><ele>209.25</ele></trkpt>
            <trkpt lat="45.9275197" lon="9.2854334"><ele>209.37</ele></trkpt>
            <trkpt lat="45.9277993" lon="9.2853752"><ele>209.52</ele></trkpt>
            <trkpt lat="45.9279816" lon="9.2852762"><ele>209.62</ele></trkpt>
            <trkpt lat="45.9282029" lon="9.2851174"><ele>209.74</ele></trkpt>
            <trkpt lat="45.9284017" lon="9.2849452"><ele>209.86</ele></trkpt>
            <trkpt lat="45.9286181" lon="9.2847592"><ele>209.97</ele></trkpt>
            <trkpt lat="45.9287349" lon="9.2846902"><ele>210.02</ele></trkpt>
            <trkpt lat="45.9289229" lon="9.2846281"><ele>210.09</ele></trkpt>
            <trkpt lat="45.9297211" lon="9.2845731"><ele>210.31</ele></trkpt>
            <trkpt lat="45.9300087" lon="9.2845231"><ele>210.34</ele></trkpt>
            <trkpt lat="45.9302173" lon="9.2843987"><ele>210.33</ele></trkpt>
            <trkpt lat="45.9307119" lon="9.2840298"><ele>210.21</ele></trkpt>
            <trkpt lat="45.9310197" lon="9.2838806"><ele>210.1</ele></trkpt>
            <trkpt lat="45.9313692" lon="9.2837491"><ele>209.92</ele></trkpt>
            <trkpt lat="45.9316087" lon="9.2836983"><ele>209.79</ele></trkpt>
            <trkpt lat="45.9324954" lon="9.2838286"><ele>209.29</ele></trkpt>
            <trkpt lat="45.9326572" lon="9.283819"><ele>209.21</ele></trkpt>
            <trkpt lat="45.9331644" lon="9.2837382"><ele>209.02</ele></trkpt>
            <trkpt lat="45.93351" lon="9.2836564"><ele>208.95</ele></trkpt>
            <trkpt lat="45.9336186" lon="9.2836061"><ele>208.93</ele></trkpt>
            <trkpt lat="45.9337256" lon="9.2835216"><ele>208.92</ele></trkpt>
            <trkpt lat="45.9339733" lon="9.2832266"><ele>208.91</ele></trkpt>
            <trkpt lat="45.9343248" lon="9.2828571"><ele>208.88</ele></trkpt>
            <trkpt lat="45.9345439" lon="9.2826894"><ele>208.82</ele></trkpt>
            <trkpt lat="45.9348099" lon="9.282561"><ele>208.69</ele></trkpt>
            <trkpt lat="45.9350062" lon="9.2825039"><ele>208.54</ele></trkpt>
            <trkpt lat="45.9352116" lon="9.2824456"><ele>208.33</ele></trkpt>
            <trkpt lat="45.9353843" lon="9.2824057"><ele>208.11</ele></trkpt>
            <trkpt lat="45.9355002" lon="9.2823848"><ele>207.94</ele></trkpt>
            <trkpt lat="45.9356545" lon="9.2823901"><ele>207.69</ele></trkpt>
            <trkpt lat="45.9358095" lon="9.2824003"><ele>207.42</ele></trkpt>
            <trkpt lat="45.9359595" lon="9.2824101"><ele>207.15</ele></trkpt>
            <trkpt lat="45.9361422" lon="9.2824071"><ele>206.83</ele></trkpt>
            <trkpt lat="45.9365004" lon="9.2822947"><ele>206.24</ele></trkpt>
            <trkpt lat="45.9367187" lon="9.2822815"><ele>205.99</ele></trkpt>
            <trkpt lat="45.9369195" lon="9.2822737"><ele>205.87</ele></trkpt>
            <trkpt lat="45.9371527" lon="9.2822646"><ele>205.88</ele></trkpt>
            <trkpt lat="45.937271" lon="9.282261"><ele>205.96</ele></trkpt>
            <trkpt lat="45.9373798" lon="9.282279"><ele>206.09</ele></trkpt>
            <trkpt lat="45.9374899" lon="9.2822981"><ele>206.27</ele></trkpt>
            <trkpt lat="45.9375998" lon="9.2823172"><ele>206.51</ele></trkpt>
            <trkpt lat="45.9377098" lon="9.2823362"><ele>206.79</ele></trkpt>
            <trkpt lat="45.9378181" lon="9.282355"><ele>207.12</ele></trkpt>
            <trkpt lat="45.9379415" lon="9.2823763"><ele>207.55</ele></trkpt>
            <trkpt lat="45.9380565" lon="9.282389"><ele>208</ele></trkpt>
            <trkpt lat="45.9382277" lon="9.2823698"><ele>208.72</ele></trkpt>
            <trkpt lat="45.9384711" lon="9.2821902"><ele>209.97</ele></trkpt>
            <trkpt lat="45.9385462" lon="9.2821599"><ele>210.33</ele></trkpt>
            <trkpt lat="45.9386396" lon="9.2821558"><ele>210.77</ele></trkpt>
            <trkpt lat="45.9387466" lon="9.282181"><ele>211.28</ele></trkpt>
            <trkpt lat="45.93892" lon="9.2821987"><ele>212.07</ele></trkpt>
            <trkpt lat="45.9390739" lon="9.2821886"><ele>212.75</ele></trkpt>
            <trkpt lat="45.9392199" lon="9.2821778"><ele>213.35</ele></trkpt>
            <trkpt lat="45.9393256" lon="9.28217"><ele>213.75</ele></trkpt>
            <trkpt lat="45.9394328" lon="9.282162"><ele>214.14</ele></trkpt>
            <trkpt lat="45.9396473" lon="9.2821461"><ele>214.84</ele></trkpt>
            <trkpt lat="45.9397546" lon="9.2821382"><ele>215.15</ele></trkpt>
            <trkpt lat="45.9398604" lon="9.2821303"><ele>215.43</ele></trkpt>
            <trkpt lat="45.9400101" lon="9.2821193"><ele>215.79</ele></trkpt>
            <trkpt lat="45.9401838" lon="9.2821063"><ele>216.17</ele></trkpt>
            <trkpt lat="45.9403057" lon="9.282086"><ele>216.42</ele></trkpt>
            <trkpt lat="45.9405534" lon="9.2819847"><ele>216.93</ele></trkpt>
            <trkpt lat="45.9407267" lon="9.2818623"><ele>217.32</ele></trkpt>
            <trkpt lat="45.9409005" lon="9.2817382"><ele>217.76</ele></trkpt>
            <trkpt lat="45.941012" lon="9.281657"><ele>218.07</ele></trkpt>
            <trkpt lat="45.9410946" lon="9.2815704"><ele>218.35</ele></trkpt>
            <trkpt lat="45.94118" lon="9.28148"><ele>218.67</ele></trkpt>
            <trkpt lat="45.941265" lon="9.28139"><ele>219.01</ele></trkpt>
            <trkpt lat="45.94135" lon="9.2813"><ele>219.38</ele></trkpt>
            <trkpt lat="45.94152" lon="9.2811207"><ele>220.19</ele></trkpt>
            <trkpt lat="45.94179" lon="9.2808714"><ele>221.58</ele></trkpt>
            <trkpt lat="45.94197" lon="9.2807057"><ele>222.57</ele></trkpt>
            <trkpt lat="45.9420599" lon="9.280623"><ele>223.07</ele></trkpt>
            <trkpt lat="45.9421514" lon="9.2805399"><ele>223.59</ele></trkpt>
            <trkpt lat="45.9422398" lon="9.2804751"><ele>224.07</ele></trkpt>
            <trkpt lat="45.9426808" lon="9.2801946"><ele>226.32</ele></trkpt>
            <trkpt lat="45.9428193" lon="9.2801403"><ele>226.9</ele></trkpt>
            <trkpt lat="45.9429192" lon="9.2800686"><ele>227.3</ele></trkpt>
            <trkpt lat="45.9430108" lon="9.279952"><ele>227.67</ele></trkpt>
            <trkpt lat="45.9431053" lon="9.2798156"><ele>227.98</ele></trkpt>
            <trkpt lat="45.9432868" lon="9.2795535"><ele>228.3</ele></trkpt>
            <trkpt lat="45.9433985" lon="9.2793922"><ele>228.3</ele></trkpt>
            <trkpt lat="45.943492" lon="9.2792635"><ele>228.16</ele></trkpt>
            <trkpt lat="45.9435528" lon="9.2791974"><ele>228.01</ele></trkpt>
            <trkpt lat="45.9436157" lon="9.2791343"><ele>227.82</ele></trkpt>
            <trkpt lat="45.9436793" lon="9.2790741"><ele>227.57</ele></trkpt>
            <trkpt lat="45.9437488" lon="9.2790326"><ele>227.28</ele></trkpt>
            <trkpt lat="45.9438623" lon="9.2790006"><ele>226.75</ele></trkpt>
            <trkpt lat="45.9439573" lon="9.2789828"><ele>226.23</ele></trkpt>
            <trkpt lat="45.9441144" lon="9.2789619"><ele>225.24</ele></trkpt>
            <trkpt lat="45.9442173" lon="9.2789484"><ele>224.51</ele></trkpt>
            <trkpt lat="45.9443222" lon="9.2789346"><ele>223.71</ele></trkpt>
            <trkpt lat="45.944427" lon="9.2789209"><ele>222.85</ele></trkpt>
            <trkpt lat="45.9447414" lon="9.2788797"><ele>220.13</ele></trkpt>
            <trkpt lat="45.9448447" lon="9.2788661"><ele>219.21</ele></trkpt>
            <trkpt lat="45.9449609" lon="9.2788509"><ele>218.19</ele></trkpt>
            <trkpt lat="45.9451197" lon="9.2788284"><ele>216.83</ele></trkpt>
            <trkpt lat="45.9452065" lon="9.278809"><ele>216.12</ele></trkpt>
            <trkpt lat="45.9452839" lon="9.2787803"><ele>215.49</ele></trkpt>
            <trkpt lat="45.9453886" lon="9.2787248"><ele>214.66</ele></trkpt>
            <trkpt lat="45.9454591" lon="9.2786865"><ele>214.13</ele></trkpt>
            <trkpt lat="45.945565" lon="9.2786305"><ele>213.41</ele></trkpt>
            <trkpt lat="45.9456375" lon="9.2786039"><ele>212.97</ele></trkpt>
            <trkpt lat="45.9457494" lon="9.2785801"><ele>212.38</ele></trkpt>
            <trkpt lat="45.9458272" lon="9.2785646"><ele>212.01</ele></trkpt>
            <trkpt lat="45.9460017" lon="9.278529"><ele>211.34</ele></trkpt>
            <trkpt lat="45.9460982" lon="9.2785005"><ele>211.05</ele></trkpt>
            <trkpt lat="45.946209" lon="9.2784636"><ele>210.79</ele></trkpt>
            <trkpt lat="45.9463509" lon="9.278394"><ele>210.57</ele></trkpt>
            <trkpt lat="45.9464875" lon="9.2783524"><ele>210.46</ele></trkpt>
            <trkpt lat="45.9466277" lon="9.2782927"><ele>210.45</ele></trkpt>
            <trkpt lat="45.9466859" lon="9.2782291"><ele>210.48</ele></trkpt>
            <trkpt lat="45.9468247" lon="9.2780127"><ele>210.64</ele></trkpt>
            <trkpt lat="45.9468796" lon="9.277946"><ele>210.72</ele></trkpt>
            <trkpt lat="45.9469419" lon="9.2778983"><ele>210.81</ele></trkpt>
            <trkpt lat="45.9470442" lon="9.2778676"><ele>210.96</ele></trkpt>
            <trkpt lat="45.9471468" lon="9.2778589"><ele>211.11</ele></trkpt>
            <trkpt lat="45.9472144" lon="9.2778577"><ele>211.22</ele></trkpt>
            <trkpt lat="45.9474029" lon="9.2778546"><ele>211.51</ele></trkpt>
            <trkpt lat="45.9474855" lon="9.2778533"><ele>211.64</ele></trkpt>
            <trkpt lat="45.9475559" lon="9.2778522"><ele>211.74</ele></trkpt>
            <trkpt lat="45.947656" lon="9.2778486"><ele>211.89</ele></trkpt>
            <trkpt lat="45.9477434" lon="9.2778293"><ele>212.01</ele></trkpt>
            <trkpt lat="45.947928" lon="9.2777528"><ele>212.25</ele></trkpt>
            <trkpt lat="45.9481627" lon="9.2775583"><ele>212.56</ele></trkpt>
            <trkpt lat="45.9482934" lon="9.2775235"><ele>212.7</ele></trkpt>
            <trkpt lat="45.9484273" lon="9.2775278"><ele>212.84</ele></trkpt>
            <trkpt lat="45.948561" lon="9.2775341"><ele>212.98</ele></trkpt>
            <trkpt lat="45.9486891" lon="9.2775401"><ele>213.13</ele></trkpt>
            <trkpt lat="45.9488397" lon="9.2775465"><ele>213.31</ele></trkpt>
            <trkpt lat="45.9489279" lon="9.2775374"><ele>213.43</ele></trkpt>
            <trkpt lat="45.9490117" lon="9.277509"><ele>213.55</ele></trkpt>
            <trkpt lat="45.9491846" lon="9.2774233"><ele>213.84</ele></trkpt>
            <trkpt lat="45.9494066" lon="9.2772775"><ele>214.27</ele></trkpt>
            <trkpt lat="45.9496711" lon="9.2771075"><ele>214.86</ele></trkpt>
            <trkpt lat="45.949922" lon="9.2770533"><ele>215.42</ele></trkpt>
            <trkpt lat="45.9501739" lon="9.2770061"><ele>216</ele></trkpt>
            <trkpt lat="45.9505237" lon="9.2768854"><ele>216.83</ele></trkpt>
            <trkpt lat="45.950956" lon="9.2765839"><ele>217.85</ele></trkpt>
            <trkpt lat="45.9511261" lon="9.2764534"><ele>218.19</ele></trkpt>
            <trkpt lat="45.951464" lon="9.2762544"><ele>218.7</ele></trkpt>
            <trkpt lat="45.9516729" lon="9.2761429"><ele>218.89</ele></trkpt>
            <trkpt lat="45.9518814" lon="9.2760314"><ele>218.97</ele></trkpt>
            <trkpt lat="45.9520896" lon="9.2759196"><ele>218.93</ele></trkpt>
            <trkpt lat="45.9521905" lon="9.2758519"><ele>218.86</ele></trkpt>
            <trkpt lat="45.9523334" lon="9.275755"><ele>218.72</ele></trkpt>
            <trkpt lat="45.9525001" lon="9.2756293"><ele>218.48</ele></trkpt>
            <trkpt lat="45.9526054" lon="9.2755717"><ele>218.31</ele></trkpt>
            <trkpt lat="45.9528455" lon="9.2755108"><ele>217.86</ele></trkpt>
            <trkpt lat="45.9535782" lon="9.275158"><ele>216.28</ele></trkpt>
            <trkpt lat="45.9539843" lon="9.2749614"><ele>215.49</ele></trkpt>
            <trkpt lat="45.9541198" lon="9.2748711"><ele>215.28</ele></trkpt>
            <trkpt lat="45.9543792" lon="9.2746184"><ele>214.98</ele></trkpt>
            <trkpt lat="45.9545594" lon="9.2744133"><ele>214.91</ele></trkpt>
            <trkpt lat="45.9546572" lon="9.2742598"><ele>214.96</ele></trkpt>
            <trkpt lat="45.9548343" lon="9.2738966"><ele>215.29</ele></trkpt>
            <trkpt lat="45.9550257" lon="9.2734954"><ele>215.97</ele></trkpt>
            <trkpt lat="45.9552819" lon="9.2729585"><ele>217.32</ele></trkpt>
            <trkpt lat="45.9554081" lon="9.2726938"><ele>218.18</ele></trkpt>
            <trkpt lat="45.9555012" lon="9.2724617"><ele>219.02</ele></trkpt>
            <trkpt lat="45.9555728" lon="9.2722619"><ele>219.82</ele></trkpt>
            <trkpt lat="45.9556043" lon="9.2721281"><ele>220.36</ele></trkpt>
            <trkpt lat="45.9556237" lon="9.2716911"><ele>222.15</ele></trkpt>
            <trkpt lat="45.9556736" lon="9.2714842"><ele>223.09</ele></trkpt>
            <trkpt lat="45.9557883" lon="9.2712979"><ele>224.18</ele></trkpt>
            <trkpt lat="45.9561735" lon="9.2707896"><ele>227.48</ele></trkpt>
            <trkpt lat="45.956267" lon="9.2706273"><ele>228.35</ele></trkpt>
            <trkpt lat="45.9563625" lon="9.2703872"><ele>229.4</ele></trkpt>
            <trkpt lat="45.9564314" lon="9.2702109"><ele>230.1</ele></trkpt>
            <trkpt lat="45.9565032" lon="9.270064"><ele>230.65</ele></trkpt>
            <trkpt lat="45.9565714" lon="9.2699776"><ele>231.01</ele></trkpt>
            <trkpt lat="45.9566798" lon="9.2698965"><ele>231.44</ele></trkpt>
            <trkpt lat="45.9567993" lon="9.2698507"><ele>231.8</ele></trkpt>
            <trkpt lat="45.9569131" lon="9.2698488"><ele>232.08</ele></trkpt>
            <trkpt lat="45.9570786" lon="9.2698646"><ele>232.37</ele></trkpt>
            <trkpt lat="45.9572319" lon="9.2698478"><ele>232.55</ele></trkpt>
            <trkpt lat="45.9575404" lon="9.2697868"><ele>232.67</ele></trkpt>
            <trkpt lat="45.9580054" lon="9.2696946"><ele>232.52</ele></trkpt>
            <trkpt lat="45.9581938" lon="9.26962"><ele>232.38</ele></trkpt>
            <trkpt lat="45.9583052" lon="9.26955"><ele>232.27</ele></trkpt>
            <trkpt lat="45.9584951" lon="9.2693943"><ele>232.04</ele></trkpt>
            <trkpt lat="45.9589004" lon="9.2689463"><ele>231.46</ele></trkpt>
            <trkpt lat="45.9590549" lon="9.26881"><ele>231.29</ele></trkpt>
            <trkpt lat="45.9591911" lon="9.2685697"><ele>231.12</ele></trkpt>
            <trkpt lat="45.9593567" lon="9.267993"><ele>230.91</ele></trkpt>
            <trkpt lat="45.9594365" lon="9.2678786"><ele>230.89</ele></trkpt>
            <trkpt lat="45.9596161" lon="9.2676882"><ele>230.9</ele></trkpt>
            <trkpt lat="45.9596953" lon="9.2675653"><ele>230.95</ele></trkpt>
            <trkpt lat="45.9597539" lon="9.2674391"><ele>231.01</ele></trkpt>
            <trkpt lat="45.959828" lon="9.2671876"><ele>231.16</ele></trkpt>
            <trkpt lat="45.9598595" lon="9.2669778"><ele>231.32</ele></trkpt>
            <trkpt lat="45.9598671" lon="9.2668031"><ele>231.48</ele></trkpt>
            <trkpt lat="45.9598538" lon="9.2664943"><ele>231.81</ele></trkpt>
            <trkpt lat="45.959865" lon="9.266353"><ele>231.97</ele></trkpt>
            <trkpt lat="45.9599114" lon="9.2662183"><ele>232.17</ele></trkpt>
            <trkpt lat="45.9599834" lon="9.2661391"><ele>232.34</ele></trkpt>
            <trkpt lat="45.9601221" lon="9.2661042"><ele>232.63</ele></trkpt>
            <trkpt lat="45.9603807" lon="9.2661164"><ele>233.2</ele></trkpt>
            <trkpt lat="45.9605191" lon="9.266095"><ele>233.53</ele></trkpt>
            <trkpt lat="45.9610095" lon="9.2658719"><ele>234.79</ele></trkpt>
            <trkpt lat="45.961401" lon="9.2656977"><ele>235.83</ele></trkpt>
            <trkpt lat="45.9615692" lon="9.2656948"><ele>236.26</ele></trkpt>
            <trkpt lat="45.9618191" lon="9.2657591"><ele>236.92</ele></trkpt>
            <trkpt lat="45.9619498" lon="9.2657621"><ele>237.25</ele></trkpt>
            <trkpt lat="45.9620259" lon="9.2657424"><ele>237.45</ele></trkpt>
            <trkpt lat="45.9622908" lon="9.2656069"><ele>238.17</ele></trkpt>
            <trkpt lat="45.9624231" lon="9.2655895"><ele>238.5</ele></trkpt>
            <trkpt lat="45.9627525" lon="9.2656383"><ele>239.34</ele></trkpt>
            <trkpt lat="45.9630215" lon="9.2656506"><ele>240.01</ele></trkpt>
            <trkpt lat="45.9632533" lon="9.2656933"><ele>240.6</ele></trkpt>
            <trkpt lat="45.96372" lon="9.2657806"><ele>241.79</ele></trkpt>
            <trkpt lat="45.9640603" lon="9.2659048"><ele>242.71</ele></trkpt>
            <trkpt lat="45.9643995" lon="9.2660292"><ele>243.67</ele></trkpt>
            <trkpt lat="45.9646185" lon="9.2661069"><ele>244.31</ele></trkpt>
            <trkpt lat="45.9648095" lon="9.2661549"><ele>244.89</ele></trkpt>
            <trkpt lat="45.9649255" lon="9.2662228"><ele>245.27</ele></trkpt>
            <trkpt lat="45.965002" lon="9.2663051"><ele>245.56</ele></trkpt>
            <trkpt lat="45.9651648" lon="9.2666363"><ele>246.45</ele></trkpt>
            <trkpt lat="45.9653002" lon="9.266781"><ele>246.99</ele></trkpt>
            <trkpt lat="45.9653864" lon="9.2668042"><ele>247.27</ele></trkpt>
            <trkpt lat="45.9655707" lon="9.2667473"><ele>247.88</ele></trkpt>
            <trkpt lat="45.9656736" lon="9.2667549"><ele>248.22</ele></trkpt>
            <trkpt lat="45.96591" lon="9.2668635"><ele>249.03</ele></trkpt>
            <trkpt lat="45.9660504" lon="9.2669306"><ele>249.51</ele></trkpt>
            <trkpt lat="45.9661634" lon="9.2670034"><ele>249.92</ele></trkpt>
            <trkpt lat="45.9664009" lon="9.2671588"><ele>250.78</ele></trkpt>
            <trkpt lat="45.9666531" lon="9.2673348"><ele>251.74</ele></trkpt>
            <trkpt lat="45.9667177" lon="9.2673513"><ele>251.97</ele></trkpt>
            <trkpt lat="45.9669269" lon="9.2673342"><ele>252.73</ele></trkpt>
            <trkpt lat="45.9672012" lon="9.2674672"><ele>253.83</ele></trkpt>
            <trkpt lat="45.9673771" lon="9.2674375"><ele>254.55</ele></trkpt>
            <trkpt lat="45.9675379" lon="9.2673554"><ele>255.27</ele></trkpt>
            <trkpt lat="45.9677549" lon="9.2672401"><ele>256.3</ele></trkpt>
            <trkpt lat="45.9679066" lon="9.2671594"><ele>257.05</ele></trkpt>
            <trkpt lat="45.9681442" lon="9.2670187"><ele>258.28</ele></trkpt>
            <trkpt lat="45.9681885" lon="9.2669486"><ele>258.61</ele></trkpt>
            <trkpt lat="45.968209" lon="9.2668705"><ele>258.89</ele></trkpt>
            <trkpt lat="45.9682234" lon="9.2666333"><ele>259.72</ele></trkpt>
            <trkpt lat="45.9682442" lon="9.2664369"><ele>260.41</ele></trkpt>
            <trkpt lat="45.9683038" lon="9.2662841"><ele>261.03</ele></trkpt>
            <trkpt lat="45.968388" lon="9.2662014"><ele>261.54</ele></trkpt>
            <trkpt lat="45.9684697" lon="9.2661701"><ele>261.96</ele></trkpt>
            <trkpt lat="45.9686012" lon="9.2661873"><ele>262.62</ele></trkpt>
            <trkpt lat="45.9687314" lon="9.266257"><ele>263.31</ele></trkpt>
            <trkpt lat="45.9688986" lon="9.2663617"><ele>264.2</ele></trkpt>
            <trkpt lat="45.9690376" lon="9.2663952"><ele>264.89</ele></trkpt>
            <trkpt lat="45.9691285" lon="9.2663773"><ele>265.33</ele></trkpt>
            <trkpt lat="45.9692116" lon="9.2663272"><ele>265.76</ele></trkpt>
            <trkpt lat="45.9694226" lon="9.2660577"><ele>267.11</ele></trkpt>
            <trkpt lat="45.969512" lon="9.2659933"><ele>267.59</ele></trkpt>
            <trkpt lat="45.9697161" lon="9.2659972"><ele>268.57</ele></trkpt>
            <trkpt lat="45.9699311" lon="9.2660397"><ele>269.62</ele></trkpt>
            <trkpt lat="45.9700751" lon="9.2660467"><ele>270.33</ele></trkpt>
            <trkpt lat="45.9702072" lon="9.2660408"><ele>270.99</ele></trkpt>
            <trkpt lat="45.9703226" lon="9.2660032"><ele>271.59</ele></trkpt>
            <trkpt lat="45.9704094" lon="9.2659328"><ele>272.1</ele></trkpt>
            <trkpt lat="45.9704556" lon="9.265864"><ele>272.44</ele></trkpt>
            <trkpt lat="45.9705256" lon="9.2656978"><ele>273.13</ele></trkpt>
            <trkpt lat="45.970629" lon="9.2654426"><ele>274.17</ele></trkpt>
            <trkpt lat="45.9707046" lon="9.2653208"><ele>274.75</ele></trkpt>
            <trkpt lat="45.9708562" lon="9.2652423"><ele>275.54</ele></trkpt>
            <trkpt lat="45.9712704" lon="9.2651869"><ele>277.51</ele></trkpt>
            <trkpt lat="45.9713748" lon="9.2650676"><ele>278.09</ele></trkpt>
            <trkpt lat="45.9714601" lon="9.2648745"><ele>278.73</ele></trkpt>
            <trkpt lat="45.9715912" lon="9.264494"><ele>279.77</ele></trkpt>
            <trkpt lat="45.9716962" lon="9.2641911"><ele>280.44</ele></trkpt>
            <trkpt lat="45.9718139" lon="9.2639764"><ele>280.87</ele></trkpt>
            <trkpt lat="45.9719933" lon="9.263702"><ele>281.31</ele></trkpt>
            <trkpt lat="45.9720653" lon="9.2635896"><ele>281.44</ele></trkpt>
            <trkpt lat="45.9721451" lon="9.2634511"><ele>281.56</ele></trkpt>
            <trkpt lat="45.9723372" lon="9.2631146"><ele>281.74</ele></trkpt>
            <trkpt lat="45.972526" lon="9.2626874"><ele>281.85</ele></trkpt>
            <trkpt lat="45.9725643" lon="9.2624488"><ele>281.91</ele></trkpt>
            <trkpt lat="45.97257" lon="9.2620624"><ele>282.04</ele></trkpt>
            <trkpt lat="45.97257" lon="9.2618234"><ele>282.18</ele></trkpt>
            <trkpt lat="45.9725771" lon="9.2616521"><ele>282.32</ele></trkpt>
            <trkpt lat="45.9726734" lon="9.2613115"><ele>282.74</ele></trkpt>
            <trkpt lat="45.9727131" lon="9.2611322"><ele>283.03</ele></trkpt>
            <trkpt lat="45.9727363" lon="9.2608904"><ele>283.5</ele></trkpt>
            <trkpt lat="45.972701" lon="9.2607635"><ele>283.81</ele></trkpt>
            <trkpt lat="45.9726226" lon="9.2606822"><ele>284.17</ele></trkpt>
            <trkpt lat="45.9724984" lon="9.2606047"><ele>284.74</ele></trkpt>
            <trkpt lat="45.9724685" lon="9.2605632"><ele>284.93</ele></trkpt>
            <trkpt lat="45.9723568" lon="9.2602785"><ele>286.86</ele></trkpt>
            <trkpt lat="45.972177" lon="9.2597908"><ele>289.44</ele></trkpt>
            <trkpt lat="45.9720553" lon="9.2595374"><ele>291.02</ele></trkpt>
            <trkpt lat="45.9718122" lon="9.2591723"><ele>293.84</ele></trkpt>
            <trkpt lat="45.9714613" lon="9.2587021"><ele>297.92</ele></trkpt>
            <trkpt lat="45.9713385" lon="9.258582"><ele>299.21</ele></trkpt>
            <trkpt lat="45.97118" lon="9.258504"><ele>300.69</ele></trkpt>
            <trkpt lat="45.9710603" lon="9.2584907"><ele>301.76</ele></trkpt>
            <trkpt lat="45.9705688" lon="9.2585443"><ele>306.15</ele></trkpt>
            <trkpt lat="45.9704306" lon="9.2585366"><ele>307.37</ele></trkpt>
            <trkpt lat="45.9702918" lon="9.2584647"><ele>308.65</ele></trkpt>
            <trkpt lat="45.9701777" lon="9.2582973"><ele>310.04</ele></trkpt>
            <trkpt lat="45.9701118" lon="9.2581665"><ele>310.98</ele></trkpt>
            <trkpt lat="45.970074" lon="9.2580502"><ele>311.73</ele></trkpt>
            <trkpt lat="45.9700587" lon="9.2578842"><ele>312.68</ele></trkpt>
            <trkpt lat="45.9700706" lon="9.2576967"><ele>313.74</ele></trkpt>
            <trkpt lat="45.9700982" lon="9.2575041"><ele>314.83</ele></trkpt>
            <trkpt lat="45.97016" lon="9.257205"><ele>316.55</ele></trkpt>
            <trkpt lat="45.9702906" lon="9.2564726"><ele>320.7</ele></trkpt>
            <trkpt lat="45.9702998" lon="9.256324"><ele>321.54</ele></trkpt>
            <trkpt lat="45.9702932" lon="9.2561264"><ele>322.66</ele></trkpt>
            <trkpt lat="45.9702693" lon="9.2559758"><ele>323.56</ele></trkpt>
            <trkpt lat="45.9702103" lon="9.2557837"><ele>324.81</ele></trkpt>
            <trkpt lat="45.9701122" lon="9.255586"><ele>326.3</ele></trkpt>
            <trkpt lat="45.970028" lon="9.255479"><ele>327.32</ele></trkpt>
            <trkpt lat="45.9698148" lon="9.2552648"><ele>329.79</ele></trkpt>
            <trkpt lat="45.9696468" lon="9.2550991"><ele>331.82</ele></trkpt>
            <trkpt lat="45.9695371" lon="9.2550278"><ele>333.06</ele></trkpt>
            <trkpt lat="45.969401" lon="9.2550043"><ele>334.53</ele></trkpt>
            <trkpt lat="45.9690404" lon="9.2550562"><ele>338.57</ele></trkpt>
            <trkpt lat="45.9689847" lon="9.2550443"><ele>339.22</ele></trkpt>
            <trkpt lat="45.9689559" lon="9.2550161"><ele>339.62</ele></trkpt>
            <trkpt lat="45.9689263" lon="9.254893"><ele>340.69</ele></trkpt>
            <trkpt lat="45.9689529" lon="9.2544862"><ele>344.14</ele></trkpt>
            <trkpt lat="45.968942" lon="9.2543436"><ele>345.39</ele></trkpt>
            <trkpt lat="45.9688783" lon="9.2541367"><ele>347.4</ele></trkpt>
            <trkpt lat="45.9687635" lon="9.2539383"><ele>349.76</ele></trkpt>
            <trkpt lat="45.9686556" lon="9.2538478"><ele>351.43</ele></trkpt>
            <trkpt lat="45.9684218" lon="9.2537446"><ele>354.78</ele></trkpt>
            <trkpt lat="45.9683132" lon="9.2536559"><ele>356.52</ele></trkpt>
            <trkpt lat="45.9681467" lon="9.2534501"><ele>359.61</ele></trkpt>
            <trkpt lat="45.9677326" lon="9.2530554"><ele>366.68</ele></trkpt>
            <trkpt lat="45.967521" lon="9.252758"><ele>370.86</ele></trkpt>
            <trkpt lat="45.9673741" lon="9.2526527"><ele>373.15</ele></trkpt>
            <trkpt lat="45.9673008" lon="9.2526541"><ele>374.16</ele></trkpt>
            <trkpt lat="45.967064" lon="9.2527187"><ele>377.43</ele></trkpt>
            <trkpt lat="45.9667591" lon="9.2528571"><ele>381.64</ele></trkpt>
            <trkpt lat="45.96651" lon="9.2529207"><ele>384.82</ele></trkpt>
            <trkpt lat="45.9662929" lon="9.2529186"><ele>387.43</ele></trkpt>
            <trkpt lat="45.9660564" lon="9.2529131"><ele>390.14</ele></trkpt>
            <trkpt lat="45.9659367" lon="9.2529128"><ele>391.45</ele></trkpt>
            <trkpt lat="45.9658584" lon="9.2528851"><ele>392.3</ele></trkpt>
            <trkpt lat="45.9658207" lon="9.2528865"><ele>392.7</ele></trkpt>
            <trkpt lat="45.9657853" lon="9.2529173"><ele>393.12</ele></trkpt>
            <trkpt lat="45.9657661" lon="9.2530039"><ele>393.76</ele></trkpt>
            <trkpt lat="45.965805" lon="9.2530874"><ele>394.46</ele></trkpt>
            <trkpt lat="45.965844" lon="9.2531032"><ele>394.85</ele></trkpt>
            <trkpt lat="45.9660423" lon="9.2531028"><ele>396.72</ele></trkpt>
            <trkpt lat="45.9660945" lon="9.253128"><ele>397.22</ele></trkpt>
            <trkpt lat="45.9661408" lon="9.2531804"><ele>397.74</ele></trkpt>
            <trkpt lat="45.9661861" lon="9.2533112"><ele>398.63</ele></trkpt>
            <trkpt lat="45.966217" lon="9.2535869"><ele>400.26</ele></trkpt>
            <trkpt lat="45.9662299" lon="9.2538976"><ele>402</ele></trkpt>
            <trkpt lat="45.966213" lon="9.2540853"><ele>403.02</ele></trkpt>
            <trkpt lat="45.9661707" lon="9.2541865"><ele>403.65</ele></trkpt>
            <trkpt lat="45.965989" lon="9.2544851"><ele>405.7</ele></trkpt>
            <trkpt lat="45.9659483" lon="9.2546124"><ele>406.41</ele></trkpt>
            <trkpt lat="45.9659541" lon="9.2547178"><ele>406.94</ele></trkpt>
            <trkpt lat="45.9659903" lon="9.2548209"><ele>407.51</ele></trkpt>
            <trkpt lat="45.9661177" lon="9.2549958"><ele>408.77</ele></trkpt>
            <trkpt lat="45.9661206" lon="9.2550781"><ele>409.18</ele></trkpt>
            <trkpt lat="45.9660806" lon="9.2551443"><ele>409.61</ele></trkpt>
            <trkpt lat="45.966036" lon="9.2551556"><ele>409.93</ele></trkpt>
            <trkpt lat="45.9659919" lon="9.2551265"><ele>410.28</ele></trkpt>
            <trkpt lat="45.9659254" lon="9.2549811"><ele>411.14</ele></trkpt>
            <trkpt lat="45.9657679" lon="9.2547437"><ele>412.78</ele></trkpt>
            <trkpt lat="45.9657503" lon="9.254653"><ele>413.25</ele></trkpt>
            <trkpt lat="45.9657792" lon="9.254431"><ele>414.41</ele></trkpt>
            <trkpt lat="45.9657649" lon="9.2543494"><ele>414.85</ele></trkpt>
            <trkpt lat="45.9657193" lon="9.254306"><ele>415.26</ele></trkpt>
            <trkpt lat="45.9655483" lon="9.2542167"><ele>416.66</ele></trkpt>
            <trkpt lat="45.965489" lon="9.2542155"><ele>417.13</ele></trkpt>
            <trkpt lat="45.9654603" lon="9.2542487"><ele>417.42</ele></trkpt>
            <trkpt lat="45.9654454" lon="9.2543192"><ele>417.83</ele></trkpt>
            <trkpt lat="45.9654827" lon="9.254615"><ele>419.56</ele></trkpt>
            <trkpt lat="45.965604" lon="9.2549922"><ele>422.08</ele></trkpt>
            <trkpt lat="45.9657095" lon="9.2551923"><ele>423.69</ele></trkpt>
            <trkpt lat="45.9657952" lon="9.2552879"><ele>424.74</ele></trkpt>
            <trkpt lat="45.9657965" lon="9.2553635"><ele>425.26</ele></trkpt>
            <trkpt lat="45.9657634" lon="9.2554295"><ele>425.83</ele></trkpt>
            <trkpt lat="45.9657102" lon="9.2554476"><ele>426.39</ele></trkpt>
            <trkpt lat="45.9656635" lon="9.2554159"><ele>426.92</ele></trkpt>
            <trkpt lat="45.9655567" lon="9.2552368"><ele>428.68</ele></trkpt>
            <trkpt lat="45.965353" lon="9.2549472"><ele>431.93</ele></trkpt>
            <trkpt lat="45.965274" lon="9.2547734"><ele>433.64</ele></trkpt>
            <trkpt lat="45.9652009" lon="9.2545333"><ele>435.89</ele></trkpt>
            <trkpt lat="45.9651662" lon="9.2544446"><ele>436.78</ele></trkpt>
            <trkpt lat="45.965115" lon="9.2543798"><ele>437.66</ele></trkpt>
            <trkpt lat="45.9650174" lon="9.2543228"><ele>439.03</ele></trkpt>
            <trkpt lat="45.9648739" lon="9.2542792"><ele>440.99</ele></trkpt>
            <trkpt lat="45.9645299" lon="9.2541754"><ele>445.79</ele></trkpt>
            <trkpt lat="45.964281" lon="9.2540231"><ele>449.54</ele></trkpt>
            <trkpt lat="45.9642272" lon="9.2539593"><ele>450.51</ele></trkpt>
            <trkpt lat="45.964185" lon="9.2538757"><ele>451.51</ele></trkpt>
            <trkpt lat="45.9640946" lon="9.2535382"><ele>454.99</ele></trkpt>
            <trkpt lat="45.9640373" lon="9.2534187"><ele>456.38</ele></trkpt>
            <trkpt lat="45.9639723" lon="9.2533604"><ele>457.42</ele></trkpt>
            <trkpt lat="45.9638987" lon="9.2533296"><ele>458.46</ele></trkpt>
            <trkpt lat="45.9636493" lon="9.2532723"><ele>461.82</ele></trkpt>
            <trkpt lat="45.9635045" lon="9.2532103"><ele>463.79</ele></trkpt>
            <trkpt lat="45.9634472" lon="9.2531056"><ele>464.97</ele></trkpt>
            <trkpt lat="45.9634316" lon="9.2529621"><ele>466.24</ele></trkpt>
            <trkpt lat="45.9634636" lon="9.2528308"><ele>467.43</ele></trkpt>
            <trkpt lat="45.9635663" lon="9.2526249"><ele>469.55</ele></trkpt>
            <trkpt lat="45.9635742" lon="9.2525214"><ele>470.4</ele></trkpt>
            <trkpt lat="45.9635513" lon="9.2524776"><ele>470.84</ele></trkpt>
            <trkpt lat="45.9635185" lon="9.2524561"><ele>471.26</ele></trkpt>
            <trkpt lat="45.9632404" lon="9.2524637"><ele>474.38</ele></trkpt>
            <trkpt lat="45.9631667" lon="9.2524336"><ele>475.21</ele></trkpt>
            <trkpt lat="45.9631153" lon="9.252382"><ele>475.89</ele></trkpt>
            <trkpt lat="45.9630119" lon="9.2521579"><ele>477.85</ele></trkpt>
            <trkpt lat="45.9629159" lon="9.2518371"><ele>480.29</ele></trkpt>
            <trkpt lat="45.9628516" lon="9.2515838"><ele>482.09</ele></trkpt>
            <trkpt lat="45.9627847" lon="9.2511282"><ele>485.07</ele></trkpt>
            <trkpt lat="45.9627403" lon="9.251077"><ele>485.58</ele></trkpt>
            <trkpt lat="45.9626774" lon="9.2510922"><ele>486.13</ele></trkpt>
            <trkpt lat="45.9626437" lon="9.2511615"><ele>486.64</ele></trkpt>
            <trkpt lat="45.9626391" lon="9.2512699"><ele>487.28</ele></trkpt>
            <trkpt lat="45.9627138" lon="9.2516772"><ele>489.67</ele></trkpt>
            <trkpt lat="45.9626587" lon="9.2520517"><ele>491.71</ele></trkpt>
            <trkpt lat="45.9626545" lon="9.2522278"><ele>492.6</ele></trkpt>
            <trkpt lat="45.9627363" lon="9.2526338"><ele>494.66</ele></trkpt>
            <trkpt lat="45.9627817" lon="9.2527544"><ele>495.29</ele></trkpt>
            <trkpt lat="45.9628549" lon="9.2528736"><ele>496.01</ele></trkpt>
            <trkpt lat="45.9628576" lon="9.2529415"><ele>496.31</ele></trkpt>
            <trkpt lat="45.9628253" lon="9.2530029"><ele>496.65</ele></trkpt>
            <trkpt lat="45.962779" lon="9.253019"><ele>496.94</ele></trkpt>
            <trkpt lat="45.9627263" lon="9.2529768"><ele>497.31</ele></trkpt>
            <trkpt lat="45.962675" lon="9.2528116"><ele>498.07</ele></trkpt>
            <trkpt lat="45.9625577" lon="9.2525336"><ele>499.39</ele></trkpt>
            <trkpt lat="45.9624445" lon="9.2522277"><ele>500.78</ele></trkpt>
            <trkpt lat="45.9623953" lon="9.2519828"><ele>501.81</ele></trkpt>
            <trkpt lat="45.9622906" lon="9.2517046"><ele>503.14</ele></trkpt>
            <trkpt lat="45.9622584" lon="9.2515744"><ele>503.74</ele></trkpt>
            <trkpt lat="45.9622606" lon="9.2514785"><ele>504.17</ele></trkpt>
            <trkpt lat="45.9623254" lon="9.2510989"><ele>506</ele></trkpt>
            <trkpt lat="45.9623251" lon="9.2509712"><ele>506.65</ele></trkpt>
            <trkpt lat="45.9623058" lon="9.2508729"><ele>507.18</ele></trkpt>
            <trkpt lat="45.9622441" lon="9.2507145"><ele>508.17</ele></trkpt>
            <trkpt lat="45.962197" lon="9.2506118"><ele>508.88</ele></trkpt>
            <trkpt lat="45.9621399" lon="9.2505146"><ele>509.64</ele></trkpt>
            <trkpt lat="45.9620534" lon="9.2503795"><ele>510.8</ele></trkpt>
            <trkpt lat="45.9619485" lon="9.250265"><ele>512.07</ele></trkpt>
            <trkpt lat="45.9618481" lon="9.2502002"><ele>513.18</ele></trkpt>
            <trkpt lat="45.9617402" lon="9.2501426"><ele>514.41</ele></trkpt>
            <trkpt lat="45.9615685" lon="9.2500648"><ele>516.43</ele></trkpt>
            <trkpt lat="45.9613751" lon="9.2499778"><ele>518.83</ele></trkpt>
            <trkpt lat="45.9610548" lon="9.2498549"><ele>523</ele></trkpt>
            <trkpt lat="45.9609297" lon="9.2498205"><ele>524.67</ele></trkpt>
            <trkpt lat="45.9606778" lon="9.2498105"><ele>528.05</ele></trkpt>
            <trkpt lat="45.9604594" lon="9.249831"><ele>531.06</ele></trkpt>
            <trkpt lat="45.96025" lon="9.249885"><ele>534.02</ele></trkpt>
            <trkpt lat="45.9600396" lon="9.2499415"><ele>537.03</ele></trkpt>
            <trkpt lat="45.959943" lon="9.2499891"><ele>538.46</ele></trkpt>
            <trkpt lat="45.9597157" lon="9.2501643"><ele>542.07</ele></trkpt>
            <trkpt lat="45.9593705" lon="9.2504995"><ele>547.81</ele></trkpt>
            <trkpt lat="45.9592583" lon="9.2506633"><ele>549.97</ele></trkpt>
            <trkpt lat="45.9589703" lon="9.2511889"><ele>556.08</ele></trkpt>
            <trkpt lat="45.9586507" lon="9.2516898"><ele>562.02</ele></trkpt>
            <trkpt lat="45.9585801" lon="9.251776"><ele>563.14</ele></trkpt>
            <trkpt lat="45.9583514" lon="9.2519193"><ele>566.05</ele></trkpt>
            <trkpt lat="45.9581568" lon="9.2520192"><ele>568.32</ele></trkpt>
            <trkpt lat="45.9580566" lon="9.2520704"><ele>569.44</ele></trkpt>
            <trkpt lat="45.9579047" lon="9.2521644"><ele>571.11</ele></trkpt>
            <trkpt lat="45.9577691" lon="9.2523233"><ele>572.79</ele></trkpt>
            <trkpt lat="45.9576613" lon="9.2523926"><ele>573.88</ele></trkpt>
            <trkpt lat="45.9575954" lon="9.2523884"><ele>574.47</ele></trkpt>
            <trkpt lat="45.9575367" lon="9.2523557"><ele>575.02</ele></trkpt>
            <trkpt lat="45.9574851" lon="9.2522981"><ele>575.59</ele></trkpt>
            <trkpt lat="45.9574403" lon="9.2521999"><ele>576.28</ele></trkpt>
            <trkpt lat="45.9574215" lon="9.2520591"><ele>577.1</ele></trkpt>
            <trkpt lat="45.9574331" lon="9.2517611"><ele>578.77</ele></trkpt>
            <trkpt lat="45.9573191" lon="9.2513525"><ele>581.15</ele></trkpt>
            <trkpt lat="45.9572976" lon="9.2507714"><ele>584.28</ele></trkpt>
            <trkpt lat="45.9572761" lon="9.2506769"><ele>584.82</ele></trkpt>
            <trkpt lat="45.9572428" lon="9.2506079"><ele>585.28</ele></trkpt>
            <trkpt lat="45.9571982" lon="9.2505731"><ele>585.68</ele></trkpt>
            <trkpt lat="45.9571541" lon="9.250575"><ele>586.04</ele></trkpt>
            <trkpt lat="45.9571175" lon="9.2506115"><ele>586.39</ele></trkpt>
            <trkpt lat="45.9571" lon="9.250664"><ele>586.72</ele></trkpt>
            <trkpt lat="45.9570325" lon="9.2510835"><ele>589.19</ele></trkpt>
            <trkpt lat="45.9569278" lon="9.2516107"><ele>592.47</ele></trkpt>
            <trkpt lat="45.9568252" lon="9.2519759"><ele>594.93</ele></trkpt>
            <trkpt lat="45.956627" lon="9.2523205"><ele>597.84</ele></trkpt>
            <trkpt lat="45.9564367" lon="9.2526922"><ele>600.95</ele></trkpt>
            <trkpt lat="45.956099" lon="9.2530593"><ele>605.16</ele></trkpt>
            <trkpt lat="45.9560057" lon="9.2532215"><ele>606.63</ele></trkpt>
            <trkpt lat="45.9559551" lon="9.2533884"><ele>607.91</ele></trkpt>
            <trkpt lat="45.9558944" lon="9.253788"><ele>610.78</ele></trkpt>
            <trkpt lat="45.9558589" lon="9.2538994"><ele>611.64</ele></trkpt>
            <trkpt lat="45.9557964" lon="9.2540159"><ele>612.66</ele></trkpt>
            <trkpt lat="45.9556052" lon="9.2542649"><ele>615.21</ele></trkpt>
            <trkpt lat="45.9554205" lon="9.2545594"><ele>617.85</ele></trkpt>
            <trkpt lat="45.955291" lon="9.2548229"><ele>619.92</ele></trkpt>
            <trkpt lat="45.9551467" lon="9.2551967"><ele>622.53</ele></trkpt>
            <trkpt lat="45.9549924" lon="9.2556054"><ele>625.19</ele></trkpt>
            <trkpt lat="45.9548459" lon="9.2559654"><ele>627.39</ele></trkpt>
            <trkpt lat="45.9546672" lon="9.2562185"><ele>629.13</ele></trkpt>
            <trkpt lat="45.9544524" lon="9.2565104"><ele>630.98</ele></trkpt>
            <trkpt lat="45.9541476" lon="9.2569376"><ele>633.35</ele></trkpt>
            <trkpt lat="45.9540049" lon="9.2571029"><ele>634.26</ele></trkpt>
            <trkpt lat="45.9539014" lon="9.25718"><ele>634.79</ele></trkpt>
            <trkpt lat="45.9537352" lon="9.2572291"><ele>635.5</ele></trkpt>
            <trkpt lat="45.9528626" lon="9.2572303"><ele>638.69</ele></trkpt>
            <trkpt lat="45.9522854" lon="9.2573031"><ele>640.53</ele></trkpt>
            <trkpt lat="45.9516178" lon="9.2574091"><ele>642.4</ele></trkpt>
            <trkpt lat="45.9513771" lon="9.2574498"><ele>643.01</ele></trkpt>
            <trkpt lat="45.9512418" lon="9.257502"><ele>643.32</ele></trkpt>
            <trkpt lat="45.9511824" lon="9.2575588"><ele>643.48</ele></trkpt>
            <trkpt lat="45.9511469" lon="9.2576291"><ele>643.6</ele></trkpt>
            <trkpt lat="45.9510039" lon="9.258182"><ele>644.37</ele></trkpt>
            <trkpt lat="45.9509375" lon="9.2583588"><ele>644.61</ele></trkpt>
            <trkpt lat="45.9505571" lon="9.2590218"><ele>645.49</ele></trkpt>
            <trkpt lat="45.9503083" lon="9.2593389"><ele>645.88</ele></trkpt>
            <trkpt lat="45.94991" lon="9.2597215"><ele>646.31</ele></trkpt>
            <trkpt lat="45.9497999" lon="9.2597975"><ele>646.39</ele></trkpt>
            <trkpt lat="45.9495697" lon="9.2598762"><ele>646.49</ele></trkpt>
            <trkpt lat="45.9491242" lon="9.2599117"><ele>646.54</ele></trkpt>
            <trkpt lat="45.9490302" lon="9.2599608"><ele>646.53</ele></trkpt>
            <trkpt lat="45.9489021" lon="9.2600801"><ele>646.49</ele></trkpt>
            <trkpt lat="45.9488145" lon="9.2602301"><ele>646.44</ele></trkpt>
            <trkpt lat="45.9487533" lon="9.2604504"><ele>646.35</ele></trkpt>
            <trkpt lat="45.9486884" lon="9.2609803"><ele>646.1</ele></trkpt>
            <trkpt lat="45.948637" lon="9.2612683"><ele>645.97</ele></trkpt>
            <trkpt lat="45.948461" lon="9.261818"><ele>645.73</ele></trkpt>
            <trkpt lat="45.9483098" lon="9.2622832"><ele>645.64</ele></trkpt>
            <trkpt lat="45.9482144" lon="9.262716"><ele>645.69</ele></trkpt>
            <trkpt lat="45.9481473" lon="9.2630219"><ele>645.84</ele></trkpt>
            <trkpt lat="45.9481188" lon="9.2631519"><ele>645.93</ele></trkpt>
            <trkpt lat="45.9480635" lon="9.2633882"><ele>646.17</ele></trkpt>
            <trkpt lat="45.9479914" lon="9.2635393"><ele>646.38</ele></trkpt>
            <trkpt lat="45.9478015" lon="9.2638702"><ele>647.01</ele></trkpt>
            <trkpt lat="45.94756" lon="9.2642908"><ele>647.99</ele></trkpt>
            <trkpt lat="45.9474729" lon="9.2644654"><ele>648.41</ele></trkpt>
            <trkpt lat="45.9473959" lon="9.2647374"><ele>649.04</ele></trkpt>
            <trkpt lat="45.9473306" lon="9.2649757"><ele>649.61</ele></trkpt>
            <trkpt lat="45.9472187" lon="9.2653764"><ele>650.61</ele></trkpt>
            <trkpt lat="45.9471177" lon="9.2656375"><ele>651.31</ele></trkpt>
            <trkpt lat="45.9468551" lon="9.2661099"><ele>652.69</ele></trkpt>
            <trkpt lat="45.9465875" lon="9.2665756"><ele>653.99</ele></trkpt>
            <trkpt lat="45.9463988" lon="9.2667859"><ele>654.66</ele></trkpt>
            <trkpt lat="45.9461803" lon="9.2669524"><ele>655.27</ele></trkpt>
            <trkpt lat="45.9460595" lon="9.2670684"><ele>655.58</ele></trkpt>
            <trkpt lat="45.9459754" lon="9.2671797"><ele>655.8</ele></trkpt>
            <trkpt lat="45.9458432" lon="9.2673933"><ele>656.11</ele></trkpt>
            <trkpt lat="45.9457223" lon="9.267688"><ele>656.4</ele></trkpt>
            <trkpt lat="45.9455341" lon="9.2681645"><ele>656.68</ele></trkpt>
            <trkpt lat="45.9452185" lon="9.2689625"><ele>656.84</ele></trkpt>
            <trkpt lat="45.9450564" lon="9.269326"><ele>656.8</ele></trkpt>
            <trkpt lat="45.9448433" lon="9.2696881"><ele>656.62</ele></trkpt>
            <trkpt lat="45.944189" lon="9.2705707"><ele>655.79</ele></trkpt>
            <trkpt lat="45.94401" lon="9.2707693"><ele>655.52</ele></trkpt>
            <trkpt lat="45.9438576" lon="9.2708564"><ele>655.29</ele></trkpt>
            <trkpt lat="45.9436672" lon="9.2709109"><ele>654.98</ele></trkpt>
            <trkpt lat="45.9435698" lon="9.2709103"><ele>654.81</ele></trkpt>
            <trkpt lat="45.9432602" lon="9.2708511"><ele>654.2</ele></trkpt>
            <trkpt lat="45.9431252" lon="9.2708716"><ele>653.9</ele></trkpt>
            <trkpt lat="45.9430503" lon="9.2709112"><ele>653.72</ele></trkpt>
            <trkpt lat="45.9429025" lon="9.2710466"><ele>653.28</ele></trkpt>
            <trkpt lat="45.9426403" lon="9.2713437"><ele>652.38</ele></trkpt>
            <trkpt lat="45.9422627" lon="9.2717704"><ele>650.95</ele></trkpt>
            <trkpt lat="45.942167" lon="9.2718484"><ele>650.6</ele></trkpt>
            <trkpt lat="45.9419407" lon="9.2719729"><ele>649.79</ele></trkpt>
            <trkpt lat="45.9410589" lon="9.2722378"><ele>646.57</ele></trkpt>
            <trkpt lat="45.9405144" lon="9.2723989"><ele>644.56</ele></trkpt>
            <trkpt lat="45.939972" lon="9.2725597"><ele>642.58</ele></trkpt>
            <trkpt lat="45.9397182" lon="9.2726674"><ele>641.68</ele></trkpt>
            <trkpt lat="45.939476" lon="9.2728077"><ele>640.85</ele></trkpt>
            <trkpt lat="45.9393667" lon="9.272849"><ele>640.52</ele></trkpt>
            <trkpt lat="45.9390897" lon="9.2728785"><ele>639.76</ele></trkpt>
            <trkpt lat="45.9389395" lon="9.2728853"><ele>639.39</ele></trkpt>
            <trkpt lat="45.9388466" lon="9.2728708"><ele>639.17</ele></trkpt>
            <trkpt lat="45.9387317" lon="9.2728232"><ele>638.91</ele></trkpt>
            <trkpt lat="45.9386246" lon="9.2727136"><ele>638.64</ele></trkpt>
            <trkpt lat="45.9385154" lon="9.2724992"><ele>638.31</ele></trkpt>
            <trkpt lat="45.9383743" lon="9.2722168"><ele>637.91</ele></trkpt>
            <trkpt lat="45.9382481" lon="9.2719953"><ele>637.6</ele></trkpt>
            <trkpt lat="45.9381768" lon="9.2719147"><ele>637.47</ele></trkpt>
            <trkpt lat="45.9380795" lon="9.2718542"><ele>637.31</ele></trkpt>
            <trkpt lat="45.9378706" lon="9.2717778"><ele>637</ele></trkpt>
            <trkpt lat="45.9377873" lon="9.2717279"><ele>636.87</ele></trkpt>
            <trkpt lat="45.9374957" lon="9.2714995"><ele>636.37</ele></trkpt>
            <trkpt lat="45.9372431" lon="9.2713378"><ele>635.91</ele></trkpt>
            <trkpt lat="45.9369497" lon="9.2712027"><ele>635.36</ele></trkpt>
            <trkpt lat="45.9367166" lon="9.271134"><ele>634.9</ele></trkpt>
            <trkpt lat="45.9362474" lon="9.2711095"><ele>633.94</ele></trkpt>
            <trkpt lat="45.9358515" lon="9.2710611"><ele>633.13</ele></trkpt>
            <trkpt lat="45.9356711" lon="9.2709462"><ele>632.74</ele></trkpt>
            <trkpt lat="45.9352979" lon="9.2705962"><ele>631.93</ele></trkpt>
            <trkpt lat="45.9348849" lon="9.2703857"><ele>631.25</ele></trkpt>
            <trkpt lat="45.9346625" lon="9.2702468"><ele>630.95</ele></trkpt>
            <trkpt lat="45.9345896" lon="9.2701577"><ele>630.86</ele></trkpt>
            <trkpt lat="45.9345514" lon="9.2700832"><ele>630.8</ele></trkpt>
            <trkpt lat="45.9345037" lon="9.2698882"><ele>630.71</ele></trkpt>
            <trkpt lat="45.9345072" lon="9.2696369"><ele>630.63</ele></trkpt>
            <trkpt lat="45.9345164" lon="9.2693181"><ele>630.6</ele></trkpt>
            <trkpt lat="45.9345022" lon="9.2691936"><ele>630.61</ele></trkpt>
            <trkpt lat="45.9344676" lon="9.2690612"><ele>630.63</ele></trkpt>
            <trkpt lat="45.9344112" lon="9.268917"><ele>630.67</ele></trkpt>
            <trkpt lat="45.934327" lon="9.268786"><ele>630.73</ele></trkpt>
            <trkpt lat="45.9342015" lon="9.2686562"><ele>630.83</ele></trkpt>
            <trkpt lat="45.9340788" lon="9.268573"><ele>630.95</ele></trkpt>
            <trkpt lat="45.9339331" lon="9.2685401"><ele>631.09</ele></trkpt>
            <trkpt lat="45.9337734" lon="9.2685568"><ele>631.26</ele></trkpt>
            <trkpt lat="45.9334939" lon="9.2686556"><ele>631.64</ele></trkpt>
            <trkpt lat="45.9333479" lon="9.2687338"><ele>631.87</ele></trkpt>
            <trkpt lat="45.9332203" lon="9.268856"><ele>632.13</ele></trkpt>
            <trkpt lat="45.933043" lon="9.2691771"><ele>632.69</ele></trkpt>
            <trkpt lat="45.9329548" lon="9.2692944"><ele>632.96</ele></trkpt>
            <trkpt lat="45.9328457" lon="9.2693874"><ele>633.27</ele></trkpt>
            <trkpt lat="45.9327899" lon="9.2694123"><ele>633.43</ele></trkpt>
            <trkpt lat="45.9327139" lon="9.2694155"><ele>633.64</ele></trkpt>
            <trkpt lat="45.9323996" lon="9.269334"><ele>634.66</ele></trkpt>
            <trkpt lat="45.9322109" lon="9.2693437"><ele>635.37</ele></trkpt>
            <trkpt lat="45.9321079" lon="9.2693834"><ele>635.81</ele></trkpt>
            <trkpt lat="45.9319499" lon="9.2694875"><ele>636.62</ele></trkpt>
            <trkpt lat="45.9316813" lon="9.2697986"><ele>638.47</ele></trkpt>
            <trkpt lat="45.9315618" lon="9.2698689"><ele>639.26</ele></trkpt>
            <trkpt lat="45.9314539" lon="9.2698872"><ele>639.98</ele></trkpt>
            <trkpt lat="45.9312557" lon="9.2698798"><ele>641.41</ele></trkpt>
            <trkpt lat="45.9311163" lon="9.2698533"><ele>642.53</ele></trkpt>
            <trkpt lat="45.9309942" lon="9.2698062"><ele>643.61</ele></trkpt>
            <trkpt lat="45.9308476" lon="9.2697152"><ele>645.07</ele></trkpt>
            <trkpt lat="45.9307076" lon="9.2695782"><ele>646.74</ele></trkpt>
            <trkpt lat="45.9305593" lon="9.2694628"><ele>648.52</ele></trkpt>
            <trkpt lat="45.9304222" lon="9.2694002"><ele>650.11</ele></trkpt>
            <trkpt lat="45.9302572" lon="9.2693811"><ele>652.03</ele></trkpt>
            <trkpt lat="45.9300417" lon="9.26936"><ele>654.65</ele></trkpt>
            <trkpt lat="45.9299449" lon="9.2693504"><ele>655.86</ele></trkpt>
            <trkpt lat="45.9295186" lon="9.2692372"><ele>661.39</ele></trkpt>
            <trkpt lat="45.9294663" lon="9.2691968"><ele>662.15</ele></trkpt>
            <trkpt lat="45.9294045" lon="9.2691124"><ele>663.25</ele></trkpt>
            <trkpt lat="45.9293116" lon="9.2689465"><ele>665.16</ele></trkpt>
            <trkpt lat="45.9292088" lon="9.2687348"><ele>667.46</ele></trkpt>
            <trkpt lat="45.9291497" lon="9.2686687"><ele>668.42</ele></trkpt>
            <trkpt lat="45.9290942" lon="9.2686579"><ele>669.13</ele></trkpt>
            <trkpt lat="45.9290511" lon="9.2686884"><ele>669.73</ele></trkpt>
            <trkpt lat="45.9290245" lon="9.2687462"><ele>670.33</ele></trkpt>
            <trkpt lat="45.9290167" lon="9.2688469"><ele>671.21</ele></trkpt>
            <trkpt lat="45.9290324" lon="9.2691288"><ele>673.61</ele></trkpt>
            <trkpt lat="45.9290154" lon="9.269211"><ele>674.32</ele></trkpt>
            <trkpt lat="45.9289824" lon="9.2692613"><ele>674.89</ele></trkpt>
            <trkpt lat="45.9289401" lon="9.2692811"><ele>675.41</ele></trkpt>
            <trkpt lat="45.9288923" lon="9.2692702"><ele>675.97</ele></trkpt>
            <trkpt lat="45.9287364" lon="9.2691556"><ele>677.96</ele></trkpt>
            <trkpt lat="45.9285491" lon="9.2690508"><ele>680.14</ele></trkpt>
            <trkpt lat="45.9283108" lon="9.2689137"><ele>682.79</ele></trkpt>
            <trkpt lat="45.9282455" lon="9.2688066"><ele>683.77</ele></trkpt>
            <trkpt lat="45.9282461" lon="9.2687271"><ele>684.3</ele></trkpt>
            <trkpt lat="45.9282869" lon="9.2686634"><ele>684.87</ele></trkpt>
            <trkpt lat="45.9285468" lon="9.268474"><ele>687.51</ele></trkpt>
            <trkpt lat="45.9286643" lon="9.2684146"><ele>688.57</ele></trkpt>
            <trkpt lat="45.9287331" lon="9.2683553"><ele>689.24</ele></trkpt>
            <trkpt lat="45.9287496" lon="9.2682979"><ele>689.59</ele></trkpt>
            <trkpt lat="45.9287449" lon="9.2682466"><ele>689.87</ele></trkpt>
            <trkpt lat="45.9287015" lon="9.2681859"><ele>690.35</ele></trkpt>
            <trkpt lat="45.9286404" lon="9.2681868"><ele>690.82</ele></trkpt>
            <trkpt lat="45.9285023" lon="9.2682729"><ele>691.94</ele></trkpt>
            <trkpt lat="45.9282513" lon="9.2684243"><ele>693.85</ele></trkpt>
            <trkpt lat="45.9280261" lon="9.2686359"><ele>695.67</ele></trkpt>
            <trkpt lat="45.9278232" lon="9.2688516"><ele>697.34</ele></trkpt>
            <trkpt lat="45.9275825" lon="9.269105"><ele>699.3</ele></trkpt>
            <trkpt lat="45.9275409" lon="9.2691218"><ele>699.59</ele></trkpt>
            <trkpt lat="45.9275058" lon="9.2691117"><ele>699.83</ele></trkpt>
            <trkpt lat="45.9274782" lon="9.2690718"><ele>700.1</ele></trkpt>
            <trkpt lat="45.9274712" lon="9.2690218"><ele>700.34</ele></trkpt>
            <trkpt lat="45.927497" lon="9.2689004"><ele>700.95</ele></trkpt>
            <trkpt lat="45.9275482" lon="9.2688174"><ele>701.48</ele></trkpt>
            <trkpt lat="45.9276792" lon="9.2686918"><ele>702.61</ele></trkpt>
            <trkpt lat="45.9278793" lon="9.2685296"><ele>704.31</ele></trkpt>
            <trkpt lat="45.9278967" lon="9.2684591"><ele>704.71</ele></trkpt>
            <trkpt lat="45.9278759" lon="9.2683864"><ele>705.14</ele></trkpt>
            <trkpt lat="45.9278447" lon="9.268359"><ele>705.43</ele></trkpt>
            <trkpt lat="45.9277981" lon="9.268357"><ele>705.8</ele></trkpt>
            <trkpt lat="45.9277039" lon="9.2684083"><ele>706.62</ele></trkpt>
            <trkpt lat="45.9273009" lon="9.2685617"><ele>710.14</ele></trkpt>
            <trkpt lat="45.927235" lon="9.2685625"><ele>710.72</ele></trkpt>
            <trkpt lat="45.9272084" lon="9.268532"><ele>711.02</ele></trkpt>
            <trkpt lat="45.927194" lon="9.2684746"><ele>711.4</ele></trkpt>
            <trkpt lat="45.9271995" lon="9.2683994"><ele>711.87</ele></trkpt>
            <trkpt lat="45.9272282" lon="9.2683521"><ele>712.27</ele></trkpt>
            <trkpt lat="45.927842" lon="9.2680372"><ele>718.34</ele></trkpt>
            <trkpt lat="45.9278945" lon="9.2679931"><ele>718.91</ele></trkpt>
            <trkpt lat="45.927914" lon="9.2679136"><ele>719.47</ele></trkpt>
            <trkpt lat="45.9278768" lon="9.2678194"><ele>720.19</ele></trkpt>
            <trkpt lat="45.9277778" lon="9.2677358"><ele>721.3</ele></trkpt>
            <trkpt lat="45.9275424" lon="9.2676355"><ele>723.69</ele></trkpt>
            <trkpt lat="45.9272696" lon="9.2675904"><ele>726.38</ele></trkpt>
            <trkpt lat="45.9271434" lon="9.2676033"><ele>727.62</ele></trkpt>
            <trkpt lat="45.9268872" lon="9.2676309"><ele>730.12</ele></trkpt>
            <trkpt lat="45.9266765" lon="9.2676767"><ele>732.18</ele></trkpt>
            <trkpt lat="45.9260069" lon="9.2678724"><ele>738.65</ele></trkpt>
            <trkpt lat="45.9256576" lon="9.2679792"><ele>741.89</ele></trkpt>
            <trkpt lat="45.925414" lon="9.2680151"><ele>744</ele></trkpt>
            <trkpt lat="45.9252203" lon="9.2679865"><ele>745.58</ele></trkpt>
            <trkpt lat="45.9246583" lon="9.2677568"><ele>749.98</ele></trkpt>
            <trkpt lat="45.9244388" lon="9.2676657"><ele>751.51</ele></trkpt>
            <trkpt lat="45.9242244" lon="9.2675763"><ele>752.81</ele></trkpt>
            <trkpt lat="45.9241025" lon="9.2675005"><ele>753.49</ele></trkpt>
            <trkpt lat="45.9239294" lon="9.2673531"><ele>754.36</ele></trkpt>
            <trkpt lat="45.9237993" lon="9.2672421"><ele>754.9</ele></trkpt>
            <trkpt lat="45.9235882" lon="9.2670619"><ele>755.57</ele></trkpt>
            <trkpt lat="45.9234263" lon="9.2669236"><ele>755.92</ele></trkpt>
            <trkpt lat="45.9233196" lon="9.2668114"><ele>756.08</ele></trkpt>
            <trkpt lat="45.9232011" lon="9.2666052"><ele>756.19</ele></trkpt>
            <trkpt lat="45.9231453" lon="9.2664351"><ele>756.19</ele></trkpt>
            <trkpt lat="45.9231044" lon="9.266164"><ele>756.1</ele></trkpt>
            <trkpt lat="45.9230403" lon="9.2654052"><ele>755.54</ele></trkpt>
            <trkpt lat="45.9230301" lon="9.2649986"><ele>755.16</ele></trkpt>
            <trkpt lat="45.9230094" lon="9.2647863"><ele>754.94</ele></trkpt>
            <trkpt lat="45.9229389" lon="9.2643004"><ele>754.42</ele></trkpt>
            <trkpt lat="45.922889" lon="9.2639564"><ele>754.07</ele></trkpt>
            <trkpt lat="45.9228246" lon="9.263553"><ele>753.69</ele></trkpt>
            <trkpt lat="45.9226465" lon="9.2631113"><ele>753.26</ele></trkpt>
            <trkpt lat="45.9225244" lon="9.2628962"><ele>753.04</ele></trkpt>
            <trkpt lat="45.9223591" lon="9.2627326"><ele>752.83</ele></trkpt>
            <trkpt lat="45.9220984" lon="9.2625292"><ele>752.51</ele></trkpt>
            <trkpt lat="45.9218561" lon="9.262399"><ele>752.21</ele></trkpt>
            <trkpt lat="45.9214531" lon="9.2622526"><ele>751.66</ele></trkpt>
            <trkpt lat="45.9212119" lon="9.2621643"><ele>751.28</ele></trkpt>
            <trkpt lat="45.9207914" lon="9.2618947"><ele>750.42</ele></trkpt>
            <trkpt lat="45.9204747" lon="9.2616811"><ele>749.65</ele></trkpt>
            <trkpt lat="45.9203506" lon="9.2616004"><ele>749.31</ele></trkpt>
            <trkpt lat="45.92028" lon="9.2615799"><ele>749.13</ele></trkpt>
            <trkpt lat="45.9200328" lon="9.2616104"><ele>748.44</ele></trkpt>
            <trkpt lat="45.9196652" lon="9.2616255"><ele>747.33</ele></trkpt>
            <trkpt lat="45.9194453" lon="9.2616113"><ele>746.63</ele></trkpt>
            <trkpt lat="45.919025" lon="9.2615362"><ele>745.23</ele></trkpt>
            <trkpt lat="45.9187112" lon="9.2614801"><ele>744.16</ele></trkpt>
            <trkpt lat="45.9183761" lon="9.2614106"><ele>742.97</ele></trkpt>
            <trkpt lat="45.9179308" lon="9.2613182"><ele>741.33</ele></trkpt>
            <trkpt lat="45.917411" lon="9.2612044"><ele>739.24</ele></trkpt>
            <trkpt lat="45.917195" lon="9.2610922"><ele>738.23</ele></trkpt>
            <trkpt lat="45.9170062" lon="9.2610273"><ele>737.28</ele></trkpt>
            <trkpt lat="45.91682" lon="9.260925"><ele>736.2</ele></trkpt>
            <trkpt lat="45.9166325" lon="9.2608208"><ele>735</ele></trkpt>
            <trkpt lat="45.9165265" lon="9.2607465"><ele>734.24</ele></trkpt>
            <trkpt lat="45.9163211" lon="9.260601"><ele>732.65</ele></trkpt>
            <trkpt lat="45.9160917" lon="9.2604612"><ele>730.77</ele></trkpt>
            <trkpt lat="45.9159349" lon="9.2604092"><ele>729.48</ele></trkpt>
            <trkpt lat="45.915735" lon="9.260375"><ele>727.78</ele></trkpt>
            <trkpt lat="45.9155317" lon="9.2603406"><ele>725.99</ele></trkpt>
            <trkpt lat="45.9150827" lon="9.2602898"><ele>721.91</ele></trkpt>
            <trkpt lat="45.9148591" lon="9.2602647"><ele>719.87</ele></trkpt>
            <trkpt lat="45.9147486" lon="9.2602523"><ele>718.86</ele></trkpt>
            <trkpt lat="45.9145536" lon="9.260227"><ele>717.11</ele></trkpt>
            <trkpt lat="45.9143409" lon="9.2601558"><ele>715.18</ele></trkpt>
            <trkpt lat="45.9141084" lon="9.260015"><ele>713.01</ele></trkpt>
            <trkpt lat="45.9138776" lon="9.2599131"><ele>710.99</ele></trkpt>
            <trkpt lat="45.9137113" lon="9.2598487"><ele>709.58</ele></trkpt>
            <trkpt lat="45.9136318" lon="9.2598385"><ele>708.93</ele></trkpt>
            <trkpt lat="45.9134624" lon="9.2598722"><ele>707.55</ele></trkpt>
            <trkpt lat="45.9132998" lon="9.2599572"><ele>706.16</ele></trkpt>
            <trkpt lat="45.9130975" lon="9.2601012"><ele>704.36</ele></trkpt>
            <trkpt lat="45.912896" lon="9.2602588"><ele>702.5</ele></trkpt>
            <trkpt lat="45.912692" lon="9.2604801"><ele>700.38</ele></trkpt>
            <trkpt lat="45.9125909" lon="9.2605909"><ele>699.31</ele></trkpt>
            <trkpt lat="45.9125022" lon="9.2607217"><ele>698.21</ele></trkpt>
            <trkpt lat="45.912324" lon="9.260987"><ele>695.95</ele></trkpt>
            <trkpt lat="45.9122579" lon="9.2611115"><ele>694.97</ele></trkpt>
            <trkpt lat="45.9121428" lon="9.2613688"><ele>693.01</ele></trkpt>
            <trkpt lat="45.9118564" lon="9.2621366"><ele>687.32</ele></trkpt>
            <trkpt lat="45.9117103" lon="9.2623745"><ele>685.24</ele></trkpt>
            <trkpt lat="45.9115749" lon="9.2625054"><ele>683.7</ele></trkpt>
            <trkpt lat="45.9113881" lon="9.262596"><ele>681.85</ele></trkpt>
            <trkpt lat="45.91117" lon="9.2626334"><ele>679.8</ele></trkpt>
            <trkpt lat="45.9109094" lon="9.2625979"><ele>677.38</ele></trkpt>
            <trkpt lat="45.9103314" lon="9.2625308"><ele>672.09</ele></trkpt>
            <trkpt lat="45.9100457" lon="9.2625401"><ele>669.49</ele></trkpt>
            <trkpt lat="45.9099062" lon="9.2625721"><ele>668.21</ele></trkpt>
            <trkpt lat="45.9096069" lon="9.2627151"><ele>665.36</ele></trkpt>
            <trkpt lat="45.908989" lon="9.263045"><ele>659.42</ele></trkpt>
            <trkpt lat="45.9086813" lon="9.2632094"><ele>656.46</ele></trkpt>
            <trkpt lat="45.90835" lon="9.2633938"><ele>653.26</ele></trkpt>
            <trkpt lat="45.9077945" lon="9.2637037"><ele>647.91</ele></trkpt>
            <trkpt lat="45.9076475" lon="9.2637954"><ele>646.48</ele></trkpt>
            <trkpt lat="45.9074977" lon="9.2639223"><ele>644.93</ele></trkpt>
            <trkpt lat="45.9071076" lon="9.2643115"><ele>640.77</ele></trkpt>
            <trkpt lat="45.9069317" lon="9.2644595"><ele>639.02</ele></trkpt>
            <trkpt lat="45.90648" lon="9.2649433"><ele>634.3</ele></trkpt>
            <trkpt lat="45.9061193" lon="9.2653301"><ele>630.7</ele></trkpt>
            <trkpt lat="45.9056598" lon="9.2657494"><ele>626.64</ele></trkpt>
            <trkpt lat="45.9052945" lon="9.2660176"><ele>623.87</ele></trkpt>
            <trkpt lat="45.9051387" lon="9.2661326"><ele>622.81</ele></trkpt>
            <trkpt lat="45.904989" lon="9.266276"><ele>621.82</ele></trkpt>
            <trkpt lat="45.9048319" lon="9.2663942"><ele>620.97</ele></trkpt>
            <trkpt lat="45.9046973" lon="9.2664911"><ele>620.33</ele></trkpt>
            <trkpt lat="45.9046033" lon="9.2665482"><ele>619.95</ele></trkpt>
            <trkpt lat="45.9044991" lon="9.2665823"><ele>619.58</ele></trkpt>
            <trkpt lat="45.904411" lon="9.2665763"><ele>619.32</ele></trkpt>
            <trkpt lat="45.9042806" lon="9.2665268"><ele>618.96</ele></trkpt>
            <trkpt lat="45.9041321" lon="9.2664349"><ele>618.61</ele></trkpt>
            <trkpt lat="45.9038124" lon="9.2661059"><ele>617.95</ele></trkpt>
            <trkpt lat="45.9035574" lon="9.2659009"><ele>617.58</ele></trkpt>
            <trkpt lat="45.90344" lon="9.265833"><ele>617.45</ele></trkpt>
            <trkpt lat="45.9032186" lon="9.2657263"><ele>617.25</ele></trkpt>
            <trkpt lat="45.9029394" lon="9.2655642"><ele>617.01</ele></trkpt>
            <trkpt lat="45.9024615" lon="9.265404"><ele>616.63</ele></trkpt>
            <trkpt lat="45.9022981" lon="9.2652881"><ele>616.45</ele></trkpt>
            <trkpt lat="45.9022258" lon="9.265211"><ele>616.36</ele></trkpt>
            <trkpt lat="45.9018288" lon="9.2646902"><ele>615.69</ele></trkpt>
            <trkpt lat="45.9016042" lon="9.264455"><ele>615.25</ele></trkpt>
            <trkpt lat="45.90135" lon="9.2642612"><ele>614.7</ele></trkpt>
            <trkpt lat="45.9011362" lon="9.2641024"><ele>614.16</ele></trkpt>
            <trkpt lat="45.9009796" lon="9.2640459"><ele>613.77</ele></trkpt>
            <trkpt lat="45.9007377" lon="9.2640505"><ele>613.12</ele></trkpt>
            <trkpt lat="45.9005169" lon="9.2640603"><ele>612.48</ele></trkpt>
            <trkpt lat="45.89994" lon="9.264115"><ele>610.73</ele></trkpt>
            <trkpt lat="45.899592" lon="9.264148"><ele>609.66</ele></trkpt>
            <trkpt lat="45.899358" lon="9.2641694"><ele>608.96</ele></trkpt>
            <trkpt lat="45.899078" lon="9.2641429"><ele>608.15</ele></trkpt>
            <trkpt lat="45.8989199" lon="9.2640718"><ele>607.68</ele></trkpt>
            <trkpt lat="45.8987646" lon="9.2639647"><ele>607.21</ele></trkpt>
            <trkpt lat="45.8985816" lon="9.2637886"><ele>606.61</ele></trkpt>
            <trkpt lat="45.8981447" lon="9.2633809"><ele>605.22</ele></trkpt>
            <trkpt lat="45.8979304" lon="9.2632551"><ele>604.59</ele></trkpt>
            <trkpt lat="45.8977459" lon="9.2631731"><ele>604.04</ele></trkpt>
            <trkpt lat="45.8974974" lon="9.2630781"><ele>603.29</ele></trkpt>
            <trkpt lat="45.8974005" lon="9.2630231"><ele>602.97</ele></trkpt>
            <trkpt lat="45.8971" lon="9.2628514"><ele>601.96</ele></trkpt>
            <trkpt lat="45.8968001" lon="9.2626812"><ele>600.9</ele></trkpt>
            <trkpt lat="45.8966324" lon="9.2626198"><ele>600.3</ele></trkpt>
            <trkpt lat="45.8964113" lon="9.2625351"><ele>599.49</ele></trkpt>
            <trkpt lat="45.896272" lon="9.2624365"><ele>598.92</ele></trkpt>
            <trkpt lat="45.8960691" lon="9.26222"><ele>597.94</ele></trkpt>
            <trkpt lat="45.8958259" lon="9.2619717"><ele>596.72</ele></trkpt>
            <trkpt lat="45.8952436" lon="9.2617261"><ele>594.04</ele></trkpt>
            <trkpt lat="45.8950201" lon="9.2616391"><ele>592.92</ele></trkpt>
            <trkpt lat="45.8948127" lon="9.2615585"><ele>591.79</ele></trkpt>
            <trkpt lat="45.8945895" lon="9.2615163"><ele>590.51</ele></trkpt>
            <trkpt lat="45.8943248" lon="9.2614922"><ele>588.88</ele></trkpt>
            <trkpt lat="45.89342" lon="9.261409"><ele>582.96</ele></trkpt>
            <trkpt lat="45.8932005" lon="9.2613398"><ele>581.48</ele></trkpt>
            <trkpt lat="45.8928673" lon="9.2612064"><ele>579.18</ele></trkpt>
            <trkpt lat="45.8925345" lon="9.2610727"><ele>576.93</ele></trkpt>
            <trkpt lat="45.8918861" lon="9.260815"><ele>572.69</ele></trkpt>
            <trkpt lat="45.8915932" lon="9.2607057"><ele>570.9</ele></trkpt>
            <trkpt lat="45.8913463" lon="9.2606149"><ele>569.51</ele></trkpt>
            <trkpt lat="45.8911593" lon="9.2605924"><ele>568.56</ele></trkpt>
            <trkpt lat="45.8907793" lon="9.2605732"><ele>566.79</ele></trkpt>
            <trkpt lat="45.8904348" lon="9.2605558"><ele>565.34</ele></trkpt>
            <trkpt lat="45.889643" lon="9.2605402"><ele>562.32</ele></trkpt>
            <trkpt lat="45.8894962" lon="9.2605614"><ele>561.79</ele></trkpt>
            <trkpt lat="45.8888667" lon="9.26076"><ele>559.61</ele></trkpt>
            <trkpt lat="45.8883086" lon="9.2609515"><ele>557.76</ele></trkpt>
            <trkpt lat="45.8878959" lon="9.2611986"><ele>556.38</ele></trkpt>
            <trkpt lat="45.8863346" lon="9.2620782"><ele>551.38</ele></trkpt>
            <trkpt lat="45.8859182" lon="9.2623128"><ele>550.13</ele></trkpt>
            <trkpt lat="45.8855882" lon="9.2625031"><ele>549.19</ele></trkpt>
            <trkpt lat="45.8853888" lon="9.2626398"><ele>548.64</ele></trkpt>
            <trkpt lat="45.8852606" lon="9.2627889"><ele>548.25</ele></trkpt>
            <trkpt lat="45.8851413" lon="9.2630109"><ele>547.82</ele></trkpt>
            <trkpt lat="45.8849235" lon="9.2635177"><ele>546.95</ele></trkpt>
            <trkpt lat="45.8848337" lon="9.2636987"><ele>546.64</ele></trkpt>
            <trkpt lat="45.8846796" lon="9.2638436"><ele>546.28</ele></trkpt>
            <trkpt lat="45.8845503" lon="9.2638763"><ele>546.04</ele></trkpt>
            <trkpt lat="45.8842429" lon="9.2638499"><ele>545.51</ele></trkpt>
            <trkpt lat="45.8838577" lon="9.2637493"><ele>544.86</ele></trkpt>
            <trkpt lat="45.8835329" lon="9.2636552"><ele>544.36</ele></trkpt>
            <trkpt lat="45.8832058" lon="9.2635603"><ele>543.88</ele></trkpt>
            <trkpt lat="45.8827697" lon="9.2634339"><ele>543.29</ele></trkpt>
            <trkpt lat="45.8812432" lon="9.2629913"><ele>541.33</ele></trkpt>
            <trkpt lat="45.8806981" lon="9.2628332"><ele>540.57</ele></trkpt>
            <trkpt lat="45.8804801" lon="9.2627705"><ele>540.23</ele></trkpt>
            <trkpt lat="45.8797014" lon="9.2626301"><ele>538.88</ele></trkpt>
            <trkpt lat="45.8793389" lon="9.2625488"><ele>538.14</ele></trkpt>
            <trkpt lat="45.8787899" lon="9.2623066"><ele>536.78</ele></trkpt>
            <trkpt lat="45.8785481" lon="9.2622203"><ele>536.09</ele></trkpt>
            <trkpt lat="45.8784396" lon="9.262205"><ele>535.76</ele></trkpt>
            <trkpt lat="45.8782179" lon="9.262175"><ele>535.03</ele></trkpt>
            <trkpt lat="45.8779964" lon="9.262145"><ele>534.23</ele></trkpt>
            <trkpt lat="45.8769965" lon="9.2620076"><ele>530.25</ele></trkpt>
            <trkpt lat="45.8767342" lon="9.2619105"><ele>529.1</ele></trkpt>
            <trkpt lat="45.8763146" lon="9.2616482"><ele>527.04</ele></trkpt>
            <trkpt lat="45.8755875" lon="9.2611901"><ele>523.22</ele></trkpt>
            <trkpt lat="45.8752651" lon="9.260987"><ele>521.42</ele></trkpt>
            <trkpt lat="45.8750147" lon="9.2608332"><ele>519.95</ele></trkpt>
            <trkpt lat="45.87484" lon="9.2607975"><ele>518.94</ele></trkpt>
            <trkpt lat="45.8747219" lon="9.2608306"><ele>518.24</ele></trkpt>
            <trkpt lat="45.874387" lon="9.2610806"><ele>515.95</ele></trkpt>
            <trkpt lat="45.8740361" lon="9.261215"><ele>513.68</ele></trkpt>
            <trkpt lat="45.8739199" lon="9.2612351"><ele>512.93</ele></trkpt>
            <trkpt lat="45.8737713" lon="9.2611984"><ele>511.96</ele></trkpt>
            <trkpt lat="45.8735015" lon="9.261021"><ele>510.05</ele></trkpt>
            <trkpt lat="45.8733447" lon="9.2609316"><ele>508.98</ele></trkpt>
            <trkpt lat="45.8731256" lon="9.2608953"><ele>507.59</ele></trkpt>
            <trkpt lat="45.8729233" lon="9.2609258"><ele>506.35</ele></trkpt>
            <trkpt lat="45.8728169" lon="9.2609836"><ele>505.68</ele></trkpt>
            <trkpt lat="45.8726076" lon="9.2612285"><ele>504.15</ele></trkpt>
            <trkpt lat="45.8724237" lon="9.2613907"><ele>503.01</ele></trkpt>
            <trkpt lat="45.8722476" lon="9.2615438"><ele>502</ele></trkpt>
            <trkpt lat="45.872067" lon="9.2617116"><ele>501.02</ele></trkpt>
            <trkpt lat="45.8717886" lon="9.2619857"><ele>499.65</ele></trkpt>
            <trkpt lat="45.8715109" lon="9.2622589"><ele>498.44</ele></trkpt>
            <trkpt lat="45.8711221" lon="9.2626056"><ele>497.01</ele></trkpt>
            <trkpt lat="45.8708865" lon="9.2627621"><ele>496.3</ele></trkpt>
            <trkpt lat="45.8708145" lon="9.2627881"><ele>496.11</ele></trkpt>
            <trkpt lat="45.8706899" lon="9.262796"><ele>495.82</ele></trkpt>
            <trkpt lat="45.8701992" lon="9.2627212"><ele>494.76</ele></trkpt>
            <trkpt lat="45.86993" lon="9.2627053"><ele>494.24</ele></trkpt>
            <trkpt lat="45.8698047" lon="9.2627417"><ele>494</ele></trkpt>
            <trkpt lat="45.8696853" lon="9.2628265"><ele>493.76</ele></trkpt>
            <trkpt lat="45.8695812" lon="9.2629535"><ele>493.52</ele></trkpt>
            <trkpt lat="45.869521" lon="9.263107"><ele>493.3</ele></trkpt>
            <trkpt lat="45.8694954" lon="9.2632403"><ele>493.13</ele></trkpt>
            <trkpt lat="45.8694491" lon="9.2637779"><ele>492.44</ele></trkpt>
            <trkpt lat="45.8693816" lon="9.2639718"><ele>492.15</ele></trkpt>
            <trkpt lat="45.869132" lon="9.2644188"><ele>491.31</ele></trkpt>
            <trkpt lat="45.8689875" lon="9.264673"><ele>490.78</ele></trkpt>
            <trkpt lat="45.8688444" lon="9.2649226"><ele>490.21</ele></trkpt>
            <trkpt lat="45.8687062" lon="9.2651118"><ele>489.7</ele></trkpt>
            <trkpt lat="45.868558" lon="9.2652071"><ele>489.24</ele></trkpt>
            <trkpt lat="45.8678796" lon="9.2654466"><ele>487.22</ele></trkpt>
            <trkpt lat="45.8675408" lon="9.2655636"><ele>486.28</ele></trkpt>
            <trkpt lat="45.8674206" lon="9.2656213"><ele>485.97</ele></trkpt>
            <trkpt lat="45.8672722" lon="9.2657154"><ele>485.61</ele></trkpt>
            <trkpt lat="45.8670609" lon="9.2659422"><ele>485.11</ele></trkpt>
            <trkpt lat="45.8668803" lon="9.2661634"><ele>484.76</ele></trkpt>
            <trkpt lat="45.8667948" lon="9.2662946"><ele>484.61</ele></trkpt>
            <trkpt lat="45.8663723" lon="9.2669518"><ele>484.08</ele></trkpt>
            <trkpt lat="45.8661136" lon="9.2675092"><ele>483.82</ele></trkpt>
            <trkpt lat="45.8659149" lon="9.2679559"><ele>483.66</ele></trkpt>
            <trkpt lat="45.8653844" lon="9.2696277"><ele>483.04</ele></trkpt>
            <trkpt lat="45.865248" lon="9.270094"><ele>482.65</ele></trkpt>
            <trkpt lat="45.865156" lon="9.2704179"><ele>482.2</ele></trkpt>
            <trkpt lat="45.8651093" lon="9.2705817"><ele>481.9</ele></trkpt>
            <trkpt lat="45.8650163" lon="9.2708738"><ele>481.22</ele></trkpt>
            <trkpt lat="45.8648756" lon="9.2713144"><ele>479.93</ele></trkpt>
            <trkpt lat="45.8647819" lon="9.2716081"><ele>478.91</ele></trkpt>
            <trkpt lat="45.8645006" lon="9.2724894"><ele>475.34</ele></trkpt>
            <trkpt lat="45.8643598" lon="9.2729327"><ele>473.34</ele></trkpt>
            <trkpt lat="45.8642611" lon="9.273348"><ele>471.39</ele></trkpt>
            <trkpt lat="45.8641433" lon="9.2741333"><ele>467.59</ele></trkpt>
            <trkpt lat="45.8640967" lon="9.2744467"><ele>466.02</ele></trkpt>
            <trkpt lat="45.8640503" lon="9.2747559"><ele>464.45</ele></trkpt>
            <trkpt lat="45.8639495" lon="9.2751205"><ele>462.48</ele></trkpt>
            <trkpt lat="45.8638028" lon="9.2754232"><ele>460.63</ele></trkpt>
            <trkpt lat="45.8636074" lon="9.2756721"><ele>458.76</ele></trkpt>
            <trkpt lat="45.863469" lon="9.2757894"><ele>457.63</ele></trkpt>
            <trkpt lat="45.8633179" lon="9.2758769"><ele>456.5</ele></trkpt>
            <trkpt lat="45.863102" lon="9.2759425"><ele>454.99</ele></trkpt>
            <trkpt lat="45.862975" lon="9.2759518"><ele>454.14</ele></trkpt>
            <trkpt lat="45.8627808" lon="9.2759236"><ele>452.86</ele></trkpt>
            <trkpt lat="45.8626206" lon="9.2758623"><ele>451.79</ele></trkpt>
            <trkpt lat="45.8624158" lon="9.2757237"><ele>450.36</ele></trkpt>
            <trkpt lat="45.8623015" lon="9.2756099"><ele>449.49</ele></trkpt>
            <trkpt lat="45.8622018" lon="9.2754805"><ele>448.65</ele></trkpt>
            <trkpt lat="45.8620802" lon="9.275267"><ele>447.46</ele></trkpt>
            <trkpt lat="45.8619851" lon="9.2750229"><ele>446.25</ele></trkpt>
            <trkpt lat="45.8619346" lon="9.2748269"><ele>445.34</ele></trkpt>
            <trkpt lat="45.8619122" lon="9.2746371"><ele>444.49</ele></trkpt>
            <trkpt lat="45.8618913" lon="9.2743054"><ele>443.01</ele></trkpt>
            <trkpt lat="45.8618843" lon="9.2739786"><ele>441.53</ele></trkpt>
            <trkpt lat="45.8618786" lon="9.2736671"><ele>440.11</ele></trkpt>
            <trkpt lat="45.8618557" lon="9.2724214"><ele>434.35</ele></trkpt>
            <trkpt lat="45.8618294" lon="9.2717586"><ele>431.32</ele></trkpt>
            <trkpt lat="45.8616901" lon="9.2707866"><ele>426.93</ele></trkpt>
            <trkpt lat="45.8616388" lon="9.2701908"><ele>424.42</ele></trkpt>
            <trkpt lat="45.8615971" lon="9.2698483"><ele>423.05</ele></trkpt>
            <trkpt lat="45.8615165" lon="9.2697387"><ele>422.45</ele></trkpt>
            <trkpt lat="45.8614764" lon="9.2696434"><ele>422.04</ele></trkpt>
            <trkpt lat="45.8614314" lon="9.2696071"><ele>421.78</ele></trkpt>
            <trkpt lat="45.8611947" lon="9.2695386"><ele>420.59</ele></trkpt>
            <trkpt lat="45.8608769" lon="9.269411"><ele>419.08</ele></trkpt>
            <trkpt lat="45.8604653" lon="9.2693523"><ele>417.28</ele></trkpt>
            <trkpt lat="45.8603946" lon="9.2693224"><ele>416.97</ele></trkpt>
            <trkpt lat="45.8603126" lon="9.2692001"><ele>416.48</ele></trkpt>
            <trkpt lat="45.8602042" lon="9.2688318"><ele>415.33</ele></trkpt>
            <trkpt lat="45.8601259" lon="9.2687354"><ele>414.91</ele></trkpt>
            <trkpt lat="45.860056" lon="9.2687232"><ele>414.62</ele></trkpt>
            <trkpt lat="45.8599747" lon="9.2687616"><ele>414.27</ele></trkpt>
            <trkpt lat="45.8596691" lon="9.2691794"><ele>412.5</ele></trkpt>
            <trkpt lat="45.8593126" lon="9.2694793"><ele>410.72</ele></trkpt>
            <trkpt lat="45.8591172" lon="9.2696114"><ele>409.75</ele></trkpt>
            <trkpt lat="45.8589775" lon="9.2696777"><ele>409.07</ele></trkpt>
            <trkpt lat="45.8588607" lon="9.2697115"><ele>408.5</ele></trkpt>
            <trkpt lat="45.8587407" lon="9.2697259"><ele>407.92</ele></trkpt>
            <trkpt lat="45.8585386" lon="9.2697056"><ele>406.93</ele></trkpt>
            <trkpt lat="45.858154" lon="9.2696316"><ele>404.99</ele></trkpt>
            <trkpt lat="45.8579086" lon="9.2696408"><ele>403.77</ele></trkpt>
            <trkpt lat="45.8575803" lon="9.2697032"><ele>402.17</ele></trkpt>
            <trkpt lat="45.8573619" lon="9.2697451"><ele>401.15</ele></trkpt>
            <trkpt lat="45.8571841" lon="9.2697769"><ele>400.37</ele></trkpt>
            <trkpt lat="45.8569884" lon="9.269787"><ele>399.56</ele></trkpt>
            <trkpt lat="45.856842" lon="9.2697599"><ele>399</ele></trkpt>
            <trkpt lat="45.8560176" lon="9.2694504"><ele>396.05</ele></trkpt>
            <trkpt lat="45.8555314" lon="9.2693601"><ele>394.63</ele></trkpt>
            <trkpt lat="45.8553762" lon="9.2693539"><ele>394.25</ele></trkpt>
            <trkpt lat="45.8552648" lon="9.269387"><ele>394.02</ele></trkpt>
            <trkpt lat="45.8551253" lon="9.2695004"><ele>393.74</ele></trkpt>
            <trkpt lat="45.8550509" lon="9.2696202"><ele>393.59</ele></trkpt>
            <trkpt lat="45.8546525" lon="9.2706831"><ele>392.82</ele></trkpt>
            <trkpt lat="45.8544464" lon="9.2711206"><ele>392.67</ele></trkpt>
            <trkpt lat="45.8543427" lon="9.2712996"><ele>392.65</ele></trkpt>
            <trkpt lat="45.8541579" lon="9.271518"><ele>392.7</ele></trkpt>
            <trkpt lat="45.8540383" lon="9.2716408"><ele>392.76</ele></trkpt>
            <trkpt lat="45.8538835" lon="9.2717522"><ele>392.85</ele></trkpt>
            <trkpt lat="45.8537362" lon="9.2718567"><ele>392.95</ele></trkpt>
            <trkpt lat="45.8535467" lon="9.2719886"><ele>393.09</ele></trkpt>
            <trkpt lat="45.8533421" lon="9.2720466"><ele>393.21</ele></trkpt>
            <trkpt lat="45.8532153" lon="9.2720253"><ele>393.26</ele></trkpt>
            <trkpt lat="45.8531498" lon="9.2719773"><ele>393.29</ele></trkpt>
            <trkpt lat="45.8531108" lon="9.2719131"><ele>393.3</ele></trkpt>
            <trkpt lat="45.8530537" lon="9.271761"><ele>393.31</ele></trkpt>
            <trkpt lat="45.8530223" lon="9.2715529"><ele>393.3</ele></trkpt>
            <trkpt lat="45.8530396" lon="9.2712541"><ele>393.21</ele></trkpt>
            <trkpt lat="45.8530806" lon="9.2709504"><ele>393.05</ele></trkpt>
            <trkpt lat="45.85311" lon="9.2708075"><ele>392.94</ele></trkpt>
            <trkpt lat="45.8531701" lon="9.270522"><ele>392.67</ele></trkpt>
            <trkpt lat="45.8532398" lon="9.2700905"><ele>392.17</ele></trkpt>
            <trkpt lat="45.8532549" lon="9.269727"><ele>391.69</ele></trkpt>
            <trkpt lat="45.8532349" lon="9.2694805"><ele>391.34</ele></trkpt>
            <trkpt lat="45.8531991" lon="9.2692801"><ele>391.03</ele></trkpt>
            <trkpt lat="45.8531615" lon="9.2691328"><ele>390.79</ele></trkpt>
            <trkpt lat="45.8530916" lon="9.2689407"><ele>390.47</ele></trkpt>
            <trkpt lat="45.8530138" lon="9.2687323"><ele>390.11</ele></trkpt>
            <trkpt lat="45.8529413" lon="9.2685862"><ele>389.85</ele></trkpt>
            <trkpt lat="45.8527373" lon="9.2681891"><ele>389.17</ele></trkpt>
            <trkpt lat="45.8522596" lon="9.2672599"><ele>387.74</ele></trkpt>
            <trkpt lat="45.8508642" lon="9.2649142"><ele>384.51</ele></trkpt>
            <trkpt lat="45.8504235" lon="9.2641734"><ele>383.61</ele></trkpt>
            <trkpt lat="45.8501967" lon="9.26381"><ele>383.21</ele></trkpt>
            <trkpt lat="45.8498892" lon="9.2633299"><ele>382.69</ele></trkpt>
            <trkpt lat="45.8492319" lon="9.2625016"><ele>381.68</ele></trkpt>
            <trkpt lat="45.8489094" lon="9.261958"><ele>380.98</ele></trkpt>
            <trkpt lat="45.8486537" lon="9.2614237"><ele>380.21</ele></trkpt>
            <trkpt lat="45.8483974" lon="9.2608874"><ele>379.26</ele></trkpt>
            <trkpt lat="45.8478848" lon="9.2598148"><ele>376.99</ele></trkpt>
            <trkpt lat="45.8475645" lon="9.2591444"><ele>375.35</ele></trkpt>
            <trkpt lat="45.8473722" lon="9.2587422"><ele>374.26</ele></trkpt>
            <trkpt lat="45.8472442" lon="9.2584742"><ele>373.48</ele></trkpt>
            <trkpt lat="45.8471127" lon="9.2582253"><ele>372.68</ele></trkpt>
            <trkpt lat="45.8469104" lon="9.2578818"><ele>371.49</ele></trkpt>
            <trkpt lat="45.8466695" lon="9.2575504"><ele>370.19</ele></trkpt>
            <trkpt lat="45.8462345" lon="9.2570726"><ele>368.07</ele></trkpt>
            <trkpt lat="45.8457119" lon="9.2564996"><ele>365.63</ele></trkpt>
            <trkpt lat="45.8446668" lon="9.2553538"><ele>361.11</ele></trkpt>
            <trkpt lat="45.8442313" lon="9.2548764"><ele>359.47</ele></trkpt>
            <trkpt lat="45.8437766" lon="9.2543833"><ele>358.05</ele></trkpt>
            <trkpt lat="45.8434687" lon="9.2540777"><ele>357.3</ele></trkpt>
            <trkpt lat="45.8432193" lon="9.2537582"><ele>356.79</ele></trkpt>
            <trkpt lat="45.8429289" lon="9.25333"><ele>356.36</ele></trkpt>
            <trkpt lat="45.8426896" lon="9.2530472"><ele>356.17</ele></trkpt>
            <trkpt lat="45.8424521" lon="9.252806"><ele>356.1</ele></trkpt>
            <trkpt lat="45.8422395" lon="9.2525305"><ele>356.12</ele></trkpt>
            <trkpt lat="45.8420061" lon="9.2522408"><ele>356.22</ele></trkpt>
            <trkpt lat="45.841741" lon="9.2519125"><ele>356.39</ele></trkpt>
            <trkpt lat="45.8411749" lon="9.2511449"><ele>356.83</ele></trkpt>
            <trkpt lat="45.8410906" lon="9.2510203"><ele>356.88</ele></trkpt>
            <trkpt lat="45.8409368" lon="9.2507335"><ele>356.94</ele></trkpt>
            <trkpt lat="45.8408592" lon="9.2505871"><ele>356.95</ele></trkpt>
            <trkpt lat="45.8407511" lon="9.2503122"><ele>356.91</ele></trkpt>
            <trkpt lat="45.8405333" lon="9.2497567"><ele>356.68</ele></trkpt>
            <trkpt lat="45.8403704" lon="9.2493418"><ele>356.4</ele></trkpt>
            <trkpt lat="45.8398724" lon="9.2482673"><ele>355.35</ele></trkpt>
            <trkpt lat="45.8398041" lon="9.2480409"><ele>355.12</ele></trkpt>
            <trkpt lat="45.8397616" lon="9.2476538"><ele>354.7</ele></trkpt>
            <trkpt lat="45.8395601" lon="9.2473242"><ele>354.17</ele></trkpt>
            <trkpt lat="45.8394269" lon="9.2470466"><ele>353.74</ele></trkpt>
            <trkpt lat="45.8390119" lon="9.2460037"><ele>352.1</ele></trkpt>
            <trkpt lat="45.8388699" lon="9.2454978"><ele>351.34</ele></trkpt>
            <trkpt lat="45.83878" lon="9.245025"><ele>350.65</ele></trkpt>
            <trkpt lat="45.8386907" lon="9.2445527"><ele>349.99</ele></trkpt>
            <trkpt lat="45.8386072" lon="9.2436239"><ele>348.8</ele></trkpt>
            <trkpt lat="45.8385272" lon="9.2433117"><ele>348.44</ele></trkpt>
            <trkpt lat="45.8384575" lon="9.2431644"><ele>348.27</ele></trkpt>
            <trkpt lat="45.838365" lon="9.2430284"><ele>348.12</ele></trkpt>
            <trkpt lat="45.8381783" lon="9.2428465"><ele>347.93</ele></trkpt>
            <trkpt lat="45.8378126" lon="9.2423865"><ele>347.7</ele></trkpt>
            <trkpt lat="45.8373934" lon="9.2415926"><ele>347.71</ele></trkpt>
            <trkpt lat="45.8372843" lon="9.2412858"><ele>347.84</ele></trkpt>
            <trkpt lat="45.8371982" lon="9.2409668"><ele>348.08</ele></trkpt>
            <trkpt lat="45.8371257" lon="9.2406427"><ele>348.42</ele></trkpt>
            <trkpt lat="45.837058" lon="9.240312"><ele>348.87</ele></trkpt>
            <trkpt lat="45.83695" lon="9.2398273"><ele>349.66</ele></trkpt>
            <trkpt lat="45.8367097" lon="9.2389112"><ele>351.33</ele></trkpt>
            <trkpt lat="45.83636" lon="9.2380294"><ele>352.98</ele></trkpt>
            <trkpt lat="45.8359909" lon="9.2370019"><ele>354.5</ele></trkpt>
            <trkpt lat="45.8358804" lon="9.2366137"><ele>354.81</ele></trkpt>
            <trkpt lat="45.8358226" lon="9.2364102"><ele>354.85</ele></trkpt>
            <trkpt lat="45.8357746" lon="9.2362063"><ele>354.81</ele></trkpt>
            <trkpt lat="45.8357359" lon="9.2358856"><ele>354.58</ele></trkpt>
            <trkpt lat="45.8356939" lon="9.2355281"><ele>354.12</ele></trkpt>
            <trkpt lat="45.83564" lon="9.235072"><ele>353.26</ele></trkpt>
            <trkpt lat="45.83551" lon="9.2342609"><ele>351.31</ele></trkpt>
            <trkpt lat="45.835446" lon="9.233928"><ele>350.4</ele></trkpt>
            <trkpt lat="45.8353501" lon="9.2334269"><ele>348.92</ele></trkpt>
            <trkpt lat="45.8352908" lon="9.2328227"><ele>347.14</ele></trkpt>
            <trkpt lat="45.8352841" lon="9.2322902"><ele>345.6</ele></trkpt>
            <trkpt lat="45.8352479" lon="9.23209"><ele>345.03</ele></trkpt>
            <trkpt lat="45.8351654" lon="9.2318152"><ele>344.24</ele></trkpt>
            <trkpt lat="45.83501" lon="9.2309812"><ele>342.12</ele></trkpt>
            <trkpt lat="45.834812" lon="9.229866"><ele>339.63</ele></trkpt>
            <trkpt lat="45.834704" lon="9.229242"><ele>338.45</ele></trkpt>
            <trkpt lat="45.834625" lon="9.2287615"><ele>337.74</ele></trkpt>
            <trkpt lat="45.8344989" lon="9.2279172"><ele>336.88</ele></trkpt>
            <trkpt lat="45.8344291" lon="9.2276297"><ele>336.71</ele></trkpt>
            <trkpt lat="45.8342905" lon="9.2272321"><ele>336.7</ele></trkpt>
            <trkpt lat="45.8339607" lon="9.2263914"><ele>337.27</ele></trkpt>
            <trkpt lat="45.83385" lon="9.226085"><ele>337.72</ele></trkpt>
            <trkpt lat="45.833731" lon="9.2257475"><ele>338.48</ele></trkpt>
            <trkpt lat="45.833668" lon="9.2255221"><ele>339.13</ele></trkpt>
            <trkpt lat="45.8336167" lon="9.2253512"><ele>339.73</ele></trkpt>
            <trkpt lat="45.8335359" lon="9.2251044"><ele>340.74</ele></trkpt>
            <trkpt lat="45.8334712" lon="9.2248478"><ele>341.92</ele></trkpt>
            <trkpt lat="45.8334307" lon="9.2246872"><ele>342.74</ele></trkpt>
            <trkpt lat="45.833395" lon="9.2245456"><ele>343.52</ele></trkpt>
            <trkpt lat="45.8333588" lon="9.2244017"><ele>344.35</ele></trkpt>
            <trkpt lat="45.8333225" lon="9.2242578"><ele>345.23</ele></trkpt>
            <trkpt lat="45.8332512" lon="9.2239754"><ele>347.05</ele></trkpt>
            <trkpt lat="45.833185" lon="9.2237951"><ele>348.36</ele></trkpt>
            <trkpt lat="45.8331161" lon="9.2236127"><ele>349.73</ele></trkpt>
            <trkpt lat="45.8330089" lon="9.223401"><ele>351.51</ele></trkpt>
            <trkpt lat="45.8328808" lon="9.2232093"><ele>353.34</ele></trkpt>
            <trkpt lat="45.8328077" lon="9.2231033"><ele>354.37</ele></trkpt>
            <trkpt lat="45.8327174" lon="9.2229938"><ele>355.55</ele></trkpt>
            <trkpt lat="45.8326595" lon="9.2229359"><ele>356.24</ele></trkpt>
            <trkpt lat="45.8325687" lon="9.2228646"><ele>357.26</ele></trkpt>
            <trkpt lat="45.8324297" lon="9.2227933"><ele>358.68</ele></trkpt>
            <trkpt lat="45.8322927" lon="9.2227398"><ele>360.01</ele></trkpt>
            <trkpt lat="45.8321701" lon="9.2227027"><ele>361.15</ele></trkpt>
            <trkpt lat="45.832061" lon="9.2226698"><ele>362.13</ele></trkpt>
            <trkpt lat="45.8319507" lon="9.2226365"><ele>363.08</ele></trkpt>
            <trkpt lat="45.8318395" lon="9.222603"><ele>364.01</ele></trkpt>
            <trkpt lat="45.831574" lon="9.2225069"><ele>366.09</ele></trkpt>
            <trkpt lat="45.8313085" lon="9.2223699"><ele>368.03</ele></trkpt>
            <trkpt lat="45.8310319" lon="9.2221825"><ele>369.88</ele></trkpt>
            <trkpt lat="45.8308306" lon="9.2220127"><ele>371.1</ele></trkpt>
            <trkpt lat="45.8307246" lon="9.221906"><ele>371.69</ele></trkpt>
            <trkpt lat="45.830537" lon="9.2217013"><ele>372.62</ele></trkpt>
            <trkpt lat="45.83037" lon="9.2215025"><ele>373.31</ele></trkpt>
            <trkpt lat="45.82987" lon="9.2209075"><ele>374.84</ele></trkpt>
            <trkpt lat="45.8296196" lon="9.2206106"><ele>375.32</ele></trkpt>
            <trkpt lat="45.8294366" lon="9.220439"><ele>375.47</ele></trkpt>
            <trkpt lat="45.829357" lon="9.2203859"><ele>375.49</ele></trkpt>
            <trkpt lat="45.8292696" lon="9.2203419"><ele>375.47</ele></trkpt>
            <trkpt lat="45.8290957" lon="9.2202919"><ele>375.35</ele></trkpt>
            <trkpt lat="45.8288435" lon="9.22025"><ele>375.01</ele></trkpt>
            <trkpt lat="45.8285" lon="9.2202038"><ele>374.3</ele></trkpt>
            <trkpt lat="45.82817" lon="9.2201646"><ele>373.41</ele></trkpt>
            <trkpt lat="45.82784" lon="9.2201254"><ele>372.34</ele></trkpt>
            <trkpt lat="45.8274001" lon="9.2200731"><ele>370.74</ele></trkpt>
            <trkpt lat="45.826881" lon="9.2199688"><ele>368.77</ele></trkpt>
            <trkpt lat="45.826574" lon="9.219823"><ele>367.6</ele></trkpt>
            <trkpt lat="45.82637" lon="9.219725"><ele>366.89</ele></trkpt>
            <trkpt lat="45.826166" lon="9.219627"><ele>366.25</ele></trkpt>
            <trkpt lat="45.8259619" lon="9.219529"><ele>365.7</ele></trkpt>
            <trkpt lat="45.8257622" lon="9.2194077"><ele>365.26</ele></trkpt>
            <trkpt lat="45.8255667" lon="9.2192633"><ele>364.92</ele></trkpt>
            <trkpt lat="45.8253711" lon="9.2191189"><ele>364.7</ele></trkpt>
            <trkpt lat="45.8249801" lon="9.2188311"><ele>364.5</ele></trkpt>
            <trkpt lat="45.8245563" lon="9.2186196"><ele>364.57</ele></trkpt>
            <trkpt lat="45.8240267" lon="9.2183566"><ele>364.96</ele></trkpt>
            <trkpt lat="45.8226496" lon="9.2176729"><ele>366.58</ele></trkpt>
            <trkpt lat="45.8221172" lon="9.2174077"><ele>367.31</ele></trkpt>
            <trkpt lat="45.8218485" lon="9.2172391"><ele>367.71</ele></trkpt>
            <trkpt lat="45.8215816" lon="9.217066"><ele>368.12</ele></trkpt>
            <trkpt lat="45.8209433" lon="9.2164533"><ele>369.13</ele></trkpt>
            <trkpt lat="45.8208594" lon="9.2163815"><ele>369.25</ele></trkpt>
            <trkpt lat="45.8205923" lon="9.2162225"><ele>369.56</ele></trkpt>
            <trkpt lat="45.8202662" lon="9.2161072"><ele>369.86</ele></trkpt>
            <trkpt lat="45.8199424" lon="9.2159945"><ele>370.09</ele></trkpt>
            <trkpt lat="45.8195107" lon="9.2158441"><ele>370.35</ele></trkpt>
            <trkpt lat="45.8184314" lon="9.2154682"><ele>370.97</ele></trkpt>
            <trkpt lat="45.8179997" lon="9.2153179"><ele>371.39</ele></trkpt>
            <trkpt lat="45.8177838" lon="9.2152427"><ele>371.69</ele></trkpt>
            <trkpt lat="45.817568" lon="9.2151676"><ele>372.09</ele></trkpt>
            <trkpt lat="45.8172486" lon="9.21505"><ele>372.85</ele></trkpt>
            <trkpt lat="45.8170371" lon="9.21497"><ele>373.46</ele></trkpt>
            <trkpt lat="45.8167192" lon="9.2148488"><ele>374.52</ele></trkpt>
            <trkpt lat="45.8163289" lon="9.2146389"><ele>376.03</ele></trkpt>
            <trkpt lat="45.8161543" lon="9.2145323"><ele>376.76</ele></trkpt>
            <trkpt lat="45.8157089" lon="9.2141882"><ele>378.79</ele></trkpt>
            <trkpt lat="45.8154361" lon="9.2139004"><ele>380.14</ele></trkpt>
            <trkpt lat="45.8151622" lon="9.2136109"><ele>381.44</ele></trkpt>
            <trkpt lat="45.814797" lon="9.2132248"><ele>383.04</ele></trkpt>
            <trkpt lat="45.8141578" lon="9.2125491"><ele>385.48</ele></trkpt>
            <trkpt lat="45.8138839" lon="9.2122595"><ele>386.31</ele></trkpt>
            <trkpt lat="45.8137015" lon="9.2120667"><ele>386.7</ele></trkpt>
            <trkpt lat="45.8135279" lon="9.2118879"><ele>386.94</ele></trkpt>
            <trkpt lat="45.8132806" lon="9.211642"><ele>387.06</ele></trkpt>
            <trkpt lat="45.8130888" lon="9.2115003"><ele>386.99</ele></trkpt>
            <trkpt lat="45.8127121" lon="9.2112922"><ele>386.56</ele></trkpt>
            <trkpt lat="45.8123718" lon="9.2111864"><ele>385.91</ele></trkpt>
            <trkpt lat="45.8118082" lon="9.2110136"><ele>384.36</ele></trkpt>
            <trkpt lat="45.8114593" lon="9.2109053"><ele>383.12</ele></trkpt>
            <trkpt lat="45.8112376" lon="9.2108091"><ele>382.15</ele></trkpt>
            <trkpt lat="45.8111092" lon="9.2107177"><ele>381.48</ele></trkpt>
            <trkpt lat="45.8108995" lon="9.2105087"><ele>380.14</ele></trkpt>
            <trkpt lat="45.81055" lon="9.21009"><ele>377.45</ele></trkpt>
            <trkpt lat="45.8102953" lon="9.2097828"><ele>375.3</ele></trkpt>
            <trkpt lat="45.8102069" lon="9.2096782"><ele>374.51</ele></trkpt>
            <trkpt lat="45.8100488" lon="9.2095322"><ele>373.17</ele></trkpt>
            <trkpt lat="45.8098523" lon="9.2093844"><ele>371.52</ele></trkpt>
            <trkpt lat="45.80959" lon="9.2092755"><ele>369.43</ele></trkpt>
            <trkpt lat="45.8093203" lon="9.2092402"><ele>367.31</ele></trkpt>
            <trkpt lat="45.8091782" lon="9.2092512"><ele>366.19</ele></trkpt>
            <trkpt lat="45.8089261" lon="9.2093222"><ele>364.19</ele></trkpt>
            <trkpt lat="45.808738" lon="9.209412"><ele>362.67</ele></trkpt>
            <trkpt lat="45.8085454" lon="9.2095043"><ele>361.16</ele></trkpt>
            <trkpt lat="45.8083348" lon="9.2095901"><ele>359.6</ele></trkpt>
            <trkpt lat="45.80811" lon="9.20969"><ele>357.99</ele></trkpt>
            <trkpt lat="45.80789" lon="9.20981"><ele>356.49</ele></trkpt>
            <trkpt lat="45.8076684" lon="9.20993"><ele>355.07</ele></trkpt>
            <trkpt lat="45.8074636" lon="9.2100085"><ele>353.89</ele></trkpt>
            <trkpt lat="45.807167" lon="9.2100491"><ele>352.38</ele></trkpt>
            <trkpt lat="45.8068731" lon="9.2100318"><ele>351.02</ele></trkpt>
            <trkpt lat="45.806681" lon="9.2099829"><ele>350.21</ele></trkpt>
            <trkpt lat="45.8064351" lon="9.2098657"><ele>349.23</ele></trkpt>
            <trkpt lat="45.8062862" lon="9.2097598"><ele>348.67</ele></trkpt>
            <trkpt lat="45.8061423" lon="9.2096306"><ele>348.15</ele></trkpt>
            <trkpt lat="45.8059938" lon="9.2094635"><ele>347.64</ele></trkpt>
            <trkpt lat="45.8056567" lon="9.2089667"><ele>346.54</ele></trkpt>
            <trkpt lat="45.805265" lon="9.208415"><ele>345.56</ele></trkpt>
            <trkpt lat="45.8049549" lon="9.2080149"><ele>345.05</ele></trkpt>
            <trkpt lat="45.8046907" lon="9.2077228"><ele>344.84</ele></trkpt>
            <trkpt lat="45.8045024" lon="9.2075465"><ele>344.82</ele></trkpt>
            <trkpt lat="45.8044236" lon="9.207406"><ele>344.86</ele></trkpt>
            <trkpt lat="45.8043732" lon="9.2071441"><ele>345.01</ele></trkpt>
            <trkpt lat="45.8042946" lon="9.2069367"><ele>345.21</ele></trkpt>
            <trkpt lat="45.8042728" lon="9.2068406"><ele>345.31</ele></trkpt>
            <trkpt lat="45.8042631" lon="9.2065763"><ele>345.65</ele></trkpt>
            <trkpt lat="45.8043048" lon="9.2062083"><ele>346.25</ele></trkpt>
            <trkpt lat="45.8043632" lon="9.2057372"><ele>347.19</ele></trkpt>
            <trkpt lat="45.8044371" lon="9.2051897"><ele>348.46</ele></trkpt>
            <trkpt lat="45.8046715" lon="9.2033061"><ele>353.29</ele></trkpt>
            <trkpt lat="45.8046195" lon="9.2026403"><ele>355.47</ele></trkpt>
            <trkpt lat="45.8045415" lon="9.202392"><ele>356.11</ele></trkpt>
            <trkpt lat="45.8044142" lon="9.2021782"><ele>356.74</ele></trkpt>
            <trkpt lat="45.8042731" lon="9.2018183"><ele>357.63</ele></trkpt>
            <trkpt lat="45.8041234" lon="9.2015168"><ele>358.4</ele></trkpt>
            <trkpt lat="45.803902" lon="9.201106"><ele>359.44</ele></trkpt>
            <trkpt lat="45.8036802" lon="9.2007097"><ele>360.43</ele></trkpt>
            <trkpt lat="45.8033479" lon="9.2000081"><ele>362.09</ele></trkpt>
            <trkpt lat="45.802911" lon="9.1993694"><ele>363.9</ele></trkpt>
            <trkpt lat="45.8025874" lon="9.198957"><ele>365.24</ele></trkpt>
            <trkpt lat="45.8023518" lon="9.1986394"><ele>366.31</ele></trkpt>
            <trkpt lat="45.8020647" lon="9.1980512"><ele>368.08</ele></trkpt>
            <trkpt lat="45.8015995" lon="9.1970931"><ele>371.14</ele></trkpt>
            <trkpt lat="45.8013639" lon="9.1965971"><ele>372.78</ele></trkpt>
            <trkpt lat="45.8010408" lon="9.1953537"><ele>376.52</ele></trkpt>
            <trkpt lat="45.8008065" lon="9.1945429"><ele>379.06</ele></trkpt>
            <trkpt lat="45.800721" lon="9.1943343"><ele>379.78</ele></trkpt>
            <trkpt lat="45.8003611" lon="9.1936124"><ele>382.44</ele></trkpt>
            <trkpt lat="45.7994792" lon="9.1919091"><ele>388.99</ele></trkpt>
            <trkpt lat="45.7991356" lon="9.1913156"><ele>391.45</ele></trkpt>
            <trkpt lat="45.7988595" lon="9.1908411"><ele>393.48</ele></trkpt>
            <trkpt lat="45.7978667" lon="9.1896267"><ele>399.76</ele></trkpt>
            <trkpt lat="45.7974527" lon="9.189121"><ele>402.34</ele></trkpt>
            <trkpt lat="45.79713" lon="9.1886814"><ele>404.38</ele></trkpt>
            <trkpt lat="45.7965048" lon="9.187819"><ele>408.18</ele></trkpt>
            <trkpt lat="45.796445" lon="9.187668"><ele>408.67</ele></trkpt>
            <trkpt lat="45.796434" lon="9.1875602"><ele>408.97</ele></trkpt>
            <trkpt lat="45.7964442" lon="9.1874606"><ele>409.24</ele></trkpt>
            <trkpt lat="45.7964789" lon="9.1873556"><ele>409.54</ele></trkpt>
            <trkpt lat="45.7965236" lon="9.1872803"><ele>409.78</ele></trkpt>
            <trkpt lat="45.7973122" lon="9.1863406"><ele>413.11</ele></trkpt>
            <trkpt lat="45.7976744" lon="9.1859212"><ele>414.34</ele></trkpt>
            <trkpt lat="45.7980635" lon="9.1854751"><ele>415.31</ele></trkpt>
            <trkpt lat="45.7983247" lon="9.1853462"><ele>415.66</ele></trkpt>
            <trkpt lat="45.798359" lon="9.185284"><ele>415.7</ele></trkpt>
            <trkpt lat="45.798366" lon="9.1851863"><ele>415.75</ele></trkpt>
            <trkpt lat="45.7983309" lon="9.1848805"><ele>415.8</ele></trkpt>
            <trkpt lat="45.7982282" lon="9.1842981"><ele>415.66</ele></trkpt>
            <trkpt lat="45.7981888" lon="9.1840335"><ele>415.51</ele></trkpt>
            <trkpt lat="45.7981112" lon="9.1833073"><ele>414.91</ele></trkpt>
            <trkpt lat="45.7980949" lon="9.1828485"><ele>414.47</ele></trkpt>
            <trkpt lat="45.7981021" lon="9.1827176"><ele>414.33</ele></trkpt>
            <trkpt lat="45.7981764" lon="9.1821987"><ele>413.79</ele></trkpt>
            <trkpt lat="45.798175" lon="9.181921"><ele>413.52</ele></trkpt>
            <trkpt lat="45.7981012" lon="9.1815468"><ele>413.18</ele></trkpt>
            <trkpt lat="45.7979942" lon="9.1810625"><ele>412.82</ele></trkpt>
            <trkpt lat="45.797815" lon="9.180325"><ele>412.43</ele></trkpt>
            <trkpt lat="45.7975997" lon="9.179441"><ele>412.19</ele></trkpt>
            <trkpt lat="45.7968267" lon="9.17712"><ele>412.07</ele></trkpt>
            <trkpt lat="45.7965827" lon="9.1763641"><ele>412.06</ele></trkpt>
            <trkpt lat="45.7963784" lon="9.1757159"><ele>412.02</ele></trkpt>
            <trkpt lat="45.7963435" lon="9.1755602"><ele>411.99</ele></trkpt>
            <trkpt lat="45.7963139" lon="9.1753593"><ele>411.96</ele></trkpt>
            <trkpt lat="45.7963117" lon="9.17521"><ele>411.92</ele></trkpt>
            <trkpt lat="45.7964289" lon="9.1734417"><ele>411.31</ele></trkpt>
            <trkpt lat="45.7964574" lon="9.1729836"><ele>411.09</ele></trkpt>
            <trkpt lat="45.796447" lon="9.1726801"><ele>410.9</ele></trkpt>
            <trkpt lat="45.7963869" lon="9.1723822"><ele>410.67</ele></trkpt>
            <trkpt lat="45.7961785" lon="9.1718646"><ele>410.17</ele></trkpt>
            <trkpt lat="45.7960125" lon="9.1713669"><ele>409.7</ele></trkpt>
            <trkpt lat="45.7959451" lon="9.1710161"><ele>409.4</ele></trkpt>
            <trkpt lat="45.795914" lon="9.1706026"><ele>409.1</ele></trkpt>
            <trkpt lat="45.7958804" lon="9.1705048"><ele>409.03</ele></trkpt>
            <trkpt lat="45.7957032" lon="9.1701319"><ele>408.77</ele></trkpt>
            <trkpt lat="45.7956883" lon="9.1700415"><ele>408.73</ele></trkpt>
            <trkpt lat="45.7957002" lon="9.1699028"><ele>408.67</ele></trkpt>
            <trkpt lat="45.7958208" lon="9.1695434"><ele>408.55</ele></trkpt>
            <trkpt lat="45.7959955" lon="9.169071"><ele>408.47</ele></trkpt>
            <trkpt lat="45.7964586" lon="9.1678189"><ele>408.4</ele></trkpt>
            <trkpt lat="45.7966605" lon="9.167226"><ele>408.34</ele></trkpt>
            <trkpt lat="45.7967619" lon="9.166809"><ele>408.26</ele></trkpt>
            <trkpt lat="45.7968358" lon="9.1664485"><ele>408.15</ele></trkpt>
            <trkpt lat="45.796868" lon="9.1662071"><ele>408.06</ele></trkpt>
            <trkpt lat="45.7968984" lon="9.1657423"><ele>407.84</ele></trkpt>
            <trkpt lat="45.7969899" lon="9.164345"><ele>407.11</ele></trkpt>
            <trkpt lat="45.797016" lon="9.163842"><ele>406.92</ele></trkpt>
            <trkpt lat="45.7970402" lon="9.1633184"><ele>406.85</ele></trkpt>
            <trkpt lat="45.79708" lon="9.1626686"><ele>406.96</ele></trkpt>
            <trkpt lat="45.7971275" lon="9.1620226"><ele>407.32</ele></trkpt>
            <trkpt lat="45.7972357" lon="9.1611086"><ele>408.25</ele></trkpt>
            <trkpt lat="45.7973586" lon="9.1602"><ele>409.63</ele></trkpt>
            <trkpt lat="45.7974809" lon="9.1593986"><ele>411.25</ele></trkpt>
            <trkpt lat="45.79762" lon="9.1588167"><ele>412.7</ele></trkpt>
            <trkpt lat="45.79776" lon="9.1582333"><ele>414.35</ele></trkpt>
            <trkpt lat="45.7978989" lon="9.1576552"><ele>416.09</ele></trkpt>
            <trkpt lat="45.7980829" lon="9.1570919"><ele>417.87</ele></trkpt>
            <trkpt lat="45.7982617" lon="9.1567548"><ele>419.02</ele></trkpt>
            <trkpt lat="45.7984696" lon="9.1564722"><ele>420.03</ele></trkpt>
            <trkpt lat="45.7985975" lon="9.1563007"><ele>420.57</ele></trkpt>
            <trkpt lat="45.7986775" lon="9.1561868"><ele>420.88</ele></trkpt>
            <trkpt lat="45.7987454" lon="9.1560578"><ele>421.15</ele></trkpt>
            <trkpt lat="45.7989185" lon="9.155708"><ele>421.72</ele></trkpt>
            <trkpt lat="45.7991075" lon="9.1553261"><ele>422.12</ele></trkpt>
            <trkpt lat="45.7994872" lon="9.1545588"><ele>422.47</ele></trkpt>
            <trkpt lat="45.7999934" lon="9.1535358"><ele>422.41</ele></trkpt>
            <trkpt lat="45.8001176" lon="9.1532848"><ele>422.33</ele></trkpt>
            <trkpt lat="45.8002722" lon="9.1529052"><ele>422.13</ele></trkpt>
            <trkpt lat="45.800335" lon="9.1526563"><ele>421.99</ele></trkpt>
            <trkpt lat="45.800389" lon="9.1521757"><ele>421.68</ele></trkpt>
            <trkpt lat="45.8004493" lon="9.1512227"><ele>421.08</ele></trkpt>
            <trkpt lat="45.8005427" lon="9.1508629"><ele>420.87</ele></trkpt>
            <trkpt lat="45.8005643" lon="9.1506652"><ele>420.79</ele></trkpt>
            <trkpt lat="45.8006113" lon="9.150484"><ele>420.73</ele></trkpt>
            <trkpt lat="45.8008898" lon="9.149885"><ele>420.58</ele></trkpt>
            <trkpt lat="45.8011319" lon="9.149371"><ele>420.55</ele></trkpt>
            <trkpt lat="45.8013741" lon="9.1488571"><ele>420.6</ele></trkpt>
            <trkpt lat="45.8017368" lon="9.1481289"><ele>420.77</ele></trkpt>
            <trkpt lat="45.8018055" lon="9.1479205"><ele>420.83</ele></trkpt>
            <trkpt lat="45.8018202" lon="9.1477802"><ele>420.86</ele></trkpt>
            <trkpt lat="45.8017965" lon="9.147562"><ele>420.92</ele></trkpt>
            <trkpt lat="45.8015831" lon="9.1468291"><ele>421.17</ele></trkpt>
            <trkpt lat="45.8015522" lon="9.1466291"><ele>421.24</ele></trkpt>
            <trkpt lat="45.8015415" lon="9.1464226"><ele>421.31</ele></trkpt>
            <trkpt lat="45.8015508" lon="9.1461945"><ele>421.39</ele></trkpt>
            <trkpt lat="45.8015893" lon="9.1458958"><ele>421.51</ele></trkpt>
            <trkpt lat="45.8017419" lon="9.1452896"><ele>421.79</ele></trkpt>
            <trkpt lat="45.80176" lon="9.1449736"><ele>421.95</ele></trkpt>
            <trkpt lat="45.8018273" lon="9.1447311"><ele>422.1</ele></trkpt>
            <trkpt lat="45.8018097" lon="9.1445116"><ele>422.25</ele></trkpt>
            <trkpt lat="45.8017672" lon="9.1442824"><ele>422.43</ele></trkpt>
            <trkpt lat="45.8016736" lon="9.1440029"><ele>422.71</ele></trkpt>
            <trkpt lat="45.8015638" lon="9.1436777"><ele>423.1</ele></trkpt>
            <trkpt lat="45.8012901" lon="9.1428348"><ele>424.31</ele></trkpt>
            <trkpt lat="45.8011537" lon="9.1424148"><ele>425.06</ele></trkpt>
            <trkpt lat="45.801085" lon="9.1422034"><ele>425.51</ele></trkpt>
            <trkpt lat="45.8010047" lon="9.1419531"><ele>426.11</ele></trkpt>
            <trkpt lat="45.8009832" lon="9.1418412"><ele>426.39</ele></trkpt>
            <trkpt lat="45.8009825" lon="9.1416901"><ele>426.77</ele></trkpt>
            <trkpt lat="45.8009986" lon="9.1415499"><ele>427.15</ele></trkpt>
            <trkpt lat="45.8010246" lon="9.1414555"><ele>427.44</ele></trkpt>
            <trkpt lat="45.8011167" lon="9.1412445"><ele>428.16</ele></trkpt>
            <trkpt lat="45.8011802" lon="9.1410493"><ele>428.83</ele></trkpt>
            <trkpt lat="45.8012788" lon="9.140712"><ele>429.99</ele></trkpt>
            <trkpt lat="45.801432" lon="9.1400468"><ele>432.27</ele></trkpt>
            <trkpt lat="45.8015206" lon="9.1396984"><ele>433.42</ele></trkpt>
            <trkpt lat="45.8016015" lon="9.1394918"><ele>434.11</ele></trkpt>
            <trkpt lat="45.8016753" lon="9.1393407"><ele>434.62</ele></trkpt>
            <trkpt lat="45.8018134" lon="9.1391014"><ele>435.41</ele></trkpt>
            <trkpt lat="45.8018704" lon="9.1390014"><ele>435.71</ele></trkpt>
            <trkpt lat="45.8019459" lon="9.1388254"><ele>436.16</ele></trkpt>
            <trkpt lat="45.8019823" lon="9.138638"><ele>436.53</ele></trkpt>
            <trkpt lat="45.8019538" lon="9.138254"><ele>437.19</ele></trkpt>
            <trkpt lat="45.8020269" lon="9.1379333"><ele>437.66</ele></trkpt>
            <trkpt lat="45.8020302" lon="9.1373507"><ele>438.35</ele></trkpt>
            <trkpt lat="45.8020405" lon="9.1371604"><ele>438.54</ele></trkpt>
            <trkpt lat="45.8020635" lon="9.1370371"><ele>438.67</ele></trkpt>
            <trkpt lat="45.8021198" lon="9.1369136"><ele>438.8</ele></trkpt>
            <trkpt lat="45.8022355" lon="9.1367114"><ele>439.01</ele></trkpt>
            <trkpt lat="45.8024719" lon="9.1362786"><ele>439.4</ele></trkpt>
            <trkpt lat="45.802506" lon="9.1361496"><ele>439.49</ele></trkpt>
            <trkpt lat="45.8025534" lon="9.1358517"><ele>439.67</ele></trkpt>
            <trkpt lat="45.8026266" lon="9.1356003"><ele>439.8</ele></trkpt>
            <trkpt lat="45.8027826" lon="9.1350903"><ele>440.03</ele></trkpt>
            <trkpt lat="45.8029259" lon="9.1345829"><ele>440.17</ele></trkpt>
            <trkpt lat="45.802994" lon="9.1344363"><ele>440.19</ele></trkpt>
            <trkpt lat="45.8032361" lon="9.1340658"><ele>440.15</ele></trkpt>
            <trkpt lat="45.8034234" lon="9.1336785"><ele>439.99</ele></trkpt>
            <trkpt lat="45.8035144" lon="9.133351"><ele>439.76</ele></trkpt>
            <trkpt lat="45.8035701" lon="9.1330628"><ele>439.5</ele></trkpt>
            <trkpt lat="45.803631" lon="9.1327074"><ele>439.07</ele></trkpt>
            <trkpt lat="45.8037078" lon="9.1324077"><ele>438.61</ele></trkpt>
            <trkpt lat="45.8037898" lon="9.1320892"><ele>438.03</ele></trkpt>
            <trkpt lat="45.8038578" lon="9.1318248"><ele>437.49</ele></trkpt>
            <trkpt lat="45.8038862" lon="9.1316739"><ele>437.16</ele></trkpt>
            <trkpt lat="45.8038807" lon="9.131525"><ele>436.83</ele></trkpt>
            <trkpt lat="45.8038554" lon="9.1314259"><ele>436.58</ele></trkpt>
            <trkpt lat="45.8038052" lon="9.1313266"><ele>436.29</ele></trkpt>
            <trkpt lat="45.8035599" lon="9.1310687"><ele>435.18</ele></trkpt>
            <trkpt lat="45.8034997" lon="9.1309866"><ele>434.86</ele></trkpt>
            <trkpt lat="45.8034516" lon="9.1308361"><ele>434.4</ele></trkpt>
            <trkpt lat="45.8034145" lon="9.1305871"><ele>433.66</ele></trkpt>
            <trkpt lat="45.8033965" lon="9.1303038"><ele>432.78</ele></trkpt>
            <trkpt lat="45.8033906" lon="9.1300153"><ele>431.83</ele></trkpt>
            <trkpt lat="45.8034425" lon="9.1292248"><ele>429.01</ele></trkpt>
            <trkpt lat="45.8034501" lon="9.1286991"><ele>426.93</ele></trkpt>
            <trkpt lat="45.803468" lon="9.128196"><ele>424.68</ele></trkpt>
            <trkpt lat="45.8034805" lon="9.1278582"><ele>422.99</ele></trkpt>
            <trkpt lat="45.8035091" lon="9.1275491"><ele>421.28</ele></trkpt>
            <trkpt lat="45.8035527" lon="9.1270827"><ele>418.43</ele></trkpt>
            <trkpt lat="45.8035818" lon="9.1267718"><ele>416.37</ele></trkpt>
            <trkpt lat="45.8036255" lon="9.1263051"><ele>413.04</ele></trkpt>
            <trkpt lat="45.8036508" lon="9.1259774"><ele>410.58</ele></trkpt>
            <trkpt lat="45.8036722" lon="9.1256343"><ele>407.9</ele></trkpt>
            <trkpt lat="45.803693" lon="9.1253013"><ele>405.23</ele></trkpt>
            <trkpt lat="45.8037049" lon="9.1249763"><ele>402.59</ele></trkpt>
            <trkpt lat="45.8036596" lon="9.1243893"><ele>397.77</ele></trkpt>
            <trkpt lat="45.8036409" lon="9.1240868"><ele>395.33</ele></trkpt>
            <trkpt lat="45.8036512" lon="9.1239598"><ele>394.32</ele></trkpt>
            <trkpt lat="45.8036868" lon="9.1238575"><ele>393.43</ele></trkpt>
            <trkpt lat="45.803769" lon="9.1237484"><ele>392.19</ele></trkpt>
            <trkpt lat="45.8038775" lon="9.1236243"><ele>390.69</ele></trkpt>
            <trkpt lat="45.8040332" lon="9.1234243"><ele>388.48</ele></trkpt>
            <trkpt lat="45.8042045" lon="9.122934"><ele>384.6</ele></trkpt>
            <trkpt lat="45.8043823" lon="9.1226857"><ele>382.16</ele></trkpt>
            <trkpt lat="45.8044452" lon="9.122527"><ele>380.94</ele></trkpt>
            <trkpt lat="45.8044622" lon="9.122423"><ele>380.23</ele></trkpt>
            <trkpt lat="45.8044664" lon="9.1221014"><ele>378.15</ele></trkpt>
            <trkpt lat="45.804468" lon="9.1215692"><ele>374.78</ele></trkpt>
            <trkpt lat="45.804535" lon="9.1210151"><ele>371.28</ele></trkpt>
            <trkpt lat="45.8046012" lon="9.1204778"><ele>367.93</ele></trkpt>
            <trkpt lat="45.8046871" lon="9.1201677"><ele>365.89</ele></trkpt>
            <trkpt lat="45.804704" lon="9.1200426"><ele>365.12</ele></trkpt>
            <trkpt lat="45.8046391" lon="9.119587"><ele>362.32</ele></trkpt>
            <trkpt lat="45.8046047" lon="9.1186521"><ele>356.76</ele></trkpt>
            <trkpt lat="45.8045938" lon="9.1183265"><ele>354.87</ele></trkpt>
            <trkpt lat="45.8046005" lon="9.1182146"><ele>354.23</ele></trkpt>
            <trkpt lat="45.8046303" lon="9.1180829"><ele>353.45</ele></trkpt>
            <trkpt lat="45.8047864" lon="9.1175576"><ele>350.32</ele></trkpt>
            <trkpt lat="45.8048046" lon="9.1174394"><ele>349.67</ele></trkpt>
            <trkpt lat="45.8047912" lon="9.1170742"><ele>347.78</ele></trkpt>
            <trkpt lat="45.8047613" lon="9.1167529"><ele>346.18</ele></trkpt>
            <trkpt lat="45.8047593" lon="9.11646"><ele>344.81</ele></trkpt>
            <trkpt lat="45.804743" lon="9.1160952"><ele>343.18</ele></trkpt>
            <trkpt lat="45.8047772" lon="9.1159078"><ele>342.36</ele></trkpt>
            <trkpt lat="45.8047657" lon="9.1158318"><ele>342.04</ele></trkpt>
            <trkpt lat="45.8047102" lon="9.1157841"><ele>341.66</ele></trkpt>
            <trkpt lat="45.8046466" lon="9.1158236"><ele>341.26</ele></trkpt>
            <trkpt lat="45.8045358" lon="9.1161766"><ele>339.78</ele></trkpt>
            <trkpt lat="45.8044897" lon="9.1163304"><ele>339.16</ele></trkpt>
            <trkpt lat="45.8044352" lon="9.1163608"><ele>338.86</ele></trkpt>
            <trkpt lat="45.8043672" lon="9.1163169"><ele>338.47</ele></trkpt>
            <trkpt lat="45.804349" lon="9.1162625"><ele>338.26</ele></trkpt>
            <trkpt lat="45.8043534" lon="9.11621"><ele>338.07</ele></trkpt>
            <trkpt lat="45.8044284" lon="9.1160772"><ele>337.47</ele></trkpt>
            <trkpt lat="45.804507" lon="9.1157826"><ele>336.38</ele></trkpt>
            <trkpt lat="45.8045887" lon="9.1154687"><ele>335.21</ele></trkpt>
            <trkpt lat="45.8046723" lon="9.1151523"><ele>333.98</ele></trkpt>
            <trkpt lat="45.8047299" lon="9.1150273"><ele>333.42</ele></trkpt>
            <trkpt lat="45.8049576" lon="9.1147073"><ele>331.61</ele></trkpt>
            <trkpt lat="45.8050538" lon="9.1145061"><ele>330.57</ele></trkpt>
            <trkpt lat="45.8050825" lon="9.114357"><ele>329.86</ele></trkpt>
            <trkpt lat="45.8050658" lon="9.1141513"><ele>328.86</ele></trkpt>
            <trkpt lat="45.8050403" lon="9.1140765"><ele>328.44</ele></trkpt>
            <trkpt lat="45.8049775" lon="9.1139856"><ele>327.77</ele></trkpt>
            <trkpt lat="45.8047923" lon="9.1138359"><ele>326.08</ele></trkpt>
            <trkpt lat="45.8046715" lon="9.1136773"><ele>324.67</ele></trkpt>
            <trkpt lat="45.804581" lon="9.1134894"><ele>323.22</ele></trkpt>
            <trkpt lat="45.8044282" lon="9.1130663"><ele>320</ele></trkpt>
            <trkpt lat="45.8043424" lon="9.1129325"><ele>318.71</ele></trkpt>
            <trkpt lat="45.8041735" lon="9.1127251"><ele>316.36</ele></trkpt>
            <trkpt lat="45.8040816" lon="9.1125098"><ele>314.43</ele></trkpt>
            <trkpt lat="45.8040267" lon="9.1123036"><ele>312.71</ele></trkpt>
            <trkpt lat="45.8039931" lon="9.1120897"><ele>310.97</ele></trkpt>
            <trkpt lat="45.8039766" lon="9.1117302"><ele>308.09</ele></trkpt>
            <trkpt lat="45.8039241" lon="9.1114765"><ele>305.97</ele></trkpt>
            <trkpt lat="45.8038446" lon="9.1112802"><ele>304.17</ele></trkpt>
            <trkpt lat="45.8035725" lon="9.1109365"><ele>300.16</ele></trkpt>
            <trkpt lat="45.8034413" lon="9.1106906"><ele>297.87</ele></trkpt>
            <trkpt lat="45.8033344" lon="9.1103945"><ele>295.55</ele></trkpt>
            <trkpt lat="45.8033183" lon="9.1102729"><ele>294.74</ele></trkpt>
            <trkpt lat="45.8033362" lon="9.1101005"><ele>293.63</ele></trkpt>
            <trkpt lat="45.8033846" lon="9.1099484"><ele>292.63</ele></trkpt>
            <trkpt lat="45.8034546" lon="9.1097627"><ele>291.45</ele></trkpt>
            <trkpt lat="45.8035766" lon="9.1094283"><ele>289.53</ele></trkpt>
            <trkpt lat="45.8036218" lon="9.1091909"><ele>288.41</ele></trkpt>
            <trkpt lat="45.803649" lon="9.1088796"><ele>287.14</ele></trkpt>
            <trkpt lat="45.8036758" lon="9.1087558"><ele>286.66</ele></trkpt>
            <trkpt lat="45.8037164" lon="9.1086575"><ele>286.27</ele></trkpt>
            <trkpt lat="45.8037817" lon="9.1085852"><ele>285.88</ele></trkpt>
            <trkpt lat="45.8038712" lon="9.1085386"><ele>285.46</ele></trkpt>
            <trkpt lat="45.8041981" lon="9.1085158"><ele>284.16</ele></trkpt>
            <trkpt lat="45.8042989" lon="9.1084859"><ele>283.78</ele></trkpt>
            <trkpt lat="45.8044018" lon="9.1084153"><ele>283.39</ele></trkpt>
            <trkpt lat="45.8045441" lon="9.1082433"><ele>282.76</ele></trkpt>
            <trkpt lat="45.8047068" lon="9.107852"><ele>281.72</ele></trkpt>
            <trkpt lat="45.8049231" lon="9.1075265"><ele>280.66</ele></trkpt>
            <trkpt lat="45.8050914" lon="9.1073955"><ele>279.96</ele></trkpt>
            <trkpt lat="45.8055271" lon="9.1072207"><ele>278.14</ele></trkpt>
            <trkpt lat="45.8056169" lon="9.1071022"><ele>277.59</ele></trkpt>
            <trkpt lat="45.8056519" lon="9.1069629"><ele>277.1</ele></trkpt>
            <trkpt lat="45.8056535" lon="9.1066941"><ele>276.14</ele></trkpt>
            <trkpt lat="45.8056425" lon="9.1063275"><ele>274.72</ele></trkpt>
            <trkpt lat="45.8056273" lon="9.1059121"><ele>272.96</ele></trkpt>
            <trkpt lat="45.8055445" lon="9.1053098"><ele>270.2</ele></trkpt>
            <trkpt lat="45.8056077" lon="9.1049752"><ele>268.59</ele></trkpt>
            <trkpt lat="45.8056994" lon="9.10456"><ele>266.53</ele></trkpt>
            <trkpt lat="45.8057296" lon="9.1042373"><ele>264.99</ele></trkpt>
            <trkpt lat="45.8057305" lon="9.1038038"><ele>262.94</ele></trkpt>
            <trkpt lat="45.8058151" lon="9.1027624"><ele>258</ele></trkpt>
            <trkpt lat="45.8058116" lon="9.1024906"><ele>256.72</ele></trkpt>
            <trkpt lat="45.8057265" lon="9.1018449"><ele>253.61</ele></trkpt>
            <trkpt lat="45.8058294" lon="9.1013509"><ele>251.15</ele></trkpt>
            <trkpt lat="45.8058346" lon="9.1011711"><ele>250.28</ele></trkpt>
            <trkpt lat="45.8058187" lon="9.1010304"><ele>249.59</ele></trkpt>
            <trkpt lat="45.8057464" lon="9.1006803"><ele>247.8</ele></trkpt>
            <trkpt lat="45.8056941" lon="9.10043"><ele>246.51</ele></trkpt>
            <trkpt lat="45.8055981" lon="9.0999811"><ele>244.18</ele></trkpt>
            <trkpt lat="45.8054833" lon="9.0995872"><ele>242.07</ele></trkpt>
            <trkpt lat="45.8054294" lon="9.0992079"><ele>240.21</ele></trkpt>
            <trkpt lat="45.8054355" lon="9.099091"><ele>239.65</ele></trkpt>
            <trkpt lat="45.8054914" lon="9.0988099"><ele>238.3</ele></trkpt>
            <trkpt lat="45.8055747" lon="9.0985905"><ele>237.2</ele></trkpt>
            <trkpt lat="45.8056604" lon="9.0982708"><ele>235.76</ele></trkpt>
            <trkpt lat="45.805662" lon="9.0982157"><ele>235.54</ele></trkpt>
            <trkpt lat="45.8056435" lon="9.0981645"><ele>235.31</ele></trkpt>
            <trkpt lat="45.8055851" lon="9.0981433"><ele>234.97</ele></trkpt>
            <trkpt lat="45.8055498" lon="9.0981785"><ele>234.74</ele></trkpt>
            <trkpt lat="45.8055127" lon="9.0982845"><ele>234.29</ele></trkpt>
            <trkpt lat="45.8054782" lon="9.0983358"><ele>234.04</ele></trkpt>
            <trkpt lat="45.8051945" lon="9.0985439"><ele>232.49</ele></trkpt>
            <trkpt lat="45.8050675" lon="9.0986195"><ele>231.88</ele></trkpt>
            <trkpt lat="45.8050107" lon="9.0986006"><ele>231.63</ele></trkpt>
            <trkpt lat="45.8049722" lon="9.0985533"><ele>231.43</ele></trkpt>
            <trkpt lat="45.8047795" lon="9.0976699"><ele>229.03</ele></trkpt>
            <trkpt lat="45.8046001" lon="9.0970814"><ele>227.6</ele></trkpt>
            <trkpt lat="45.8044351" lon="9.0966302"><ele>226.64</ele></trkpt>
            <trkpt lat="45.8042844" lon="9.0962"><ele>225.88</ele></trkpt>
            <trkpt lat="45.8041889" lon="9.09592"><ele>225.45</ele></trkpt>
            <trkpt lat="45.8040933" lon="9.09564"><ele>225.08</ele></trkpt>
            <trkpt lat="45.8039514" lon="9.0952246"><ele>224.6</ele></trkpt>
            <trkpt lat="45.8037968" lon="9.0948842"><ele>224.21</ele></trkpt>
            <trkpt lat="45.8036797" lon="9.0946615"><ele>223.96</ele></trkpt>
            <trkpt lat="45.803536" lon="9.094448"><ele>223.69</ele></trkpt>
            <trkpt lat="45.8033204" lon="9.0941283"><ele>223.28</ele></trkpt>
            <trkpt lat="45.803205" lon="9.093895"><ele>223.01</ele></trkpt>
            <trkpt lat="45.8030922" lon="9.0936649"><ele>222.73</ele></trkpt>
            <trkpt lat="45.8028586" lon="9.0932363"><ele>222.19</ele></trkpt>
            <trkpt lat="45.8026304" lon="9.0927306"><ele>221.58</ele></trkpt>
            <trkpt lat="45.8025167" lon="9.0924633"><ele>221.27</ele></trkpt>
            <trkpt lat="45.8024033" lon="9.0921967"><ele>220.98</ele></trkpt>
            <trkpt lat="45.8021767" lon="9.0916633"><ele>220.42</ele></trkpt>
            <trkpt lat="45.8016099" lon="9.0903265"><ele>219.15</ele></trkpt>
            <trkpt lat="45.8014996" lon="9.089934"><ele>218.82</ele></trkpt>
            <trkpt lat="45.8014155" lon="9.0894878"><ele>218.47</ele></trkpt>
            <trkpt lat="45.8014174" lon="9.0893761"><ele>218.39</ele></trkpt>
            <trkpt lat="45.8014776" lon="9.0889287"><ele>218.05</ele></trkpt>
            <trkpt lat="45.8018172" lon="9.0881069"><ele>217.33</ele></trkpt>
            <trkpt lat="45.8020673" lon="9.0875328"><ele>216.78</ele></trkpt>
            <trkpt lat="45.8021059" lon="9.0874226"><ele>216.67</ele></trkpt>
            <trkpt lat="45.8021622" lon="9.087162"><ele>216.42</ele></trkpt>
            <trkpt lat="45.8021869" lon="9.0869712"><ele>216.23</ele></trkpt>
            <trkpt lat="45.8021899" lon="9.0866961"><ele>215.95</ele></trkpt>
            <trkpt lat="45.8021439" lon="9.0849914"><ele>214.12</ele></trkpt>
            <trkpt lat="45.8022268" lon="9.084506"><ele>213.59</ele></trkpt>
            <trkpt lat="45.8023118" lon="9.084333"><ele>213.37</ele></trkpt>
            <trkpt lat="45.8026115" lon="9.0838682"><ele>212.73</ele></trkpt>
            <trkpt lat="45.8029392" lon="9.0834146"><ele>212.11</ele></trkpt>
            <trkpt lat="45.8036792" lon="9.0823904"><ele>210.81</ele></trkpt>
            <trkpt lat="45.8041608" lon="9.08158"><ele>209.95</ele></trkpt>
            <trkpt lat="45.8043393" lon="9.0813321"><ele>209.7</ele></trkpt>
            <trkpt lat="45.8044972" lon="9.0810168"><ele>209.46</ele></trkpt>
            <trkpt lat="45.8056722" lon="9.0790976"><ele>208.1</ele></trkpt>
            <trkpt lat="45.8062426" lon="9.0781742"><ele>207.63</ele></trkpt>
            <trkpt lat="45.8076396" lon="9.0767406"><ele>207.06</ele></trkpt>
            <trkpt lat="45.8082875" lon="9.0761042"><ele>206.97</ele></trkpt>
            <trkpt lat="45.8086575" lon="9.0757409"><ele>206.99</ele></trkpt>
            <trkpt lat="45.8090282" lon="9.0753991"><ele>207.08</ele></trkpt>
            <trkpt lat="45.8097719" lon="9.0747277"><ele>207.33</ele></trkpt>
            <trkpt lat="45.8103046" lon="9.0741942"><ele>207.52</ele></trkpt>
            <trkpt lat="45.8104617" lon="9.0740866"><ele>207.56</ele></trkpt>
            <trkpt lat="45.8107049" lon="9.0740201"><ele>207.62</ele></trkpt>
            <trkpt lat="45.8107738" lon="9.0739778"><ele>207.63</ele></trkpt>
            <trkpt lat="45.8108474" lon="9.0738562"><ele>207.66</ele></trkpt>
            <trkpt lat="45.8109196" lon="9.0736394"><ele>207.69</ele></trkpt>
            <trkpt lat="45.8110133" lon="9.0734904"><ele>207.73</ele></trkpt>
            <trkpt lat="45.8113532" lon="9.0731862"><ele>207.85</ele></trkpt>
            <trkpt lat="45.8117641" lon="9.0727406"><ele>208.12</ele></trkpt>
            <trkpt lat="45.8121668" lon="9.0722962"><ele>208.61</ele></trkpt>
            <trkpt lat="45.8123718" lon="9.0719197"><ele>209.13</ele></trkpt>
            <trkpt lat="45.812431" lon="9.0717339"><ele>209.44</ele></trkpt>
            <trkpt lat="45.8124404" lon="9.0716059"><ele>209.67</ele></trkpt>
            <trkpt lat="45.8124023" lon="9.0712747"><ele>210.4</ele></trkpt>
            <trkpt lat="45.8123563" lon="9.070894"><ele>211.44</ele></trkpt>
            <trkpt lat="45.8123354" lon="9.0707203"><ele>212</ele></trkpt>
            <trkpt lat="45.8123112" lon="9.0705247"><ele>212.7</ele></trkpt>
            <trkpt lat="45.812274" lon="9.0703103"><ele>213.55</ele></trkpt>
            <trkpt lat="45.8122391" lon="9.070173"><ele>214.17</ele></trkpt>
            <trkpt lat="45.8121535" lon="9.0699548"><ele>215.29</ele></trkpt>
            <trkpt lat="45.8120087" lon="9.0697533"><ele>216.71</ele></trkpt>
            <trkpt lat="45.8119406" lon="9.069611"><ele>217.59</ele></trkpt>
            <trkpt lat="45.8118256" lon="9.0690699"><ele>220.65</ele></trkpt>
            <trkpt lat="45.8118295" lon="9.0689299"><ele>221.43</ele></trkpt>
            <trkpt lat="45.8119047" lon="9.0687643"><ele>222.55</ele></trkpt>
            <trkpt lat="45.8120434" lon="9.0685117"><ele>224.38</ele></trkpt>
            <trkpt lat="45.8121196" lon="9.0683658"><ele>225.43</ele></trkpt>
            <trkpt lat="45.812257" lon="9.068101"><ele>227.32</ele></trkpt>
            <trkpt lat="45.812395" lon="9.067835"><ele>229.19</ele></trkpt>
            <trkpt lat="45.8128117" lon="9.0670383"><ele>234.68</ele></trkpt>
            <trkpt lat="45.812955" lon="9.066775"><ele>236.44</ele></trkpt>
            <trkpt lat="45.8130984" lon="9.0665116"><ele>238.11</ele></trkpt>
            <trkpt lat="45.8132476" lon="9.0662483"><ele>239.71</ele></trkpt>
            <trkpt lat="45.8136436" lon="9.0655764"><ele>243.61</ele></trkpt>
            <trkpt lat="45.8138233" lon="9.0652711"><ele>245.25</ele></trkpt>
            <trkpt lat="45.8138656" lon="9.0652341"><ele>245.53</ele></trkpt>
            <trkpt lat="45.8139168" lon="9.0652418"><ele>245.82</ele></trkpt>
            <trkpt lat="45.8139563" lon="9.0652283"><ele>246.04</ele></trkpt>
            <trkpt lat="45.8139942" lon="9.0651549"><ele>246.38</ele></trkpt>
            <trkpt lat="45.8139802" lon="9.0650632"><ele>246.73</ele></trkpt>
            <trkpt lat="45.8139491" lon="9.0650281"><ele>246.94</ele></trkpt>
            <trkpt lat="45.8139047" lon="9.0650191"><ele>247.17</ele></trkpt>
            <trkpt lat="45.8138216" lon="9.0650396"><ele>247.59</ele></trkpt>
            <trkpt lat="45.8137744" lon="9.065073"><ele>247.86</ele></trkpt>
            <trkpt lat="45.8133616" lon="9.0657565"><ele>250.94</ele></trkpt>
            <trkpt lat="45.8132042" lon="9.0660101"><ele>252.14</ele></trkpt>
            <trkpt lat="45.8130983" lon="9.0661779"><ele>252.97</ele></trkpt>
            <trkpt lat="45.8130113" lon="9.0662764"><ele>253.58</ele></trkpt>
            <trkpt lat="45.8129495" lon="9.0662886"><ele>253.94</ele></trkpt>
            <trkpt lat="45.8128892" lon="9.0662355"><ele>254.35</ele></trkpt>
            <trkpt lat="45.8128233" lon="9.0660767"><ele>255.12</ele></trkpt>
            <trkpt lat="45.8127561" lon="9.0658917"><ele>256.03</ele></trkpt>
            <trkpt lat="45.8126818" lon="9.0657011"><ele>257.03</ele></trkpt>
            <trkpt lat="45.8125843" lon="9.0654597"><ele>258.37</ele></trkpt>
            <trkpt lat="45.8124727" lon="9.0651202"><ele>260.25</ele></trkpt>
            <trkpt lat="45.8124113" lon="9.0645945"><ele>263.03</ele></trkpt>
            <trkpt lat="45.8123766" lon="9.0644311"><ele>263.94</ele></trkpt>
            <trkpt lat="45.8123379" lon="9.0643277"><ele>264.56</ele></trkpt>
            <trkpt lat="45.8122489" lon="9.0641721"><ele>265.64</ele></trkpt>
            <trkpt lat="45.8121189" lon="9.0640422"><ele>266.85</ele></trkpt>
            <trkpt lat="45.811978" lon="9.0639279"><ele>268.09</ele></trkpt>
            <trkpt lat="45.8118592" lon="9.0639124"><ele>268.99</ele></trkpt>
            <trkpt lat="45.8118161" lon="9.0638546"><ele>269.44</ele></trkpt>
            <trkpt lat="45.811816" lon="9.0637609"><ele>269.93</ele></trkpt>
            <trkpt lat="45.8118435" lon="9.0637146"><ele>270.24</ele></trkpt>
            <trkpt lat="45.8118901" lon="9.0636951"><ele>270.61</ele></trkpt>
            <trkpt lat="45.8120196" lon="9.0637302"><ele>271.58</ele></trkpt>
            <trkpt lat="45.81222" lon="9.0636883"><ele>273.06</ele></trkpt>
            <trkpt lat="45.8123439" lon="9.0636831"><ele>273.96</ele></trkpt>
            <trkpt lat="45.8124729" lon="9.0637026"><ele>274.89</ele></trkpt>
            <trkpt lat="45.8125906" lon="9.06379"><ele>275.84</ele></trkpt>
            <trkpt lat="45.8126429" lon="9.0637659"><ele>276.23</ele></trkpt>
            <trkpt lat="45.8126695" lon="9.0636838"><ele>276.68</ele></trkpt>
            <trkpt lat="45.8126537" lon="9.0636184"><ele>277.02</ele></trkpt>
            <trkpt lat="45.8126193" lon="9.0635834"><ele>277.32</ele></trkpt>
            <trkpt lat="45.8125262" lon="9.0635613"><ele>277.99</ele></trkpt>
            <trkpt lat="45.8123285" lon="9.0634553"><ele>279.49</ele></trkpt>
            <trkpt lat="45.8118924" lon="9.0634634"><ele>282.62</ele></trkpt>
            <trkpt lat="45.8118292" lon="9.0634411"><ele>283.09</ele></trkpt>
            <trkpt lat="45.811785" lon="9.0634016"><ele>283.47</ele></trkpt>
            <trkpt lat="45.8117057" lon="9.063245"><ele>284.47</ele></trkpt>
            <trkpt lat="45.8116202" lon="9.0628534"><ele>286.6</ele></trkpt>
            <trkpt lat="45.8115723" lon="9.062703"><ele>287.48</ele></trkpt>
            <trkpt lat="45.8113874" lon="9.0622279"><ele>290.39</ele></trkpt>
            <trkpt lat="45.8112844" lon="9.062061"><ele>291.59</ele></trkpt>
            <trkpt lat="45.8109416" lon="9.0617486"><ele>294.76</ele></trkpt>
            <trkpt lat="45.8106539" lon="9.0614819"><ele>297.41</ele></trkpt>
            <trkpt lat="45.810366" lon="9.061188"><ele>300.1</ele></trkpt>
            <trkpt lat="45.809963" lon="9.0608164"><ele>303.66</ele></trkpt>
            <trkpt lat="45.8098324" lon="9.0607037"><ele>304.76</ele></trkpt>
            <trkpt lat="45.8097458" lon="9.0606667"><ele>305.41</ele></trkpt>
            <trkpt lat="45.8096784" lon="9.0606809"><ele>305.89</ele></trkpt>
            <trkpt lat="45.8095974" lon="9.0607469"><ele>306.54</ele></trkpt>
            <trkpt lat="45.8095349" lon="9.06083"><ele>307.13</ele></trkpt>
            <trkpt lat="45.8095109" lon="9.0609308"><ele>307.64</ele></trkpt>
            <trkpt lat="45.8095429" lon="9.0612186"><ele>309.02</ele></trkpt>
            <trkpt lat="45.8097164" lon="9.0618761"><ele>312.36</ele></trkpt>
            <trkpt lat="45.8097639" lon="9.0620528"><ele>313.29</ele></trkpt>
            <trkpt lat="45.809816" lon="9.0622453"><ele>314.34</ele></trkpt>
            <trkpt lat="45.8099065" lon="9.062442"><ele>315.59</ele></trkpt>
            <trkpt lat="45.8099071" lon="9.062507"><ele>315.95</ele></trkpt>
            <trkpt lat="45.8098801" lon="9.062561"><ele>316.32</ele></trkpt>
            <trkpt lat="45.8098322" lon="9.0625773"><ele>316.72</ele></trkpt>
            <trkpt lat="45.8097903" lon="9.0625442"><ele>317.12</ele></trkpt>
            <trkpt lat="45.8097274" lon="9.0623256"><ele>318.54</ele></trkpt>
            <trkpt lat="45.8095389" lon="9.0619096"><ele>321.74</ele></trkpt>
            <trkpt lat="45.8093835" lon="9.0615572"><ele>324.67</ele></trkpt>
            <trkpt lat="45.8092858" lon="9.0612027"><ele>327.57</ele></trkpt>
            <trkpt lat="45.8091435" lon="9.0608938"><ele>330.6</ele></trkpt>
            <trkpt lat="45.8091027" lon="9.0607503"><ele>331.93</ele></trkpt>
            <trkpt lat="45.809077" lon="9.0603823"><ele>335.25</ele></trkpt>
            <trkpt lat="45.8089914" lon="9.0600438"><ele>338.63</ele></trkpt>
            <trkpt lat="45.8089108" lon="9.0597854"><ele>341.38</ele></trkpt>
            <trkpt lat="45.8087538" lon="9.059503"><ele>344.95</ele></trkpt>
            <trkpt lat="45.8087333" lon="9.0594128"><ele>345.9</ele></trkpt>
            <trkpt lat="45.8087596" lon="9.0593254"><ele>346.86</ele></trkpt>
            <trkpt lat="45.8088914" lon="9.0591227"><ele>349.63</ele></trkpt>
            <trkpt lat="45.8089291" lon="9.0589999"><ele>350.97</ele></trkpt>
            <trkpt lat="45.8089342" lon="9.0588316"><ele>352.63</ele></trkpt>
            <trkpt lat="45.8088913" lon="9.0586472"><ele>354.52</ele></trkpt>
            <trkpt lat="45.8088407" lon="9.0585548"><ele>355.65</ele></trkpt>
            <trkpt lat="45.8086701" lon="9.058324"><ele>358.79</ele></trkpt>
            <trkpt lat="45.8084668" lon="9.0580986"><ele>362.06</ele></trkpt>
            <trkpt lat="45.808352" lon="9.0579781"><ele>363.77</ele></trkpt>
            <trkpt lat="45.8082484" lon="9.0578664"><ele>365.26</ele></trkpt>
            <trkpt lat="45.8081873" lon="9.0577744"><ele>366.23</ele></trkpt>
            <trkpt lat="45.808166" lon="9.0576985"><ele>366.83</ele></trkpt>
            <trkpt lat="45.8081664" lon="9.0576132"><ele>367.44</ele></trkpt>
            <trkpt lat="45.8081918" lon="9.0575433"><ele>368</ele></trkpt>
            <trkpt lat="45.8083576" lon="9.0573459"><ele>370.02</ele></trkpt>
            <trkpt lat="45.8084061" lon="9.0572379"><ele>370.81</ele></trkpt>
            <trkpt lat="45.8084465" lon="9.0570913"><ele>371.72</ele></trkpt>
            <trkpt lat="45.808549" lon="9.0566446"><ele>374.2</ele></trkpt>
            <trkpt lat="45.8085594" lon="9.0563401"><ele>375.65</ele></trkpt>
            <trkpt lat="45.808536" lon="9.0560411"><ele>376.94</ele></trkpt>
            <trkpt lat="45.8085559" lon="9.0559665"><ele>377.27</ele></trkpt>
            <trkpt lat="45.8085897" lon="9.0559208"><ele>377.53</ele></trkpt>
            <trkpt lat="45.80867" lon="9.0558874"><ele>378</ele></trkpt>
            <trkpt lat="45.8088299" lon="9.0559051"><ele>378.84</ele></trkpt>
            <trkpt lat="45.8089196" lon="9.0559445"><ele>379.31</ele></trkpt>
            <trkpt lat="45.8090202" lon="9.0560203"><ele>379.87</ele></trkpt>
            <trkpt lat="45.8092521" lon="9.0562772"><ele>381.24</ele></trkpt>
            <trkpt lat="45.8093287" lon="9.0564045"><ele>381.77</ele></trkpt>
            <trkpt lat="45.8094261" lon="9.0566227"><ele>382.59</ele></trkpt>
            <trkpt lat="45.8094695" lon="9.0566644"><ele>382.83</ele></trkpt>
            <trkpt lat="45.8095154" lon="9.0566593"><ele>383.04</ele></trkpt>
            <trkpt lat="45.8095639" lon="9.0566017"><ele>383.32</ele></trkpt>
            <trkpt lat="45.8096347" lon="9.0564524"><ele>383.89</ele></trkpt>
            <trkpt lat="45.8096864" lon="9.0562988"><ele>384.43</ele></trkpt>
            <trkpt lat="45.8096874" lon="9.0561766"><ele>384.83</ele></trkpt>
            <trkpt lat="45.8095887" lon="9.0559609"><ele>385.67</ele></trkpt>
            <trkpt lat="45.8095263" lon="9.0556337"><ele>386.79</ele></trkpt>
            <trkpt lat="45.80948" lon="9.0555088"><ele>387.26</ele></trkpt>
            <trkpt lat="45.8094002" lon="9.0554633"><ele>387.67</ele></trkpt>
            <trkpt lat="45.8091651" lon="9.0555141"><ele>388.83</ele></trkpt>
            <trkpt lat="45.80906" lon="9.0555124"><ele>389.35</ele></trkpt>
            <trkpt lat="45.8089653" lon="9.0554782"><ele>389.83</ele></trkpt>
            <trkpt lat="45.8088121" lon="9.0553534"><ele>390.7</ele></trkpt>
            <trkpt lat="45.8086422" lon="9.0551903"><ele>391.7</ele></trkpt>
            <trkpt lat="45.8085561" lon="9.0550636"><ele>392.3</ele></trkpt>
            <trkpt lat="45.808491" lon="9.0548797"><ele>392.99</ele></trkpt>
            <trkpt lat="45.8084141" lon="9.0545722"><ele>394.05</ele></trkpt>
            <trkpt lat="45.8084244" lon="9.0544511"><ele>394.43</ele></trkpt>
            <trkpt lat="45.8084771" lon="9.0543365"><ele>394.86</ele></trkpt>
            <trkpt lat="45.8086103" lon="9.0541385"><ele>395.68</ele></trkpt>
            <trkpt lat="45.8088466" lon="9.0538182"><ele>396.96</ele></trkpt>
            <trkpt lat="45.8089855" lon="9.053576"><ele>397.74</ele></trkpt>
            <trkpt lat="45.8090434" lon="9.0533777"><ele>398.22</ele></trkpt>
            <trkpt lat="45.8091425" lon="9.0528764"><ele>399.22</ele></trkpt>
            <trkpt lat="45.8091514" lon="9.0527745"><ele>399.39</ele></trkpt>
            <trkpt lat="45.8091385" lon="9.0526187"><ele>399.61</ele></trkpt>
            <trkpt lat="45.8091806" lon="9.0525487"><ele>399.72</ele></trkpt>
            <trkpt lat="45.8092777" lon="9.0525571"><ele>399.87</ele></trkpt>
            <trkpt lat="45.8093248" lon="9.0526109"><ele>399.95</ele></trkpt>
            <trkpt lat="45.8094524" lon="9.053125"><ele>400.25</ele></trkpt>
            <trkpt lat="45.809531" lon="9.0534366"><ele>400.26</ele></trkpt>
            <trkpt lat="45.8096537" lon="9.0539046"><ele>400.05</ele></trkpt>
            <trkpt lat="45.8097843" lon="9.0543669"><ele>399.59</ele></trkpt>
            <trkpt lat="45.8098683" lon="9.0546682"><ele>399.16</ele></trkpt>
            <trkpt lat="45.8099231" lon="9.0549313"><ele>398.7</ele></trkpt>
            <trkpt lat="45.8099165" lon="9.0550412"><ele>398.5</ele></trkpt>
            <trkpt lat="45.8098593" lon="9.0553495"><ele>397.84</ele></trkpt>
            <trkpt lat="45.80986" lon="9.055492"><ele>397.52</ele></trkpt>
            <trkpt lat="45.8098927" lon="9.0556237"><ele>397.2</ele></trkpt>
            <trkpt lat="45.8100164" lon="9.0559171"><ele>396.35</ele></trkpt>
            <trkpt lat="45.8100424" lon="9.0560453"><ele>396.01</ele></trkpt>
            <trkpt lat="45.8100168" lon="9.0561879"><ele>395.62</ele></trkpt>
            <trkpt lat="45.8099092" lon="9.0564832"><ele>394.73</ele></trkpt>
            <trkpt lat="45.809895" lon="9.0565902"><ele>394.43</ele></trkpt>
            <trkpt lat="45.8099062" lon="9.0567235"><ele>394.07</ele></trkpt>
            <trkpt lat="45.809947" lon="9.0568626"><ele>393.66</ele></trkpt>
            <trkpt lat="45.8100369" lon="9.0569799"><ele>393.18</ele></trkpt>
            <trkpt lat="45.8101427" lon="9.0570629"><ele>392.7</ele></trkpt>
            <trkpt lat="45.8104471" lon="9.0572581"><ele>391.39</ele></trkpt>
        </trkseg>
        <extensions>
            <biketerra:annotations>
                <biketerra:annotation kind="bridge" startDist="245.61" endDist="261.77"/>
                <biketerra:annotation kind="bridge" startDist="6541.48" endDist="6581.24"/>
                <biketerra:annotation kind="tunnel" startDist="12127.74" endDist="12143.85"/>
                <biketerra:annotation kind="bridge" startDist="12919.89" endDist="12933.67"/>
                <biketerra:annotation kind="tunnel" startDist="13479.96" endDist="15073.24"/>
                <biketerra:annotation kind="tunnel" startDist="15273.91" endDist="17449.41"/>
                <biketerra:annotation kind="bridge" startDist="19860.84" endDist="19898.42"/>
                <biketerra:annotation kind="bridge" startDist="22765.98" endDist="22780.47"/>
                <biketerra:annotation kind="bridge" startDist="23290.37" endDist="23300.15"/>
                <biketerra:annotation kind="bridge" startDist="23334.12" endDist="23353.21"/>
                <biketerra:annotation kind="bridge" startDist="24334.57" endDist="24342.84"/>
                <biketerra:annotation kind="bridge" startDist="24717.1" endDist="24725.6"/>
                <biketerra:annotation kind="bridge" startDist="40169.44" endDist="40189.23"/>
                <biketerra:annotation kind="bridge" startDist="41030.7" endDist="41065.68"/>
                <biketerra:annotation kind="bridge" startDist="41374.25" endDist="41386.64"/>
                <biketerra:annotation kind="bridge" startDist="41507.54" endDist="41517.18"/>
                <biketerra:annotation kind="bridge" startDist="41784.33" endDist="41795.56"/>
                <biketerra:annotation kind="bridge" startDist="41902.84" endDist="41914.57"/>
                <biketerra:annotation kind="bridge" startDist="42595.25" endDist="42646.09"/>
                <biketerra:annotation kind="bridge" startDist="42890.86" endDist="42902.11"/>
                <biketerra:annotation kind="bridge" startDist="43164.63" endDist="43173.74"/>
                <biketerra:annotation kind="bridge" startDist="44778.65" endDist="44786.86"/>
                <biketerra:annotation kind="tunnel" startDist="46269.27" endDist="46344.47"/>
                <biketerra:annotation kind="bridge" startDist="47920.7" endDist="47944.5"/>
                <biketerra:annotation kind="bridge" startDist="50495.55" endDist="50519.2"/>
                <biketerra:annotation kind="bridge" startDist="52898.62" endDist="52975.15"/>
                <biketerra:annotation kind="tunnel" startDist="53008.87" endDist="53135.45"/>
                <biketerra:annotation kind="bridge" startDist="54823.93" endDist="54850.18"/>
                <biketerra:annotation kind="bridge" startDist="55927.13" endDist="55959.15"/>
                <biketerra:annotation kind="bridge" startDist="56075.41" endDist="56114.72"/>
                <biketerra:annotation kind="bridge" startDist="56214.85" endDist="56228.99"/>
                <biketerra:annotation kind="bridge" startDist="61766.81" endDist="61795.45"/>
                <biketerra:annotation kind="bridge" startDist="62055.95" endDist="62067.85"/>
                <biketerra:annotation kind="bridge" startDist="63216.44" endDist="63233.02"/>
                <biketerra:annotation kind="bridge" startDist="64119.79" endDist="64151.8"/>
                <biketerra:annotation kind="bridge" startDist="64701.37" endDist="64727.52"/>
                <biketerra:annotation kind="bridge" startDist="65492.11" endDist="65513.77"/>
                <biketerra:annotation kind="tunnel" startDist="72352.48" endDist="72382.69"/>
            </biketerra:annotations>
        </extensions>
    </trk>
</gpx>
