<?xml version='1.0' encoding='UTF-8'?>
<gpx version="1.1"
  creator="GPXmagic"
  xmlns="http://www.topografix.com/GPX/1/1"
  xmlns:rgt="http://www.rgtcycling.com/XML/GpxExtensions/v1"
  xmlns:xsi="http://www.w3.org/2001/XMLSchema-instance" xsi:schemaLocation="http://www.topografix.com/GPX/1/1
  http://www.topografix.com/GPX/1/1/gpx.xsd">
  <metadata>
    <name>Smoothed with GPXmagic</name>
    <author>
      <link href="https://www.stepwiserefinement.co.uk">
        <text>GPXmagic v3</text>
        <type>text/html</type>
      </link>
    </author>
  </metadata>
<trk>  <name>Visegrad&#32;4&#32;Kerekparverseny</name>
<trkseg>
<trkpt lat="47.32112000000001" lon="18.21052"><ele>184.49</ele></trkpt>
<trkpt lat="47.320915388148165" lon="18.210392642240848"><ele>183.22567555555554</ele></trkpt>
<trkpt lat="47.320750548148176" lon="18.21029176226758"><ele>182.25275555555555</ele></trkpt>
<trkpt lat="47.32063334222225" lon="18.210223489851604"><ele>181.6521037037037</ele></trkpt>
<trkpt lat="47.32054133185188" lon="18.21017428399183"><ele>181.2923096296296</ele></trkpt>
<trkpt lat="47.32045508444446" lon="18.210131772891582"><ele>181.03231111111108</ele></trkpt>
<trkpt lat="47.32036898074076" lon="18.210092279611406"><ele>180.80177185185184</ele></trkpt>
<trkpt lat="47.32028597925928" lon="18.21005874191375"><ele>180.59694814814816</ele></trkpt>
<trkpt lat="47.320203819259284" lon="18.21003197160587"><ele>180.409242962963</ele></trkpt>
<trkpt lat="47.32011729185187" lon="18.210010107930763"><ele>180.22313037037043</ele></trkpt>
<trkpt lat="47.32002609777779" lon="18.20999092868659"><ele>180.02858222222227</ele></trkpt>
<trkpt lat="47.319936771851864" lon="18.20997333019167"><ele>179.82311259259265</ele></trkpt>
<trkpt lat="47.31985661925928" lon="18.20995686058967"><ele>179.5997318518519</ele></trkpt>
<trkpt lat="47.31978638013891" lon="18.209940406529366"><ele>179.33676500000004</ele></trkpt>
<trkpt lat="47.319720910416684" lon="18.209922283191467"><ele>179.0141916666667</ele></trkpt>
<trkpt lat="47.31965570125002" lon="18.209901104845848"><ele>178.63928</ele></trkpt>
<trkpt lat="47.319590954444465" lon="18.209875798164408"><ele>178.25441500000002</ele></trkpt>
<trkpt lat="47.319528508495395" lon="18.209844820941697"><ele>177.90337680555555</ele></trkpt>
<trkpt lat="47.31946882233799" lon="18.20980675613981"><ele>177.6050520833333</ele></trkpt>
<trkpt lat="47.3194108246528" lon="18.20976186606581"><ele>177.34786458333332</ele></trkpt>
<trkpt lat="47.319354230324095" lon="18.209711643245132"><ele>177.1125694444444</ele></trkpt>
<trkpt lat="47.31929853587965" lon="18.209656478286213"><ele>176.880390625</ele></trkpt>
<trkpt lat="47.319242511574096" lon="18.209595245605513"><ele>176.638671875</ele></trkpt>
<trkpt lat="47.3191858246528" lon="18.209528350326995"><ele>176.38648437499998</ele></trkpt>
<trkpt lat="47.319130541087986" lon="18.209458648373396"><ele>176.1368229166667</ele></trkpt>
<trkpt lat="47.31907897569446" lon="18.209388425601595"><ele>175.90344618055556</ele></trkpt>
<trkpt lat="47.31903110821761" lon="18.209316883366508"><ele>175.688515625</ele></trkpt>
<trkpt lat="47.318985164930574" lon="18.209242030925026"><ele>175.48692708333334</ele></trkpt>
<trkpt lat="47.318939502314834" lon="18.209162126378278"><ele>175.29712673611112</ele></trkpt>
<trkpt lat="47.318892911018544" lon="18.209075340157007"><ele>175.1207107638889</ele></trkpt>
<trkpt lat="47.31884418833336" lon="18.20897965523413"><ele>174.9563277777778</ele></trkpt>
<trkpt lat="47.31879386729168" lon="18.20887773534305"><ele>174.80235729166665</ele></trkpt>
<trkpt lat="47.318744016319464" lon="18.208776202335024"><ele>174.66042465277778</ele></trkpt>
<trkpt lat="47.31869579562501" lon="18.208679929604727"><ele>174.53217951388888</ele></trkpt>
<trkpt lat="47.31864703983906" lon="18.208586154956762"><ele>174.41218583676272</ele></trkpt>
<trkpt lat="47.31859452810595" lon="18.20848874072662"><ele>174.29041704389576</ele></trkpt>
<trkpt lat="47.3185383560102" lon="18.208386881816924"><ele>174.160333436214</ele></trkpt>
<trkpt lat="47.31848167669591" lon="18.208285585402308"><ele>174.01752290809327</ele></trkpt>
<trkpt lat="47.31842700230067" lon="18.208189316141677"><ele>173.8514018861454</ele></trkpt>
<trkpt lat="47.31837177109422" lon="18.208093956620452"><ele>173.63645833333334</ele></trkpt>
<trkpt lat="47.31831012438766" lon="18.207989574651986"><ele>173.34274005486967</ele></trkpt>
<trkpt lat="47.31823774089694" lon="18.20786854886368"><ele>172.9562748628258</ele></trkpt>
<trkpt lat="47.318156646044436" lon="18.207733773080424"><ele>172.49701646090537</ele></trkpt>
<trkpt lat="47.318074095838455" lon="18.207596918555595"><ele>172.00715449245544</ele></trkpt>
<trkpt lat="47.317996746141546" lon="18.207468799018322"><ele>171.51625857338823</ele></trkpt>
<trkpt lat="47.31792500198255" lon="18.207349993126236"><ele>171.0102083333334</ele></trkpt>
<trkpt lat="47.317853267060606" lon="18.20723121499965"><ele>170.44111196844997</ele></trkpt>
<trkpt lat="47.317776011133375" lon="18.207103370892476"><ele>169.77504801097396</ele></trkpt>
<trkpt lat="47.31769389398682" lon="18.206967780303586"><ele>169.03884516460909</ele></trkpt>
<trkpt lat="47.3176141469326" lon="18.206836930270278"><ele>168.31769461591222</ele></trkpt>
<trkpt lat="47.31754497864006" lon="18.206725262375"><ele>167.70299468449932</ele></trkpt>
<trkpt lat="47.31748968776087" lon="18.206639373537847"><ele>167.23833333333334</ele></trkpt>
<trkpt lat="47.31744490205804" lon="18.206574988832994"><ele>166.90421167695473</ele></trkpt>
<trkpt lat="47.317404789459125" lon="18.206523164557936"><ele>166.65129758230452</ele></trkpt>
<trkpt lat="47.31736524403232" lon="18.20647681462373"><ele>166.43455632716046</ele></trkpt>
<trkpt lat="47.31732646476576" lon="18.206434888370445"><ele>166.23386316872427</ele></trkpt>
<trkpt lat="47.31728988168747" lon="18.206398909237745"><ele>166.04156603652262</ele></trkpt>
<trkpt lat="47.31725591435187" lon="18.206370112764272"><ele>165.8550607638889</ele></trkpt>
<trkpt lat="47.31722186631947" lon="18.206346979098825"><ele>165.67049479166667</ele></trkpt>
<trkpt lat="47.317182485532435" lon="18.20632721346492"><ele>165.48677083333334</ele></trkpt>
<trkpt lat="47.3171310908565" lon="18.206308532880783"><ele>165.30076388888892</ele></trkpt>
<trkpt lat="47.31706354166669" lon="18.206289496386233"><ele>165.10864583333336</ele></trkpt>
<trkpt lat="47.31698302083336" lon="18.206269505044684"><ele>164.91440104166668</ele></trkpt>
<trkpt lat="47.31689913194446" lon="18.206248671712594"><ele>164.73615451388892</ele></trkpt>
<trkpt lat="47.31682091724539" lon="18.20622699348354"><ele>164.59496238425928</ele></trkpt>
<trkpt lat="47.31675109664354" lon="18.206203952401815"><ele>164.49912615740743</ele></trkpt>
<trkpt lat="47.31668780381946" lon="18.206179340136128"><ele>164.44116319444444</ele></trkpt>
<trkpt lat="47.316629282407426" lon="18.206153605187293"><ele>164.41070601851854</ele></trkpt>
<trkpt lat="47.31657512259959" lon="18.206127331613366"><ele>164.4017356824417</ele></trkpt>
<trkpt lat="47.316524512175505" lon="18.206100330785212"><ele>164.41167352537727</ele></trkpt>
<trkpt lat="47.316476557041106" lon="18.20607238855955"><ele>164.435340149177</ele></trkpt>
<trkpt lat="47.316429916325525" lon="18.206042604887028"><ele>164.46696866426612</ele></trkpt>
<trkpt lat="47.316382014058874" lon="18.206008476877486"><ele>164.50362804355282</ele></trkpt>
<trkpt lat="47.316326250141024" lon="18.20596416528749"><ele>164.54854166666667</ele></trkpt>
<trkpt lat="47.316254840806465" lon="18.2059031697261"><ele>164.60740912208507</ele></trkpt>
<trkpt lat="47.31616378646343" lon="18.205822698608575"><ele>164.6832673182442</ele></trkpt>
<trkpt lat="47.31605794820111" lon="18.20572784481895"><ele>164.77185699588478</ele></trkpt>
<trkpt lat="47.31594861712919" lon="18.20562933222831"><ele>164.863606824417</ele></trkpt>
<trkpt lat="47.31584564402346" lon="18.205536375608762"><ele>164.9502486282579</ele></trkpt>
<trkpt lat="47.3157500010717" lon="18.205449993422228"><ele>165.03104166666668</ele></trkpt>
<trkpt lat="47.315654357157904" lon="18.20536360297492"><ele>165.11222650891634</ele></trkpt>
<trkpt lat="47.315551375188186" lon="18.205270561651016"><ele>165.19999314128947</ele></trkpt>
<trkpt lat="47.315442004271084" lon="18.20517165654222"><ele>165.29348508230456</ele></trkpt>
<trkpt lat="47.315336042979204" lon="18.20507557925259"><ele>165.384399005487</ele></trkpt>
<trkpt lat="47.3152446959162" lon="18.20499218718538"><ele>165.463368484225</ele></trkpt>
<trkpt lat="47.31517270847436" lon="18.20492541523445"><ele>165.52666666666667</ele></trkpt>
<trkpt lat="47.31511598268027" lon="18.204871143442492"><ele>165.5782322745199</ele></trkpt>
<trkpt lat="47.3150669430745" lon="18.20482220022646"><ele>165.62504576045953</ele></trkpt>
<trkpt lat="47.31501996753494" lon="18.204773229819782"><ele>165.6727813143004</ele></trkpt>
<trkpt lat="47.31497476423312" lon="18.204723567145972"><ele>165.72342249657066</ele></trkpt>
<trkpt lat="47.31493255915651" lon="18.204673324564613"><ele>165.77864883401924</ele></trkpt>
<trkpt lat="47.31489401148836" lon="18.204622102024643"><ele>165.83885202331962</ele></trkpt>
<trkpt lat="47.314857258551974" lon="18.204567565746157"><ele>165.9015100951646</ele></trkpt>
<trkpt lat="47.31482128182873" lon="18.204509311933403"><ele>165.95785847479422</ele></trkpt>
<trkpt lat="47.31478599569189" lon="18.204447975564065"><ele>166.0013326260288</ele></trkpt>
<trkpt lat="47.31475312757204" lon="18.20438578175671"><ele>166.036646090535</ele></trkpt>
<trkpt lat="47.31472445151752" lon="18.2043245585732"><ele>166.08078125</ele></trkpt>
<trkpt lat="47.31470133294756" lon="18.204265490098287"><ele>166.14924704218106</ele></trkpt>
<trkpt lat="47.31468368505661" lon="18.204208258033926"><ele>166.24056777263374</ele></trkpt>
<trkpt lat="47.31466974451305" lon="18.20414835641083"><ele>166.3393407064472</ele></trkpt>
<trkpt lat="47.31465734696751" lon="18.20407984730095"><ele>166.4284164951989</ele></trkpt>
<trkpt lat="47.31464488385774" lon="18.20399777337325"><ele>166.5020987654321</ele></trkpt>
<trkpt lat="47.314632568942" lon="18.203905219150506"><ele>166.56144097222221</ele></trkpt>
<trkpt lat="47.31462167251818" lon="18.20380790654738"><ele>166.60902970679012</ele></trkpt>
<trkpt lat="47.31461384757018" lon="18.20370829465654"><ele>166.64492091049382</ele></trkpt>
<trkpt lat="47.31460989882902" lon="18.203597083742427"><ele>166.67020833333333</ele></trkpt>
<trkpt lat="47.31460981329836" lon="18.203460064297474"><ele>166.68737997256514</ele></trkpt>
<trkpt lat="47.31461287322502" lon="18.203288862897498"><ele>166.69979852537725</ele></trkpt>
<trkpt lat="47.31461797871249" lon="18.20309158132583"><ele>166.71019547325105</ele></trkpt>
<trkpt lat="47.31462387438119" lon="18.202888478404976"><ele>166.72092506858715</ele></trkpt>
<trkpt lat="47.31462963069944" lon="18.202697412441292"><ele>166.73447873799728</ele></trkpt>
<trkpt lat="47.31463502756013" lon="18.20252000380707"><ele>166.75395833333334</ele></trkpt>
<trkpt lat="47.314640432121244" lon="18.202342535122998"><ele>166.78233110425242</ele></trkpt>
<trkpt lat="47.31464626865686" lon="18.202150868903427"><ele>166.820572702332</ele></trkpt>
<trkpt lat="47.31465253727351" lon="18.20194500513895"><ele>166.8659284979424</ele></trkpt>
<trkpt lat="47.314658805698805" lon="18.20173914132564"><ele>166.91286436899864</ele></trkpt>
<trkpt lat="47.314664641581544" lon="18.201547474972788"><ele>166.9564977709191</ele></trkpt>
<trkpt lat="47.3146700448152" lon="18.201370006089817"><ele>166.99583333333334</ele></trkpt>
<trkpt lat="47.314675447601125" lon="18.201192537170535"><ele>167.03365140603566</ele></trkpt>
<trkpt lat="47.31468128221952" lon="18.20100087069697"><ele>167.07328275034294</ele></trkpt>
<trkpt lat="47.31468754877692" lon="18.200795006659693"><ele>167.11553755144033</ele></trkpt>
<trkpt lat="47.314693815143" lon="18.2005891425736"><ele>167.158707133059</ele></trkpt>
<trkpt lat="47.31469964910851" lon="18.2003974759668"><ele>167.201460048011</ele></trkpt>
<trkpt lat="47.31470505056697" lon="18.200220006848692"><ele>167.245625</ele></trkpt>
<trkpt lat="47.31471045157768" lon="18.200042537694298"><ele>167.29558641975308</ele></trkpt>
<trkpt lat="47.31471628427886" lon="18.199850870966817"><ele>167.35440586419753</ele></trkpt>
<trkpt lat="47.314722548777034" lon="18.19964500665683"><ele>167.42</ele></trkpt>
<trkpt lat="47.31472881308387" lon="18.199439142298047"><ele>167.48559413580247</ele></trkpt>
<trkpt lat="47.31473464513216" lon="18.199247475437367"><ele>167.54441358024692</ele></trkpt>
<trkpt lat="47.31474004481541" lon="18.19907000608421"><ele>167.594375</ele></trkpt>
<trkpt lat="47.31474544405092" lon="18.198892536694785"><ele>167.63855967078192</ele></trkpt>
<trkpt lat="47.31475127483486" lon="18.198700869713473"><ele>167.68150977366255</ele></trkpt>
<trkpt lat="47.314757537273785" lon="18.198495005130923"><ele>167.7255864197531</ele></trkpt>
<trkpt lat="47.31476379952136" lon="18.198289140499693"><ele>167.77066100823046</ele></trkpt>
<trkpt lat="47.31476962965242" lon="18.198097473385605"><ele>167.81701646090534</ele></trkpt>
<trkpt lat="47.314775027560444" lon="18.197920003798206"><ele>167.868125</ele></trkpt>
<trkpt lat="47.314780416022074" lon="18.197742559895328"><ele>167.9297676611797</ele></trkpt>
<trkpt lat="47.31478615490269" lon="18.197551149865205"><ele>168.0060476680384</ele></trkpt>
<trkpt lat="47.314792001346426" lon="18.19734646814883"><ele>168.09610853909464</ele></trkpt>
<trkpt lat="47.31479697473407" lon="18.19714428126503"><ele>168.19656464334705</ele></trkpt>
<trkpt lat="47.31479973442327" lon="18.196961384570237"><ele>168.30831704389573</ele></trkpt>
<trkpt lat="47.31479906549572" lon="18.196801250351026"><ele>168.44208333333333</ele></trkpt>
<trkpt lat="47.31479432446491" lon="18.196652731501317"><ele>168.61382973251028</ele></trkpt>
<trkpt lat="47.31478568379219" lon="18.19650219117463"><ele>168.83164866255146</ele></trkpt>
<trkpt lat="47.31477424268172" lon="18.196345879349433"><ele>169.08366512345683</ele></trkpt>
<trkpt lat="47.31476151280149" lon="18.196191064511122"><ele>169.34191872427985</ele></trkpt>
<trkpt lat="47.31474847436806" lon="18.196045632408453"><ele>169.581021090535</ele></trkpt>
<trkpt lat="47.31473479166668" lon="18.195907499654492"><ele>169.7960416666667</ele></trkpt>
<trkpt lat="47.314719157235956" lon="18.195764782659847"><ele>170.00215020576135</ele></trkpt>
<trkpt lat="47.31470056755832" lon="18.19560702707202"><ele>170.2163760288066</ele></trkpt>
<trkpt lat="47.314679462448574" lon="18.195436709807726"><ele>170.43913580246917</ele></trkpt>
<trkpt lat="47.314657442558314" lon="18.195269303291088"><ele>170.6519161522634</ele></trkpt>
<trkpt lat="47.314635731310034" lon="18.19512148015393"><ele>170.83208847736626</ele></trkpt>
<trkpt lat="47.31461375000002" lon="18.19499895792069"><ele>170.96895833333335</ele></trkpt>
<trkpt lat="47.31458919238685" lon="18.19489399277503"><ele>171.0686063580247</ele></trkpt>
<trkpt lat="47.31455998847739" lon="18.194794657651705"><ele>171.14515111111115</ele></trkpt>
<trkpt lat="47.3145259660494" lon="18.194694185378864"><ele>171.2112475925926</ele></trkpt>
<trkpt lat="47.31448893847739" lon="18.194594540155133"><ele>171.27346327160492</ele></trkpt>
<trkpt lat="47.31444974794241" lon="18.194498771716642"><ele>171.33634833333332</ele></trkpt>
<trkpt lat="47.3144069696298" lon="18.194405737977288"><ele>171.40486666666666</ele></trkpt>
<trkpt lat="47.31435806592748" lon="18.194310029729376"><ele>171.48359555555552</ele></trkpt>
<trkpt lat="47.31430326889683" lon="18.19421029482836"><ele>171.57126666666665</ele></trkpt>
<trkpt lat="47.31424552595373" lon="18.194111062907933"><ele>171.66109333333333</ele></trkpt>
<trkpt lat="47.314186569704795" lon="18.19401707089193"><ele>171.74717777777778</ele></trkpt>
<trkpt lat="47.31412399423855" lon="18.193926767538954"><ele>171.83024296296298</ele></trkpt>
<trkpt lat="47.314053830669714" lon="18.19383424915065"><ele>171.91515703703706</ele></trkpt>
<trkpt lat="47.313976529349766" lon="18.19373762405018"><ele>172.00238222222222</ele></trkpt>
<trkpt lat="47.31389757542375" lon="18.193641214664545"><ele>172.0851525925926</ele></trkpt>
<trkpt lat="47.31382177254968" lon="18.193549432195066"><ele>172.1548651851852</ele></trkpt>
<trkpt lat="47.3137482510682" lon="18.19346059515872"><ele>172.20836444444444</ele></trkpt>
<trkpt lat="47.31367267023857" lon="18.193369153930348"><ele>172.24904</ele></trkpt>
<trkpt lat="47.31359473823865" lon="18.193274312967727"><ele>172.28170666666665</ele></trkpt>
<trkpt lat="47.31352061437342" lon="18.193182561826074"><ele>172.30876888888886</ele></trkpt>
<trkpt lat="47.31345802831261" lon="18.193101664016393"><ele>172.33031999999997</ele></trkpt>
<trkpt lat="47.31340956123256" lon="18.193032811645722"><ele>172.34683465277777</ele></trkpt>
<trkpt lat="47.31337177942594" lon="18.192970227072617"><ele>172.36106562499998</ele></trkpt>
<trkpt lat="47.31333968598016" lon="18.192906358717217"><ele>172.37894187499998</ele></trkpt>
<trkpt lat="47.31331039148303" lon="18.19283472978487"><ele>172.41092388888887</ele></trkpt>
<trkpt lat="47.313283005185355" lon="18.19275001458112"><ele>172.4685088888889</ele></trkpt>
<trkpt lat="47.31325720444447" lon="18.192649157694195"><ele>172.55795444444445</ele></trkpt>
<trkpt lat="47.31323298458336" lon="18.19253592269978"><ele>172.67250229166666</ele></trkpt>
<trkpt lat="47.31321106597225" lon="18.192418322759973"><ele>172.79863298611113</ele></trkpt>
<trkpt lat="47.31319214680557" lon="18.192300514773386"><ele>172.92789784722223</ele></trkpt>
<trkpt lat="47.31317572444446" lon="18.192176447156957"><ele>173.0653274074074</ele></trkpt>
<trkpt lat="47.31316048444447" lon="18.192037752320815"><ele>173.21945037037034</ele></trkpt>
<trkpt lat="47.313145760000026" lon="18.19188643528009"><ele>173.38712888888887</ele></trkpt>
<trkpt lat="47.31313232888892" lon="18.191737561247507"><ele>173.54992148148148</ele></trkpt>
<trkpt lat="47.313121502222245" lon="18.191607202801464"><ele>173.68737185185185</ele></trkpt>
<trkpt lat="47.313113865185215" lon="18.191500165832753"><ele>173.79148888888886</ele></trkpt>
<trkpt lat="47.31310897925928" lon="18.191409362915287"><ele>173.86874666666668</ele></trkpt>
<trkpt lat="47.31310618222224" lon="18.191325591092603"><ele>173.92993333333334</ele></trkpt>
<trkpt lat="47.313105397037056" lon="18.19124282519822"><ele>173.98249777777778</ele></trkpt>
<trkpt lat="47.31310737629632" lon="18.191155454878015"><ele>174.03033333333335</ele></trkpt>
<trkpt lat="47.31311310518521" lon="18.191055069764047"><ele>174.07732888888887</ele></trkpt>
<trkpt lat="47.3131229214815" lon="18.190934721689136"><ele>174.12792</ele></trkpt>
<trkpt lat="47.31313592888891" lon="18.190797635807332"><ele>174.18481333333335</ele></trkpt>
<trkpt lat="47.31315051703706" lon="18.190656526183066"><ele>174.2498977777778</ele></trkpt>
<trkpt lat="47.31316572740742" lon="18.190522447659912"><ele>174.32844000000003</ele></trkpt>
<trkpt lat="47.31318197555597" lon="18.19039538768012"><ele>174.42980592592596</ele></trkpt>
<trkpt lat="47.31320034889327" lon="18.190267301802898"><ele>174.5612074074074</ele></trkpt>
<trkpt lat="47.31322114002266" lon="18.190134282605165"><ele>174.71920444444447</ele></trkpt>
<trkpt lat="47.313243871190586" lon="18.190000041960328"><ele>174.8928651851852</ele></trkpt>
<trkpt lat="47.31326886465938" lon="18.189867788103793"><ele>175.07771703703708</ele></trkpt>
<trkpt lat="47.31329800491483" lon="18.18973256704422"><ele>175.2833140740741</ele></trkpt>
<trkpt lat="47.31333315418946" lon="18.189585491347106"><ele>175.52425481481487</ele></trkpt>
<trkpt lat="47.31337338798482" lon="18.18942619344449"><ele>175.80290222222226</ele></trkpt>
<trkpt lat="47.313415130630524" lon="18.189264667974726"><ele>176.11201481481484</ele></trkpt>
<trkpt lat="47.31345542866256" lon="18.18910999116196"><ele>176.4569140740741</ele></trkpt>
<trkpt lat="47.313494321865456" lon="18.188960990425432"><ele>176.86105104938272</ele></trkpt>
<trkpt lat="47.313533805716474" lon="18.1888094786398"><ele>177.3444262345679</ele></trkpt>
<trkpt lat="47.313573935581424" lon="18.188654353313538"><ele>177.8840727777778</ele></trkpt>
<trkpt lat="47.313612393053695" lon="18.18850256288258"><ele>178.42519209876545</ele></trkpt>
<trkpt lat="47.31364647534544" lon="18.188361262178326"><ele>178.9179411728395</ele></trkpt>
<trkpt lat="47.313676354446024" lon="18.18822552181064"><ele>179.36229166666666</ele></trkpt>
<trkpt lat="47.313704615894224" lon="18.188081709968554"><ele>179.79641803840875</ele></trkpt>
<trkpt lat="47.313734018112925" lon="18.187918743172606"><ele>180.2589240397805</ele></trkpt>
<trkpt lat="47.31376508963431" lon="18.187739781026973"><ele>180.7496244855967</ele></trkpt>
<trkpt lat="47.313796313691284" lon="18.187560444635817"><ele>181.2311771262003</ele></trkpt>
<trkpt lat="47.31382623641791" lon="18.187396200918265"><ele>181.66246742112483</ele></trkpt>
<trkpt lat="47.313855556179846" lon="18.187249793106428"><ele>182.033125</ele></trkpt>
<trkpt lat="47.313886939931166" lon="18.18711072834628"><ele>182.3677263374486</ele></trkpt>
<trkpt lat="47.31392260375834" lon="18.186966841386454"><ele>182.69822273662552</ele></trkpt>
<trkpt lat="47.313961930294184" lon="18.186815932948548"><ele>183.03530864197532</ele></trkpt>
<trkpt lat="47.31400170035998" lon="18.186666604476052"><ele>183.36441100823046</ele></trkpt>
<trkpt lat="47.31403887767598" lon="18.186528109098518"><ele>183.6676646090535</ele></trkpt>
<trkpt lat="47.314073338702165" lon="18.18640000701253"><ele>183.946875</ele></trkpt>
<trkpt lat="47.314107804068605" lon="18.186271921050093"><ele>184.22475737311382</ele></trkpt>
<trkpt lat="47.314145026461" lon="18.186133588023008"><ele>184.52311042524005</ele></trkpt>
<trkpt lat="47.314185005934846" lon="18.185985007888"><ele>184.83996656378602</ele></trkpt>
<trkpt lat="47.314224985309" lon="18.185836427528237"><ele>185.14825703017834</ele></trkpt>
<trkpt lat="47.314262207361246" lon="18.185698093887908"><ele>185.41738082990398</ele></trkpt>
<trkpt lat="47.31429667203607" lon="18.18557000701042"><ele>185.63583333333335</ele></trkpt>
<trkpt lat="47.31433113362078" lon="18.185441925111338"><ele>185.81555984224966</ele></trkpt>
<trkpt lat="47.31436832644646" lon="18.185303642367526"><ele>185.97674468449932</ele></trkpt>
<trkpt lat="47.31440817343588" lon="18.185155297654642"><ele>186.1317258230453</ele></trkpt>
<trkpt lat="47.31444774321906" lon="18.18500745179771"><ele>186.28113511659808</ele></trkpt>
<trkpt lat="47.314483990114226" lon="18.184870871491654"><ele>186.4233067558299</ele></trkpt>
<trkpt lat="47.31451652840215" lon="18.184746251383544"><ele>186.564375</ele></trkpt>
<trkpt lat="47.314548006940115" lon="18.184623028653135"><ele>186.71951451989025</ele></trkpt>
<trkpt lat="47.3145813702994" lon="18.18449012432694"><ele>186.900820521262</ele></trkpt>
<trkpt lat="47.31461713902793" lon="18.184346596369288"><ele>187.10534615226337</ele></trkpt>
<trkpt lat="47.31465247378254" lon="18.184205276848633"><ele>187.31197157064474</ele></trkpt>
<trkpt lat="47.314684073329296" lon="18.1840810552977"><ele>187.49877501371745</ele></trkpt>
<trkpt lat="47.31471048554186" lon="18.18398109462285"><ele>187.656224266118</ele></trkpt>
<trkpt lat="47.3147330565158" lon="18.183900527546403"><ele>187.79170198902608</ele></trkpt>
<trkpt lat="47.31475364255146" lon="18.183831461275226"><ele>187.91489057613168</ele></trkpt>
<trkpt lat="47.31477384836765" lon="18.183767171922398"><ele>188.0326687791495</ele></trkpt>
<trkpt lat="47.31479525591224" lon="18.183702473623473"><ele>188.15050327846365</ele></trkpt>
<trkpt lat="47.31482083333336" lon="18.18362895881058"><ele>188.28125</ele></trkpt>
<trkpt lat="47.31485402863514" lon="18.18353689631268"><ele>188.44129029492456</ele></trkpt>
<trkpt lat="47.31489650634433" lon="18.183421153255207"><ele>188.63880744170095</ele></trkpt>
<trkpt lat="47.31494592849796" lon="18.183287215629797"><ele>188.86113940329219</ele></trkpt>
<trkpt lat="47.31499693072704" lon="18.18314853760971"><ele>189.07690157750343</ele></trkpt>
<trkpt lat="47.315044800240074" lon="18.18301661876908"><ele>189.25200017146778</ele></trkpt>
<trkpt lat="47.31508895833335" lon="18.182891667587466"><ele>189.36645833333336</ele></trkpt>
<trkpt lat="47.31513274777093" lon="18.182763605255754"><ele>189.42015003429356</ele></trkpt>
<trkpt lat="47.31517972393691" lon="18.182622919530683"><ele>189.4261179698217</ele></trkpt>
<trkpt lat="47.31523004886833" lon="18.182471369526894"><ele>189.40271862139917</ele></trkpt>
<trkpt lat="47.31528045696161" lon="18.182322147895984"><ele>189.3669281550069</ele></trkpt>
<trkpt lat="47.31532771690674" lon="18.18218940764904"><ele>189.33061299725654</ele></trkpt>
<trkpt lat="47.315372083333344" lon="18.182077500771918"><ele>189.29833333333332</ele></trkpt>
<trkpt lat="47.31541761916325" lon="18.18197889337814"><ele>189.26877898491082</ele></trkpt>
<trkpt lat="47.31546846820303" lon="18.18188278902959"><ele>189.23871451303154</ele></trkpt>
<trkpt lat="47.315525403415656" lon="18.18178373355738"><ele>189.2058836213992</ele></trkpt>
<trkpt lat="47.31558510116601" lon="18.18168473396088"><ele>189.1694784636489</ele></trkpt>
<trkpt lat="47.315644930274374" lon="18.181589564967233"><ele>189.12745552812075</ele></trkpt>
<trkpt lat="47.315705674074096" lon="18.181497529619357"><ele>189.0760533333334</ele></trkpt>
<trkpt lat="47.31577053925928" lon="18.18140362302412"><ele>189.01215111111114</ele></trkpt>
<trkpt lat="47.31583915555558" lon="18.18130728082606"><ele>188.93797333333336</ele></trkpt>
<trkpt lat="47.315906334814834" lon="18.181214818504216"><ele>188.8603466666667</ele></trkpt>
<trkpt lat="47.31596629629632" lon="18.181134151660114"><ele>188.78467555555557</ele></trkpt>
<trkpt lat="47.31601792296299" lon="18.181067231506955"><ele>188.70996740740742</ele></trkpt>
<trkpt lat="47.31606478814817" lon="18.181009453650383"><ele>188.6299703703704</ele></trkpt>
<trkpt lat="47.31611067555558" lon="18.180955506965454"><ele>188.5380088888889</ele></trkpt>
<trkpt lat="47.31615771259262" lon="18.18090242254666"><ele>188.4256414814815</ele></trkpt>
<trkpt lat="47.316208500740764" lon="18.18084758708149"><ele>188.27601185185185</ele></trkpt>
<trkpt lat="47.31626773185187" lon="18.18078641836191"><ele>188.0657377777778</ele></trkpt>
<trkpt lat="47.316339157037056" lon="18.180714827439708"><ele>187.7807155555556</ele></trkpt>
<trkpt lat="47.316419915555585" lon="18.180634747526053"><ele>187.43505333333334</ele></trkpt>
<trkpt lat="47.3165005303704" lon="18.180554236331698"><ele>187.06395555555557</ele></trkpt>
<trkpt lat="47.31657146518522" lon="18.180481173924452"><ele>186.6921377777778</ele></trkpt>
<trkpt lat="47.31662930930572" lon="18.180417727996"><ele>186.31766664938993</ele></trkpt>
<trkpt lat="47.316677091977134" lon="18.180360520992846"><ele>185.9230296512256</ele></trkpt>
<trkpt lat="47.31671869300942" lon="18.180306428359177"><ele>185.50998949141564</ele></trkpt>
<trkpt lat="47.31675681732861" lon="18.180253345150124"><ele>185.09063654464964</ele></trkpt>
<trkpt lat="47.31679338109062" lon="18.180198700164603"><ele>184.6670922405788</ele></trkpt>
<trkpt lat="47.316832361516056" lon="18.18013578800011"><ele>184.20180758017497</ele></trkpt>
<trkpt lat="47.31687937317786" lon="18.180054928446214"><ele>183.62951895043736</ele></trkpt>
<trkpt lat="47.3169397192528" lon="18.179947186934072"><ele>182.88652197386892</ele></trkpt>
<trkpt lat="47.3170148628658" lon="18.179810583996886"><ele>181.9566445308282</ele></trkpt>
<trkpt lat="47.31709987690316" lon="18.179654725787543"><ele>180.90393909944933</ele></trkpt>
<trkpt lat="47.317184681459906" lon="18.17949839578947"><ele>179.85793704783504</ele></trkpt>
<trkpt lat="47.3172591102473" lon="18.179360183373547"><ele>178.95093402440344</ele></trkpt>
<trkpt lat="47.317318002915485" lon="18.179249170433792"><ele>178.25444606413996</ele></trkpt>
<trkpt lat="47.31736250728866" lon="18.179162668474618"><ele>177.76239067055397</ele></trkpt>
<trkpt lat="47.31739779287809" lon="18.1790903806088"><ele>177.4205066188182</ele></trkpt>
<trkpt lat="47.317429294302066" lon="18.179021748880817"><ele>177.16499902986993</ele></trkpt>
<trkpt lat="47.317460365696896" lon="18.178950364458526"><ele>176.94504406077908</ele></trkpt>
<trkpt lat="47.31749067291602" lon="18.178877162407613"><ele>176.73282339920095</ele></trkpt>
<trkpt lat="47.317518391705214" lon="18.178805779550665"><ele>176.51625962069133</ele></trkpt>
<trkpt lat="47.31754186385832" lon="18.178739502890263"><ele>176.29545781893006</ele></trkpt>
<trkpt lat="47.31756137797703" lon="18.1786780823817"><ele>176.07891300154324</ele></trkpt>
<trkpt lat="47.3175781737213" lon="18.178618603059675"><ele>175.8803526877572</ele></trkpt>
<trkpt lat="47.317594059038385" lon="18.178554883874092"><ele>175.7102838863169</ele></trkpt>
<trkpt lat="47.31761145874221" lon="18.178476042357996"><ele>175.56354166666668</ele></trkpt>
<trkpt lat="47.3176328805882" lon="18.17837046502244"><ele>175.42488683127573</ele></trkpt>
<trkpt lat="47.317659665242985" lon="18.178232889353197"><ele>175.27971965020578</ele></trkpt>
<trkpt lat="47.317690539494784" lon="18.17807153279951"><ele>175.12734567901234</ele></trkpt>
<trkpt lat="47.31772232849447" lon="18.177904271596518"><ele>174.97896347736628</ele></trkpt>
<trkpt lat="47.31775223460849" lon="18.177746547226796"><ele>174.84741769547327</ele></trkpt>
<trkpt lat="47.317780003107316" lon="18.17760000323639"><ele>174.73645833333336</ele></trkpt>
<trkpt lat="47.31780777730397" lon="18.17745343422979"><ele>174.63912379972567</ele></trkpt>
<trkpt lat="47.31783774258911" lon="18.17729546072791"><ele>174.54606395747604</ele></trkpt>
<trkpt lat="47.31786980647009" lon="18.177127054929652"><ele>174.4545936213992</ele></trkpt>
<trkpt lat="47.31790153767097" lon="18.176962141785058"><ele>174.3709405006859</ele></trkpt>
<trkpt lat="47.31793036772812" lon="18.17681608666204"><ele>174.30455589849112</ele></trkpt>
<trkpt lat="47.317955833742204" lon="18.176693750817087"><ele>174.26145833333334</ele></trkpt>
<trkpt lat="47.31797993299415" lon="18.17658702090343"><ele>174.24146144718793</ele></trkpt>
<trkpt lat="47.31800509186431" lon="18.17648415817932"><ele>174.24052869684502</ele></trkpt>
<trkpt lat="47.31803220734431" lon="18.17637928959078"><ele>174.25452471193418</ele></trkpt>
<trkpt lat="47.31806007723281" lon="18.17627606710536"><ele>174.2827996227709</ele></trkpt>
<trkpt lat="47.318087601948235" lon="18.176179610791444"><ele>174.3304577434842</ele></trkpt>
<trkpt lat="47.31811515111137" lon="18.176090410680235"><ele>174.40577333333331</ele></trkpt>
<trkpt lat="47.31814440889159" lon="18.17600314551789"><ele>174.51303111111108</ele></trkpt>
<trkpt lat="47.318176013347255" lon="18.175914324824223"><ele>174.64481333333333</ele></trkpt>
<trkpt lat="47.31820934227102" lon="18.175824354542073"><ele>174.7847866666667</ele></trkpt>
<trkpt lat="47.31824448457638" lon="18.175733166604427"><ele>174.91999555555557</ele></trkpt>
<trkpt lat="47.318283661029476" lon="18.175635682570917"><ele>175.04971111111112</ele></trkpt>
<trkpt lat="47.31832941089588" lon="18.175525413524483"><ele>175.18047555555555</ele></trkpt>
<trkpt lat="47.31838092969798" lon="18.17540331338155"><ele>175.31113333333332</ele></trkpt>
<trkpt lat="47.31843402921719" lon="18.175278339007516"><ele>175.4267022222222</ele></trkpt>
<trkpt lat="47.318485173076944" lon="18.17515826218609"><ele>175.50597777777776</ele></trkpt>
<trkpt lat="47.31853481752139" lon="18.175041773296805"><ele>175.53557925925926</ele></trkpt>
<trkpt lat="47.31858584255052" lon="18.174921992337207"><ele>175.51726962962962</ele></trkpt>
<trkpt lat="47.31863839636466" lon="18.17479838003261"><ele>175.46495111111113</ele></trkpt>
<trkpt lat="47.31868821978477" lon="18.17468051570301"><ele>175.39553185185184</ele></trkpt>
<trkpt lat="47.31872992769615" lon="18.17458034914542"><ele>175.31886814814817</ele></trkpt>
<trkpt lat="47.31876175755306" lon="18.174501020771594"><ele>175.23265026063103</ele></trkpt>
<trkpt lat="47.31878613118734" lon="18.174435664455416"><ele>175.1295508916324</ele></trkpt>
<trkpt lat="47.318806824869895" lon="18.174373398662027"><ele>175.0056722633745</ele></trkpt>
<trkpt lat="47.318825619808095" lon="18.174308053335306"><ele>174.87037445044584</ele></trkpt>
<trkpt lat="47.318842512509704" lon="18.17423810416521"><ele>174.7367191606653</ele></trkpt>
<trkpt lat="47.31885633326906" lon="18.174167028422332"><ele>174.61845711162553</ele></trkpt>
<trkpt lat="47.31886643089852" lon="18.174096103439123"><ele>174.5191546639232</ele></trkpt>
<trkpt lat="47.318872396262016" lon="18.17402518177605"><ele>174.4383316186557</ele></trkpt>
<trkpt lat="47.31887464248973" lon="18.173951119681323"><ele>174.3704175240055</ele></trkpt>
<trkpt lat="47.31887394579477" lon="18.17387445438406"><ele>174.3128224665638</ele></trkpt>
<trkpt lat="47.31887096289868" lon="18.173796651064333"><ele>174.26523523233882</ele></trkpt>
<trkpt lat="47.31886553015691" lon="18.173717238915074"><ele>174.22987407836078</ele></trkpt>
<trkpt lat="47.31885645833335" lon="18.173627499746914"><ele>174.20708333333332</ele></trkpt>
<trkpt lat="47.31884237654323" lon="18.173515596290784"><ele>174.19514746227708</ele></trkpt>
<trkpt lat="47.31882295524693" lon="18.173375112597444"><ele>174.19089677640602</ele></trkpt>
<trkpt lat="47.31880000000001" lon="18.173213826523376"><ele>174.1913683127572</ele></trkpt>
<trkpt lat="47.31877704475311" lon="18.17305054469221"><ele>174.19416838134433</ele></trkpt>
<trkpt lat="47.31875762345681" lon="18.17290325060389"><ele>174.19786351165982</ele></trkpt>
<trkpt lat="47.31874354166669" lon="18.172777499735773"><ele>174.20208333333335</ele></trkpt>
<trkpt lat="47.318734486810726" lon="18.172664892748937"><ele>174.20713016460908</ele></trkpt>
<trkpt lat="47.31872910707821" lon="18.17255343534271"><ele>174.2131731687243</ele></trkpt>
<trkpt lat="47.31872622969138" lon="18.172437580129948"><ele>174.21949345679013</ele></trkpt>
<trkpt lat="47.318725659362165" lon="18.172321749247992"><ele>174.22409403292184</ele></trkpt>
<trkpt lat="47.318728167057635" lon="18.172211253440942"><ele>174.22420917695473</ele></trkpt>
<trkpt lat="47.318734868148184" lon="18.172105897895293"><ele>174.21753185185185</ele></trkpt>
<trkpt lat="47.31874621185188" lon="18.171999511293027"><ele>174.2040548148148</ele></trkpt>
<trkpt lat="47.31876135111112" lon="18.17188924022611"><ele>174.1874488888889</ele></trkpt>
<trkpt lat="47.31877878962964" lon="18.171777675807235"><ele>174.17501037037036</ele></trkpt>
<trkpt lat="47.318797979259266" lon="18.1716668758472"><ele>174.1757540740741</ele></trkpt>
<trkpt lat="47.31881975762721" lon="18.17155306287209"><ele>174.19647231138546</ele></trkpt>
<trkpt lat="47.31884521982501" lon="18.171429890444013"><ele>174.2388724622771</ele></trkpt>
<trkpt lat="47.31887359586079" lon="18.17129885935097"><ele>174.29906619341563</ele></trkpt>
<trkpt lat="47.31890279877075" lon="18.17116832283725"><ele>174.37325561042525</ele></trkpt>
<trkpt lat="47.318931305937795" lon="18.171045825590674"><ele>174.4639056447188</ele></trkpt>
<trkpt lat="47.31896041703217" lon="18.170927605236354"><ele>174.58395833333336</ele></trkpt>
<trkpt lat="47.31899321915355" lon="18.170801912230033"><ele>174.74963305898493</ele></trkpt>
<trkpt lat="47.319031962771014" lon="18.170659031908162"><ele>174.9668818587106</ele></trkpt>
<trkpt lat="47.31907549042031" lon="18.170501452507512"><ele>175.2184362139918</ele></trkpt>
<trkpt lat="47.31911984965909" lon="18.170342084939055"><ele>175.4673293895748</ele></trkpt>
<trkpt lat="47.31916143096848" lon="18.17019310291875"><ele>175.6754972565158</ele></trkpt>
<trkpt lat="47.31920000277768" lon="18.17005500416428"><ele>175.82270833333334</ele></trkpt>
<trkpt lat="47.31923856917149" lon="18.16991693007896"><ele>175.91147033607683</ele></trkpt>
<trkpt lat="47.31928009828735" lon="18.169768196047443"><ele>175.95692215363516</ele></trkpt>
<trkpt lat="47.31932421984418" lon="18.169609971013983"><ele>175.9755684156379</ele></trkpt>
<trkpt lat="47.31936701078198" lon="18.169455945453223"><ele>175.97816443758578</ele></trkpt>
<trkpt lat="47.319403999331875" lon="18.169321541781418"><ele>175.9688468792867</ele></trkpt>
<trkpt lat="47.31943333369884" lon="18.16921260509228"><ele>175.94625</ele></trkpt>
<trkpt lat="47.31945673605955" lon="18.169122049344892"><ele>175.906028699417</ele></trkpt>
<trkpt lat="47.319477289369175" lon="18.16903822026678"><ele>175.84600705161182</ele></trkpt>
<trkpt lat="47.319497210022305" lon="18.168952963832986"><ele>175.76944605195473</ele></trkpt>
<trkpt lat="47.31951646176602" lon="18.16886642036023"><ele>175.6865963648834</ele></trkpt>
<trkpt lat="47.31953426772581" lon="18.168780767138237"><ele>175.60713595250346</ele></trkpt>
<trkpt lat="47.319550066550946" lon="18.168697063195587"><ele>175.5360271990741</ele></trkpt>
<trkpt lat="47.31956417534723" lon="18.168613185867695"><ele>175.47131944444448</ele></trkpt>
<trkpt lat="47.319576880787054" lon="18.16852622116412"><ele>175.40885706018523</ele></trkpt>
<trkpt lat="47.31958847222224" lon="18.16843159443047"><ele>175.34362847222224</ele></trkpt>
<trkpt lat="47.31959916087965" lon="18.168325413881266"><ele>175.2723755787037</ele></trkpt>
<trkpt lat="47.31960884548613" lon="18.16820967024264"><ele>175.19664930555555</ele></trkpt>
<trkpt lat="47.31961656539354" lon="18.16809336523876"><ele>175.12372974537038</ele></trkpt>
<trkpt lat="47.319620986689834" lon="18.16798542248726"><ele>175.0614988425926</ele></trkpt>
<trkpt lat="47.319621371527795" lon="18.16788787904312"><ele>175.01296585648151</ele></trkpt>
<trkpt lat="47.31961802083335" lon="18.16779763885062"><ele>174.97659722222224</ele></trkpt>
<trkpt lat="47.31961130208336" lon="18.167711889403368"><ele>174.95145543981482</ele></trkpt>
<trkpt lat="47.319600978009284" lon="18.167628573399536"><ele>174.93858796296294</ele></trkpt>
<trkpt lat="47.31958653935188" lon="18.16754526607255"><ele>174.93891493055557</ele></trkpt>
<trkpt lat="47.319568350694475" lon="18.16746115435856"><ele>174.9509375</ele></trkpt>
<trkpt lat="47.3195473553241" lon="18.167379007359862"><ele>174.9730642361111</ele></trkpt>
<trkpt lat="47.31952416893521" lon="18.167302415365466"><ele>175.0051156712963</ele></trkpt>
<trkpt lat="47.319498491851874" lon="18.167231752041214"><ele>175.04760537037038</ele></trkpt>
<trkpt lat="47.319470195277795" lon="18.16716511395658"><ele>175.09788493055558</ele></trkpt>
<trkpt lat="47.31943889768521" lon="18.167099956672928"><ele>175.15123182870371</ele></trkpt>
<trkpt lat="47.31940243675928" lon="18.167032094872066"><ele>175.20469622685187</ele></trkpt>
<trkpt lat="47.3193563777778" lon="18.166954208259423"><ele>175.26051851851852</ele></trkpt>
<trkpt lat="47.31929759555558" lon="18.166860399126687"><ele>175.32270814814817</ele></trkpt>
<trkpt lat="47.31922873333336" lon="18.166752972331164"><ele>175.3916888888889</ele></trkpt>
<trkpt lat="47.319157715555576" lon="18.166642096824344"><ele>175.46354370370372</ele></trkpt>
<trkpt lat="47.3190915777778" lon="18.166536519181438"><ele>175.53554074074074</ele></trkpt>
<trkpt lat="47.31903142370372" lon="18.166436240747267"><ele>175.61007555555557</ele></trkpt>
<trkpt lat="47.31897370074076" lon="18.166335166676593"><ele>175.69201333333334</ele></trkpt>
<trkpt lat="47.31891635111114" lon="18.166231097050797"><ele>175.78177333333332</ele></trkpt>
<trkpt lat="47.318861300740764" lon="18.16612889564229"><ele>175.87455111111112</ele></trkpt>
<trkpt lat="47.31881142370373" lon="18.166034196491914"><ele>175.96678666666668</ele></trkpt>
<trkpt lat="47.318766151689836" lon="18.16594551776217"><ele>176.06222856481483</ele></trkpt>
<trkpt lat="47.318722006365775" lon="18.165855893508628"><ele>176.1673553240741</ele></trkpt>
<trkpt lat="47.31867661298614" lon="18.16576058924421"><ele>176.28121986111114</ele></trkpt>
<trkpt lat="47.318631011296326" lon="18.165660937694927"><ele>176.39039129629631</ele></trkpt>
<trkpt lat="47.31858760358027" lon="18.165560495589638"><ele>176.47886876543214</ele></trkpt>
<trkpt lat="47.318547716049416" lon="18.16546099155367"><ele>176.53881944444447</ele></trkpt>
<trkpt lat="47.31851161747688" lon="18.165363570865484"><ele>176.57531828703708</ele></trkpt>
<trkpt lat="47.318479397183665" lon="18.16526857257263"><ele>176.5987866512346</ele></trkpt>
<trkpt lat="47.318450845871936" lon="18.16517318843262"><ele>176.6190451388889</ele></trkpt>
<trkpt lat="47.31842375000003" lon="18.165066041083424"><ele>176.6429166666667</ele></trkpt>
<trkpt lat="47.31839482167355" lon="18.16493272894814"><ele>176.67496313443075</ele></trkpt>
<trkpt lat="47.318361695816215" lon="18.164765589651193"><ele>176.71692472565158</ele></trkpt>
<trkpt lat="47.31832539094653" lon="18.164574021479584"><ele>176.76641718106998</ele></trkpt>
<trkpt lat="47.31828975137177" lon="18.164380790279097"><ele>176.81832133058987</ele></trkpt>
<trkpt lat="47.318258895747626" lon="18.16420797588655"><ele>176.8685125171468</ele></trkpt>
<trkpt lat="47.31823458333336" lon="18.164063124461304"><ele>176.9172916666667</ele></trkpt>
<trkpt lat="47.31821561351168" lon="18.16393721238228"><ele>176.9692353840878</ele></trkpt>
<trkpt lat="47.31819966652951" lon="18.163816543364913"><ele>177.02849755829905</ele></trkpt>
<trkpt lat="47.31818528497945" lon="18.16369458949569"><ele>177.09436133744856</ele></trkpt>
<trkpt lat="47.318172889369016" lon="18.16357672303416"><ele>177.15992774348422</ele></trkpt>
<trkpt lat="47.318163823388225" lon="18.1634709249836"><ele>177.21763908779153</ele></trkpt>
<trkpt lat="47.318159106207155" lon="18.16338034831595"><ele>177.26386574759948</ele></trkpt>
<trkpt lat="47.318158491735275" lon="18.16330021320756"><ele>177.30100569272977</ele></trkpt>
<trkpt lat="47.31816086862142" lon="18.163225404747735"><ele>177.33354390946505</ele></trkpt>
<trkpt lat="47.318165152537745" lon="18.163152503328767"><ele>177.36639174211248</ele></trkpt>
<trkpt lat="47.31817107534295" lon="18.16307836945883"><ele>177.40478179698218</ele></trkpt>
<trkpt lat="47.31817937500002" lon="18.162994791858942"><ele>177.45625</ele></trkpt>
<trkpt lat="47.318191154835596" lon="18.162891173145972"><ele>177.52840192043897</ele></trkpt>
<trkpt lat="47.31820690843832" lon="18.16276181369119"><ele>177.62388717421126</ele></trkpt>
<trkpt lat="47.31822573303552" lon="18.162613241227483"><ele>177.73539094650206</ele></trkpt>
<trkpt lat="47.3182458050791" lon="18.162461674883758"><ele>177.8475600137174</ele></trkpt>
<trkpt lat="47.31826581543185" lon="18.162322099284133"><ele>177.94531550068587</ele></trkpt>
<trkpt lat="47.318286250230486" lon="18.16219770895839"><ele>178.02208333333334</ele></trkpt>
<trkpt lat="47.31830923853957" lon="18.162078952756495"><ele>178.08143899862827</ele></trkpt>
<trkpt lat="47.318336596940505" lon="18.161954109317673"><ele>178.13179750342937</ele></trkpt>
<trkpt lat="47.31836810947027" lon="18.161819240578616"><ele>178.18163403292183</ele></trkpt>
<trkpt lat="47.318401266400485" lon="18.161681068896762"><ele>178.238257133059</ele></trkpt>
<trkpt lat="47.31843398295267" lon="18.16154599707864"><ele>178.31146122085053</ele></trkpt>
<trkpt lat="47.318466229794936" lon="18.161413164945298"><ele>178.41236592592597</ele></trkpt>
<trkpt lat="47.31849961328886" lon="18.16127554999429"><ele>178.54625629629635</ele></trkpt>
<trkpt lat="47.3185340721987" lon="18.16113295711026"><ele>178.70179111111113</ele></trkpt>
<trkpt lat="47.318566950336006" lon="18.16099539373378"><ele>178.8518651851852</ele></trkpt>
<trkpt lat="47.31859493964736" lon="18.160874941460182"><ele>178.96712148148148</ele></trkpt>
<trkpt lat="47.31861691425182" lon="18.16077454262679"><ele>179.03187703703702</ele></trkpt>
<trkpt lat="47.31863428155148" lon="18.160687142451778"><ele>179.04858518518517</ele></trkpt>
<trkpt lat="47.3186489022639" lon="18.16060424015635"><ele>179.02912444444445</ele></trkpt>
<trkpt lat="47.318661654899095" lon="18.160520044581318"><ele>178.98264740740743</ele></trkpt>
<trkpt lat="47.318672647625945" lon="18.160428231265005"><ele>178.90716592592594</ele></trkpt>
<trkpt lat="47.3186822197368" lon="18.160319246135067"><ele>178.7926903703704</ele></trkpt>
<trkpt lat="47.318691123832124" lon="18.16018558103546"><ele>178.633282962963</ele></trkpt>
<trkpt lat="47.318699832449326" lon="18.16003128482721"><ele>178.4400177777778</ele></trkpt>
<trkpt lat="47.31870825362001" lon="18.159870665629967"><ele>178.23827407407407</ele></trkpt>
<trkpt lat="47.3187161768411" lon="18.159715424176742"><ele>178.0499348148148</ele></trkpt>
<trkpt lat="47.318723830174434" lon="18.159564564917563"><ele>177.87911703703702</ele></trkpt>
<trkpt lat="47.318731782508905" lon="18.159409204890043"><ele>177.7164962962963</ele></trkpt>
<trkpt lat="47.318740339116" lon="18.159248040386416"><ele>177.55793777777777</ele></trkpt>
<trkpt lat="47.31874947049879" lon="18.15909204919432"><ele>177.4128874074074</ele></trkpt>
<trkpt lat="47.31875938418124" lon="18.158954342455115"><ele>177.29636148148148</ele></trkpt>
<trkpt lat="47.31877103012561" lon="18.15883698626158"><ele>177.21500289351854</ele></trkpt>
<trkpt lat="47.318785657951054" lon="18.15873117913387"><ele>177.1634818287037</ele></trkpt>
<trkpt lat="47.31880423807856" lon="18.158627714250777"><ele>177.13228993055557</ele></trkpt>
<trkpt lat="47.318827808152605" lon="18.15852379489695"><ele>177.1160037037037</ele></trkpt>
<trkpt lat="47.31885813106524" lon="18.15841934763247"><ele>177.11436921296297</ele></trkpt>
<trkpt lat="47.31889653356483" lon="18.158314042671638"><ele>177.12762152777776</ele></trkpt>
<trkpt lat="47.31894164930558" lon="18.158209123728366"><ele>177.151484375</ele></trkpt>
<trkpt lat="47.318989571759275" lon="18.158111221487125"><ele>177.1778732638889</ele></trkpt>
<trkpt lat="47.31903705729168" lon="18.158027468506063"><ele>177.19916377314814</ele></trkpt>
<trkpt lat="47.31908375289353" lon="18.15795974852652"><ele>177.21278935185185</ele></trkpt>
<trkpt lat="47.319130824652795" lon="18.157903958558514"><ele>177.22230902777778</ele></trkpt>
<trkpt lat="47.319179299768535" lon="18.1578549047292"><ele>177.23575810185184</ele></trkpt>
<trkpt lat="47.31923006615742" lon="18.157808899879363"><ele>177.2614261574074</ele></trkpt>
<trkpt lat="47.31928441407408" lon="18.157763622477272"><ele>177.30347407407407</ele></trkpt>
<trkpt lat="47.31934200881945" lon="18.157718384658796"><ele>177.35823194444444</ele></trkpt>
<trkpt lat="47.319401457754644" lon="18.157673628438534"><ele>177.4177587962963</ele></trkpt>
<trkpt lat="47.31946331141205" lon="18.157628879199503"><ele>177.47602453703706</ele></trkpt>
<trkpt lat="47.31953195887717" lon="18.15758114714138"><ele>177.53334444444445</ele></trkpt>
<trkpt lat="47.31961168888332" lon="18.157527300041195"><ele>177.5927641975309</ele></trkpt>
<trkpt lat="47.31970050414616" lon="18.157468229189014"><ele>177.65367037037038</ele></trkpt>
<trkpt lat="47.31979174654269" lon="18.15740800507324"><ele>177.71066666666667</ele></trkpt>
<trkpt lat="47.31988045871523" lon="18.157349761116564"><ele>177.75722098765434</ele></trkpt>
<trkpt lat="47.31997046908006" lon="18.157290992821657"><ele>177.79083333333335</ele></trkpt>
<trkpt lat="47.320071237132666" lon="18.15722553781786"><ele>177.81314300411523</ele></trkpt>
<trkpt lat="47.320189769587884" lon="18.15714879319271"><ele>177.827566872428</ele></trkpt>
<trkpt lat="47.32032268098753" lon="18.157062870731487"><ele>177.83618827160495</ele></trkpt>
<trkpt lat="47.32045802488055" lon="18.156975430362877"><ele>177.8383230452675</ele></trkpt>
<trkpt lat="47.32058485790595" lon="18.156893506402092"><ele>177.8306121399177</ele></trkpt>
<trkpt lat="47.32070250294864" lon="18.156817521322527"><ele>177.80791666666664</ele></trkpt>
<trkpt lat="47.320820172986835" lon="18.156741520260415"><ele>177.76584362139917</ele></trkpt>
<trkpt lat="47.32094725655651" lon="18.15665943873315"><ele>177.70401748971193</ele></trkpt>
<trkpt lat="47.321083753677144" lon="18.156571276652834"><ele>177.6288271604938</ele></trkpt>
<trkpt lat="47.32122025076269" lon="18.156483114116817"><ele>177.55164094650203</ele></trkpt>
<trkpt lat="47.32134733421262" lon="18.156401031346096"><ele>177.48300411522632</ele></trkpt>
<trkpt lat="47.32146500400736" lon="18.15632502842858"><ele>177.42708333333331</ele></trkpt>
<trkpt lat="47.32158267371997" lon="18.15624902517266"><ele>177.3813443072702</ele></trkpt>
<trkpt lat="47.32170975693799" lon="18.15616694127606"><ele>177.34190157750345</ele></trkpt>
<trkpt lat="47.32184625368091" lon="18.156078776650915"><ele>177.30977366255146</ele></trkpt>
<trkpt lat="47.32198275038861" lon="18.155990611570115"><ele>177.29427812071333</ele></trkpt>
<trkpt lat="47.32210983348646" lon="18.155908526430277"><ele>177.31159122085052</ele></trkpt>
<trkpt lat="47.32222750295473" lon="18.15583252131942"><ele>177.38125000000005</ele></trkpt>
<trkpt lat="47.32234510268198" lon="18.1557564989401"><ele>177.51826045953365</ele></trkpt>
<trkpt lat="47.32247148896302" lon="18.15567424337209"><ele>177.72307184499317</ele></trkpt>
<trkpt lat="47.32260478104278" lon="18.15558529741225"><ele>177.97288323045268</ele></trkpt>
<trkpt lat="47.3227313162297" lon="18.155494708775617"><ele>178.22760116598081</ele></trkpt>
<trkpt lat="47.32283464548468" lon="18.155406848114577"><ele>178.449155521262</ele></trkpt>
<trkpt lat="47.32290536491419" lon="18.15531943000976"><ele>178.62020833333335</ele></trkpt>
<trkpt lat="47.32294464441145" lon="18.15522500004453"><ele>178.74643951687085</ele></trkpt>
<trkpt lat="47.32296020681833" lon="18.15511783383214"><ele>178.843453260787</ele></trkpt>
<trkpt lat="47.32296147146385" lon="18.155000695904764"><ele>178.92309554553745</ele></trkpt>
<trkpt lat="47.322955893996465" lon="18.154881695024304"><ele>178.98901117839844</ele></trkpt>
<trkpt lat="47.32294801331329" lon="18.154766857061404"><ele>179.03992753112416</ele></trkpt>
<trkpt lat="47.32293933383221" lon="18.154652775132448"><ele>179.07472303206998</ele></trkpt>
<trkpt lat="47.32292943423331" lon="18.15452759713924"><ele>179.09415451895043</ele></trkpt>
<trkpt lat="47.32291731211911" lon="18.15437772773751"><ele>179.10069268977432</ele></trkpt>
<trkpt lat="47.32290254010675" lon="18.154197288882585"><ele>179.09743332253538</ele></trkpt>
<trkpt lat="47.322885855101624" lon="18.15399458846689"><ele>179.08756883705863</ele></trkpt>
<trkpt lat="47.32286886662197" lon="18.153788656806725"><ele>179.07356710938345</ele></trkpt>
<trkpt lat="47.32285305904184" lon="18.153597191646583"><ele>179.056189936292</ele></trkpt>
<trkpt lat="47.32283883137745" lon="18.153424902972603"><ele>179.03402332361517</ele></trkpt>
<trkpt lat="47.32282529946984" lon="18.153261048982543"><ele>179.00393586005833</ele></trkpt>
<trkpt lat="47.32281106779921" lon="18.153088727176588"><ele>178.96287172011662</ele></trkpt>
<trkpt lat="47.32279522729972" lon="18.152896929305182"><ele>178.91035147392293</ele></trkpt>
<trkpt lat="47.32277809277519" lon="18.15268946595347"><ele>178.85064625850342</ele></trkpt>
<trkpt lat="47.32276095809503" lon="18.152482002736328"><ele>178.79204081632653</ele></trkpt>
<trkpt lat="47.32274511706447" lon="18.15229020522877"><ele>178.74327340459996</ele></trkpt>
<trkpt lat="47.32273088431406" lon="18.152117883945916"><ele>178.70983965014577</ele></trkpt>
<trkpt lat="47.322717350543684" lon="18.151954030625472"><ele>178.69291545189506</ele></trkpt>
<trkpt lat="47.32270311691405" lon="18.151781709523764"><ele>178.6907693553612</ele></trkpt>
<trkpt lat="47.32268727423412" lon="18.151589912436204"><ele>178.70009394233887</ele></trkpt>
<trkpt lat="47.32267013735107" lon="18.15138244993237"><ele>178.71666180758018</ele></trkpt>
<trkpt lat="47.322653000312386" lon="18.151174987563135"><ele>178.73605766115972</ele></trkpt>
<trkpt lat="47.3226371571014" lon="18.150983190839476"><ele>178.75503239390994</ele></trkpt>
<trkpt lat="47.32262292239197" lon="18.150810870260916"><ele>178.77250728862975</ele></trkpt>
<trkpt lat="47.322609386758856" lon="18.15064701761019"><ele>178.7894314868805</ele></trkpt>
<trkpt lat="47.32259515117022" lon="18.150474697212804"><ele>178.80758827340463</ele></trkpt>
<trkpt lat="47.32257930630988" lon="18.150282900909197"><ele>178.82857466796244</ele></trkpt>
<trkpt lat="47.322562167068334" lon="18.150075439253364"><ele>178.8536005830904</ele></trkpt>
<trkpt lat="47.32254502767116" lon="18.14986797773215"><ele>178.88475380628446</ele></trkpt>
<trkpt lat="47.32252918227977" lon="18.149676181792486"><ele>178.92664885001622</ele></trkpt>
<trkpt lat="47.322514945611346" lon="18.149503861918326"><ele>178.9873177842566</ele></trkpt>
<trkpt lat="47.3225014081155" lon="18.149340009937397"><ele>179.07758017492714</ele></trkpt>
<trkpt lat="47.32248717056786" lon="18.14916769024443"><ele>179.20672659540008</ele></trkpt>
<trkpt lat="47.32247132352713" lon="18.14897589472487"><ele>179.37575477810176</ele></trkpt>
<trkpt lat="47.32245418192709" lon="18.14876843391715"><ele>179.57138483965016</ele></trkpt>
<trkpt lat="47.32243704017143" lon="18.148560973244056"><ele>179.76937155814707</ele></trkpt>
<trkpt lat="47.322421192599634" lon="18.148369178088494"><ele>179.94644152899255</ele></trkpt>
<trkpt lat="47.32240695397223" lon="18.14819685891882"><ele>180.09193877551024</ele></trkpt>
<trkpt lat="47.32239341461368" lon="18.148033007607772"><ele>180.21040816326533</ele></trkpt>
<trkpt lat="47.322379175107066" lon="18.147860688619318"><ele>180.31399362919774</ele></trkpt>
<trkpt lat="47.32236332588596" lon="18.14766889388392"><ele>180.4132609869345</ele></trkpt>
<trkpt lat="47.32234618192745" lon="18.147461433924416"><ele>180.51063006154845</ele></trkpt>
<trkpt lat="47.32232903781332" lon="18.14725397409956"><ele>180.60056257423608</ele></trkpt>
<trkpt lat="47.32231318806115" lon="18.147062179728195"><ele>180.67445362271894</ele></trkpt>
<trkpt lat="47.32229894747479" lon="18.146889861263105"><ele>180.72644314868808</ele></trkpt>
<trkpt lat="47.32228540625353" lon="18.14672601062202"><ele>180.75590379008747</ele></trkpt>
<trkpt lat="47.32227116478797" lon="18.146553692338177"><ele>180.76593996328694</ele></trkpt>
<trkpt lat="47.3222553133865" lon="18.146361898387035"><ele>180.7616126768168</ele></trkpt>
<trkpt lat="47.32223816706955" lon="18.146154439275858"><ele>180.7490152251377</ele></trkpt>
<trkpt lat="47.32222102059698" lon="18.145946980299346"><ele>180.73474192851745</ele></trkpt>
<trkpt lat="47.32220516866446" lon="18.145755186712282"><ele>180.72469603714504</ele></trkpt>
<trkpt lat="47.32219092611915" lon="18.145582868951866"><ele>180.72310495626823</ele></trkpt>
<trkpt lat="47.32217738303522" lon="18.14541901898084"><ele>180.73250728862973</ele></trkpt>
<trkpt lat="47.3221631396107" lon="18.145246701401685"><ele>180.75393963934783</ele></trkpt>
<trkpt lat="47.32214728602889" lon="18.145054908234897"><ele>180.78664507072673</ele></trkpt>
<trkpt lat="47.322130137353504" lon="18.144847449972158"><ele>180.8277081308714</ele></trkpt>
<trkpt lat="47.322112988522505" lon="18.1446399918441"><ele>180.87337976460427</ele></trkpt>
<trkpt lat="47.32209713440964" lon="18.144448199041435"><ele>180.92181135946444</ele></trkpt>
<trkpt lat="47.32208288990538" lon="18.14427588198579"><ele>180.97521865889215</ele></trkpt>
<trkpt lat="47.32206934495878" lon="18.144112032684905"><ele>181.03978134110787</ele></trkpt>
<trkpt lat="47.32205509957532" lon="18.14393971581054"><ele>181.1221331389699</ele></trkpt>
<trkpt lat="47.32203924381318" lon="18.14374792342815"><ele>181.22445416261746</ele></trkpt>
<trkpt lat="47.32202209277938" lon="18.14354046601371"><ele>181.34046161321675</ele></trkpt>
<trkpt lat="47.32200494158991" lon="18.143333008733435"><ele>181.4572546161322</ele></trkpt>
<trkpt lat="47.321989085296586" lon="18.143141216713413"><ele>181.5622562358277</ele></trkpt>
<trkpt lat="47.32197483883311" lon="18.14296890035893"><ele>181.65005830903792</ele></trkpt>
<trkpt lat="47.32196129202332" lon="18.142805051721933"><ele>181.72402332361517</ele></trkpt>
<trkpt lat="47.321947047006326" lon="18.142632757515177"><ele>181.79175736961452</ele></trkpt>
<trkpt lat="47.32193121232446" lon="18.142441185628147"><ele>181.8595254292193</ele></trkpt>
<trkpt lat="47.32191416593465" lon="18.14223473977563"><ele>181.92824586977648</ele></trkpt>
<trkpt lat="47.321897345027274" lon="18.142030425373015"><ele>181.99398121153226</ele></trkpt>
<trkpt lat="47.3218822797751" lon="18.1418461266854"><ele>182.05156300615488</ele></trkpt>
<trkpt lat="47.321869599187714" lon="18.141688620359314"><ele>182.09858600583095</ele></trkpt>
<trkpt lat="47.32185875119331" lon="18.141550282215707"><ele>182.13682215743444</ele></trkpt>
<trkpt lat="47.321848551062764" lon="18.141415934583915"><ele>182.17045919117209</ele></trkpt>
<trkpt lat="47.32183799474161" lon="18.14127324939095"><ele>182.2035514448284</ele></trkpt>
<trkpt lat="47.32182682794503" lon="18.141120086433975"><ele>182.23845739750928</ele></trkpt>
<trkpt lat="47.32181560305891" lon="18.14096512798728"><ele>182.27606482981201</ele></trkpt>
<trkpt lat="47.321804972347856" lon="18.140818030584256"><ele>182.3180135409543</ele></trkpt>
<trkpt lat="47.3217950027842" lon="18.140679998828745"><ele>182.3685416666667</ele></trkpt>
<trkpt lat="47.3217849722127" lon="18.14054113740398"><ele>182.4336222565158</ele></trkpt>
<trkpt lat="47.32177414278856" lon="18.14039141184659"><ele>182.51655006858712</ele></trkpt>
<trkpt lat="47.32176252617542" lon="18.140231562902656"><ele>182.61415380658437</ele></trkpt>
<trkpt lat="47.32175095111397" lon="18.14007437518677"><ele>182.718826303155</ele></trkpt>
<trkpt lat="47.32174026347961" lon="18.139933730677175"><ele>182.82587534293555</ele></trkpt>
<trkpt lat="47.3217305211997" lon="18.13981333302594"><ele>182.94</ele></trkpt>
<trkpt lat="47.32172096081129" lon="18.139705289554033"><ele>183.07270576131688</ele></trkpt>
<trkpt lat="47.32171069450477" lon="18.139598804667166"><ele>183.23149176954735</ele></trkpt>
<trkpt lat="47.32169934029499" lon="18.13948892468781"><ele>183.40941358024693</ele></trkpt>
<trkpt lat="47.321686863429264" lon="18.13937721512148"><ele>183.5863374485597</ele></trkpt>
<trkpt lat="47.32167276620403" lon="18.139264486985635"><ele>183.7417181069959</ele></trkpt>
<trkpt lat="47.321655416666694" lon="18.13914374950529"><ele>183.86750000000004</ele></trkpt>
<trkpt lat="47.32163265775038" lon="18.139002188044607"><ele>183.97004801097393</ele></trkpt>
<trkpt lat="47.32160357167355" lon="18.138832054061545"><ele>184.06068244170095</ele></trkpt>
<trkpt lat="47.32157019547328" lon="18.138641611578947"><ele>184.14569958847736</ele></trkpt>
<trkpt lat="47.321537151920474" lon="18.138453913649247"><ele>184.22339849108366</ele></trkpt>
<trkpt lat="47.32150920096026" lon="18.13829314487901"><ele>184.28906035665295</ele></trkpt>
<trkpt lat="47.32148875000003" lon="18.13817062458068"><ele>184.34083333333334</ele></trkpt>
<trkpt lat="47.32147524528123" lon="18.138081371931246"><ele>184.38195497942385</ele></trkpt>
<trkpt lat="47.32146664685873" lon="18.138012369749077"><ele>184.41797020576132</ele></trkpt>
<trkpt lat="47.3214610551029" lon="18.137950804915477"><ele>184.4537301234568</ele></trkpt>
<trkpt lat="47.321457687722926" lon="18.13788746175293"><ele>184.49240699588478</ele></trkpt>
<trkpt lat="47.32145670947876" lon="18.137812763531752"><ele>184.53813769547327</ele></trkpt>
<trkpt lat="47.321458586279185" lon="18.13771744694465"><ele>184.59568130315503</ele></trkpt>
<trkpt lat="47.321463335984454" lon="18.13759630433429"><ele>184.66799211248286</ele></trkpt>
<trkpt lat="47.321470247542265" lon="18.137455908775827"><ele>184.75126761316872</ele></trkpt>
<trkpt lat="47.321478438055934" lon="18.1373092719204"><ele>184.83784063100137</ele></trkpt>
<trkpt lat="47.321487611598016" lon="18.137165699987044"><ele>184.9220738957476</ele></trkpt>
<trkpt lat="47.32149859585626" lon="18.13701948042467"><ele>185.0070833333333</ele></trkpt>
<trkpt lat="47.32151273489554" lon="18.13685537734427"><ele>185.10158350480108</ele></trkpt>
<trkpt lat="47.32153074242107" lon="18.136662057794783"><ele>185.21187842935527</ele></trkpt>
<trkpt lat="47.3215516633065" lon="18.136445135007058"><ele>185.33377829218108</ele></trkpt>
<trkpt lat="47.32157327033335" lon="18.136224178780832"><ele>185.45359910836763</ele></trkpt>
<trkpt lat="47.32159361922807" lon="18.136017095777824"><ele>185.5567995541838</ele></trkpt>
<trkpt lat="47.3216125188156" lon="18.13582500869301"><ele>185.636875</ele></trkpt>
<trkpt lat="47.32163142495428" lon="18.135632879890583"><ele>185.69716735253775</ele></trkpt>
<trkpt lat="47.321651843126546" lon="18.135425380629506"><ele>185.744990569273</ele></trkpt>
<trkpt lat="47.32167377345718" lon="18.135202510874148"><ele>185.7851131687243</ele></trkpt>
<trkpt lat="47.32169570356358" lon="18.134979640933757"><ele>185.8169195816187</ele></trkpt>
<trkpt lat="47.32171612097064" lon="18.13477214116776"><ele>185.83636488340193</ele></trkpt>
<trkpt lat="47.32173502555353" lon="18.13458001161179"><ele>185.83895833333332</ele></trkpt>
<trkpt lat="47.321753929611646" lon="18.134387881918315"><ele>185.8225548696845</ele></trkpt>
<trkpt lat="47.3217743455369" lon="18.13418038169484"><ele>185.7888983196159</ele></trkpt>
<trkpt lat="47.32179627345413" lon="18.13395751090541"><ele>185.74460905349795</ele></trkpt>
<trkpt lat="47.32181820114721" lon="18.1337346399299"><ele>185.69965449245544</ele></trkpt>
<trkpt lat="47.32183861630764" lon="18.13352713919788"><ele>185.6637277091907</ele></trkpt>
<trkpt lat="47.321857518810674" lon="18.133335008743508"><ele>185.64270833333336</ele></trkpt>
<trkpt lat="47.321876412004606" lon="18.133142953164487"><ele>185.63751200274353</ele></trkpt>
<trkpt lat="47.321896737836205" lon="18.13293620214023"><ele>185.6452940672154</ele></trkpt>
<trkpt lat="47.32191825923963" lon="18.132716781123516"><ele>185.66068415637864</ele></trkpt>
<trkpt lat="47.321938928290045" lon="18.132504636675954"><ele>185.67723851165985</ele></trkpt>
<trkpt lat="47.32195634557675" lon="18.132322716145197"><ele>185.688993484225</ele></trkpt>
<trkpt lat="47.32196932502229" lon="18.132181147042363"><ele>185.69187500000004</ele></trkpt>
<trkpt lat="47.32197833062722" lon="18.13207342778061"><ele>185.68434585048013</ele></trkpt>
<trkpt lat="47.321984634262954" lon="18.131985596945658"><ele>185.6674108367627</ele></trkpt>
<trkpt lat="47.321989352593654" lon="18.131905953027076"><ele>185.64465792181073</ele></trkpt>
<trkpt lat="47.32199296919775" lon="18.131827930854445"><ele>185.62132287379976</ele></trkpt>
<trkpt lat="47.32199551333336" lon="18.131745634019875"><ele>185.6024014060357</ele></trkpt>
<trkpt lat="47.321996875000025" lon="18.13164916666474"><ele>185.59083333333336</ele></trkpt>
<trkpt lat="47.321997064472136" lon="18.131526446307877"><ele>185.58701388888892</ele></trkpt>
<trkpt lat="47.32199626629196" lon="18.13137155774369"><ele>185.58971450617284</ele></trkpt>
<trkpt lat="47.32199480453972" lon="18.131192996347384"><ele>185.59719907407407</ele></trkpt>
<trkpt lat="47.321993010162046" lon="18.131011025322145"><ele>185.60842592592593</ele></trkpt>
<trkpt lat="47.32199107694046" lon="18.130844501828417"><ele>185.62389660493827</ele></trkpt>
<trkpt lat="47.321988958609325" lon="18.130698124930575"><ele>185.64604166666666</ele></trkpt>
<trkpt lat="47.32198642434097" lon="18.130561140501413"><ele>185.67823814128943</ele></trkpt>
<trkpt lat="47.32198329209617" lon="18.13041967328453"><ele>185.72187418381344</ele></trkpt>
<trkpt lat="47.32197962127498" lon="18.13026840273588"><ele>185.7737407201646</ele></trkpt>
<trkpt lat="47.321975732495716" lon="18.130114121931562"><ele>185.82554029492454</ele></trkpt>
<trkpt lat="47.321971886275506" lon="18.12996354410322"><ele>185.86850110425237</ele></trkpt>
<trkpt lat="47.32196807900886" lon="18.12981547091344"><ele>185.89766962962963</ele></trkpt>
<trkpt lat="47.3219640135725" lon="18.129661595364194"><ele>185.9138637037037</ele></trkpt>
<trkpt lat="47.32195932574671" lon="18.12950025315293"><ele>185.92010222222223</ele></trkpt>
<trkpt lat="47.32195348825321" lon="18.129339342045736"><ele>185.91800592592597</ele></trkpt>
<trkpt lat="47.321945499723974" lon="18.129186937576158"><ele>185.90575851851852</ele></trkpt>
<trkpt lat="47.321934021694275" lon="18.12904072714071"><ele>185.8799925925926</ele></trkpt>
<trkpt lat="47.32191821860187" lon="18.12889110779551"><ele>185.83930074074075</ele></trkpt>
<trkpt lat="47.321898691158566" lon="18.12873466179485"><ele>185.78704444444446</ele></trkpt>
<trkpt lat="47.32187693638859" lon="18.128577640978506"><ele>185.72975851851854</ele></trkpt>
<trkpt lat="47.32185353283092" lon="18.12842606007688"><ele>185.67190370370375</ele></trkpt>
<trkpt lat="47.32182726718739" lon="18.12827603307838"><ele>185.61273185185186</ele></trkpt>
<trkpt lat="47.32179652316998" lon="18.128117755554445"><ele>185.54896592592593</ele></trkpt>
<trkpt lat="47.3217618681259" lon="18.127949406901852"><ele>185.48118222222223</ele></trkpt>
<trkpt lat="47.321726135261365" lon="18.127780052456888"><ele>185.41541037037038</ele></trkpt>
<trkpt lat="47.32169171332061" lon="18.12761834264744"><ele>185.35850962962965</ele></trkpt>
<trkpt lat="47.32165828813543" lon="18.127461661165917"><ele>185.31266962962962</ele></trkpt>
<trkpt lat="47.32162383600211" lon="18.12730004060466"><ele>185.27511703703703</ele></trkpt>
<trkpt lat="47.321587965903674" lon="18.12713109578901"><ele>185.24270222222222</ele></trkpt>
<trkpt lat="47.321552886132935" lon="18.126964019252828"><ele>185.21488592592593</ele></trkpt>
<trkpt lat="47.321521130891085" lon="18.12680877380667"><ele>185.1930251851852</ele></trkpt>
<trkpt lat="47.32149309829692" lon="18.12666536005549"><ele>185.17773604938273</ele></trkpt>
<trkpt lat="47.32146719799607" lon="18.126525588354884"><ele>185.16785308641977</ele></trkpt>
<trkpt lat="47.32144250049834" lon="18.126386350640114"><ele>185.16154</ele></trkpt>
<trkpt lat="47.32141948513519" lon="18.126251634395427"><ele>185.1574187654321</ele></trkpt>
<trkpt lat="47.3213991462076" lon="18.12612626407181"><ele>185.15498543209878</ele></trkpt>
<trkpt lat="47.32138104166669" lon="18.126004999634578"><ele>185.1541666666667</ele></trkpt>
<trkpt lat="47.32136349451306" lon="18.12587537595871"><ele>185.15494598765434</ele></trkpt>
<trkpt lat="47.321344928840894" lon="18.1257276581263"><ele>185.1571527777778</ele></trkpt>
<trkpt lat="47.32132539094653" lon="18.125565341570645"><ele>185.16043981481485</ele></trkpt>
<trkpt lat="47.32130651834707" lon="18.125403607225856"><ele>185.164475308642</ele></trkpt>
<trkpt lat="47.32129022290811" lon="18.12525787602152"><ele>185.16923611111113</ele></trkpt>
<trkpt lat="47.32127729166669" lon="18.125132291420538"><ele>185.17520833333336</ele></trkpt>
<trkpt lat="47.3212670756173" lon="18.1250186700879"><ele>185.18314557613172</ele></trkpt>
<trkpt lat="47.32125837962965" lon="18.12490598236023"><ele>185.19359053497942</ele></trkpt>
<trkpt lat="47.32125043981485" lon="18.124789853259248"><ele>185.206612654321</ele></trkpt>
<trkpt lat="47.32124324845682" lon="18.124673474674537"><ele>185.22237911522635</ele></trkpt>
<trkpt lat="47.321237106481504" lon="18.124559935598974"><ele>185.24218878600823</ele></trkpt>
<trkpt lat="47.321232083333356" lon="18.124444583245182"><ele>185.26916666666668</ele></trkpt>
<trkpt lat="47.321227846364906" lon="18.124316079301675"><ele>185.30702760631002</ele></trkpt>
<trkpt lat="47.32122397976683" lon="18.12416599356192"><ele>185.3574579903978</ele></trkpt>
<trkpt lat="47.32122039094652" lon="18.12399819178144"><ele>185.4179809670782</ele></trkpt>
<trkpt lat="47.321217467421135" lon="18.123827313032532"><ele>185.48357681755832</ele></trkpt>
<trkpt lat="47.32121587105626" lon="18.123666727515758"><ele>185.55131772976682</ele></trkpt>
<trkpt lat="47.32121625000003" lon="18.123516875039847"><ele>185.62437500000001</ele></trkpt>
<trkpt lat="47.32121896133525" lon="18.12336582658294"><ele>185.71019890260635</ele></trkpt>
<trkpt lat="47.32122392962581" lon="18.123201660838294"><ele>185.81343021262003</ele></trkpt>
<trkpt lat="47.321230610922875" lon="18.12302460928722"><ele>185.92902263374484</ele></trkpt>
<trkpt lat="47.321238331860606" lon="18.1228468924717"><ele>186.0429518175583</ele></trkpt>
<trkpt lat="47.32124684779094" lon="18.122680456630242"><ele>186.14050754458162</ele></trkpt>
<trkpt lat="47.32125677230308" lon="18.122524792607813"><ele>186.21479166666666</ele></trkpt>
<trkpt lat="47.321269221366656" lon="18.122367188711063"><ele>186.26854938271606</ele></trkpt>
<trkpt lat="47.321284823006145" lon="18.122195318096693"><ele>186.3088811728395</ele></trkpt>
<trkpt lat="47.32130282472166" lon="18.122009759328364"><ele>186.3414814814815</ele></trkpt>
<trkpt lat="47.321321367028396" lon="18.121823784691642"><ele>186.36809413580247</ele></trkpt>
<trkpt lat="47.321338813365784" lon="18.12165049507493"><ele>186.38799382716047</ele></trkpt>
<trkpt lat="47.3213550131293" lon="18.121490006224587"><ele>186.40020833333332</ele></trkpt>
<trkpt lat="47.321371218101355" lon="18.121329512989757"><ele>186.40503600823044</ele></trkpt>
<trkpt lat="47.32138871915191" lon="18.12115618018558"><ele>186.4041383744856</ele></trkpt>
<trkpt lat="47.32140751636809" lon="18.120970007786504"><ele>186.40029320987657</ele></trkpt>
<trkpt lat="47.321426313427786" lon="18.12078383525495"><ele>186.39694701646093</ele></trkpt>
<trkpt lat="47.321443813944406" lon="18.120610502089235"><ele>186.3977520576132</ele></trkpt>
<trkpt lat="47.32146001783082" lon="18.120450008314887"><ele>186.40604166666668</ele></trkpt>
<trkpt lat="47.321476221351084" lon="18.120289514442085"><ele>186.42400377229083</ele></trkpt>
<trkpt lat="47.32149372083369" lon="18.120116180948823"><ele>186.45170353223597</ele></trkpt>
<trkpt lat="47.32151251636579" lon="18.119930007809355"><ele>186.48627057613172</ele></trkpt>
<trkpt lat="47.3215313117415" lon="18.119743834536628"><ele>186.52299982853225</ele></trkpt>
<trkpt lat="47.32154881069044" lon="18.119570500679195"><ele>186.5580778463649</ele></trkpt>
<trkpt lat="47.32156501312561" lon="18.11941000626149"><ele>186.59104166666668</ele></trkpt>
<trkpt lat="47.321581214768294" lon="18.119249554609365"><ele>186.62440586419754</ele></trkpt>
<trkpt lat="47.3215987084177" lon="18.11907664909112"><ele>186.6606944444445</ele></trkpt>
<trkpt lat="47.32161748264116" lon="18.118892447110596"><ele>186.6995601851852</ele></trkpt>
<trkpt lat="47.32163621532282" lon="18.118712403166565"><ele>186.7376774691358</ele></trkpt>
<trkpt lat="47.321653567216195" lon="18.118553686506004"><ele>186.771412037037</ele></trkpt>
<trkpt lat="47.32166948063592" lon="18.11842208430786"><ele>186.79958333333332</ele></trkpt>
<trkpt lat="47.32168535061002" lon="18.118309123443915"><ele>186.824019739369</ele></trkpt>
<trkpt lat="47.32170282120631" lon="18.11820169083102"><ele>186.84733009602195</ele></trkpt>
<trkpt lat="47.32172277162377" lon="18.11809155934826"><ele>186.87056958847737</ele></trkpt>
<trkpt lat="47.32174529441455" lon="18.11797864237229"><ele>186.89220528120714</ele></trkpt>
<trkpt lat="47.321771393991604" lon="18.117862508777577"><ele>186.90986418381343</ele></trkpt>
<trkpt lat="47.32180327601033" lon="18.1177379893678"><ele>186.92217185185186</ele></trkpt>
<trkpt lat="47.321842829716594" lon="18.11759766264558"><ele>186.93002814814815</ele></trkpt>
<trkpt lat="47.32188864127439" lon="18.117443060378054"><ele>186.9359288888889</ele></trkpt>
<trkpt lat="47.32193639279493" lon="18.117285152740685"><ele>186.94341037037037</ele></trkpt>
<trkpt lat="47.32198256637407" lon="18.11713354706431"><ele>186.95666074074077</ele></trkpt>
<trkpt lat="47.32202715939552" lon="18.116987400354937"><ele>186.9793016186557</ele></trkpt>
<trkpt lat="47.32207252440416" lon="18.11683873696369"><ele>187.01241755829906</ele></trkpt>
<trkpt lat="47.322119000755556" lon="18.11668636090254"><ele>187.05246263374485</ele></trkpt>
<trkpt lat="47.32216455897719" lon="18.116536802918446"><ele>187.09312150891634</ele></trkpt>
<trkpt lat="47.322207140925194" lon="18.11639660938015"><ele>187.12867445816184</ele></trkpt>
<trkpt lat="47.32224833410632" lon="18.11626031451923"><ele>187.15749999999997</ele></trkpt>
<trkpt lat="47.32229232276195" lon="18.116113975154462"><ele>187.18143432784635</ele></trkpt>
<trkpt lat="47.322342484521094" lon="18.11594647491227"><ele>187.20352451989024</ele></trkpt>
<trkpt lat="47.322397893349596" lon="18.11576111207887"><ele>187.22583076131684</ele></trkpt>
<trkpt lat="47.322453967454415" lon="18.115573378885692"><ele>187.24955075445817</ele></trkpt>
<trkpt lat="47.32250639938332" lon="18.115397790381973"><ele>187.2764651920439</ele></trkpt>
<trkpt lat="47.32255500382218" lon="18.115235006324145"><ele>187.31020833333335</ele></trkpt>
<trkpt lat="47.322603596313826" lon="18.115072246828326"><ele>187.3551568930041</ele></trkpt>
<trkpt lat="47.32265591146774" lon="18.114896905969196"><ele>187.41312242798352</ele></trkpt>
<trkpt lat="47.3227114517217" lon="18.114710314714085"><ele>187.48014660493828</ele></trkpt>
<trkpt lat="47.322765203955406" lon="18.11452850496456"><ele>187.54742026748974</ele></trkpt>
<trkpt lat="47.3228114177206" lon="18.114369480675094"><ele>187.60623713991774</ele></trkpt>
<trkpt lat="47.32284760466962" lon="18.11423989721765"><ele>187.6529166666667</ele></trkpt>
<trkpt lat="47.32287536021123" lon="18.114133020821175"><ele>187.68942721268402</ele></trkpt>
<trkpt lat="47.32289794244779" lon="18.114037431456854"><ele>187.72005956880108</ele></trkpt>
<trkpt lat="47.32291757806582" lon="18.11394623379186"><ele>187.74803895367668</ele></trkpt>
<trkpt lat="47.32293476696869" lon="18.113857604914745"><ele>187.77502587013637</ele></trkpt>
<trkpt lat="47.32294919062799" lon="18.113769866719974"><ele>187.80253828780187</ele></trkpt>
<trkpt lat="47.322960945329555" lon="18.11367613387428"><ele>187.83352769679297</ele></trkpt>
<trkpt lat="47.322970819165974" lon="18.113564403116744"><ele>187.87239067055393</ele></trkpt>
<trkpt lat="47.32297994880202" lon="18.113422607872"><ele>187.9232950005399</ele></trkpt>
<trkpt lat="47.32298917188624" lon="18.11324661654163"><ele>187.98739175035095</ele></trkpt>
<trkpt lat="47.322998630299544" lon="18.113046221319923"><ele>188.0605847100745</ele></trkpt>
<trkpt lat="47.32300786617834" lon="18.112841518616197"><ele>188.1347727027319</ele></trkpt>
<trkpt lat="47.32301632989221" lon="18.112650828609176"><ele>188.20226487420365</ele></trkpt>
<trkpt lat="47.32302391555167" lon="18.1124791476511"><ele>188.2600728862974</ele></trkpt>
<trkpt lat="47.3230311258564" lon="18.112315860833853"><ele>188.31084548104957</ele></trkpt>
<trkpt lat="47.323038708350126" lon="18.112144135373313"><ele>188.35984990821729</ele></trkpt>
<trkpt lat="47.32304714750025" lon="18.111953001080398"><ele>188.4114150739661</ele></trkpt>
<trkpt lat="47.323056275732824" lon="18.111746255308493"><ele>188.46669258179466</ele></trkpt>
<trkpt lat="47.32306540381085" lon="18.11153950946514"><ele>188.52485044811579</ele></trkpt>
<trkpt lat="47.323073842433566" lon="18.111348374979055"><ele>188.58624446604043</ele></trkpt>
<trkpt lat="47.32308142385496" lon="18.111176649240804"><ele>188.65523323615162</ele></trkpt>
<trkpt lat="47.323088632309805" lon="18.111013362068057"><ele>188.74048104956273</ele></trkpt>
<trkpt lat="47.32309621285802" lon="18.110841636233662"><ele>188.85084602094813</ele></trkpt>
<trkpt lat="47.32310464984277" lon="18.110650501524663"><ele>188.9894941151064</ele></trkpt>
<trkpt lat="47.3231137757331" lon="18.110443755302747"><ele>189.1493699384516</ele></trkpt>
<trkpt lat="47.32312290146884" lon="18.11023700900951"><ele>189.31668232372317</ele></trkpt>
<trkpt lat="47.323131337926164" lon="18.11004587410777"><ele>189.48070672713533</ele></trkpt>
<trkpt lat="47.32313891740202" lon="18.10987414799651"><ele>189.642667638484</ele></trkpt>
<trkpt lat="47.323146124006904" lon="18.109710860469697"><ele>189.81692419825075</ele></trkpt>
<trkpt lat="47.32315369950711" lon="18.109539190008302"><ele>190.02138052046217</ele></trkpt>
<trkpt lat="47.3231621033021" lon="18.109348612333417"><ele>190.26423658352232</ele></trkpt>
<trkpt lat="47.323171084138494" lon="18.109144429923774"><ele>190.53327664399097</ele></trkpt>
<trkpt lat="47.323179763885136" lon="18.108945654688235"><ele>190.7993839758126</ele></trkpt>
<trkpt lat="47.323187140250134" lon="18.108773528352813"><ele>191.03223248029374</ele></trkpt>
<trkpt lat="47.32319262674621" lon="18.10863937388225"><ele>191.21634110787176</ele></trkpt>
<trkpt lat="47.32319622958614" lon="18.10854080576083"><ele>191.3554956268222</ele></trkpt>
<trkpt lat="47.323198314298914" lon="18.10846731533159"><ele>191.46460718884853</ele></trkpt>
<trkpt lat="47.32319930391354" lon="18.108407178498407"><ele>191.55985339256227</ele></trkpt>
<trkpt lat="47.323199432188545" lon="18.10835157816824"><ele>191.65304897179337</ele></trkpt>
<trkpt lat="47.323198594187865" lon="18.108294676740993"><ele>191.75207026079102</ele></trkpt>
<trkpt lat="47.323196286511255" lon="18.108230614494996"><ele>191.86630049050783</ele></trkpt>
<trkpt lat="47.3231916670639" lon="18.10815072889625"><ele>192.01125000000002</ele></trkpt>
<trkpt lat="47.32318394452325" lon="18.1080448653376"><ele>192.20529235253773</ele></trkpt>
<trkpt lat="47.32317295052773" lon="18.107908473182892"><ele>192.45554612482854</ele></trkpt>
<trkpt lat="47.323159610941474" lon="18.10774924925217"><ele>192.7440715020576</ele></trkpt>
<trkpt lat="47.323145606028575" lon="18.107584495126776"><ele>193.03101680384088</ele></trkpt>
<trkpt lat="47.32313234169165" lon="18.10742923182668"><ele>193.2758787722908</ele></trkpt>
<trkpt lat="47.32312000301878" lon="18.107284998687643"><ele>193.45895833333333</ele></trkpt>
<trkpt lat="47.32310766576571" lon="18.10714075874712"><ele>193.5858942043896</ele></trkpt>
<trkpt lat="47.32309441775696" lon="18.10698542705432"><ele>193.67433470507544</ele></trkpt>
<trkpt lat="47.3230804905711" lon="18.106820357792447"><ele>193.73939557613167</ele></trkpt>
<trkpt lat="47.323067394972185" lon="18.106660153570534"><ele>193.78641032235942</ele></trkpt>
<trkpt lat="47.32305698464671" lon="18.106521423130243"><ele>193.8132707475995</ele></trkpt>
<trkpt lat="47.3230504170639" lon="18.10641093724446"><ele>193.81500000000003</ele></trkpt>
<trkpt lat="47.32304773851708" lon="18.106323078172768"><ele>193.78860253772294</ele></trkpt>
<trkpt lat="47.32304828538777" lon="18.10624721363524"><ele>193.7353069272977</ele></trkpt>
<trkpt lat="47.3230512705948" lon="18.10617541541802"><ele>193.66071502057613</ele></trkpt>
<trkpt lat="47.323056418042036" lon="18.106104324072895"><ele>193.57032235939644</ele></trkpt>
<trkpt lat="47.32306434327882" lon="18.106030871648137"><ele>193.46310871056244</ele></trkpt>
<trkpt lat="47.323076666666694" lon="18.10594791696577"><ele>193.32708333333335</ele></trkpt>
<trkpt lat="47.32309518518522" lon="18.10584569149966"><ele>193.14538923182445</ele></trkpt>
<trkpt lat="47.32312037037039" lon="18.105719191331257"><ele>192.91108710562418</ele></trkpt>
<trkpt lat="47.32315000000001" lon="18.105575684887818"><ele>192.6410751028807</ele></trkpt>
<trkpt lat="47.32317962962964" lon="18.105433342562524"><ele>192.37289266117972</ele></trkpt>
<trkpt lat="47.32320481481483" lon="18.105310814949707"><ele>192.1448336762689</ele></trkpt>
<trkpt lat="47.323223333333345" lon="18.10521666695565"><ele>191.97583333333336</ele></trkpt>
<trkpt lat="47.323235721664965" lon="18.105146581190795"><ele>191.86029760373802</ele></trkpt>
<trkpt lat="47.32324389510461" lon="18.105090122994387"><ele>191.78024894975994</ele></trkpt>
<trkpt lat="47.32324969971708" lon="18.10503713320388"><ele>191.71775045010287</ele></trkpt>
<trkpt lat="47.323254008916344" lon="18.104981092271842"><ele>191.6622522290809</ele></trkpt>
<trkpt lat="47.32325704089545" lon="18.10491798312322"><ele>191.60864368998628</ele></trkpt>
<trkpt lat="47.323258734143394" lon="18.104846421041188"><ele>191.55547496570645</ele></trkpt>
<trkpt lat="47.323259108174845" lon="18.104768980496598"><ele>191.50367830504115</ele></trkpt>
<trkpt lat="47.32325796453889" lon="18.104689103254454"><ele>191.45532932527436</ele></trkpt>
<trkpt lat="47.32325466048393" lon="18.10460671437095"><ele>191.4115675368656</ele></trkpt>
<trkpt lat="47.323248021292464" lon="18.104512812073065"><ele>191.36958333333337</ele></trkpt>
<trkpt lat="47.32323692003681" lon="18.1043949902268"><ele>191.32446930727028</ele></trkpt>
<trkpt lat="47.32322111602251" lon="18.10424634654664"><ele>191.27272719478742</ele></trkpt>
<trkpt lat="47.32320194019665" lon="18.1040743464051"><ele>191.21641718107</ele></trkpt>
<trkpt lat="47.32318180797268" lon="18.103896982430825"><ele>191.1625188614541</ele></trkpt>
<trkpt lat="47.32316274037307" lon="18.10373003525675"><ele>191.11900634430728</ele></trkpt>
<trkpt lat="47.32314500348931" lon="18.103574997915565"><ele>191.09062500000002</ele></trkpt>
<trkpt lat="47.32312726455003" lon="18.103419947808103"><ele>191.07736625514403</ele></trkpt>
<trkpt lat="47.32310817885745" lon="18.10325287234786"><ele>191.07614454732507</ele></trkpt>
<trkpt lat="47.32308796643122" lon="18.103074917390032"><ele>191.0829320987654</ele></trkpt>
<trkpt lat="47.32306854400605" lon="18.102901079049534"><ele>191.0947093621399</ele></trkpt>
<trkpt lat="47.32305215409032" lon="18.10274805091124"><ele>191.11051440329217</ele></trkpt>
<trkpt lat="47.32303989629247" lon="18.102621562047354"><ele>191.13187499999998</ele></trkpt>
<trkpt lat="47.32303126949457" lon="18.102512707774324"><ele>191.1622055041152</ele></trkpt>
<trkpt lat="47.32302505408794" lon="18.102407994024254"><ele>191.20363554526747</ele></trkpt>
<trkpt lat="47.32302031252156" lon="18.102298870493296"><ele>191.25467206790125</ele></trkpt>
<trkpt lat="47.32301708719554" lon="18.102187400941173"><ele>191.30887860082305</ele></trkpt>
<trkpt lat="47.32301592589546" lon="18.102078563585668"><ele>191.35975652263377</ele></trkpt>
<trkpt lat="47.32301734333335" lon="18.101975582803973"><ele>191.40440425925928</ele></trkpt>
<trkpt lat="47.32302136166668" lon="18.10187746943579"><ele>191.44632472222224</ele></trkpt>
<trkpt lat="47.323028252777796" lon="18.101781511576135"><ele>191.49411064814817</ele></trkpt>
<trkpt lat="47.323039285000014" lon="18.101680970157688"><ele>191.56142046296299</ele></trkpt>
<trkpt lat="47.32305631529191" lon="18.101565682534503"><ele>191.66179292866946</ele></trkpt>
<trkpt lat="47.32308021586517" lon="18.10142826066004"><ele>191.80078295610429</ele></trkpt>
<trkpt lat="47.323109290156495" lon="18.10127396787547"><ele>191.9671858230453</ele></trkpt>
<trkpt lat="47.323140587267716" lon="18.10111713769448"><ele>192.14023240054874</ele></trkpt>
<trkpt lat="47.3231723111863" lon="18.10096982144315"><ele>192.30327811385462</ele></trkpt>
<trkpt lat="47.323206146317936" lon="18.100829168188877"><ele>192.45770833333336</ele></trkpt>
<trkpt lat="47.32324580125868" lon="18.100681775356158"><ele>192.61778892318247</ele></trkpt>
<trkpt lat="47.32329377042569" lon="18.100515956859553"><ele>192.79766117969825</ele></trkpt>
<trkpt lat="47.32334825976213" lon="18.100334027240653"><ele>192.99943158436216</ele></trkpt>
<trkpt lat="47.32340403806878" lon="18.100150434109395"><ele>193.21725222908094</ele></trkpt>
<trkpt lat="47.32345640568061" lon="18.099978939373287"><ele>193.45189386145407</ele></trkpt>
<trkpt lat="47.32350500368284" lon="18.099820006043224"><ele>193.72333333333336</ele></trkpt>
<trkpt lat="47.32355359446663" lon="18.099661105010703"><ele>194.06285408093282</ele></trkpt>
<trkpt lat="47.323605892492665" lon="18.09948993513401"><ele>194.48670353223596</ele></trkpt>
<trkpt lat="47.32366135389794" lon="18.099307838950693"><ele>194.97083076131688</ele></trkpt>
<trkpt lat="47.32371486096068" lon="18.099130565859983"><ele>195.4563717421125</ele></trkpt>
<trkpt lat="47.32376049004469" lon="18.09897585445759"><ele>195.8850454389575</ele></trkpt>
<trkpt lat="47.32379552131794" lon="18.098850417976344"><ele>196.234375</ele></trkpt>
<trkpt lat="47.323821674491334" lon="18.098746036152583"><ele>196.5260714591907</ele></trkpt>
<trkpt lat="47.323842556771325" lon="18.098648890349875"><ele>196.79705611282577</ele></trkpt>
<trkpt lat="47.323860942988304" lon="18.098548257064706"><ele>197.07216113683128</ele></trkpt>
<trkpt lat="47.32387699631786" lon="18.098441280182403"><ele>197.34799554183815</ele></trkpt>
<trkpt lat="47.323889696074126" lon="18.098328274294968"><ele>197.61128600823048</ele></trkpt>
<trkpt lat="47.3238981867319" lon="18.0982109088482"><ele>197.85201474622772</ele></trkpt>
<trkpt lat="47.323902902217114" lon="18.09809327870208"><ele>198.0706783693416</ele></trkpt>
<trkpt lat="47.32390453999379" lon="18.097980667616056"><ele>198.27375664437588</ele></trkpt>
<trkpt lat="47.323903303604624" lon="18.097875324998963"><ele>198.47481331447193</ele></trkpt>
<trkpt lat="47.32389854205066" lon="18.097769374661336"><ele>198.70145833333336</ele></trkpt>
<trkpt lat="47.32388946661711" lon="18.097649935076845"><ele>198.98535236625517</ele></trkpt>
<trkpt lat="47.32387601632862" lon="18.097508003149315"><ele>199.3434053497943</ele></trkpt>
<trkpt lat="47.3238594642736" lon="18.09734809284293"><ele>199.75777006172845</ele></trkpt>
<trkpt lat="47.32384199740742" lon="18.097184939310402"><ele>200.1853575102881</ele></trkpt>
<trkpt lat="47.32382542544368" lon="18.097031940207675"><ele>200.58853137860083</ele></trkpt>
<trkpt lat="47.32381000291816" lon="18.096889998295673"><ele>200.9641666666667</ele></trkpt>
<trkpt lat="47.32379457324889" lon="18.096748069322757"><ele>201.34130915637866</ele></trkpt>
<trkpt lat="47.323777931906726" lon="18.096595199082763"><ele>201.74838220164614</ele></trkpt>
<trkpt lat="47.32376014842998" lon="18.09643263759032"><ele>202.18017746913586</ele></trkpt>
<trkpt lat="47.323742614408175" lon="18.0962745669187"><ele>202.59525720164612</ele></trkpt>
<trkpt lat="47.323726824298866" lon="18.09613702094515"><ele>202.9452906378601</ele></trkpt>
<trkpt lat="47.32371312538398" lon="18.096026249592967"><ele>203.20645833333336</ele></trkpt>
<trkpt lat="47.323700477585604" lon="18.095935858358484"><ele>203.3885323388203</ele></trkpt>
<trkpt lat="47.32368740563637" lon="18.09585447110785"><ele>203.5167949245542</ele></trkpt>
<trkpt lat="47.323672805243866" lon="18.095773348230065"><ele>203.61104701646093</ele></trkpt>
<trkpt lat="47.32365597089009" lon="18.095689054085177"><ele>203.6727631344307</ele></trkpt>
<trkpt lat="47.32363538007419" lon="18.095597411151314"><ele>203.68939036351165</ele></trkpt>
<trkpt lat="47.323608713009406" lon="18.095491313082004"><ele>203.64589777777778</ele></trkpt>
<trkpt lat="47.32357434594383" lon="18.095364206559303"><ele>203.53898666666666</ele></trkpt>
<trkpt lat="47.32353381894584" lon="18.09521950003784"><ele>203.38150666666667</ele></trkpt>
<trkpt lat="47.323491280061845" lon="18.095069692198308"><ele>203.19255555555554</ele></trkpt>
<trkpt lat="47.323450047694564" lon="18.094925177915123"><ele>202.97825333333333</ele></trkpt>
<trkpt lat="47.32340994547234" lon="18.094784823840897"><ele>202.72625185185186</ele></trkpt>
<trkpt lat="47.32336860895073" lon="18.094640384048667"><ele>202.42224592592592</ele></trkpt>
<trkpt lat="47.323325592279176" lon="18.094490917809186"><ele>202.07662222222223</ele></trkpt>
<trkpt lat="47.323283581499396" lon="18.094347271726424"><ele>201.7252503703704</ele></trkpt>
<trkpt lat="47.32324567745386" lon="18.094222692303013"><ele>201.40162962962964</ele></trkpt>
<trkpt lat="47.32321197067658" lon="18.094120357624284"><ele>201.10899620370373</ele></trkpt>
<trkpt lat="47.3231798198621" lon="18.094032943583283"><ele>200.82597824074077</ele></trkpt>
<trkpt lat="47.32314673439509" lon="18.093952144415567"><ele>200.53413361111114</ele></trkpt>
<trkpt lat="47.32311198055945" lon="18.09387565288351"><ele>200.23327074074075</ele></trkpt>
<trkpt lat="47.32307526041704" lon="18.09380447686341"><ele>199.92773833333334</ele></trkpt>
<trkpt lat="47.32303605902781" lon="18.093738972563454"><ele>199.61655092592594</ele></trkpt>
<trkpt lat="47.32299450520836" lon="18.09367813345019"><ele>199.2967013888889</ele></trkpt>
<trkpt lat="47.32295210937504" lon="18.093622627106484"><ele>198.97123842592592</ele></trkpt>
<trkpt lat="47.32291048021693" lon="18.093573936293343"><ele>198.64444144375858</ele></trkpt>
<trkpt lat="47.32286976251718" lon="18.093532240067248"><ele>198.31527177640604</ele></trkpt>
<trkpt lat="47.322829649562784" lon="18.09349618714661"><ele>197.989146090535</ele></trkpt>
<trkpt lat="47.32278908157581" lon="18.093463772634642"><ele>197.6747933813443</ele></trkpt>
<trkpt lat="47.32274542716908" lon="18.09343278939479"><ele>197.37531721536354</ele></trkpt>
<trkpt lat="47.32269208333336" lon="18.09339916621703"><ele>197.06520833333335</ele></trkpt>
<trkpt lat="47.32262148491086" lon="18.093358275196795"><ele>196.70595850480112</ele></trkpt>
<trkpt lat="47.32253036179701" lon="18.09330766968088"><ele>196.27403892318245</ele></trkpt>
<trkpt lat="47.32242519547327" lon="18.093250243315016"><ele>195.79213477366255</ele></trkpt>
<trkpt lat="47.322320361797004" lon="18.09319323296053"><ele>195.3223722565158</ele></trkpt>
<trkpt lat="47.32223037379975" lon="18.09314404681972"><ele>194.93188443072702</ele></trkpt>
<trkpt lat="47.322162083333346" lon="18.09310604124764"><ele>194.656875</ele></trkpt>
<trkpt lat="47.32211238511662" lon="18.09307716797602"><ele>194.49209276406037</ele></trkpt>
<trkpt lat="47.32207347393692" lon="18.09305280850706"><ele>194.4078120713306</ele></trkpt>
<trkpt lat="47.322037525720184" lon="18.093028032310766"><ele>194.36845421810702</ele></trkpt>
<trkpt lat="47.322001591015116" lon="18.093000724925645"><ele>194.3457813648834</ele></trkpt>
<trkpt lat="47.32196542050757" lon="18.092970318269234"><ele>194.32265098079563</ele></trkpt>
<trkpt lat="47.321931071604965" lon="18.092937987708677"><ele>194.29550436213992</ele></trkpt>
<trkpt lat="47.32189788724281" lon="18.092902251956783"><ele>194.2691401920439</ele></trkpt>
<trkpt lat="47.32186258930042" lon="18.092858134892367"><ele>194.25074737997258</ele></trkpt>
<trkpt lat="47.32181909629631" lon="18.092797467621214"><ele>194.24351407407408</ele></trkpt>
<trkpt lat="47.32176381481484" lon="18.092715744424986"><ele>194.24665925925927</ele></trkpt>
<trkpt lat="47.32169915555557" lon="18.092617550232536"><ele>194.25643555555558</ele></trkpt>
<trkpt lat="47.321633059259284" lon="18.09251518880859"><ele>194.26865481481482</ele></trkpt>
<trkpt lat="47.32157287407409" lon="18.092419245259162"><ele>194.2801362962963</ele></trkpt>
<trkpt lat="47.32152061224282" lon="18.09233186692794"><ele>194.28961237997257</ele></trkpt>
<trkpt lat="47.321473438374504" lon="18.092248232531265"><ele>194.2973213648834</ele></trkpt>
<trkpt lat="47.32142884228397" lon="18.092164948952178"><ele>194.30362788065847</ele></trkpt>
<trkpt lat="47.32138628189303" lon="18.092081511089226"><ele>194.30824266117972</ele></trkpt>
<trkpt lat="47.321345741872456" lon="18.091996754519247"><ele>194.3102234910837</ele></trkpt>
<trkpt lat="47.321304375000025" lon="18.091902707510663"><ele>194.30854166666668</ele></trkpt>
<trkpt lat="47.32125748914083" lon="18.0917879003498"><ele>194.30255744170097</ele></trkpt>
<trkpt lat="47.321201894437756" lon="18.09164581179749"><ele>194.2924914266118</ele></trkpt>
<trkpt lat="47.32113938102585" lon="18.091483255291"><ele>194.27975565843624</ele></trkpt>
<trkpt lat="47.32107581427192" lon="18.091317732862727"><ele>194.2666040809328</ele></trkpt>
<trkpt lat="47.321016625174956" lon="18.09116552317653"><ele>194.25511917009604</ele></trkpt>
<trkpt lat="47.32096243107681" lon="18.09103013671475"><ele>194.24625</ele></trkpt>
<trkpt lat="47.320909128518736" lon="18.090902194556747"><ele>194.23975994513034</ele></trkpt>
<trkpt lat="47.32085233593512" lon="18.090770429889666"><ele>194.23530692729767</ele></trkpt>
<trkpt lat="47.32079178319479" lon="18.09063260534834"><ele>194.2339094650206</ele></trkpt>
<trkpt lat="47.320731424499" lon="18.09049638873641"><ele>194.23916495198904</ele></trkpt>
<trkpt lat="47.32067529406741" lon="18.090370110715195"><ele>194.257414266118</ele></trkpt>
<trkpt lat="47.32062333781843" lon="18.09025332374387"><ele>194.29708333333335</ele></trkpt>
<trkpt lat="47.32057138337692" lon="18.090136553575558"><ele>194.36547839506173</ele></trkpt>
<trkpt lat="47.32051527241104" lon="18.090010442051646"><ele>194.46429012345678</ele></trkpt>
<trkpt lat="47.32045500496672" lon="18.089874989231213"><ele>194.5861574074074</ele></trkpt>
<trkpt lat="47.32039473743897" lon="18.089739536718408"><ele>194.71850308641976</ele></trkpt>
<trkpt lat="47.3203386261884" lon="18.08961342603311"><ele>194.85307098765432</ele></trkpt>
<trkpt lat="47.32028667116809" lon="18.089496657114"><ele>194.99416666666667</ele></trkpt>
<trkpt lat="47.320234727669" lon="18.08937991127963"><ele>195.15547582304526</ele></trkpt>
<trkpt lat="47.32017873304159" lon="18.089254029952883"><ele>195.34693158436212</ele></trkpt>
<trkpt lat="47.32011900371398" lon="18.08911963044422"><ele>195.56249228395063</ele></trkpt>
<trkpt lat="47.320060410931646" lon="18.08898744876286"><ele>195.78229423868316</ele></trkpt>
<trkpt lat="47.32000829461861" lon="18.088869135263835"><ele>195.98822273662552</ele></trkpt>
<trkpt lat="47.31996423663484" lon="18.08876777609671"><ele>196.17895833333333</ele></trkpt>
<trkpt lat="47.319925237601765" lon="18.088676161797107"><ele>196.37086268175582</ele></trkpt>
<trkpt lat="47.31988721453526" lon="18.088584928455255"><ele>196.5809459807956</ele></trkpt>
<trkpt lat="47.31984862262404" lon="18.088490890584307"><ele>196.81050619341565</ele></trkpt>
<trkpt lat="47.31981197525626" lon="18.088400367239636"><ele>197.04007986968452</ele></trkpt>
<trkpt lat="47.319780885517154" lon="18.088321856338798"><ele>197.24837749657067</ele></trkpt>
<trkpt lat="47.31975729561046" lon="18.08825955308894"><ele>197.42658234567904</ele></trkpt>
<trkpt lat="47.319739943072726" lon="18.08820991642617"><ele>197.58315987654322</ele></trkpt>
<trkpt lat="47.31972631275723" lon="18.088166510080935"><ele>197.7274825925926</ele></trkpt>
<trkpt lat="47.3197138443073" lon="18.088122028388447"><ele>197.86465580246914</ele></trkpt>
<trkpt lat="47.319700382030206" lon="18.08806846909866"><ele>197.99781938271607</ele></trkpt>
<trkpt lat="47.31968333333336" lon="18.087994582933703"><ele>198.13875000000002</ele></trkpt>
<trkpt lat="47.31966018775723" lon="18.087889252604754"><ele>198.30421896433475</ele></trkpt>
<trkpt lat="47.31963002829221" lon="18.0877488682779"><ele>198.50395490397807</ele></trkpt>
<trkpt lat="47.31959514660496" lon="18.08758465692987"><ele>198.72770318930043</ele></trkpt>
<trkpt lat="47.319560514403314" lon="18.087419863650837"><ele>198.94754286694103</ele></trkpt>
<trkpt lat="47.31953120627574" lon="18.087277493351213"><ele>199.13394118655694</ele></trkpt>
<trkpt lat="47.31950979166668" lon="18.087168124609992"><ele>199.27229166666666</ele></trkpt>
<trkpt lat="47.31949570613856" lon="18.087087343029367"><ele>199.36712770233197</ele></trkpt>
<trkpt lat="47.31948678573389" lon="18.087023368959134"><ele>199.43241923182444</ele></trkpt>
<trkpt lat="47.319480935082325" lon="18.086964286314526"><ele>199.48101977366258</ele></trkpt>
<trkpt lat="47.31947710456106" lon="18.08690062662912"><ele>199.51877287379975</ele></trkpt>
<trkpt lat="47.31947510737314" lon="18.086821391386245"><ele>199.5467659739369</ele></trkpt>
<trkpt lat="47.319475120000014" lon="18.086714653371615"><ele>199.5647614814815</ele></trkpt>
<trkpt lat="47.319477075555575" lon="18.086573702291666"><ele>199.57425629629628</ele></trkpt>
<trkpt lat="47.31948050666669" lon="18.08640670675596"><ele>199.57780444444444</ele></trkpt>
<trkpt lat="47.31948480000002" lon="18.08623410676115"><ele>199.5776162962963</ele></trkpt>
<trkpt lat="47.31948969777779" lon="18.086074031207175"><ele>199.5743614814815</ele></trkpt>
<trkpt lat="47.31949542962965" lon="18.085929872699147"><ele>199.56765333333334</ele></trkpt>
<trkpt lat="47.31950235703707" lon="18.085793278642797"><ele>199.55690222222222</ele></trkpt>
<trkpt lat="47.31951042222225" lon="18.085659137912828"><ele>199.5417066666667</ele></trkpt>
<trkpt lat="47.31951920592596" lon="18.085532038649664"><ele>199.5209066666667</ele></trkpt>
<trkpt lat="47.31952858518522" lon="18.0854194727158"><ele>199.49103111111114</ele></trkpt>
<trkpt lat="47.31953910740769" lon="18.085321932719356"><ele>199.4471481481482</ele></trkpt>
<trkpt lat="47.319551545928704" lon="18.08523248533152"><ele>199.38697629629633</ele></trkpt>
<trkpt lat="47.319566055569844" lon="18.08514495796005"><ele>199.31584444444445</ele></trkpt>
<trkpt lat="47.31958236153156" lon="18.085057358775966"><ele>199.24614962962963</ele></trkpt>
<trkpt lat="47.319600929765066" lon="18.08496766635489"><ele>199.19088148148148</ele></trkpt>
<trkpt lat="47.31962338103712" lon="18.08486968667201"><ele>199.15653037037038</ele></trkpt>
<trkpt lat="47.31965114202091" lon="18.084756757482563"><ele>199.1412474074074</ele></trkpt>
<trkpt lat="47.319683303052756" lon="18.084630432749545"><ele>199.1386311111111</ele></trkpt>
<trkpt lat="47.31971682924551" lon="18.08450058716355"><ele>199.14219407407407</ele></trkpt>
<trkpt lat="47.31974924866496" lon="18.084375643630537"><ele>199.14799703703704</ele></trkpt>
<trkpt lat="47.319780768664955" lon="18.084254313260715"><ele>199.15461333333337</ele></trkpt>
<trkpt lat="47.31981333591217" lon="18.08412889531712"><ele>199.1618977777778</ele></trkpt>
<trkpt lat="47.31984754305275" lon="18.083996868329358"><ele>199.16949333333335</ele></trkpt>
<trkpt lat="47.31988182202091" lon="18.083863763480366"><ele>199.17622666666668</ele></trkpt>
<trkpt lat="47.31991463437046" lon="18.083734667574117"><ele>199.1805688888889</ele></trkpt>
<trkpt lat="47.31994664680211" lon="18.08360615997578"><ele>199.18151851851852</ele></trkpt>
<trkpt lat="47.31997995560564" lon="18.08346999029963"><ele>199.17909037037035</ele></trkpt>
<trkpt lat="47.32001512668096" lon="18.083325211772014"><ele>199.17415555555556</ele></trkpt>
<trkpt lat="47.32005051333609" lon="18.083180792463025"><ele>199.1677837037037</ele></trkpt>
<trkpt lat="47.32008455777805" lon="18.083045848695"><ele>199.16045185185186</ele></trkpt>
<trkpt lat="47.32011798666669" lon="18.082919784234992"><ele>199.1518948148148</ele></trkpt>
<trkpt lat="47.320152853333354" lon="18.082794936859166"><ele>199.1418962962963</ele></trkpt>
<trkpt lat="47.32018924000002" lon="18.08266913834511"><ele>199.13160444444443</ele></trkpt>
<trkpt lat="47.32022433333336" lon="18.082550381227907"><ele>199.124042962963</ele></trkpt>
<trkpt lat="47.32025478666669" lon="18.08244956183138"><ele>199.1233614814815</ele></trkpt>
<trkpt lat="47.32027966518549" lon="18.082370170596942"><ele>199.13292000000004</ele></trkpt>
<trkpt lat="47.32030085926245" lon="18.082306403126985"><ele>199.15336444444446</ele></trkpt>
<trkpt lat="47.32032118223868" lon="18.082249577962195"><ele>199.18177333333335</ele></trkpt>
<trkpt lat="47.3203435170947" lon="18.082192034404713"><ele>199.21320000000003</ele></trkpt>
<trkpt lat="47.32037157645224" lon="18.082125815503264"><ele>199.24394222222224</ele></trkpt>
<trkpt lat="47.320409813674594" lon="18.082041669468737"><ele>199.2735125925926</ele></trkpt>
<trkpt lat="47.32046083617668" lon="18.08193365845774"><ele>199.3034251851852</ele></trkpt>
<trkpt lat="47.32052202762299" lon="18.081806287437647"><ele>199.3338177777778</ele></trkpt>
<trkpt lat="47.32058666793023" lon="18.08167259322343"><ele>199.36219851851854</ele></trkpt>
<trkpt lat="47.3206494592258" lon="18.081543005365123"><ele>199.38524592592594</ele></trkpt>
<trkpt lat="47.320710574040966" lon="18.081416924626296"><ele>199.4015777777778</ele></trkpt>
<trkpt lat="47.320773668674875" lon="18.081286558427866"><ele>199.4129511111111</ele></trkpt>
<trkpt lat="47.32083970542103" lon="18.08114928530524"><ele>199.42380000000003</ele></trkpt>
<trkpt lat="47.32090523921071" lon="18.08101079059075"><ele>199.4411155555556</ele></trkpt>
<trkpt lat="47.32096661757057" lon="18.080876256072667"><ele>199.47455555555558</ele></trkpt>
<trkpt lat="47.32102442872485" lon="18.080742000534443"><ele>199.53384148148152</ele></trkpt>
<trkpt lat="47.32108243711977" lon="18.080599281754044"><ele>199.62316296296297</ele></trkpt>
<trkpt lat="47.321142205639994" lon="18.080446785390958"><ele>199.73616444444446</ele></trkpt>
<trkpt lat="47.321201471190726" lon="18.080293067429974"><ele>199.8596562962963</ele></trkpt>
<trkpt lat="47.32125776326712" lon="18.080146180310713"><ele>199.9847748148148</ele></trkpt>
<trkpt lat="47.3213122373411" lon="18.080003843273325"><ele>200.11370666666667</ele></trkpt>
<trkpt lat="47.321368499337915" lon="18.079857111130053"><ele>200.25430666666665</ele></trkpt>
<trkpt lat="47.321427627857275" lon="18.079704107595845"><ele>200.40728000000001</ele></trkpt>
<trkpt lat="47.32148697191731" lon="18.079553834290977"><ele>200.56413333333336</ele></trkpt>
<trkpt lat="47.32154396941888" lon="18.079416418915798"><ele>200.71797333333333</ele></trkpt>
<trkpt lat="47.32159986932024" lon="18.079292196541147"><ele>200.8727851851852</ele></trkpt>
<trkpt lat="47.32165831161735" lon="18.079173078292857"><ele>201.0387437037037</ele></trkpt>
<trkpt lat="47.321720127356926" lon="18.07905410691269"><ele>201.21795555555556</ele></trkpt>
<trkpt lat="47.32178215866694" lon="18.07893786584106"><ele>201.40219703703704</ele></trkpt>
<trkpt lat="47.3218413365704" lon="18.078828064574775"><ele>201.5853185185185</ele></trkpt>
<trkpt lat="47.32189828924296" lon="18.07872264295662"><ele>201.77198314814814</ele></trkpt>
<trkpt lat="47.32195622323886" lon="18.078615195450844"><ele>201.97104475308643</ele></trkpt>
<trkpt lat="47.32201565183688" lon="18.078504013571102"><ele>202.17605425925925</ele></trkpt>
<trkpt lat="47.32207411248876" lon="18.07839201130346"><ele>202.36390074074075</ele></trkpt>
<trkpt lat="47.32212919022658" lon="18.078280937998382"><ele>202.5060337654321</ele></trkpt>
<trkpt lat="47.32218319568956" lon="18.078162885367078"><ele>202.58645833333333</ele></trkpt>
<trkpt lat="47.32224172086631" lon="18.078024305087045"><ele>202.6047213648834</ele></trkpt>
<trkpt lat="47.32230913025172" lon="18.077856449661112"><ele>202.57300754458163</ele></trkpt>
<trkpt lat="47.32238395763357" lon="18.077665665002495"><ele>202.51143261316872</ele></trkpt>
<trkpt lat="47.32245983841041" lon="18.07747031999546"><ele>202.44378686556928</ele></trkpt>
<trkpt lat="47.322530842370455" lon="18.07728690338009"><ele>202.39135716735254</ele></trkpt>
<trkpt lat="47.3225966761536" lon="18.07711668448553"><ele>202.3675</ele></trkpt>
<trkpt lat="47.32266252038617" lon="18.076946418158233"><ele>202.37620198902607</ele></trkpt>
<trkpt lat="47.322733631798016" lon="18.07676253004809"><ele>202.4147342249657</ele></trkpt>
<trkpt lat="47.32281001048716" lon="18.076565020045013"><ele>202.47721707818934</ele></trkpt>
<trkpt lat="47.32288638900016" lon="18.076367509470803"><ele>202.56049039780524</ele></trkpt>
<trkpt lat="47.322957499810926" lon="18.076183619802254"><ele>202.66996742112485</ele></trkpt>
<trkpt lat="47.32302334282136" lon="18.076013351149633"><ele>202.8229166666667</ele></trkpt>
<trkpt lat="47.3230891574149" lon="18.075843148375395"><ele>203.04010288065845</ele></trkpt>
<trkpt lat="47.32315998701553" lon="18.07565992032119"><ele>203.3282767489712</ele></trkpt>
<trkpt lat="47.323235075597516" lon="18.075465457053753"><ele>203.66382716049387</ele></trkpt>
<trkpt lat="47.323307447558555" lon="18.075277424609236"><ele>203.9973816872428</ele></trkpt>
<trkpt lat="47.32336900704024" lon="18.075116141337137"><ele>204.2787448559671</ele></trkpt>
<trkpt lat="47.32341597332552" lon="18.07499055835302"><ele>204.48208333333335</ele></trkpt>
<trkpt lat="47.323450577444575" lon="18.074893938874197"><ele>204.61223572530866</ele></trkpt>
<trkpt lat="47.32347775098896" lon="18.074812896540685"><ele>204.6898398919753</ele></trkpt>
<trkpt lat="47.323501636390084" lon="18.074736544697604"><ele>204.73505208333336</ele></trkpt>
<trkpt lat="47.32352338449789" lon="18.074662046366445"><ele>204.7569367283951</ele></trkpt>
<trkpt lat="47.32354289723458" lon="18.07458881128765"><ele>204.75567043895748</ele></trkpt>
<trkpt lat="47.32355986625517" lon="18.07451598004192"><ele>204.72923439643347</ele></trkpt>
<trkpt lat="47.32357469810959" lon="18.074439522656185"><ele>204.68024627057613</ele></trkpt>
<trkpt lat="47.323587070151774" lon="18.074359233072336"><ele>204.61774326989027</ele></trkpt>
<trkpt lat="47.32359642136062" lon="18.074276910303972"><ele>204.55030971364886</ele></trkpt>
<trkpt lat="47.32360222222224" lon="18.07419806071989"><ele>204.481875</ele></trkpt>
<trkpt lat="47.323604845679036" lon="18.074122565146975"><ele>204.40398148148148</ele></trkpt>
<trkpt lat="47.32360466049384" lon="18.074044939927013"><ele>204.29743055555556</ele></trkpt>
<trkpt lat="47.32360166666669" lon="18.073950416528973"><ele>204.13145833333334</ele></trkpt>
<trkpt lat="47.32359548954049" lon="18.07382426759122"><ele>203.87819701646092</ele></trkpt>
<trkpt lat="47.32358618741429" lon="18.07366023285775"><ele>203.53062242798353</ele></trkpt>
<trkpt lat="47.323574755658456" lon="18.073470488302025"><ele>203.1210262345679</ele></trkpt>
<trkpt lat="47.3235629080933" lon="18.073281575442454"><ele>202.71317644032922</ele></trkpt>
<trkpt lat="47.323552187071336" lon="18.073120378685246"><ele>202.37156121399175</ele></trkpt>
<trkpt lat="47.323543125000015" lon="18.072999999834376"><ele>202.13041666666666</ele></trkpt>
<trkpt lat="47.32353513708505" lon="18.0729164604765"><ele>201.98587211248284</ele></trkpt>
<trkpt lat="47.32352711379974" lon="18.07285702182485"><ele>201.91195434842248</ele></trkpt>
<trkpt lat="47.32351779532923" lon="18.072808586102457"><ele>201.8774881893004</ele></trkpt>
<trkpt lat="47.323505582750364" lon="18.072761604000135"><ele>201.85576508916324</ele></trkpt>
<trkpt lat="47.323487743257914" lon="18.072707393688237"><ele>201.82533137174212</ele></trkpt>
<trkpt lat="47.32346133090225" lon="18.072638472522836"><ele>201.77235319615914</ele></trkpt>
<trkpt lat="47.32342499844309" lon="18.07255084639008"><ele>201.6929083676269</ele></trkpt>
<trkpt lat="47.32338128364945" lon="18.072449247823577"><ele>201.59571736625517</ele></trkpt>
<trkpt lat="47.32333460711301" lon="18.072343085876955"><ele>201.49624812071332</ele></trkpt>
<trkpt lat="47.323287810699895" lon="18.072239068656497"><ele>201.40819517146775</ele></trkpt>
<trkpt lat="47.323238646211394" lon="18.072133019014625"><ele>201.335</ele></trkpt>
<trkpt lat="47.32318181957209" lon="18.0720138709688"><ele>201.27179269547324</ele></trkpt>
<trkpt lat="47.323113646625" lon="18.07187341473764"><ele>201.21188014403293</ele></trkpt>
<trkpt lat="47.32303649999647" lon="18.071715759455522"><ele>201.15366512345682</ele></trkpt>
<trkpt lat="47.32295764851952" lon="18.071555152275394"><ele>201.1016872427984</ele></trkpt>
<trkpt lat="47.32288365799686" lon="18.07140462271953"><ele>201.06305812757205</ele></trkpt>
<trkpt lat="47.32281500287312" lon="18.071264992485972"><ele>201.04312500000006</ele></trkpt>
<trkpt lat="47.322746347468744" lon="18.0711253583162"><ele>201.04302383401924</ele></trkpt>
<trkpt lat="47.32267235616698" lon="18.07097478704859"><ele>201.0602606310014</ele></trkpt>
<trkpt lat="47.32259350359729" lon="18.070813984762047"><ele>201.09022890946505</ele></trkpt>
<trkpt lat="47.32251635581567" lon="18.070655719258152"><ele>201.1290955075446</ele></trkpt>
<trkpt lat="47.32244818188349" lon="18.070513804082434"><ele>201.1766966735254</ele></trkpt>
<trkpt lat="47.32239135454473" lon="18.070391768988888"><ele>201.23833333333334</ele></trkpt>
<trkpt lat="47.32234217037754" lon="18.07028077115298"><ele>201.32267903978055</ele></trkpt>
<trkpt lat="47.322295181159646" lon="18.07016907607705"><ele>201.43465462277095</ele></trkpt>
<trkpt lat="47.322247618608294" lon="18.07005138497836"><ele>201.56964971193418</ele></trkpt>
<trkpt lat="47.32220114971195" lon="18.069931900095202"><ele>201.71349314128946</ele></trkpt>
<trkpt lat="47.32215824983915" lon="18.069814977310887"><ele>201.85454570644723</ele></trkpt>
<trkpt lat="47.322119377777796" lon="18.069699160924642"><ele>201.99116148148153</ele></trkpt>
<trkpt lat="47.322082413333355" lon="18.0695779135111"><ele>202.130722962963</ele></trkpt>
<trkpt lat="47.32204626666669" lon="18.069450337216008"><ele>202.27660444444447</ele></trkpt>
<trkpt lat="47.32201227555558" lon="18.06932333579721"><ele>202.42521629629633</ele></trkpt>
<trkpt lat="47.3219826666667" lon="18.06920404997014"><ele>202.5740948148148</ele></trkpt>
<trkpt lat="47.32195792735636" lon="18.069091988567497"><ele>202.72871832647462</ele></trkpt>
<trkpt lat="47.32193652536401" lon="18.068980660729608"><ele>202.89806406035663</ele></trkpt>
<trkpt lat="47.321917092643645" lon="18.068867751754198"><ele>203.0810409053498</ele></trkpt>
<trkpt lat="47.32189929126418" lon="18.06875602704795"><ele>203.26892751714678</ele></trkpt>
<trkpt lat="47.32188332199183" lon="18.06864790643434"><ele>203.45642696844993</ele></trkpt>
<trkpt lat="47.321868437929865" lon="18.06853677032409"><ele>203.6558333333333</ele></trkpt>
<trkpt lat="47.32185310139336" lon="18.06841028771235"><ele>203.88976165980796</ele></trkpt>
<trkpt lat="47.321836040482204" lon="18.068259919979656"><ele>204.17339677640604</ele></trkpt>
<trkpt lat="47.32181742874063" lon="18.06809047045526"><ele>204.49752572016462</ele></trkpt>
<trkpt lat="47.321798692221954" lon="18.067917569799473"><ele>204.83446159122087</ele></trkpt>
<trkpt lat="47.321781205524985" lon="18.067755425437355"><ele>205.161798696845</ele></trkpt>
<trkpt lat="47.321765003266854" lon="18.06760499800535"><ele>205.48458333333335</ele></trkpt>
<trkpt lat="47.3217488075483" lon="18.06745457238539"><ele>205.83137945816188</ele></trkpt>
<trkpt lat="47.32173138855256" lon="18.067292445487084"><ele>206.2256524348423</ele></trkpt>
<trkpt lat="47.32171296629208" lon="18.06711962426969"><ele>206.65770318930043</ele></trkpt>
<trkpt lat="47.32169533403502" lon="18.066950420688638"><ele>207.08584533607686</ele></trkpt>
<trkpt lat="47.32168061082409" lon="18.06680063841569"><ele>207.4667806927298</ele></trkpt>
<trkpt lat="47.3216698962632" lon="18.06667531208666"><ele>207.78645833333337</ele></trkpt>
<trkpt lat="47.32166284955699" lon="18.066565173082477"><ele>208.0682465277778</ele></trkpt>
<trkpt lat="47.32165846886364" lon="18.066456593590214"><ele>208.34686149691362</ele></trkpt>
<trkpt lat="47.32165604811689" lon="18.066340710804123"><ele>208.64475115740743</ele></trkpt>
<trkpt lat="47.32165590321035" lon="18.066218581540564"><ele>208.9588888888889</ele></trkpt>
<trkpt lat="47.32165889146511" lon="18.066093735870215"><ele>209.2800747530864</ele></trkpt>
<trkpt lat="47.321665603523094" lon="18.065968854184916"><ele>209.6021087037037</ele></trkpt>
<trkpt lat="47.32167546446809" lon="18.065845293149508"><ele>209.92421347222222</ele></trkpt>
<trkpt lat="47.3216875047126" lon="18.065725081604235"><ele>210.2473335648148</ele></trkpt>
<trkpt lat="47.321701561150334" lon="18.065606422639338"><ele>210.58623810185188</ele></trkpt>
<trkpt lat="47.32171883456517" lon="18.065480313269983"><ele>210.97460592592594</ele></trkpt>
<trkpt lat="47.32174044681975" lon="18.065337097362526"><ele>211.44087851851853</ele></trkpt>
<trkpt lat="47.321765676931754" lon="18.065177552567537"><ele>211.9729377777778</ele></trkpt>
<trkpt lat="47.32179205663315" lon="18.065013840258196"><ele>212.5185051851852</ele></trkpt>
<trkpt lat="47.32181759171341" lon="18.064856403357958"><ele>213.0308725925926</ele></trkpt>
<trkpt lat="47.32184226375777" lon="18.064704571133564"><ele>213.50364857338823</ele></trkpt>
<trkpt lat="47.3218674026779" lon="18.06455012529726"><ele>213.96198319615914</ele></trkpt>
<trkpt lat="47.32189331292942" lon="18.06439185651746"><ele>214.41593534979424</ele></trkpt>
<trkpt lat="47.321919137283274" lon="18.064236608001703"><ele>214.85165467764062</ele></trkpt>
<trkpt lat="47.32194417666992" lon="18.064091277215947"><ele>215.2511226474623</ele></trkpt>
<trkpt lat="47.321969896658544" lon="18.063950313855763"><ele>215.62791666666666</ele></trkpt>
<trkpt lat="47.321999129672115" lon="18.06379934474672"><ele>216.01955332647464</ele></trkpt>
<trkpt lat="47.322033852936315" lon="18.06362684425729"><ele>216.45784893689986</ele></trkpt>
<trkpt lat="47.322072966798714" lon="18.063436110769555"><ele>216.93768775720167</ele></trkpt>
<trkpt lat="47.32211287067952" lon="18.063243006977196"><ele>217.42210048010978</ele></trkpt>
<trkpt lat="47.322150289779735" lon="18.06306241834079"><ele>217.8760039437586</ele></trkpt>
<trkpt lat="47.32218500405505" lon="18.06289500461203"><ele>218.29937500000005</ele></trkpt>
<trkpt lat="47.322219710218455" lon="18.062727628388213"><ele>218.72606224279838</ele></trkpt>
<trkpt lat="47.32225705106096" lon="18.06254741626497"><ele>219.1879886831276</ele></trkpt>
<trkpt lat="47.32229659847228" lon="18.06235604644254"><ele>219.67841820987655</ele></trkpt>
<trkpt lat="47.32233460734648" lon="18.0621707056291"><ele>220.14913837448563</ele></trkpt>
<trkpt lat="47.322366698129365" lon="18.062011066944056"><ele>220.54380915637861</ele></trkpt>
<trkpt lat="47.322390729700246" lon="18.06188552179578"><ele>220.83375</ele></trkpt>
<trkpt lat="47.32240763986379" lon="18.061787572147527"><ele>221.0287972153635</ele></trkpt>
<trkpt lat="47.32241985372296" lon="18.061704401028535"><ele>221.1588070233196</ele></trkpt>
<trkpt lat="47.32242950501477" lon="18.061625723815535"><ele>221.25284868312758</ele></trkpt>
<trkpt lat="47.32243745626344" lon="18.061547488743063"><ele>221.32743010973937</ele></trkpt>
<trkpt lat="47.32244380937976" lon="18.061466362459363"><ele>221.39052807956105</ele></trkpt>
<trkpt lat="47.32244853813566" lon="18.061377639005116"><ele>221.44631770233198</ele></trkpt>
<trkpt lat="47.32245198122031" lon="18.06127636837277"><ele>221.49871793552813</ele></trkpt>
<trkpt lat="47.322454581138174" lon="18.06116439124294"><ele>221.54819421810703</ele></trkpt>
<trkpt lat="47.32245668268103" lon="18.061047450226067"><ele>221.5914493552812</ele></trkpt>
<trkpt lat="47.32245844001632" lon="18.06092837728363"><ele>221.62299301097397</ele></trkpt>
<trkpt lat="47.32246000145377" lon="18.060798472299748"><ele>221.639375</ele></trkpt>
<trkpt lat="47.32246154600973" lon="18.06064267788071"><ele>221.6403377914952</ele></trkpt>
<trkpt lat="47.32246321458245" lon="18.060451641709047"><ele>221.6287234224966</ele></trkpt>
<trkpt lat="47.322465006978064" lon="18.060233311303083"><ele>221.60990226337452</ele></trkpt>
<trkpt lat="47.32246679937372" lon="18.060009270439664"><ele>221.5909147805213</ele></trkpt>
<trkpt lat="47.322468467946436" lon="18.059798748078727"><ele>221.5787328532236</ele></trkpt>
<trkpt lat="47.322470012502436" lon="18.059603333727775"><ele>221.5785416666667</ele></trkpt>
<trkpt lat="47.32247155651763" lon="18.05940786049488"><ele>221.59261488340195</ele></trkpt>
<trkpt lat="47.322473223580424" lon="18.05919674939072"><ele>221.61972822359397</ele></trkpt>
<trkpt lat="47.32247501382005" lon="18.05897000041292"><ele>221.65451131687246</ele></trkpt>
<trkpt lat="47.32247680382754" lon="18.058743251421888"><ele>221.68846279149523</ele></trkpt>
<trkpt lat="47.32247847009823" lon="18.058532140283045"><ele>221.71273834019206</ele></trkpt>
<trkpt lat="47.32248001250289" lon="18.05833666700232"><ele>221.72104166666668</ele></trkpt>
<trkpt lat="47.322481551794645" lon="18.058141215725065"><ele>221.71118827160493</ele></trkpt>
<trkpt lat="47.32248319083504" lon="18.057930324625914"><ele>221.68517746913577</ele></trkpt>
<trkpt lat="47.322484860373464" lon="18.057704587834575"><ele>221.64912037037035</ele></trkpt>
<trkpt lat="47.32248628042629" lon="18.057480985518282"><ele>221.61156635802467</ele></trkpt>
<trkpt lat="47.32248706812921" lon="18.057277378052962"><ele>221.5804475308642</ele></trkpt>
<trkpt lat="47.322486876453844" lon="18.057096736126834"><ele>221.56020833333332</ele></trkpt>
<trkpt lat="47.32248552190937" lon="18.056926103927477"><ele>221.5511796982167</ele></trkpt>
<trkpt lat="47.32248305665223" lon="18.05675090127051"><ele>221.55116340877916</ele></trkpt>
<trkpt lat="47.32247980459498" lon="18.0565698704458"><ele>221.55715020576133</ele></trkpt>
<trkpt lat="47.32247622000634" lon="18.056397128109108"><ele>221.56679612482856</ele></trkpt>
<trkpt lat="47.322472620028655" lon="18.056250208830523"><ele>221.57926611796984</ele></trkpt>
<trkpt lat="47.32246895833336" lon="18.056137083276006"><ele>221.595625</ele></trkpt>
<trkpt lat="47.32246480174042" lon="18.056051790825194"><ele>221.61847490140607</ele></trkpt>
<trkpt lat="47.322459647848106" lon="18.055981921784046"><ele>221.64994459447874</ele></trkpt>
<trkpt lat="47.3224530742027" lon="18.055916176965003"><ele>221.69066197273662</ele></trkpt>
<trkpt lat="47.322444699931445" lon="18.055848707065053"><ele>221.73967935528123</ele></trkpt>
<trkpt lat="47.32243411158387" lon="18.05577679603173"><ele>221.7962019890261</ele></trkpt>
<trkpt lat="47.32242111391054" lon="18.055699869546743"><ele>221.8594298696845</ele></trkpt>
<trkpt lat="47.32240623977959" lon="18.055619847695596"><ele>221.92672871656382</ele></trkpt>
<trkpt lat="47.32239003002986" lon="18.055538865154976"><ele>221.99521015517834</ele></trkpt>
<trkpt lat="47.32237208054592" lon="18.055455571334807"><ele>222.0648837234225</ele></trkpt>
<trkpt lat="47.32234994935833" lon="18.05536020617712"><ele>222.143125</ele></trkpt>
<trkpt lat="47.322320564976835" lon="18.055239969468357"><ele>222.2400505829904</ele></trkpt>
<trkpt lat="47.32228244465729" lon="18.05508788801054"><ele>222.3603326474623</ele></trkpt>
<trkpt lat="47.32223781622739" lon="18.054911716778587"><ele>222.4940869341564</ele></trkpt>
<trkpt lat="47.32219158696995" lon="18.0547299738648"><ele>222.6177786351166</ele></trkpt>
<trkpt lat="47.322148004032655" lon="18.05455887951643"><ele>222.70372342249658</ele></trkpt>
<trkpt lat="47.32210751287852" lon="18.054399984639492"><ele>222.73083333333332</ele></trkpt>
<trkpt lat="47.322067004863385" lon="18.05424103256337"><ele>222.69120970507547</ele></trkpt>
<trkpt lat="47.32202325589388" lon="18.05406936459497"><ele>222.59025120027437</ele></trkpt>
<trkpt lat="47.321976266055465" lon="18.05388498079743"><ele>222.44450874485597</ele></trkpt>
<trkpt lat="47.321929276063564" lon="18.053700597327833"><ele>222.27240397805215</ele></trkpt>
<trkpt lat="47.32188552657034" lon="18.053528930254405"><ele>222.08148748285325</ele></trkpt>
<trkpt lat="47.32184501749034" lon="18.053369979514027"><ele>221.85895833333333</ele></trkpt>
<trkpt lat="47.32180450805117" lon="18.05321102901746"><ele>221.58015432098767</ele></trkpt>
<trkpt lat="47.321760757543736" lon="18.053039362754998"><ele>221.23150462962965</ele></trkpt>
<trkpt lat="47.32171376605347" lon="18.05285498078987"><ele>220.8314814814815</ele></trkpt>
<trkpt lat="47.32166677440979" lon="18.05267059915294"><ele>220.4254706790124</ele></trkpt>
<trkpt lat="47.32162302337885" lon="18.05249893378633"><ele>220.05638888888893</ele></trkpt>
<trkpt lat="47.321582512875295" lon="18.052339984627285"><ele>219.7360416666667</ele></trkpt>
<trkpt lat="47.32154202366265" lon="18.052181123160754"><ele>219.44399777091908</ele></trkpt>
<trkpt lat="47.32149848811616" lon="18.0520103330821"><ele>219.15404492455423</ele></trkpt>
<trkpt lat="47.32145249086531" lon="18.051829975525262"><ele>218.86148405349797</ele></trkpt>
<trkpt lat="47.32140859348995" lon="18.05165810065023"><ele>218.5884662208505</ele></trkpt>
<trkpt lat="47.321372223497974" lon="18.051516256378903"><ele>218.36520147462278</ele></trkpt>
<trkpt lat="47.32134630352457" lon="18.051416247918056"><ele>218.20875000000004</ele></trkpt>
<trkpt lat="47.32133006944319" lon="18.05135557004524"><ele>218.1151388888889</ele></trkpt>
<trkpt lat="47.3213203963278" lon="18.051322499645536"><ele>218.0677777777778</ele></trkpt>
<trkpt lat="47.32131306526825" lon="18.051301342479597"><ele>218.0479166666667</ele></trkpt>
<trkpt lat="47.321304068728786" lon="18.05127723417183"><ele>218.04097222222225</ele></trkpt>
<trkpt lat="47.32129038859003" lon="18.051239699862506"><ele>218.03402777777782</ele></trkpt>
<trkpt lat="47.3212706995885" lon="18.051186008123707"><ele>218.00833333333335</ele></trkpt>
<trkpt lat="47.321245247556604" lon="18.051120378799823"><ele>217.9406221064815</ele></trkpt>
<trkpt lat="47.321215048225326" lon="18.051049209360784"><ele>217.81475983796298</ele></trkpt>
<trkpt lat="47.32118206340022" lon="18.050978842405634"><ele>217.6419184027778</ele></trkpt>
<trkpt lat="47.321147498285356" lon="18.050912468943196"><ele>217.45226851851854</ele></trkpt>
<trkpt lat="47.321111823559946" lon="18.050851349817275"><ele>217.27667438271607</ele></trkpt>
<trkpt lat="47.32107399605898" lon="18.050793491984184"><ele>217.12439814814815</ele></trkpt>
<trkpt lat="47.32103431007067" lon="18.050738108381733"><ele>216.99260706018518</ele></trkpt>
<trkpt lat="47.32099309911485" lon="18.050684710817475"><ele>216.8736930941358</ele></trkpt>
<trkpt lat="47.320949303331346" lon="18.050632321192502"><ele>216.76087094907408</ele></trkpt>
<trkpt lat="47.32089729196638" lon="18.05057527572259"><ele>216.64020833333336</ele></trkpt>
<trkpt lat="47.32082993456213" lon="18.05050605828551"><ele>216.4955898491084</ele></trkpt>
<trkpt lat="47.32074358807577" lon="18.0504202456905"><ele>216.31992198216736</ele></trkpt>
<trkpt lat="47.32064299783781" lon="18.050321696319553"><ele>216.12926954732512</ele></trkpt>
<trkpt lat="47.320538997963496" lon="18.050220375140963"><ele>215.96290037722912</ele></trkpt>
<trkpt lat="47.32044101653253" lon="18.050125103805915"><ele>215.8700960219479</ele></trkpt>
<trkpt lat="47.32035000257923" lon="18.050036653880806"><ele>215.89395833333333</ele></trkpt>
<trkpt lat="47.32025895336423" lon="18.049948175681816"><ele>216.05716735253773</ele></trkpt>
<trkpt lat="47.32016062011496" lon="18.049852619569513"><ele>216.3550677297668</ele></trkpt>
<trkpt lat="47.32005500285777" lon="18.04974998562256"><ele>216.75381687242802</ele></trkpt>
<trkpt lat="47.319949385552576" lon="18.049647352085245"><ele>217.2101140260631</ele></trkpt>
<trkpt lat="47.31985105213951" lon="18.049551797090718"><ele>217.70438957475997</ele></trkpt>
<trkpt lat="47.31976000259149" lon="18.04946332055958"><ele>218.266875</ele></trkpt>
<trkpt lat="47.31966898293744" lon="18.04937486776429"><ele>218.9584576474623</ele></trkpt>
<trkpt lat="47.31957094927786" lon="18.049279548104558"><ele>219.81356652949248</ele></trkpt>
<trkpt lat="47.319466711838324" lon="18.04917799433336"><ele>220.78680812757202</ele></trkpt>
<trkpt lat="47.31936538506393" lon="18.049078713900997"><ele>221.76312671467767</ele></trkpt>
<trkpt lat="47.31927728367407" lon="18.048991151416917"><ele>222.62873542524008</ele></trkpt>
<trkpt lat="47.31920645863491" lon="18.048918470103814"><ele>223.34166666666667</ele></trkpt>
<trkpt lat="47.31914845381657" lon="18.04885543348196"><ele>223.9486452974966</ele></trkpt>
<trkpt lat="47.31909560629538" lon="18.04879399326581"><ele>224.52594703789438</ele></trkpt>
<trkpt lat="47.31904213768135" lon="18.04872833851746"><ele>225.1248421424897</ele></trkpt>
<trkpt lat="47.318987102197525" lon="18.048657605589213"><ele>225.740286351166</ele></trkpt>
<trkpt lat="47.31893148199772" lon="18.048582626056625"><ele>226.34779235253774</ele></trkpt>
<trkpt lat="47.318876553172345" lon="18.048504517866782"><ele>226.9251131687243</ele></trkpt>
<trkpt lat="47.31882359776214" lon="18.048425062181735"><ele>227.45750482253086</ele></trkpt>
<trkpt lat="47.31877395296855" lon="18.048345503562803"><ele>227.92769708076133</ele></trkpt>
<trkpt lat="47.31872767808568" lon="18.048263636442794"><ele>228.3228314686214</ele></trkpt>
<trkpt lat="47.31868083524747" lon="18.048169370670077"><ele>228.659375</ele></trkpt>
<trkpt lat="47.318627580504824" lon="18.048049903111558"><ele>228.97316786694103</ele></trkpt>
<trkpt lat="47.318563962309014" lon="18.047898386406246"><ele>229.2954715363512</ele></trkpt>
<trkpt lat="47.318492110055715" lon="18.04772266841313"><ele>229.61973508230454</ele></trkpt>
<trkpt lat="47.31841872770046" lon="18.04754131222558"><ele>229.90100394375858</ele></trkpt>
<trkpt lat="47.31834988822891" lon="18.047370555529646"><ele>230.07659379286693</ele></trkpt>
<trkpt lat="47.318286017418025" lon="18.047211967760628"><ele>230.09208333333333</ele></trkpt>
<trkpt lat="47.31822213047669" lon="18.04705332224487"><ele>229.92225222908093</ele></trkpt>
<trkpt lat="47.31815313226809" lon="18.046881985518826"><ele>229.57978995198903</ele></trkpt>
<trkpt lat="47.318079022877306" lon="18.046697957681797"><ele>229.11856224279836</ele></trkpt>
<trkpt lat="47.31800491333366" lon="18.046513930360874"><ele>228.6123439643347</ele></trkpt>
<trkpt lat="47.317935914603325" lon="18.046342595043303"><ele>228.11635716735253</ele></trkpt>
<trkpt lat="47.31787202660122" lon="18.046183951629786"><ele>227.634375</ele></trkpt>
<trkpt lat="47.317808138241304" lon="18.046025308600033"><ele>227.12775891632373</ele></trkpt>
<trkpt lat="47.31773913850066" lon="18.045853974558877"><ele>226.56140517832648</ele></trkpt>
<trkpt lat="47.31766502746438" lon="18.045669949605614"><ele>225.94772119341562</ele></trkpt>
<trkpt lat="47.31759091627522" lon="18.045485925168443"><ele>225.34717678326476</ele></trkpt>
<trkpt lat="47.31752191601287" lon="18.045314592535757"><ele>224.82566015089162</ele></trkpt>
<trkpt lat="47.317458026592234" lon="18.045155951608216"><ele>224.41020833333332</ele></trkpt>
<trkpt lat="47.31739413681382" lon="18.04499731106447"><ele>224.0804783950617</ele></trkpt>
<trkpt lat="47.317325135541225" lon="18.044825979708268"><ele>223.79888117283951</ele></trkpt>
<trkpt lat="47.31725102285965" lon="18.044641957639175"><ele>223.54347222222222</ele></trkpt>
<trkpt lat="47.31717691002556" lon="18.04445793608707"><ele>223.31949845679011</ele></trkpt>
<trkpt lat="47.31710790823252" lon="18.0442866061424"><ele>223.1451697530864</ele></trkpt>
<trkpt lat="47.31704401739592" lon="18.044127967707105"><ele>223.03354166666668</ele></trkpt>
<trkpt lat="47.31698012311919" lon="18.043969332913463"><ele>222.98298525377228</ele></trkpt>
<trkpt lat="47.31691108948002" lon="18.043798036793742"><ele>222.98083933470508</ele></trkpt>
<trkpt lat="47.31683683329346" lon="18.043614167295715"><ele>223.01006687242798</ele></trkpt>
<trkpt lat="47.3167622778007" lon="18.043430613923498"><ele>223.0564257544582</ele></trkpt>
<trkpt lat="47.3166922228177" lon="18.043260396191023"><ele>223.11273834019207</ele></trkpt>
<trkpt lat="47.31662625191135" lon="18.043103953251688"><ele>223.1810416666667</ele></trkpt>
<trkpt lat="47.316558900371106" lon="18.042949013957664"><ele>223.2685965363512</ele></trkpt>
<trkpt lat="47.31648508947946" lon="18.042783229486215"><ele>223.38055727023323</ele></trkpt>
<trkpt lat="47.31640560606494" lon="18.042607040293408"><ele>223.5147247942387</ele></trkpt>
<trkpt lat="47.316327154024066" lon="18.04243432728471"><ele>223.6654415294925</ele></trkpt>
<trkpt lat="47.31625686256204" lon="18.04228040445453"><ele>223.83387431412896</ele></trkpt>
<trkpt lat="47.31619666684098" lon="18.042149581782937"><ele>224.03625000000002</ele></trkpt>
<trkpt lat="47.3161422920522" lon="18.04203269612707"><ele>224.29990761316873</ele></trkpt>
<trkpt lat="47.31608795264152" lon="18.041917124869087"><ele>224.64328930041154</ele></trkpt>
<trkpt lat="47.31603098043274" lon="18.04179675300649"><ele>225.06056728395063</ele></trkpt>
<trkpt lat="47.315973384771716" lon="18.041675431212326"><ele>225.5241615226338</ele></trkpt>
<trkpt lat="47.315917349752276" lon="18.041557526657357"><ele>226.02224094650208</ele></trkpt>
<trkpt lat="47.31586231087504" lon="18.041441736027835"><ele>226.57335851851855</ele></trkpt>
<trkpt lat="47.31580529145714" lon="18.04132164441271"><ele>227.20765481481484</ele></trkpt>
<trkpt lat="47.315746183044745" lon="18.041196601935702"><ele>227.91276888888893</ele></trkpt>
<trkpt lat="47.315689086460154" lon="18.04107429000523"><ele>228.63110370370373</ele></trkpt>
<trkpt lat="47.31563893214538" lon="18.04096351583989"><ele>229.3105140740741</ele></trkpt>
<trkpt lat="47.3155966218008" lon="18.040864319331682"><ele>229.95801370370373</ele></trkpt>
<trkpt lat="47.31555904171627" lon="18.040768993594504"><ele>230.62136296296296</ele></trkpt>
<trkpt lat="47.31552291001416" lon="18.04067069354963"><ele>231.32768944444445</ele></trkpt>
<trkpt lat="47.31548738833608" lon="18.04056822352113"><ele>232.05264240740743</ele></trkpt>
<trkpt lat="47.315453273371745" lon="18.04046365185555"><ele>232.75244150307748</ele></trkpt>
<trkpt lat="47.31542124743774" lon="18.04035869665107"><ele>233.4009779586438</ele></trkpt>
<trkpt lat="47.315391958738815" lon="18.040256724024324"><ele>233.98558592484616</ele></trkpt>
<trkpt lat="47.3153659362001" lon="18.04016071575246"><ele>234.50116503347377</ele></trkpt>
<trkpt lat="47.31534337235885" lon="18.040071016015368"><ele>234.94944518680492</ele></trkpt>
<trkpt lat="47.31532264022157" lon="18.039979342234265"><ele>235.36610787172015</ele></trkpt>
<trkpt lat="47.31530107919971" lon="18.03987253029087"><ele>235.8061370262391</ele></trkpt>
<trkpt lat="47.31527592396907" lon="18.039737634911912"><ele>236.32533095777998</ele></trkpt>
<trkpt lat="47.31524607054236" lon="18.039570615154194"><ele>236.9431497678437</ele></trkpt>
<trkpt lat="47.315212754781584" lon="18.03938063752763"><ele>237.62505992873344</ele></trkpt>
<trkpt lat="47.31517899918086" lon="18.039186658941215"><ele>238.29005452974846</ele></trkpt>
<trkpt lat="47.315147644857" lon="18.039005986236788"><ele>238.85015117157977</ele></trkpt>
<trkpt lat="47.315119437953356" lon="18.038843330813048"><ele>239.25198250728866</ele></trkpt>
<trkpt lat="47.315092612455466" lon="18.038688629223543"><ele>239.48954810495633</ele></trkpt>
<trkpt lat="47.315064400235045" lon="18.038525932889335"><ele>239.58712881978192</ele></trkpt>
<trkpt lat="47.31503299911089" lon="18.03834484847594"><ele>239.58045621423176</ele></trkpt>
<trkpt lat="47.31499903302833" lon="18.038148973745677"><ele>239.50445740200843</ele></trkpt>
<trkpt lat="47.31496506680704" lon="18.03795309926717"><ele>239.38499136162403</ele></trkpt>
<trkpt lat="47.31493366520948" lon="18.037772015534493"><ele>239.22999244142102</ele></trkpt>
<trkpt lat="47.3149054520265" lon="18.037609320178973"><ele>239.02599125364432</ele></trkpt>
<trkpt lat="47.3148786248681" lon="18.03745461984237"><ele>238.7432944606414</ele></trkpt>
<trkpt lat="47.31485041090136" lon="18.03729192482583"><ele>238.35313842997516</ele></trkpt>
<trkpt lat="47.314819007833535" lon="18.037110841879045"><ele>237.85087679516252</ele></trkpt>
<trkpt lat="47.31478503964854" lon="18.03691496873517"><ele>237.27543083900224</ele></trkpt>
<trkpt lat="47.31475107132483" lon="18.036719095843086"><ele>236.70071806500377</ele></trkpt>
<trkpt lat="47.314719667783585" lon="18.03653801357705"><ele>236.20095831983588</ele></trkpt>
<trkpt lat="47.314691452854326" lon="18.036375319539246"><ele>235.815889212828</ele></trkpt>
<trkpt lat="47.31466462403546" lon="18.036220620455605"><ele>235.54196793002916</ele></trkpt>
<trkpt lat="47.31463640832244" lon="18.0360579267568"><ele>235.35128927761582</ele></trkpt>
<trkpt lat="47.31460500331097" lon="18.03587684527672"><ele>235.21384677680598</ele></trkpt>
<trkpt lat="47.31457103302362" lon="18.035680973719494"><ele>235.11363459669582</ele></trkpt>
<trkpt lat="47.31453706259759" lon="18.035485102414395"><ele>235.05364269517332</ele></trkpt>
<trkpt lat="47.31450565711291" lon="18.035304021616238"><ele>235.05344671201814</ele></trkpt>
<trkpt lat="47.314477440437784" lon="18.035141328898526"><ele>235.1418221574344</ele></trkpt>
<trkpt lat="47.314450609959145" lon="18.034986631071934"><ele>235.3493002915452</ele></trkpt>
<trkpt lat="47.314422376252146" lon="18.03482401206793"><ele>235.69690692149877</ele></trkpt>
<trkpt lat="47.31439080681056" lon="18.03464366577208"><ele>236.17863729618833</ele></trkpt>
<trkpt lat="47.31435608697806" lon="18.034451170874387"><ele>236.74475380628442</ele></trkpt>
<trkpt lat="47.31431979087405" lon="18.0342657932121"><ele>237.31045135514523</ele></trkpt>
<trkpt lat="47.3142828426091" lon="18.034109733386032"><ele>237.79075207860924</ele></trkpt>
<trkpt lat="47.31424367250299" lon="18.033996494011827"><ele>238.13545189504376</ele></trkpt>
<trkpt lat="47.31419797551709" lon="18.033926981080292"><ele>238.33791545189504</ele></trkpt>
<trkpt lat="47.31413985709033" lon="18.033894294034866"><ele>238.41763387107224</ele></trkpt>
<trkpt lat="47.31406567857487" lon="18.033888624255482"><ele>238.40607436345968</ele></trkpt>
<trkpt lat="47.31397665670478" lon="18.033900303730448"><ele>238.3403609718173</ele></trkpt>
<trkpt lat="47.313880341523735" lon="18.033920487755054"><ele>238.26490502105605</ele></trkpt>
<trkpt lat="47.31378302361294" lon="18.03394341443115"><ele>238.22220478134113</ele></trkpt>
<trkpt lat="47.313685835666035" lon="18.033966937490796"><ele>238.24201333333338</ele></trkpt>
<trkpt lat="47.31358467565197" lon="18.033991522587293"><ele>238.32962666666668</ele></trkpt>
<trkpt lat="47.31348016007297" lon="18.034017036478886"><ele>238.46716</ele></trkpt>
<trkpt lat="47.31338017115851" lon="18.03404175993239"><ele>238.62538666666666</ele></trkpt>
<trkpt lat="47.31329445780383" lon="18.03406364783143"><ele>238.78361333333336</ele></trkpt>
<trkpt lat="47.313226102974866" lon="18.034082303204652"><ele>238.9391540740741</ele></trkpt>
<trkpt lat="47.31317039704144" lon="18.03409911718132"><ele>239.10043259259263</ele></trkpt>
<trkpt lat="47.31312080222349" lon="18.03411580233478"><ele>239.26991555555557</ele></trkpt>
<trkpt lat="47.31307257259286" lon="18.034133852719588"><ele>239.43925481481486</ele></trkpt>
<trkpt lat="47.31302152518523" lon="18.034155325373074"><ele>239.60004296296302</ele></trkpt>
<trkpt lat="47.312962756804325" lon="18.034182787887595"><ele>239.75410427297672</ele></trkpt>
<trkpt lat="47.31289269225473" lon="18.034217901980995"><ele>239.91232527434846</ele></trkpt>
<trkpt lat="47.312813826734015" lon="18.034259256378988"><ele>240.0837361522634</ele></trkpt>
<trkpt lat="47.31273246752667" lon="18.03430406178908"><ele>240.27865903978056</ele></trkpt>
<trkpt lat="47.31265326816331" lon="18.034351279704357"><ele>240.51830303840882</ele></trkpt>
<trkpt lat="47.31257291722441" lon="18.034404795544106"><ele>240.845625</ele></trkpt>
<trkpt lat="47.31248300347494" lon="18.034470992435995"><ele>241.30797496570645</ele></trkpt>
<trkpt lat="47.312377272041125" lon="18.034553565490604"><ele>241.92419838820302</ele></trkpt>
<trkpt lat="47.31225873211409" lon="18.034648648402825"><ele>242.65503600823047</ele></trkpt>
<trkpt lat="47.31213803000088" lon="18.03474650876563"><ele>243.4199699931413</ele></trkpt>
<trkpt lat="47.31202492038534" lon="18.034838559846076"><ele>244.15254286694102</ele></trkpt>
<trkpt lat="47.31192000507608" lon="18.034924028503145"><ele>244.85145833333334</ele></trkpt>
<trkpt lat="47.31181506737277" lon="18.03500952545887"><ele>245.57343278463648</ele></trkpt>
<trkpt lat="47.31170173456258" lon="18.035101861789883"><ele>246.37179612482856</ele></trkpt>
<trkpt lat="47.31158000667024" lon="18.03520103740779"><ele>247.23687242798354</ele></trkpt>
<trkpt lat="47.311458278733504" lon="18.03530021256845"><ele>248.09662637174213</ele></trkpt>
<trkpt lat="47.3113449457718" lon="18.03539254765198"><ele>248.8768278463649</ele></trkpt>
<trkpt lat="47.31124000776039" lon="18.035478042746767"><ele>249.56187500000001</ele></trkpt>
<trkpt lat="47.31113506964508" lon="18.035563537502405"><ele>250.19945987654324</ele></trkpt>
<trkpt lat="47.31102173638995" lon="18.035655871457337"><ele>250.84860339506176</ele></trkpt>
<trkpt lat="47.31090000801971" lon="18.03575504452318"><ele>251.5276388888889</ele></trkpt>
<trkpt lat="47.31077827960507" lon="18.03585421713181"><ele>252.2111651234568</ele></trkpt>
<trkpt lat="47.31066494619842" lon="18.035946549839323"><ele>252.8756327160494</ele></trkpt>
<trkpt lat="47.31056000777504" lon="18.036032042734103"><ele>253.54437500000003</ele></trkpt>
<trkpt lat="47.31045506924773" lon="18.03611753528976"><ele>254.28139403292184</ele></trkpt>
<trkpt lat="47.310341735547595" lon="18.036209866868766"><ele>255.13423096707822</ele></trkpt>
<trkpt lat="47.31022000669916" lon="18.0363090373829"><ele>256.0767746913581</ele></trkpt>
<trkpt lat="47.31009827780573" lon="18.036408207440342"><ele>257.01382973251026</ele></trkpt>
<trkpt lat="47.30998494395199" lon="18.036500537773698"><ele>257.84793724279837</ele></trkpt>
<trkpt lat="47.309880005112376" lon="18.03658602847204"><ele>258.546875</ele></trkpt>
<trkpt lat="47.309775067881624" lon="18.036671538643063"><ele>259.15148233882036</ele></trkpt>
<trkpt lat="47.3096617508825" lon="18.036764065948574"><ele>259.72103566529495</ele></trkpt>
<trkpt lat="47.309540100461746" lon="18.036864145151572"><ele>260.2751414609054</ele></trkpt>
<trkpt lat="47.30941861640905" lon="18.036966145399543"><ele>260.778435356653</ele></trkpt>
<trkpt lat="47.30930586711947" lon="18.03706522832746"><ele>261.174599622771</ele></trkpt>
<trkpt lat="47.30920208417428" lon="18.03716406825358"><ele>261.4266666666667</ele></trkpt>
<trkpt lat="47.309099076575514" lon="18.037271861561862"><ele>261.53577331961594</ele></trkpt>
<trkpt lat="47.30898849207563" lon="18.037395942434152"><ele>261.5302349108368</ele></trkpt>
<trkpt lat="47.308870099087315" lon="18.037533636479402"><ele>261.4487088477366</ele></trkpt>
<trkpt lat="47.308751872445384" lon="18.03767325139089"><ele>261.3224417009602</ele></trkpt>
<trkpt lat="47.30864185558109" lon="18.037803887409925"><ele>261.1642301097394</ele></trkpt>
<trkpt lat="47.30854000211751" lon="18.037925009809655"><ele>260.9629166666667</ele></trkpt>
<trkpt lat="47.30843879584704" lon="18.03804539018455"><ele>260.6977183839438</ele></trkpt>
<trkpt lat="47.30833109517264" lon="18.038173553637908"><ele>260.36057588173423</ele></trkpt>
<trkpt lat="47.308218245151416" lon="18.038308078595605"><ele>259.9757245287886</ele></trkpt>
<trkpt lat="47.30810837020705" lon="18.038439704744384"><ele>259.5864479527849</ele></trkpt>
<trkpt lat="47.30800956414251" lon="18.038559472359175"><ele>259.229689553364</ele></trkpt>
<trkpt lat="47.307922565527306" lon="18.038667394285827"><ele>258.9106851311953</ele></trkpt>
<trkpt lat="47.30784096664902" lon="18.03877210825027"><ele>258.6060495626822</ele></trkpt>
<trkpt lat="47.30775568881373" lon="18.03888520417576"><ele>258.28202137998056</ele></trkpt>
<trkpt lat="47.30766117516826" lon="18.03901330423309"><ele>257.9177842565598</ele></trkpt>
<trkpt lat="47.307559164004694" lon="18.039153093283343"><ele>257.51862973760933</ele></trkpt>
<trkpt lat="47.307457248216465" lon="18.039293408594606"><ele>257.1086345966958</ele></trkpt>
<trkpt lat="47.30736306002703" lon="18.039423304835836"><ele>256.7074052478134</ele></trkpt>
<trkpt lat="47.307278443919564" lon="18.039540053698975"><ele>256.3081632653061</ele></trkpt>
<trkpt lat="47.307197986595504" lon="18.03965107033485"><ele>255.8737755102041</ele></trkpt>
<trkpt lat="47.30711337106839" lon="18.039767823900224"><ele>255.35941582982403</ele></trkpt>
<trkpt lat="47.30701919196164" lon="18.039897772760746"><ele>254.7444244682</ele></trkpt>
<trkpt lat="47.30691732042554" lon="18.04003833502429"><ele>254.05772270813088</ele></trkpt>
<trkpt lat="47.306815448817986" lon="18.040178896745726"><ele>253.36714555663536</ele></trkpt>
<trkpt lat="47.30672126946744" lon="18.040308844140704"><ele>252.73892992117484</ele></trkpt>
<trkpt lat="47.30663665344464" lon="18.040425595599604"><ele>252.19768221574344</ele></trkpt>
<trkpt lat="47.306556195265465" lon="18.04053660953964"><ele>251.71690962099126</ele></trkpt>
<trkpt lat="47.306471578839044" lon="18.040653360269868"><ele>251.24707806932298</ele></trkpt>
<trkpt lat="47.30637739873136" lon="18.040783305974823"><ele>250.7513459669582</ele></trkpt>
<trkpt lat="47.30627552611257" lon="18.04092386482509"><ele>250.23173955296406</ele></trkpt>
<trkpt lat="47.306173653422334" lon="18.041064423133253"><ele>249.72360220278588</ele></trkpt>
<trkpt lat="47.30607947307087" lon="18.041194367372732"><ele>249.26700680272108</ele></trkpt>
<trkpt lat="47.30599485614877" lon="18.041311115996564"><ele>248.87674927113704</ele></trkpt>
<trkpt lat="47.305914397114506" lon="18.041422127240857"><ele>248.533250728863</ele></trkpt>
<trkpt lat="47.30582977978882" lon="18.04153887513604"><ele>248.20086329770004</ele></trkpt>
<trkpt lat="47.30573559868024" lon="18.04166881768554"><ele>247.85185779073535</ele></trkpt>
<trkpt lat="47.30563372497882" lon="18.04180937312265"><ele>247.48352283770654</ele></trkpt>
<trkpt lat="47.30553185120594" lon="18.04194992801768"><ele>247.11267411726598</ele></trkpt>
<trkpt lat="47.305437669853575" lon="18.042079869101766"><ele>246.75509070294788</ele></trkpt>
<trkpt lat="47.305353052032245" lon="18.04219661489063"><ele>246.40526239067057</ele></trkpt>
<trkpt lat="47.30527259214293" lon="18.042307623439285"><ele>246.03167638483967</ele></trkpt>
<trkpt lat="47.305187973918024" lon="18.042424368499525"><ele>245.5956624554584</ele></trkpt>
<trkpt lat="47.305093791808595" lon="18.042554307893695"><ele>245.07808228053128</ele></trkpt>
<trkpt lat="47.30499191702457" lon="18.042694859917763"><ele>244.50029154518953</ele></trkpt>
<trkpt lat="47.30489004216912" lon="18.042835411399775"><ele>243.9144881762229</ele></trkpt>
<trkpt lat="47.304795859815925" lon="18.04296534932858"><ele>243.36956592160678</ele></trkpt>
<trkpt lat="47.3047112410954" lon="18.04308209228258"><ele>242.8779591836735</ele></trkpt>
<trkpt lat="47.30463078035109" lon="18.043193098135692"><ele>242.40846938775513</ele></trkpt>
<trkpt lat="47.304546161227" lon="18.04330984036109"><ele>241.91264226325455</ele></trkpt>
<trkpt lat="47.30445197811677" lon="18.04343977660004"><ele>241.35916693661596</ele></trkpt>
<trkpt lat="47.304350102250204" lon="18.043580325211185"><ele>240.7593845157111</ele></trkpt>
<trkpt lat="47.30424822631221" lon="18.0437208732803"><ele>240.158554691718</ele></trkpt>
<trkpt lat="47.30415404295824" lon="18.043850808053936"><ele>239.6015052370155</ele></trkpt>
<trkpt lat="47.304069423338554" lon="18.04396754817318"><ele>239.09841107871728</ele></trkpt>
<trkpt lat="47.30398896173929" lon="18.044078551330845"><ele>238.6163848396502</ele></trkpt>
<trkpt lat="47.30390434171605" lon="18.044195290721515"><ele>238.10552046215318</ele></trkpt>
<trkpt lat="47.30381015760507" lon="18.044325223805345"><ele>237.5332631465285</ele></trkpt>
<trkpt lat="47.30370828065602" lon="18.04446576900371"><ele>236.90958373825723</ele></trkpt>
<trkpt lat="47.303606403635534" lon="18.044606313660058"><ele>236.27668718280967</ele></trkpt>
<trkpt lat="47.30351221928081" lon="18.044736245278642"><ele>235.67297754022246</ele></trkpt>
<trkpt lat="47.303427598762006" lon="18.044852982563224"><ele>235.09816326530614</ele></trkpt>
<trkpt lat="47.30334713630782" lon="18.044963983025536"><ele>234.50581632653066</ele></trkpt>
<trkpt lat="47.30326251538548" lon="18.045080719581573"><ele>233.83484126984132</ele></trkpt>
<trkpt lat="47.30316833027379" lon="18.045210649510413"><ele>233.05310657596374</ele></trkpt>
<trkpt lat="47.3030664522423" lon="18.045351191296106"><ele>232.1919387755102</ele></trkpt>
<trkpt lat="47.30296457413939" lon="18.04549173253981"><ele>231.33407029478457</ele></trkpt>
<trkpt lat="47.30287038878396" lon="18.045621661003455"><ele>230.56359410430838</ele></trkpt>
<trkpt lat="47.302785767366075" lon="18.045738395453483"><ele>229.91551020408164</ele></trkpt>
<trkpt lat="47.302705304057" lon="18.04584939322054"><ele>229.3626530612245</ele></trkpt>
<trkpt lat="47.30262068223562" lon="18.045966126942037"><ele>228.8480498866213</ele></trkpt>
<trkpt lat="47.30252649612327" lon="18.046096053715996"><ele>228.32594104308393</ele></trkpt>
<trkpt lat="47.302424617009386" lon="18.046236592089148"><ele>227.79163265306127</ele></trkpt>
<trkpt lat="47.30232273782409" lon="18.046377129920327"><ele>227.27712018140593</ele></trkpt>
<trkpt lat="47.30222855146801" lon="18.046507055229153"><ele>226.82256235827668</ele></trkpt>
<trkpt lat="47.30214392915111" lon="18.04662378684472"><ele>226.44530612244898</ele></trkpt>
<trkpt lat="47.302063464987185" lon="18.046734781916623"><ele>226.12938775510204</ele></trkpt>
<trkpt lat="47.301978842266784" lon="18.046851512803695"><ele>225.8420678112515</ele></trkpt>
<trkpt lat="47.30188465515384" lon="18.046981436422882"><ele>225.55616996004753</ele></trkpt>
<trkpt lat="47.30178277495764" lon="18.04712197138357"><ele>225.26670877874963</ele></trkpt>
<trkpt lat="47.301680894690094" lon="18.047262505802237"><ele>224.9886642911133</ele></trkpt>
<trkpt lat="47.30158670733361" lon="18.047392427956083"><ele>224.7417244358061</ele></trkpt>
<trkpt lat="47.3015020841181" lon="18.04750915673678"><ele>224.53361516034988</ele></trkpt>
<trkpt lat="47.301421619100026" lon="18.04762014911271"><ele>224.35434402332365</ele></trkpt>
<trkpt lat="47.30133701501839" lon="18.047736845021454"><ele>224.18532609869345</ele></trkpt>
<trkpt lat="47.30124302227338" lon="18.047866444059164"><ele>224.01202084008207</ele></trkpt>
<trkpt lat="47.30114203968549" lon="18.048005497056526"><ele>223.8335390346615</ele></trkpt>
<trkpt lat="47.301042952087876" lon="18.048141431720893"><ele>223.6610797969982</ele></trkpt>
<trkpt lat="47.30095542575295" lon="18.048260390255063"><ele>223.50832577475435</ele></trkpt>
<trkpt lat="47.300883969387286" lon="18.048355452475885"><ele>223.38109329446067</ele></trkpt>
<trkpt lat="47.30082618564449" lon="18.04842912536629"><ele>223.2739067055394</ele></trkpt>
<trkpt lat="47.300775451856055" lon="18.04848968192329"><ele>223.17419607385813</ele></trkpt>
<trkpt lat="47.30072531392151" lon="18.048545518307602"><ele>223.07006824748947</ele></trkpt>
<trkpt lat="47.30067224327718" lon="18.048601483830666"><ele>222.95495463556853</ele></trkpt>
<trkpt lat="47.30061666599587" lon="18.048657407165678"><ele>222.82902507288634</ele></trkpt>
<trkpt lat="47.30055892490297" lon="18.04871211528015"><ele>222.6900597602851</ele></trkpt>
<trkpt lat="47.300497423703725" lon="18.048765941188396"><ele>222.53096000000002</ele></trkpt>
<trkpt lat="47.30042888296298" lon="18.04882156643789"><ele>222.3437777777778</ele></trkpt>
<trkpt lat="47.3003538177778" lon="18.048879156101947"><ele>222.13525333333337</ele></trkpt>
<trkpt lat="47.30027674074076" lon="18.04893530865984"><ele>221.92716000000004</ele></trkpt>
<trkpt lat="47.30020133481483" lon="18.048986030076133"><ele>221.74144888888893</ele></trkpt>
<trkpt lat="47.300125893333345" lon="18.049030920414065"><ele>221.5838814814815</ele></trkpt>
<trkpt lat="47.300045880000006" lon="18.049072738199342"><ele>221.4449851851852</ele></trkpt>
<trkpt lat="47.29996152000001" lon="18.049112973748766"><ele>221.31591111111112</ele></trkpt>
<trkpt lat="47.299879746666676" lon="18.049149760350765"><ele>221.1968962962963</ele></trkpt>
<trkpt lat="47.29980856000003" lon="18.049179809133502"><ele>221.09232592592593</ele></trkpt>
<trkpt lat="47.299750238518534" lon="18.049201800887605"><ele>221.00139555555555</ele></trkpt>
<trkpt lat="47.299700725925824" lon="18.04921727934581"><ele>220.91697333333335</ele></trkpt>
<trkpt lat="47.299654662221634" lon="18.049228775617635"><ele>220.83221333333336</ele></trkpt>
<trkpt lat="47.29960802370159" lon="18.049238188211465"><ele>220.7427111111111</ele></trkpt>
<trkpt lat="47.29955654962386" lon="18.04924655638609"><ele>220.64210666666668</ele></trkpt>
<trkpt lat="47.29949440443179" lon="18.049254700886276"><ele>220.51981925925926</ele></trkpt>
<trkpt lat="47.29941727108803" lon="18.04926332837271"><ele>220.36807407407406</ele></trkpt>
<trkpt lat="47.29932771996446" lon="18.049272542527834"><ele>220.19356444444446</ele></trkpt>
<trkpt lat="47.29923428884192" lon="18.049281828513802"><ele>220.01661185185185</ele></trkpt>
<trkpt lat="47.299143915501716" lon="18.04929070113596"><ele>219.85653037037036</ele></trkpt>
<trkpt lat="47.2990566276004" lon="18.049299245858382"><ele>219.71872640603567</ele></trkpt>
<trkpt lat="47.298967824644016" lon="18.049307958238295"><ele>219.595657133059</ele></trkpt>
<trkpt lat="47.29887683551907" lon="18.049316975038003"><ele>219.48040514403294</ele></trkpt>
<trkpt lat="47.298787615284006" lon="18.04932606284527"><ele>219.37128120713305</ele></trkpt>
<trkpt lat="47.29870416344221" lon="18.04933508455598"><ele>219.26831899862825</ele></trkpt>
<trkpt lat="47.298623333325814" lon="18.049344687692354"><ele>219.16458333333333</ele></trkpt>
<trkpt lat="47.298536920435616" lon="18.049355980586345"><ele>219.04844478737994</ele></trkpt>
<trkpt lat="47.29843847050632" lon="18.049369707909033"><ele>218.91188957475993</ele></trkpt>
<trkpt lat="47.298330390946155" lon="18.049385464532847"><ele>218.7593158436214</ele></trkpt>
<trkpt lat="47.29822297668033" lon="18.04940201115808"><ele>218.6055778463649</ele></trkpt>
<trkpt lat="47.29812679698217" lon="18.049418434307622"><ele>218.4650497256516</ele></trkpt>
<trkpt lat="47.298045000000016" lon="18.049435208551863"><ele>218.34083333333334</ele></trkpt>
<trkpt lat="47.29797200104253" lon="18.049454116315488"><ele>218.22347794238684</ele></trkpt>
<trkpt lat="47.29789995467765" lon="18.049476733048387"><ele>218.10140427983538</ele></trkpt>
<trkpt lat="47.29782513349796" lon="18.04950315409161"><ele>217.97098345679012</ele></trkpt>
<trkpt lat="47.29775017887519" lon="18.049531940166997"><ele>217.83979958847738</ele></trkpt>
<trkpt lat="47.29767824301785" lon="18.04956241883524"><ele>217.71613473251028</ele></trkpt>
<trkpt lat="47.29760837851853" lon="18.049596034340556"><ele>217.60057173611114</ele></trkpt>
<trkpt lat="47.29753606481483" lon="18.049635058003226"><ele>217.48653020833336</ele></trkpt>
<trkpt lat="47.29745981722224" lon="18.0496793149696"><ele>217.37228062500003</ele></trkpt>
<trkpt lat="47.29738447203706" lon="18.04972508089977"><ele>217.26812555555557</ele></trkpt>
<trkpt lat="47.297316344259286" lon="18.04976841739356"><ele>217.18837416666668</ele></trkpt>
<trkpt lat="47.29725814814818" lon="18.04980783584442"><ele>217.1392708333333</ele></trkpt>
<trkpt lat="47.29720763888891" lon="18.049844670299375"><ele>217.111484375</ele></trkpt>
<trkpt lat="47.297161620370396" lon="18.049880943439835"><ele>217.08622395833333</ele></trkpt>
<trkpt lat="47.29711736574077" lon="18.04991867502637"><ele>217.04494002314817</ele></trkpt>
<trkpt lat="47.29707288055557" lon="18.049959613713025"><ele>216.97826074074075</ele></trkpt>
<trkpt lat="47.29702737500002" lon="18.05000421384598"><ele>216.88984694444446</ele></trkpt>
<trkpt lat="47.29698063333336" lon="18.05005275354372"><ele>216.78895046296296</ele></trkpt>
<trkpt lat="47.29693086111113" lon="18.050107967204447"><ele>216.67985287037038</ele></trkpt>
<trkpt lat="47.29687371853044" lon="18.050175486533302"><ele>216.55695489711937</ele></trkpt>
<trkpt lat="47.29680577297037" lon="18.050259275205498"><ele>216.4131769547325</ele></trkpt>
<trkpt lat="47.296729752529885" lon="18.050355479944255"><ele>216.25189950617286</ele></trkpt>
<trkpt lat="47.296653028304924" lon="18.05045514075655"><ele>216.0841372016461</ele></trkpt>
<trkpt lat="47.29658207063269" lon="18.05055149738685"><ele>215.91696477366256</ele></trkpt>
<trkpt lat="47.29651618111899" lon="18.05064778026856"><ele>215.7408333333333</ele></trkpt>
<trkpt lat="47.29644937036953" lon="18.050753771719677"><ele>215.5363485939643</ele></trkpt>
<trkpt lat="47.29637599862311" lon="18.050877088857458"><ele>215.2907913237311</ele></trkpt>
<trkpt lat="47.296296490187395" lon="18.051014644883367"><ele>215.01446244855967</ele></trkpt>
<trkpt lat="47.29621667682505" lon="18.051154418328355"><ele>214.73721879286694</ele></trkpt>
<trkpt lat="47.29614226455581" lon="18.051285302423068"><ele>214.48853995198903</ele></trkpt>
<trkpt lat="47.296073338181394" lon="18.051406679912457"><ele>214.27770833333332</ele></trkpt>
<trkpt lat="47.29600440845479" lon="18.051528079949716"><ele>214.09207047325106</ele></trkpt>
<trkpt lat="47.29592996416731" lon="18.051659191634627"><ele>213.9137705761317</ele></trkpt>
<trkpt lat="47.295850005368635" lon="18.05180001488533"><ele>213.73718364197532</ele></trkpt>
<trkpt lat="47.29577004647978" lon="18.051940837711143"><ele>213.57282150205762</ele></trkpt>
<trkpt lat="47.2956956018846" lon="18.052071948237423"><ele>213.4362371399177</ele></trkpt>
<trkpt lat="47.295626671532354" lon="18.052193346547945"><ele>213.33541666666667</ele></trkpt>
<trkpt lat="47.29555774325477" lon="18.052314745692712"><ele>213.266469478738</ele></trkpt>
<trkpt lat="47.29548332093125" lon="18.052445866634656"><ele>213.21957475994515</ele></trkpt>
<trkpt lat="47.29540346636595" lon="18.05258674021465"><ele>213.18635288065846</ele></trkpt>
<trkpt lat="47.2953238335654" lon="18.052727724469744"><ele>213.16394204389576</ele></trkpt>
<trkpt lat="47.29525016798554" lon="18.05285922336842"><ele>213.1539386145405</ele></trkpt>
<trkpt lat="47.295182778343886" lon="18.052981391618886"><ele>213.16000000000005</ele></trkpt>
<trkpt lat="47.295116439438175" lon="18.05310405068749"><ele>213.18476423182446</ele></trkpt>
<trkpt lat="47.2950458311403" lon="18.053236728235817"><ele>213.22771519204395</ele></trkpt>
<trkpt lat="47.294971107708335" lon="18.05337855198599"><ele>213.28415380658438</ele></trkpt>
<trkpt lat="47.294898269323845" lon="18.05351790847428"><ele>213.34766117969824</ele></trkpt>
<trkpt lat="47.29483409350756" lon="18.053642167103362"><ele>213.41473336762692</ele></trkpt>
<trkpt lat="47.29478083333335" lon="18.053747709195378"><ele>213.48854166666666</ele></trkpt>
<trkpt lat="47.29473532578876" lon="18.05384128325526"><ele>213.57674982853226</ele></trkpt>
<trkpt lat="47.29469281207134" lon="18.05393245002977"><ele>213.68447187928672</ele></trkpt>
<trkpt lat="47.294650977366274" lon="18.054025977960404"><ele>213.8079809670782</ele></trkpt>
<trkpt lat="47.29461080589851" lon="18.05412116912534"><ele>213.93656292866942</ele></trkpt>
<trkpt lat="47.29457396776408" lon="18.054218011543885"><ele>214.0615955075446</ele></trkpt>
<trkpt lat="47.29454000000002" lon="18.05432312564594"><ele>214.185</ele></trkpt>
<trkpt lat="47.29450606095698" lon="18.054447947917975"><ele>214.31779921124829</ele></trkpt>
<trkpt lat="47.294469510032684" lon="18.054599417586118"><ele>214.46974194101512</ele></trkpt>
<trkpt lat="47.294430659731574" lon="18.05477085628268"><ele>214.63974022633747</ele></trkpt>
<trkpt lat="47.294392932131515" lon="18.054943750142275"><ele>214.81780521262004</ele></trkpt>
<trkpt lat="47.29436021227988" lon="18.055100185567678"><ele>214.99727451989025</ele></trkpt>
<trkpt lat="47.294334062698766" lon="18.055235104826178"><ele>215.18604166666665</ele></trkpt>
<trkpt lat="47.2943130343732" lon="18.05535794906365"><ele>215.40532933470507</ele></trkpt>
<trkpt lat="47.294294531774966" lon="18.055481623091854"><ele>215.67199582990395</ele></trkpt>
<trkpt lat="47.29427675311287" lon="18.055611876009234"><ele>215.9831609670782</ele></trkpt>
<trkpt lat="47.294259524380074" lon="18.055743823752817"><ele>216.31473453360766</ele></trkpt>
<trkpt lat="47.29424302491693" lon="18.05587229093441"><ele>216.64854044581617</ele></trkpt>
<trkpt lat="47.29422688438302" lon="18.05599848263101"><ele>216.98726666666664</ele></trkpt>
<trkpt lat="47.294210162720645" lon="18.056129079576994"><ele>217.34797333333333</ele></trkpt>
<trkpt lat="47.29419279649341" lon="18.056263911987582"><ele>217.7274</ele></trkpt>
<trkpt lat="47.29417593320173" lon="18.05639263692952"><ele>218.09389333333334</ele></trkpt>
<trkpt lat="47.29416092774209" lon="18.056502392987504"><ele>218.41046666666668</ele></trkpt>
<trkpt lat="47.29414791100942" lon="18.056589354226944"><ele>218.66723835648148</ele></trkpt>
<trkpt lat="47.2941356939223" lon="18.056660220849288"><ele>218.88482858796297</ele></trkpt>
<trkpt lat="47.29412261050225" lon="18.05672497837011"><ele>219.09403631944443</ele></trkpt>
<trkpt lat="47.29410684963277" lon="18.056791541055063"><ele>219.32248129629627</ele></trkpt>
<trkpt lat="47.29408639615772" lon="18.05686585778387"><ele>219.59483256944443</ele></trkpt>
<trkpt lat="47.294059716435214" lon="18.056951690087566"><ele>219.92817418981483</ele></trkpt>
<trkpt lat="47.29402686631947" lon="18.057048134020977"><ele>220.32039930555558</ele></trkpt>
<trkpt lat="47.2939886834491" lon="18.057149910692576"><ele>220.75584780092598</ele></trkpt>
<trkpt lat="47.29394594695668" lon="18.057251318450025"><ele>221.2185049620047</ele></trkpt>
<trkpt lat="47.293898878765816" lon="18.057350228828515"><ele>221.70379379926578</ele></trkpt>
<trkpt lat="47.29384998861153" lon="18.057444118851432"><ele>222.19485759333497</ele></trkpt>
<trkpt lat="47.29380226418247" lon="18.05753083974896"><ele>222.67705928254242</ele></trkpt>
<trkpt lat="47.293757414510466" lon="18.057609500486187"><ele>223.15122778823832</ele></trkpt>
<trkpt lat="47.29371208454813" lon="18.05768650239573"><ele>223.66798833819243</ele></trkpt>
<trkpt lat="47.29366005830905" lon="18.05777237746295"><ele>224.30609329446065</ele></trkpt>
<trkpt lat="47.29359501484733" lon="18.057877734904515"><ele>225.14075153871073</ele></trkpt>
<trkpt lat="47.29351495761901" lon="18.05800611303072"><ele>226.1918334953029</ele></trkpt>
<trkpt lat="47.293424369133895" lon="18.058150587408647"><ele>227.39514091350827</ele></trkpt>
<trkpt lat="47.29333270706959" lon="18.05829605644668"><ele>228.6242144476838</ele></trkpt>
<trkpt lat="47.29324898639061" lon="18.05842782912726"><ele>229.7632199546485</ele></trkpt>
<trkpt lat="47.29317649428145" lon="18.05854008942064"><ele>230.7766472303207</ele></trkpt>
<trkpt lat="47.293111618295484" lon="18.05863787373422"><ele>231.72314868804665</ele></trkpt>
<trkpt lat="47.293047237119" lon="18.058731867133815"><ele>232.70701834055197</ele></trkpt>
<trkpt lat="47.292977722690495" lon="18.058830891780083"><ele>233.80289407591374</ele></trkpt>
<trkpt lat="47.292902426569896" lon="18.058936710759916"><ele>235.00031644050918</ele></trkpt>
<trkpt lat="47.29282594818953" lon="18.05904355890491"><ele>236.19614300511503</ele></trkpt>
<trkpt lat="47.29275324727573" lon="18.059144914391332"><ele>237.2727794174695</ele></trkpt>
<trkpt lat="47.292685001355565" lon="18.05924000517344"><ele>238.17499999999998</ele></trkpt>
<trkpt lat="47.29261631687599" lon="18.059335694782995"><ele>238.94502914951988</ele></trkpt>
<trkpt lat="47.29254203428691" lon="18.059439134900963"><ele>239.65970336076816</ele></trkpt>
<trkpt lat="47.29246184113763" lon="18.059550614876997"><ele>240.36814300411524</ele></trkpt>
<trkpt lat="47.29238052530943" lon="18.059663134267687"><ele>241.07342249657063</ele></trkpt>
<trkpt lat="47.29230241172325" lon="18.059770121474145"><ele>241.77731310013715</ele></trkpt>
<trkpt lat="47.29222593793537" lon="18.059873023607228"><ele>242.52541666666667</ele></trkpt>
<trkpt lat="47.29214423282725" lon="18.059980770419767"><ele>243.39767061042522</ele></trkpt>
<trkpt lat="47.2920515132046" lon="18.0601012839719"><ele>244.44365140603566</ele></trkpt>
<trkpt lat="47.29194934150764" lon="18.060233117072585"><ele>245.61740997942388</ele></trkpt>
<trkpt lat="47.2918460471192" lon="18.060365989391236"><ele>246.78676097393694</ele></trkpt>
<trkpt lat="47.29174949645661" lon="18.060490049509188"><ele>247.8177014746228</ele></trkpt>
<trkpt lat="47.29166000195308" lon="18.060605008118014"><ele>248.659375</ele></trkpt>
<trkpt lat="47.29157052397703" lon="18.060719931195063"><ele>249.3558196159122</ele></trkpt>
<trkpt lat="47.29147413996737" lon="18.060843638554633"><ele>249.9819247256516</ele></trkpt>
<trkpt lat="47.2913716138758" lon="18.0609748917002"><ele>250.57606995884774</ele></trkpt>
<trkpt lat="47.291271832105274" lon="18.061101695292685"><ele>251.1209833676269</ele></trkpt>
<trkpt lat="47.291184812737534" lon="18.061210219514347"><ele>251.57909122085047</ele></trkpt>
<trkpt lat="47.29111437525701" lon="18.061294272596466"><ele>251.93395833333335</ele></trkpt>
<trkpt lat="47.291055975015865" lon="18.061358203221655"><ele>252.2072415123457</ele></trkpt>
<trkpt lat="47.29100216685902" lon="18.061410723169626"><ele>252.43677854938275</ele></trkpt>
<trkpt lat="47.29094795365148" lon="18.061458432386924"><ele>252.6522569444445</ele></trkpt>
<trkpt lat="47.29089405435763" lon="18.06150164591183"><ele>252.8593441358025</ele></trkpt>
<trkpt lat="47.29084231910174" lon="18.06153826020136"><ele>253.05685099451307</ele></trkpt>
<trkpt lat="47.290793562242825" lon="18.061566691641183"><ele>253.24774519890263</ele></trkpt>
<trkpt lat="47.290745589313296" lon="18.061588466189715"><ele>253.45287937242804</ele></trkpt>
<trkpt lat="47.2906977465921" lon="18.06160521696185"><ele>253.691945516118</ele></trkpt>
<trkpt lat="47.29065032825363" lon="18.061618077884724"><ele>253.9755313357339</ele></trkpt>
<trkpt lat="47.29060530478398" lon="18.061627106827274"><ele>254.28498521090538</ele></trkpt>
<trkpt lat="47.290562093621425" lon="18.06163273749574"><ele>254.5941760973937</ele></trkpt>
<trkpt lat="47.290519037208526" lon="18.061635444104695"><ele>254.8801045953361</ele></trkpt>
<trkpt lat="47.290473303326486" lon="18.06163582818285"><ele>255.14339420438958</ele></trkpt>
<trkpt lat="47.290424723508245" lon="18.061634422242342"><ele>255.38829153806586</ele></trkpt>
<trkpt lat="47.29037335348082" lon="18.061631540918693"><ele>255.62141696673524</ele></trkpt>
<trkpt lat="47.29031724579905" lon="18.061626927318745"><ele>255.8510856052812</ele></trkpt>
<trkpt lat="47.290248541666685" lon="18.06161958316719"><ele>256.1045833333333</ele></trkpt>
<trkpt lat="47.29015764103225" lon="18.06160838878479"><ele>256.4162054183813</ele></trkpt>
<trkpt lat="47.29003995413242" lon="18.061593004591415"><ele>256.80645404663926</ele></trkpt>
<trkpt lat="47.28990248328208" lon="18.06157465748524"><ele>257.2609310699589</ele></trkpt>
<trkpt lat="47.28976072959591" lon="18.061555728311042"><ele>257.7425188614541</ele></trkpt>
<trkpt lat="47.2896284280708" lon="18.06153835780279"><ele>258.22527949245546</ele></trkpt>
<trkpt lat="47.2895078125034" lon="18.061523124596246"><ele>258.725</ele></trkpt>
<trkpt lat="47.28939005273286" lon="18.061509045283252"><ele>259.2900591563787</ele></trkpt>
<trkpt lat="47.28926536009324" lon="18.06149483472522"><ele>259.95694701646096</ele></trkpt>
<trkpt lat="47.28913286652844" lon="18.061480145754334"><ele>260.70892746913586</ele></trkpt>
<trkpt lat="47.28900099667736" lon="18.06146570630678"><ele>261.484609053498</ele></trkpt>
<trkpt lat="47.288878432380436" lon="18.06145234716854"><ele>262.23237397119345</ele></trkpt>
<trkpt lat="47.28876500002573" lon="18.06143999889125"><ele>262.9618750000001</ele></trkpt>
<trkpt lat="47.288651605391415" lon="18.061427654953388"><ele>263.736846707819</ele></trkpt>
<trkpt lat="47.2885294183166" lon="18.061414338853414"><ele>264.61251286008235</ele></trkpt>
<trkpt lat="47.28839928370951" lon="18.061400096895447"><ele>265.57498456790125</ele></trkpt>
<trkpt lat="47.28827218451025" lon="18.061386021311087"><ele>266.54593878600826</ele></trkpt>
<trkpt lat="47.28816035537347" lon="18.061373272888943"><ele>267.45055041152267</ele></trkpt>
<trkpt lat="47.28806802083673" lon="18.061362083061127"><ele>268.28437500000007</ele></trkpt>
<trkpt lat="47.287988753109374" lon="18.061351487516323"><ele>269.1276993312757</ele></trkpt>
<trkpt lat="47.287913062736344" lon="18.06134029971255"><ele>270.0626787551441</ele></trkpt>
<trkpt lat="47.2878358947404" lon="18.061327993061262"><ele>271.09615354938273</ele></trkpt>
<trkpt lat="47.287761443329956" lon="18.061315224521852"><ele>272.10847736625516</ele></trkpt>
<trkpt lat="47.287695970936234" lon="18.06130266282048"><ele>272.96108110425246</ele></trkpt>
<trkpt lat="47.28764251628946" lon="18.061290255432205"><ele>273.5823191015089</ele></trkpt>
<trkpt lat="47.28759598797585" lon="18.061276314888683"><ele>274.0403073559671</ele></trkpt>
<trkpt lat="47.28755006790558" lon="18.061259102807913"><ele>274.4458347359397</ele></trkpt>
<trkpt lat="47.28750020632327" lon="18.06123747830582"><ele>274.88804156035667</ele></trkpt>
<trkpt lat="47.28744791029007" lon="18.061212455314312"><ele>275.36804625514407</ele></trkpt>
<trkpt lat="47.28739480933484" lon="18.06118473498911"><ele>275.86014293552813</ele></trkpt>
<trkpt lat="47.28733992567046" lon="18.06115313601526"><ele>276.3528262825789</ele></trkpt>
<trkpt lat="47.28727696300425" lon="18.061113545743662"><ele>276.88829481481486</ele></trkpt>
<trkpt lat="47.28720079266774" lon="18.061062980726096"><ele>277.5087718518519</ele></trkpt>
<trkpt lat="47.287112889004575" lon="18.061003224594156"><ele>278.2066711111111</ele></trkpt>
<trkpt lat="47.28702139274545" lon="18.060940450836313"><ele>278.91592296296295</ele></trkpt>
<trkpt lat="47.28693296313812" lon="18.060879588404973"><ele>279.5751392592593</ele></trkpt>
<trkpt lat="47.28684703276775" lon="18.06082041062722"><ele>280.17798074074074</ele></trkpt>
<trkpt lat="47.286758558671366" lon="18.06075959305877"><ele>280.76279703703705</ele></trkpt>
<trkpt lat="47.28666685789347" lon="18.060697024595143"><ele>281.35516888888884</ele></trkpt>
<trkpt lat="47.28657831859367" lon="18.06063790517346"><ele>281.9478281481481</ele></trkpt>
<trkpt lat="47.286500632633896" lon="18.060588856861386"><ele>282.53362518518514</ele></trkpt>
<trkpt lat="47.28643520955592" lon="18.060552416572506"><ele>283.1449158101852</ele></trkpt>
<trkpt lat="47.28637693935885" lon="18.06052599963761"><ele>283.83071168981473</ele></trkpt>
<trkpt lat="47.28631968527979" lon="18.060505180619696"><ele>284.6029178472222</ele></trkpt>
<trkpt lat="47.286259775741144" lon="18.060486613588772"><ele>285.41678537037035</ele></trkpt>
<trkpt lat="47.286194642291726" lon="18.060468421454047"><ele>286.22476025462964</ele></trkpt>
<trkpt lat="47.28612244502316" lon="18.060449687362656"><ele>287.00749131944445</ele></trkpt>
<trkpt lat="47.286044175347236" lon="18.060430494647083"><ele>287.76135416666665</ele></trkpt>
<trkpt lat="47.285964502314826" lon="18.06041214396639"><ele>288.4579600694445</ele></trkpt>
<trkpt lat="47.285887471064825" lon="18.060396015519895"><ele>289.06571180555557</ele></trkpt>
<trkpt lat="47.28581344328705" lon="18.06038263880639"><ele>289.58202256944446</ele></trkpt>
<trkpt lat="47.2857411545139" lon="18.060371979103934"><ele>290.03911458333334</ele></trkpt>
<trkpt lat="47.28567083043984" lon="18.060364687463707"><ele>290.47768229166667</ele></trkpt>
<trkpt lat="47.28560298900465" lon="18.060362016781355"><ele>290.93508391203704</ele></trkpt>
<trkpt lat="47.285536354166695" lon="18.060364719362866"><ele>291.43900462962966</ele></trkpt>
<trkpt lat="47.2854690104167" lon="18.06037214415879"><ele>291.99264756944444</ele></trkpt>
<trkpt lat="47.285399982638914" lon="18.060383217677863"><ele>292.576322337963</ele></trkpt>
<trkpt lat="47.28532803530096" lon="18.060397491434397"><ele>293.17467303240744</ele></trkpt>
<trkpt lat="47.285251183449105" lon="18.060414950957103"><ele>293.7896643518519</ele></trkpt>
<trkpt lat="47.28516983506947" lon="18.060434340435968"><ele>294.41059027777777</ele></trkpt>
<trkpt lat="47.28508820601854" lon="18.06045260719334"><ele>294.98997685185185</ele></trkpt>
<trkpt lat="47.285010477430575" lon="18.060466490246462"><ele>295.4732986111111</ele></trkpt>
<trkpt lat="47.28493711516205" lon="18.060474409759234"><ele>295.8431134259259</ele></trkpt>
<trkpt lat="47.284866649305584" lon="18.06047653645806"><ele>296.1259722222222</ele></trkpt>
<trkpt lat="47.28479899016206" lon="18.060472769060084"><ele>296.35943287037037</ele></trkpt>
<trkpt lat="47.284735239805016" lon="18.060462328985718"><ele>296.57003729423866</ele></trkpt>
<trkpt lat="47.28467529121146" lon="18.060444609772983"><ele>296.7723353909465</ele></trkpt>
<trkpt lat="47.28461892930145" lon="18.060421081315553"><ele>296.9720331790124</ele></trkpt>
<trkpt lat="47.28456595000382" lon="18.060393486841583"><ele>297.1744843106996</ele></trkpt>
<trkpt lat="47.28451542316018" lon="18.060361694627062"><ele>297.3924061213992</ele></trkpt>
<trkpt lat="47.28446222244495" lon="18.06032145683597"><ele>297.6585416666667</ele></trkpt>
<trkpt lat="47.28439944258716" lon="18.06026721868332"><ele>298.0108676268861</ele></trkpt>
<trkpt lat="47.284322794502415" lon="18.060196367506794"><ele>298.468100994513</ele></trkpt>
<trkpt lat="47.28423536458091" lon="18.060113185974984"><ele>299.00602880658437</ele></trkpt>
<trkpt lat="47.28414571701008" lon="18.060026927641516"><ele>299.57123371056247</ele></trkpt>
<trkpt lat="47.28406150148274" lon="18.05994557705313"><ele>300.1215466392319</ele></trkpt>
<trkpt lat="47.283983335253744" lon="18.05986999066281"><ele>300.66312500000004</ele></trkpt>
<trkpt lat="47.28390514608144" lon="18.05979437277385"><ele>301.2431627229081</ele></trkpt>
<trkpt lat="47.28382070170436" lon="18.05971270570481"><ele>301.9015414951989</ele></trkpt>
<trkpt lat="47.28373000214148" lon="18.05962498951313"><ele>302.62407150205763</ele></trkpt>
<trkpt lat="47.28363930254265" lon="18.059537273620855"><ele>303.34502143347055</ele></trkpt>
<trkpt lat="47.28355485804283" lon="18.059455607368186"><ele>303.99800840192046</ele></trkpt>
<trkpt lat="47.28347666862097" lon="18.059379990695714"><ele>304.56708333333336</ele></trkpt>
<trkpt lat="47.28339851226288" lon="18.05930440853428"><ele>305.09031807270236</ele></trkpt>
<trkpt lat="47.2833143990255" lon="18.0592230859376"><ele>305.61450188614543</ele></trkpt>
<trkpt lat="47.283225224001505" lon="18.059136948863685"><ele>306.14794495884775</ele></trkpt>
<trkpt lat="47.28313926456922" lon="18.059054138455778"><ele>306.6523645404664</ele></trkpt>
<trkpt lat="47.283066124124225" lon="18.05898416745211"><ele>307.0775094307271</ele></trkpt>
<trkpt lat="47.283010278005634" lon="18.058931665221124"><ele>307.3993750000001</ele></trkpt>
<trkpt lat="47.282969221729275" lon="18.058894528665373"><ele>307.63282382030184</ele></trkpt>
<trkpt lat="47.28293698238778" lon="18.058867244830754"><ele>307.81365986282583</ele></trkpt>
<trkpt lat="47.28290770686943" lon="18.058844450887303"><ele>307.98042072016466</ele></trkpt>
<trkpt lat="47.28287710210543" lon="18.058822652425324"><ele>308.168209430727</ele></trkpt>
<trkpt lat="47.28284050557864" lon="18.05879889956831"><ele>308.4198472770919</ele></trkpt>
<trkpt lat="47.28279286370373" lon="18.05877033012139"><ele>308.78054222222227</ele></trkpt>
<trkpt lat="47.28273114518521" lon="18.058735100393072"><ele>309.27514666666667</ele></trkpt>
<trkpt lat="47.28265856444446" lon="18.058694830715133"><ele>309.87837333333334</ele></trkpt>
<trkpt lat="47.28258354074076" lon="18.05865427370879"><ele>310.52988444444446</ele></trkpt>
<trkpt lat="47.28251348592594" lon="18.058618063414134"><ele>311.1892533333334</ele></trkpt>
<trkpt lat="47.28244900331019" lon="18.058587321718093"><ele>311.87754546296304</ele></trkpt>
<trkpt lat="47.282385624189835" lon="18.058560028970028"><ele>312.6407245370371</ele></trkpt>
<trkpt lat="47.28232028034724" lon="18.058534192320153"><ele>313.4751580555556</ele></trkpt>
<trkpt lat="47.282254960370395" lon="18.058510037070086"><ele>314.292345925926</ele></trkpt>
<trkpt lat="47.282192447270255" lon="18.058488713683705"><ele>314.99300943758584</ele></trkpt>
<trkpt lat="47.28213311299728" lon="18.058470863254126"><ele>315.5371467764061</ele></trkpt>
<trkpt lat="47.282073920074616" lon="18.058456248650046"><ele>315.9776298868313</ele></trkpt>
<trkpt lat="47.28201352291239" lon="18.058445441059217"><ele>316.39132930384096</ele></trkpt>
<trkpt lat="47.28195184102797" lon="18.058439456003498"><ele>316.83800711591226</ele></trkpt>
<trkpt lat="47.281890000000026" lon="18.05843930042397"><ele>317.33119341563787</ele></trkpt>
<trkpt lat="47.28182817054615" lon="18.058444921591917"><ele>317.8586502271948</ele></trkpt>
<trkpt lat="47.281766604402456" lon="18.058455793528776"><ele>318.3988510588135</ele></trkpt>
<trkpt lat="47.28170673964766" lon="18.05847077039974"><ele>318.92750482253086</ele></trkpt>
<trkpt lat="47.28164920181759" lon="18.05848933309185"><ele>319.43920267489716</ele></trkpt>
<trkpt lat="47.281593774862856" lon="18.058511452463495"><ele>319.9398293895748</ele></trkpt>
<trkpt lat="47.28153814729083" lon="18.058537692215108"><ele>320.45229252400554</ele></trkpt>
<trkpt lat="47.281482119663096" lon="18.058567105409438"><ele>320.977226401749</ele></trkpt>
<trkpt lat="47.281425902884976" lon="18.058598483214027"><ele>321.51149487740054</ele></trkpt>
<trkpt lat="47.28136847082909" lon="18.058631898122417"><ele>322.06617616169416</ele></trkpt>
<trkpt lat="47.28130312500003" lon="18.05867125064892"><ele>322.70854166666675</ele></trkpt>
<trkpt lat="47.28122114969138" lon="18.058721785123677"><ele>323.52515260631003</ele></trkpt>
<trkpt lat="47.281118101851874" lon="18.058786031003123"><ele>324.559618484225</ele></trkpt>
<trkpt lat="47.28100043981484" lon="18.058859659399474"><ele>325.748420781893</ele></trkpt>
<trkpt lat="47.28088352623459" lon="18.05893270537001"><ele>326.94304441015095</ele></trkpt>
<trkpt lat="47.28078303240742" lon="18.05899496410062"><ele>327.99737482853226</ele></trkpt>
<trkpt lat="47.28070625000001" lon="18.05904145892199"><ele>328.854375</ele></trkpt>
<trkpt lat="47.28064980849195" lon="18.05907385030114"><ele>329.56632651748964</ele></trkpt>
<trkpt lat="47.28060510020149" lon="18.05909701823063"><ele>330.22327224794236</ele></trkpt>
<trkpt lat="47.28056334329991" lon="18.059115537325745"><ele>330.8851948302469</ele></trkpt>
<trkpt lat="47.2805181335734" lon="18.059131525279927"><ele>331.541484053498</ele></trkpt>
<trkpt lat="47.280464088970355" lon="18.059145677798025"><ele>332.162935313786</ele></trkpt>
<trkpt lat="47.28039845775464" lon="18.059158067204745"><ele>332.7353877314815</ele></trkpt>
<trkpt lat="47.28032335069446" lon="18.05916884555894"><ele>333.2864930555556</ele></trkpt>
<trkpt lat="47.28024543692131" lon="18.05917765920231"><ele>333.8656655092593</ele></trkpt>
<trkpt lat="47.28017120359656" lon="18.05918400413096"><ele>334.52429676783265</ele></trkpt>
<trkpt lat="47.28010265603571" lon="18.05918777479766"><ele>335.2923551097394</ele></trkpt>
<trkpt lat="47.28003901588237" lon="18.059189804548357"><ele>336.14020511831274</ele></trkpt>
<trkpt lat="47.27997792127541" lon="18.05919150168314"><ele>337.01806305727024</ele></trkpt>
<trkpt lat="47.279915441638124" lon="18.059194394856167"><ele>337.90651513203017</ele></trkpt>
<trkpt lat="47.2798427083366" lon="18.059199896127367"><ele>338.8877083333333</ele></trkpt>
<trkpt lat="47.27974948988968" lon="18.059209067319024"><ele>340.08648919753085</ele></trkpt>
<trkpt lat="47.27963056928349" lon="18.059222123594697"><ele>341.5758950617284</ele></trkpt>
<trkpt lat="47.27949231225826" lon="18.059237965352395"><ele>343.28127314814816</ele></trkpt>
<trkpt lat="47.279349481330165" lon="18.05925459707487"><ele>345.0143441358025</ele></trkpt>
<trkpt lat="47.279214952869864" lon="18.05927034907478"><ele>346.59824845679015</ele></trkpt>
<trkpt lat="47.2790900000247" lon="18.059285001458257"><ele>347.9891666666666</ele></trkpt>
<trkpt lat="47.278965046319804" lon="18.059299650343565"><ele>349.2794975994513</ele></trkpt>
<trkpt lat="47.278830509279416" lon="18.059315367821878"><ele>350.5837637174211</ele></trkpt>
<trkpt lat="47.27868763890435" lon="18.059331841378725"><ele>351.9228446502058</ele></trkpt>
<trkpt lat="47.27854925926976" lon="18.0593471921749"><ele>353.2072050754458</ele></trkpt>
<trkpt lat="47.27843004630257" lon="18.05935907844986"><ele>354.3247445130316</ele></trkpt>
<trkpt lat="47.278336250003264" lon="18.059365937768543"><ele>355.23541666666677</ele></trkpt>
<trkpt lat="47.27826255787183" lon="18.059367418222372"><ele>356.0018094135803</ele></trkpt>
<trkpt lat="47.27819896990796" lon="18.059364026062937"><ele>356.7198418209877</ele></trkpt>
<trkpt lat="47.27813767361128" lon="18.05935639784066"><ele>357.44982638888894</ele></trkpt>
<trkpt lat="47.278077199074126" lon="18.059344608546795"><ele>358.1733410493827</ele></trkpt>
<trkpt lat="47.27801822048613" lon="18.059327873268295"><ele>358.85140817901237</ele></trkpt>
<trkpt lat="47.27796155960651" lon="18.059305578575938"><ele>359.45943287037045</ele></trkpt>
<trkpt lat="47.27790714409725" lon="18.059278680415247"><ele>360.0099305555556</ele></trkpt>
<trkpt lat="47.27785637731484" lon="18.059249536903017"><ele>360.51776620370373</ele></trkpt>
<trkpt lat="47.27781072416679" lon="18.059220150250884"><ele>360.99728916666675</ele></trkpt>
<trkpt lat="47.277770024630804" lon="18.059190716918618"><ele>361.46154796296304</ele></trkpt>
<trkpt lat="47.277732320908804" lon="18.059160390400194"><ele>361.91580194444447</ele></trkpt>
<trkpt lat="47.277694677914624" lon="18.059127395093448"><ele>362.355850462963</ele></trkpt>
<trkpt lat="47.27765281299688" lon="18.059088039624555"><ele>362.7840873148148</ele></trkpt>
<trkpt lat="47.27760093938412" lon="18.059036699677307"><ele>363.23028592592595</ele></trkpt>
<trkpt lat="47.277535140967984" lon="18.058969708633267"><ele>363.7314162962963</ele></trkpt>
<trkpt lat="47.27745780479433" lon="18.058890006480393"><ele>364.29643111111113</ele></trkpt>
<trkpt lat="47.27737673231413" lon="18.058806065250057"><ele>364.9064251851852</ele></trkpt>
<trkpt lat="47.27729818423349" lon="18.058724608714957"><ele>365.56104148148154</ele></trkpt>
<trkpt lat="47.277221797566824" lon="18.058645386492586"><ele>366.3021111111111</ele></trkpt>
<trkpt lat="47.27714305675859" lon="18.05856394524859"><ele>367.1743866666667</ele></trkpt>
<trkpt lat="47.27706109812767" lon="18.058480073141006"><ele>368.1512666666667</ele></trkpt>
<trkpt lat="47.27698100763467" lon="18.058400584172873"><ele>369.1303022222222</ele></trkpt>
<trkpt lat="47.27690864160636" lon="18.05833409964618"><ele>370.0099333333334</ele></trkpt>
<trkpt lat="47.276844182649675" lon="18.058283763279828"><ele>370.76983520833335</ele></trkpt>
<trkpt lat="47.27678311853964" lon="18.058246230218877"><ele>371.4579684027778</ele></trkpt>
<trkpt lat="47.27672258278382" lon="18.05821658312541"><ele>372.1087485416667</ele></trkpt>
<trkpt lat="47.276665433519696" lon="18.058192685975733"><ele>372.68563000000006</ele></trkpt>
<trkpt lat="47.27661646337975" lon="18.05817485755975"><ele>373.1224390277779</ele></trkpt>
<trkpt lat="47.27657756365743" lon="18.058163558990742"><ele>373.3903298611112</ele></trkpt>
<trkpt lat="47.27654532986114" lon="18.058157968740705"><ele>373.5415885416667</ele></trkpt>
<trkpt lat="47.27651365740743" lon="18.058157430569054"><ele>373.6785329861112</ele></trkpt>
<trkpt lat="47.27647648759262" lon="18.05816191967132"><ele>373.9023682175927</ele></trkpt>
<trkpt lat="47.276430345000016" lon="18.05817172433475"><ele>374.26764518518524</ele></trkpt>
<trkpt lat="47.276376337916695" lon="18.058186158582956"><ele>374.76702486111117</ele></trkpt>
<trkpt lat="47.27631766319447" lon="18.058204508722643"><ele>375.3785053240741</ele></trkpt>
<trkpt lat="47.276255059583356" lon="18.05822763445856"><ele>376.1253463425926</ele></trkpt>
<trkpt lat="47.27618400000002" lon="18.058258278904752"><ele>377.0911703703704</ele></trkpt>
<trkpt lat="47.27610000888891" lon="18.05829814868137"><ele>378.33192296296295</ele></trkpt>
<trkpt lat="47.27600626666669" lon="18.058344409481574"><ele>379.7681777777778</ele></trkpt>
<trkpt lat="47.27591468000003" lon="18.0583896642165"><ele>381.18431407407405</ele></trkpt>
<trkpt lat="47.27583804444448" lon="18.058426101083576"><ele>382.3564148148148</ele></trkpt>
<trkpt lat="47.27578125585736" lon="18.058449915129763"><ele>383.0897096282041</ele></trkpt>
<trkpt lat="47.27574022085051" lon="18.058462064541775"><ele>383.58233262372227</ele></trkpt>
<trkpt lat="47.27570710979426" lon="18.058465152278064"><ele>383.941320217018</ele></trkpt>
<trkpt lat="47.27567647039783" lon="18.05846077913619"><ele>384.2503514111009</ele></trkpt>
<trkpt lat="47.27564623692733" lon="18.058449208474364"><ele>384.549122114659</ele></trkpt>
<trkpt lat="47.27561734567903" lon="18.05843069954806"><ele>384.8384750906423</ele></trkpt>
<trkpt lat="47.27559153097396" lon="18.05840651276962"><ele>385.105585676009</ele></trkpt>
<trkpt lat="47.27557044812074" lon="18.058377790687103"><ele>385.3392128628278</ele></trkpt>
<trkpt lat="47.27555450008233" lon="18.058344756997418"><ele>385.54787572591965</ele></trkpt>
<trkpt lat="47.275542644993166" lon="18.058303508591877"><ele>385.7722926535846</ele></trkpt>
<trkpt lat="47.27553323632376" lon="18.058244878439247"><ele>386.08217356135185</ele></trkpt>
<trkpt lat="47.275524420740766" lon="18.05815659246548"><ele>386.5551274240935</ele></trkpt>
<trkpt lat="47.27551505925928" lon="18.05803307834127"><ele>387.2236812855798</ele></trkpt>
<trkpt lat="47.27550491555557" lon="18.057884577577585"><ele>388.03083503285217</ele></trkpt>
<trkpt lat="47.27549462814817" lon="18.05773535833774"><ele>388.8431610741317</ele></trkpt>
<trkpt lat="47.275484776296324" lon="18.057609392457685"><ele>389.5293770738241</ele></trkpt>
<trkpt lat="47.27547499561044" lon="18.05751613016852"><ele>390.03776042790514</ele></trkpt>
<trkpt lat="47.275464294924575" lon="18.057449531071676"><ele>390.4003796252015</ele></trkpt>
<trkpt lat="47.27545171275722" lon="18.05739770628153"><ele>390.6780568821853</ele></trkpt>
<trkpt lat="47.2754372384088" lon="18.05735314530005"><ele>390.90525158622523</ele></trkpt>
<trkpt lat="47.2754210628258" lon="18.05731345888608"><ele>391.09932064751683</ele></trkpt>
<trkpt lat="47.27540304526751" lon="18.057279300371658"><ele>391.2955897151983</ele></trkpt>
<trkpt lat="47.2753820713306" lon="18.057250576093537"><ele>391.5651018621533</ele></trkpt>
<trkpt lat="47.27535720850482" lon="18.05722703699977"><ele>391.9637502131425</ele></trkpt>
<trkpt lat="47.275328827160514" lon="18.057208127538384"><ele>392.4684546435358</ele></trkpt>
<trkpt lat="47.27529843878603" lon="18.057193723396473"><ele>392.9771040481244</ele></trkpt>
<trkpt lat="47.27526714763376" lon="18.057184373270417"><ele>393.3977539045278</ele></trkpt>
<trkpt lat="47.27523509773665" lon="18.05718087276921"><ele>393.72059757879583</ele></trkpt>
<trkpt lat="47.27520273405351" lon="18.057184273846403"><ele>394.0057431099823</ele></trkpt>
<trkpt lat="47.27517149691359" lon="18.057195282948705"><ele>394.29212982110965</ele></trkpt>
<trkpt lat="47.27514298532924" lon="18.057214262874396"><ele>394.56904052711803</ele></trkpt>
<trkpt lat="47.27511733738686" lon="18.057240943891735"><ele>394.8034610779856</ele></trkpt>
<trkpt lat="47.275094193086446" lon="18.05727419398696"><ele>394.99717073875644</ele></trkpt>
<trkpt lat="47.275072682304554" lon="18.05731466074485"><ele>395.1984496478557</ele></trkpt>
<trkpt lat="47.275051588312785" lon="18.057367124578608"><ele>395.490179606325</ele></trkpt>
<trkpt lat="47.27502830148193" lon="18.057440302532658"><ele>395.95655170457644</ele></trkpt>
<trkpt lat="47.27500079185661" lon="18.057539644890372"><ele>396.6358736034887</ele></trkpt>
<trkpt lat="47.27496945113566" lon="18.057660827207023"><ele>397.4856885560306</ele></trkpt>
<trkpt lat="47.27493717638236" lon="18.057791925036263"><ele>398.40954378015704</ele></trkpt>
<trkpt lat="47.27490647949201" lon="18.057925102912684"><ele>399.3415270095969</ele></trkpt>
<trkpt lat="47.274877347176016" lon="18.058063584644508"><ele>400.29731264908435</ele></trkpt>
<trkpt lat="47.274847976482604" lon="18.058215799867103"><ele>401.33435076454793</ele></trkpt>
<trkpt lat="47.274817628094006" lon="18.0583816062409"><ele>402.4551156873064</ele></trkpt>
<trkpt lat="47.274787495219236" lon="18.058550142882186"><ele>403.5891753198051</ele></trkpt>
<trkpt lat="47.274758859938984" lon="18.058711674908327"><ele>404.6715371073229</ele></trkpt>
<trkpt lat="47.2747311621612" lon="18.05886824675946"><ele>405.7151767440214</ele></trkpt>
<trkpt lat="47.27470270410812" lon="18.05902894880119"><ele>406.780687577919</ele></trkpt>
<trkpt lat="47.27467338809401" lon="18.05919366843305"><ele>407.86797537868796</ele></trkpt>
<trkpt lat="47.27464558092704" lon="18.059347610151782"><ele>408.87854527195657</ele></trkpt>
<trkpt lat="47.27462227162046" lon="18.05947153408977"><ele>409.6822853494622</ele></trkpt>
<trkpt lat="47.274604150788306" lon="18.059557231486917"><ele>410.21868299878054</ele></trkpt>
<trkpt lat="47.27458865841939" lon="18.059611733494048"><ele>410.5279088147244</ele></trkpt>
<trkpt lat="47.27457183199985" lon="18.05964909878249"><ele>410.70313786831423</ele></trkpt>
<trkpt lat="47.274551045004756" lon="18.059679960925447"><ele>410.8363396382819</ele></trkpt>
<trkpt lat="47.27452607740786" lon="18.059707785062773"><ele>411.00398949183773</ele></trkpt>
<trkpt lat="47.274497843792886" lon="18.059731323768617"><ele>411.2752767678745</ele></trkpt>
<trkpt lat="47.27446683727712" lon="18.059749417040514"><ele>411.69528796702053</ele></trkpt>
<trkpt lat="47.27443304526751" lon="18.059762263398845"><ele>412.2423096938867</ele></trkpt>
<trkpt lat="47.274396783264756" lon="18.059770912225492"><ele>412.82880784335657</ele></trkpt>
<trkpt lat="47.274358792866956" lon="18.059775980804332"><ele>413.3619152229002</ele></trkpt>
<trkpt lat="47.274320000000024" lon="18.0597776543211"><ele>413.80321001876257</ele></trkpt>
<trkpt lat="47.27428176568936" lon="18.059776161256707"><ele>414.1678098419145</ele></trkpt>
<trkpt lat="47.27424528678021" lon="18.059771786242816"><ele>414.48729711023384</ele></trkpt>
<trkpt lat="47.27421129244009" lon="18.05976505009535"><ele>414.7829836536756</ele></trkpt>
<trkpt lat="47.274177304533076" lon="18.059755843462547"><ele>415.08773319615915</ele></trkpt>
<trkpt lat="47.27413770706439" lon="18.05974295614539"><ele>415.4545378943759</ele></trkpt>
<trkpt lat="47.27408281253829" lon="18.059723436681963"><ele>415.986875</ele></trkpt>
<trkpt lat="47.27400357131853" lon="18.059694189623407"><ele>416.77299125514406</ele></trkpt>
<trkpt lat="47.27389659477373" lon="18.05965414380346"><ele>417.842633744856</ele></trkpt>
<trkpt lat="47.27376934817571" lon="18.05960625079192"><ele>419.11448302469137</ele></trkpt>
<trkpt lat="47.27363673763429" lon="18.05955623735438"><ele>420.427996399177</ele></trkpt>
<trkpt lat="47.27351145732391" lon="18.059508955656856"><ele>421.6398122427984</ele></trkpt>
<trkpt lat="47.27339500029079" lon="18.059464995940893"><ele>422.71500000000003</ele></trkpt>
<trkpt lat="47.27327850807837" lon="18.059421020128223"><ele>423.72556155692735</ele></trkpt>
<trkpt lat="47.27315287618024" lon="18.05937357616961"><ele>424.7603746570645</ele></trkpt>
<trkpt lat="47.27301864858722" lon="18.05932281455571"><ele>425.83626800411525</ele></trkpt>
<trkpt lat="47.27288637529499" lon="18.059272593671224"><ele>426.88879286694106</ele></trkpt>
<trkpt lat="47.272767412196444" lon="18.059226994697838"><ele>427.8438640260631</ele></trkpt>
<trkpt lat="47.27266447920495" lon="18.059186769766765"><ele>428.6922916666667</ele></trkpt>
<trkpt lat="47.27257001809319" lon="18.059148801660868"><ele>429.50266240740746</ele></trkpt>
<trkpt lat="47.272474498689434" lon="18.059109463893922"><ele>430.35258493827166</ele></trkpt>
<trkpt lat="47.27237481737836" lon="18.059068025025557"><ele>431.259460925926</ele></trkpt>
<trkpt lat="47.2722774666156" lon="18.059027943652488"><ele>432.1563064814815</ele></trkpt>
<trkpt lat="47.27219067424904" lon="18.058993565656827"><ele>432.96486858024696</ele></trkpt>
<trkpt lat="47.27211802408782" lon="18.05896716200659"><ele>433.65246468449936</ele></trkpt>
<trkpt lat="47.27205568175586" lon="18.058947454008347"><ele>434.2536236282579</ele></trkpt>
<trkpt lat="47.27199848781897" lon="18.058932002503788"><ele>434.80973886831276</ele></trkpt>
<trkpt lat="47.271941868669444" lon="18.058918672369867"><ele>435.35094578875174</ele></trkpt>
<trkpt lat="47.27188111544586" lon="18.05890611392866"><ele>435.90495480795613</ele></trkpt>
<trkpt lat="47.27180750000004" lon="18.05889270809672"><ele>436.53645833333337</ele></trkpt>
<trkpt lat="47.27171103652267" lon="18.058876700600884"><ele>437.3263794581619</ele></trkpt>
<trkpt lat="47.271587296810736" lon="18.058857174590905"><ele>438.31519718792873</ele></trkpt>
<trkpt lat="47.27144426697535" lon="18.058835194946358"><ele>439.44446244855976</ele></trkpt>
<trkpt lat="47.27129998971196" lon="18.058813548051283"><ele>440.57281292866946</ele></trkpt>
<trkpt lat="47.271171993312784" lon="18.058795157399533"><ele>441.55850908779155</ele></trkpt>
<trkpt lat="47.27106687500002" lon="18.058781458112314"><ele>442.34208333333333</ele></trkpt>
<trkpt lat="47.27097950832995" lon="18.05877203933203"><ele>442.95715026075095</ele></trkpt>
<trkpt lat="47.27090081438692" lon="18.05876560275229"><ele>443.4739076553608</ele></trkpt>
<trkpt lat="47.270825684178895" lon="18.05876103181182"><ele>443.9400610835163</ele></trkpt>
<trkpt lat="47.270753527759304" lon="18.058757881870537"><ele>444.3697677586614</ele></trkpt>
<trkpt lat="47.270684219394276" lon="18.058756256160088"><ele>444.76670880374496</ele></trkpt>
<trkpt lat="47.27061358600585" lon="18.058756501504632"><ele>445.15220116618076</ele></trkpt>
<trkpt lat="47.27053335276969" lon="18.05875900885203"><ele>445.5684110787172</ele></trkpt>
<trkpt lat="47.270434833171386" lon="18.05876400783967"><ele>446.0608503401361</ele></trkpt>
<trkpt lat="47.270314891480425" lon="18.05877133432016"><ele>446.6481648850017</ele></trkpt>
<trkpt lat="47.27018055393587" lon="18.05878021567546"><ele>447.2987220602527</ele></trkpt>
<trkpt lat="47.270047159054116" lon="18.058789463578698"><ele>447.93859572400396</ele></trkpt>
<trkpt lat="47.26993043407841" lon="18.058798040897724"><ele>448.48945416261745</ele></trkpt>
<trkpt lat="47.26983845481052" lon="18.058805583225908"><ele>448.9077696793003</ele></trkpt>
<trkpt lat="47.2697695043732" lon="18.05881247822889"><ele>449.19610787172013</ele></trkpt>
<trkpt lat="47.26971553999132" lon="18.058819661641238"><ele>449.385727665074</ele></trkpt>
<trkpt lat="47.269667484283914" lon="18.05882813875157"><ele>449.515232611894</ele></trkpt>
<trkpt lat="47.269617901709815" lon="18.058838937710142"><ele>449.61879773040175</ele></trkpt>
<trkpt lat="47.26956224388567" lon="18.05885313914583"><ele>449.7227542247058</ele></trkpt>
<trkpt lat="47.2694967585338" lon="18.058872113577152"><ele>449.8468787961613</ele></trkpt>
<trkpt lat="47.269420607638914" lon="18.05889601294864"><ele>449.99840856481484</ele></trkpt>
<trkpt lat="47.26933846354169" lon="18.058921701618562"><ele>450.16576388888893</ele></trkpt>
<trkpt lat="47.26930033854169" lon="18.05893173921454"><ele>450.128717300442</ele></trkpt>
<trkpt lat="47.269258077411855" lon="18.058930192731484"><ele>450.0882635957148</ele></trkpt>
<trkpt lat="47.26921965158738" lon="18.058904324319634"><ele>450.04780989098765</ele></trkpt>
<trkpt lat="47.26919122795025" lon="18.05885828558378"><ele>450.0073561862605</ele></trkpt>
<trkpt lat="47.269177368151865" lon="18.058799465181306"><ele>449.9669024815333</ele></trkpt>
<trkpt lat="47.269180296522904" lon="18.058737303034874"><ele>449.92644877680607</ele></trkpt>
<trkpt lat="47.26919954309509" lon="18.058681775365265"><ele>449.8859950720789</ele></trkpt>
<trkpt lat="47.269236176326196" lon="18.058614129388776"><ele>449.82985253772296</ele></trkpt>
<trkpt lat="47.26927010603639" lon="18.058554519105932"><ele>449.64499571330595</ele></trkpt>
<trkpt lat="47.26931322951483" lon="18.058481251854136"><ele>449.3864583333334</ele></trkpt>
<trkpt lat="47.26937181094115" lon="18.058383588674307"><ele>449.0142326817559</ele></trkpt>
<trkpt lat="47.269448845431086" lon="18.058256219039173"><ele>448.51361968449936</ele></trkpt>
<trkpt lat="47.269539529689744" lon="18.058106781441953"><ele>447.92320730452684</ele></trkpt>
<trkpt lat="47.26963366513803" lon="18.057951854724635"><ele>447.3212354252401</ele></trkpt>
<trkpt lat="47.269722476367825" lon="18.05780575460273"><ele>446.7811771262003</ele></trkpt>
<trkpt lat="47.26980500264588" lon="18.057670008930792"><ele>446.32875</ele></trkpt>
<trkpt lat="47.26988753209484" lon="18.057534244829366"><ele>445.93895833333335</ele></trkpt>
<trkpt lat="47.26997637690073" lon="18.057387963266315"><ele>445.5727546296296</ele></trkpt>
<trkpt lat="47.27007066909304" lon="18.057232205835525"><ele>445.2145138888889</ele></trkpt>
<trkpt lat="47.27016184268759" lon="18.057080190262344"><ele>444.8809722222222</ele></trkpt>
<trkpt lat="47.27024004568052" lon="18.056946677727552"><ele>444.59905092592595</ele></trkpt>
<trkpt lat="47.27030093784816" lon="18.05683687695923"><ele>444.38062500000007</ele></trkpt>
<trkpt lat="47.27034776367956" lon="18.05674322200052"><ele>444.21301729681073</ele></trkpt>
<trkpt lat="47.27038683787026" lon="18.05665409583044"><ele>444.07363007973254</ele></trkpt>
<trkpt lat="47.270422844988055" lon="18.0565622268452"><ele>443.94622202932106</ele></trkpt>
<trkpt lat="47.27045581833307" lon="18.056469785133544"><ele>443.83193158436217</ele></trkpt>
<trkpt lat="47.27048388288439" lon="18.056381640067837"><ele>443.7390553292181</ele></trkpt>
<trkpt lat="47.27050558629631" lon="18.056300905148934"><ele>443.67412611111115</ele></trkpt>
<trkpt lat="47.270521731736125" lon="18.056226242394178"><ele>443.63496645833334</ele></trkpt>
<trkpt lat="47.27053370428242" lon="18.05615442473171"><ele>443.6184982638889</ele></trkpt>
<trkpt lat="47.27054269543984" lon="18.056079254025143"><ele>443.6255570138889</ele></trkpt>
<trkpt lat="47.270549491851874" lon="18.055991763026576"><ele>443.6606444444445</ele></trkpt>
<trkpt lat="47.270554805925954" lon="18.055885272656607"><ele>443.7250844444444</ele></trkpt>
<trkpt lat="47.27055890222225" lon="18.0557628889437"><ele>443.81260000000003</ele></trkpt>
<trkpt lat="47.27056113037039" lon="18.055636912615498"><ele>443.9130488888889</ele></trkpt>
<trkpt lat="47.27056006962966" lon="18.05551816292791"><ele>444.0216222222223</ele></trkpt>
<trkpt lat="47.2705543214815" lon="18.055407364334755"><ele>444.1430622222222</ele></trkpt>
<trkpt lat="47.2705433940741" lon="18.05529766648474"><ele>444.2859466666667</ele></trkpt>
<trkpt lat="47.270528057777796" lon="18.05518550643363"><ele>444.4524133333334</ele></trkpt>
<trkpt lat="47.27050941629632" lon="18.05507420862061"><ele>444.6400044444445</ele></trkpt>
<trkpt lat="47.27048721037039" lon="18.054967453008945"><ele>444.8549733333334</ele></trkpt>
<trkpt lat="47.27045976708087" lon="18.054863036856588"><ele>445.11434150205764</ele></trkpt>
<trkpt lat="47.270425661593016" lon="18.054754891050518"><ele>445.4318118312758</ele></trkpt>
<trkpt lat="47.27038626805264" lon="18.054642402307735"><ele>445.7939026543211</ele></trkpt>
<trkpt lat="47.27034452950237" lon="18.054530289385582"><ele>446.17019818930044</ele></trkpt>
<trkpt lat="47.2703021092557" lon="18.054422577118096"><ele>446.53902915637866</ele></trkpt>
<trkpt lat="47.27025630322674" lon="18.054313798702637"><ele>446.91645833333337</ele></trkpt>
<trkpt lat="47.270201934858434" lon="18.05419228677473"><ele>447.3424588477367</ele></trkpt>
<trkpt lat="47.27013567071424" lon="18.05404952584028"><ele>447.84737911522643</ele></trkpt>
<trkpt lat="47.27006014375197" lon="18.053889538403666"><ele>448.4202469135803</ele></trkpt>
<trkpt lat="47.269982724887655" lon="18.053726661315828"><ele>449.01906121399185</ele></trkpt>
<trkpt lat="47.26991000487146" lon="18.05357403946663"><ele>449.61252057613177</ele></trkpt>
<trkpt lat="47.26984251021359" lon="18.053432477231137"><ele>450.2185416666667</ele></trkpt>
<trkpt lat="47.26977499576779" lon="18.053290885562195"><ele>450.89475222908095</ele></trkpt>
<trkpt lat="47.26970207991778" lon="18.05313796696553"><ele>451.68453532235947</ele></trkpt>
<trkpt lat="47.26962376273139" lon="18.052973721534652"><ele>452.5652289094651</ele></trkpt>
<trkpt lat="47.2695454454232" lon="18.052809476589708"><ele>453.4548208161866</ele></trkpt>
<trkpt lat="47.26947252915756" lon="18.052656559319196"><ele>454.2749682784637</ele></trkpt>
<trkpt lat="47.269405013866674" lon="18.05251496962966"><ele>455.0129166666667</ele></trkpt>
<trkpt lat="47.26933749829074" lon="18.05237338030149"><ele>455.72220421810704</ele></trkpt>
<trkpt lat="47.26926458122025" lon="18.05222046423292"><ele>456.4624408436214</ele></trkpt>
<trkpt lat="47.26918626272306" lon="18.0520562215176"><ele>457.2384182098765</ele></trkpt>
<trkpt lat="47.26910794410436" lon="18.05189197928879"><ele>457.99468621399177</ele></trkpt>
<trkpt lat="47.26903502661919" lon="18.051739064548336"><ele>458.66766718107</ele></trkpt>
<trkpt lat="47.26896751020015" lon="18.051597477203597"><ele>459.2402083333333</ele></trkpt>
<trkpt lat="47.26889999457154" lon="18.051455890860836"><ele>459.7494495884774</ele></trkpt>
<trkpt lat="47.268827087026764" lon="18.051302983708887"><ele>460.24472479423866</ele></trkpt>
<trkpt lat="47.26874881663575" lon="18.051138773063578"><ele>460.74297839506175</ele></trkpt>
<trkpt lat="47.26867065031721" lon="18.05097462478026"><ele>461.22077417695476</ele></trkpt>
<trkpt lat="47.2685980979064" lon="18.050821930097644"><ele>461.64623971193413</ele></trkpt>
<trkpt lat="47.268531304347746" lon="18.050680775034905"><ele>462.0135416666667</ele></trkpt>
<trkpt lat="47.26846499602665" lon="18.05053990865233"><ele>462.34845250342937</ele></trkpt>
<trkpt lat="47.2683937984074" lon="18.05038802016433"><ele>462.6818432784637</ele></trkpt>
<trkpt lat="47.26831756654578" lon="18.050225023544083"><ele>463.02095936213993</ele></trkpt>
<trkpt lat="47.268241438757336" lon="18.050062089266795"><ele>463.34469050068594</ele></trkpt>
<trkpt lat="47.26817059627446" lon="18.04991041319713"><ele>463.625582133059</ele></trkpt>
<trkpt lat="47.26810501002825" lon="18.049769978022248"><ele>463.85375000000005</ele></trkpt>
<trkpt lat="47.268039424575804" lon="18.049629543833387"><ele>464.0421750685871</ele></trkpt>
<trkpt lat="47.267968592042656" lon="18.049477875300383"><ele>464.2105461248285</ele></trkpt>
<trkpt lat="47.26789251249554" lon="18.049314972513297"><ele>464.3667566872428</ele></trkpt>
<trkpt lat="47.26781643282861" lon="18.049152070194374"><ele>464.5004303840878</ele></trkpt>
<trkpt lat="47.267745599886595" lon="18.049000402939026"><ele>464.5918972908093</ele></trkpt>
<trkpt lat="47.26768001360281" lon="18.04885997065718"><ele>464.62395833333335</ele></trkpt>
<trkpt lat="47.267614427038644" lon="18.048719538723507"><ele>464.59038151577505</ele></trkpt>
<trkpt lat="47.267543593304936" lon="18.04856787262629"><ele>464.49752229080934</ele></trkpt>
<trkpt lat="47.26746751246865" lon="18.048404972456108"><ele>464.36332047325106</ele></trkpt>
<trkpt lat="47.267391431513474" lon="18.04824207275603"><ele>464.20924296982173</ele></trkpt>
<trkpt lat="47.26732059737401" lon="18.048090407943075"><ele>464.04856052812073</ele></trkpt>
<trkpt lat="47.26725500998483" lon="18.047949977929886"><ele>463.8770833333334</ele></trkpt>
<trkpt lat="47.26718942417912" lon="18.047809554842758"><ele>463.6783333333334</ele></trkpt>
<trkpt lat="47.26711860785594" lon="18.047657956901336"><ele>463.4404475308642</ele></trkpt>
<trkpt lat="47.26704261129052" lon="18.047495361550673"><ele>463.1714814814815</ele></trkpt>
<trkpt lat="47.26696679498952" lon="18.04733340384266"><ele>462.8965277777778</ele></trkpt>
<trkpt lat="47.266896593795494" lon="18.047183981451596"><ele>462.6382098765432</ele></trkpt>
<trkpt lat="47.26683225869043" lon="18.047047981064537"><ele>462.39791666666673</ele></trkpt>
<trkpt lat="47.26676876385427" lon="18.046914950089683"><ele>462.15676783264746</ele></trkpt>
<trkpt lat="47.26670090871259" lon="18.04677381857649"><ele>461.89548010973937</ele></trkpt>
<trkpt lat="47.26662844228583" lon="18.04662369981139"><ele>461.6137294238683</ele></trkpt>
<trkpt lat="47.26655615613225" lon="18.04647421862329"><ele>461.32981652949246</ele></trkpt>
<trkpt lat="47.26648891614961" lon="18.046335262484458"><ele>461.06115054869684</ele></trkpt>
<trkpt lat="47.26642667207487" lon="18.046206653960333"><ele>460.805</ele></trkpt>
<trkpt lat="47.2663644296245" lon="18.046078052307486"><ele>460.53961934156376</ele></trkpt>
<trkpt lat="47.26629720757309" lon="18.045939162862187"><ele>460.2456893004115</ele></trkpt>
<trkpt lat="47.2662250059766" lon="18.045789985702754"><ele>459.9279320987654</ele></trkpt>
<trkpt lat="47.26615280427971" lon="18.04564080895035"><ele>459.6151646090535</ele></trkpt>
<trkpt lat="47.266085581885754" lon="18.045501920615997"><ele>459.3382613168725</ele></trkpt>
<trkpt lat="47.2660233387389" lon="18.045373320621724"><ele>459.1075</ele></trkpt>
<trkpt lat="47.26596148322834" lon="18.045245523775673"><ele>458.91019330365896</ele></trkpt>
<trkpt lat="47.26589559832115" lon="18.045109415928092"><ele>458.7270967358137</ele></trkpt>
<trkpt lat="47.265826324621266" lon="18.044966360464507"><ele>458.54978437053836</ele></trkpt>
<trkpt lat="47.265758217265756" lon="18.04482585871225"><ele>458.3813855995073</ele></trkpt>
<trkpt lat="47.2656955439044" lon="18.044696877163258"><ele>458.22685745079923</ele></trkpt>
<trkpt lat="47.26563784881483" lon="18.044578673897092"><ele>458.0819387755102</ele></trkpt>
<trkpt lat="47.2655801813869" lon="18.04446124854336"><ele>457.9327551020408</ele></trkpt>
<trkpt lat="47.265516187174434" lon="18.044331650160878"><ele>457.7629537846885</ele></trkpt>
<trkpt lat="47.265442456845165" lon="18.044182838045252"><ele>457.565008638376</ele></trkpt>
<trkpt lat="47.26536132260708" lon="18.04401935115022"><ele>457.34856980887594</ele></trkpt>
<trkpt lat="47.265279594872084" lon="18.043854782194735"><ele>457.1382059172875</ele></trkpt>
<trkpt lat="47.2652038393111" lon="18.043702277317717"><ele>456.96099071374584</ele></trkpt>
<trkpt lat="47.26513572733143" lon="18.043565169848993"><ele>456.8333381924199</ele></trkpt>
<trkpt lat="47.26507095629619" lon="18.043434789563516"><ele>456.75686588921286</ele></trkpt>
<trkpt lat="47.26500283764223" lon="18.04329767162319"><ele>456.7237954864486</ele></trkpt>
<trkpt lat="47.264927019861716" lon="18.043145056738563"><ele>456.7232404707915</ele></trkpt>
<trkpt lat="47.264845009326436" lon="18.04297997711277"><ele>456.74574020084225</ele></trkpt>
<trkpt lat="47.26476299869287" lon="18.042814897998802"><ele>456.78651711478244</ele></trkpt>
<trkpt lat="47.26468718057694" lon="18.04266228449844"><ele>456.8483306338408</ele></trkpt>
<trkpt lat="47.26461906124104" lon="18.042525168549577"><ele>456.9420699708455</ele></trkpt>
<trkpt lat="47.26455428902936" lon="18.04239479081548"><ele>457.08435860058313</ele></trkpt>
<trkpt lat="47.264486175979656" lon="18.042257690496207"><ele>457.2898202137998</ele></trkpt>
<trkpt lat="47.26441042522481" lon="18.042105227951645"><ele>457.5602850664076</ele></trkpt>
<trkpt lat="47.26432872784348" lon="18.04194083856213"><ele>457.87600097181735</ele></trkpt>
<trkpt lat="47.26424769384389" lon="18.041777898348702"><ele>458.2019290573373</ele></trkpt>
<trkpt lat="47.264174206793705" lon="18.04163038055968"><ele>458.5072416585682</ele></trkpt>
<trkpt lat="47.2641106963822" lon="18.04150333323119"><ele>458.78355685131197</ele></trkpt>
<trkpt lat="47.2640538642343" lon="18.041390297097912"><ele>459.0480758017493</ele></trkpt>
<trkpt lat="47.26399745527282" lon="18.041278843135608"><ele>459.33010416791643</ele></trkpt>
<trkpt lat="47.263936540391164" lon="18.04115908517633"><ele>459.65022550010605</ele></trkpt>
<trkpt lat="47.26387055419424" lon="18.041029707737174"><ele>460.005413329794</ele></trkpt>
<trkpt lat="47.26380352976776" lon="18.040898448664713"><ele>460.3680072146436</ele></trkpt>
<trkpt lat="47.263739815091455" lon="18.04077372400544"><ele>460.7093235646699</ele></trkpt>
<trkpt lat="47.26368000450384" lon="18.04065665534781"><ele>461.0218750000001</ele></trkpt>
<trkpt lat="47.26361981960542" lon="18.040538856248876"><ele>461.3260030864198</ele></trkpt>
<trkpt lat="47.26355481974316" lon="18.040411633523092"><ele>461.6450231481482</ele></trkpt>
<trkpt lat="47.263485004964295" lon="18.04027498724028"><ele>461.9806018518519</ele></trkpt>
<trkpt lat="47.26341519010202" lon="18.04013834131957"><ele>462.30869598765435</ele></trkpt>
<trkpt lat="47.263350189955254" lon="18.04001111958326"><ele>462.60217592592596</ele></trkpt>
<trkpt lat="47.263290004478286" lon="18.039893321964588"><ele>462.85437500000006</ele></trkpt>
<trkpt lat="47.26322981752334" lon="18.039775536908625"><ele>463.08205761316873</ele></trkpt>
<trkpt lat="47.2631648039814" lon="18.039648438949996"><ele>463.30634516460907</ele></trkpt>
<trkpt lat="47.26309492920289" lon="18.03951235988464"><ele>463.53237654320986</ele></trkpt>
<trkpt lat="47.26302492969521" lon="18.039377472947873"><ele>463.7454346707819</ele></trkpt>
<trkpt lat="47.26295949053106" lon="18.039254442725557"><ele>463.9254526748971</ele></trkpt>
<trkpt lat="47.26289843818713" lon="18.039144927784104"><ele>464.063125</ele></trkpt>
<trkpt lat="47.262836279268704" lon="18.039040161906303"><ele>464.1651553840878</ele></trkpt>
<trkpt lat="47.26276736231862" lon="18.038929797111916"><ele>464.24592002743486</ele></trkpt>
<trkpt lat="47.26269072086333" lon="18.038810429630217"><ele>464.31837541152265</ele></trkpt>
<trkpt lat="47.262611225795965" lon="18.038688076679552"><ele>464.3899277434843</ele></trkpt>
<trkpt lat="47.26253317435283" lon="18.03856844739602"><ele>464.46714921124834</ele></trkpt>
<trkpt lat="47.26245630859962" lon="18.038450753736917"><ele>464.5577318518519</ele></trkpt>
<trkpt lat="47.262376462524124" lon="18.0383284370485"><ele>464.6686281481482</ele></trkpt>
<trkpt lat="47.26229292302243" lon="18.038200165134363"><ele>464.80004888888885</ele></trkpt>
<trkpt lat="47.26221010203833" lon="18.03807218078434"><ele>464.94857037037036</ele></trkpt>
<trkpt lat="47.26213270781153" lon="18.037950845122953"><ele>465.11782074074074</ele></trkpt>
<trkpt lat="47.26206008558317" lon="18.037834267470707"><ele>465.3222962962964</ele></trkpt>
<trkpt lat="47.261987506464116" lon="18.03771485670425"><ele>465.57520592592596</ele></trkpt>
<trkpt lat="47.261912922991314" lon="18.037590165696482"><ele>465.86928888888895</ele></trkpt>
<trkpt lat="47.26183905803795" lon="18.03746576218745"><ele>466.1791792592593</ele></trkpt>
<trkpt lat="47.261768930773904" lon="18.03734733227157"><ele>466.4860296296297</ele></trkpt>
<trkpt lat="47.261701075218426" lon="18.03723265153081"><ele>466.79555703703704</ele></trkpt>
<trkpt lat="47.261630984705256" lon="18.037114140705743"><ele>467.12734074074075</ele></trkpt>
<trkpt lat="47.26155728966124" lon="18.036989363473193"><ele>467.4851511111111</ele></trkpt>
<trkpt lat="47.26148323536443" lon="18.036863508552816"><ele>467.8517274074074</ele></trkpt>
<trkpt lat="47.2614119189474" lon="18.03674132005581"><ele>468.21342370370377</ele></trkpt>
<trkpt lat="47.26134168565695" lon="18.036619486591118"><ele>468.5810903703704</ele></trkpt>
<trkpt lat="47.26126796216144" lon="18.03649007483989"><ele>468.9769051851852</ele></trkpt>
<trkpt lat="47.261189789878664" lon="18.036351862892147"><ele>469.3974844444445</ele></trkpt>
<trkpt lat="47.26111125833015" lon="18.036212573327656"><ele>469.8052740740741</ele></trkpt>
<trkpt lat="47.26103630888665" lon="18.036079484093683"><ele>470.1574459259259</ele></trkpt>
<trkpt lat="47.260963691849675" lon="18.035950492982213"><ele>470.44011259259264</ele></trkpt>
<trkpt lat="47.26088871981234" lon="18.035817271101674"><ele>470.6702696296297</ele></trkpt>
<trkpt lat="47.26081008543791" lon="18.0356773695407"><ele>470.86735111111113</ele></trkpt>
<trkpt lat="47.26073159476699" lon="18.035537252559152"><ele>471.03439851851857</ele></trkpt>
<trkpt lat="47.26065711309937" lon="18.03540329533477"><ele>471.1620681481482</ele></trkpt>
<trkpt lat="47.26058544643145" lon="18.035272861987096"><ele>471.2450385185186</ele></trkpt>
<trkpt lat="47.26051192809651" lon="18.03513745918168"><ele>471.2874192592593</ele></trkpt>
<trkpt lat="47.26043508543155" lon="18.034994869465653"><ele>471.29306222222226</ele></trkpt>
<trkpt lat="47.260358386470486" lon="18.03485206433251"><ele>471.2528637037038</ele></trkpt>
<trkpt lat="47.26028535850655" lon="18.034715926196544"><ele>471.13881629629634</ele></trkpt>
<trkpt lat="47.260215120051896" lon="18.034584951141657"><ele>470.9199997050755</ele></trkpt>
<trkpt lat="47.2601437417244" lon="18.03445189280118"><ele>470.5853123113855</ele></trkpt>
<trkpt lat="47.260070785995985" lon="18.03431608022786"><ele>470.1624498559671</ele></trkpt>
<trkpt lat="47.259999741166475" lon="18.034184334935702"><ele>469.6935810150892</ele></trkpt>
<trkpt lat="47.259934332558664" lon="18.03406412796056"><ele>469.198418223594</ele></trkpt>
<trkpt lat="47.259872708538964" lon="18.03395270665393"><ele>468.6410416666667</ele></trkpt>
<trkpt lat="47.25980887954973" lon="18.03383951147132"><ele>467.9570216049383</ele></trkpt>
<trkpt lat="47.25973786697488" lon="18.03371532843129"><ele>467.1115046296296</ele></trkpt>
<trkpt lat="47.259661221717494" lon="18.03358214854113"><ele>466.15643518518516</ele></trkpt>
<trkpt lat="47.259586655523144" lon="18.03345262800006"><ele>465.220825617284</ele></trkpt>
<trkpt lat="47.25952273748305" lon="18.033340931710594"><ele>464.441712962963</ele></trkpt>
<trkpt lat="47.25947333333335" lon="18.033253124317067"><ele>463.89270833333336</ele></trkpt>
<trkpt lat="47.25943567215366" lon="18.033183657856238"><ele>463.56391375171467</ele></trkpt>
<trkpt lat="47.25940424554186" lon="18.033122177375997"><ele>463.3975651577503</ele></trkpt>
<trkpt lat="47.259374423868344" lon="18.03305926163122"><ele>463.32780606995885</ele></trkpt>
<trkpt lat="47.25934606485599" lon="18.03299369093105"><ele>463.304866824417</ele></trkpt>
<trkpt lat="47.25932085744858" lon="18.03292764961308"><ele>463.29499597393686</ele></trkpt>
<trkpt lat="47.259301108312776" lon="18.032865530448326"><ele>463.2715422222222</ele></trkpt>
<trkpt lat="47.25928652949247" lon="18.032805020779257"><ele>463.2001481481482</ele></trkpt>
<trkpt lat="47.259275853882045" lon="18.032738182199243"><ele>463.02990074074074</ele></trkpt>
<trkpt lat="47.25926697037039" lon="18.03265228434305"><ele>462.7081303703704</ele></trkpt>
<trkpt lat="47.259258482962984" lon="18.032540404313455"><ele>462.215882962963</ele></trkpt>
<trkpt lat="47.25924957777781" lon="18.032408479850236"><ele>461.6008977777778</ele></trkpt>
<trkpt lat="47.259239954074104" lon="18.032273968737126"><ele>460.9619140740741</ele></trkpt>
<trkpt lat="47.259229014814835" lon="18.032153262071517"><ele>460.38777481481486</ele></trkpt>
<trkpt lat="47.25921543717595" lon="18.032050432081004"><ele>459.90391437500006</ele></trkpt>
<trkpt lat="47.2591979178241" lon="18.031958453396093"><ele>459.4803725694445</ele></trkpt>
<trkpt lat="47.25917610236113" lon="18.031869396102547"><ele>459.0842610416667</ele></trkpt>
<trkpt lat="47.25915043185188" lon="18.031781080506033"><ele>458.71626333333336</ele></trkpt>
<trkpt lat="47.259120802569456" lon="18.03169387538915"><ele>458.39375372685186</ele></trkpt>
<trkpt lat="47.259086646412044" lon="18.0316073260932"><ele>458.1254137731482</ele></trkpt>
<trkpt lat="47.25904818576391" lon="18.031520494467127"><ele>457.90243055555555</ele></trkpt>
<trkpt lat="47.2590066377315" lon="18.031434504869917"><ele>457.7176186342593</ele></trkpt>
<trkpt lat="47.2589631080678" lon="18.031351029416975"><ele>457.5687269590192</ele></trkpt>
<trkpt lat="47.25891757416227" lon="18.03127000089127"><ele>457.45403377914954</ele></trkpt>
<trkpt lat="47.25887081437734" lon="18.031191766504367"><ele>457.3679806455762</ele></trkpt>
<trkpt lat="47.25882361297721" lon="18.031116821632153"><ele>457.3057766418039</ele></trkpt>
<trkpt lat="47.25877518862706" lon="18.031044276217347"><ele>457.26722618741434</ele></trkpt>
<trkpt lat="47.25871989610211" lon="18.030966768972434"><ele>457.25354166666676</ele></trkpt>
<trkpt lat="47.258650322448126" lon="18.030874235952105"><ele>457.26460648148156</ele></trkpt>
<trkpt lat="47.258562411704325" lon="18.030760533624118"><ele>457.29694444444453</ele></trkpt>
<trkpt lat="47.25846061984739" lon="18.030630465602957"><ele>457.3439583333334</ele></trkpt>
<trkpt lat="47.25835562623719" lon="18.03049694676788"><ele>457.3977083333334</ele></trkpt>
<trkpt lat="47.25825678992291" lon="18.03037146858142"><ele>457.4530324074075</ele></trkpt>
<trkpt lat="47.25816500204257" lon="18.030254991618893"><ele>457.5108333333334</ele></trkpt>
<trkpt lat="47.258073201959945" lon="18.030138503046057"><ele>457.57648662551446</ele></trkpt>
<trkpt lat="47.25797424506436" lon="18.030012906126075"><ele>457.6544701646091</ele></trkpt>
<trkpt lat="47.257868698551114" lon="18.029878837498963"><ele>457.74381172839514</ele></trkpt>
<trkpt lat="47.25776518948211" lon="18.029747056206574"><ele>457.83963991769554</ele></trkpt>
<trkpt lat="47.25767318510245" lon="18.029629264130573"><ele>457.9397582304527</ele></trkpt>
<trkpt lat="47.25759552110211" lon="18.029528643763765"><ele>458.05041666666676</ele></trkpt>
<trkpt lat="47.25752691052092" lon="18.02943806117684"><ele>458.18492972565167</ele></trkpt>
<trkpt lat="47.25745994424179" lon="18.029347867050546"><ele>458.35252142661193</ele></trkpt>
<trkpt lat="47.257391161401515" lon="18.029253647629332"><ele>458.54843880658444</ele></trkpt>
<trkpt lat="47.2573233510827" lon="18.029158912022133"><ele>458.75257661179705</ele></trkpt>
<trkpt lat="47.257260224598994" lon="18.02906767111167"><ele>458.9466112071331</ele></trkpt>
<trkpt lat="47.25720236222253" lon="18.0289793719625"><ele>459.12573333333336</ele></trkpt>
<trkpt lat="47.257146442225334" lon="18.028888737876244"><ele>459.2989466666667</ele></trkpt>
<trkpt lat="47.25709038001602" lon="18.028793437086662"><ele>459.4712</ele></trkpt>
<trkpt lat="47.257034964500605" lon="18.02869547774494"><ele>459.6369866666667</ele></trkpt>
<trkpt lat="47.25698125126299" lon="18.02859577159524"><ele>459.78813333333335</ele></trkpt>
<trkpt lat="47.256927249221256" lon="18.028489222220053"><ele>459.9258562962963</ele></trkpt>
<trkpt lat="47.25686933616048" lon="18.02836885630725"><ele>460.0600992592593</ele></trkpt>
<trkpt lat="47.256807120931384" lon="18.02823568146568"><ele>460.1982088888889</ele></trkpt>
<trkpt lat="47.25674425900837" lon="18.02809941718471"><ele>460.3417792592593</ele></trkpt>
<trkpt lat="47.256684139188025" lon="18.027968508749705"><ele>460.4946562962964</ele></trkpt>
<trkpt lat="47.256625891780615" lon="18.027841516157885"><ele>460.66841777777785</ele></trkpt>
<trkpt lat="47.25656605308245" lon="18.02771093422906"><ele>460.87319111111117</ele></trkpt>
<trkpt lat="47.25650448537583" lon="18.027576170386194"><ele>461.09968000000003</ele></trkpt>
<trkpt lat="47.256446294678994" lon="18.027447657878362"><ele>461.3171155555556</ele></trkpt>
<trkpt lat="47.256397979591625" lon="18.02733840759702"><ele>461.4909955555556</ele></trkpt>
<trkpt lat="47.256362152003724" lon="18.027252823774987"><ele>461.6046933333334</ele></trkpt>
<trkpt lat="47.256336525982086" lon="18.027184839685514"><ele>461.6655066666667</ele></trkpt>
<trkpt lat="47.256317322238246" lon="18.027125126508903"><ele>461.69392000000005</ele></trkpt>
<trkpt lat="47.25630207037348" lon="18.02706562878745"><ele>461.71198666666675</ele></trkpt>
<trkpt lat="47.256289929629936" lon="18.026998379913476"><ele>461.7374933333334</ele></trkpt>
<trkpt lat="47.25628039372677" lon="18.02691567286771"><ele>461.78161701328156</ele></trkpt>
<trkpt lat="47.25627255684454" lon="18.026813535850646"><ele>461.8478888241011</ele></trkpt>
<trkpt lat="47.256265422016234" lon="18.02669844959119"><ele>461.93135615160355</ele></trkpt>
<trkpt lat="47.25625785963442" lon="18.02658142745644"><ele>462.02657218011024</ele></trkpt>
<trkpt lat="47.25624846195051" lon="18.02647047818079"><ele>462.13453026239074</ele></trkpt>
<trkpt lat="47.256235153503454" lon="18.026361711900957"><ele>462.2684548104957</ele></trkpt>
<trkpt lat="47.25621540902804" lon="18.026242928361913"><ele>462.4496064139942</ele></trkpt>
<trkpt lat="47.25618711359044" lon="18.02610043407624"><ele>462.6977329662024</ele></trkpt>
<trkpt lat="47.25614998697824" lon="18.02592869034657"><ele>463.0172022459778</ele></trkpt>
<trkpt lat="47.25610671860737" lon="18.025735663878447"><ele>463.38741658568193</ele></trkpt>
<trkpt lat="47.25606211476226" lon="18.02553952166109"><ele>463.77025213259907</ele></trkpt>
<trkpt lat="47.2560204310163" lon="18.025357145584437"><ele>464.1327896555448</ele></trkpt>
<trkpt lat="47.25598286986567" lon="18.02519303268035"><ele>464.4684839650146</ele></trkpt>
<trkpt lat="47.25594714100269" lon="18.025036953963152"><ele>464.8006997084549</ele></trkpt>
<trkpt lat="47.25590956385075" lon="18.0248728170357"><ele>465.1635811467445</ele></trkpt>
<trkpt lat="47.25586772657295" lon="18.024690197227585"><ele>465.57685617103994</ele></trkpt>
<trkpt lat="47.25582242136673" lon="18.024492930779477"><ele>466.02639941690967</ele></trkpt>
<trkpt lat="47.255776976610115" lon="18.024296406305414"><ele>466.4698153547134</ele></trkpt>
<trkpt lat="47.25573466313458" lon="18.024116318148565"><ele>466.86218172983484</ele></trkpt>
<trkpt lat="47.25569611776187" lon="18.023957328112743"><ele>467.18255102040825</ele></trkpt>
<trkpt lat="47.25565871861015" lon="18.023810127771593"><ele>467.4414285714286</ele></trkpt>
<trkpt lat="47.255618295718605" lon="18.023658424827545"><ele>467.66682966602286</ele></trkpt>
<trkpt lat="47.2555719734009" lon="18.02349007645934"><ele>467.88522332801443</ele></trkpt>
<trkpt lat="47.255520231785766" lon="18.023305063293005"><ele>468.1090094062317</ele></trkpt>
<trkpt lat="47.255466990860604" lon="18.023115977950372"><ele>468.33570077825374</ele></trkpt>
<trkpt lat="47.2554161460867" lon="18.022935835713767"><ele>468.56162684415335</ele></trkpt>
<trkpt lat="47.25536835870582" lon="18.022766634196138"><ele>468.7950000000001</ele></trkpt>
<trkpt lat="47.25532026506043" lon="18.02259636285222"><ele>469.057423696845</ele></trkpt>
<trkpt lat="47.25526832356401" lon="18.022412470148225"><ele>469.3648705418381</ele></trkpt>
<trkpt lat="47.255212534314595" lon="18.022214956164238"><ele>469.70944701646096</ele></trkpt>
<trkpt lat="47.255156744889014" lon="18.02201744259634"><ele>470.0615912208505</ele></trkpt>
<trkpt lat="47.25510480279149" lon="18.02183355102788"><ele>470.39486196844996</ele></trkpt>
<trkpt lat="47.25505670792395" lon="18.021663281378782"><ele>470.7097916666667</ele></trkpt>
<trkpt lat="47.25500861264419" lon="18.021493012039056"><ele>471.0322170781893</ele></trkpt>
<trkpt lat="47.25495666938264" lon="18.021309121499588"><ele>471.3873739711935</ele></trkpt>
<trkpt lat="47.25490087823735" lon="18.021111609840467"><ele>471.7749845679013</ele></trkpt>
<trkpt lat="47.254845086915914" lon="18.02091409859744"><ele>472.1710776748971</ele></trkpt>
<trkpt lat="47.254793143053284" lon="18.020730209193527"><ele>472.5551800411523</ele></trkpt>
<trkpt lat="47.2547450465514" lon="18.020559941548637"><ele>472.93645833333335</ele></trkpt>
<trkpt lat="47.25469694963729" lon="18.020389674213128"><ele>473.349837962963</ele></trkpt>
<trkpt lat="47.25464500461065" lon="18.020205785838222"><ele>473.82311728395064</ele></trkpt>
<trkpt lat="47.25458921156953" lon="18.020008276503997"><ele>474.34456018518523</ele></trkpt>
<trkpt lat="47.254533418352274" lon="18.019810767585884"><ele>474.86525462962965</ele></trkpt>
<trkpt lat="47.25448147272457" lon="18.019626880346532"><ele>475.33597993827163</ele></trkpt>
<trkpt lat="47.254433374588366" lon="18.019456614705874"><ele>475.7441666666667</ele></trkpt>
<trkpt lat="47.25438527603996" lon="18.019286349374607"><ele>476.1163134430727</ele></trkpt>
<trkpt lat="47.25433332924829" lon="18.019102463164288"><ele>476.4836145404664</ele></trkpt>
<trkpt lat="47.25427753431142" lon="18.01890495615506"><ele>476.8443106995885</ele></trkpt>
<trkpt lat="47.254221739198464" lon="18.018707449562076"><ele>477.15278120713305</ele></trkpt>
<trkpt lat="47.25416979180587" lon="18.018523564487833"><ele>477.3418689986283</ele></trkpt>
<trkpt lat="47.254121692035675" lon="18.01835330085244"><ele>477.35166666666663</ele></trkpt>
<trkpt lat="47.254073589856596" lon="18.018183043381132"><ele>477.15363854595336</ele></trkpt>
<trkpt lat="47.25402162133177" lon="18.017999217877918"><ele>476.7616289437586</ele></trkpt>
<trkpt lat="47.25396573264342" lon="18.01780198248098"><ele>476.2366563786008</ele></trkpt>
<trkpt lat="47.25390965008146" lon="18.017605315339523"><ele>475.6634499314129</ele></trkpt>
<trkpt lat="47.25385701998794" lon="18.0174234286508"><ele>475.10684842249657</ele></trkpt>
<trkpt lat="47.25380757268579" lon="18.017257112627025"><ele>474.57416666666666</ele></trkpt>
<trkpt lat="47.25375722238108" lon="18.01709344292823"><ele>474.024036351166</ele></trkpt>
<trkpt lat="47.25370207106017" lon="18.01691894503846"><ele>473.4158504801097</ele></trkpt>
<trkpt lat="47.253642388403144" lon="18.016732828747124"><ele>472.75636831275716</ele></trkpt>
<trkpt lat="47.25358251188327" lon="18.01654728071541"><ele>472.0992146776406</ele></trkpt>
<trkpt lat="47.25352669903041" lon="18.016374721651605"><ele>471.4989746227709</ele></trkpt>
<trkpt lat="47.25347500367733" lon="18.01621499341765"><ele>470.96500000000003</ele></trkpt>
<trkpt lat="47.2534233321157" lon="18.016055330080455"><ele>470.45899948559673</ele></trkpt>
<trkpt lat="47.25336775977212" lon="18.015883417875614"><ele>469.9373894032922</ele></trkpt>
<trkpt lat="47.253308992783374" lon="18.01570084250774"><ele>469.3948225308642</ele></trkpt>
<trkpt lat="47.2532527621929" lon="18.01552396405091"><ele>468.8689711934157</ele></trkpt>
<trkpt lat="47.253205844981565" lon="18.015371491505157"><ele>468.40440072016463</ele></trkpt>
<trkpt lat="47.25317177131721" lon="18.015251352820417"><ele>468.014375</ele></trkpt>
<trkpt lat="47.25314943255" lon="18.01515667383603"><ele>467.66890474965703</ele></trkpt>
<trkpt lat="47.253135271963245" lon="18.015074487775905"><ele>467.32407107338815</ele></trkpt>
<trkpt lat="47.25312576809113" lon="18.014994311541745"><ele>466.94794110082296</ele></trkpt>
<trkpt lat="47.253119047929644" lon="18.014913173381107"><ele>466.5338434499314</ele></trkpt>
<trkpt lat="47.25311444015975" lon="18.014831454017333"><ele>466.08330761316876</ele></trkpt>
<trkpt lat="47.253111854012516" lon="18.01475017446552"><ele>465.6001637517147</ele></trkpt>
<trkpt lat="47.25311110573514" lon="18.01466983062059"><ele>465.0949909979425</ele></trkpt>
<trkpt lat="47.25311223914732" lon="18.014589481184007"><ele>464.57314600480123</ele></trkpt>
<trkpt lat="47.25311580728408" lon="18.01450433640619"><ele>464.01321459190683</ele></trkpt>
<trkpt lat="47.25312302274172" lon="18.014401980314695"><ele>463.3377083333334</ele></trkpt>
<trkpt lat="47.253135091553126" lon="18.01426793896258"><ele>462.4526191700961</ele></trkpt>
<trkpt lat="47.253152272987045" lon="18.014095144085214"><ele>461.3133247599452</ele></trkpt>
<trkpt lat="47.25317312004386" lon="18.013893375585695"><ele>459.9906815843622</ele></trkpt>
<trkpt lat="47.25319500667477" lon="18.013684579816072"><ele>458.6436719821674</ele></trkpt>
<trkpt lat="47.25321573552126" lon="18.013487805421008"><ele>457.4212302812072</ele></trkpt>
<trkpt lat="47.25323501704769" lon="18.013305008431153"><ele>456.36708333333337</ele></trkpt>
<trkpt lat="47.25325430881799" lon="18.013122138863565"><ele>455.4154441015089</ele></trkpt>
<trkpt lat="47.25327514351533" lon="18.012924639580927"><ele>454.47508573388205</ele></trkpt>
<trkpt lat="47.25329752125283" lon="18.012712510548702"><ele>453.51272119341564</ele></trkpt>
<trkpt lat="47.253319898787154" lon="18.012500381337183"><ele>452.5634962277092</ele></trkpt>
<trkpt lat="47.253340732791145" lon="18.01230288156531"><ele>451.66797496570643</ele></trkpt>
<trkpt lat="47.2533600231517" lon="18.012120011267605"><ele>450.8075</ele></trkpt>
<trkpt lat="47.25337931303678" lon="18.011937140836682"><ele>449.90542438271603</ele></trkpt>
<trkpt lat="47.25340014569809" lon="18.011739640621535"><ele>448.89556327160494</ele></trkpt>
<trkpt lat="47.25342252124878" lon="18.01152751058726"><ele>447.7910416666666</ele></trkpt>
<trkpt lat="47.25344489659643" lon="18.011315380372395"><ele>446.67978395061726</ele></trkpt>
<trkpt lat="47.25346572856486" lon="18.011117879663544"><ele>445.646936728395</ele></trkpt>
<trkpt lat="47.253485017041164" lon="18.010935008493426"><ele>444.69812499999995</ele></trkpt>
<trkpt lat="47.253504295185834" lon="18.01075219419767"><ele>443.76009859396436</ele></trkpt>
<trkpt lat="47.25352502724557" lon="18.010555263166314"><ele>442.7596879286694</ele></trkpt>
<trkpt lat="47.25354694720026" lon="18.010345754741813"><ele>441.7049717078189</ele></trkpt>
<trkpt lat="47.253567910844346" lon="18.01014177649007"><ele>440.69275120027436</ele></trkpt>
<trkpt lat="47.25358537961731" lon="18.00996371659495"><ele>439.8373516803841</ele></trkpt>
<trkpt lat="47.253598022740846" lon="18.009819272005693"><ele>439.19416666666666</ele></trkpt>
<trkpt lat="47.25360620498174" lon="18.009700538527667"><ele>438.738249314129</ele></trkpt>
<trkpt lat="47.25361118172691" lon="18.009593838528072"><ele>438.4036128257888</ele></trkpt>
<trkpt lat="47.253614144894044" lon="18.00948987790634"><ele>438.12576646090537</ele></trkpt>
<trkpt lat="47.25361565288081" lon="18.009385709460638"><ele>437.8577331961592</ele></trkpt>
<trkpt lat="47.25361566401052" lon="18.009278300289637"><ele>437.55658264746233</ele></trkpt>
<trkpt lat="47.25361375000002" lon="18.00915812489971"><ele>437.16875000000005</ele></trkpt>
<trkpt lat="47.25360950188616" lon="18.00901135269926"><ele>436.63974279835395</ele></trkpt>
<trkpt lat="47.253602931241446" lon="18.008830707048485"><ele>435.9491615226338</ele></trkpt>
<trkpt lat="47.253594755658455" lon="18.00862646576007"><ele>435.1458950617284</ele></trkpt>
<trkpt lat="47.25358616426614" lon="18.00842471938553"><ele>434.33564300411524</ele></trkpt>
<trkpt lat="47.25357817472567" lon="18.00825258724756"><ele>433.62122427983536</ele></trkpt>
<trkpt lat="47.25357104166668" lon="18.008123124865723"><ele>433.04375</ele></trkpt>
<trkpt lat="47.25356413483799" lon="18.008031246160556"><ele>432.56906507201643</ele></trkpt>
<trkpt lat="47.253556416859595" lon="18.007962836758086"><ele>432.13457690329216</ele></trkpt>
<trkpt lat="47.25354661168984" lon="18.00790376760949"><ele>431.6921257716049</ele></trkpt>
<trkpt lat="47.25353300925928" lon="18.007844921019547"><ele>431.2316255144033</ele></trkpt>
<trkpt lat="47.25351383187608" lon="18.007780973342772"><ele>430.7583324759945</ele></trkpt>
<trkpt lat="47.253488254031645" lon="18.00771019308763"><ele>430.2812045610425</ele></trkpt>
<trkpt lat="47.253457927930285" lon="18.00763532150016"><ele>429.8127327674897</ele></trkpt>
<trkpt lat="47.253425201406166" lon="18.00756078798428"><ele>429.36664051783265</ele></trkpt>
<trkpt lat="47.2533908275438" lon="18.00748859614647"><ele>428.94383530521264</ele></trkpt>
<trkpt lat="47.2533513544017" lon="18.007413019588252"><ele>428.506875</ele></trkpt>
<trkpt lat="47.253301658974394" lon="18.007324735983513"><ele>428.0006790123457</ele></trkpt>
<trkpt lat="47.253238865642025" lon="18.007217613428"><ele>427.38886574074075</ele></trkpt>
<trkpt lat="47.25316615723844" lon="18.00709576096614"><ele>426.69268518518516</ele></trkpt>
<trkpt lat="47.25309116186479" lon="18.006970956525436"><ele>425.9755478395062</ele></trkpt>
<trkpt lat="47.25302056454179" lon="18.00685376045598"><ele>425.2922222222222</ele></trkpt>
<trkpt lat="47.2529550017861" lon="18.006744994467013"><ele>424.64062499999994</ele></trkpt>
<trkpt lat="47.25288940713439" lon="18.006636199583888"><ele>423.9675265775034</ele></trkpt>
<trkpt lat="47.252818492111714" lon="18.006518712859425"><ele>423.22840192043896</ele></trkpt>
<trkpt lat="47.25274203686808" lon="18.006392569046795"><ele>422.4502186213992</ele></trkpt>
<trkpt lat="47.25266479156796" lon="18.00626655018624"><ele>421.74047753772294</ele></trkpt>
<trkpt lat="47.25259118057932" lon="18.00614948960067"><ele>421.2349031207133</ele></trkpt>
<trkpt lat="47.25252010440169" lon="18.006041560633008"><ele>421.0366666666667</ele></trkpt>
<trkpt lat="47.25244533532424" lon="18.00593422497208"><ele>421.1796742112483</ele></trkpt>
<trkpt lat="47.25236133020101" lon="18.005818910670236"><ele>421.62851508916333</ele></trkpt>
<trkpt lat="47.25226887604574" lon="18.005695780016378"><ele>422.2888374485597</ele></trkpt>
<trkpt lat="47.252174509196315" lon="18.005573980069006"><ele>423.04928669410157</ele></trkpt>
<trkpt lat="47.25208397725084" lon="18.005463206332273"><ele>423.83979766803844</ele></trkpt>
<trkpt lat="47.25199593762543" lon="18.005365102047303"><ele>424.6775</ele></trkpt>
<trkpt lat="47.25190265842045" lon="18.00527261758108"><ele>425.64068244170096</ele></trkpt>
<trkpt lat="47.251797438676434" lon="18.005177544007275"><ele>426.7809945130316</ele></trkpt>
<trkpt lat="47.25168184087386" lon="18.005078203402547"><ele>428.0385288065844</ele></trkpt>
<trkpt lat="47.251565120376085" lon="18.00498006890797"><ele>429.24250685871056</ele></trkpt>
<trkpt lat="47.25145606957938" lon="18.00488911073588"><ele>430.2000651577504</ele></trkpt>
<trkpt lat="47.25135500095309" lon="18.004804993204427"><ele>430.7916666666667</ele></trkpt>
<trkpt lat="47.25125396481259" lon="18.00472091886476"><ele>431.0085202331962</ele></trkpt>
<trkpt lat="47.251145239546176" lon="18.00463039042246"><ele>430.92242626886144</ele></trkpt>
<trkpt lat="47.251030017314186" lon="18.004534229692535"><ele>430.64787551440327</ele></trkpt>
<trkpt lat="47.25091907790825" lon="18.004441021537634"><ele>430.3016392318244</ele></trkpt>
<trkpt lat="47.250824967233896" lon="18.00436056805495"><ele>429.9709276406035</ele></trkpt>
<trkpt lat="47.25075364595876" lon="18.004296977741323"><ele>429.69041666666664</ele></trkpt>
<trkpt lat="47.25070187280535" lon="18.004246504220102"><ele>429.4467355752743</ele></trkpt>
<trkpt lat="47.25066220134525" lon="18.004201874307974"><ele>429.211514167524</ele></trkpt>
<trkpt lat="47.25062832080066" lon="18.004156221813844"><ele>428.9688351980453</ele></trkpt>
<trkpt lat="47.250598473509385" lon="18.00410498312525"><ele>428.7302169067216</ele></trkpt>
<trkpt lat="47.25057313914621" lon="18.00404392476502"><ele>428.51424618484225</ele></trkpt>
<trkpt lat="47.250553240740764" lon="18.003970404976428"><ele>428.33469328703706</ele></trkpt>
<trkpt lat="47.2505387934028" lon="18.00388521692576"><ele>428.19485243055556</ele></trkpt>
<trkpt lat="47.25053080150465" lon="18.00379188943882"><ele>428.1058130787037</ele></trkpt>
<trkpt lat="47.25053100405095" lon="18.00369206314263"><ele>428.0840277777778</ele></trkpt>
<trkpt lat="47.25054038194446" lon="18.00358497122395"><ele>428.13821469907407</ele></trkpt>
<trkpt lat="47.25055697916669" lon="18.00347362868229"><ele>428.2526475694445</ele></trkpt>
<trkpt lat="47.25057694444447" lon="18.00336846084518"><ele>428.3971122685185</ele></trkpt>
<trkpt lat="47.25059725394378" lon="18.003280538128138"><ele>428.54815093449935</ele></trkpt>
<trkpt lat="47.25061735510977" lon="18.003213028225684"><ele>428.69866683813444</ele></trkpt>
<trkpt lat="47.25063876414612" lon="18.003159374444035"><ele>428.849374678498</ele></trkpt>
<trkpt lat="47.250662406693806" lon="18.00311217537458"><ele>428.99239186814134</ele></trkpt>
<trkpt lat="47.25068842322011" lon="18.003067040391"><ele>429.11828328617975</ele></trkpt>
<trkpt lat="47.25071561390162" lon="18.00302443834649"><ele>429.2256224279836</ele></trkpt>
<trkpt lat="47.250744792117395" lon="18.00298330681975"><ele>429.33680384087796</ele></trkpt>
<trkpt lat="47.250779361442945" lon="18.002940131348588"><ele>429.4911025377229</ele></trkpt>
<trkpt lat="47.25082694544639" lon="18.002886359214624"><ele>429.74125</ele></trkpt>
<trkpt lat="47.250895151678655" lon="18.002813499291975"><ele>430.13127229080936</ele></trkpt>
<trkpt lat="47.25098694883628" lon="18.002717728190746"><ele>430.6708933470508</ele></trkpt>
<trkpt lat="47.25109600963853" lon="18.002605005821902"><ele>431.30863168724284</ele></trkpt>
<trkpt lat="47.25120961667076" lon="18.002488000485712"><ele>431.944041495199</ele></trkpt>
<trkpt lat="47.25131692725235" lon="18.00237761470344"><ele>432.4757167352538</ele></trkpt>
<trkpt lat="47.251416675884386" lon="18.002275040601816"><ele>432.8495833333334</ele></trkpt>
<trkpt lat="47.25151647123571" lon="18.002172421964158"><ele>433.070739883402</ele></trkpt>
<trkpt lat="47.25162425008456" lon="18.002061593401294"><ele>433.1758393347051</ele></trkpt>
<trkpt lat="47.251740012466605" lon="18.00194255481258"><ele>433.2012474279835</ele></trkpt>
<trkpt lat="47.251855774784666" lon="18.00182351570305"><ele>433.16070816186556</ele></trkpt>
<trkpt lat="47.2519635534152" lon="18.00171268571927"><ele>433.0407707475994</ele></trkpt>
<trkpt lat="47.25206334832258" lon="18.001610064961877"><ele>432.804375</ele></trkpt>
<trkpt lat="47.25216314308022" lon="18.00150744381814"><ele>432.41288237311386</ele></trkpt>
<trkpt lat="47.252270921287916" lon="18.0013966125487"><ele>431.85646690672155</ele></trkpt>
<trkpt lat="47.2523866829813" lon="18.001277571052885"><ele>431.1775360082305</ele></trkpt>
<trkpt lat="47.25250244461069" lon="18.00115852903625"><ele>430.4518681412894</ele></trkpt>
<trkpt lat="47.25261022260005" lon="18.00104769634582"><ele>429.73596879286697</ele></trkpt>
<trkpt lat="47.252710016913746" lon="18.000945073082264"><ele>429.0202083333333</ele></trkpt>
<trkpt lat="47.25280981107769" lon="18.000842449432344"><ele>428.24104080932784</ele></trkpt>
<trkpt lat="47.252917588644195" lon="18.000731615456203"><ele>427.3463640260631</ele></trkpt>
<trkpt lat="47.253033349648874" lon="18.00061257105318"><ele>426.35775205761314</ele></trkpt>
<trkpt lat="47.253149110589554" lon="18.00049352612931"><ele>425.36531464334706</ele></trkpt>
<trkpt lat="47.25325688793772" lon="18.000382690732128"><ele>424.4575840192044</ele></trkpt>
<trkpt lat="47.25335668165769" lon="18.000280064962304"><ele>423.651875</ele></trkpt>
<trkpt lat="47.25345647522793" lon="18.00017743880609"><ele>422.89177554869684</ele></trkpt>
<trkpt lat="47.25356425215319" lon="18.000066602123155"><ele>422.113335048011</ele></trkpt>
<trkpt lat="47.25368001246913" lon="17.999947554812817"><ele>421.31407664609054</ele></trkpt>
<trkpt lat="47.25379577272105" lon="17.999828506981643"><ele>420.5642995541839</ele></trkpt>
<trkpt lat="47.25390354942784" lon="17.999717668877715"><ele>419.9547076474623</ele></trkpt>
<trkpt lat="47.254003342553844" lon="17.999615040601753"><ele>419.5379166666667</ele></trkpt>
<trkpt lat="47.25410309294992" lon="17.99951245609581"><ele>419.3064857681756</ele></trkpt>
<trkpt lat="47.254210443433315" lon="17.99940205827101"><ele>419.2153403635117</ele></trkpt>
<trkpt lat="47.25432424437953" lon="17.99928503926059"><ele>419.2098739711934</ele></trkpt>
<trkpt lat="47.254433915001066" lon="17.99917230295701"><ele>419.24673696844997</ele></trkpt>
<trkpt lat="47.2545271712838" lon="17.999076519708996"><ele>419.30003515089163</ele></trkpt>
<trkpt lat="47.254598264891165" lon="17.999003650901518"><ele>419.3622916666667</ele></trkpt>
<trkpt lat="47.25465058415114" lon="17.998950248725265"><ele>419.4388791366598</ele></trkpt>
<trkpt lat="47.25469181443684" lon="17.998908278242148"><ele>419.5368603180727</ele></trkpt>
<trkpt lat="47.25472898881589" lon="17.998869946684735"><ele>419.6583330118313</ele></trkpt>
<trkpt lat="47.25476556813894" lon="17.998830398432066"><ele>419.7984893689987</ele></trkpt>
<trkpt lat="47.25480340392174" lon="17.99878607989306"><ele>419.9543883959191</ele></trkpt>
<trkpt lat="47.25484317129631" lon="17.99873511305872"><ele>420.1250376157408</ele></trkpt>
<trkpt lat="47.2548843402778" lon="17.99867802106335"><ele>420.3082986111112</ele></trkpt>
<trkpt lat="47.254924386574096" lon="17.99861756098547"><ele>420.4971730324075</ele></trkpt>
<trkpt lat="47.25496098958336" lon="17.9985554544833"><ele>420.68753761574084</ele></trkpt>
<trkpt lat="47.254993582175956" lon="17.998490978196596"><ele>420.88150462962966</ele></trkpt>
<trkpt lat="47.25502269097225" lon="17.998423185938794"><ele>421.08082465277784</ele></trkpt>
<trkpt lat="47.25504787037039" lon="17.998352306284733"><ele>421.28154803240744</ele></trkpt>
<trkpt lat="47.255067968750026" lon="17.99827800937609"><ele>421.4801099537037</ele></trkpt>
<trkpt lat="47.25508256365744" lon="17.998198573582062"><ele>421.6796614583333</ele></trkpt>
<trkpt lat="47.25509236111113" lon="17.998114175407135"><ele>421.8854427083333</ele></trkpt>
<trkpt lat="47.255097667824096" lon="17.99802837386919"><ele>422.10048611111114</ele></trkpt>
<trkpt lat="47.255098103781286" lon="17.997945407004174"><ele>422.32621656378603</ele></trkpt>
<trkpt lat="47.25509324846115" lon="17.997866141900495"><ele>422.56660751028807</ele></trkpt>
<trkpt lat="47.25508355905026" lon="17.997790008503888"><ele>422.8197926311728</ele></trkpt>
<trkpt lat="47.25506895648315" lon="17.99771515679792"><ele>423.08569990997944</ele></trkpt>
<trkpt lat="47.25504744041381" lon="17.997637453717036"><ele>423.3764490097737</ele></trkpt>
<trkpt lat="47.255014167145454" lon="17.997546039710322"><ele>423.73395833333336</ele></trkpt>
<trkpt lat="47.25496397554446" lon="17.99742811464298"><ele>424.2084002057614</ele></trkpt>
<trkpt lat="47.254895173013246" lon="17.997277203109928"><ele>424.8224562757202</ele></trkpt>
<trkpt lat="47.254812852069904" lon="17.997101523126975"><ele>425.53557098765435</ele></trkpt>
<trkpt lat="47.25472687196625" lon="17.996919939121845"><ele>426.2581661522634</ele></trkpt>
<trkpt lat="47.254645583022" lon="17.996748880414344"><ele>426.9045730452675</ele></trkpt>
<trkpt lat="47.254570003638676" lon="17.99658999044009"><ele>427.44479166666673</ele></trkpt>
<trkpt lat="47.254494424757254" lon="17.996431116354163"><ele>427.9087371399177</ele></trkpt>
<trkpt lat="47.25441314339971" lon="17.996260213471682"><ele>428.34267489711937</ele></trkpt>
<trkpt lat="47.25432720134973" lon="17.996079342062608"><ele>428.76403549382724</ele></trkpt>
<trkpt lat="47.25424500154548" lon="17.995905872534227"><ele>429.1497196502058</ele></trkpt>
<trkpt lat="47.25417649011923" lon="17.995760227151873"><ele>429.46191615226337</ele></trkpt>
<trkpt lat="47.25412687547879" lon="17.995652706415516"><ele>429.67833333333334</ele></trkpt>
<trkpt lat="47.25409448666725" lon="17.995578796251294"><ele>429.8042146776406</ele></trkpt>
<trkpt lat="47.25407401928322" lon="17.995525850116938"><ele>429.8609293552812</ele></trkpt>
<trkpt lat="47.25406007975499" lon="17.99547930799715"><ele>429.86977366255144</ele></trkpt>
<trkpt lat="47.254049826071736" lon="17.99542968927065"><ele>429.8441044024349</ele></trkpt>
<trkpt lat="47.25404232028076" lon="17.995372390127294"><ele>429.79065254200964</ele></trkpt>
<trkpt lat="47.25403807452419" lon="17.995309925081273"><ele>429.7156536136832</ele></trkpt>
<trkpt lat="47.25403804698218" lon="17.995245353242396"><ele>429.6215989368999</ele></trkpt>
<trkpt lat="47.254043511338324" lon="17.995180162202683"><ele>429.50640614283265</ele></trkpt>
<trkpt lat="47.25405563945793" lon="17.995107312117607"><ele>429.2149311910738</ele></trkpt>
<trkpt lat="47.2540659107867" lon="17.99505393294779"><ele>428.9993524146838</ele></trkpt>
<trkpt lat="47.254078743467225" lon="17.99500176138126"><ele>428.7837736382938</ele></trkpt>
<trkpt lat="47.25409407185575" lon="17.994951064287854"><ele>428.5681948619038</ele></trkpt>
<trkpt lat="47.25411181754205" lon="17.99490210099576"><ele>428.35261608551383</ele></trkpt>
<trkpt lat="47.25413188975053" lon="17.99485512196511"><ele>428.1370373091238</ele></trkpt>
<trkpt lat="47.254154185804666" lon="17.994810367506872"><ele>427.9214585327338</ele></trkpt>
<trkpt lat="47.25417859165211" lon="17.994768066553654"><ele>427.70587975634385</ele></trkpt>
<trkpt lat="47.25420498244819" lon="17.994728435488664"><ele>427.4903009799538</ele></trkpt>
<trkpt lat="47.25423322319447" lon="17.994691677038873"><ele>427.27472220356384</ele></trkpt>
<trkpt lat="47.25425686849538" lon="17.99466304589198"><ele>427.0996258333334</ele></trkpt>
<trkpt lat="47.25432013185186" lon="17.994601538432185"><ele>426.40389777777784</ele></trkpt>
<trkpt lat="47.25440341481483" lon="17.99453190311987"><ele>425.49202222222226</ele></trkpt>
<trkpt lat="47.254502448888914" lon="17.994455254350996"><ele>424.4165733333333</ele></trkpt>
<trkpt lat="47.254605650370394" lon="17.99437903649944"><ele>423.3182755555555</ele></trkpt>
<trkpt lat="47.25470315407411" lon="17.99431087187455"><ele>422.32843111111106</ele></trkpt>
<trkpt lat="47.25479386074076" lon="17.99425262135874"><ele>421.4836696296296</ele></trkpt>
<trkpt lat="47.25488311259261" lon="17.994200797592434"><ele>420.73616592592595</ele></trkpt>
<trkpt lat="47.25497339555558" lon="17.994152449406464"><ele>420.0431688888889</ele></trkpt>
<trkpt lat="47.25506094814817" lon="17.99410826858996"><ele>419.4151259259259</ele></trkpt>
<trkpt lat="47.25514088296299" lon="17.994070665522944"><ele>418.88926962962967</ele></trkpt>
<trkpt lat="47.25521279655333" lon="17.994040283445056"><ele>418.4773634337545</ele></trkpt>
<trkpt lat="47.255280597732686" lon="17.994015228159082"><ele>418.14992121801106</ele></trkpt>
<trkpt lat="47.255346228028465" lon="17.993993540794822"><ele>417.8647796695821</ele></trkpt>
<trkpt lat="47.25540953351907" lon="17.993974059605588"><ele>417.5767419889861</ele></trkpt>
<trkpt lat="47.25547052173504" lon="17.993956193188986"><ele>417.2354117654681</ele></trkpt>
<trkpt lat="47.25553408165885" lon="17.99393839728653"><ele>416.76900874635567</ele></trkpt>
<trkpt lat="47.2556086735206" lon="17.993918339575888"><ele>416.09078717201163</ele></trkpt>
<trkpt lat="47.25570277246806" lon="17.993893701646844"><ele>415.12791275240255</ele></trkpt>
<trkpt lat="47.255819215127836" lon="17.993863628235207"><ele>413.87146852391754</ele></trkpt>
<trkpt lat="47.25595163123283" lon="17.993829635213345"><ele>412.4177518626498</ele></trkpt>
<trkpt lat="47.25608682295589" lon="17.993795013623902"><ele>410.94319187992653</ele></trkpt>
<trkpt lat="47.25621273705465" lon="17.993762795441715"><ele>409.6156225029694</ele></trkpt>
<trkpt lat="47.2563260936409" lon="17.993733797005508"><ele>408.5081341107871</ele></trkpt>
<trkpt lat="47.25643390707562" lon="17.99370621727924"><ele>407.5804373177843</ele></trkpt>
<trkpt lat="47.25654729225162" lon="17.993677212123576"><ele>406.7371288197819</ele></trkpt>
<trkpt lat="47.25667349245032" lon="17.993644928597952"><ele>405.89770759097286</ele></trkpt>
<trkpt lat="47.256810000385705" lon="17.993610008054294"><ele>405.04526401036605</ele></trkpt>
<trkpt lat="47.256946508317036" lon="17.993575087329774"><ele>404.2187960263471</ele></trkpt>
<trkpt lat="47.257072708501866" lon="17.99354280331547"><ele>403.46801317352345</ele></trkpt>
<trkpt lat="47.25718609364966" lon="17.993513797458114"><ele>402.8049271137027</ele></trkpt>
<trkpt lat="47.257293907035724" lon="17.99348621683491"><ele>402.18813411078725</ele></trkpt>
<trkpt lat="47.257407285143856" lon="17.99345721127621"><ele>401.55362379872594</ele></trkpt>
<trkpt lat="47.25753341510285" lon="17.993424932107427"><ele>400.8578501241767</ele></trkpt>
<trkpt lat="47.25766960012399" lon="17.993390035302543"><ele>400.1104923874312</ele></trkpt>
<trkpt lat="47.25780510433348" lon="17.993355190772945"><ele>399.3639725731563</ele></trkpt>
<trkpt lat="47.257928911110426" lon="17.993323090116537"><ele>398.6710582010582</ele></trkpt>
<trkpt lat="47.25803756564903" lon="17.993294447810438"><ele>398.04236151603504</ele></trkpt>
<trkpt lat="47.258137230351274" lon="17.99326749415853"><ele>397.4355976676385</ele></trkpt>
<trkpt lat="47.25823891955434" lon="17.993239238134706"><ele>396.7831814868805</ele></trkpt>
<trkpt lat="47.258350968968" lon="17.993207509474697"><ele>396.038398436094</ele></trkpt>
<trkpt lat="47.25847365609676" lon="17.993172427868842"><ele>395.2092348288522</ele></trkpt>
<trkpt lat="47.258598847536355" lon="17.993136482298944"><ele>394.3604049238743</ele></trkpt>
<trkpt lat="47.25871805177048" lon="17.993102205679733"><ele>393.558039313609</ele></trkpt>
<trkpt lat="47.25883000003589" lon="17.993070002932363"><ele>392.8179166666667</ele></trkpt>
<trkpt lat="47.25894263635102" lon="17.99303759802723"><ele>392.09099537037036</ele></trkpt>
<trkpt lat="47.25906412297169" lon="17.993002623519814"><ele>391.323649691358</ele></trkpt>
<trkpt lat="47.259193973787895" lon="17.992965148835896"><ele>390.5180324074074</ele></trkpt>
<trkpt lat="47.259322078204555" lon="17.99292792351229"><ele>389.74310185185186</ele></trkpt>
<trkpt lat="47.25943760546179" lon="17.992893800046303"><ele>389.0804706790123</ele></trkpt>
<trkpt lat="47.259538125004745" lon="17.992863125793203"><ele>388.56645833333334</ele></trkpt>
<trkpt lat="47.25963115629156" lon="17.99283338366048"><ele>388.17590907407407</ele></trkpt>
<trkpt lat="47.25972609295005" lon="17.992801711477647"><ele>387.85669950617284</ele></trkpt>
<trkpt lat="47.25982614923893" lon="17.992767335257405"><ele>387.56655796296303</ele></trkpt>
<trkpt lat="47.25992551992461" lon="17.99273228306205"><ele>387.29013981481484</ele></trkpt>
<trkpt lat="47.26001734270922" lon="17.992698572328347"><ele>387.019710308642</ele></trkpt>
<trkpt lat="47.260099388223686" lon="17.99266649544737"><ele>386.7441506310014</ele></trkpt>
<trkpt lat="47.26017567095423" lon="17.992634379023944"><ele>386.4484786694101</ele></trkpt>
<trkpt lat="47.26024908800855" lon="17.9926013038768"><ele>386.1362933744856</ele></trkpt>
<trkpt lat="47.26031994917873" lon="17.992567016265014"><ele>385.82582175582996</ele></trkpt>
<trkpt lat="47.26038803147535" lon="17.992530524238322"><ele>385.5336000137175</ele></trkpt>
<trkpt lat="47.260458125094026" lon="17.99248770957935"><ele>385.24958333333336</ele></trkpt>
<trkpt lat="47.26053820234148" lon="17.992433092798453"><ele>384.9450874485597</ele></trkpt>
<trkpt lat="47.26063364227876" lon="17.992363823459282"><ele>384.59656378600823</ele></trkpt>
<trkpt lat="47.26074131989125" lon="17.9922834892798"><ele>384.2094290123457</ele></trkpt>
<trkpt lat="47.260851242866615" lon="17.992200576821254"><ele>383.8128137860083</ele></trkpt>
<trkpt lat="47.26095434481533" lon="17.99212250969644"><ele>383.43193930041156</ele></trkpt>
<trkpt lat="47.26105000071442" lon="17.992050005541763"><ele>383.06166666666667</ele></trkpt>
<trkpt lat="47.261145641968966" lon="17.99197749169232"><ele>382.66971965020576</ele></trkpt>
<trkpt lat="47.26124859797636" lon="17.991899329393043"><ele>382.22852109053497</ele></trkpt>
<trkpt lat="47.261357850241055" lon="17.991815981562553"><ele>381.746612654321</ele></trkpt>
<trkpt lat="47.26146344337616" lon="17.991734296706653"><ele>381.26744855967075</ele></trkpt>
<trkpt lat="47.26155391307536" lon="17.991661809353857"><ele>380.83561471193417</ele></trkpt>
<trkpt lat="47.26162416676068" lon="17.991600834563595"><ele>380.46270833333335</ele></trkpt>
<trkpt lat="47.26167760775106" lon="17.991547202286124"><ele>380.12153301097396</ele></trkpt>
<trkpt lat="47.26172134037214" lon="17.99149454015677"><ele>379.7740288614541</ele></trkpt>
<trkpt lat="47.26176108387274" lon="17.991438213253282"><ele>379.3966594032922</ele></trkpt>
<trkpt lat="47.26179881220937" lon="17.99137612597024"><ele>378.9854179355282</ele></trkpt>
<trkpt lat="47.26183540030188" lon="17.991304209371727"><ele>378.52509967764064</ele></trkpt>
<trkpt lat="47.26187219988796" lon="17.991216503788692"><ele>377.98594370370375</ele></trkpt>
<trkpt lat="47.26191117506364" lon="17.991108702821407"><ele>377.3437135802469</ele></trkpt>
<trkpt lat="47.26195184916809" lon="17.990985999736353"><ele>376.6313318518519</ele></trkpt>
<trkpt lat="47.26199166425446" lon="17.99085935337888"><ele>375.92353629629633</ele></trkpt>
<trkpt lat="47.26202802085641" lon="17.990737113816262"><ele>375.2912079012346</ele></trkpt>
<trkpt lat="47.262061563845734" lon="17.99061510620076"><ele>374.7416666666667</ele></trkpt>
<trkpt lat="47.2620954205448" lon="17.990480916040937"><ele>374.2313820301784</ele></trkpt>
<trkpt lat="47.262132483784065" lon="17.990324878433928"><ele>373.71341220850485</ele></trkpt>
<trkpt lat="47.26217257978295" lon="17.990150870404054"><ele>373.1895164609054</ele></trkpt>
<trkpt lat="47.26221280056043" lon="17.989974076340875"><ele>372.7158504801098</ele></trkpt>
<trkpt lat="47.26225028959061" lon="17.98980853194492"><ele>372.36928326474634</ele></trkpt>
<trkpt lat="47.262285012021685" lon="17.989655012687457"><ele>372.2075000000001</ele></trkpt>
<trkpt lat="47.26231973540537" lon="17.989501464509342"><ele>372.2460390946503</ele></trkpt>
<trkpt lat="47.262357236367485" lon="17.989335632250746"><ele>372.4613991769548</ele></trkpt>
<trkpt lat="47.26239751498777" lon="17.989157515859443"><ele>372.8016358024692</ele></trkpt>
<trkpt lat="47.2624377934648" lon="17.98897939919705"><ele>373.21272633744866</ele></trkpt>
<trkpt lat="47.262475293938095" lon="17.98881356619874"><ele>373.6698662551441</ele></trkpt>
<trkpt lat="47.26251001632793" lon="17.988660016916786"><ele>374.20000000000005</ele></trkpt>
<trkpt lat="47.26254473838252" lon="17.988506467433456"><ele>374.8606447187929</ele></trkpt>
<trkpt lat="47.2625822379092" lon="17.98834063376526"><ele>375.68437585733886</ele></trkpt>
<trkpt lat="47.26262251498771" lon="17.988162515859926"><ele>376.6286008230453</ele></trkpt>
<trkpt lat="47.26266279192296" lon="17.98798439768349"><ele>377.5874622770919</ele></trkpt>
<trkpt lat="47.262700290960844" lon="17.987818563275518"><ele>378.46113854595336</ele></trkpt>
<trkpt lat="47.262735012021565" lon="17.987665012688247"><ele>379.2233333333333</ele></trkpt>
<trkpt lat="47.26276972631889" lon="17.987511480333772"><ele>379.9236822702332</ele></trkpt>
<trkpt lat="47.26280716012823" lon="17.98734582959859"><ele>380.6258136145405</ele></trkpt>
<trkpt lat="47.26284713996805" lon="17.98716855815819"><ele>381.34470421810704</ele></trkpt>
<trkpt lat="47.262886496129696" lon="17.98699307458287"><ele>382.03756515775035</ele></trkpt>
<trkpt lat="47.26292180171762" lon="17.986833524899307"><ele>382.6508736282579</ele></trkpt>
<trkpt lat="47.26295218884571" lon="17.98669239782267"><ele>383.17062500000003</ele></trkpt>
<trkpt lat="47.26297986178234" lon="17.98655858484921"><ele>383.6340008984911</ele></trkpt>
<trkpt lat="47.26300771166186" lon="17.986418665988396"><ele>384.09068364883404</ele></trkpt>
<trkpt lat="47.26303694861252" lon="17.98626779703257"><ele>384.5631252880658</ele></trkpt>
<trkpt lat="47.263066285248826" lon="17.986112885660415"><ele>385.03175284636484</ele></trkpt>
<trkpt lat="47.26309425192499" lon="17.98596033418699"><ele>385.4718317626886</ele></trkpt>
<trkpt lat="47.263120823703716" lon="17.985808492366715"><ele>385.8807066666667</ele></trkpt>
<trkpt lat="47.26314753185187" lon="17.98564923314183"><ele>386.2816711111111</ele></trkpt>
<trkpt lat="47.26317508444446" lon="17.98548270278933"><ele>386.6872133333334</ele></trkpt>
<trkpt lat="47.26320278074077" lon="17.98532077089208"><ele>387.0880133333334</ele></trkpt>
<trkpt lat="47.263229979259286" lon="17.98517720340872"><ele>387.47279555555565</ele></trkpt>
<trkpt lat="47.263257501710655" lon="17.98505546166991"><ele>387.8504882167353</ele></trkpt>
<trkpt lat="47.263286986471364" lon="17.9849482748632"><ele>388.2423698902607</ele></trkpt>
<trkpt lat="47.26331851602496" lon="17.98484875206011"><ele>388.6473690946503</ele></trkpt>
<trkpt lat="47.263350951016726" lon="17.984754258857286"><ele>389.0414389026064</ele></trkpt>
<trkpt lat="47.263383763727376" lon="17.98466354996965"><ele>389.3991227846365</ele></trkpt>
<trkpt lat="47.26341944509318" lon="17.984569376884565"><ele>389.72625</ele></trkpt>
<trkpt lat="47.26346215717075" lon="17.984460741438525"><ele>390.05299811385464</ele></trkpt>
<trkpt lat="47.263514478551656" lon="17.984330478365553"><ele>390.4075934499314</ele></trkpt>
<trkpt lat="47.26357424865544" lon="17.984183101240824"><ele>390.78848508230453</ele></trkpt>
<trkpt lat="47.26363557111355" lon="17.98403248059072"><ele>391.16679869684504</ele></trkpt>
<trkpt lat="47.2636931897036" lon="17.9838911496658"><ele>391.5125968792867</ele></trkpt>
<trkpt lat="47.26374667223968" lon="17.983760011274647"><ele>391.8214583333334</ele></trkpt>
<trkpt lat="47.263800170535845" lon="17.983628839183393"><ele>392.1160073731139</ele></trkpt>
<trkpt lat="47.26385794848254" lon="17.9834871730268"><ele>392.42203017832657</ele></trkpt>
<trkpt lat="47.263920006138356" lon="17.98333501273503"><ele>392.7443647119342</ele></trkpt>
<trkpt lat="47.26398206369105" lon="17.98318285208286"><ele>393.0656181412895</ele></trkpt>
<trkpt lat="47.26403984128592" lon="17.98304118494046"><ele>393.3679518175583</ele></trkpt>
<trkpt lat="47.26409333886676" lon="17.982910011371775"><ele>393.65500000000003</ele></trkpt>
<trkpt lat="47.264146832209796" lon="17.982778861528704"><ele>393.9512234224966</ele></trkpt>
<trkpt lat="47.26420456913406" lon="17.982637433529543"><ele>394.27827246227713</ele></trkpt>
<trkpt lat="47.26426644169991" lon="17.982486375503356"><ele>394.6308461934157</ele></trkpt>
<trkpt lat="47.26432792617753" lon="17.982337645813775"><ele>394.9763511659808</ele></trkpt>
<trkpt lat="47.26438433880073" lon="17.98220416321525"><ele>395.27927897805216</ele></trkpt>
<trkpt lat="47.26443513953163" lon="17.982089168770127"><ele>395.5264583333334</ele></trkpt>
<trkpt lat="47.26448414237582" lon="17.981985016807165"><ele>395.73142746913584</ele></trkpt>
<trkpt lat="47.264535609387934" lon="17.981881744899287"><ele>395.916712962963</ele></trkpt>
<trkpt lat="47.264590358397804" lon="17.981775880588255"><ele>396.095162037037</ele></trkpt>
<trkpt lat="47.264645717312646" lon="17.981671513227706"><ele>396.2653780864198</ele></trkpt>
<trkpt lat="47.26469926554696" lon="17.98157334959895"><ele>396.42256944444443</ele></trkpt>
<trkpt lat="47.264752500000014" lon="17.981479584222058"><ele>396.5704166666667</ele></trkpt>
<trkpt lat="47.2648103948047" lon="17.981381971240694"><ele>396.72191958161864</ele></trkpt>
<trkpt lat="47.26487702803666" lon="17.98127326262997"><ele>396.8877357681756</ele></trkpt>
<trkpt lat="47.26495139275553" lon="17.981154708255048"><ele>397.06330504115226</ele></trkpt>
<trkpt lat="47.2650281276022" lon="17.98103565479815"><ele>397.22748113854595</ele></trkpt>
<trkpt lat="47.26510284858985" lon="17.980925243369263"><ele>397.3544195816187</ele></trkpt>
<trkpt lat="47.26517718768328" lon="17.98082416867043"><ele>397.42687500000005</ele></trkpt>
<trkpt lat="47.265257931165564" lon="17.980724635919096"><ele>397.44208676268863</ele></trkpt>
<trkpt lat="47.26535060758744" lon="17.98061846771371"><ele>397.40719050068594</ele></trkpt>
<trkpt lat="47.265453307198186" lon="17.980505200770992"><ele>397.33144547325105</ele></trkpt>
<trkpt lat="47.26555737896509" lon="17.98039226618752"><ele>397.2156164266118</ele></trkpt>
<trkpt lat="47.26565473769302" lon="17.98028723242573"><ele>397.04393861454054</ele></trkpt>
<trkpt lat="47.26574500139273" lon="17.98019000693689"><ele>396.78104166666674</ele></trkpt>
<trkpt lat="47.26583528853336" lon="17.980092787982347"><ele>396.38800497256517</ele></trkpt>
<trkpt lat="47.2659328826532" lon="17.97998782175416"><ele>395.85065500685874</ele></trkpt>
<trkpt lat="47.26603803843048" lon="17.979875200826193"><ele>395.2024871399177</ele></trkpt>
<trkpt lat="47.26614410898729" lon="17.979762912344306"><ele>394.50749914266123</ele></trkpt>
<trkpt lat="47.266244824674374" lon="17.979659080848315"><ele>393.8103815157751</ele></trkpt>
<trkpt lat="47.266341458687364" lon="17.979564169720227"><ele>393.09250000000003</ele></trkpt>
<trkpt lat="47.26644235552007" lon="17.979470809445164"><ele>392.2861659807956</ele></trkpt>
<trkpt lat="47.266554973146526" lon="17.979371307798473"><ele>391.34137517146775</ele></trkpt>
<trkpt lat="47.26667803837166" lon="17.97926520137709"><ele>390.289609053498</ele></trkpt>
<trkpt lat="47.26680201837831" lon="17.979159427350474"><ele>389.2371776406036</ele></trkpt>
<trkpt lat="47.26691775757882" lon="17.979061060300573"><ele>388.2901165980796</ele></trkpt>
<trkpt lat="47.26702500129774" lon="17.97897000766618"><ele>387.4791666666667</ele></trkpt>
<trkpt lat="47.26713220845315" lon="17.978879000113416"><ele>386.7535150891633</ele></trkpt>
<trkpt lat="47.26724758293426" lon="17.978781086280822"><ele>386.04493141289436</ele></trkpt>
<trkpt lat="47.267369886356896" lon="17.978677400356048"><ele>385.3344341563786</ele></trkpt>
<trkpt lat="47.26748774060608" lon="17.978577788980907"><ele>384.6655178326475</ele></trkpt>
<trkpt lat="47.26758793285617" lon="17.978493779398807"><ele>384.0988237311386</ele></trkpt>
<trkpt lat="47.26766427100411" lon="17.978431043249028"><ele>383.6616666666667</ele></trkpt>
<trkpt lat="47.26772083726741" lon="17.978386733459345"><ele>383.3255898491084</ele></trkpt>
<trkpt lat="47.267766821015776" lon="17.9783538206576"><ele>383.0275994513032</ele></trkpt>
<trkpt lat="47.26781211806359" lon="17.978325337113702"><ele>382.6797325102881</ele></trkpt>
<trkpt lat="47.26786214977865" lon="17.978298219432073"><ele>382.204451303155</ele></trkpt>
<trkpt lat="47.26791886359755" lon="17.978271935123793"><ele>381.5655898491084</ele></trkpt>
<trkpt lat="47.26797960905351" lon="17.978248127669534"><ele>380.83222222222224</ele></trkpt>
<trkpt lat="47.26804033071848" lon="17.97822823481511"><ele>380.1509233539095</ele></trkpt>
<trkpt lat="47.26809731588651" lon="17.978213349673364"><ele>379.6527494855967</ele></trkpt>
<trkpt lat="47.268149424511336" lon="17.978203449102516"><ele>379.34263117283956</ele></trkpt>
<trkpt lat="47.26819969735942" lon="17.97819791667751"><ele>379.0857818930042</ele></trkpt>
<trkpt lat="47.2682529955007" lon="17.978196055303357"><ele>378.7115805761317</ele></trkpt>
<trkpt lat="47.26831386055557" lon="17.978197196645617"><ele>378.1219822222223</ele></trkpt>
<trkpt lat="47.26838120791668" lon="17.978200601632533"><ele>377.35796166666677</ele></trkpt>
<trkpt lat="47.26845071319447" lon="17.97820558606474"><ele>376.5326361111112</ele></trkpt>
<trkpt lat="47.26851948069446" lon="17.978212071600666"><ele>375.73611277777786</ele></trkpt>
<trkpt lat="47.26859017267492" lon="17.978220606219498"><ele>374.9690919890261</ele></trkpt>
<trkpt lat="47.26866723374488" lon="17.978231581452356"><ele>374.18766323731137</ele></trkpt>
<trkpt lat="47.26875026098767" lon="17.97824431176078"><ele>373.38500633744854</ele></trkpt>
<trkpt lat="47.268834443868336" lon="17.978257372109006"><ele>372.6050600274349</ele></trkpt>
<trkpt lat="47.268916088724296" lon="17.9782695777698"><ele>371.8950228532236</ele></trkpt>
<trkpt lat="47.26899916666668" lon="17.978281041498718"><ele>371.24083333333334</ele></trkpt>
<trkpt lat="47.26909251543212" lon="17.978292799859908"><ele>370.58125600137174</ele></trkpt>
<trkpt lat="47.26920226851854" lon="17.978305746487873"><ele>369.861130829904</ele></trkpt>
<trkpt lat="47.26932412037039" lon="17.97831951104726"><ele>369.08825874485603</ele></trkpt>
<trkpt lat="47.26944447530867" lon="17.978332444038237"><ele>368.32944101508923</ele></trkpt>
<trkpt lat="47.26954912037039" lon="17.978342552992306"><ele>367.6572745198903</ele></trkpt>
<trkpt lat="47.26963208333336" lon="17.97834854158201"><ele>367.0952083333334</ele></trkpt>
<trkpt lat="47.26969800990229" lon="17.97835015772758"><ele>366.6022410836763</ele></trkpt>
<trkpt lat="47.26975576324591" lon="17.978347869530488"><ele>366.1191503772291</ele></trkpt>
<trkpt lat="47.26981223572533" lon="17.9783422556994"><ele>365.61234825102883</ele></trkpt>
<trkpt lat="47.26986871656381" lon="17.97833344827429"><ele>365.10053155006864</ele></trkpt>
<trkpt lat="47.269924118655716" lon="17.978321154910617"><ele>364.61791323731137</ele></trkpt>
<trkpt lat="47.26997717506862" lon="17.9783051346994"><ele>364.1877331961591</ele></trkpt>
<trkpt lat="47.27002748135292" lon="17.978286000639176"><ele>363.80729423868314</ele></trkpt>
<trkpt lat="47.270075329003795" lon="17.978264139406384"><ele>363.4605109739369</ele></trkpt>
<trkpt lat="47.27012269825963" lon="17.97823838162577"><ele>363.1197076474623</ele></trkpt>
<trkpt lat="47.27017541666669" lon="17.978204583813525"><ele>362.73604166666667</ele></trkpt>
<trkpt lat="47.27024060956792" lon="17.978157890848276"><ele>362.25561728395064</ele></trkpt>
<trkpt lat="47.27032196759261" lon="17.978096344474892"><ele>361.65235339506177</ele></trkpt>
<trkpt lat="47.270414560185216" lon="17.978024365850388"><ele>360.9652777777778</ele></trkpt>
<trkpt lat="47.27050640432101" lon="17.977951305900067"><ele>360.28718364197533</ele></trkpt>
<trkpt lat="47.27058520833336" lon="17.97788606987253"><ele>359.7145679012346</ele></trkpt>
<trkpt lat="47.27064520833334" lon="17.977831875500012"><ele>359.2964583333333</ele></trkpt>
<trkpt lat="47.27068920524694" lon="17.97778458278717"><ele>359.01951560356656</ele></trkpt>
<trkpt lat="47.27072364197532" lon="17.977737853435922"><ele>358.83673182441703</ele></trkpt>
<trkpt lat="47.27075386574076" lon="17.977687219812093"><ele>358.69516718106996</ele></trkpt>
<trkpt lat="47.270780252914975" lon="17.97763462203273"><ele>358.5592361111111</ele></trkpt>
<trkpt lat="47.27080099194104" lon="17.97758322795271"><ele>358.4106507201646</ele></trkpt>
<trkpt lat="47.27081374485599" lon="17.977534218136558"><ele>358.25156378600826</ele></trkpt>
<trkpt lat="47.27081837448562" lon="17.97748295609882"><ele>358.0913648834019</ele></trkpt>
<trkpt lat="47.27081565843625" lon="17.97742496567276"><ele>357.930548696845</ele></trkpt>
<trkpt lat="47.27080726337451" lon="17.977361172787315"><ele>357.7354115226338</ele></trkpt>
<trkpt lat="47.27079513508919" lon="17.977299412180717"><ele>357.45291006858713</ele></trkpt>
<trkpt lat="47.27078087692731" lon="17.97724778639613"><ele>357.04422392318247</ele></trkpt>
<trkpt lat="47.270765025185206" lon="17.97720855911447"><ele>356.5393471604938</ele></trkpt>
<trkpt lat="47.27074555555558" lon="17.977175964762427"><ele>356.00222304526744</ele></trkpt>
<trkpt lat="47.27071774716051" lon="17.977140064651795"><ele>355.4823443621399</ele></trkpt>
<trkpt lat="47.270675524444464" lon="17.977090897300066"><ele>354.960362962963</ele></trkpt>
<trkpt lat="47.27061615555557" lon="17.977024110407196"><ele>354.3985303703704</ele></trkpt>
<trkpt lat="47.270544493333354" lon="17.97694423919234"><ele>353.7968222222222</ele></trkpt>
<trkpt lat="47.270471968888906" lon="17.976863074834466"><ele>353.2152325925926</ele></trkpt>
<trkpt lat="47.27040965777779" lon="17.976791875041414"><ele>352.72205185185186</ele></trkpt>
<trkpt lat="47.270361452400564" lon="17.976733782124892"><ele>352.33926578875173</ele></trkpt>
<trkpt lat="47.27032397146779" lon="17.976683853574436"><ele>352.0410787379973</ele></trkpt>
<trkpt lat="47.27029130534981" lon="17.97663367309989"><ele>351.7934684773662</ele></trkpt>
<trkpt lat="47.2702602628258" lon="17.976577688474002"><ele>351.59069761316874</ele></trkpt>
<trkpt lat="47.27023042770921" lon="17.976514158162498"><ele>351.4289099588478</ele></trkpt>
<trkpt lat="47.27020351851853" lon="17.97644656366364"><ele>351.25829218107</ele></trkpt>
<trkpt lat="47.270181104252416" lon="17.976380370277145"><ele>350.971207133059</ele></trkpt>
<trkpt lat="47.27016436899866" lon="17.97632016454951"><ele>350.4838751714678</ele></trkpt>
<trkpt lat="47.270153127572044" lon="17.976265390913493"><ele>349.83500000000004</ele></trkpt>
<trkpt lat="47.27014633058988" lon="17.97621113852881"><ele>349.1865569272977</ele></trkpt>
<trkpt lat="47.270142928669436" lon="17.976152256509558"><ele>348.70354595336084</ele></trkpt>
<trkpt lat="47.270142736625544" lon="17.976087263382247"><ele>348.4363374485597</ele></trkpt>
<trkpt lat="47.27014641975312" lon="17.97601857341568"><ele>348.3159807956105</ele></trkpt>
<trkpt lat="47.27015454732513" lon="17.975949945178055"><ele>348.2437105624143</ele></trkpt>
<trkpt lat="47.27016656378603" lon="17.975885082363273"><ele>348.1548971193416</ele></trkpt>
<trkpt lat="47.27018102709193" lon="17.975826928211625"><ele>348.0233127572017</ele></trkpt>
<trkpt lat="47.270197079904" lon="17.97577705337537"><ele>347.84179012345686</ele></trkpt>
<trkpt lat="47.270215051440346" lon="17.975734833719937"><ele>347.619890260631</ele></trkpt>
<trkpt lat="47.270235920781914" lon="17.97569895666054"><ele>347.38606995884777</ele></trkpt>
<trkpt lat="47.27026052469138" lon="17.975668928366996"><ele>347.15669410150895</ele></trkpt>
<trkpt lat="47.27029012517148" lon="17.975645023187898"><ele>346.9158984910837</ele></trkpt>
<trkpt lat="47.27032612997258" lon="17.975626880182293"><ele>346.6161385459534</ele></trkpt>
<trkpt lat="47.27036890946504" lon="17.975614300441016"><ele>346.21069958847744</ele></trkpt>
<trkpt lat="47.27041624010975" lon="17.97560791243603"><ele>345.68116943758577</ele></trkpt>
<trkpt lat="47.270464931742126" lon="17.97560885973178"><ele>345.0400580521262</ele></trkpt>
<trkpt lat="47.270511645102886" lon="17.975616666780333"><ele>344.3498513580247</ele></trkpt>
<trkpt lat="47.27055604142662" lon="17.975630010886945"><ele>343.677295473251</ele></trkpt>
<trkpt lat="47.2706008239232" lon="17.975648682374356"><ele>343.06417465020576</ele></trkpt>
<trkpt lat="47.270652148148166" lon="17.975674616049034"><ele>342.47835555555554</ele></trkpt>
<trkpt lat="47.270714167407434" lon="17.975709130021727"><ele>341.87125777777777</ele></trkpt>
<trkpt lat="47.270784577777796" lon="17.97574966183102"><ele>341.2326666666667</ele></trkpt>
<trkpt lat="47.27085426962965" lon="17.97578961891822"><ele>340.6156311111112</ele></trkpt>
<trkpt lat="47.27091383703706" lon="17.97582217162093"><ele>340.08208888888896</ele></trkpt>
<trkpt lat="47.27096016427987" lon="17.97584412849108"><ele>339.6453562139918</ele></trkpt>
<trkpt lat="47.27099677201649" lon="17.97585646606525"><ele>339.2692477366255</ele></trkpt>
<trkpt lat="47.27102964543212" lon="17.975861538421043"><ele>338.9045190123457</ele></trkpt>
<trkpt lat="47.271062280054906" lon="17.975860644944575"><ele>338.5335811796982</ele></trkpt>
<trkpt lat="47.2710954188752" lon="17.975853848252044"><ele>338.1651584087792</ele></trkpt>
<trkpt lat="47.27112726337452" lon="17.97584109056649"><ele>337.8319958847737</ele></trkpt>
<trkpt lat="47.2711558033265" lon="17.97582238172243"><ele>337.5636951303155</ele></trkpt>
<trkpt lat="47.271178980624164" lon="17.9757968981817"><ele>337.3647616598079</ele></trkpt>
<trkpt lat="47.27119586934158" lon="17.97576378946412"><ele>337.1960253772291</ele></trkpt>
<trkpt lat="47.271205726166" lon="17.975723475663628"><ele>336.9865586419753</ele></trkpt>
<trkpt lat="47.271207974965726" lon="17.97567745197631"><ele>336.6799622770919</ele></trkpt>
<trkpt lat="47.27120206307873" lon="17.975626417991116"><ele>336.25107006601513</ele></trkpt>
<trkpt lat="47.27118837287809" lon="17.97556936890949"><ele>335.71298471793557</ele></trkpt>
<trkpt lat="47.271168127893525" lon="17.9755062781543"><ele>335.11319026491776</ele></trkpt>
<trkpt lat="47.27114168981483" lon="17.97543644611779"><ele>334.5112800068587</ele></trkpt>
<trkpt lat="47.2711076986883" lon="17.97535763255494"><ele>333.9498221021948</ele></trkpt>
<trkpt lat="47.27106434606483" lon="17.975266249530428"><ele>333.42427083333337</ele></trkpt>
<trkpt lat="47.27101318576391" lon="17.975164999456858"><ele>332.9145052083333</ele></trkpt>
<trkpt lat="47.27095893807873" lon="17.975063749491643"><ele>332.40389756944444</ele></trkpt>
<trkpt lat="47.27090597222226" lon="17.974972956763192"><ele>331.8814583333333</ele></trkpt>
<trkpt lat="47.27085536747687" lon="17.974896139717433"><ele>331.3331163194444</ele></trkpt>
<trkpt lat="47.27080681423613" lon="17.974831267092487"><ele>330.76341145833334</ele></trkpt>
<trkpt lat="47.27076134837965" lon="17.9747770599767"><ele>330.20802083333336</ele></trkpt>
<trkpt lat="47.27072067921299" lon="17.974734167264"><ele>329.70768138888894</ele></trkpt>
<trkpt lat="47.27068479240743" lon="17.97470240898063"><ele>329.27372722222225</ele></trkpt>
<trkpt lat="47.27065167173614" lon="17.974679066458883"><ele>328.8919068750001</ele></trkpt>
<trkpt lat="47.27061806261577" lon="17.974660699700337"><ele>328.5419572916667</ele></trkpt>
<trkpt lat="47.27057926266206" lon="17.974644457364178"><ele>328.2007963194445</ele></trkpt>
<trkpt lat="47.27052938074077" lon="17.974628048758"><ele>327.8341777777778</ele></trkpt>
<trkpt lat="47.27046503703706" lon="17.97460991982417"><ele>327.41454666666675</ele></trkpt>
<trkpt lat="47.27039016888892" lon="17.974590253138615"><ele>326.9538666666667</ele></trkpt>
<trkpt lat="47.27031558814818" lon="17.97457101760642"><ele>326.5082755555556</ele></trkpt>
<trkpt lat="47.27025222518521" lon="17.974554359878905"><ele>326.1401333333334</ele></trkpt>
<trkpt lat="47.27020404938274" lon="17.97454078472747"><ele>325.87481190672156</ele></trkpt>
<trkpt lat="47.27016762962965" lon="17.974528987334846"><ele>325.69303072702337</ele></trkpt>
<trkpt lat="47.27013674074076" lon="17.974516703998034"><ele>325.5546046090535</ele></trkpt>
<trkpt lat="47.270107229938304" lon="17.974501721802113"><ele>325.4246304252401</ele></trkpt>
<trkpt lat="47.270077282407435" lon="17.97448140848774"><ele>325.277871303155</ele></trkpt>
<trkpt lat="47.27004694444447" lon="17.974453351281298"><ele>325.09916409465023</ele></trkpt>
<trkpt lat="47.2700172299383" lon="17.97441579125841"><ele>324.88019118655694</ele></trkpt>
<trkpt lat="47.26999017939817" lon="17.974370164115744"><ele>324.62903463648837</ele></trkpt>
<trkpt lat="47.26996787615743" lon="17.974320335593365"><ele>324.3642824074074</ele></trkpt>
<trkpt lat="47.26995110532408" lon="17.974271168939712"><ele>324.10731481481486</ele></trkpt>
<trkpt lat="47.269939189814835" lon="17.974222893482995"><ele>323.855625</ele></trkpt>
<trkpt lat="47.269930289351876" lon="17.974170940355087"><ele>323.58294270833335</ele></trkpt>
<trkpt lat="47.26992274305558" lon="17.974109395208746"><ele>323.25841145833334</ele></trkpt>
<trkpt lat="47.26991598958336" lon="17.974038845439953"><ele>322.88752604166666</ele></trkpt>
<trkpt lat="47.26991092013891" lon="17.973966330986606"><ele>322.5124305555555</ele></trkpt>
<trkpt lat="47.269909095293244" lon="17.973898978473446"><ele>322.17693587105623</ele></trkpt>
<trkpt lat="47.269911535493854" lon="17.97383864370681"><ele>321.89214334705076</ele></trkpt>
<trkpt lat="47.26991841435188" lon="17.973783124712117"><ele>321.63546907150203</ele></trkpt>
<trkpt lat="47.26992965663582" lon="17.9737317823431"><ele>321.3761517275377</ele></trkpt>
<trkpt lat="47.269945806327186" lon="17.97368505031069"><ele>321.0700481181413</ele></trkpt>
<trkpt lat="47.26996726508918" lon="17.97364344655649"><ele>320.67554698216736</ele></trkpt>
<trkpt lat="47.26999348851169" lon="17.973606448958336"><ele>320.1749099794239</ele></trkpt>
<trkpt lat="47.27002330761318" lon="17.973574914316348"><ele>319.62938100137177</ele></trkpt>
<trkpt lat="47.27005604305214" lon="17.973550540410457"><ele>319.14588218792875</ele></trkpt>
<trkpt lat="47.27009223077505" lon="17.97353407496515"><ele>318.8082020096022</ele></trkpt>
<trkpt lat="47.27013181251031" lon="17.97352495852313"><ele>318.5976895473251</ele></trkpt>
<trkpt lat="47.27017593278465" lon="17.973522585141673"><ele>318.40225377229086</ele></trkpt>
<trkpt lat="47.2702287039232" lon="17.973528065541487"><ele>318.0627103429356</ele></trkpt>
<trkpt lat="47.27029806518521" lon="17.97354320268419"><ele>317.444045925926</ele></trkpt>
<trkpt lat="47.270388690370396" lon="17.973568352171085"><ele>316.502642962963</ele></trkpt>
<trkpt lat="47.27049491555558" lon="17.973600168404456"><ele>315.33875111111115</ele></trkpt>
<trkpt lat="47.27060099703706" lon="17.97363227216801"><ele>314.16422518518516</ele></trkpt>
<trkpt lat="47.27069113185187" lon="17.973658402677476"><ele>313.1865348148148</ele></trkpt>
<trkpt lat="47.270759196435215" lon="17.973675555823693"><ele>312.49686548611106</ele></trkpt>
<trkpt lat="47.27080973634261" lon="17.973684475635828"><ele>312.053278125</ele></trkpt>
<trkpt lat="47.270851380138915" lon="17.97368749040436"><ele>311.751649375</ele></trkpt>
<trkpt lat="47.27089148370372" lon="17.9736862344586"><ele>311.4904005555556</ele></trkpt>
<trkpt lat="47.27093518104168" lon="17.97368096006173"><ele>311.1978658333333</ele></trkpt>
<trkpt lat="47.270985402199095" lon="17.973671409208233"><ele>310.84218749999997</ele></trkpt>
<trkpt lat="47.27104181423612" lon="17.973657855989977"><ele>310.447265625</ele></trkpt>
<trkpt lat="47.271101313657425" lon="17.97364065404248"><ele>310.09023437499997</ele></trkpt>
<trkpt lat="47.27116110337965" lon="17.973619686197754"><ele>309.85317590277776</ele></trkpt>
<trkpt lat="47.27122089296298" lon="17.973594306834197"><ele>309.7700116666667</ele></trkpt>
<trkpt lat="47.271280765902794" lon="17.97356468749824"><ele>309.80601083333335</ele></trkpt>
<trkpt lat="47.27134037789354" lon="17.973530924916222"><ele>309.8947097222223</ele></trkpt>
<trkpt lat="47.271400889606504" lon="17.973490997669867"><ele>309.97843250000005</ele></trkpt>
<trkpt lat="47.27146724296298" lon="17.973440153163022"><ele>310.0324577777779</ele></trkpt>
<trkpt lat="47.27154417481484" lon="17.973375008186757"><ele>310.05726666666675</ele></trkpt>
<trkpt lat="47.27162991555558" lon="17.973298565325084"><ele>310.0670266666667</ele></trkpt>
<trkpt lat="47.271715512592614" lon="17.973219679329343"><ele>310.0802355555556</ele></trkpt>
<trkpt lat="47.27179195407409" lon="17.973146197681032"><ele>310.11681333333337</ele></trkpt>
<trkpt lat="47.271856621412915" lon="17.973079814253307"><ele>310.19238713991774</ele></trkpt>
<trkpt lat="47.27191327702334" lon="17.973017699841858"><ele>310.312105452675</ele></trkpt>
<trkpt lat="47.27196599831278" lon="17.97296016198172"><ele>310.4661966049383</ele></trkpt>
<trkpt lat="47.27201705591223" lon="17.972913483887975"><ele>310.6405502057613</ele></trkpt>
<trkpt lat="47.272068391783286" lon="17.972887980359264"><ele>310.83067726337447</ele></trkpt>
<trkpt lat="47.27212541666669" lon="17.97289270786498"><ele>311.05354166666666</ele></trkpt>
<trkpt lat="47.27219526920441" lon="17.972932306128918"><ele>311.3362525720165</ele></trkpt>
<trkpt lat="47.27228192729769" lon="17.973004396723656"><ele>311.69344650205767</ele></trkpt>
<trkpt lat="47.272381270576155" lon="17.97309807706087"><ele>312.10630401234573</ele></trkpt>
<trkpt lat="47.272482776063136" lon="17.97319699691065"><ele>312.52988940329226</ele></trkpt>
<trkpt lat="47.272576812414286" lon="17.9732869663349"><ele>312.92369084362144</ele></trkpt>
<trkpt lat="47.27266166666669" lon="17.9733629156748"><ele>313.28083333333336</ele></trkpt>
<trkpt lat="47.27274409876546" lon="17.973429290992186"><ele>313.63041028806583</ele></trkpt>
<trkpt lat="47.272832061728415" lon="17.973493374462034"><ele>314.0088008230453</ele></trkpt>
<trkpt lat="47.27292788888891" lon="17.97355902434567"><ele>314.435349382716</ele></trkpt>
<trkpt lat="47.27302641975311" lon="17.973624448215574"><ele>314.91020205761316</ele></trkpt>
<trkpt lat="47.273122864197546" lon="17.97368726889512"><ele>315.4502374485596</ele></trkpt>
<trkpt lat="47.27321772888892" lon="17.973747980003875"><ele>316.09669777777776</ele></trkpt>
<trkpt lat="47.273315906666696" lon="17.97380977847429"><ele>316.88331999999997</ele></trkpt>
<trkpt lat="47.27341721333337" lon="17.973872634766465"><ele>317.76910666666663</ele></trkpt>
<trkpt lat="47.27351377777781" lon="17.97393146748154"><ele>318.63635555555555</ele></trkpt>
<trkpt lat="47.27359577333335" lon="17.973979535840115"><ele>319.35972</ele></trkpt>
<trkpt lat="47.273660518024705" lon="17.97401413817627"><ele>319.88942211248286</ele></trkpt>
<trkpt lat="47.27371309135805" lon="17.974037699453426"><ele>320.26092866941013</ele></trkpt>
<trkpt lat="47.273760653333355" lon="17.974054527827274"><ele>320.5422900411523</ele></trkpt>
<trkpt lat="47.27380596274351" lon="17.974067255538774"><ele>320.77736367626886</ele></trkpt>
<trkpt lat="47.27384875314131" lon="17.97407653237554"><ele>320.9814086694102</ele></trkpt>
<trkpt lat="47.27388804526751" lon="17.974081872418125"><ele>321.154279835391</ele></trkpt>
<trkpt lat="47.273925035150924" lon="17.97408306370352"><ele>321.3005332647462</ele></trkpt>
<trkpt lat="47.27396141546641" lon="17.974080022735475"><ele>321.42559842249653</ele></trkpt>
<trkpt lat="47.27399841306587" lon="17.974073038869744"><ele>321.5349845679012</ele></trkpt>
<trkpt lat="47.27403806241428" lon="17.974061748174556"><ele>321.6348353909465</ele></trkpt>
<trkpt lat="47.27408320096027" lon="17.97404527826929"><ele>321.7321068312757</ele></trkpt>
<trkpt lat="47.27413689629661" lon="17.974022758131607"><ele>321.83381629629633</ele></trkpt>
<trkpt lat="47.274198152779306" lon="17.973995163851164"><ele>321.93773444444446</ele></trkpt>
<trkpt lat="47.274264043523814" lon="17.973964236929614"><ele>322.034112962963</ele></trkpt>
<trkpt lat="47.27433402316244" lon="17.973930206249378"><ele>322.1112514814815</ele></trkpt>
<trkpt lat="47.27441331706829" lon="17.973890344753325"><ele>322.1656044444445</ele></trkpt>
<trkpt lat="47.27450747635317" lon="17.973841935740875"><ele>322.2017911111111</ele></trkpt>
<trkpt lat="47.27461473786532" lon="17.97378619340305"><ele>322.22772</ele></trkpt>
<trkpt lat="47.27472580752307" lon="17.973728223493744"><ele>322.24976888888887</ele></trkpt>
<trkpt lat="47.27483296161401" lon="17.97367221335021"><ele>322.2727155555556</ele></trkpt>
<trkpt lat="47.27493638654222" lon="17.973618127909283"><ele>322.30015683127573</ele></trkpt>
<trkpt lat="47.275041594818234" lon="17.973563077717472"><ele>322.3335014403292</ele></trkpt>
<trkpt lat="47.27514937913307" lon="17.973506562145463"><ele>322.3693949382716</ele></trkpt>
<trkpt lat="47.275255029731476" lon="17.973450844116062"><ele>322.4002529218107</ele></trkpt>
<trkpt lat="47.275353768544164" lon="17.97339809116385"><ele>322.41672720164615</ele></trkpt>
<trkpt lat="47.275449270851894" lon="17.973345938722595"><ele>322.41125</ele></trkpt>
<trkpt lat="47.27555121700073" lon="17.973288918033703"><ele>322.3799031207133</ele></trkpt>
<trkpt lat="47.27566729509909" lon="17.973222796384935"><ele>322.32379543895746</ele></trkpt>
<trkpt lat="47.275794877830116" lon="17.97314895088512"><ele>322.2494778806584</ele></trkpt>
<trkpt lat="47.275922252657935" lon="17.973073317214954"><ele>322.16576303155006</ele></trkpt>
<trkpt lat="47.276037621313485" lon="17.973001093932336"><ele>322.0775883058985</ele></trkpt>
<trkpt lat="47.27613812500002" lon="17.9729316677885"><ele>321.9810416666667</ele></trkpt>
<trkpt lat="47.27623048182444" lon="17.97285915238452"><ele>321.8663040123457</ele></trkpt>
<trkpt lat="47.27632303926614" lon="17.972778380895747"><ele>321.7275000000001</ele></trkpt>
<trkpt lat="47.276417556584384" lon="17.972690880932042"><ele>321.5721990740741</ele></trkpt>
<trkpt lat="47.276507915809354" lon="17.972604877699883"><ele>321.4206404320988</ele></trkpt>
<trkpt lat="47.27658628429358" lon="17.972529213842282"><ele>321.2946064814815</ele></trkpt>
<trkpt lat="47.2766497916667" lon="17.972467083939556"><ele>321.2058333333333</ele></trkpt>
<trkpt lat="47.27670276363171" lon="17.97241428841094"><ele>321.152743805727</ele></trkpt>
<trkpt lat="47.276752166923885" lon="17.972364158876967"><ele>321.1265707518861</ele></trkpt>
<trkpt lat="47.27680324459879" lon="17.972312192971415"><ele>321.11861914866256</ele></trkpt>
<trkpt lat="47.27685703189302" lon="17.97225875373837"><ele>321.12533521947876</ele></trkpt>
<trkpt lat="47.276913690522136" lon="17.9722052807539"><ele>321.14753547239366</ele></trkpt>
<trkpt lat="47.27697325520836" lon="17.97215275782232"><ele>321.1863744212963</ele></trkpt>
<trkpt lat="47.27703549479168" lon="17.972101154813075"><ele>321.23829861111113</ele></trkpt>
<trkpt lat="47.27709857638891" lon="17.972051516488918"><ele>321.29583622685186</ele></trkpt>
<trkpt lat="47.277161051759265" lon="17.972004799804328"><ele>321.3521242361111</ele></trkpt>
<trkpt lat="47.27722317907409" lon="17.971960753967238"><ele>321.40409981481486</ele></trkpt>
<trkpt lat="47.2772849346528" lon="17.971918648531382"><ele>321.44913701388896</ele></trkpt>
<trkpt lat="47.27734529247687" lon="17.971878029325797"><ele>321.4812436342593</ele></trkpt>
<trkpt lat="47.27740430557873" lon="17.97183774486873"><ele>321.4908205324074</ele></trkpt>
<trkpt lat="47.27746593111127" lon="17.971794402614123"><ele>321.46996296296294</ele></trkpt>
<trkpt lat="47.27753487777929" lon="17.971744447172014"><ele>321.4162859259259</ele></trkpt>
<trkpt lat="47.27761114000773" lon="17.971687593935332"><ele>321.33268888888887</ele></trkpt>
<trkpt lat="47.27768934224929" lon="17.971626645137288"><ele>321.2196325925926</ele></trkpt>
<trkpt lat="47.27776490896207" lon="17.971562714223083"><ele>321.06542962962965</ele></trkpt>
<trkpt lat="47.277838946826805" lon="17.971492497607606"><ele>320.84864000000005</ele></trkpt>
<trkpt lat="47.27791613584702" lon="17.971411552314"><ele>320.55611111111114</ele></trkpt>
<trkpt lat="47.27799762711542" lon="17.971321024832598"><ele>320.2046133333334</ele></trkpt>
<trkpt lat="47.27807933392626" lon="17.97122798236951"><ele>319.83544</ele></trkpt>
<trkpt lat="47.27815725845726" lon="17.971138455209417"><ele>319.4825955555556</ele></trkpt>
<trkpt lat="47.27823275327208" lon="17.97105152483959"><ele>319.1484251851852</ele></trkpt>
<trkpt lat="47.278310781333666" lon="17.970961730523026"><ele>318.8133437037037</ele></trkpt>
<trkpt lat="47.2783929648932" lon="17.970867460412485"><ele>318.4702355555556</ele></trkpt>
<trkpt lat="47.27847593880999" lon="17.970773118313307"><ele>318.13603703703706</ele></trkpt>
<trkpt lat="47.27855666386385" lon="17.970683078516146"><ele>317.8313585185185</ele></trkpt>
<trkpt lat="47.27863735933245" lon="17.970595707118335"><ele>317.55630814814816</ele></trkpt>
<trkpt lat="47.27872289187892" lon="17.97050580853094"><ele>317.294162962963</ele></trkpt>
<trkpt lat="47.27881267778551" lon="17.970413505519023"><ele>317.0387644444445</ele></trkpt>
<trkpt lat="47.27889851185336" lon="17.970327166074384"><ele>316.8067896296297</ele></trkpt>
<trkpt lat="47.27897055925942" lon="17.97025761763252"><ele>316.6245748148149</ele></trkpt>
<trkpt lat="47.27902507703706" lon="17.97020989217309"><ele>316.5049348148148</ele></trkpt>
<trkpt lat="47.279066020740764" lon="17.970181299399844"><ele>316.4385274074074</ele></trkpt>
<trkpt lat="47.27910059111113" lon="17.970166502257126"><ele>316.4026177777778</ele></trkpt>
<trkpt lat="47.27913616740743" lon="17.970162770308036"><ele>316.37116296296296</ele></trkpt>
<trkpt lat="47.27918054370372" lon="17.97017193608209"><ele>316.319957037037</ele></trkpt>
<trkpt lat="47.27924170814817" lon="17.97019764104402"><ele>316.23015259259256</ele></trkpt>
<trkpt lat="47.279323714074096" lon="17.97024080674206"><ele>316.09604296296294</ele></trkpt>
<trkpt lat="47.2794210977778" lon="17.970296097004617"><ele>315.93363111111114</ele></trkpt>
<trkpt lat="47.27952034962966" lon="17.970353255599907"><ele>315.7773985185185</ele></trkpt>
<trkpt lat="47.279608730370406" lon="17.970402796533364"><ele>315.66437481481483</ele></trkpt>
<trkpt lat="47.279682652245405" lon="17.970441103963562"><ele>315.6163983564815</ele></trkpt>
<trkpt lat="47.27974674247689" lon="17.970470296902953"><ele>315.6315674768519</ele></trkpt>
<trkpt lat="47.27980591965281" lon="17.97049381895482"><ele>315.6893146527778</ele></trkpt>
<trkpt lat="47.27985971740743" lon="17.970512831383324"><ele>315.760032962963</ele></trkpt>
<trkpt lat="47.2799049871991" lon="17.97052662621621"><ele>315.81955321759267</ele></trkpt>
<trkpt lat="47.279940627893545" lon="17.970534632498723"><ele>315.8570052083334</ele></trkpt>
<trkpt lat="47.279970329861136" lon="17.970537690969064"><ele>315.8770312500001</ele></trkpt>
<trkpt lat="47.28000059317132" lon="17.97053682003693"><ele>315.89200520833344</ele></trkpt>
<trkpt lat="47.28003761799133" lon="17.970532619169028"><ele>315.9138971407751</ele></trkpt>
<trkpt lat="47.2800845241775" lon="17.970525223542953"><ele>315.9499914266118</ele></trkpt>
<trkpt lat="47.28013879147651" lon="17.970515291925402"><ele>316.0041219778807</ele></trkpt>
<trkpt lat="47.280195782867075" lon="17.970503395946935"><ele>316.08509655778465</ele></trkpt>
<trkpt lat="47.28025285528561" lon="17.970489199421163"><ele>316.21300400805904</ele></trkpt>
<trkpt lat="47.280314375058" lon="17.97047055640699"><ele>316.4225</ele></trkpt>
<trkpt lat="47.28038789877422" lon="17.970444820919877"><ele>316.747858367627</ele></trkpt>
<trkpt lat="47.280478251216536" lon="17.97041083461441"><ele>317.2010408093279</ele></trkpt>
<trkpt lat="47.28058161293292" lon="17.970370757834587"><ele>317.7542232510288</ele></trkpt>
<trkpt lat="47.280687718991445" lon="17.970329128591466"><ele>318.3571364883402</ele></trkpt>
<trkpt lat="47.28078743614766" lon="17.97028984483357"><ele>318.980018861454</ele></trkpt>
<trkpt lat="47.280880000505746" lon="17.97025333867675"><ele>319.65041666666673</ele></trkpt>
<trkpt lat="47.28097259313713" lon="17.970216816389282"><ele>320.43613168724283</ele></trkpt>
<trkpt lat="47.281072593162314" lon="17.970177372175485"><ele>321.3798096707819</ele></trkpt>
<trkpt lat="47.281180000585366" lon="17.970135006002"><ele>322.43561728395065</ele></trkpt>
<trkpt lat="47.28128740799857" lon="17.970092639656777"><ele>323.47545781893007</ele></trkpt>
<trkpt lat="47.281387407990216" lon="17.970053194975073"><ele>324.3646502057613</ele></trkpt>
<trkpt lat="47.28148000055338" lon="17.97001667199138"><ele>325.0395833333333</ele></trkpt>
<trkpt lat="47.28157255708139" lon="17.969980157171534"><ele>325.52495627572017</ele></trkpt>
<trkpt lat="47.28167219691564" lon="17.96994079495589"><ele>325.88721965020585</ele></trkpt>
<trkpt lat="47.28177794784342" lon="17.969898809092733"><ele>326.18491512345685</ele></trkpt>
<trkpt lat="47.281880205972264" lon="17.969857627022286"><ele>326.4484310699589</ele></trkpt>
<trkpt lat="47.28196792708028" lon="17.969821007772598"><ele>326.6940612139918</ele></trkpt>
<trkpt lat="47.282036250065204" lon="17.969790070320233"><ele>326.9422916666667</ele></trkpt>
<trkpt lat="47.282088566490074" lon="17.969762650043663"><ele>327.2236439437586</ele></trkpt>
<trkpt lat="47.28213202552652" lon="17.969735374941784"><ele>327.5621991220851</ele></trkpt>
<trkpt lat="47.282172954948436" lon="17.969705452055504"><ele>327.9602047942387</ele></trkpt>
<trkpt lat="47.28221505331764" lon="17.969670791380093"><ele>328.3986174554184</ele></trkpt>
<trkpt lat="47.28226223319489" lon="17.969627557661106"><ele>328.87192912894375</ele></trkpt>
<trkpt lat="47.28231936903608" lon="17.969570398297154"><ele>329.401205925926</ele></trkpt>
<trkpt lat="47.282390124712315" lon="17.969495791674635"><ele>330.0149940740741</ele></trkpt>
<trkpt lat="47.282472027079095" lon="17.969407300608353"><ele>330.6966044444445</ele></trkpt>
<trkpt lat="47.2825573783227" lon="17.96931421081302"><ele>331.3809451851852</ele></trkpt>
<trkpt lat="47.28263990284669" lon="17.969223911835215"><ele>332.0040503703704</ele></trkpt>
<trkpt lat="47.28272014358757" lon="17.969136051836994"><ele>332.5545200000001</ele></trkpt>
<trkpt lat="47.28280311980563" lon="17.969045315275398"><ele>333.06875111111117</ele></trkpt>
<trkpt lat="47.28289054930883" lon="17.968950214025842"><ele>333.58057333333335</ele></trkpt>
<trkpt lat="47.28297891288681" lon="17.96885547194009"><ele>334.10188000000005</ele></trkpt>
<trkpt lat="47.28306507651472" lon="17.968765961164223"><ele>334.6484755555556</ele></trkpt>
<trkpt lat="47.28315155429722" lon="17.968680438984073"><ele>335.2618296296297</ele></trkpt>
<trkpt lat="47.28324397734563" lon="17.96859333650429"><ele>335.9809881481482</ele></trkpt>
<trkpt lat="47.28334304933281" lon="17.96850271420415"><ele>336.78415555555557</ele></trkpt>
<trkpt lat="47.28344305539335" lon="17.968412451042163"><ele>337.58588592592594</ele></trkpt>
<trkpt lat="47.28353866584675" lon="17.968326574282603"><ele>338.30014074074074</ele></trkpt>
<trkpt lat="47.283630255480475" lon="17.968244410990312"><ele>338.89875872583957</ele></trkpt>
<trkpt lat="47.2837221923264" lon="17.968161916328672"><ele>339.41089890940503</ele></trkpt>
<trkpt lat="47.283814221631324" lon="17.968079210639296"><ele>339.8629371687723</ele></trkpt>
<trkpt lat="47.28390217612072" lon="17.967999815153757"><ele>340.2589623107656</ele></trkpt>
<trkpt lat="47.28398185443927" lon="17.967927139743704"><ele>340.5873985703488</ele></trkpt>
<trkpt lat="47.28405599881253" lon="17.967858245771485"><ele>340.8548396501458</ele></trkpt>
<trkpt lat="47.28413247120934" lon="17.96778553508848"><ele>341.08362973760933</ele></trkpt>
<trkpt lat="47.284220278876276" lon="17.967700502893088"><ele>341.30270489148046</ele></trkpt>
<trkpt lat="47.284323533671156" lon="17.96759945390312"><ele>341.5305911888565</ele></trkpt>
<trkpt lat="47.28443827054167" lon="17.967486615136"><ele>341.76889212827984</ele></trkpt>
<trkpt lat="47.284554316658216" lon="17.96737225726602"><ele>342.00530774214445</ele></trkpt>
<trkpt lat="47.2846620390865" lon="17.967266024906387"><ele>342.2267606090055</ele></trkpt>
<trkpt lat="47.28475893049145" lon="17.967170454568034"><ele>342.4327551020408</ele></trkpt>
<trkpt lat="47.284851073348584" lon="17.967079565355224"><ele>342.63897959183674</ele></trkpt>
<trkpt lat="47.28494796231292" lon="17.966983992998436"><ele>342.86681513875396</ele></trkpt>
<trkpt lat="47.28505566262512" lon="17.966877745604226"><ele>343.12881006370804</ele></trkpt>
<trkpt lat="47.28517160873376" lon="17.966763323104608"><ele>343.41764658244256</ele></trkpt>
<trkpt lat="47.28528603609957" lon="17.96665028804527"><ele>343.71098693445634</ele></trkpt>
<trkpt lat="47.285388553897505" lon="17.96654877548562"><ele>343.9883506100853</ele></trkpt>
<trkpt lat="47.28547490560479" lon="17.966462831003245"><ele>344.2474344023324</ele></trkpt>
<trkpt lat="47.28554887051919" lon="17.96638855188936"><ele>344.5075655976677</ele></trkpt>
<trkpt lat="47.285619105740516" lon="17.96631721453954"><ele>344.80097241334636</ele></trkpt>
<trkpt lat="47.285693328800924" lon="17.966241130241173"><ele>345.15192097181733</ele></trkpt>
<trkpt lat="47.28577449753457" lon="17.966157494640136"><ele>345.5635208551992</ele></trkpt>
<trkpt lat="47.28585908756024" lon="17.96607014023617"><ele>346.01163271784907</ele></trkpt>
<trkpt lat="47.28594347485155" lon="17.96598292754503"><ele>346.4792988143829</ele></trkpt>
<trkpt lat="47.28602752058342" lon="17.965896046905975"><ele>346.97184000000004</ele></trkpt>
<trkpt lat="47.28611531162022" lon="17.965805258465068"><ele>347.51333777777785</ele></trkpt>
<trkpt lat="47.28620737371865" lon="17.965709918626786"><ele>348.0998133333334</ele></trkpt>
<trkpt lat="47.28629922025028" lon="17.965614434916624"><ele>348.69448</ele></trkpt>
<trkpt lat="47.28638627569307" lon="17.965523155731038"><ele>349.2639288888889</ele></trkpt>
<trkpt lat="47.28646934587903" lon="17.96543488829065"><ele>349.81224411522635</ele></trkpt>
<trkpt lat="47.286553158322285" lon="17.9653446971649"><ele>350.3676847736626</ele></trkpt>
<trkpt lat="47.2866387300478" lon="17.96525211329614"><ele>350.92795530864197</ele></trkpt>
<trkpt lat="47.286722852127504" lon="17.965161554615836"><ele>351.453118600823</ele></trkpt>
<trkpt lat="47.286802358162" lon="17.965077574470858"><ele>351.89306386831277</ele></trkpt>
<trkpt lat="47.28688083333335" lon="17.964997501127307"><ele>352.2341666666667</ele></trkpt>
<trkpt lat="47.286966499485985" lon="17.964913387672905"><ele>352.4986316872428</ele></trkpt>
<trkpt lat="47.287065661012285" lon="17.964818577908158"><ele>352.72158436213994</ele></trkpt>
<trkpt lat="47.28717602625549" lon="17.964714501074088"><ele>352.92385802469136</ele></trkpt>
<trkpt lat="47.28728813793346" lon="17.964609571754227"><ele>353.10717078189293</ele></trkpt>
<trkpt lat="47.287393258943304" lon="17.96451185331164"><ele>353.26542181069954</ele></trkpt>
<trkpt lat="47.28749104211233" lon="17.964421826538015"><ele>353.3983333333333</ele></trkpt>
<trkpt lat="47.28758923011082" lon="17.964332468646145"><ele>353.51555126886143</ele></trkpt>
<trkpt lat="47.287695605010455" lon="17.964236543416515"><ele>353.6285948216736</ele></trkpt>
<trkpt lat="47.28781005101439" lon="17.964133847815575"><ele>353.7412371399177</ele></trkpt>
<trkpt lat="47.28792458019206" lon="17.964031297592452"><ele>353.8474759945131</ele></trkpt>
<trkpt lat="47.28803123891135" lon="17.963935868749697"><ele>353.9386685528121</ele></trkpt>
<trkpt lat="47.28813000398121" lon="17.963847520783535"><ele>354.01145833333334</ele></trkpt>
<trkpt lat="47.28822876979805" lon="17.96375917399123"><ele>354.06994598765436</ele></trkpt>
<trkpt lat="47.288335436783484" lon="17.96366375908518"><ele>354.1214660493827</ele></trkpt>
<trkpt lat="47.28845000496391" lon="17.963561275979387"><ele>354.17219907407406</ele></trkpt>
<trkpt lat="47.28856457309693" lon="17.96345879242914"><ele>354.22667438271606</ele></trkpt>
<trkpt lat="47.288671239920546" lon="17.963363376310607"><ele>354.2909645061729</ele></trkpt>
<trkpt lat="47.28877000540839" lon="17.963275027709756"><ele>354.3754166666667</ele></trkpt>
<trkpt lat="47.28886877078525" lon="17.963186678779426"><ele>354.4916195130316</ele></trkpt>
<trkpt lat="47.288975437295505" lon="17.963091261564298"><ele>354.64437328532244</ele></trkpt>
<trkpt lat="47.28909000496553" lon="17.962988775978374"><ele>354.8243492798355</ele></trkpt>
<trkpt lat="47.289204572588076" lon="17.96288628994803"><ele>355.0117266803842</ele></trkpt>
<trkpt lat="47.28931123893633" lon="17.962790871520514"><ele>355.18973679698223</ele></trkpt>
<trkpt lat="47.28941000398381" lon="17.96270252078189"><ele>355.3572916666667</ele></trkpt>
<trkpt lat="47.28950876463399" lon="17.962614179361726"><ele>355.5276568930042</ele></trkpt>
<trkpt lat="47.28961538780734" lon="17.962518856315864"><ele>355.71421810699593</ele></trkpt>
<trkpt lat="47.28972975780614" lon="17.9624168120495"><ele>355.91690586419753</ele></trkpt>
<trkpt lat="47.28984371200745" lon="17.962315703180334"><ele>356.1228369341564</ele></trkpt>
<trkpt lat="47.28994891632547" lon="17.96222357236699"><ele>356.32046553497946</ele></trkpt>
<trkpt lat="47.29004479211268" lon="17.96214172217239"><ele>356.5133333333334</ele></trkpt>
<trkpt lat="47.29013873876761" lon="17.962064229390375"><ele>356.7185579561043</ele></trkpt>
<trkpt lat="47.290238616616364" lon="17.961984241830088"><ele>356.95037208504806</ele></trkpt>
<trkpt lat="47.29034522808343" lon="17.961900372158535"><ele>357.20372942386837</ele></trkpt>
<trkpt lat="47.290452227692455" lon="17.96181713328234"><ele>357.45492455418383</ele></trkpt>
<trkpt lat="47.29055343002561" lon="17.96173929844568"><ele>357.6793604252401</ele></trkpt>
<trkpt lat="47.290650069665425" lon="17.961666183109596"><ele>357.86958333333337</ele></trkpt>
<trkpt lat="47.290750451099996" lon="17.961591657199417"><ele>358.0373499657064</ele></trkpt>
<trkpt lat="47.29086206975957" lon="17.96150995338433"><ele>358.1992292524006</ele></trkpt>
<trkpt lat="47.2909838067875" lon="17.961421495673502"><ele>358.36172582304533</ele></trkpt>
<trkpt lat="47.291106347713246" lon="17.961332732823905"><ele>358.5186505486969</ele></trkpt>
<trkpt lat="47.29122070957058" lon="17.961249988049723"><ele>358.66151663237315</ele></trkpt>
<trkpt lat="47.29132666856433" lon="17.961173346251986"><ele>358.79062500000003</ele></trkpt>
<trkpt lat="47.29143263576253" lon="17.961096701006074"><ele>358.91617112482857</ele></trkpt>
<trkpt lat="47.291547080263854" lon="17.961013923795726"><ele>359.0485536694101</ele></trkpt>
<trkpt lat="47.29167000208828" lon="17.960925014540646"><ele>359.1881430041152</ele></trkpt>
<trkpt lat="47.29179292387765" lon="17.960836104871273"><ele>359.32457218792865</ele></trkpt>
<trkpt lat="47.29190736825926" lon="17.96075332653046"><ele>359.4461711248285</ele></trkpt>
<trkpt lat="47.29201333521411" lon="17.96067667959776"><ele>359.5497916666667</ele></trkpt>
<trkpt lat="47.29211927751162" lon="17.960600044074916"><ele>359.6421442043896</ele></trkpt>
<trkpt lat="47.292233475898534" lon="17.96051738189375"><ele>359.73206618655695</ele></trkpt>
<trkpt lat="47.29235526682346" lon="17.960429009380537"><ele>359.8223122427984</ele></trkpt>
<trkpt lat="47.29247467377511" lon="17.96034177317642"><ele>359.9079843964335</ele></trkpt>
<trkpt lat="47.292580737160456" lon="17.960262988800473"><ele>359.98229852537725</ele></trkpt>
<trkpt lat="47.2926701391073" lon="17.96019423840812"><ele>360.0429166666667</ele></trkpt>
<trkpt lat="47.29274894100719" lon="17.960130314604143"><ele>360.093692962963</ele></trkpt>
<trkpt lat="47.292825717329066" lon="17.96006463970583"><ele>360.14028123456796</ele></trkpt>
<trkpt lat="47.29290463187583" lon="17.959994538335526"><ele>360.1852581481482</ele></trkpt>
<trkpt lat="47.29298285173953" lon="17.95992286048062"><ele>360.2257425925926</ele></trkpt>
<trkpt lat="47.293056661897765" lon="17.95985234223543"><ele>360.2566583950618</ele></trkpt>
<trkpt lat="47.29312550759279" lon="17.959782551792756"><ele>360.27457768175583</ele></trkpt>
<trkpt lat="47.29319278055762" lon="17.95971003791693"><ele>360.2803875857339</ele></trkpt>
<trkpt lat="47.29325967723287" lon="17.95963453628564"><ele>360.2776982304526</ele></trkpt>
<trkpt lat="47.29332459188916" lon="17.959558604951205"><ele>360.2702341289437</ele></trkpt>
<trkpt lat="47.29338559287867" lon="17.959484059003078"><ele>360.25969126200266</ele></trkpt>
<trkpt lat="47.29344562522656" lon="17.95940614740279"><ele>360.24541666666664</ele></trkpt>
<trkpt lat="47.29351103181475" lon="17.959316132030523"><ele>360.2257596021947</ele></trkpt>
<trkpt lat="47.29358664682186" lon="17.959208134678313"><ele>360.20016117969817</ele></trkpt>
<trkpt lat="47.29367073410153" lon="17.959085916633917"><ele>360.17107510288065</ele></trkpt>
<trkpt lat="47.29375606879111" lon="17.95896099553832"><ele>360.1438185871056</ele></trkpt>
<trkpt lat="47.29383594042373" lon="17.958843774667837"><ele>360.12446330589853</ele></trkpt>
<trkpt lat="47.293910001721834" lon="17.958735006385634"><ele>360.1175</ele></trkpt>
<trkpt lat="47.29398405599301" lon="17.958626242946124"><ele>360.12446759259257</ele></trkpt>
<trkpt lat="47.29406385857163" lon="17.95850907252553"><ele>360.1438657407407</ele></trkpt>
<trkpt lat="47.294148877105656" lon="17.95838438627601"><ele>360.1713194444444</ele></trkpt>
<trkpt lat="47.29423198289868" lon="17.95826290145835"><ele>360.2010185185184</ele></trkpt>
<trkpt lat="47.29430525849513" lon="17.958156655811514"><ele>360.22807870370366</ele></trkpt>
<trkpt lat="47.294366041893234" lon="17.958070105638374"><ele>360.250625</ele></trkpt>
<trkpt lat="47.29441868365714" lon="17.95799750099207"><ele>360.26996238425926</ele></trkpt>
<trkpt lat="47.29446977069918" lon="17.95792958897835"><ele>360.28826678240745</ele></trkpt>
<trkpt lat="47.29452368956826" lon="17.957860052898987"><ele>360.30639756944447</ele></trkpt>
<trkpt lat="47.29458009087998" lon="17.957789338995106"><ele>360.32247685185183</ele></trkpt>
<trkpt lat="47.294637369142976" lon="17.957719964065625"><ele>360.3337527777778</ele></trkpt>
<trkpt lat="47.29469433203832" lon="17.95765383481215"><ele>360.3380842592593</ele></trkpt>
<trkpt lat="47.29475062472874" lon="17.957591060589603"><ele>360.3347815972223</ele></trkpt>
<trkpt lat="47.29480586067098" lon="17.95753165496543"><ele>360.3220429398148</ele></trkpt>
<trkpt lat="47.29486162608023" lon="17.95747394307898"><ele>360.295047337963</ele></trkpt>
<trkpt lat="47.29492272606093" lon="17.957413270670784"><ele>360.2472355555556</ele></trkpt>
<trkpt lat="47.29499380543088" lon="17.957344851969424"><ele>360.17545777777786</ele></trkpt>
<trkpt lat="47.29507397815606" lon="17.957268904390265"><ele>360.08442666666673</ele></trkpt>
<trkpt lat="47.295156665684985" lon="17.957191088510765"><ele>359.9839111111112</ele></trkpt>
<trkpt lat="47.29523632649869" lon="17.957116294639135"><ele>359.8797688888889</ele></trkpt>
<trkpt lat="47.29531369835054" lon="17.95704369019526"><ele>359.7689362962963</ele></trkpt>
<trkpt lat="47.295393596055355" lon="17.956968688516273"><ele>359.64429037037036</ele></trkpt>
<trkpt lat="47.29547737371162" lon="17.956889917748192"><ele>359.5051022222222</ele></trkpt>
<trkpt lat="47.29556093580125" lon="17.956811003153394"><ele>359.3575792592593</ele></trkpt>
<trkpt lat="47.29564009791278" lon="17.95673551083434"><ele>359.20449185185186</ele></trkpt>
<trkpt lat="47.29571557341917" lon="17.95666242215957"><ele>359.039656920439</ele></trkpt>
<trkpt lat="47.29579165436241" lon="17.956587586920236"><ele>358.854802914952</ele></trkpt>
<trkpt lat="47.29586927027121" lon="17.95651042176932"><ele>358.6558592798354</ele></trkpt>
<trkpt lat="47.29594549816197" lon="17.956434119115844"><ele>358.4611751989026</ele></trkpt>
<trkpt lat="47.296017423428516" lon="17.956361646408745"><ele>358.2892779080933</ele></trkpt>
<trkpt lat="47.296088229326216" lon="17.956289689092102"><ele>358.14229166666667</ele></trkpt>
<trkpt lat="47.296165308520436" lon="17.956210680183283"><ele>358.0086531207133</ele></trkpt>
<trkpt lat="47.29625435922553" lon="17.956118882199"><ele>357.87474451303154</ele></trkpt>
<trkpt lat="47.296353355953734" lon="17.956016551802524"><ele>357.7373945473251</ele></trkpt>
<trkpt lat="47.29645380800184" lon="17.955912599471656"><ele>357.60411951303155</ele></trkpt>
<trkpt lat="47.29654782479859" lon="17.955815267131864"><ele>357.4841160836763</ele></trkpt>
<trkpt lat="47.296635001212394" lon="17.955725006218135"><ele>357.3787500000001</ele></trkpt>
<trkpt lat="47.296722172363744" lon="17.955634745012468"><ele>357.280391803841</ele></trkpt>
<trkpt lat="47.29681613739141" lon="17.95553741171366"><ele>357.1801894718793</ele></trkpt>
<trkpt lat="47.296916352352895" lon="17.955433457662984"><ele>357.07622170781895</ele></trkpt>
<trkpt lat="47.29701461299781" lon="17.955331124986074"><ele>356.97433299039784</ele></trkpt>
<trkpt lat="47.297101909172" lon="17.955239324704824"><ele>356.8812251371742</ele></trkpt>
<trkpt lat="47.29717552099287" lon="17.955160314043468"><ele>356.7972916666667</ele></trkpt>
<trkpt lat="47.29724043519108" lon="17.95508836314074"><ele>356.7153781550069</ele></trkpt>
<trkpt lat="47.297303624772496" lon="17.955015964105105"><ele>356.6271149519891</ele></trkpt>
<trkpt lat="47.29736821851573" lon="17.954940002041987"><ele>356.5286844650206</ele></trkpt>
<trkpt lat="47.2974312133588" lon="17.954863896034563"><ele>356.4217189643347</ele></trkpt>
<trkpt lat="47.297488455490544" lon="17.954791586677324"><ele>356.30507568587103</ele></trkpt>
<trkpt lat="47.29753906256946" lon="17.954722655459893"><ele>356.16999618055553</ele></trkpt>
<trkpt lat="47.297586470486124" lon="17.954652149234803"><ele>356.00365798611114</ele></trkpt>
<trkpt lat="47.29763419979168" lon="17.954576263040277"><ele>355.7970322916667</ele></trkpt>
<trkpt lat="47.29768352055557" lon="17.95449467467686"><ele>355.5422861111112</ele></trkpt>
<trkpt lat="47.29773480747688" lon="17.954407458855304"><ele>355.22514317129634</ele></trkpt>
<trkpt lat="47.29778848668983" lon="17.954313996453806"><ele>354.8351359953704</ele></trkpt>
<trkpt lat="47.297843680555566" lon="17.954215825172625"><ele>354.38873263888894</ele></trkpt>
<trkpt lat="47.29789662905094" lon="17.95411905717333"><ele>353.9316637731482</ele></trkpt>
<trkpt lat="47.29794351562502" lon="17.954029459269936"><ele>353.5063252314816</ele></trkpt>
<trkpt lat="47.29798336226853" lon="17.95394797770467"><ele>353.12576099537046</ele></trkpt>
<trkpt lat="47.298017855902806" lon="17.953871979391625"><ele>352.7844097222223</ele></trkpt>
<trkpt lat="47.2980487008102" lon="17.953799349154206"><ele>352.484597800926</ele></trkpt>
<trkpt lat="47.29807679539354" lon="17.953729025386338"><ele>352.23653210648155</ele></trkpt>
<trkpt lat="47.298102909629655" lon="17.95365939239633"><ele>352.04206925925934</ele></trkpt>
<trkpt lat="47.2981276065278" lon="17.953589603718893"><ele>351.88952451388894</ele></trkpt>
<trkpt lat="47.29815100810188" lon="17.953519593587867"><ele>351.7645478009259</ele></trkpt>
<trkpt lat="47.29817346356484" lon="17.953447394866433"><ele>351.6558719212963</ele></trkpt>
<trkpt lat="47.2981965777778" lon="17.953366589906977"><ele>351.55261333333334</ele></trkpt>
<trkpt lat="47.298222124444464" lon="17.95327102850385"><ele>351.4459511111111</ele></trkpt>
<trkpt lat="47.29825000000002" lon="17.953161875954407"><ele>351.33709333333337</ele></trkpt>
<trkpt lat="47.29827787555557" lon="17.95304740630884"><ele>351.2403066666667</ele></trkpt>
<trkpt lat="47.29830342222225" lon="17.952933701083232"><ele>351.17483555555555</ele></trkpt>
<trkpt lat="47.29832633481484" lon="17.952818102549802"><ele>351.1530503703704</ele></trkpt>
<trkpt lat="47.29834794074077" lon="17.952693271453303"><ele>351.1750607407408</ele></trkpt>
<trkpt lat="47.29836881777779" lon="17.952558227009007"><ele>351.23307111111114</ele></trkpt>
<trkpt lat="47.29838768296298" lon="17.952420164735763"><ele>351.32183407407405</ele></trkpt>
<trkpt lat="47.29840242370372" lon="17.95228503575708"><ele>351.44878370370367</ele></trkpt>
<trkpt lat="47.298411977685035" lon="17.952150313722495"><ele>351.6292789711934</ele></trkpt>
<trkpt lat="47.298416954535185" lon="17.95200851840544"><ele>351.8723417695473</ele></trkpt>
<trkpt lat="47.29841872804588" lon="17.95185971284573"><ele>352.16387172839507</ele></trkpt>
<trkpt lat="47.29841833700303" lon="17.951711139863683"><ele>352.47885201646096</ele></trkpt>
<trkpt lat="47.298415927593155" lon="17.951569006453713"><ele>352.80428884773664</ele></trkpt>
<trkpt lat="47.29841088729328" lon="17.95142677003218"><ele>353.1620833333334</ele></trkpt>
<trkpt lat="47.29840244210066" lon="17.951269422805613"><ele>353.59314386145405</ele></trkpt>
<trkpt lat="47.2983904193176" lon="17.95108572118415"><ele>354.12262259945135</ele></trkpt>
<trkpt lat="47.298375831439294" lon="17.950880468538227"><ele>354.7267926954733</ele></trkpt>
<trkpt lat="47.2983605159446" lon="17.95067176473839"><ele>355.3425222908094</ele></trkpt>
<trkpt lat="47.298346010264424" lon="17.950476286406044"><ele>355.9114463305899</ele></trkpt>
<trkpt lat="47.29833251676436" lon="17.950294994181355"><ele>356.4227083333334</ele></trkpt>
<trkpt lat="47.29831901529769" lon="17.950113666469232"><ele>356.9129363854596</ele></trkpt>
<trkpt lat="47.29830443330613" lon="17.94991783264417"><ele>357.42514746227715</ele></trkpt>
<trkpt lat="47.29828877090087" lon="17.949707492730152"><ele>357.96876286008234</ele></trkpt>
<trkpt lat="47.29827310829585" lon="17.949497152940737"><ele>358.5187817215364</ele></trkpt>
<trkpt lat="47.298258525622686" lon="17.949301319455707"><ele>359.052843792867</ele></trkpt>
<trkpt lat="47.29824502277015" lon="17.949119992251074"><ele>359.5875000000001</ele></trkpt>
<trkpt lat="47.29823151945017" lon="17.948938665139064"><ele>360.1734104938272</ele></trkpt>
<trkpt lat="47.29821693545701" lon="17.94874283196208"><ele>360.8513117283951</ele></trkpt>
<trkpt lat="47.29820127090189" lon="17.94853249274399"><ele>361.60995370370375</ele></trkpt>
<trkpt lat="47.29818560614698" lon="17.94832215365005"><ele>362.39404320987654</ele></trkpt>
<trkpt lat="47.2981710214721" lon="17.948126320811514"><ele>363.1587808641975</ele></trkpt>
<trkpt lat="47.298157516766004" lon="17.94794499420373"><ele>363.92125</ele></trkpt>
<trkpt lat="47.29814401823926" lon="17.947763724698902"><ele>364.75094478738</ele></trkpt>
<trkpt lat="47.29812949871345" lon="17.947568462287446"><ele>365.7019204389575</ele></trkpt>
<trkpt lat="47.29811413776749" lon="17.947360746329874"><ele>366.74551954732516</ele></trkpt>
<trkpt lat="47.298099421375916" lon="17.947158560699183"><ele>367.77298525377233</ele></trkpt>
<trkpt lat="47.2980871013089" lon="17.946982169722276"><ele>368.66890775034295</ele></trkpt>
<trkpt lat="47.29807807479351" lon="17.946839270028143"><ele>369.3866666666667</ele></trkpt>
<trkpt lat="47.29807204140928" lon="17.946720583896383"><ele>369.96924007630315</ele></trkpt>
<trkpt lat="47.29806820086195" lon="17.946610813456733"><ele>370.4940636788409</ele></trkpt>
<trkpt lat="47.29806612759579" lon="17.946499206479874"><ele>371.0205500900206</ele></trkpt>
<trkpt lat="47.29806646542339" lon="17.94638582519455"><ele>371.5599365569273</ele></trkpt>
<trkpt lat="47.29807029128275" lon="17.946274688842998"><ele>372.1037448559671</ele></trkpt>
<trkpt lat="47.29807821245221" lon="17.946169285515232"><ele>372.64036951303154</ele></trkpt>
<trkpt lat="47.298089306538934" lon="17.946070670167114"><ele>373.1590293852881</ele></trkpt>
<trkpt lat="47.2981021737416" lon="17.945978541042386"><ele>373.65015057013034</ele></trkpt>
<trkpt lat="47.298116140546774" lon="17.945889760770488"><ele>374.11864444015777</ele></trkpt>
<trkpt lat="47.29813250040193" lon="17.94579427155308"><ele>374.61</ele></trkpt>
<trkpt lat="47.29815334439513" lon="17.94567935351318"><ele>375.18727366255143</ele></trkpt>
<trkpt lat="47.298179836688305" lon="17.94553749501699"><ele>375.8895164609054</ele></trkpt>
<trkpt lat="47.29821058833006" lon="17.945374888049365"><ele>376.686450617284</ele></trkpt>
<trkpt lat="47.29824233788211" lon="17.94520783176664"><ele>377.4943621399177</ele></trkpt>
<trkpt lat="47.29827223541559" lon="17.94505079070857"><ele>378.2340637860083</ele></trkpt>
<trkpt lat="47.298300003054486" lon="17.944905003324376"><ele>378.8875</ele></trkpt>
<trkpt lat="47.298327772109694" lon="17.94475922606521"><ele>379.49900891632376</ele></trkpt>
<trkpt lat="47.29835768596167" lon="17.944602287356417"><ele>380.1211042524005</ele></trkpt>
<trkpt lat="47.29838951322717" lon="17.944435703378304"><ele>380.7586934156378</ele></trkpt>
<trkpt lat="47.298420508841936" lon="17.944274566346824"><ele>381.36002400548693</ele></trkpt>
<trkpt lat="47.29844758479294" lon="17.944136214794113"><ele>381.8583916323731</ele></trkpt>
<trkpt lat="47.298469583735255" lon="17.944028229883394"><ele>382.21833333333336</ele></trkpt>
<trkpt lat="47.298487747093134" lon="17.94394557695376"><ele>382.45091049382717</ele></trkpt>
<trkpt lat="47.298504398220636" lon="17.9438775885581"><ele>382.5918055555556</ele></trkpt>
<trkpt lat="47.298521759310866" lon="17.943815317934444"><ele>382.6744907407408</ele></trkpt>
<trkpt lat="47.29854211431602" lon="17.943753588126125"><ele>382.7137654320988</ele></trkpt>
<trkpt lat="47.29856898179247" lon="17.94368744519018"><ele>382.70652777777786</ele></trkpt>
<trkpt lat="47.29860791736432" lon="17.943608544473047"><ele>382.63791666666674</ele></trkpt>
<trkpt lat="47.29866467041083" lon="17.943506837256553"><ele>382.4936917009603</ele></trkpt>
<trkpt lat="47.298741223108735" lon="17.94337742241195"><ele>382.27219821673526</ele></trkpt>
<trkpt lat="47.29883225129088" lon="17.943227128139444"><ele>381.9917232510288</ele></trkpt>
<trkpt lat="47.298927104918505" lon="17.9430719269503"><ele>381.68014574759945</ele></trkpt>
<trkpt lat="47.29901671145619" lon="17.942925768317906"><ele>381.35251886145403</ele></trkpt>
<trkpt lat="47.29910000599567" lon="17.942790018041027"><ele>380.9925</ele></trkpt>
<trkpt lat="47.2991833397117" lon="17.942654216754786"><ele>380.56278206447183</ele></trkpt>
<trkpt lat="47.29927333989651" lon="17.942507550884848"><ele>380.04094221536354</ele></trkpt>
<trkpt lat="47.29937000661272" lon="17.942350020319452"><ele>379.45376286008235</ele></trkpt>
<trkpt lat="47.29946667321787" lon="17.94219248917609"><ele>378.87298696845</ele></trkpt>
<trkpt lat="47.29955667302366" lon="17.942045821728115"><ele>378.3729981138547</ele></trkpt>
<trkpt lat="47.29964000596907" lon="17.941910018084673"><ele>377.9877083333334</ele></trkpt>
<trkpt lat="47.29972331122309" lon="17.941774268877374"><ele>377.7019684499314</ele></trkpt>
<trkpt lat="47.29981303596415" lon="17.941628148699785"><ele>377.4796236282579</ele></trkpt>
<trkpt lat="47.2999084395435" lon="17.94147313898037"><ele>377.2939609053498</ele></trkpt>
<trkpt lat="47.3000011819435" lon="17.941323451259976"><ele>377.1405649862826</ele></trkpt>
<trkpt lat="47.300081825752876" lon="17.941195492146594"><ele>377.0283264746228</ele></trkpt>
<trkpt lat="47.300146667360295" lon="17.94109666955194"><ele>376.9664583333334</ele></trkpt>
<trkpt lat="47.30019980397827" lon="17.94102192039708"><ele>376.9569152949246</ele></trkpt>
<trkpt lat="47.30024836516906" lon="17.94096073868763"><ele>376.9935913923183</ele></trkpt>
<trkpt lat="47.3002980221519" lon="17.940904379928327"><ele>377.0654218106996</ele></trkpt>
<trkpt lat="47.30035050240685" lon="17.940850269521835"><ele>377.1598413923183</ele></trkpt>
<trkpt lat="47.30040657353882" lon="17.940798357300793"><ele>377.2692474708505</ele></trkpt>
<trkpt lat="47.300466004050946" lon="17.940749389743367"><ele>377.3892881944444</ele></trkpt>
<trkpt lat="47.30052620659723" lon="17.94070412351737"><ele>377.5130729166667</ele></trkpt>
<trkpt lat="47.30057995370372" lon="17.940665874036192"><ele>377.6250694444445</ele></trkpt>
<trkpt lat="47.300619632201666" lon="17.94063846783348"><ele>377.7094881687243</ele></trkpt>
<trkpt lat="47.30064304526751" lon="17.9406230041643"><ele>377.76305041152267</ele></trkpt>
<trkpt lat="47.30065677565589" lon="17.940615423440125"><ele>377.80337770061726</ele></trkpt>
<trkpt lat="47.30067200820905" lon="17.940609060917787"><ele>377.8599410579561</ele></trkpt>
<trkpt lat="47.30069782332392" lon="17.94059875165166"><ele>377.95766953875176</ele></trkpt>
<trkpt lat="47.30073625514405" lon="17.940583827220152"><ele>378.1039300411523</ele></trkpt>
<trkpt lat="47.30078272834021" lon="17.94056742952331"><ele>378.2873047462277</ele></trkpt>
<trkpt lat="47.30083120104254" lon="17.94055331181363"><ele>378.4895925377229</ele></trkpt>
<trkpt lat="47.30087744954734" lon="17.94054326965959"><ele>378.6891771193416</ele></trkpt>
<trkpt lat="47.300922290809346" lon="17.94053665928294"><ele>378.8729956104253</ele></trkpt>
<trkpt lat="47.30097062737999" lon="17.940532036075435"><ele>379.03727237311386</ele></trkpt>
<trkpt lat="47.301030522962975" lon="17.940528084479226"><ele>379.1952281481482</ele></trkpt>
<trkpt lat="47.301106748148165" lon="17.940524093378972"><ele>379.3609940740741</ele></trkpt>
<trkpt lat="47.301195675555576" lon="17.94051974671902"><ele>379.5365377777778</ele></trkpt>
<trkpt lat="47.301285752592605" lon="17.94051496894143"><ele>379.70618962962965</ele></trkpt>
<trkpt lat="47.301365900740755" lon="17.94050950671755"><ele>379.85185037037036</ele></trkpt>
<trkpt lat="47.30143314699076" lon="17.94050270996118"><ele>379.96803763888886</ele></trkpt>
<trkpt lat="47.30149202245373" lon="17.940493863487703"><ele>380.06295069444445</ele></trkpt>
<trkpt lat="47.30154783680559" lon="17.940482556459543"><ele>380.14762041666665</ele></trkpt>
<trkpt lat="47.30160208981484" lon="17.94046847989462"><ele>380.22758277777774</ele></trkpt>
<trkpt lat="47.30165441145836" lon="17.940450886042683"><ele>380.3044510648148</ele></trkpt>
<trkpt lat="47.30170514178243" lon="17.94042893240551"><ele>380.3789178240741</ele></trkpt>
<trkpt lat="47.301755824652794" lon="17.9404025261782"><ele>380.4503819444445</ele></trkpt>
<trkpt lat="47.30180791087965" lon="17.940371909889212"><ele>380.5139872685185</ele></trkpt>
<trkpt lat="47.30186345775465" lon="17.940336516419368"><ele>380.5640885416667</ele></trkpt>
<trkpt lat="47.30192449942131" lon="17.940295393792265"><ele>380.59932002314815</ele></trkpt>
<trkpt lat="47.301990329861134" lon="17.940249835372096"><ele>380.62516493055557</ele></trkpt>
<trkpt lat="47.302056721643545" lon="17.940203996228995"><ele>380.6512905092593</ele></trkpt>
<trkpt lat="47.30211955729169" lon="17.940161962034743"><ele>380.68734664351854</ele></trkpt>
<trkpt lat="47.302178339120395" lon="17.940124806323592"><ele>380.73834201388894</ele></trkpt>
<trkpt lat="47.30223516493058" lon="17.940091154684406"><ele>380.8009895833334</ele></trkpt>
<trkpt lat="47.30229227141206" lon="17.940059467760257"><ele>380.8653211805556</ele></trkpt>
<trkpt lat="47.3023514796065" lon="17.940028755363752"><ele>380.92155372685187</ele></trkpt>
<trkpt lat="47.30241460981483" lon="17.939998170200944"><ele>380.96715037037035</ele></trkpt>
<trkpt lat="47.302481297638906" lon="17.939967703760775"><ele>381.00826034722223</ele></trkpt>
<trkpt lat="47.30254974050928" lon="17.93993822696478"><ele>381.0579741898148</ele></trkpt>
<trkpt lat="47.302620221157426" lon="17.939910250460933"><ele>381.13499331018517</ele></trkpt>
<trkpt lat="47.30269812666671" lon="17.93988230475816"><ele>381.25853185185184</ele></trkpt>
<trkpt lat="47.302789157777966" lon="17.939852224840838"><ele>381.43750814814814</ele></trkpt>
<trkpt lat="47.30289215333421" lon="17.93981962045642"><ele>381.66004888888887</ele></trkpt>
<trkpt lat="47.30299881333636" lon="17.939786369376208"><ele>381.89969037037037</ele></trkpt>
<trkpt lat="47.303102348897035" lon="17.9397540827791"><ele>382.1370207407407</ele></trkpt>
<trkpt lat="47.30320408149929" lon="17.939722076302054"><ele>382.3739659259259</ele></trkpt>
<trkpt lat="47.30331036521758" lon="17.939688301060052"><ele>382.62569629629627</ele></trkpt>
<trkpt lat="47.30342271116098" lon="17.939652374737673"><ele>382.89819111111115</ele></trkpt>
<trkpt lat="47.30353541636217" lon="17.939616232778583"><ele>383.1846251851852</ele></trkpt>
<trkpt lat="47.30364292600143" lon="17.939581721799026"><ele>383.4839214814815</ele></trkpt>
<trkpt lat="47.303747043038456" lon="17.93954828476176"><ele>383.81337925925925</ele></trkpt>
<trkpt lat="47.303854241547356" lon="17.93951380314668"><ele>384.19279407407413</ele></trkpt>
<trkpt lat="47.30396551560543" lon="17.939477796949642"><ele>384.6112844444445</ele></trkpt>
<trkpt lat="47.30407341262499" lon="17.939442293622108"><ele>385.02345185185186</ele></trkpt>
<trkpt lat="47.304169087425215" lon="17.939409528085065"><ele>385.3812903703704</ele></trkpt>
<trkpt lat="47.304251354360005" lon="17.939379131014835"><ele>385.67030581018514</ele></trkpt>
<trkpt lat="47.30432645231783" lon="17.939348401133657"><ele>385.91033946759256</ele></trkpt>
<trkpt lat="47.304400789723104" lon="17.939314459950786"><ele>386.1276145138889</ele></trkpt>
<trkpt lat="47.3044763687039" lon="17.939274979398448"><ele>386.33395870370373</ele></trkpt>
<trkpt lat="47.304552932592635" lon="17.939227750021253"><ele>386.5305637037037</ele></trkpt>
<trkpt lat="47.304630428703724" lon="17.939171225666527"><ele>386.71773925925925</ele></trkpt>
<trkpt lat="47.30470774305558" lon="17.939106957283542"><ele>386.8955790972222</ele></trkpt>
<trkpt lat="47.30478187453706" lon="17.93903796319851"><ele>387.0606471064815</ele></trkpt>
<trkpt lat="47.30485108101855" lon="17.938964148869346"><ele>387.21128983796297</ele></trkpt>
<trkpt lat="47.30491853629632" lon="17.938879631924586"><ele>387.3549481481482</ele></trkpt>
<trkpt lat="47.30498927703705" lon="17.938778894346882"><ele>387.5026207407408</ele></trkpt>
<trkpt lat="47.305063902222244" lon="17.93866550776358"><ele>387.6557777777778</ele></trkpt>
<trkpt lat="47.30513665925928" lon="17.938552983194448"><ele>387.8017496296297</ele></trkpt>
<trkpt lat="47.3052010251852" lon="17.938455187384616"><ele>387.92490370370376</ele></trkpt>
<trkpt lat="47.30525582770835" lon="17.938376508889718"><ele>388.019866412037</ele></trkpt>
<trkpt lat="47.3053049670139" lon="17.93831194722564"><ele>388.09301608796295</ele></trkpt>
<trkpt lat="47.30535221270835" lon="17.938255320903142"><ele>388.1532438194444</ele></trkpt>
<trkpt lat="47.30539766833335" lon="17.938205629103688"><ele>388.204094074074</ele></trkpt>
<trkpt lat="47.3054401851029" lon="17.938164974716113"><ele>388.2449865294924</ele></trkpt>
<trkpt lat="47.305479758230476" lon="17.93813439052753"><ele>388.27545867626884</ele></trkpt>
<trkpt lat="47.30551848861885" lon="17.938111472865383"><ele>388.2977453060699</ele></trkpt>
<trkpt lat="47.30555726541069" lon="17.938093549109475"><ele>388.3139337920096</ele></trkpt>
<trkpt lat="47.30559593031981" lon="17.93807887767287"><ele>388.3252032964678</ele></trkpt>
<trkpt lat="47.305633045267506" lon="17.938067345705264"><ele>388.3314814814815</ele></trkpt>
<trkpt lat="47.3056681575789" lon="17.938059084378633"><ele>388.33286093964335</ele></trkpt>
<trkpt lat="47.305702058470544" lon="17.938054804532747"><ele>388.32986539780524</ele></trkpt>
<trkpt lat="47.30573606652952" lon="17.938055043718233"><ele>388.32395661865576</ele></trkpt>
<trkpt lat="47.30577057870373" lon="17.938060182590856"><ele>388.31745713305907</ele></trkpt>
<trkpt lat="47.30580408779152" lon="17.93806954984332"><ele>388.311899005487</ele></trkpt>
<trkpt lat="47.30583702760633" lon="17.93808334348993"><ele>388.3068201303156</ele></trkpt>
<trkpt lat="47.30587393432787" lon="17.938103438483395"><ele>388.2994015775035</ele></trkpt>
<trkpt lat="47.30592458333336" lon="17.93813479105874"><ele>388.2860416666668</ele></trkpt>
<trkpt lat="47.305998281893025" lon="17.938182433817673"><ele>388.2638460219479</ele></trkpt>
<trkpt lat="47.3060980606996" lon="17.93824779265098"><ele>388.23231395747604</ele></trkpt>
<trkpt lat="47.30621558641977" lon="17.938324802945615"><ele>388.1943158436215</ele></trkpt>
<trkpt lat="47.30633411008232" lon="17.938401480920987"><ele>388.15515346364896</ele></trkpt>
<trkpt lat="47.3064372942387" lon="17.938465705420846"><ele>388.11964849108375</ele></trkpt>
<trkpt lat="47.306517916666685" lon="17.938511041059556"><ele>388.0893750000001</ele></trkpt>
<trkpt lat="47.3065803926612" lon="17.938538158998064"><ele>388.0617738340193</ele></trkpt>
<trkpt lat="47.30663399519892" lon="17.938551488225507"><ele>388.0330384087792</ele></trkpt>
<trkpt lat="47.306687103909475" lon="17.938555357485342"><ele>388.0000900205762</ele></trkpt>
<trkpt lat="47.306741438614566" lon="17.93855197104113"><ele>387.96334276406037</ele></trkpt>
<trkpt lat="47.30679580418384" lon="17.938541825320986"><ele>387.92409550754456</ele></trkpt>
<trkpt lat="47.30684765432101" lon="17.9385245268201"><ele>387.88343621399173</ele></trkpt>
<trkpt lat="47.30689735939645" lon="17.938499458259944"><ele>387.83974622770916</ele></trkpt>
<trkpt lat="47.306945829903995" lon="17.93846605636777"><ele>387.7909327846365</ele></trkpt>
<trkpt lat="47.306993436214015" lon="17.93842413595145"><ele>387.73569958847736</ele></trkpt>
<trkpt lat="47.30703852462708" lon="17.938374483719663"><ele>387.6749402006173</ele></trkpt>
<trkpt lat="47.307079069251564" lon="17.93831853228642"><ele>387.60990805041155</ele></trkpt>
<trkpt lat="47.30711370724024" lon="17.938259212789735"><ele>387.5413496656379</ele></trkpt>
<trkpt lat="47.307142920953375" lon="17.938197964817995"><ele>387.4651783264747</ele></trkpt>
<trkpt lat="47.307168037668056" lon="17.938134575753402"><ele>387.37468669410157</ele></trkpt>
<trkpt lat="47.30719108814817" lon="17.93806638848977"><ele>387.26383518518526</ele></trkpt>
<trkpt lat="47.30721301159725" lon="17.937993590378824"><ele>387.1372965277778</ele></trkpt>
<trkpt lat="47.30723405127318" lon="17.937918013029922"><ele>387.0065081018518</ele></trkpt>
<trkpt lat="47.30725444011576" lon="17.937839485420692"><ele>386.8802946759259</ele></trkpt>
<trkpt lat="47.30727562222225" lon="17.937752037312826"><ele>386.7552029629629</ele></trkpt>
<trkpt lat="47.30729919555558" lon="17.937649798869963"><ele>386.62318814814813</ele></trkpt>
<trkpt lat="47.30732500000003" lon="17.93753584482925"><ele>386.48523555555556</ele></trkpt>
<trkpt lat="47.30735080444446" lon="17.937423327752164"><ele>386.3561925925926</ele></trkpt>
<trkpt lat="47.3073743777778" lon="17.937325992852426"><ele>386.2545807407408</ele></trkpt>
<trkpt lat="47.30739582255145" lon="17.937247690555605"><ele>386.1895712482853</ele></trkpt>
<trkpt lat="47.30741731028808" lon="17.937182464344808"><ele>386.15610644718794</ele></trkpt>
<trkpt lat="47.30744175209879" lon="17.937121788286504"><ele>386.1395759670782</ele></trkpt>
<trkpt lat="47.307470616241446" lon="17.937062897915265"><ele>386.12253722908093</ele></trkpt>
<trkpt lat="47.30750424285324" lon="17.93700855716255"><ele>386.08822886145407</ele></trkpt>
<trkpt lat="47.30754156378603" lon="17.936967592676275"><ele>386.01660493827166</ele></trkpt>
<trkpt lat="47.3075811739112" lon="17.93694978298992"><ele>385.887202396262</ele></trkpt>
<trkpt lat="47.30762176590366" lon="17.936962196086352"><ele>385.6876985811043</ele></trkpt>
<trkpt lat="47.30766260480969" lon="17.93700168095372"><ele>385.4327665252058</ele></trkpt>
<trkpt lat="47.30770537465708" lon="17.937059073815064"><ele>385.15035322359404</ele></trkpt>
<trkpt lat="47.307753591070835" lon="17.937126050954053"><ele>384.8630315500686</ele></trkpt>
<trkpt lat="47.30781077835651" lon="17.937200074766135"><ele>384.5715046296297</ele></trkpt>
<trkpt lat="47.30787516493058" lon="17.937278185253746"><ele>384.27775173611116</ele></trkpt>
<trkpt lat="47.30793983217595" lon="17.93735320846768"><ele>383.99719039351857</ele></trkpt>
<trkpt lat="47.30799758101855" lon="17.937417059872022"><ele>383.74971932870375</ele></trkpt>
<trkpt lat="47.308046267361135" lon="17.937467091814465"><ele>383.5388888888889</ele></trkpt>
<trkpt lat="47.30808851562502" lon="17.937506536320985"><ele>383.35</ele></trkpt>
<trkpt lat="47.30812823784724" lon="17.937540086688198"><ele>383.16111111111115</ele></trkpt>
<trkpt lat="47.30816897280094" lon="17.937571414808687"><ele>382.9497800925926</ele></trkpt>
<trkpt lat="47.30821337962965" lon="17.937602630070398"><ele>382.6973032407408</ele></trkpt>
<trkpt lat="47.3082623090278" lon="17.937634010269562"><ele>382.3937152777778</ele></trkpt>
<trkpt lat="47.30831516782409" lon="17.93766370645765"><ele>382.0283796296297</ele></trkpt>
<trkpt lat="47.30837154421298" lon="17.93768940522442"><ele>381.5849666666667</ele></trkpt>
<trkpt lat="47.30843230740742" lon="17.937710382667085"><ele>381.0489092592593</ele></trkpt>
<trkpt lat="47.308497044444465" lon="17.937727573435918"><ele>380.4428013888889</ele></trkpt>
<trkpt lat="47.30856452962964" lon="17.93774230162847"><ele>379.8141800925926</ele></trkpt>
<trkpt lat="47.308636003703725" lon="17.93775574063998"><ele>379.1931587962963</ele></trkpt>
<trkpt lat="47.308717666666695" lon="17.93776924576473"><ele>378.5534311111111</ele></trkpt>
<trkpt lat="47.30881506666669" lon="17.937784007201316"><ele>377.85225333333335</ele></trkpt>
<trkpt lat="47.30892500000003" lon="17.937800084216978"><ele>377.0969066666667</ele></trkpt>
<trkpt lat="47.309034933333365" lon="17.937816304976746"><ele>376.36182222222226</ele></trkpt>
<trkpt lat="47.30913233333336" lon="17.937831556870435"><ele>375.7297866666667</ele></trkpt>
<trkpt lat="47.309213554074105" lon="17.937845910978258"><ele>375.2287659259259</ele></trkpt>
<trkpt lat="47.30928387259261" lon="17.937860466544805"><ele>374.82367851851853</ele></trkpt>
<trkpt lat="47.30934991555557" lon="17.937876266533983"><ele>374.45925777777785</ele></trkpt>
<trkpt lat="47.30941581481483" lon="17.937894222051078"><ele>374.0850651851852</ele></trkpt>
<trkpt lat="47.30948564296298" lon="17.937916133073724"><ele>373.6466325925926</ele></trkpt>
<trkpt lat="47.30956593481483" lon="17.937944801075318"><ele>373.0810814814815</ele></trkpt>
<trkpt lat="47.30966211851854" lon="17.9379821046199"><ele>372.35267851851853</ele></trkpt>
<trkpt lat="47.309771351111145" lon="17.93802635045945"><ele>371.50711111111116</ele></trkpt>
<trkpt lat="47.30988288296299" lon="17.93807289566923"><ele>370.6651362962963</ele></trkpt>
<trkpt lat="47.30998691259262" lon="17.938118045373262"><ele>369.94899259259256</ele></trkpt>
<trkpt lat="47.31008238518521" lon="17.938161959484102"><ele>369.4072977777778</ele></trkpt>
<trkpt lat="47.310174859259284" lon="17.938207168360087"><ele>369.0056133333334</ele></trkpt>
<trkpt lat="47.31026662222224" lon="17.938253986141696"><ele>368.6781066666667</ele></trkpt>
<trkpt lat="47.310352637037056" lon="17.93829907955083"><ele>368.3643955555556</ele></trkpt>
<trkpt lat="47.31042549629631" lon="17.938338404120476"><ele>368.0097866666667</ele></trkpt>
<trkpt lat="47.310483174652795" lon="17.93837113564386"><ele>367.55341386574077</ele></trkpt>
<trkpt lat="47.31053029895835" lon="17.93840004649217"><ele>366.95693807870373</ele></trkpt>
<trkpt lat="47.31057362187502" lon="17.93842910201227"><ele>366.2446986805556</ele></trkpt>
<trkpt lat="47.31061866388892" lon="17.93846208278711"><ele>365.5114348148149</ele></trkpt>
<trkpt lat="47.310669686805575" lon="17.93850263479163"><ele>364.85245298611113</ele></trkpt>
<trkpt lat="47.310729010416686" lon="17.938552910531936"><ele>364.31050636574076</ele></trkpt>
<trkpt lat="47.31079450520836" lon="17.938610824261094"><ele>363.8639756944445</ele></trkpt>
<trkpt lat="47.31085915798613" lon="17.938670141429633"><ele>363.47526331018526</ele></trkpt>
<trkpt lat="47.31091638942474" lon="17.938725490237662"><ele>363.107090513546</ele></trkpt>
<trkpt lat="47.31096447445132" lon="17.938776009749493"><ele>362.7379561042524</ele></trkpt>
<trkpt lat="47.311006613297344" lon="17.938825027489738"><ele>362.3699173739712</ele></trkpt>
<trkpt lat="47.311045492434005" lon="17.938874717791688"><ele>362.0450071802127</ele></trkpt>
<trkpt lat="47.311082134880856" lon="17.938925698596794"><ele>361.8041556284294</ele></trkpt>
<trkpt lat="47.311115808577696" lon="17.938976951382894"><ele>361.6427301954733</ele></trkpt>
<trkpt lat="47.311147701474646" lon="17.939030934338483"><ele>361.4815192043896</ele></trkpt>
<trkpt lat="47.31117968707166" lon="17.939091402384726"><ele>361.2258264746228</ele></trkpt>
<trkpt lat="47.31121403378247" lon="17.93916219448272"><ele>360.8230349794239</ele></trkpt>
<trkpt lat="47.31125018552378" lon="17.93924075127856"><ele>360.31118441358024</ele></trkpt>
<trkpt lat="47.3112865116554" lon="17.93932227335328"><ele>359.7676067386831</ele></trkpt>
<trkpt lat="47.31132207009938" lon="17.9394043585446"><ele>359.25361239711935</ele></trkpt>
<trkpt lat="47.31135979203039" lon="17.939494165274947"><ele>358.75750000000005</ele></trkpt>
<trkpt lat="47.31140436884148" lon="17.93960300521086"><ele>358.227447702332</ele></trkpt>
<trkpt lat="47.31145881461713" lon="17.93973780169023"><ele>357.6203506515775</ele></trkpt>
<trkpt lat="47.311520930226685" lon="17.939892536467756"><ele>356.95229681069964</ele></trkpt>
<trkpt lat="47.31158462588266" lon="17.940051595952507"><ele>356.28815157750347</ele></trkpt>
<trkpt lat="47.311644463363045" lon="17.94020114964983"><ele>355.69439214677647</ele></trkpt>
<trkpt lat="47.31170000276418" lon="17.940339993808664"><ele>355.1914583333334</ele></trkpt>
<trkpt lat="47.311755534179234" lon="17.94047883740719"><ele>354.74865655006863</ele></trkpt>
<trkpt lat="47.31181529374958" lon="17.94062838350558"><ele>354.3232698902607</ele></trkpt>
<trkpt lat="47.31187863341597" lon="17.940787405302054"><ele>353.9016640946503</ele></trkpt>
<trkpt lat="47.311939644521104" lon="17.940942019817605"><ele>353.50841649519896</ele></trkpt>
<trkpt lat="47.31199145817618" lon="17.941076526345498"><ele>353.1797985253773</ele></trkpt>
<trkpt lat="47.31203083369705" lon="17.94118479035398"><ele>352.93375000000003</ele></trkpt>
<trkpt lat="47.312059587246154" lon="17.94127361053188"><ele>352.7586542995542</ele></trkpt>
<trkpt lat="47.312081785146496" lon="17.941354298657327"><ele>352.62865408521947</ele></trkpt>
<trkpt lat="47.31210072307522" lon="17.941434288302965"><ele>352.52109600051443</ele></trkpt>
<trkpt lat="47.31211695387849" lon="17.941511873147878"><ele>352.4280589849109</ele></trkpt>
<trkpt lat="47.31212972404438" lon="17.941582675564025"><ele>352.34912401406035</ele></trkpt>
<trkpt lat="47.31213833622687" lon="17.941644233174216"><ele>352.284056712963</ele></trkpt>
<trkpt lat="47.31214335069447" lon="17.94169967012052"><ele>352.2248871527778</ele></trkpt>
<trkpt lat="47.31214555844909" lon="17.941754545715046"><ele>352.1570167824074</ele></trkpt>
<trkpt lat="47.31214550016206" lon="17.941814858461726"><ele>352.0641218287037</ele></trkpt>
<trkpt lat="47.31214325166669" lon="17.941884577808782"><ele>351.93482888888894</ele></trkpt>
<trkpt lat="47.31213888770835" lon="17.941963199015593"><ele>351.76751541666675</ele></trkpt>
<trkpt lat="47.31213207534725" lon="17.942048477537554"><ele>351.5584006944445</ele></trkpt>
<trkpt lat="47.31212151937502" lon="17.94214203805241"><ele>351.28551986111114</ele></trkpt>
<trkpt lat="47.31210527111113" lon="17.94225246406061"><ele>350.9088266666667</ele></trkpt>
<trkpt lat="47.31208247555557" lon="17.942387123475296"><ele>350.40322222222227</ele></trkpt>
<trkpt lat="47.312055253333355" lon="17.942541098356596"><ele>349.79498666666666</ele></trkpt>
<trkpt lat="47.312028462222244" lon="17.942696941246304"><ele>349.15269333333333</ele></trkpt>
<trkpt lat="47.312007137777805" lon="17.942837975154106"><ele>348.5308711111111</ele></trkpt>
<trkpt lat="47.31199382629632" lon="17.94296109989306"><ele>347.92398923611114</ele></trkpt>
<trkpt lat="47.3119880703704" lon="17.94307519032903"><ele>347.2900760416667</ele></trkpt>
<trkpt lat="47.31198824055558" lon="17.94318948414193"><ele>346.61292812500005</ele></trkpt>
<trkpt lat="47.311993647592615" lon="17.94330658435277"><ele>345.9335555555556</ele></trkpt>
<trkpt lat="47.31200459198612" lon="17.943424731256005"><ele>345.3107241442609</ele></trkpt>
<trkpt lat="47.31202117502555" lon="17.943542179584405"><ele>344.7750910403845</ele></trkpt>
<trkpt lat="47.31204145248238" lon="17.943655310546962"><ele>344.32057471351646</ele></trkpt>
<trkpt lat="47.3120629494697" lon="17.943760730284385"><ele>343.91978792955683</ele></trkpt>
<trkpt lat="47.312084169762485" lon="17.94385761775511"><ele>343.53523950403576</ele></trkpt>
<trkpt lat="47.3121065529135" lon="17.943954306478478"><ele>343.10768221574347</ele></trkpt>
<trkpt lat="47.31213319327118" lon="17.944064312989372"><ele>342.5654810495627</ele></trkpt>
<trkpt lat="47.312167264738626" lon="17.944201119999192"><ele>341.84523485584714</ele></trkpt>
<trkpt lat="47.31220971591249" lon="17.944369184503795"><ele>340.9337690314222</ele></trkpt>
<trkpt lat="47.312258134169255" lon="17.944559694807904"><ele>339.89620019436353</ele></trkpt>
<trkpt lat="47.31230762597943" lon="17.944753949875324"><ele>338.8606737933269</ele></trkpt>
<trkpt lat="47.31235374051596" lon="17.944934792624622"><ele>337.9561775186266</ele></trkpt>
<trkpt lat="47.312395260451915" lon="17.94509758014199"><ele>337.2501020408164</ele></trkpt>
<trkpt lat="47.31243475024783" lon="17.945252405214887"><ele>336.7323469387756</ele></trkpt>
<trkpt lat="47.312476276419204" lon="17.945415206186574"><ele>336.3497516466905</ele></trkpt>
<trkpt lat="47.31252245969069" lon="17.94559617965301"><ele>336.04568081200745</ele></trkpt>
<trkpt lat="47.312572272491245" lon="17.945791032662235"><ele>335.78638807904116</ele></trkpt>
<trkpt lat="47.312621692480896" lon="17.94598339836934"><ele>335.56349260339056</ele></trkpt>
<trkpt lat="47.31266653533575" lon="17.946155883967258"><ele>335.38362271892885</ele></trkpt>
<trkpt lat="47.312705336128325" lon="17.946301426509333"><ele>335.25355685131194</ele></trkpt>
<trkpt lat="47.31274012434206" lon="17.94642647818785"><ele>335.17144314868807</ele></trkpt>
<trkpt lat="47.312774738668026" lon="17.946544708288137"><ele>335.1286204118626</ele></trkpt>
<trkpt lat="47.3128122563725" lon="17.946667632992657"><ele>335.1140112633825</ele></trkpt>
<trkpt lat="47.312853235257215" lon="17.946798063301188"><ele>335.1180085468932</ele></trkpt>
<trkpt lat="47.31289570018233" lon="17.946929488394318"><ele>335.1342945526241</ele></trkpt>
<trkpt lat="47.31293783155306" lon="17.947054359573006"><ele>335.1614666667666</ele></trkpt>
<trkpt lat="47.31298041666669" lon="17.94717208245219"><ele>335.203125</ele></trkpt>
<trkpt lat="47.31302712362828" lon="17.94729131240624"><ele>335.2645301783265</ele></trkpt>
<trkpt lat="47.31308102966394" lon="17.94742088181362"><ele>335.34621313443074</ele></trkpt>
<trkpt lat="47.31314141718109" lon="17.947560975994254"><ele>335.43757201646093</ele></trkpt>
<trkpt lat="47.31320421639234" lon="17.94770273353868"><ele>335.51629029492454</ele></trkpt>
<trkpt lat="47.31326635202334" lon="17.947837978749295"><ele>335.5548388203018</ele></trkpt>
<trkpt lat="47.31332979166669" lon="17.947968748483"><ele>335.5285416666666</ele></trkpt>
<trkpt lat="47.31340056841566" lon="17.948106442721294"><ele>335.42356824417004</ele></trkpt>
<trkpt lat="47.31348300411525" lon="17.948260656974373"><ele>335.242375685871</ele></trkpt>
<trkpt lat="47.31357397376545" lon="17.94842789618118"><ele>335.00700102880654</ele></trkpt>
<trkpt lat="47.31366319701648" lon="17.94859155986008"><ele>334.74950531550064</ele></trkpt>
<trkpt lat="47.31373967335393" lon="17.94873357260924"><ele>334.49282750342934</ele></trkpt>
<trkpt lat="47.31379833333335" lon="17.94884645729198"><ele>334.234375</ele></trkpt>
<trkpt lat="47.31384189268263" lon="17.94893680064821"><ele>333.9453587962963</ele></trkpt>
<trkpt lat="47.313876483089025" lon="17.94901676572136"><ele>333.6005439814815</ele></trkpt>
<trkpt lat="47.313907165316394" lon="17.949095889625582"><ele>333.20399305555554</ele></trkpt>
<trkpt lat="47.313935133744884" lon="17.949176318355573"><ele>332.8055092592593</ele></trkpt>
<trkpt lat="47.31395986914869" lon="17.949258026008316"><ele>332.45980034722226</ele></trkpt>
<trkpt lat="47.31398074942131" lon="17.949340642212082"><ele>332.19396122685185</ele></trkpt>
<trkpt lat="47.31399835069446" lon="17.949424010291928"><ele>331.98087673611116</ele></trkpt>
<trkpt lat="47.31401314525465" lon="17.949505694341738"><ele>331.76077546296295</ele></trkpt>
<trkpt lat="47.31402554430301" lon="17.94958480187341"><ele>331.46144504458164</ele></trkpt>
<trkpt lat="47.31403587448561" lon="17.949663593040892"><ele>331.0455444101509</ele></trkpt>
<trkpt lat="47.314044584297854" lon="17.949747224096107"><ele>330.5437014531893</ele></trkpt>
<trkpt lat="47.3140515136317" lon="17.94983698652004"><ele>330.06116437328535</ele></trkpt>
<trkpt lat="47.31405614840536" lon="17.949931157706835"><ele>329.69569133659127</ele></trkpt>
<trkpt lat="47.31405800250773" lon="17.95002399980599"><ele>329.46583847736633</ele></trkpt>
<trkpt lat="47.314056880144044" lon="17.95011322018738"><ele>329.2800960219479</ele></trkpt>
<trkpt lat="47.31405247653035" lon="17.950199635790728"><ele>329.01469307270236</ele></trkpt>
<trkpt lat="47.31404459780094" lon="17.950288104829816"><ele>328.59597222222226</ele></trkpt>
<trkpt lat="47.31403368055557" lon="17.950379670245475"><ele>328.06</ele></trkpt>
<trkpt lat="47.31402051793982" lon="17.950470674305343"><ele>327.52402777777786</ele></trkpt>
<trkpt lat="47.3140054803241" lon="17.950556530792515"><ele>327.10632233796304</ele></trkpt>
<trkpt lat="47.31398830729169" lon="17.950636788326136"><ele>326.8510734953705</ele></trkpt>
<trkpt lat="47.313969010416685" lon="17.950713515766346"><ele>326.71203993055565</ele></trkpt>
<trkpt lat="47.31394802951391" lon="17.950787717161095"><ele>326.5934953703705</ele></trkpt>
<trkpt lat="47.31392581007834" lon="17.950859123848844"><ele>326.4086325445817</ele></trkpt>
<trkpt lat="47.31390221622416" lon="17.950928461687752"><ele>326.11813700274354</ele></trkpt>
<trkpt lat="47.31387745339924" lon="17.950996141576887"><ele>325.748961869856</ele></trkpt>
<trkpt lat="47.31385145142721" lon="17.951063020163993"><ele>325.35665069873113</ele></trkpt>
<trkpt lat="47.31382293022418" lon="17.951131943711726"><ele>324.98513813871745</ele></trkpt>
<trkpt lat="47.313787708696225" lon="17.951211980640803"><ele>324.62562500000007</ele></trkpt>
<trkpt lat="47.313740807454415" lon="17.95131417395589"><ele>324.2404320987655</ele></trkpt>
<trkpt lat="47.31367987085586" lon="17.951444280339572"><ele>323.7984490740741</ele></trkpt>
<trkpt lat="47.31360848680708" lon="17.951595412908457"><ele>323.3117592592593</ele></trkpt>
<trkpt lat="47.313534524711486" lon="17.95175149326728"><ele>322.828063271605</ele></trkpt>
<trkpt lat="47.31346479086044" lon="17.95189848368326"><ele>322.3962962962964</ele></trkpt>
<trkpt lat="47.31340000275783" lon="17.95203500690624"><ele>322.03187500000007</ele></trkpt>
<trkpt lat="47.313335216957846" lon="17.95217152209191"><ele>321.7128600823046</ele></trkpt>
<trkpt lat="47.31326550807913" lon="17.952318434281285"><ele>321.40835133744855</ele></trkpt>
<trkpt lat="47.31319166324741" lon="17.95247415775992"><ele>321.108487654321</ele></trkpt>
<trkpt lat="47.31312064589015" lon="17.952624184305456"><ele>320.8315766460905</ele></trkpt>
<trkpt lat="47.31306058540366" lon="17.95275165678443"><ele>320.6053909465021</ele></trkpt>
<trkpt lat="47.31301541702955" lon="17.952848647266126"><ele>320.445625</ele></trkpt>
<trkpt lat="47.31298316706403" lon="17.952919763974705"><ele>320.34748499657064</ele></trkpt>
<trkpt lat="47.3129589254927" lon="17.952975818335993"><ele>320.2942408264746</ele></trkpt>
<trkpt lat="47.312937920863234" lon="17.953027571223323"><ele>320.2681262860082</ele></trkpt>
<trkpt lat="47.312917315675456" lon="17.95308236424813"><ele>320.25780949931413</ele></trkpt>
<trkpt lat="47.312895301354914" lon="17.953146037539238"><ele>320.2580415166324</ele></trkpt>
<trkpt lat="47.312871145833356" lon="17.953221632144405"><ele>320.2672829861111</ele></trkpt>
<trkpt lat="47.31284549479169" lon="17.953307474178427"><ele>320.284453125</ele></trkpt>
<trkpt lat="47.3128206857639" lon="17.953397526244633"><ele>320.30920138888894</ele></trkpt>
<trkpt lat="47.31279899016206" lon="17.953487074817723"><ele>320.3424884259259</ele></trkpt>
<trkpt lat="47.31278112268521" lon="17.953575989716533"><ele>320.38546296296295</ele></trkpt>
<trkpt lat="47.31276631944447" lon="17.95366598969679"><ele>320.4358246527778</ele></trkpt>
<trkpt lat="47.31275376157409" lon="17.953757673710026"><ele>320.4875896990741</ele></trkpt>
<trkpt lat="47.31274303530093" lon="17.953852002401984"><ele>320.53510416666666</ele></trkpt>
<trkpt lat="47.31273393229168" lon="17.95395157415306"><ele>320.57702835648143</ele></trkpt>
<trkpt lat="47.31272648437502" lon="17.954057309092825"><ele>320.6161545138889</ele></trkpt>
<trkpt lat="47.312721562500016" lon="17.95416697341257"><ele>320.6572453703704</ele></trkpt>
<trkpt lat="47.31272050925927" lon="17.954279010399244"><ele>320.70542824074073</ele></trkpt>
<trkpt lat="47.31272410879631" lon="17.95439505779978"><ele>320.7640625</ele></trkpt>
<trkpt lat="47.31273181423614" lon="17.95451565961239"><ele>320.83148437500006</ele></trkpt>
<trkpt lat="47.312742607060216" lon="17.95463738412353"><ele>320.9014322916667</ele></trkpt>
<trkpt lat="47.31275581912324" lon="17.954755481837555"><ele>320.9672735553841</ele></trkpt>
<trkpt lat="47.312771619344566" lon="17.95486804098911"><ele>321.02576817558304</ele></trkpt>
<trkpt lat="47.31279038504635" lon="17.95497121212115"><ele>321.07398791152264</ele></trkpt>
<trkpt lat="47.31281374362424" lon="17.955057036029537"><ele>321.10578746570644</ele></trkpt>
<trkpt lat="47.31284561768795" lon="17.955114352709"><ele>321.1106117112483</ele></trkpt>
<trkpt lat="47.31289333366299" lon="17.95513646105248"><ele>321.07708333333335</ele></trkpt>
<trkpt lat="47.31296437374887" lon="17.955122304844803"><ele>320.9972453703704</ele></trkpt>
<trkpt lat="47.31306126581477" lon="17.955077228227424"><ele>320.8729861111112</ele></trkpt>
<trkpt lat="47.313176972783346" lon="17.955011624266426"><ele>320.7213194444445</ele></trkpt>
<trkpt lat="47.31329773600641" lon="17.954938552214482"><ele>320.57189814814814</ele></trkpt>
<trkpt lat="47.3134118818892" lon="17.954867991986887"><ele>320.45530092592594</ele></trkpt>
<trkpt lat="47.313518002998514" lon="17.9548020223064"><ele>320.39104166666664</ele></trkpt>
<trkpt lat="47.313624176172404" lon="17.954735975373172"><ele>320.3828206447188</ele></trkpt>
<trkpt lat="47.31373884314615" lon="17.954664644387456"><ele>320.42159036351165</ele></trkpt>
<trkpt lat="47.31386200393449" lon="17.954588029279904"><ele>320.4892026748971</ele></trkpt>
<trkpt lat="47.31398516469633" lon="17.954511413814664"><ele>320.56396690672153</ele></trkpt>
<trkpt lat="47.31409983157963" lon="17.954440081853285"><ele>320.62714163237314</ele></trkpt>
<trkpt lat="47.31420600456968" lon="17.95437403346512"><ele>320.66854166666667</ele></trkpt>
<trkpt lat="47.314312177497705" lon="17.954307984812125"><ele>320.6868055555556</ele></trkpt>
<trkpt lat="47.31442684420589" lon="17.954236651969044"><ele>320.68341820987655</ele></trkpt>
<trkpt lat="47.314550004709005" lon="17.954160034866522"><ele>320.65449074074075</ele></trkpt>
<trkpt lat="47.31467316518562" lon="17.954083417406295"><ele>320.58215277777776</ele></trkpt>
<trkpt lat="47.31478783180338" lon="17.954012083587497"><ele>320.4306327160494</ele></trkpt>
<trkpt lat="47.314894004547526" lon="17.95394603347949"><ele>320.14770833333336</ele></trkpt>
<trkpt lat="47.315000177229656" lon="17.953879983106628"><ele>319.685271776406</ele></trkpt>
<trkpt lat="47.31511484367238" lon="17.953808648406024"><ele>319.03188614540466</ele></trkpt>
<trkpt lat="47.315238003890705" lon="17.953732029308167"><ele>318.2400282921811</ele></trkpt>
<trkpt lat="47.31536116408344" lon="17.953655409852004"><ele>317.4056747256516</ele></trkpt>
<trkpt lat="47.31547583043888" lon="17.95358407417369"><ele>316.6072779492455</ele></trkpt>
<trkpt lat="47.31558200294355" lon="17.95351802234176"><ele>315.84999999999997</ele></trkpt>
<trkpt lat="47.3156881652743" lon="17.953451986362634"><ele>315.0738528806584</ele></trkpt>
<trkpt lat="47.31580273030467" lon="17.953380810998947"><ele>314.2208384773663</ele></trkpt>
<trkpt lat="47.31592542491079" lon="17.95330493143541"><ele>313.2999845679013</ele></trkpt>
<trkpt lat="47.316047138220355" lon="17.953230615205893"><ele>312.38761316872433</ele></trkpt>
<trkpt lat="47.316158354702594" lon="17.953164774773526"><ele>311.56354423868316</ele></trkpt>
<trkpt lat="47.31625770865605" lon="17.95310958650983"><ele>310.84625000000005</ele></trkpt>
<trkpt lat="47.316353192660856" lon="17.953061393861105"><ele>310.1825241289438</ele></trkpt>
<trkpt lat="47.31645388348248" lon="17.953015004788895"><ele>309.5063030727024</ele></trkpt>
<trkpt lat="47.31656175127029" lon="17.952968127447097"><ele>308.7977827572017</ele></trkpt>
<trkpt lat="47.316668885839704" lon="17.9529232083852"><ele>308.10547949245546</ele></trkpt>
<trkpt lat="47.31676622585076" lon="17.95288385920967"><ele>307.4901216598079</ele></trkpt>
<trkpt lat="47.31685109106483" lon="17.952851498951397"><ele>306.9737690509259</ele></trkpt>
<trkpt lat="47.316928637268525" lon="17.952824194101904"><ele>306.52396956018515</ele></trkpt>
<trkpt lat="47.317003924027794" lon="17.952799605680653"><ele>306.0990109027778</ele></trkpt>
<trkpt lat="47.31707699962964" lon="17.952777123676796"><ele>305.6773251851852</ele></trkpt>
<trkpt lat="47.31714492236628" lon="17.952757487732974"><ele>305.2562310150892</ele></trkpt>
<trkpt lat="47.31720629886834" lon="17.952741167786165"><ele>304.83597307956103</ele></trkpt>
<trkpt lat="47.31726240547842" lon="17.95272775567046"><ele>304.42411297582305</ele></trkpt>
<trkpt lat="47.317316416538084" lon="17.95271657190036"><ele>304.031776513203</ele></trkpt>
<trkpt lat="47.31737362975825" lon="17.952706958363585"><ele>303.66134977280524</ele></trkpt>
<trkpt lat="47.317443541666684" lon="17.95269791680324"><ele>303.28125</ele></trkpt>
<trkpt lat="47.31753634773664" lon="17.952688279521077"><ele>302.844183813443</ele></trkpt>
<trkpt lat="47.317656530349815" lon="17.952677291927994"><ele>302.3200805898491</ele></trkpt>
<trkpt lat="47.31779617283953" lon="17.95266544009854"><ele>301.7327366255144</ele></trkpt>
<trkpt lat="47.31793781121401" lon="17.952654336666765"><ele>301.15004972565157</ele></trkpt>
<trkpt lat="47.31806480452676" lon="17.95264590294362"><ele>300.6418381344307</ele></trkpt>
<trkpt lat="47.318171458333346" lon="17.95264145840686"><ele>300.2370833333333</ele></trkpt>
<trkpt lat="47.31826384773664" lon="17.95264128771795"><ele>299.9166683813443</ele></trkpt>
<trkpt lat="47.318351545781915" lon="17.952644867051784"><ele>299.6429355281207</ele></trkpt>
<trkpt lat="47.31843941358027" lon="17.952651270478988"><ele>299.39065329218107</ele></trkpt>
<trkpt lat="47.31852628343624" lon="17.952659836118126"><ele>299.1565003429355</ele></trkpt>
<trkpt lat="47.318610576131725" lon="17.952670793709107"><ele>298.94463134430725</ele></trkpt>
<trkpt lat="47.3186960416667" lon="17.95268562470837"><ele>298.75</ele></trkpt>
<trkpt lat="47.31879116040813" lon="17.952706276135327"><ele>298.5554998285323</ele></trkpt>
<trkpt lat="47.318902154921304" lon="17.952733540217846"><ele>298.344942558299</ele></trkpt>
<trkpt lat="47.31902605066955" lon="17.952765634615247"><ele>298.11682355967076</ele></trkpt>
<trkpt lat="47.31915173439924" lon="17.952798810202736"><ele>297.88329903978047</ele></trkpt>
<trkpt lat="47.31926883016875" lon="17.952829763586276"><ele>297.65429612482853</ele></trkpt>
<trkpt lat="47.31937635418363" lon="17.952857915953263"><ele>297.4222916666667</ele></trkpt>
<trkpt lat="47.31948254332825" lon="17.952885305992144"><ele>297.16518947187933</ele></trkpt>
<trkpt lat="47.319596066584204" lon="17.952914223682622"><ele>296.86676783264744</ele></trkpt>
<trkpt lat="47.31971732904145" lon="17.952944900609296"><ele>296.537003600823</ele></trkpt>
<trkpt lat="47.319838300430824" lon="17.95297541129301"><ele>296.2106490054869</ele></trkpt>
<trkpt lat="47.31995083045515" lon="17.953003761607636"><ele>295.92386231138545</ele></trkpt>
<trkpt lat="47.32005500012879" lon="17.953029997839188"><ele>295.69041666666664</ele></trkpt>
<trkpt lat="47.32015916378848" lon="17.953056229028896"><ele>295.4979363854596</ele></trkpt>
<trkpt lat="47.320271633764165" lon="17.953084528235554"><ele>295.32472307956107</ele></trkpt>
<trkpt lat="47.32039232904147" lon="17.953114802879814"><ele>295.1570036008231</ele></trkpt>
<trkpt lat="47.320512733250865" lon="17.953144744966743"><ele>294.9926937585734</ele></trkpt>
<trkpt lat="47.32062420999491" lon="17.953171909268026"><ele>294.83111539780526</ele></trkpt>
<trkpt lat="47.320726354183634" lon="17.953195832721587"><ele>294.6622916666667</ele></trkpt>
<trkpt lat="47.32082713263788" lon="17.95321819653647"><ele>294.46821502057617</ele></trkpt>
<trkpt lat="47.320934728226405" lon="17.95324093834177"><ele>294.2356661522634</ele></trkpt>
<trkpt lat="47.32104929141027" lon="17.953264266550878"><ele>293.9679783950618</ele></trkpt>
<trkpt lat="47.32116264874847" lon="17.953286347369858"><ele>293.67983281893004</ele></trkpt>
<trkpt lat="47.32126612954393" lon="17.953304832545783"><ele>293.3774742798354</ele></trkpt>
<trkpt lat="47.32135854166668" lon="17.95331854148701"><ele>293.04145833333337</ele></trkpt>
<trkpt lat="47.321447383271625" lon="17.953327995421443"><ele>292.6310870713306</ele></trkpt>
<trkpt lat="47.32154143481484" lon="17.953334488154642"><ele>292.11853401920445</ele></trkpt>
<trkpt lat="47.32164366129632" lon="17.9533389491487"><ele>291.5191112139918</ele></trkpt>
<trkpt lat="47.32174926265435" lon="17.953341193094875"><ele>290.8955540809328</ele></trkpt>
<trkpt lat="47.32185404129632" lon="17.95334009064337"><ele>290.3055747256516</ele></trkpt>
<trkpt lat="47.321958696272326" lon="17.95333443481836"><ele>289.76844108367624</ele></trkpt>
<trkpt lat="47.322068159242264" lon="17.953323968016175"><ele>289.2610988340192</ele></trkpt>
<trkpt lat="47.32218191715091" lon="17.95330991860495"><ele>288.77127139917695</ele></trkpt>
<trkpt lat="47.322294356682775" lon="17.95329401483564"><ele>288.308938957476</ele></trkpt>
<trkpt lat="47.32240018455033" lon="17.953277101190313"><ele>287.8918608367627</ele></trkpt>
<trkpt lat="47.32250343751444" lon="17.953258021543217"><ele>287.50708333333336</ele></trkpt>
<trkpt lat="47.322614664379635" lon="17.95323457462341"><ele>287.1170550411523</ele></trkpt>
<trkpt lat="47.32274225313299" lon="17.953205437240484"><ele>286.6888554526749</ele></trkpt>
<trkpt lat="47.32288359960561" lon="17.953171940279947"><ele>286.22602623456794</ele></trkpt>
<trkpt lat="47.323026817219045" lon="17.953137486819916"><ele>285.7649434156379</ele></trkpt>
<trkpt lat="47.32316079099934" lon="17.953105085644832"><ele>285.34270318930044</ele></trkpt>
<trkpt lat="47.323285000109635" lon="17.953075002981887"><ele>284.96479166666666</ele></trkpt>
<trkpt lat="47.323409210352345" lon="17.953044915892125"><ele>284.6036788408779</ele></trkpt>
<trkpt lat="47.32354319553419" lon="17.953012471391688"><ele>284.22931755829904</ele></trkpt>
<trkpt lat="47.323686465689825" lon="17.952977819928776"><ele>283.8408976337449</ele></trkpt>
<trkpt lat="47.32382797558569" lon="17.95294370891022"><ele>283.47102280521267</ele></trkpt>
<trkpt lat="47.32395595410799" lon="17.95291310874324"><ele>283.15994427297676</ele></trkpt>
<trkpt lat="47.32406795141451" lon="17.952886771911512"><ele>282.92750000000007</ele></trkpt>
<trkpt lat="47.32417174628425" lon="17.952862954237737"><ele>282.76486282578884</ele></trkpt>
<trkpt lat="47.32427682331242" lon="17.952839387591666"><ele>282.6490775034294</ele></trkpt>
<trkpt lat="47.32438563234152" lon="17.95281531953095"><ele>282.55977366255155</ele></trkpt>
<trkpt lat="47.32449268111195" lon="17.952791792015955"><ele>282.48710219478744</ele></trkpt>
<trkpt lat="47.32459175148425" lon="17.952770069972733"><ele>282.42807270233203</ele></trkpt>
<trkpt lat="47.3246833334253" lon="17.9527500029319"><ele>282.3808333333333</ele></trkpt>
<trkpt lat="47.324774897213665" lon="17.95272994139563"><ele>282.3414463305899</ele></trkpt>
<trkpt lat="47.324873786100206" lon="17.95270827485852"><ele>282.3050763031551</ele></trkpt>
<trkpt lat="47.324980000086555" lon="17.952685003302047"><ele>282.267996399177</ele></trkpt>
<trkpt lat="47.32508621407145" lon="17.952661731651354"><ele>282.22750685871057</ele></trkpt>
<trkpt lat="47.32518510295302" lon="17.95264006485727"><ele>282.1795018861455</ele></trkpt>
<trkpt lat="47.3252766667313" lon="17.95262000293794"><ele>282.1164583333334</ele></trkpt>
<trkpt lat="47.32536821393328" lon="17.952599940948897"><ele>282.0298396776407</ele></trkpt>
<trkpt lat="47.32546693705961" lon="17.952578273925813"><ele>281.91646947873807</ele></trkpt>
<trkpt lat="47.325572388579914" lon="17.952555001862628"><ele>281.7846579218108</ele></trkpt>
<trkpt lat="47.325676232304474" lon="17.952531729749296"><ele>281.65226423182446</ele></trkpt>
<trkpt lat="47.325769469035066" lon="17.952510062621233"><ele>281.53690757887523</ele></trkpt>
<trkpt lat="47.32584986111815" lon="17.952490000562744"><ele>281.44625</ele></trkpt>
<trkpt lat="47.32592325212479" lon="17.952469774403554"><ele>281.37617866941014</ele></trkpt>
<trkpt lat="47.32599712210452" lon="17.95244755650136"><ele>281.3179499314129</ele></trkpt>
<trkpt lat="47.32607407463684" lon="17.952423100860013"><ele>281.26561008230453</ele></trkpt>
<trkpt lat="47.326149384202196" lon="17.952398200380454"><ele>281.2196690672154</ele></trkpt>
<trkpt lat="47.32621705212166" lon="17.95237465816031"><ele>281.1836478052126</ele></trkpt>
<trkpt lat="47.32627524469909" lon="17.952352644872324"><ele>281.15999652777776</ele></trkpt>
<trkpt lat="47.32632789502318" lon="17.952330520968406"><ele>281.1469618055556</ele></trkpt>
<trkpt lat="47.326379922847245" lon="17.952306532640815"><ele>281.13980208333334</ele></trkpt>
<trkpt lat="47.32643449481484" lon="17.952279421275655"><ele>281.13230555555555</ele></trkpt>
<trkpt lat="47.32649384446762" lon="17.952247809747874"><ele>281.11914583333333</ele></trkpt>
<trkpt lat="47.32655971932873" lon="17.952210428512515"><ele>281.09815972222225</ele></trkpt>
<trkpt lat="47.32663164930558" lon="17.95216736143088"><ele>281.07296875</ele></trkpt>
<trkpt lat="47.3267063859954" lon="17.95211980358973"><ele>281.05282986111115</ele></trkpt>
<trkpt lat="47.32678058459793" lon="17.952068767097405"><ele>281.0473261745542</ele></trkpt>
<trkpt lat="47.326853416495226" lon="17.95201419281169"><ele>281.0602580589849</ele></trkpt>
<trkpt lat="47.32692390657153" lon="17.951957666360247"><ele>281.0858731995885</ele></trkpt>
<trkpt lat="47.32699077664183" lon="17.951901388104357"><ele>281.1133251886145</ele></trkpt>
<trkpt lat="47.32705372310102" lon="17.951846066691232"><ele>281.13181112825794</ele></trkpt>
<trkpt lat="47.32711812500003" lon="17.951786667473016"><ele>281.13520833333337</ele></trkpt>
<trkpt lat="47.32719201474625" lon="17.951715677590574"><ele>281.1214514746228</ele></trkpt>
<trkpt lat="47.327280642146796" lon="17.951628615178514"><ele>281.09211591220856</ele></trkpt>
<trkpt lat="47.327380488683154" lon="17.951529855043226"><ele>281.05153034979423</ele></trkpt>
<trkpt lat="47.32748116683816" lon="17.95143084513576"><ele>281.0050402949246</ele></trkpt>
<trkpt lat="47.3275726320302" lon="17.95134293072237"><ele>280.9555564128944</ele></trkpt>
<trkpt lat="47.32765229166669" lon="17.95127020922317"><ele>280.90083333333337</ele></trkpt>
<trkpt lat="47.32772592388895" lon="17.95120833987545"><ele>280.8344981069959</ele></trkpt>
<trkpt lat="47.32780115753126" lon="17.9511503773778"><ele>280.7515520164609</ele></trkpt>
<trkpt lat="47.32788125426122" lon="17.9510926288639"><ele>280.6527439506173</ele></trkpt>
<trkpt lat="47.327963202784616" lon="17.951037062448183"><ele>280.5444436213992</ele></trkpt>
<trkpt lat="47.328044144895" lon="17.950986978024623"><ele>280.42989563786006</ele></trkpt>
<trkpt lat="47.328125327447786" lon="17.950943374006208"><ele>280.3054148148148</ele></trkpt>
<trkpt lat="47.32821137266606" lon="17.95090376530934"><ele>280.1639762962963</ele></trkpt>
<trkpt lat="47.32830279566866" lon="17.950866014437135"><ele>280.00704444444443</ele></trkpt>
<trkpt lat="47.328394721630914" lon="17.950829987961654"><ele>279.8450829629629</ele></trkpt>
<trkpt lat="47.32848248313421" lon="17.950796263614546"><ele>279.68648148148145</ele></trkpt>
<trkpt lat="47.32856751720828" lon="17.950763751021775"><ele>279.527717037037</ele></trkpt>
<trkpt lat="47.32865527866795" lon="17.950730144996903"><ele>279.357322962963</ele></trkpt>
<trkpt lat="47.32874720455755" lon="17.950694663317936"><ele>279.16893777777784</ele></trkpt>
<trkpt lat="47.32883862748087" lon="17.950658606766538"><ele>278.96172740740747</ele></trkpt>
<trkpt lat="47.32892467263298" lon="17.950623039136133"><ele>278.72709481481485</ele></trkpt>
<trkpt lat="47.32900635927773" lon="17.950586730869247"><ele>278.44346666666667</ele></trkpt>
<trkpt lat="47.32908890074757" lon="17.950547341214655"><ele>278.0937377777778</ele></trkpt>
<trkpt lat="47.32917394444641" lon="17.95050483157873"><ele>277.69373333333334</ele></trkpt>
<trkpt lat="47.32925719185224" lon="17.950462034498372"><ele>277.29157333333336</ele></trkpt>
<trkpt lat="47.32933360370376" lon="17.950421664065406"><ele>276.9344888888889</ele></trkpt>
<trkpt lat="47.32940393212965" lon="17.95038308354697"><ele>276.6343636111111</ele></trkpt>
<trkpt lat="47.32947356898151" lon="17.950343154620914"><ele>276.3678652777778</ele></trkpt>
<trkpt lat="47.32954626472225" lon="17.95029945209386"><ele>276.10173416666663</ele></trkpt>
<trkpt lat="47.32962073259261" lon="17.950251585551875"><ele>275.8076038888889</ele></trkpt>
<trkpt lat="47.329694535833355" lon="17.950199190657752"><ele>275.4596901157407</ele></trkpt>
<trkpt lat="47.329766817129645" lon="17.950141655498612"><ele>275.04280960648146</ele></trkpt>
<trkpt lat="47.32983736111113" lon="17.950080165339724"><ele>274.57318576388883</ele></trkpt>
<trkpt lat="47.32990341435187" lon="17.95001895580164"><ele>274.10047453703703</ele></trkpt>
<trkpt lat="47.329961532493165" lon="17.94996249331839"><ele>273.67534164951985</ele></trkpt>
<trkpt lat="47.33001081961594" lon="17.94991207927195"><ele>273.3149271262003</ele></trkpt>
<trkpt lat="47.330053092849816" lon="17.94986652155629"><ele>273.0056979809671</ele></trkpt>
<trkpt lat="47.33009148705421" lon="17.949823201978727"><ele>272.7181244641632</ele></trkpt>
<trkpt lat="47.33012961891292" lon="17.949778416434516"><ele>272.41575542266804</ele></trkpt>
<trkpt lat="47.330173333333356" lon="17.949725208940364"><ele>272.0441666666667</ele></trkpt>
<trkpt lat="47.33022891117986" lon="17.949655923016582"><ele>271.5480161179698</ele></trkpt>
<trkpt lat="47.33029950445965" lon="17.94956684927939"><ele>270.90450445816185</ele></trkpt>
<trkpt lat="47.33038127058373" lon="17.94946302230272"><ele>270.1595113168724</ele></trkpt>
<trkpt lat="47.3304651989292" lon="17.949355827076822"><ele>269.4136865569273</ele></trkpt>
<trkpt lat="47.330543170510836" lon="17.949255259891196"><ele>268.76733710562416</ele></trkpt>
<trkpt lat="47.33061375016138" lon="17.94916260570593"><ele>268.2654166666667</ele></trkpt>
<trkpt lat="47.330682577226035" lon="17.949070124651943"><ele>267.886606707819</ele></trkpt>
<trkpt lat="47.33075625583649" lon="17.948969214285636"><ele>267.5823583539095</ele></trkpt>
<trkpt lat="47.33083666263343" lon="17.94885793836232"><ele>267.31795271604943</ele></trkpt>
<trkpt lat="47.33091940039683" lon="17.94874292842418"><ele>267.0936693415638</ele></trkpt>
<trkpt lat="47.331000407698056" lon="17.948630147558454"><ele>266.92817954732516</ele></trkpt>
<trkpt lat="47.33108012707886" lon="17.94851912455017"><ele>266.83694370370375</ele></trkpt>
<trkpt lat="47.33116293285792" lon="17.948403884218543"><ele>266.8151407407408</ele></trkpt>
<trkpt lat="47.33124957853922" lon="17.948283643547903"><ele>266.8445911111112</ele></trkpt>
<trkpt lat="47.33133550567973" lon="17.9481653426558"><ele>266.90738074074073</ele></trkpt>
<trkpt lat="47.331415859530985" lon="17.948056721818517"><ele>266.99934370370374</ele></trkpt>
<trkpt lat="47.33149134827232" lon="17.947957836090826"><ele>267.1280503703704</ele></trkpt>
<trkpt lat="47.33156688745332" lon="17.947862364004138"><ele>267.2995540740741</ele></trkpt>
<trkpt lat="47.331644577790875" lon="17.947766985388807"><ele>267.5028711111111</ele></trkpt>
<trkpt lat="47.331721549632164" lon="17.947674983799097"><ele>267.7110740740741</ele></trkpt>
<trkpt lat="47.331794637037284" lon="17.947591035534497"><ele>267.8992503703704</ele></trkpt>
<trkpt lat="47.331864897923836" lon="17.947515012576105"><ele>268.0598345404664</ele></trkpt>
<trkpt lat="47.33193644111249" lon="17.947442371200903"><ele>268.2012253772291</ele></trkpt>
<trkpt lat="47.33201015573091" lon="17.947370920321113"><ele>268.33132065843625</ele></trkpt>
<trkpt lat="47.33208356031635" lon="17.947302038259664"><ele>268.4512169821674</ele></trkpt>
<trkpt lat="47.33215459653098" lon="17.9472376415567"><ele>268.55871355281204</ele></trkpt>
<trkpt lat="47.33222734408834" lon="17.947174638147498"><ele>268.6583333333333</ele></trkpt>
<trkpt lat="47.332309783959296" lon="17.947106388682652"><ele>268.76020919067213</ele></trkpt>
<trkpt lat="47.332407526816354" lon="17.947027786954923"><ele>268.8730418381345</ele></trkpt>
<trkpt lat="47.332517534422486" lon="17.946940539734605"><ele>268.9963683127573</ele></trkpt>
<trkpt lat="47.3326297250367" lon="17.94685206570727"><ele>269.12202331961595</ele></trkpt>
<trkpt lat="47.33273491712751" lon="17.946769277933253"><ele>269.2428017832648</ele></trkpt>
<trkpt lat="47.33283250302361" lon="17.94669251786417"><ele>269.36083333333335</ele></trkpt>
<trkpt lat="47.332930111341504" lon="17.946615744867973"><ele>269.48675497256517</ele></trkpt>
<trkpt lat="47.333035528251784" lon="17.946532829713547"><ele>269.63057013031556</ele></trkpt>
<trkpt lat="47.33314875377438" lon="17.946443772326838"><ele>269.79355195473255</ele></trkpt>
<trkpt lat="47.333261979261174" lon="17.94635471455775"><ele>269.9710871056242</ele></trkpt>
<trkpt lat="47.33336739604928" lon="17.946271798360215"><ele>270.1645636145405</ele></trkpt>
<trkpt lat="47.333465004118764" lon="17.946195023808293"><ele>270.3914583333334</ele></trkpt>
<trkpt lat="47.33356261210445" lon="17.94611824897306"><ele>270.67834190672164</ele></trkpt>
<trkpt lat="47.333668028655886" lon="17.946035331832512"><ele>271.0387594307271</ele></trkpt>
<trkpt lat="47.333781253792814" lon="17.945946272312707"><ele>271.4522479423869</ele></trkpt>
<trkpt lat="47.33389447889331" lon="17.945857212411013"><ele>271.86956189986284</ele></trkpt>
<trkpt lat="47.333999895320424" lon="17.945774294228972"><ele>272.24303326474626</ele></trkpt>
<trkpt lat="47.334097503053364" lon="17.945697517841346"><ele>272.55645833333335</ele></trkpt>
<trkpt lat="47.334195081336205" lon="17.945620766680154"><ele>272.8276997599452</ele></trkpt>
<trkpt lat="47.334300203884716" lon="17.945538102637144"><ele>273.08379458161863</ele></trkpt>
<trkpt lat="47.334412077908176" lon="17.9454502143475"><ele>273.3352752057613</ele></trkpt>
<trkpt lat="47.33452110364656" lon="17.945364799939266"><ele>273.5702066186557</ele></trkpt>
<trkpt lat="47.33461650678919" lon="17.945290577979392"><ele>273.7698293895748</ele></trkpt>
<trkpt lat="47.33469432325892" lon="17.945230992157"><ele>273.92625000000004</ele></trkpt>
<trkpt lat="47.334759280754255" lon="17.94518265994452"><ele>274.0481393827161</ele></trkpt>
<trkpt lat="47.33481932610573" lon="17.94513954921268"><ele>274.1500609876544</ele></trkpt>
<trkpt lat="47.33488023969201" lon="17.945097213456066"><ele>274.2397781481482</ele></trkpt>
<trkpt lat="47.33494385162349" lon="17.945054423615986"><ele>274.3109598765432</ele></trkpt>
<trkpt lat="47.33501267288611" lon="17.945010061235195"><ele>274.34896160493827</ele></trkpt>
<trkpt lat="47.335091608888916" lon="17.944961581336084"><ele>274.3407377777778</ele></trkpt>
<trkpt lat="47.335185257777795" lon="17.944906157804247"><ele>274.28493333333336</ele></trkpt>
<trkpt lat="47.335290506666695" lon="17.944845169736166"><ele>274.1925866666667</ele></trkpt>
<trkpt lat="47.335396617777796" lon="17.94478446891924"><ele>274.0791155555556</ele></trkpt>
<trkpt lat="47.335493208888906" lon="17.944730025789713"><ele>273.9512266666667</ele></trkpt>
<trkpt lat="47.33557780155009" lon="17.9446834395846"><ele>273.80423542524005</ele></trkpt>
<trkpt lat="47.3356552575446" lon="17.944642039627116"><ele>273.6288933813443</ele></trkpt>
<trkpt lat="47.335729847613194" lon="17.944603297005997"><ele>273.42286368312756</ele></trkpt>
<trkpt lat="47.33580317445819" lon="17.944566304814266"><ele>273.18281838134436</ele></trkpt>
<trkpt lat="47.335876841056276" lon="17.94453060996548"><ele>272.88988357338826</ele></trkpt>
<trkpt lat="47.3359579166667" lon="17.944493333988955"><ele>272.4960416666667</ele></trkpt>
<trkpt lat="47.33605629029495" lon="17.944450126112375"><ele>271.94606738683126</ele></trkpt>
<trkpt lat="47.336177387688636" lon="17.944398291690785"><ele>271.2200823045268</ele></trkpt>
<trkpt lat="47.33631465792185" lon="17.944340099079923"><ele>270.3742669753087</ele></trkpt>
<trkpt lat="47.336451346021974" lon="17.94428207254555"><ele>269.527204218107</ele></trkpt>
<trkpt lat="47.33657045696162" lon="17.944230805102404"><ele>268.79696244855967</ele></trkpt>
<trkpt lat="47.33666479166669" lon="17.944188750615034"><ele>268.23833333333334</ele></trkpt>
<trkpt lat="47.33673941947448" lon="17.94415320396396"><ele>267.8279643561385</ele></trkpt>
<trkpt lat="47.33680388428072" lon="17.944119946188117"><ele>267.5088579175239</ele></trkpt>
<trkpt lat="47.33686431745116" lon="17.94408686206784"><ele>267.23598218878595</ele></trkpt>
<trkpt lat="47.336918316186576" lon="17.94405631277078"><ele>267.005348079561</ele></trkpt>
<trkpt lat="47.33696047239371" lon="17.94403189825797"><ele>266.83080932784634</ele></trkpt>
<trkpt lat="47.33698796810702" lon="17.944015238391643"><ele>266.71390174897124</ele></trkpt>
<trkpt lat="47.33700604648922" lon="17.94400275626574"><ele>266.6077536651235</ele></trkpt>
<trkpt lat="47.33702356545785" lon="17.943988488230485"><ele>266.4391007587449</ele></trkpt>
<trkpt lat="47.33704807034468" lon="17.943967256481404"><ele>266.1503321116255</ele></trkpt>
<trkpt lat="47.33708072434417" lon="17.943938068526993"><ele>265.7547723765432</ele></trkpt>
<trkpt lat="47.337119616769584" lon="17.94390125873158"><ele>265.31160751028807</ele></trkpt>
<trkpt lat="47.33716318608542" lon="17.943856258371067"><ele>264.87913419495885</ele></trkpt>
<trkpt lat="47.337212181712985" lon="17.94380109984388"><ele>264.4723871527778</ele></trkpt>
<trkpt lat="47.33726582465279" lon="17.94373670174884"><ele>264.0951822916666</ele></trkpt>
<trkpt lat="47.337320870949085" lon="17.943666690181903"><ele>263.76934027777776</ele></trkpt>
<trkpt lat="47.33737401620372" lon="17.943593950010044"><ele>263.52872685185184</ele></trkpt>
<trkpt lat="47.33742469618056" lon="17.94351814561492"><ele>263.3810300925926</ele></trkpt>
<trkpt lat="47.337473515625014" lon="17.94343884584708"><ele>263.2863107638889</ele></trkpt>
<trkpt lat="47.337519809027796" lon="17.943357581359248"><ele>263.16829571759257</ele></trkpt>
<trkpt lat="47.33756246817131" lon="17.943275529827314"><ele>262.9468518518519</ele></trkpt>
<trkpt lat="47.337601576967614" lon="17.943191785599804"><ele>262.5790190972222</ele></trkpt>
<trkpt lat="47.33763769097224" lon="17.94310664958508"><ele>262.088828125</ele></trkpt>
<trkpt lat="47.337669875578726" lon="17.94302432025523"><ele>261.5455902777778</ele></trkpt>
<trkpt lat="47.337696411365755" lon="17.942949803568716"><ele>261.0131499074074</ele></trkpt>
<trkpt lat="47.3377168577778" lon="17.942883936964993"><ele>260.51318925925926</ele></trkpt>
<trkpt lat="47.337732652708354" lon="17.94282337390873"><ele>260.04619576388893</ele></trkpt>
<trkpt lat="47.33774584201391" lon="17.942762441183405"><ele>259.61382488425926</ele></trkpt>
<trkpt lat="47.33775831159725" lon="17.94269298710126"><ele>259.2157231712963</ele></trkpt>
<trkpt lat="47.33777180000002" lon="17.94260464020304"><ele>258.828882962963</ele></trkpt>
<trkpt lat="47.337787480000024" lon="17.942490755834672"><ele>258.4211037037037</ele></trkpt>
<trkpt lat="47.337805000000024" lon="17.94235594698461"><ele>257.9820622222223</ele></trkpt>
<trkpt lat="47.337822520000024" lon="17.942214240298316"><ele>257.5295125925926</ele></trkpt>
<trkpt lat="47.33783820000003" lon="17.942076818025672"><ele>257.07563851851853</ele></trkpt>
<trkpt lat="47.33785157481485" lon="17.94194314391404"><ele>256.60271111111115</ele></trkpt>
<trkpt lat="47.337863491851884" lon="17.94180533649538"><ele>256.08051111111115</ele></trkpt>
<trkpt lat="47.337874831111144" lon="17.941661857972644"><ele>255.51120000000006</ele></trkpt>
<trkpt lat="47.337885882962986" lon="17.94152154092074"><ele>254.93542222222226</ele></trkpt>
<trkpt lat="47.337896819259285" lon="17.941394521644245"><ele>254.3911555555556</ele></trkpt>
<trkpt lat="47.33790844171299" lon="17.94128089141229"><ele>253.87095868055562</ele></trkpt>
<trkpt lat="47.33792192662039" lon="17.94117191059844"><ele>253.33763993055558</ele></trkpt>
<trkpt lat="47.33793816930557" lon="17.94106000146014"><ele>252.77543645833336</ele></trkpt>
<trkpt lat="47.33795786092595" lon="17.94094441024786"><ele>252.21729444444446</ele></trkpt>
<trkpt lat="47.337982134884285" lon="17.94082618368723"><ele>251.7067578703704</ele></trkpt>
<trkpt lat="47.3380120283565" lon="17.940704902003482"><ele>251.2625115740741</ele></trkpt>
<trkpt lat="47.338047144097246" lon="17.94058066015827"><ele>250.87061631944445</ele></trkpt>
<trkpt lat="47.33808590856483" lon="17.94045754096249"><ele>250.51380497685184</ele></trkpt>
<trkpt lat="47.338127180509275" lon="17.940339759027758"><ele>250.17902974537037</ele></trkpt>
<trkpt lat="47.33817117425927" lon="17.94022758752995"><ele>249.8587333333333</ele></trkpt>
<trkpt lat="47.338217457430574" lon="17.94012012066381"><ele>249.55916249999999</ele></trkpt>
<trkpt lat="47.33826496932872" lon="17.940017653563952"><ele>249.3065875</ele></trkpt>
<trkpt lat="47.33831416650464" lon="17.939919233738664"><ele>249.13802916666668</ele></trkpt>
<trkpt lat="47.33836851024927" lon="17.93981886696134"><ele>249.0725927297668</ele></trkpt>
<trkpt lat="47.33843133669233" lon="17.9397097632044"><ele>249.10065582990399</ele></trkpt>
<trkpt lat="47.33850085828105" lon="17.939593019603876"><ele>249.18758189300414</ele></trkpt>
<trkpt lat="47.33857126540452" lon="17.9394768413485"><ele>249.293268175583</ele></trkpt>
<trkpt lat="47.33863766459449" lon="17.939368758612197"><ele>249.38634581618658</ele></trkpt>
<trkpt lat="47.33870171949903" lon="17.93926620118801"><ele>249.45333333333335</ele></trkpt>
<trkpt lat="47.3387696792977" lon="17.939159276513653"><ele>249.49503343621402</ele></trkpt>
<trkpt lat="47.33884680798241" lon="17.939039403258363"><ele>249.5196270576132</ele></trkpt>
<trkpt lat="47.33893180337548" lon="17.938908114520068"><ele>249.53690586419754</ele></trkpt>
<trkpt lat="47.33901773435946" lon="17.938775723709544"><ele>249.5574279835391</ele></trkpt>
<trkpt lat="47.339098055627574" lon="17.938652090081153"><ele>249.59308899176958</ele></trkpt>
<trkpt lat="47.33917250669101" lon="17.938537520361272"><ele>249.65729166666668</ele></trkpt>
<trkpt lat="47.3392469672139" lon="17.938422938961246"><ele>249.76133144718793</ele></trkpt>
<trkpt lat="47.33932738441591" lon="17.938299190686365"><ele>249.90766289437585</ele></trkpt>
<trkpt lat="47.339413758341415" lon="17.938166275452556"><ele>250.0837628600823</ele></trkpt>
<trkpt lat="47.33950013218717" lon="17.938033359783564"><ele>250.26626628943757</ele></trkpt>
<trkpt lat="47.339580549117024" lon="17.93790961032135"><ele>250.43444873113853</ele></trkpt>
<trkpt lat="47.3396550090866" lon="17.93779502714997"><ele>250.58291666666668</ele></trkpt>
<trkpt lat="47.33972946886952" lon="17.937680443655697"><ele>250.72130572702332</ele></trkpt>
<trkpt lat="47.33980988527236" lon="17.937556693119"><ele>250.86132287379974</ele></trkpt>
<trkpt lat="47.33989625833954" lon="17.93742377545578"><ele>251.0035005144033</ele></trkpt>
<trkpt lat="47.33998263132703" lon="17.937290857357272"><ele>251.13461762688615</ele></trkpt>
<trkpt lat="47.34006304745796" lon="17.93716710563286"><ele>251.2368921467764</ele></trkpt>
<trkpt lat="47.340137506687995" lon="17.937052520366482"><ele>251.2985416666667</ele></trkpt>
<trkpt lat="47.34021195180098" lon="17.93693795042548"><ele>251.3187517146777</ele></trkpt>
<trkpt lat="47.340292228098434" lon="17.93681435411352"><ele>251.30550497256522</ele></trkpt>
<trkpt lat="47.34037795949499" lon="17.936682153868116"><ele>251.27245884773666</ele></trkpt>
<trkpt lat="47.34046233953118" lon="17.936551471140323"><ele>251.2350883058985</ele></trkpt>
<trkpt lat="47.340538004485545" lon="17.93643305347141"><ele>251.20708504801098</ele></trkpt>
<trkpt lat="47.3406030736653" lon="17.93632901359386"><ele>251.19729166666667</ele></trkpt>
<trkpt lat="47.34066225529755" lon="17.936231317935714"><ele>251.20909222908094</ele></trkpt>
<trkpt lat="47.340721746010246" lon="17.9361300606581"><ele>251.24105124828534</ele></trkpt>
<trkpt lat="47.34078416725348" lon="17.93602149284965"><ele>251.28783113168728</ele></trkpt>
<trkpt lat="47.34084681854012" lon="17.935910454052667"><ele>251.34193377914954</ele></trkpt>
<trkpt lat="47.34090661772857" lon="17.935801598904757"><ele>251.39846383401925</ele></trkpt>
<trkpt lat="47.340963549869564" lon="17.935693854678096"><ele>251.45721481481485</ele></trkpt>
<trkpt lat="47.341020824140394" lon="17.935581146300443"><ele>251.52044740740743</ele></trkpt>
<trkpt lat="47.34107966289456" lon="17.935462375773835"><ele>251.58577777777782</ele></trkpt>
<trkpt lat="47.34113792681427" lon="17.93534338956483"><ele>251.643922962963</ele></trkpt>
<trkpt lat="47.341193239536544" lon="17.935229945353285"><ele>251.68263703703707</ele></trkpt>
<trkpt lat="47.34124675657359" lon="17.935120052019922"><ele>251.6938740740741</ele></trkpt>
<trkpt lat="47.34130200977724" lon="17.935006518453417"><ele>251.67654370370374</ele></trkpt>
<trkpt lat="47.34136000067234" lon="17.93488712243911"><ele>251.63268888888894</ele></trkpt>
<trkpt lat="47.34141799154779" lon="17.93476707962958"><ele>251.55937481481484</ele></trkpt>
<trkpt lat="47.34147324468438" lon="17.934651339112996"><ele>251.44151851851856</ele></trkpt>
<trkpt lat="47.34152674233186" lon="17.934537166232808"><ele>251.25725333333335</ele></trkpt>
<trkpt lat="47.34158186226277" lon="17.934417255783504"><ele>250.99582666666672</ele></trkpt>
<trkpt lat="47.341639240011574" lon="17.934290549827672"><ele>250.67664000000002</ele></trkpt>
<trkpt lat="47.34169532444671" lon="17.934164777871544"><ele>250.34322666666668</ele></trkpt>
<trkpt lat="47.34174603111135" lon="17.934048054757188"><ele>250.03325333333336</ele></trkpt>
<trkpt lat="47.34179093111155" lon="17.933940041319865"><ele>249.75425481481483</ele></trkpt>
<trkpt lat="47.3418328600045" lon="17.933833422033736"><ele>249.48825185185189</ele></trkpt>
<trkpt lat="47.34187360668988" lon="17.933723522776337"><ele>249.21799111111113</ele></trkpt>
<trkpt lat="47.341911982303614" lon="17.93361110869896"><ele>248.935802962963</ele></trkpt>
<trkpt lat="47.34194582022011" lon="17.933495907998253"><ele>248.62909925925928</ele></trkpt>
<trkpt lat="47.341974978259465" lon="17.933371191860715"><ele>248.27094962962963</ele></trkpt>
<trkpt lat="47.3420014608767" lon="17.933228709922254"><ele>247.83949037037038</ele></trkpt>
<trkpt lat="47.342026868016504" lon="17.933070094687775"><ele>247.35346222222225</ele></trkpt>
<trkpt lat="47.34205119733906" lon="17.932907383826063"><ele>246.87332592592597</ele></trkpt>
<trkpt lat="47.342074002043866" lon="17.932750926174286"><ele>246.46197185185187</ele></trkpt>
<trkpt lat="47.342096003525604" lon="17.932599059508092"><ele>246.14313185185188</ele></trkpt>
<trkpt lat="47.342118822527105" lon="17.932442423831162"><ele>245.89854814814817</ele></trkpt>
<trkpt lat="47.34214321914244" lon="17.932278894713516"><ele>245.70144888888888</ele></trkpt>
<trkpt lat="47.34216883722502" lon="17.93211773667667"><ele>245.54085037037038</ele></trkpt>
<trkpt lat="47.3421958243261" lon="17.93196919209101"><ele>245.42082074074077</ele></trkpt>
<trkpt lat="47.34222592423174" lon="17.931833025523087"><ele>245.34409481481484</ele></trkpt>
<trkpt lat="47.342261096938145" lon="17.93170037029442"><ele>245.303442962963</ele></trkpt>
<trkpt lat="47.342300718663914" lon="17.93156639514626"><ele>245.28540444444445</ele></trkpt>
<trkpt lat="47.3423415618854" lon="17.931434791024003"><ele>245.27656296296297</ele></trkpt>
<trkpt lat="47.34238090278851" lon="17.931310226741836"><ele>245.26729481481485</ele></trkpt>
<trkpt lat="47.342419091676994" lon="17.93118985859285"><ele>245.25189481481485</ele></trkpt>
<trkpt lat="47.34245835076982" lon="17.931066101386023"><ele>245.22847851851856</ele></trkpt>
<trkpt lat="47.34249881864072" lon="17.930938210663236"><ele>245.19907111111115</ele></trkpt>
<trkpt lat="47.342537274634545" lon="17.930815780545313"><ele>245.16808296296298</ele></trkpt>
<trkpt lat="47.3425696684561" lon="17.930710657089673"><ele>245.13927259259262</ele></trkpt>
<trkpt lat="47.342594443447" lon="17.93062682709147"><ele>245.11364075445817</ele></trkpt>
<trkpt lat="47.34261316679146" lon="17.93055879034435"><ele>245.08992928669412</ele></trkpt>
<trkpt lat="47.34262831291709" lon="17.930498634967517"><ele>245.06734152263377</ele></trkpt>
<trkpt lat="47.34264187459164" lon="17.93043930463543"><ele>245.04637978052128</ele></trkpt>
<trkpt lat="47.34265528054806" lon="17.930373710965046"><ele>245.02805310013719</ele></trkpt>
<trkpt lat="47.342670417126726" lon="17.930290833998114"><ele>245.01208333333335</ele></trkpt>
<trkpt lat="47.342689330446696" lon="17.930178886620403"><ele>244.99734482167355</ele></trkpt>
<trkpt lat="47.34271307418737" lon="17.930032772697103"><ele>244.98482081618656</ele></trkpt>
<trkpt lat="47.34274049086979" lon="17.929861288386874"><ele>244.98254372427985</ele></trkpt>
<trkpt lat="47.34276873913412" lon="17.92968348362522"><ele>245.01012174211252</ele></trkpt>
<trkpt lat="47.34279532054096" lon="17.929515802122097"><ele>245.0994744513032</ele></trkpt>
<trkpt lat="47.34282000349636" lon="17.92936000315975"><ele>245.29187500000003</ele></trkpt>
<trkpt lat="47.34284470411435" lon="17.929204149173625"><ele>245.62298268175587</ele></trkpt>
<trkpt lat="47.34287146461423" lon="17.929035918475286"><ele>246.10223079561044</ele></trkpt>
<trkpt lat="47.34290053973808" lon="17.928855588833844"><ele>246.69806841563786</ele></trkpt>
<trkpt lat="47.342930529605745" lon="17.928676257028574"><ele>247.35868912894378</ele></trkpt>
<trkpt lat="47.34296041155094" lon="17.92851143144638"><ele>248.05900120027437</ele></trkpt>
<trkpt lat="47.34299145879339" lon="17.928362501127967"><ele>248.83958333333334</ele></trkpt>
<trkpt lat="47.34302675089072" lon="17.928218275264015"><ele>249.78332218792866</ele></trkpt>
<trkpt lat="47.34306835484255" lon="17.92806697390812"><ele>250.93646690672153</ele></trkpt>
<trkpt lat="47.34311451133847" lon="17.927908666319095"><ele>252.23177211934154</ele></trkpt>
<trkpt lat="47.34315983625247" lon="17.92775659569758"><ele>253.49605795610424</ele></trkpt>
<trkpt lat="47.343198602538116" lon="17.927626577412536"><ele>254.54335305212618</ele></trkpt>
<trkpt lat="47.343228125000024" lon="17.92752562547806"><ele>255.27187499999997</ele></trkpt>
<trkpt lat="47.343249524605916" lon="17.92744904476707"><ele>255.69249999999997</ele></trkpt>
<trkpt lat="47.34326571973909" lon="17.927386765850812"><ele>255.88142746913576</ele></trkpt>
<trkpt lat="47.34327929142568" lon="17.92733007342912"><ele>255.92574074074074</ele></trkpt>
<trkpt lat="47.34329165729277" lon="17.92727350581212"><ele>255.88622685185186</ele></trkpt>
<trkpt lat="47.34330373772227" lon="17.92721165277669"><ele>255.78910493827163</ele></trkpt>
<trkpt lat="47.34331677117846" lon="17.927135937966344"><ele>255.628125</ele></trkpt>
<trkpt lat="47.3433323056198" lon="17.927036444986836"><ele>255.38404149519891</ele></trkpt>
<trkpt lat="47.343351239111264" lon="17.926908591752625"><ele>255.05083762002747</ele></trkpt>
<trkpt lat="47.343372819284355" lon="17.92675949622563"><ele>254.656383744856</ele></trkpt>
<trkpt lat="47.34339493998202" lon="17.926605286143676"><ele>254.25577589163237</ele></trkpt>
<trkpt lat="47.343415717943934" lon="17.92645998024787"><ele>253.90157235939645</ele></trkpt>
<trkpt lat="47.3434350026228" lon="17.926325002163612"><ele>253.6147916666667</ele></trkpt>
<trkpt lat="47.34345428790278" lon="17.926190027401496"><ele>253.3817764060357</ele></trkpt>
<trkpt lat="47.34347507372687" lon="17.926044755450963"><ele>253.17697102194788</ele></trkpt>
<trkpt lat="47.34349723286461" lon="17.925890702501484"><ele>252.98653292181072</ele></trkpt>
<trkpt lat="47.343518934584516" lon="17.92574209655405"><ele>252.8157210219479</ele></trkpt>
<trkpt lat="47.343538159529274" lon="17.92561541189404"><ele>252.67788751714681</ele></trkpt>
<trkpt lat="47.34355427117847" lon="17.925518229633425"><ele>252.5810416666667</ele></trkpt>
<trkpt lat="47.34356850677663" lon="17.92544568248456"><ele>252.52198956189991</ele></trkpt>
<trkpt lat="47.343582928619064" lon="17.925386806355863"><ele>252.49155339077507</ele></trkpt>
<trkpt lat="47.343599715486896" lon="17.925330646355423"><ele>252.48234021347739</ele></trkpt>
<trkpt lat="47.343621081536064" lon="17.925269397042626"><ele>252.49511145404668</ele></trkpt>
<trkpt lat="47.34364909336473" lon="17.925197736046155"><ele>252.53501028806588</ele></trkpt>
<trkpt lat="47.343684539611615" lon="17.9251139222961"><ele>252.60502486282581</ele></trkpt>
<trkpt lat="47.34372500676481" lon="17.925022538443027"><ele>252.69758648405352</ele></trkpt>
<trkpt lat="47.343766820712666" lon="17.924930834169903"><ele>252.80165005572707</ele></trkpt>
<trkpt lat="47.34380782837942" lon="17.924843204099055"><ele>252.91150452246228</ele></trkpt>
<trkpt lat="47.34385083361588" lon="17.92475406389291"><ele>253.03645833333334</ele></trkpt>
<trkpt lat="47.34390100534502" lon="17.924652858493243"><ele>253.19222993827162</ele></trkpt>
<trkpt lat="47.34396182532901" lon="17.92453211244086"><ele>253.38825617283953</ele></trkpt>
<trkpt lat="47.34403097870915" lon="17.924395818527223"><ele>253.6157175925926</ele></trkpt>
<trkpt lat="47.34410179530403" lon="17.924256655253707"><ele>253.8529089506173</ele></trkpt>
<trkpt lat="47.344168290794066" lon="17.92412611815798"><ele>254.082137345679</ele></trkpt>
<trkpt lat="47.344230002147214" lon="17.924005005899193"><ele>254.30541666666667</ele></trkpt>
<trkpt lat="47.344291726150715" lon="17.923883881361427"><ele>254.5414814814815</ele></trkpt>
<trkpt lat="47.3443583496593" lon="17.923753223330596"><ele>254.80359567901237</ele></trkpt>
<trkpt lat="47.344429757001336" lon="17.923613506303194"><ele>255.0753703703704</ele></trkpt>
<trkpt lat="47.344500748511464" lon="17.92347549384108"><ele>255.3052314814815</ele></trkpt>
<trkpt lat="47.34456595304734" lon="17.923350652687684"><ele>255.42432098765434</ele></trkpt>
<trkpt lat="47.344624791949215" lon="17.923241355798986"><ele>255.36958333333337</ele></trkpt>
<trkpt lat="47.34468212533159" lon="17.923139292224796"><ele>255.1017780932785</ele></trkpt>
<trkpt lat="47.344743301692624" lon="17.92303438969091"><ele>254.62416828532238</ele></trkpt>
<trkpt lat="47.344809284889834" lon="17.922923762706674"><ele>253.99435131687247</ele></trkpt>
<trkpt lat="47.344875055043744" lon="17.92281495611685"><ele>253.31556495198907</ele></trkpt>
<trkpt lat="47.344934983230715" lon="17.92271712933019"><ele>252.6763929080933</ele></trkpt>
<trkpt lat="47.344987459606514" lon="17.922633243843755"><ele>252.10516275462967</ele></trkpt>
<trkpt lat="47.345035877893544" lon="17.92255808374441"><ele>251.56903807870376</ele></trkpt>
<trkpt lat="47.345084030902804" lon="17.922485820372152"><ele>251.0309186805556</ele></trkpt>
<trkpt lat="47.34513348796299" lon="17.922414777016737"><ele>250.4808392592593</ele></trkpt>
<trkpt lat="47.34518480451392" lon="17.922345540432858"><ele>249.92030708333337</ele></trkpt>
<trkpt lat="47.345238486689844" lon="17.922278275808203"><ele>249.35034143518521</ele></trkpt>
<trkpt lat="47.34529368055559" lon="17.922213298944772"><ele>248.7874392361111</ele></trkpt>
<trkpt lat="47.345346629050944" lon="17.92215393546427"><ele>248.2882494212963</ele></trkpt>
<trkpt lat="47.345393573495386" lon="17.92210397010542"><ele>247.9160445601852</ele></trkpt>
<trkpt lat="47.345433998842616" lon="17.922064178374654"><ele>247.69060185185188</ele></trkpt>
<trkpt lat="47.34547115451391" lon="17.92203131955369"><ele>247.56230902777781</ele></trkpt>
<trkpt lat="47.34551027488428" lon="17.922000706146132"><ele>247.43794560185185</ele></trkpt>
<trkpt lat="47.34555689525465" lon="17.92196807599279"><ele>247.22548900462965</ele></trkpt>
<trkpt lat="47.34561432291669" lon="17.921930905920952"><ele>246.88021122685186</ele></trkpt>
<trkpt lat="47.34568000000002" lon="17.921889835350708"><ele>246.43389756944447</ele></trkpt>
<trkpt lat="47.34574567708336" lon="17.921848484047995"><ele>245.97719907407406</ele></trkpt>
<trkpt lat="47.345803113425944" lon="17.921810396599085"><ele>245.59962094907408</ele></trkpt>
<trkpt lat="47.34584982060188" lon="17.921775946316867"><ele>245.3362008101852</ele></trkpt>
<trkpt lat="47.34588934027781" lon="17.921742031378727"><ele>245.16501736111113</ele></trkpt>
<trkpt lat="47.34592773726854" lon="17.921703064415883"><ele>245.04491608796297</ele></trkpt>
<trkpt lat="47.34597048106505" lon="17.92165316633036"><ele>244.9440945601852</ele></trkpt>
<trkpt lat="47.34602072666911" lon="17.921588743206414"><ele>244.8494601851852</ele></trkpt>
<trkpt lat="47.3460772054293" lon="17.92151253785058"><ele>244.76564340277778</ele></trkpt>
<trkpt lat="47.346136150738715" lon="17.921430650364815"><ele>244.71379872685188</ele></trkpt>
<trkpt lat="47.34619554553638" lon="17.921346145544547"><ele>244.72636655092595</ele></trkpt>
<trkpt lat="47.34625856470642" lon="17.921254311280286"><ele>244.83084000000002</ele></trkpt>
<trkpt lat="47.34632969158792" lon="17.921148770685647"><ele>245.03386222222224</ele></trkpt>
<trkpt lat="47.34640864073411" lon="17.921030519007278"><ele>245.3125466666667</ele></trkpt>
<trkpt lat="47.34648952985884" lon="17.920908890057092"><ele>245.6296</ele></trkpt>
<trkpt lat="47.3465672766671" lon="17.920791825207182"><ele>245.96355111111114</ele></trkpt>
<trkpt lat="47.346642242409885" lon="17.920678911166085"><ele>246.3203457681756</ele></trkpt>
<trkpt lat="47.34671847351075" lon="17.920564124988896"><ele>246.7147323388203</ele></trkpt>
<trkpt lat="47.34679649724629" lon="17.92044679458184"><ele>247.13007545267493</ele></trkpt>
<trkpt lat="47.34687277425218" lon="17.92033251680577"><ele>247.5172136351166</ele></trkpt>
<trkpt lat="47.346943633062644" lon="17.920227261510657"><ele>247.81870502743485</ele></trkpt>
<trkpt lat="47.34701145872938" lon="17.920128023165606"><ele>248.00520833333334</ele></trkpt>
<trkpt lat="47.347083034654304" lon="17.92002510109696"><ele>248.0791803840878</ele></trkpt>
<trkpt lat="47.3471639857127" lon="17.91991013086742"><ele>248.06472650891635</ele></trkpt>
<trkpt lat="47.34725303870174" lon="17.919784443135"><ele>247.99318930041153</ele></trkpt>
<trkpt lat="47.34734300646452" lon="17.919657798791054"><ele>247.8930444101509</ele></trkpt>
<trkpt lat="47.347427079070414" lon="17.919539564554043"><ele>247.7809705075446</ele></trkpt>
<trkpt lat="47.34750500182759" lon="17.91943000666574"><ele>247.65645833333338</ele></trkpt>
<trkpt lat="47.34758290511624" lon="17.919320481476728"><ele>247.50815157750347</ele></trkpt>
<trkpt lat="47.34766678432661" lon="17.91920257629953"><ele>247.32851766117975</ele></trkpt>
<trkpt lat="47.34775586405451" lon="17.91907744847922"><ele>247.1269547325103</ele></trkpt>
<trkpt lat="47.34784215784073" lon="17.918956478423866"><ele>246.9287182784637</ele></trkpt>
<trkpt lat="47.347916530384076" lon="17.918852761408466"><ele>246.76043552812075</ele></trkpt>
<trkpt lat="47.347975104407155" lon="17.91877208476877"><ele>246.63520833333337</ele></trkpt>
<trkpt lat="47.348020952113366" lon="17.918710483708463"><ele>246.5485411591221</ele></trkpt>
<trkpt lat="47.348060206213646" lon="17.918659622120447"><ele>246.48525552812072</ele></trkpt>
<trkpt lat="47.34809816251759" lon="17.918612361749513"><ele>246.42523495884774</ele></trkpt>
<trkpt lat="47.348137855425456" lon="17.918565114290466"><ele>246.34394756515778</ele></trkpt>
<trkpt lat="47.34818278231286" lon="17.918514609483893"><ele>246.2083596776406</ele></trkpt>
<trkpt lat="47.34823753494517" lon="17.91845655069719"><ele>245.9847762962963</ele></trkpt>
<trkpt lat="47.3483055832002" lon="17.918387216509316"><ele>245.6572592592593</ele></trkpt>
<trkpt lat="47.34838448480969" lon="17.918308397880363"><ele>245.2458488888889</ele></trkpt>
<trkpt lat="47.34846676344556" lon="17.918226848710916"><ele>244.79333925925928</ele></trkpt>
<trkpt lat="47.34854633536786" lon="17.918148197082974"><ele>244.32557629629633</ele></trkpt>
<trkpt lat="47.34862366425675" lon="17.91807181189775"><ele>243.8293066666667</ele></trkpt>
<trkpt lat="47.34870322122334" lon="17.917993189451245"><ele>243.27712888888894</ele></trkpt>
<trkpt lat="47.34878543147637" lon="17.917911775656332"><ele>242.6811466666667</ele></trkpt>
<trkpt lat="47.34886412097798" lon="17.91783337946721"><ele>242.10413333333335</ele></trkpt>
<trkpt lat="47.34893166383406" lon="17.91776505439026"><ele>241.61668444444447</ele></trkpt>
<trkpt lat="47.348985953855866" lon="17.91770829749022"><ele>241.24456185185187</ele></trkpt>
<trkpt lat="47.349031049559066" lon="17.917658625107286"><ele>240.96248703703705</ele></trkpt>
<trkpt lat="47.34907243306185" lon="17.91761023176775"><ele>240.72972555555558</ele></trkpt>
<trkpt lat="47.349113512593824" lon="17.91755900152263"><ele>240.5198303703704</ele></trkpt>
<trkpt lat="47.34915589555595" lon="17.917502215075007"><ele>240.32219851851858</ele></trkpt>
<trkpt lat="47.349200416299205" lon="17.917438128653256"><ele>240.13250888888894</ele></trkpt>
<trkpt lat="47.34924636362613" lon="17.917367763301783"><ele>239.95109000000002</ele></trkpt>
<trkpt lat="47.349291678293376" lon="17.917293488674968"><ele>239.78445000000002</ele></trkpt>
<trkpt lat="47.34933534745718" lon="17.917214501945907"><ele>239.63844777777777</ele></trkpt>
<trkpt lat="47.34937965364486" lon="17.917124153708507"><ele>239.50910962962965</ele></trkpt>
<trkpt lat="47.349427929455885" lon="17.917016000230877"><ele>239.3866148148148</ele></trkpt>
<trkpt lat="47.349480507539646" lon="17.916892300099388"><ele>239.26751555555555</ele></trkpt>
<trkpt lat="47.349533947820106" lon="17.916764001287394"><ele>239.1612059259259</ele></trkpt>
<trkpt lat="47.34958516576627" lon="17.916640155579223"><ele>239.08235407407406</ele></trkpt>
<trkpt lat="47.349634826507" lon="17.916519856319756"><ele>239.03929777777776</ele></trkpt>
<trkpt lat="47.3496859404127" lon="17.916396069433517"><ele>239.02878666666666</ele></trkpt>
<trkpt lat="47.3497389030952" lon="17.9162680423129"><ele>239.03930666666668</ele></trkpt>
<trkpt lat="47.34978999760403" lon="17.91614518835447"><ele>239.05715555555554</ele></trkpt>
<trkpt lat="47.34983473660782" lon="17.916039054397043"><ele>239.07165333333333</ele></trkpt>
<trkpt lat="47.34987224421643" lon="17.9159525738706"><ele>239.07717502314813</ele></trkpt>
<trkpt lat="47.349905359311904" lon="17.91587945626048"><ele>239.07321747685185</ele></trkpt>
<trkpt lat="47.349937353903904" lon="17.915812051294065"><ele>239.06278465277776</ele></trkpt>
<trkpt lat="47.349969743151064" lon="17.91574712799066"><ele>239.05052629629628</ele></trkpt>
<trkpt lat="47.35000278100851" lon="17.915684762615605"><ele>239.04030040466392</ele></trkpt>
<trkpt lat="47.35003664609056" lon="17.91562505250852"><ele>239.03366426611797</ele></trkpt>
<trkpt lat="47.35007114969139" lon="17.915567691535493"><ele>239.02915091306582</ele></trkpt>
<trkpt lat="47.35010648405352" lon="17.915511606436446"><ele>239.02319262259945</ele></trkpt>
<trkpt lat="47.3501444804527" lon="17.91545367344613"><ele>239.0110036222565</ele></trkpt>
<trkpt lat="47.35019062500001" lon="17.915385834174078"><ele>238.98729166666666</ele></trkpt>
<trkpt lat="47.350251388031566" lon="17.915298643298033"><ele>238.94774691358023</ele></trkpt>
<trkpt lat="47.350329643347074" lon="17.915187625239255"><ele>238.8917515432099</ele></trkpt>
<trkpt lat="47.35041995113172" lon="17.915060001975963"><ele>238.82500000000002</ele></trkpt>
<trkpt lat="47.35051017575449" lon="17.914932378324213"><ele>238.75824845679017</ele></trkpt>
<trkpt lat="47.350588147290836" lon="17.91482135934408"><ele>238.70225308641977</ele></trkpt>
<trkpt lat="47.35064833333336" lon="17.9147341675016"><ele>238.66270833333337</ele></trkpt>
<trkpt lat="47.35069306841566" lon="17.914667034954167"><ele>238.638969478738</ele></trkpt>
<trkpt lat="47.35072825874488" lon="17.914611360903464"><ele>238.6265114883402</ele></trkpt>
<trkpt lat="47.35075897376545" lon="17.91455985363641"><ele>238.61931584362142</ele></trkpt>
<trkpt lat="47.35078794238685" lon="17.914508096964788"><ele>238.6109559327847</ele></trkpt>
<trkpt lat="47.350817173353924" lon="17.914451571857526"><ele>238.59452503429358</ele></trkpt>
<trkpt lat="47.35084979166669" lon="17.9143827088933"><ele>238.56270833333335</ele></trkpt>
<trkpt lat="47.35088974108443" lon="17.91429256001359"><ele>238.50961162551442</ele></trkpt>
<trkpt lat="47.35093921211367" lon="17.914176801574627"><ele>238.4340072016461</ele></trkpt>
<trkpt lat="47.350996075144465" lon="17.914041336252126"><ele>238.34221450617284</ele></trkpt>
<trkpt lat="47.35105476780706" lon="17.913899633723005"><ele>238.24568158436213</ele></trkpt>
<trkpt lat="47.35111048221897" lon="17.913762591849416"><ele>238.1539017489712</ele></trkpt>
<trkpt lat="47.35116312588606" lon="17.91362916929664"><ele>238.0679166666667</ele></trkpt>
<trkpt lat="47.35121694872294" lon="17.913487949947797"><ele>237.9811136831276</ele></trkpt>
<trkpt lat="47.35127607282703" lon="17.9133287991139"><ele>237.88674125514407</ele></trkpt>
<trkpt lat="47.35134015085791" lon="17.91315403122029"><ele>237.7851466049383</ele></trkpt>
<trkpt lat="47.35140447837422" lon="17.912977599863897"><ele>237.68380144032923</ele></trkpt>
<trkpt lat="47.35146445381523" lon="17.912812772979716"><ele>237.59028034979426</ele></trkpt>
<trkpt lat="47.35152000761815" lon="17.912660013557254"><ele>237.50520833333334</ele></trkpt>
<trkpt lat="47.35157556366276" lon="17.91250723666856"><ele>237.42210648148145</ele></trkpt>
<trkpt lat="47.3516355639017" lon="17.91234223726746"><ele>237.33432098765428</ele></trkpt>
<trkpt lat="47.35170000841402" lon="17.912165015270055"><ele>237.24219907407405</ele></trkpt>
<trkpt lat="47.351764452785005" lon="17.911987792838413"><ele>237.15381944444445</ele></trkpt>
<trkpt lat="47.3518244525417" lon="17.911822792251616"><ele>237.0788040123457</ele></trkpt>
<trkpt lat="47.35188000760577" lon="17.911670013591472"><ele>237.02166666666668</ele></trkpt>
<trkpt lat="47.351935551196206" lon="17.911517281759178"><ele>236.9800368655693</ele></trkpt>
<trkpt lat="47.351995438582385" lon="17.911352751638578"><ele>236.948368484225</ele></trkpt>
<trkpt lat="47.35205936895607" lon="17.911177696342925"><ele>236.92210133744857</ele></trkpt>
<trkpt lat="47.35212221822565" lon="17.911007214692756"><ele>236.89941015089164</ele></trkpt>
<trkpt lat="47.3521784164834" lon="17.91085829186249"><ele>236.8799442729767</ele></trkpt>
<trkpt lat="47.352226459217526" lon="17.910737293973302"><ele>236.86312500000003</ele></trkpt>
<trkpt lat="47.352269776353936" lon="17.910637042179946"><ele>236.84738430041153</ele></trkpt>
<trkpt lat="47.352313097127734" lon="17.9105456426973"><ele>236.83108008230454</ele></trkpt>
<trkpt lat="47.35235893347771" lon="17.9104555710286"><ele>236.81357179012346</ele></trkpt>
<trkpt lat="47.352406531866734" lon="17.910367396061996"><ele>236.79556286008233</ele></trkpt>
<trkpt lat="47.35245552287454" lon="17.91028312411682"><ele>236.77768430041155</ele></trkpt>
<trkpt lat="47.352507403578436" lon="17.910201984360935"><ele>236.75976501371747</ele></trkpt>
<trkpt lat="47.35256481467123" lon="17.910119709735547"><ele>236.74091786694103</ele></trkpt>
<trkpt lat="47.352627041006706" lon="17.910035365527715"><ele>236.72113170781893</ele></trkpt>
<trkpt lat="47.35269109346077" lon="17.909951144995446"><ele>236.70112718792868</ele></trkpt>
<trkpt lat="47.35275521246565" lon="17.909868667074967"><ele>236.68138600137175</ele></trkpt>
<trkpt lat="47.352823681107374" lon="17.9097825032145"><ele>236.66062500000004</ele></trkpt>
<trkpt lat="47.35290427775454" lon="17.90968293764739"><ele>236.6365534979424</ele></trkpt>
<trkpt lat="47.353002047968154" lon="17.909563465450784"><ele>236.6080066872428</ele></trkpt>
<trkpt lat="47.353113249390724" lon="17.909428252757582"><ele>236.57734567901235</ele></trkpt>
<trkpt lat="47.35322713971365" lon="17.909290045873345"><ele>236.55067644032926</ele></trkpt>
<trkpt lat="47.35333408545328" lon="17.909160356830277"><ele>236.5357510288066</ele></trkpt>
<trkpt lat="47.353433338079306" lon="17.909040019014643"><ele>236.539375</ele></trkpt>
<trkpt lat="47.353532618220896" lon="17.908919649884492"><ele>236.565143175583</ele></trkpt>
<trkpt lat="47.353639840594234" lon="17.9087896507155"><ele>236.61244684499317</ele></trkpt>
<trkpt lat="47.35375500524827" lon="17.908650021389768"><ele>236.67640174897122</ele></trkpt>
<trkpt lat="47.353870169814144" lon="17.90851039145418"><ele>236.75125085733885</ele></trkpt>
<trkpt lat="47.35397739188667" lon="17.908380390621545"><ele>236.83572959533612</ele></trkpt>
<trkpt lat="47.35407667141666" lon="17.908260019010083"><ele>236.93708333333336</ele></trkpt>
<trkpt lat="47.354175919590936" lon="17.90813968038519"><ele>237.06721707818932</ele></trkpt>
<trkpt lat="47.354282829589316" lon="17.908010012431998"><ele>237.2327983539095</ele></trkpt>
<trkpt lat="47.35439656043612" lon="17.907871917873237"><ele>237.4267438271605</ele></trkpt>
<trkpt lat="47.354507269735095" lon="17.907737066258143"><ele>237.6321656378601</ele></trkpt>
<trkpt lat="47.35460386909087" lon="17.907618464879473"><ele>237.836908436214</ele></trkpt>
<trkpt lat="47.354682153330195" lon="17.907520628158842"><ele>238.04666666666668</ele></trkpt>
<trkpt lat="47.354746707998615" lon="17.90743739795553"><ele>238.28338814814816</ele></trkpt>
<trkpt lat="47.35480514617234" lon="17.907359193851338"><ele>238.5642227160494</ele></trkpt>
<trkpt lat="47.354862101185056" lon="17.907280363854497"><ele>238.88171703703705</ele></trkpt>
<trkpt lat="47.354916628" lon="17.90720200580209"><ele>239.19842962962963</ele></trkpt>
<trkpt lat="47.354966363308655" lon="17.907125992988"><ele>239.47397580246914</ele></trkpt>
<trkpt lat="47.355010708240265" lon="17.907051450336258"><ele>239.68790777091908</ele></trkpt>
<trkpt lat="47.35505200348218" lon="17.90697440045926"><ele>239.84957362825787</ele></trkpt>
<trkpt lat="47.35509181043452" lon="17.906893949897558"><ele>239.9772207201646</ele></trkpt>
<trkpt lat="47.35513026360386" lon="17.90681164335948"><ele>240.08554751714678</ele></trkpt>
<trkpt lat="47.35516722216816" lon="17.906727664607907"><ele>240.1820448079561</ele></trkpt>
<trkpt lat="47.355205278560014" lon="17.90663479365933"><ele>240.27604166666666</ele></trkpt>
<trkpt lat="47.35524875893677" lon="17.90652190246582"><ele>240.3788091563786</ele></trkpt>
<trkpt lat="47.35530058323623" lon="17.906382399102284"><ele>240.49746399176956</ele></trkpt>
<trkpt lat="47.355359053823186" lon="17.906222417495034"><ele>240.62721450617283</ele></trkpt>
<trkpt lat="47.355418744117394" lon="17.906058028080874"><ele>240.75222479423869</ele></trkpt>
<trkpt lat="47.355474730510686" lon="17.90590348392204"><ele>240.854704218107</ele></trkpt>
<trkpt lat="47.35552667339242" lon="17.90576001190363"><ele>240.92458333333332</ele></trkpt>
<trkpt lat="47.35557862855698" lon="17.905616494165017"><ele>240.9626937585734</ele></trkpt>
<trkpt lat="47.35563473987945" lon="17.90546149468989"><ele>240.97652949245546</ele></trkpt>
<trkpt lat="47.35569500742958" lon="17.905295013404572"><ele>240.97521090534983</ele></trkpt>
<trkpt lat="47.35575527485492" lon="17.90512853173792"><ele>240.96574245541842</ele></trkpt>
<trkpt lat="47.35581138575156" lon="17.904973531221682"><ele>240.9517678326475</ele></trkpt>
<trkpt lat="47.35586334005029" lon="17.904830011928052"><ele>240.93333333333337</ele></trkpt>
<trkpt lat="47.35591497144588" lon="17.90468738922276"><ele>240.90883775850142</ele></trkpt>
<trkpt lat="47.355969975955546" lon="17.904535498564826"><ele>240.87755799909618</ele></trkpt>
<trkpt lat="47.35602784967298" lon="17.9043758852676"><ele>240.841639611753</ele></trkpt>
<trkpt lat="47.356084859867806" lon="17.90421920694983"><ele>240.8048268325555</ele></trkpt>
<trkpt lat="47.3561375591308" lon="17.904075559873974"><ele>240.77007592572596</ele></trkpt>
<trkpt lat="47.356186481112665" lon="17.90394423547881"><ele>240.73723032069972</ele></trkpt>
<trkpt lat="47.35623593280218" lon="17.90381420907114"><ele>240.70338192419825</ele></trkpt>
<trkpt lat="47.35629135433929" lon="17.90367113272992"><ele>240.6648250728863</ele></trkpt>
<trkpt lat="47.35635559368625" lon="17.903507150179216"><ele>240.6196485260771</ele></trkpt>
<trkpt lat="47.35642648963311" lon="17.903327159852733"><ele>240.5693537414966</ele></trkpt>
<trkpt lat="47.3564979909644" lon="17.903146046534363"><ele>240.51795918367347</ele></trkpt>
<trkpt lat="47.356564296107756" lon="17.902978232276645"><ele>240.46902980239716</ele></trkpt>
<trkpt lat="47.35662391788953" lon="17.902827366001"><ele>240.42284256559765</ele></trkpt>
<trkpt lat="47.35668061546914" lon="17.902683901981888"><ele>240.37583090379007</ele></trkpt>
<trkpt lat="47.35674024281925" lon="17.902533023469214"><ele>240.32313519058414</ele></trkpt>
<trkpt lat="47.35680660912137" lon="17.902365091947285"><ele>240.26200086383759</ele></trkpt>
<trkpt lat="47.35687839591017" lon="17.902183443688394"><ele>240.19432296728215</ele></trkpt>
<trkpt lat="47.35695018257969" lon="17.90200179493496"><ele>240.12549292732967</ele></trkpt>
<trkpt lat="47.357016548474725" lon="17.901833862076103"><ele>240.0604270597128</ele></trkpt>
<trkpt lat="47.357076174997125" lon="17.9016829816418"><ele>239.99973760932946</ele></trkpt>
<trkpt lat="47.35713287114885" lon="17.90153951516341"><ele>239.9389358600583</ele></trkpt>
<trkpt lat="47.357192496997264" lon="17.90138863406435"><ele>239.8717616888025</ele></trkpt>
<trkpt lat="47.357258861627955" lon="17.901220699663725"><ele>239.79472843105495</ele></trkpt>
<trkpt lat="47.35733064660881" lon="17.901039048290993"><ele>239.7107078069323</ele></trkpt>
<trkpt lat="47.35740243147035" lon="17.900857396423728"><ele>239.6278916963611</ele></trkpt>
<trkpt lat="47.35746879569395" lon="17.900689460686145"><ele>239.55496868588705</ele></trkpt>
<trkpt lat="47.35752842071463" lon="17.900538577665447"><ele>239.49615160349853</ele></trkpt>
<trkpt lat="47.35758511543841" lon="17.900395108727757"><ele>239.4497667638484</ele></trkpt>
<trkpt lat="47.35764473978509" lon="17.90024422504229"><ele>239.41103012633624</ele></trkpt>
<trkpt lat="47.35771110274429" lon="17.900076287762932"><ele>239.3754648526077</ele></trkpt>
<trkpt lat="47.357782885917146" lon="17.899894633276354"><ele>239.34129251700682</ele></trkpt>
<trkpt lat="47.35785466897068" lon="17.899712978295224"><ele>239.3093197278912</ele></trkpt>
<trkpt lat="47.357921031522785" lon="17.899545039678912"><ele>239.28126012309687</ele></trkpt>
<trkpt lat="47.357980655041686" lon="17.899394154071796"><ele>239.2577842565598</ele></trkpt>
<trkpt lat="47.35803734833748" lon="17.899250682674776"><ele>239.23772594752188</ele></trkpt>
<trkpt lat="47.358096971182356" lon="17.8990997964029"><ele>239.21899794838572</ele></trkpt>
<trkpt lat="47.35816333247003" lon="17.898931856244793"><ele>239.19995896771408</ele></trkpt>
<trkpt lat="47.3582351138348" lon="17.89875019864433"><ele>239.18049238743117</ele></trkpt>
<trkpt lat="47.35830689508026" lon="17.89856854054931"><ele>239.16186372961886</ele></trkpt>
<trkpt lat="47.35837325596081" lon="17.898400599054238"><ele>239.14568405139838</ele></trkpt>
<trkpt lat="47.35843287797789" lon="17.89824971086068"><ele>239.1327696793003</ele></trkpt>
<trkpt lat="47.358489569845666" lon="17.898106237004317"><ele>239.12274052478136</ele></trkpt>
<trkpt lat="47.35854919118869" lon="17.897955348146"><ele>239.11453298779833</ele></trkpt>
<trkpt lat="47.35861555080478" lon="17.897787405109117"><ele>239.10696361084118</ele></trkpt>
<trkpt lat="47.35868733036142" lon="17.897605744394752"><ele>239.09895367670882</ele></trkpt>
<trkpt lat="47.35875910979874" lon="17.89742408318582"><ele>239.08916315732645</ele></trkpt>
<trkpt lat="47.35882546900769" lon="17.897256138811972"><ele>239.0755177626606</ele></trkpt>
<trkpt lat="47.35888508952289" lon="17.897105248031952"><ele>239.0549562682216</ele></trkpt>
<trkpt lat="47.358941779962585" lon="17.896961771716228"><ele>239.02361516034986</ele></trkpt>
<trkpt lat="47.35900139980372" lon="17.896810880271445"><ele>238.978239930893</ele></trkpt>
<trkpt lat="47.35906775774816" lon="17.896642934355782"><ele>238.9183619479538</ele></trkpt>
<trkpt lat="47.3591395354966" lon="17.89646127052748"><ele>238.84809199870426</ele></trkpt>
<trkpt lat="47.35921131312573" lon="17.89627960620462"><ele>238.77457509988125</ele></trkpt>
<trkpt lat="47.35927767066301" lon="17.896111658951963"><ele>238.70361731994387</ele></trkpt>
<trkpt lat="47.359337289676304" lon="17.895960765585464"><ele>238.63571428571433</ele></trkpt>
<trkpt lat="47.35939397868787" lon="17.89581728681036"><ele>238.56551020408165</ele></trkpt>
<trkpt lat="47.35945359702706" lon="17.895666392779095"><ele>238.48582334521114</ele></trkpt>
<trkpt lat="47.3595199532998" lon="17.8954984439846"><ele>238.39317244358065</ele></trkpt>
<trkpt lat="47.35959172924004" lon="17.89531677704227"><ele>238.29233884029804</ele></trkpt>
<trkpt lat="47.35966350506099" lon="17.89513510960523"><ele>238.1954853687507</ele></trkpt>
<trkpt lat="47.35972986092676" lon="17.89496715947322"><ele>238.1164161537631</ele></trkpt>
<trkpt lat="47.359789478438486" lon="17.894816263519196"><ele>238.06434402332363</ele></trkpt>
<trkpt lat="47.359846166022585" lon="17.89467278228292"><ele>238.041778425656</ele></trkpt>
<trkpt lat="47.359905769246495" lon="17.894521919380516"><ele>238.04638807904115</ele></trkpt>
<trkpt lat="47.35997198770524" lon="17.894354304885148"><ele>238.07264010366052</ele></trkpt>
<trkpt lat="47.36004313557801" lon="17.89417418586482"><ele>238.11240038872694</ele></trkpt>
<trkpt lat="47.3601129627381" lon="17.89399733703658"><ele>238.15624554583738</ele></trkpt>
<trkpt lat="47.36017467443496" lon="17.893840882018857"><ele>238.19643666990606</ele></trkpt>
<trkpt lat="47.36022511436353" lon="17.893712709775176"><ele>238.22938775510207</ele></trkpt>
<trkpt lat="47.360265994242035" lon="17.893608373392667"><ele>238.2557142857143</ele></trkpt>
<trkpt lat="47.36030174460456" lon="17.893516536744546"><ele>238.27821902732288</ele></trkpt>
<trkpt lat="47.36033652866282" lon="17.8934264861815"><ele>238.29972146986364</ele></trkpt>
<trkpt lat="47.360372267088216" lon="17.893332954868747"><ele>238.32186324221044</ele></trkpt>
<trkpt lat="47.360408513896964" lon="17.89323614257811"><ele>238.34516600879033</ele></trkpt>
<trkpt lat="47.360444651701954" lon="17.893135886877623"><ele>238.3704015670054</ele></trkpt>
<trkpt lat="47.36048197965559" lon="17.89302635563584"><ele>238.39979166666666</ele></trkpt>
<trkpt lat="47.360523945985804" lon="17.892896393394103"><ele>238.43667438271603</ele></trkpt>
<trkpt lat="47.36057308456861" lon="17.89273895069657"><ele>238.48300925925926</ele></trkpt>
<trkpt lat="47.360628064309445" lon="17.892559987917423"><ele>238.5371990740741</ele></trkpt>
<trkpt lat="47.36068400037271" lon="17.892376742019113"><ele>238.5951311728395</ele></trkpt>
<trkpt lat="47.360736402282534" lon="17.8922046840163"><ele>238.65423611111112</ele></trkpt>
<trkpt lat="47.360785003715726" lon="17.89204500608879"><ele>238.71708333333333</ele></trkpt>
<trkpt lat="47.36083360950161" lon="17.891885297014337"><ele>238.79014831961592</ele></trkpt>
<trkpt lat="47.36088605756039" lon="17.891712929441525"><ele>238.87880744170099</ele></trkpt>
<trkpt lat="47.36094220913056" lon="17.89152826213379"><ele>238.983454218107</ele></trkpt>
<trkpt lat="47.36099786171871" lon="17.891344883609776"><ele>239.10248799725656</ele></trkpt>
<trkpt lat="47.36104860706572" lon="17.891176914122855"><ele>239.24024091220855</ele></trkpt>
<trkpt lat="47.361093750842485" lon="17.891026147984125"><ele>239.41312500000004</ele></trkpt>
<trkpt lat="47.361136569828396" lon="17.890881388913936"><ele>239.64320901920442</ele></trkpt>
<trkpt lat="47.36118082426705" lon="17.890730191242145"><ele>239.94235939643352</ele></trkpt>
<trkpt lat="47.36122720849358" lon="17.890570760709863"><ele>240.29930298353915</ele></trkpt>
<trkpt lat="47.36127309375971" lon="17.89041261908929"><ele>240.6890955075446</ele></trkpt>
<trkpt lat="47.361315645560346" lon="17.890265819843286"><ele>241.10033864883405</ele></trkpt>
<trkpt lat="47.36135500268707" lon="17.890130004181174"><ele>241.55833333333334</ele></trkpt>
<trkpt lat="47.361394351406986" lon="17.889994223905976"><ele>242.1123131001372</ele></trkpt>
<trkpt lat="47.36143682103581" lon="17.8898477798289"><ele>242.79069101508918</ele></trkpt>
<trkpt lat="47.36148233064143" lon="17.88969127377115"><ele>243.55814300411524</ele></trkpt>
<trkpt lat="47.361527549152285" lon="17.88953692973985"><ele>244.32243484224963</ele></trkpt>
<trkpt lat="47.36156902545774" lon="17.8893978634916"><ele>244.9900291495199</ele></trkpt>
<trkpt lat="47.36160635452024" lon="17.889277084477882"><ele>245.52208333333334</ele></trkpt>
<trkpt lat="47.3616426084462" lon="17.889165549956445"><ele>245.94505362139918</ele></trkpt>
<trkpt lat="47.36168126175919" lon="17.889051508100874"><ele>246.30673119341566</ele></trkpt>
<trkpt lat="47.36172321877176" lon="17.888929484331864"><ele>246.62813049382717</ele></trkpt>
<trkpt lat="47.361765935994306" lon="17.888802858525427"><ele>246.87671872427984</ele></trkpt>
<trkpt lat="47.361806855819935" lon="17.888674036178518"><ele>246.98746596707818</ele></trkpt>
<trkpt lat="47.361845745185214" lon="17.88853918142791"><ele>246.90267111111112</ele></trkpt>
<trkpt lat="47.36188469481483" lon="17.888390926688132"><ele>246.61756444444444</ele></trkpt>
<trkpt lat="47.3619244088889" lon="17.888231436348924"><ele>246.19372</ele></trkpt>
<trkpt lat="47.36196311703705" lon="17.888074388860826"><ele>245.73366222222225</ele></trkpt>
<trkpt lat="47.36199863407409" lon="17.88793447019725"><ele>245.32498222222225</ele></trkpt>
<trkpt lat="47.36203095847739" lon="17.88781558652944"><ele>245.0028070576132</ele></trkpt>
<trkpt lat="47.36206214917698" lon="17.887710669476164"><ele>244.7528889917696</ele></trkpt>
<trkpt lat="47.362093644321014" lon="17.887612573465546"><ele>244.54956524691363</ele></trkpt>
<trkpt lat="47.362126048806616" lon="17.887517715848997"><ele>244.378113744856</ele></trkpt>
<trkpt lat="47.36216056588481" lon="17.887423179329133"><ele>244.23567495884777</ele></trkpt>
<trkpt lat="47.36220125000002" lon="17.887319584347104"><ele>244.1160416666667</ele></trkpt>
<trkpt lat="47.36225333504821" lon="17.887194178486002"><ele>244.00751286008233</ele></trkpt>
<trkpt lat="47.36231932441894" lon="17.88703976026712"><ele>243.89906893004118</ele></trkpt>
<trkpt lat="47.36239509774659" lon="17.88686382942719"><ele>243.7892515432099</ele></trkpt>
<trkpt lat="47.36247103741489" lon="17.886685902308415"><ele>243.68666923868315</ele></trkpt>
<trkpt lat="47.36253759440166" lon="17.88652467248703"><ele>243.60291409465023</ele></trkpt>
<trkpt lat="47.362590833545305" lon="17.88638541804172"><ele>243.54458333333338</ele></trkpt>
<trkpt lat="47.36263346861344" lon="17.886258394330167"><ele>243.51034415637864</ele></trkpt>
<trkpt lat="47.36267076697592" lon="17.886130293233563"><ele>243.49424189300413</ele></trkpt>
<trkpt lat="47.362706447857896" lon="17.885995237203705"><ele>243.4899687654321</ele></trkpt>
<trkpt lat="47.36274094563933" lon="17.885858359421356"><ele>243.49393683127573</ele></trkpt>
<trkpt lat="47.362773953670555" lon="17.88572506940537"><ele>243.50594168724282</ele></trkpt>
<trkpt lat="47.362806252625745" lon="17.88559408157196"><ele>243.5278637037037</ele></trkpt>
<trkpt lat="47.362839865768365" lon="17.885458047328395"><ele>243.56077185185185</ele></trkpt>
<trkpt lat="47.362875381012756" lon="17.885315719599845"><ele>243.60236444444445</ele></trkpt>
<trkpt lat="47.362911542916" lon="17.885174613299228"><ele>243.64798074074076</ele></trkpt>
<trkpt lat="47.362947362698655" lon="17.885042747133532"><ele>243.69461925925927</ele></trkpt>
<trkpt lat="47.36298415153577" lon="17.884919002742645"><ele>243.7433718518519</ele></trkpt>
<trkpt lat="47.363024304980854" lon="17.884795322345102"><ele>243.79756592592594</ele></trkpt>
<trkpt lat="47.363067880750236" lon="17.884668219846258"><ele>243.85846222222222</ele></trkpt>
<trkpt lat="47.3631121031941" lon="17.8845423387499"><ele>243.92525037037038</ele></trkpt>
<trkpt lat="47.363154463332485" lon="17.884422826359106"><ele>243.99954962962963</ele></trkpt>
<trkpt lat="47.36319553148033" lon="17.88430724413597"><ele>244.08737777777776</ele></trkpt>
<trkpt lat="47.36323781726487" lon="17.884188383185055"><ele>244.19379555555554</ele></trkpt>
<trkpt lat="47.36328169851083" lon="17.88406549980224"><ele>244.31373333333332</ele></trkpt>
<trkpt lat="47.3633242145502" lon="17.88394771776027"><ele>244.43151555555554</ele></trkpt>
<trkpt lat="47.36336184174308" lon="17.88384626461968"><ele>244.53057777777778</ele></trkpt>
<trkpt lat="47.36339440343917" lon="17.883763479177297"><ele>244.60447906721535</ele></trkpt>
<trkpt lat="47.363424952856285" lon="17.88369252157431"><ele>244.65658875171465</ele></trkpt>
<trkpt lat="47.36345747811961" lon="17.883624298421747"><ele>244.69021053497943</ele></trkpt>
<trkpt lat="47.36349333248873" lon="17.883556203746316"><ele>244.7014456181413</ele></trkpt>
<trkpt lat="47.36353221146458" lon="17.88348988069586"><ele>244.6821273139575</ele></trkpt>
<trkpt lat="47.36357227494858" lon="17.88342942373153"><ele>244.62520286779835</ele></trkpt>
<trkpt lat="47.363614217249676" lon="17.883374656404108"><ele>244.5198053840878</ele></trkpt>
<trkpt lat="47.36366016433472" lon="17.883323436647746"><ele>244.3512515500686</ele></trkpt>
<trkpt lat="47.36371308611112" lon="17.883271641786465"><ele>244.10748481481482</ele></trkpt>
<trkpt lat="47.363771754166685" lon="17.883218347784428"><ele>243.7967257638889</ele></trkpt>
<trkpt lat="47.363832398611144" lon="17.883164361376817"><ele>243.4316082175926</ele></trkpt>
<trkpt lat="47.363892568055576" lon="17.88310955638147"><ele>243.00122428240743</ele></trkpt>
<trkpt lat="47.36395464972567" lon="17.88305039654621"><ele>242.46517660493828</ele></trkpt>
<trkpt lat="47.364022492661206" lon="17.882983109296298"><ele>241.79319845679015</ele></trkpt>
<trkpt lat="47.364095515843644" lon="17.882908983971856"><ele>241.0154627777778</ele></trkpt>
<trkpt lat="47.364169056241444" lon="17.882833274409677"><ele>240.19972320987657</ele></trkpt>
<trkpt lat="47.36423922997258" lon="17.88276000053207"><ele>239.39182228395063</ele></trkpt>
<trkpt lat="47.36430875000001" lon="17.88268604263875"><ele>238.55354166666672</ele></trkpt>
<trkpt lat="47.36438475994515" lon="17.882603667244773"><ele>237.59552554869686</ele></trkpt>
<trkpt lat="47.364472745198924" lon="17.882507186938977"><ele>236.4573010973937</ele></trkpt>
<trkpt lat="47.36457039094653" lon="17.882399610783246"><ele>235.1870859053498</ele></trkpt>
<trkpt lat="47.36466870198905" lon="17.882291369067566"><ele>233.92892918381344</ele></trkpt>
<trkpt lat="47.36475895747603" lon="17.882192617935697"><ele>232.83185270919066</ele></trkpt>
<trkpt lat="47.36483958333334" lon="17.88210562611218"><ele>231.9575</ele></trkpt>
<trkpt lat="47.364916896008246" lon="17.882023859069637"><ele>231.26104315500686</ele></trkpt>
<trkpt lat="47.36499809004116" lon="17.88193940195176"><ele>230.658705569273</ele></trkpt>
<trkpt lat="47.36508425765435" lon="17.881850315523657"><ele>230.0986079835391</ele></trkpt>
<trkpt lat="47.36516780720166" lon="17.88176333320897"><ele>229.59489396433472</ele></trkpt>
<trkpt lat="47.36523938242801" lon="17.881686756211543"><ele>229.18903821673527</ele></trkpt>
<trkpt lat="47.3652944421991" lon="17.88162388741952"><ele>228.9067653240741</ele></trkpt>
<trkpt lat="47.36533615752316" lon="17.881570476288566"><ele>228.72919189814817</ele></trkpt>
<trkpt lat="47.36537050534724" lon="17.881519668308854"><ele>228.61182347222223</ele></trkpt>
<trkpt lat="47.365402379814824" lon="17.881465064628053"><ele>228.50422481481482</ele></trkpt>
<trkpt lat="47.36543464891205" lon="17.881401199507565"><ele>228.3672594212963</ele></trkpt>
<trkpt lat="47.36546881655094" lon="17.88132444183502"><ele>228.1819010416667</ele></trkpt>
<trkpt lat="47.365504670138904" lon="17.881235712125328"><ele>227.95950520833335</ele></trkpt>
<trkpt lat="47.36553996238427" lon="17.88113968492128"><ele>227.73626736111112</ele></trkpt>
<trkpt lat="47.36557249131947" lon="17.881039525754677"><ele>227.54826967592592</ele></trkpt>
<trkpt lat="47.365601678240765" lon="17.880935026317573"><ele>227.40976851851852</ele></trkpt>
<trkpt lat="47.3656278559028" lon="17.880827969003406"><ele>227.3136371527778</ele></trkpt>
<trkpt lat="47.365650384837984" lon="17.880725963743696"><ele>227.24922164351852</ele></trkpt>
<trkpt lat="47.36566802179785" lon="17.880636831085898"><ele>227.21150323645406</ele></trkpt>
<trkpt lat="47.36568029320989" lon="17.880561391533146"><ele>227.19932013031553</ele></trkpt>
<trkpt lat="47.365687951388914" lon="17.880491476693074"><ele>227.21056584362142</ele></trkpt>
<trkpt lat="47.3656917468282" lon="17.88041948185317"><ele>227.24154663923184</ele></trkpt>
<trkpt lat="47.365691992887726" lon="17.88034185429344"><ele>227.28874657064475</ele></trkpt>
<trkpt lat="47.365688909483765" lon="17.880263110776898"><ele>227.34649434156378</ele></trkpt>
<trkpt lat="47.365682544647335" lon="17.880186186357513"><ele>227.41199931412896</ele></trkpt>
<trkpt lat="47.36567204407348" lon="17.88011011827361"><ele>227.48785922496572</ele></trkpt>
<trkpt lat="47.36565500039912" lon="17.880023853196093"><ele>227.58729166666666</ele></trkpt>
<trkpt lat="47.36562874562431" lon="17.879914712335463"><ele>227.7256627229081</ele></trkpt>
<trkpt lat="47.36559242927188" lon="17.87977577577078"><ele>227.91246742112486</ele></trkpt>
<trkpt lat="47.365548829057516" lon="17.879614393248517"><ele>228.1454603909465</ele></trkpt>
<trkpt lat="47.365503232926514" lon="17.87944773017935"><ele>228.42178069272978</ele></trkpt>
<trkpt lat="47.365460105765756" lon="17.879290774204065"><ele>228.75643432784636</ele></trkpt>
<trkpt lat="47.365420003033236" lon="17.879144995193748"><ele>229.19541666666666</ele></trkpt>
<trkpt lat="47.365379890145206" lon="17.878999186411992"><ele>229.79639489026061</ele></trkpt>
<trkpt lat="47.36533666356955" lon="17.878841931133884"><ele>230.5834456447188</ele></trkpt>
<trkpt lat="47.365290612760006" lon="17.878673889107144"><ele>231.50617541152263</ele></trkpt>
<trkpt lat="47.36524560145734" lon="17.878508217391158"><ele>232.45643175582993</ele></trkpt>
<trkpt lat="47.365205922064995" lon="17.878359050278192"><ele>233.33741340877916</ele></trkpt>
<trkpt lat="47.36517302142579" lon="17.87822968614638"><ele>234.129375</ele></trkpt>
<trkpt lat="47.36514478978732" lon="17.878110509431036"><ele>234.8936631893004</ele></trkpt>
<trkpt lat="47.36511801700814" lon="17.877989153429457"><ele>235.70238674897118</ele></trkpt>
<trkpt lat="47.36509087625352" lon="17.877860461907034"><ele>236.5711351234568</ele></trkpt>
<trkpt lat="47.365063865399044" lon="17.87772969342731"><ele>237.43699063786008</ele></trkpt>
<trkpt lat="47.36503773691556" lon="17.877602232825318"><ele>238.22900763374486</ele></trkpt>
<trkpt lat="47.36501211989991" lon="17.877476986335306"><ele>238.92319259259259</ele></trkpt>
<trkpt lat="47.36498566490912" lon="17.87734729462815"><ele>239.55378962962965</ele></trkpt>
<trkpt lat="47.36495855646788" lon="17.877213123067587"><ele>240.1441111111111</ele></trkpt>
<trkpt lat="47.36493324429625" lon="17.877084268646414"><ele>240.6733585185185</ele></trkpt>
<trkpt lat="47.36491291884409" lon="17.876972720891114"><ele>241.09554814814814</ele></trkpt>
<trkpt lat="47.36489905208293" lon="17.87688066335364"><ele>241.39163314128945</ele></trkpt>
<trkpt lat="47.36489093997271" lon="17.87680025063163"><ele>241.58523072702334</ele></trkpt>
<trkpt lat="47.36488735285519" lon="17.876721013131117"><ele>241.7197409053498</ele></trkpt>
<trkpt lat="47.364887779345004" lon="17.876640068842562"><ele>241.82772943758576</ele></trkpt>
<trkpt lat="47.36489236041609" lon="17.87655923541114"><ele>241.92322463648836</ele></trkpt>
<trkpt lat="47.364900844960374" lon="17.87648321582838"><ele>242.00325020576133</ele></trkpt>
<trkpt lat="47.36491314657955" lon="17.876409909984986"><ele>242.06056186556927</ele></trkpt>
<trkpt lat="47.364930457658154" lon="17.876331176650748"><ele>242.0850290809328</ele></trkpt>
<trkpt lat="47.36495544934756" lon="17.876233066255537"><ele>242.07213777777778</ele></trkpt>
<trkpt lat="47.3649897697237" lon="17.87610716102555"><ele>242.0244711111111</ele></trkpt>
<trkpt lat="47.36503152128533" lon="17.87595798467727"><ele>241.95652</ele></trkpt>
<trkpt lat="47.36507585947606" lon="17.875801119990996"><ele>241.89115555555557</ele></trkpt>
<trkpt lat="47.365119006390636" lon="17.87564897949209"><ele>241.85231555555555</ele></trkpt>
<trkpt lat="47.365161043427676" lon="17.875501052085237"><ele>241.85492592592595</ele></trkpt>
<trkpt lat="47.365204649105685" lon="17.875349162958873"><ele>241.89712296296298</ele></trkpt>
<trkpt lat="47.36525109906311" lon="17.87519345580733"><ele>241.95691111111114</ele></trkpt>
<trkpt lat="47.36529941713111" lon="17.875047879589175"><ele>241.9944251851852</ele></trkpt>
<trkpt lat="47.36534939749571" lon="17.874930561145877"><ele>241.9606148148148</ele></trkpt>
<trkpt lat="47.36540388020959" lon="17.874849805827022"><ele>241.81523703703704</ele></trkpt>
<trkpt lat="47.36546654229972" lon="17.874800272939442"><ele>241.5477674074074</ele></trkpt>
<trkpt lat="47.36553702668878" lon="17.87477036243457"><ele>241.1893111111111</ele></trkpt>
<trkpt lat="47.36561096000428" lon="17.874749577206703"><ele>240.79564740740742</ele></trkpt>
<trkpt lat="47.36568539111152" lon="17.87473118314549"><ele>240.40803703703705</ele></trkpt>
<trkpt lat="47.365762785185254" lon="17.87471099653238"><ele>240.02853925925928</ele></trkpt>
<trkpt lat="47.365848134815344" lon="17.874686750679537"><ele>239.63131407407408</ele></trkpt>
<trkpt lat="47.36594168889155" lon="17.874658522599013"><ele>239.19620444444448</ele></trkpt>
<trkpt lat="47.366038117046294" lon="17.87462777971362"><ele>238.71209185185188</ele></trkpt>
<trkpt lat="47.36613327409908" lon="17.87459495247378"><ele>238.1476503703704</ele></trkpt>
<trkpt lat="47.3662297689436" lon="17.87455817429226"><ele>237.44292444444446</ele></trkpt>
<trkpt lat="47.366333755655106" lon="17.874515132559438"><ele>236.5557866666667</ele></trkpt>
<trkpt lat="47.36644576015326" lon="17.874466615289563"><ele>235.53322666666668</ele></trkpt>
<trkpt lat="47.366559057980275" lon="17.87441658900018"><ele>234.5076488888889</ele></trkpt>
<trkpt lat="47.36666745800982" lon="17.87436839807458"><ele>233.61021333333335</ele></trkpt>
<trkpt lat="47.366772520232054" lon="17.874321609926238"><ele>232.88544740740738</ele></trkpt>
<trkpt lat="47.36688069798028" lon="17.874273448257565"><ele>232.29013037037038</ele></trkpt>
<trkpt lat="47.36699297348659" lon="17.87422355750352"><ele>231.7667688888889</ele></trkpt>
<trkpt lat="47.36710180009955" lon="17.874175462906113"><ele>231.2889614814815</ele></trkpt>
<trkpt lat="47.367198208943584" lon="17.874133430537267"><ele>230.84909185185185</ele></trkpt>
<trkpt lat="47.367280420765745" lon="17.87409855683001"><ele>230.42618370370369</ele></trkpt>
<trkpt lat="47.36735405926852" lon="17.874068606259012"><ele>229.98831407407408</ele></trkpt>
<trkpt lat="47.36742491555822" lon="17.874041309136345"><ele>229.52527111111112</ele></trkpt>
<trkpt lat="47.36749562814869" lon="17.874016239469285"><ele>229.05418074074075</ele></trkpt>
<trkpt lat="47.36756877629637" lon="17.873993889827545"><ele>228.58885037037038</ele></trkpt>
<trkpt lat="47.36765000444447" lon="17.87397382243509"><ele>228.1130977777778</ele></trkpt>
<trkpt lat="47.36774464888892" lon="17.873954724685824"><ele>227.59684888888893</ele></trkpt>
<trkpt lat="47.36785025333336" lon="17.873936266913898"><ele>227.04177333333337</ele></trkpt>
<trkpt lat="47.36795628888891" lon="17.87391996464903"><ele>226.4897155555556</ele></trkpt>
<trkpt lat="47.36805240444447" lon="17.87390822234836"><ele>225.98376444444446</ele></trkpt>
<trkpt lat="47.36813605822465" lon="17.873902457194216"><ele>225.53045728395065</ele></trkpt>
<trkpt lat="47.36821209923644" lon="17.8739022938035"><ele>225.10318271604942</ele></trkpt>
<trkpt lat="47.36828497065607" lon="17.87390617962778"><ele>224.68347629629633</ele></trkpt>
<trkpt lat="47.368356573815916" lon="17.873912716257024"><ele>224.26913012345682</ele></trkpt>
<trkpt lat="47.36842879335473" lon="17.873921643060225"><ele>223.85715358024694</ele></trkpt>
<trkpt lat="47.36850880959824" lon="17.8739341350492"><ele>223.41250000000005</ele></trkpt>
<trkpt lat="47.36860651297894" lon="17.87395186441252"><ele>222.88242112482857</ele></trkpt>
<trkpt lat="47.368727576177044" lon="17.87397551357519"><ele>222.23616941015092</ele></trkpt>
<trkpt lat="47.36886657590327" lon="17.87400351202847"><ele>221.50578189300415</ele></trkpt>
<trkpt lat="47.36900947236089" lon="17.874032639123826"><ele>220.77672496570645</ele></trkpt>
<trkpt lat="47.36914383265262" lon="17.87406013951227"><ele>220.13501371742112</ele></trkpt>
<trkpt lat="47.369268572117996" lon="17.874085699049086"><ele>219.61416666666668</ele></trkpt>
<trkpt lat="47.369393351746595" lon="17.87411127034193"><ele>219.187838648834</ele></trkpt>
<trkpt lat="47.36952811373738" lon="17.874138887474587"><ele>218.80977451989025</ele></trkpt>
<trkpt lat="47.36967285809256" lon="17.874168550477375"><ele>218.45606224279834</ele></trkpt>
<trkpt lat="47.36981760244377" lon="17.874198213641954"><ele>218.13819272976679</ele></trkpt>
<trkpt lat="47.36995236442101" lon="17.87422583121685"><ele>217.8824374142661</ele></trkpt>
<trkpt lat="47.37007714402205" lon="17.874251403171744"><ele>217.70479166666664</ele></trkpt>
<trkpt lat="47.3702019236138" lon="17.874276975248655"><ele>217.60008058984909</ele></trkpt>
<trkpt lat="47.37033668556478" lon="17.874304593228107"><ele>217.55134173525377</ele></trkpt>
<trkpt lat="47.37048142987721" lon="17.874334257140433"><ele>217.54394547325103</ele></trkpt>
<trkpt lat="47.370626174185674" lon="17.87436392121455"><ele>217.57729852537727</ele></trkpt>
<trkpt lat="47.3707609361231" lon="17.87439153963627"><ele>217.66761145404666</ele></trkpt>
<trkpt lat="47.370885715687294" lon="17.874417112375266"><ele>217.84562500000004</ele></trkpt>
<trkpt lat="47.37101049524219" lon="17.874442685236282"><ele>218.1414514746228</ele></trkpt>
<trkpt lat="47.37114525715337" lon="17.874470304062573"><ele>218.5635510973937</ele></trkpt>
<trkpt lat="47.37129000142305" lon="17.87449996888449"><ele>219.08319701646093</ele></trkpt>
<trkpt lat="47.37143474568877" lon="17.87452963386819"><ele>219.65082733196158</ele></trkpt>
<trkpt lat="47.371569507586386" lon="17.874557253136796"><ele>220.2366675240055</ele></trkpt>
<trkpt lat="47.371694287113726" lon="17.874582826659935"><ele>220.8654166666667</ele></trkpt>
<trkpt lat="47.371819066631765" lon="17.874608400305107"><ele>221.60056241426616</ele></trkpt>
<trkpt lat="47.371953828503145" lon="17.8746360199783"><ele>222.4850291495199</ele></trkpt>
<trkpt lat="47.37209857273007" lon="17.874665685709846"><ele>223.48594650205763</ele></trkpt>
<trkpt lat="47.372243316953025" lon="17.874695351603208"><ele>224.50549211248284</ele></trkpt>
<trkpt lat="47.372378078810854" lon="17.87472297171872"><ele>225.45352537722908</ele></trkpt>
<trkpt lat="47.372502858301324" lon="17.874748546026062"><ele>226.31791666666666</ele></trkpt>
<trkpt lat="47.37262763778252" lon="17.874774120455434"><ele>227.16290209190672</ele></trkpt>
<trkpt lat="47.3727623996141" lon="17.87480174097557"><ele>228.0565372085048</ele></trkpt>
<trkpt lat="47.372907143798344" lon="17.87483140761682"><ele>228.99745627572017</ele></trkpt>
<trkpt lat="47.373051887978725" lon="17.874861074419915"><ele>229.90852023319619</ele></trkpt>
<trkpt lat="47.37318664979718" lon="17.87488869538249"><ele>230.7002786351166</ele></trkpt>
<trkpt lat="47.373311429251665" lon="17.87491427047425"><ele>231.33812500000002</ele></trkpt>
<trkpt lat="47.373436189958554" lon="17.87493983233687"><ele>231.85604080932788</ele></trkpt>
<trkpt lat="47.37357076436343" lon="17.87496732019089"><ele>232.3115955075446</ele></trkpt>
<trkpt lat="47.37371464651814" lon="17.874996373577716"><ele>232.73664094650206</ele></trkpt>
<trkpt lat="47.37385671099607" lon="17.87502413203235"><ele>233.12193501371743</ele></trkpt>
<trkpt lat="47.37398508281316" lon="17.875047200978194"><ele>233.44184327846367</ele></trkpt>
<trkpt lat="47.374097232216165" lon="17.875063777909592"><ele>233.68395833333338</ele></trkpt>
<trkpt lat="47.37420163873439" lon="17.87507431669416"><ele>233.86098432784638</ele></trkpt>
<trkpt lat="47.374308680008156" lon="17.875080419077907"><ele>233.99777297668038</ele></trkpt>
<trkpt lat="47.374421506531974" lon="17.87508347565297"><ele>234.11544002057613</ele></trkpt>
<trkpt lat="47.37453275450294" lon="17.875083723784712"><ele>234.22292019890259</ele></trkpt>
<trkpt lat="47.37463353058895" lon="17.87508022782121"><ele>234.32418803155008</ele></trkpt>
<trkpt lat="47.374721245879655" lon="17.875071447230376"><ele>234.42482569444445</ele></trkpt>
<trkpt lat="47.37480116134261" lon="17.875056627464787"><ele>234.53178263888887</ele></trkpt>
<trkpt lat="47.374878090138914" lon="17.875036669896815"><ele>234.6443145833333</ele></trkpt>
<trkpt lat="47.374951110925956" lon="17.875013822759414"><ele>234.74918888888888</ele></trkpt>
<trkpt lat="47.375016096465885" lon="17.874990083179412"><ele>234.82985582990395</ele></trkpt>
<trkpt lat="47.37507106624797" lon="17.874966251440807"><ele>234.87667524005485</ele></trkpt>
<trkpt lat="47.37511816767458" lon="17.87494232281993"><ele>234.89034272119343</ele></trkpt>
<trkpt lat="47.37516200960779" lon="17.874917424861206"><ele>234.87055834190673</ele></trkpt>
<trkpt lat="47.3752088557325" lon="17.8748892790682"><ele>234.80780328360768</ele></trkpt>
<trkpt lat="47.37526763935685" lon="17.87485302473075"><ele>234.68083333333334</ele></trkpt>
<trkpt lat="47.37534729113925" lon="17.87480332564085"><ele>234.4682390260631</ele></trkpt>
<trkpt lat="47.37545167047022" lon="17.87473787549071"><ele>234.16374657064472</ele></trkpt>
<trkpt lat="47.37557437297261" lon="17.874660782509746"><ele>233.78703189300413</ele></trkpt>
<trkpt lat="47.37570167712063" lon="17.874580737182587"><ele>233.371231138546</ele></trkpt>
<trkpt lat="47.37582175897426" lon="17.87450521283331"><ele>232.93336248285325</ele></trkpt>
<trkpt lat="47.37593333763809" lon="17.87443503121889"><ele>232.44958333333338</ele></trkpt>
<trkpt lat="47.376044963671816" lon="17.87436481887503"><ele>231.86863254458166</ele></trkpt>
<trkpt lat="47.376165519727124" lon="17.874288989210147"><ele>231.1573499657065</ele></trkpt>
<trkpt lat="47.37629500582072" lon="17.874207542146365"><ele>230.3418698559671</ele></trkpt>
<trkpt lat="47.376424491884364" lon="17.874126094681753"><ele>229.49553669410153</ele></trkpt>
<trkpt lat="47.37654504783749" lon="17.87405026392364"><ele>228.67897205075445</ele></trkpt>
<trkpt lat="47.376656673663454" lon="17.8739800499499"><ele>227.88395833333334</ele></trkpt>
<trkpt lat="47.37676829941934" lon="17.8739098356797"><ele>227.04192558299042</ele></trkpt>
<trkpt lat="47.3768888551746" lon="17.87383400393436"><ele>226.093149005487</ele></trkpt>
<trkpt lat="47.37701834094591" lon="17.873752554635992"><ele>225.05392489711934</ele></trkpt>
<trkpt lat="47.37714782668726" lon="17.873671104936754"><ele>224.0128712277092</ele></trkpt>
<trkpt lat="47.377268382340354" lon="17.873595272098118"><ele>223.05785150891634</ele></trkpt>
<trkpt lat="47.37738000788848" lon="17.87352505619797"><ele>222.203125</ele></trkpt>
<trkpt lat="47.37749163336653" lon="17.873454840001322"><ele>221.38664437585737</ele></trkpt>
<trkpt lat="47.37761218882173" lon="17.87337900617541"><ele>220.53755572702332</ele></trkpt>
<trkpt lat="47.377741674270744" lon="17.873297554642328"><ele>219.64400720164608</ele></trkpt>
<trkpt lat="47.37787115968981" lon="17.873216102708376"><ele>218.75727794924555</ele></trkpt>
<trkpt lat="47.37799171504282" lon="17.87314026778912"><ele>217.93145919067217</ele></trkpt>
<trkpt lat="47.37810334031311" lon="17.87307004996244"><ele>217.16229166666668</ele></trkpt>
<trkpt lat="47.37821496551331" lon="17.872999831839266"><ele>216.38675754458163</ele></trkpt>
<trkpt lat="47.37833552066847" lon="17.872923995932652"><ele>215.5447573731139</ele></trkpt>
<trkpt lat="47.37846500579537" lon="17.87284254216463"><ele>214.64193930041154</ele></trkpt>
<trkpt lat="47.37859449089275" lon="17.87276108799544"><ele>213.75093021262003</ele></trkpt>
<trkpt lat="47.37871504594718" lon="17.8726852509945"><ele>212.9492266803841</ele></trkpt>
<trkpt lat="47.378826670942594" lon="17.87261503123932"><ele>212.255625</ele></trkpt>
<trkpt lat="47.3789382720079" lon="17.872544818905915"><ele>211.62378686556931</ele></trkpt>
<trkpt lat="47.37905858824975" lon="17.872469058110042"><ele>210.9955984224966</ele></trkpt>
<trkpt lat="47.37918697540945" lon="17.872387957206143"><ele>210.35705504115228</ele></trkpt>
<trkpt lat="47.379313047922935" lon="17.87230760471727"><ele>209.74753515089165</ele></trkpt>
<trkpt lat="47.37942546573278" lon="17.872234398077097"><ele>209.21838563100138</ele></trkpt>
<trkpt lat="47.37952100744845" lon="17.872169379561626"><ele>208.7879166666667</ele></trkpt>
<trkpt lat="47.3796063409202" lon="17.872107376536224"><ele>208.4293093415638</ele></trkpt>
<trkpt lat="47.37969068347535" lon="17.872042239283054"><ele>208.10149843621403</ele></trkpt>
<trkpt lat="47.37977850909911" lon="17.871971898201025"><ele>207.78266950617285</ele></trkpt>
<trkpt lat="47.37986701849161" lon="17.871899846360872"><ele>207.4856738683128</ele></trkpt>
<trkpt lat="47.37995303166134" lon="17.871829415026525"><ele>207.23474884773665</ele></trkpt>
<trkpt lat="47.380036968240404" lon="17.871760576336612"><ele>207.04322786694107</ele></trkpt>
<trkpt lat="47.380122974688504" lon="17.871689994598665"><ele>206.90109221536355</ele></trkpt>
<trkpt lat="47.380211453365185" lon="17.871617252132115"><ele>206.79116989711937</ele></trkpt>
<trkpt lat="47.380299183733165" lon="17.871544765729023"><ele>206.6995444993142</ele></trkpt>
<trkpt lat="47.380383299331186" lon="17.871474514373602"><ele>206.61920441015093</ele></trkpt>
<trkpt lat="47.38046818434803" lon="17.871402404497623"><ele>206.5422916666667</ele></trkpt>
<trkpt lat="47.3805629769441" lon="17.871320502028404"><ele>206.45966306584364</ele></trkpt>
<trkpt lat="47.380674328326215" lon="17.87122325910003"><ele>206.3660390946502</ele></trkpt>
<trkpt lat="47.38079910689217" lon="17.87111374172849"><ele>206.26718364197532</ele></trkpt>
<trkpt lat="47.38092613553789" lon="17.871002020702242"><ele>206.18055298353912</ele></trkpt>
<trkpt lat="47.38104516502718" lon="17.870897258482408"><ele>206.1286445473251</ele></trkpt>
<trkpt lat="47.381155569001244" lon="17.870800068413622"><ele>206.13083333333336</ele></trkpt>
<trkpt lat="47.38126599603827" lon="17.870702855225556"><ele>206.19648748285323</ele></trkpt>
<trkpt lat="47.38138525712115" lon="17.87059786452543"><ele>206.32114626200277</ele></trkpt>
<trkpt lat="47.38151335228182" lon="17.870485096206846"><ele>206.48386059670784</ele></trkpt>
<trkpt lat="47.38164144738511" lon="17.870372327339446"><ele>206.65314471879287</ele></trkpt>
<trkpt lat="47.38176070827212" lon="17.87026733514228"><ele>206.80022205075446</ele></trkpt>
<trkpt lat="47.381871134910895" lon="17.870170119721717"><ele>206.91145833333334</ele></trkpt>
<trkpt lat="47.38198156141536" lon="17.870072903894698"><ele>206.9899031207133</ele></trkpt>
<trkpt lat="47.38210082192306" lon="17.869967910344464"><ele>207.04648834019207</ele></trkpt>
<trkpt lat="47.382228916465934" lon="17.86985513896463"><ele>207.0912371399177</ele></trkpt>
<trkpt lat="47.38235701095141" lon="17.86974236703596"><ele>207.1295824759945</ele></trkpt>
<trkpt lat="47.38247627126322" lon="17.869637371988624"><ele>207.16431670096023</ele></trkpt>
<trkpt lat="47.38258669736941" lon="17.86954015392898"><ele>207.19833333333332</ele></trkpt>
<trkpt lat="47.38269712334126" lon="17.86944293546287"><ele>207.2353343621399</ele></trkpt>
<trkpt lat="47.38281638327373" lon="17.8693379390624"><ele>207.27756687242797</ele></trkpt>
<trkpt lat="47.38294447719878" lon="17.869225164621174"><ele>207.32294753086418</ele></trkpt>
<trkpt lat="47.38307257106642" lon="17.869112389631088"><ele>207.3648353909465</ele></trkpt>
<trkpt lat="47.38319183080301" lon="17.86900739173343"><ele>207.39514917695473</ele></trkpt>
<trkpt lat="47.383302256376574" lon="17.8689101710346"><ele>207.40791666666667</ele></trkpt>
<trkpt lat="47.383412681815784" lon="17.868812949929275"><ele>207.4013348765432</ele></trkpt>
<trkpt lat="47.383531941173004" lon="17.868707950678434"><ele>207.37781635802472</ele></trkpt>
<trkpt lat="47.38366003448017" lon="17.868595173175674"><ele>207.34368055555558</ele></trkpt>
<trkpt lat="47.383788127729964" lon="17.868482395124026"><ele>207.30729938271605</ele></trkpt>
<trkpt lat="47.383907386891266" lon="17.868377394375923"><ele>207.2761188271605</ele></trkpt>
<trkpt lat="47.38401781193219" lon="17.868280171037778"><ele>207.25395833333334</ele></trkpt>
<trkpt lat="47.38412823683874" lon="17.86818294729311"><ele>207.24071159122087</ele></trkpt>
<trkpt lat="47.38424749562069" lon="17.868077945191764"><ele>207.2344247256516</ele></trkpt>
<trkpt lat="47.38437558830997" lon="17.867965164627318"><ele>207.23361625514406</ele></trkpt>
<trkpt lat="47.38450368094185" lon="17.867852383513956"><ele>207.23896176268863</ele></trkpt>
<trkpt lat="47.38462293952787" lon="17.867747379915276"><ele>207.25367455418385</ele></trkpt>
<trkpt lat="47.3847333640361" lon="17.867650153937678"><ele>207.283125</ele></trkpt>
<trkpt lat="47.38484378840997" lon="17.86755292755356"><ele>207.33235596707823</ele></trkpt>
<trkpt lat="47.38496304661659" lon="17.867447922601567"><ele>207.40242026748973</ele></trkpt>
<trkpt lat="47.38509113868794" lon="17.867335138975296"><ele>207.48734567901235</ele></trkpt>
<trkpt lat="47.38521923070188" lon="17.867222354800077"><ele>207.57626286008232</ele></trkpt>
<trkpt lat="47.385338488712584" lon="17.867117348350682"><ele>207.6599485596708</ele></trkpt>
<trkpt lat="47.38544891268811" lon="17.86702011973351"><ele>207.73687500000003</ele></trkpt>
<trkpt lat="47.38555933652925" lon="17.866922890709795"><ele>207.81270919067217</ele></trkpt>
<trkpt lat="47.38567859416054" lon="17.866817882907018"><ele>207.8938520233196</ele></trkpt>
<trkpt lat="47.38580668561396" lon="17.866705096218766"><ele>207.9813683127572</ele></trkpt>
<trkpt lat="47.385934777009986" lon="17.866592308981502"><ele>208.07121313443074</ele></trkpt>
<trkpt lat="47.38605403444548" lon="17.866487299681133"><ele>208.16030178326474</ele></trkpt>
<trkpt lat="47.38616445788853" lon="17.866390068424025"><ele>208.25229166666668</ele></trkpt>
<trkpt lat="47.386274857574406" lon="17.866292863343986"><ele>208.35623199588477</ele></trkpt>
<trkpt lat="47.386393878401286" lon="17.866188118528758"><ele>208.47823559670783</ele></trkpt>
<trkpt lat="47.386520882580925" lon="17.866076551643303"><ele>208.61309413580247</ele></trkpt>
<trkpt lat="47.38664559527528" lon="17.865967562878968"><ele>208.7447093621399</ele></trkpt>
<trkpt lat="47.38675679670392" lon="17.86587161596816"><ele>208.85564557613168</ele></trkpt>
<trkpt lat="47.38685129773415" lon="17.865792299949053"><ele>208.93708333333333</ele></trkpt>
<trkpt lat="47.38693565202264" lon="17.865724623053396"><ele>208.9915249245542</ele></trkpt>
<trkpt lat="47.387018656801246" lon="17.865661143763372"><ele>209.02726861454047</ele></trkpt>
<trkpt lat="47.387103659729114" lon="17.865598412456805"><ele>209.05230958847736</ele></trkpt>
<trkpt lat="47.387185455919145" lon="17.865539839807127"><ele>209.0708423182442</ele></trkpt>
<trkpt lat="47.38725686290625" lon="17.865491028049163"><ele>209.08424344307272</ele></trkpt>
<trkpt lat="47.38731442756517" lon="17.86545517557679"><ele>209.09286125514402</ele></trkpt>
<trkpt lat="47.38736127259946" lon="17.865430398387485"><ele>209.09815380658435</ele></trkpt>
<trkpt lat="47.38740239713994" lon="17.86541274941143"><ele>209.10349154320986</ele></trkpt>
<trkpt lat="47.38744273747601" lon="17.865398492600843"><ele>209.1147710288066</ele></trkpt>
<trkpt lat="47.38748715966394" lon="17.86538520138574"><ele>209.14033903292182</ele></trkpt>
<trkpt lat="47.38754312500002" lon="17.86537062521483"><ele>209.190625</ele></trkpt>
<trkpt lat="47.38761858753433" lon="17.865352681233624"><ele>209.27459533607683</ele></trkpt>
<trkpt lat="47.38771695516142" lon="17.865330346817878"><ele>209.3939977709191</ele></trkpt>
<trkpt lat="47.38783217464105" lon="17.86530475617269"><ele>209.5383230452675</ele></trkpt>
<trkpt lat="47.38795109482559" lon="17.8652787496436"><ele>209.68830332647465</ele></trkpt>
<trkpt lat="47.388062090631266" lon="17.86525499617329"><ele>209.82700274348423</ele></trkpt>
<trkpt lat="47.38816322919034" lon="17.865234167136457"><ele>209.95020833333336</ele></trkpt>
<trkpt lat="47.38826189262099" lon="17.865214880549583"><ele>210.06612311385462</ele></trkpt>
<trkpt lat="47.388366292943296" lon="17.865195377995974"><ele>210.18498542524006</ele></trkpt>
<trkpt lat="47.388477182468385" lon="17.865175196449293"><ele>210.30892489711934</ele></trkpt>
<trkpt lat="47.38858753143947" lon="17.86515534750569"><ele>210.4310348079561</ele></trkpt>
<trkpt lat="47.38869008719087" lon="17.86513697997232"><ele>210.5436539780521</ele></trkpt>
<trkpt lat="47.38878500017976" lon="17.86512000126296"><ele>210.646875</ele></trkpt>
<trkpt lat="47.38887990114834" lon="17.86510302506824"><ele>210.74898919753085</ele></trkpt>
<trkpt lat="47.38898233682355" lon="17.86508468306703"><ele>210.8589197530864</ele></trkpt>
<trkpt lat="47.38909213360008" lon="17.86506495210266"><ele>210.97895833333337</ele></trkpt>
<trkpt lat="47.38920130666072" lon="17.8650451379253"><ele>211.10573302469138</ele></trkpt>
<trkpt lat="47.38930161398588" lon="17.865026512027697"><ele>211.23864969135803</ele></trkpt>
<trkpt lat="47.38939218752368" lon="17.86500895872937"><ele>211.38750000000005</ele></trkpt>
<trkpt lat="47.38947986583703" lon="17.864991006855554"><ele>211.5689257544582</ele></trkpt>
<trkpt lat="47.38957216992848" lon="17.86497118775639"><ele>211.7929672496571</ele></trkpt>
<trkpt lat="47.38967026877687" lon="17.864949316199294"><ele>212.0506198559671</ele></trkpt>
<trkpt lat="47.389768825017384" lon="17.86492628036695"><ele>212.3178360768176</ele></trkpt>
<trkpt lat="47.38986268990059" lon="17.864902488377297"><ele>212.57451217421126</ele></trkpt>
<trkpt lat="47.38995354166669" lon="17.864876458793024"><ele>212.82229166666667</ele></trkpt>
<trkpt lat="47.39004942386834" lon="17.864845384695553"><ele>213.0820781893004</ele></trkpt>
<trkpt lat="47.390157281378634" lon="17.864807458759195"><ele>213.37223508230454</ele></trkpt>
<trkpt lat="47.390275586419776" lon="17.86476402348773"><ele>213.68706790123457</ele></trkpt>
<trkpt lat="47.390394889403304" lon="17.864718924868995"><ele>213.99691100823048</ele></trkpt>
<trkpt lat="47.390506152263384" lon="17.864675323118956"><ele>214.2700411522634</ele></trkpt>
<trkpt lat="47.390608958333345" lon="17.864632709086823"><ele>214.49520833333335</ele></trkpt>
<trkpt lat="47.39071136145406" lon="17.864587380828404"><ele>214.68509859396437</ele></trkpt>
<trkpt lat="47.39082138803157" lon="17.864536188415236"><ele>214.85964163237315</ele></trkpt>
<trkpt lat="47.39093843621401" lon="17.864480196532696"><ele>215.0283050411523</ele></trkpt>
<trkpt lat="47.391052823216754" lon="17.86442453713931"><ele>215.18557527434842</ele></trkpt>
<trkpt lat="47.39115376886147" lon="17.86437447949157"><ele>215.321240569273</ele></trkpt>
<trkpt lat="47.39123770833336" lon="17.864331458892032"><ele>215.43208333333334</ele></trkpt>
<trkpt lat="47.39131010291497" lon="17.8642924092219"><ele>215.52552991769545</ele></trkpt>
<trkpt lat="47.39137925089166" lon="17.864253097841004"><ele>215.61211119341561</ele></trkpt>
<trkpt lat="47.39145012541154" lon="17.864211300439628"><ele>215.69700160493827</ele></trkpt>
<trkpt lat="47.39152221724968" lon="17.864167709507054"><ele>215.7760779835391</ele></trkpt>
<trkpt lat="47.3915949979767" lon="17.86412259069892"><ele>215.84217930041152</ele></trkpt>
<trkpt lat="47.39167043943773" lon="17.864074500397937"><ele>215.89127656378602</ele></trkpt>
<trkpt lat="47.39175221159264" lon="17.86402112736275"><ele>215.92623775720165</ele></trkpt>
<trkpt lat="47.39183888128301" lon="17.863963671099302"><ele>215.95313080246916</ele></trkpt>
<trkpt lat="47.39192478754266" lon="17.863906028113778"><ele>215.97877275720165</ele></trkpt>
<trkpt lat="47.392004624691765" lon="17.863851571303517"><ele>216.00959878600827</ele></trkpt>
<trkpt lat="47.392080416821585" lon="17.86379854326921"><ele>216.05312500000005</ele></trkpt>
<trkpt lat="47.39215951504457" lon="17.863741628950304"><ele>216.1163031550069</ele></trkpt>
<trkpt lat="47.39224825838897" lon="17.863676512846855"><ele>216.20195044581624</ele></trkpt>
<trkpt lat="47.39234548942677" lon="17.863604467862555"><ele>216.30566872427985</ele></trkpt>
<trkpt lat="47.39244355208344" lon="17.86353150794838"><ele>216.41903377914954</ele></trkpt>
<trkpt lat="47.39253513322006" lon="17.86346326995875"><ele>216.53759945130318</ele></trkpt>
<trkpt lat="47.392620001334755" lon="17.86340000854248"><ele>216.66770833333334</ele></trkpt>
<trkpt lat="47.392704877966196" lon="17.863336737493338"><ele>216.82302126200275</ele></trkpt>
<trkpt lat="47.39279654467848" lon="17.863268404531627"><ele>217.0120687585734</ele></trkpt>
<trkpt lat="47.39289500148498" lon="17.86319500960415"><ele>217.22656378600826</ele></trkpt>
<trkpt lat="47.39299345826653" lon="17.863121614402402"><ele>217.44371999314131</ele></trkpt>
<trkpt lat="47.39308512489372" lon="17.863053280692924"><ele>217.6418484224966</ele></trkpt>
<trkpt lat="47.39317000135212" lon="17.862990008529678"><ele>217.815625</ele></trkpt>
<trkpt lat="47.39325489232568" lon="17.862926719877894"><ele>217.97682698902605</ele></trkpt>
<trkpt lat="47.39334670453414" lon="17.862858222623053"><ele>218.1413854595336</ele></trkpt>
<trkpt lat="47.393445831517326" lon="17.86278407694743"><ele>218.31737911522634</ele></trkpt>
<trkpt lat="47.39354637225202" lon="17.862708351100807"><ele>218.50593021262003</ele></trkpt>
<trkpt lat="47.39364300870531" lon="17.86263446189297"><ele>218.7133393347051</ele></trkpt>
<trkpt lat="47.393737708490875" lon="17.86256021051842"><ele>218.96166666666667</ele></trkpt>
<trkpt lat="47.39383896869156" lon="17.862478614841784"><ele>219.28110682441704</ele></trkpt>
<trkpt lat="47.39395372430578" lon="17.862384349699877"><ele>219.68569358710565</ele></trkpt>
<trkpt lat="47.394079266982715" lon="17.862280099923392"><ele>220.14975565843622</ele></trkpt>
<trkpt lat="47.39420356224425" lon="17.862176016197115"><ele>220.61340192043895</ele></trkpt>
<trkpt lat="47.39431406121415" lon="17.86208231807409"><ele>221.01656978737995</ele></trkpt>
<trkpt lat="47.39440666666669" lon="17.862001876152164"><ele>221.333125</ele></trkpt>
<trkpt lat="47.39448741187945" lon="17.861929036554322"><ele>221.5776891563786</ele></trkpt>
<trkpt lat="47.39456533314294" lon="17.86185597693565"><ele>221.7815594238683</ele></trkpt>
<trkpt lat="47.39464544009083" lon="17.86177880886682"><ele>221.968059691358</ele></trkpt>
<trkpt lat="47.39472622773906" lon="17.861699466081134"><ele>222.1411118312757</ele></trkpt>
<trkpt lat="47.39480587615757" lon="17.861619566396907"><ele>222.29779656378602</ele></trkpt>
<trkpt lat="47.39488612906561" lon="17.861536921616583"><ele>222.43910222222223</ele></trkpt>
<trkpt lat="47.39497166921053" lon="17.86144674901192"><ele>222.57302666666666</ele></trkpt>
<trkpt lat="47.39506288049521" lon="17.861349243128625"><ele>222.70189333333335</ele></trkpt>
<trkpt lat="47.39515473843209" lon="17.86125044372137"><ele>222.81696444444444</ele></trkpt>
<trkpt lat="47.395242485194274" lon="17.86115585734941"><ele>222.90381333333335</ele></trkpt>
<trkpt lat="47.39532751482391" lon="17.861064134386684"><ele>222.95442666666668</ele></trkpt>
<trkpt lat="47.39541524658024" lon="17.860969384464305"><ele>222.97185333333334</ele></trkpt>
<trkpt lat="47.39550703605078" lon="17.860869834249556"><ele>222.96512</ele></trkpt>
<trkpt lat="47.39559803513645" lon="17.860769996448635"><ele>222.94157333333337</ele></trkpt>
<trkpt lat="47.39568306980635" lon="17.86067426538665"><ele>222.9016266666667</ele></trkpt>
<trkpt lat="47.395762370799204" lon="17.860581237641966"><ele>222.8413011591221</ele></trkpt>
<trkpt lat="47.395840505340146" lon="17.860485554816705"><ele>222.75863768861458</ele></trkpt>
<trkpt lat="47.39591911984864" lon="17.86038630402274"><ele>222.66085866255148</ele></trkpt>
<trkpt lat="47.39599609035683" lon="17.86028705800905"><ele>222.56125626886148</ele></trkpt>
<trkpt lat="47.39606919571459" lon="17.860190647093244"><ele>222.47155177640607</ele></trkpt>
<trkpt lat="47.39614222290763" lon="17.860091461818737"><ele>222.3935416666667</ele></trkpt>
<trkpt lat="47.39622300314902" lon="17.85997858526755"><ele>222.32129200960222</ele></trkpt>
<trkpt lat="47.396317322749056" lon="17.859844405538276"><ele>222.2482630315501</ele></trkpt>
<trkpt lat="47.39642271248055" lon="17.859693204476418"><ele>222.175033436214</ele></trkpt>
<trkpt lat="47.39652987633182" lon="17.85953892605559"><ele>222.11036951303154</ele></trkpt>
<trkpt lat="47.396630249886975" lon="17.85939424569599"><ele>222.06656978738</ele></trkpt>
<trkpt lat="47.396723339227464" lon="17.859260019930733"><ele>222.05375</ele></trkpt>
<trkpt lat="47.39681644660278" lon="17.85912576197238"><ele>222.07579218106997</ele></trkpt>
<trkpt lat="47.39691700234475" lon="17.858980762844702"><ele>222.12922325102883</ele></trkpt>
<trkpt lat="47.39702500651435" lon="17.858825022424092"><ele>222.20293209876544</ele></trkpt>
<trkpt lat="47.39713301057453" lon="17.858669281364346"><ele>222.28163065843623</ele></trkpt>
<trkpt lat="47.397233565943125" lon="17.85852428049291"><ele>222.35208847736627</ele></trkpt>
<trkpt lat="47.39732667255929" lon="17.85839001993326"><ele>222.40875000000005</ele></trkpt>
<trkpt lat="47.3974197554867" lon="17.85825579919631"><ele>222.45389917695476</ele></trkpt>
<trkpt lat="47.3975200758046" lon="17.858111199718042"><ele>222.49302983539098</ele></trkpt>
<trkpt lat="47.39762700088824" lon="17.857957309405524"><ele>222.53058641975312</ele></trkpt>
<trkpt lat="47.397731652880914" lon="17.857807327317772"><ele>222.56914094650207</ele></trkpt>
<trkpt lat="47.39782421656879" lon="17.857676064619397"><ele>222.61167695473253</ele></trkpt>
<trkpt lat="47.39790152846296" lon="17.857568961684233"><ele>222.66375</ele></trkpt>
<trkpt lat="47.39796826533735" lon="17.857480059020066"><ele>222.7320807613169</ele></trkpt>
<trkpt lat="47.39803142472676" lon="17.85739951103812"><ele>222.81987911522634</ele></trkpt>
<trkpt lat="47.39809462538873" lon="17.85732149952765"><ele>222.92249228395062</ele></trkpt>
<trkpt lat="47.39815718855427" lon="17.857246038593026"><ele>223.02934670781895</ele></trkpt>
<trkpt lat="47.39821817256935" lon="17.857174194205232"><ele>223.13161779835394</ele></trkpt>
<trkpt lat="47.398280486401625" lon="17.857102988124016"><ele>223.22937500000003</ele></trkpt>
<trkpt lat="47.39835039807893" lon="17.857025493453094"><ele>223.3307175925926</ele></trkpt>
<trkpt lat="47.39843242663771" lon="17.85693638146174"><ele>223.44370370370373</ele></trkpt>
<trkpt lat="47.39852429580473" lon="17.856837542263484"><ele>223.56895833333337</ele></trkpt>
<trkpt lat="47.39861780048867" lon="17.856737344549533"><ele>223.70094907407412</ele></trkpt>
<trkpt lat="47.39870541003821" lon="17.85664359705712"><ele>223.83692129629634</ele></trkpt>
<trkpt lat="47.39878666916805" lon="17.856556677900613"><ele>223.985</ele></trkpt>
<trkpt lat="47.39886794505194" lon="17.856469744474555"><ele>224.16109053497945</ele></trkpt>
<trkpt lat="47.398955722912824" lon="17.856375856073452"><ele>224.37606995884775</ele></trkpt>
<trkpt lat="47.39905000277605" lon="17.856275012627542"><ele>224.62438271604938</ele></trkpt>
<trkpt lat="47.39914428259265" lon="17.856174168821042"><ele>224.88866255144035</ele></trkpt>
<trkpt lat="47.39923206029443" lon="17.856080279436824"><ele>225.15812757201644</ele></trkpt>
<trkpt lat="47.39931333585481" lon="17.85599334454594"><ele>225.445</ele></trkpt>
<trkpt lat="47.39939460987596" lon="17.855906422538453"><ele>225.77830504115227</ele></trkpt>
<trkpt lat="47.39948237298075" lon="17.855812663748594"><ele>226.17691100823046</ele></trkpt>
<trkpt lat="47.399576586628385" lon="17.855712423090424"><ele>226.623387345679</ele></trkpt>
<trkpt lat="47.399670661672666" lon="17.855613457391073"><ele>227.0671193415638</ele></trkpt>
<trkpt lat="47.399757951811374" lon="17.855524049486625"><ele>227.45636059670784</ele></trkpt>
<trkpt lat="47.39983826418246" lon="17.85544597439136"><ele>227.77062500000002</ele></trkpt>
<trkpt lat="47.399917941946" lon="17.85537385209237"><ele>228.02562071330593</ele></trkpt>
<trkpt lat="47.40000354057189" lon="17.855301138643945"><ele>228.24953617969823</ele></trkpt>
<trkpt lat="47.40009555385466" lon="17.855226336871784"><ele>228.45788065843624</ele></trkpt>
<trkpt lat="47.40018850966202" lon="17.855153808173068"><ele>228.64560099451305</ele></trkpt>
<trkpt lat="47.40027732453159" lon="17.855088851464888"><ele>228.79913923182443</ele></trkpt>
<trkpt lat="47.400363541666685" lon="17.855032500787356"><ele>228.91104166666665</ele></trkpt>
<trkpt lat="47.400454779663946" lon="17.854980833293755"><ele>228.98598165294925</ele></trkpt>
<trkpt lat="47.400557491426625" lon="17.854929189007407"><ele>229.03525034293554</ele></trkpt>
<trkpt lat="47.400669755658456" lon="17.85487671132643"><ele>229.06938014403292</ele></trkpt>
<trkpt lat="47.400781604080954" lon="17.854827144176106"><ele>229.09394633058986</ele></trkpt>
<trkpt lat="47.400882896947884" lon="17.85478543186515"><ele>229.11058041838135</ele></trkpt>
<trkpt lat="47.40097125000002" lon="17.85475395874982"><ele>229.11916666666667</ele></trkpt>
<trkpt lat="47.4010526628944" lon="17.854731418311502"><ele>229.12003515089165</ele></trkpt>
<trkpt lat="47.40113483196165" lon="17.854714788433448"><ele>229.11535579561044</ele></trkpt>
<trkpt lat="47.401220488683336" lon="17.854701661669353"><ele>229.11052211934157</ele></trkpt>
<trkpt lat="47.40130697702395" lon="17.854691362391588"><ele>229.11508573388204</ele></trkpt>
<trkpt lat="47.401391983883705" lon="17.854684380964425"><ele>229.14247342249658</ele></trkpt>
<trkpt lat="47.40147916667041" lon="17.854681458105873"><ele>229.2085416666667</ele></trkpt>
<trkpt lat="47.401577184506515" lon="17.854682817569767"><ele>229.32612397119343</ele></trkpt>
<trkpt lat="47.40169233197369" lon="17.85468793467686"><ele>229.49715534979424</ele></trkpt>
<trkpt lat="47.401821368330744" lon="17.854695536323604"><ele>229.70601080246917</ele></trkpt>
<trkpt lat="47.40195273322014" lon="17.854704052778192"><ele>229.92509516460908</ele></trkpt>
<trkpt lat="47.40207582650392" lon="17.854712291514588"><ele>230.13103137860085</ele></trkpt>
<trkpt lat="47.40219000003354" lon="17.854719997899394"><ele>230.31958333333336</ele></trkpt>
<trkpt lat="47.40230419756784" lon="17.85472771374921"><ele>230.5042866941015</ele></trkpt>
<trkpt lat="47.40242753090412" lon="17.85473604690501"><ele>230.69966906721538</ele></trkpt>
<trkpt lat="47.40256000004262" lon="17.85474499737455"><ele>230.90452674897122</ele></trkpt>
<trkpt lat="47.40269246918076" lon="17.854753947888184"><ele>231.1000703017833</ele></trkpt>
<trkpt lat="47.40281580251582" lon="17.854762281164998"><ele>231.26366941015092</ele></trkpt>
<trkpt lat="47.40293000004759" lon="17.85476999719723"><ele>231.38375000000002</ele></trkpt>
<trkpt lat="47.403044197578524" lon="17.854777713263815"><ele>231.46425240054873</ele></trkpt>
<trkpt lat="47.403167530911176" lon="17.85478604665373"><ele>231.51697702331967</ele></trkpt>
<trkpt lat="47.40330000004573" lon="17.854794997374714"><ele>231.55257201646094</ele></trkpt>
<trkpt lat="47.40343246917982" lon="17.854803948139796"><ele>231.5755264060357</ele></trkpt>
<trkpt lat="47.40355580251088" lon="17.854812281650702"><ele>231.5851165980796</ele></trkpt>
<trkpt lat="47.40367000003857" lon="17.854819997899657"><ele>231.57791666666668</ele></trkpt>
<trkpt lat="47.403784171844755" lon="17.854827704752143"><ele>231.55130829903982</ele></trkpt>
<trkpt lat="47.403907247970466" lon="17.854835944067823"><ele>231.50647462277095</ele></trkpt>
<trkpt lat="47.40403853397174" lon="17.85484446122079"><ele>231.45068415637863</ele></trkpt>
<trkpt lat="47.404167325117115" lon="17.854852063620413"><ele>231.39605795610427</ele></trkpt>
<trkpt lat="47.40428188786856" lon="17.854857181423533"><ele>231.35519718792872</ele></trkpt>
<trkpt lat="47.40437875000441" lon="17.854858541437213"><ele>231.3366666666667</ele></trkpt>
<trkpt lat="47.404464554638466" lon="17.854855551928065"><ele>231.3432192043896</ele></trkpt>
<trkpt lat="47.404548644829276" lon="17.85484840413402"><ele>231.3720729766804</ele></trkpt>
<trkpt lat="47.40463565131711" lon="17.85483796233137"><ele>231.41556872427986</ele></trkpt>
<trkpt lat="47.404722840260696" lon="17.854825339210418"><ele>231.46253717421126</ele></trkpt>
<trkpt lat="47.40480689784639" lon="17.854810837319285"><ele>231.5028241426612</ele></trkpt>
<trkpt lat="47.4048885474075" lon="17.854793693533537"><ele>231.53115555555559</ele></trkpt>
<trkpt lat="47.404972608148924" lon="17.854772733588298"><ele>231.54906666666668</ele></trkpt>
<trkpt lat="47.40506080222609" lon="17.854747720325385"><ele>231.56253333333336</ele></trkpt>
<trkpt lat="47.405150361495004" lon="17.85471882711318"><ele>231.58031111111114</ele></trkpt>
<trkpt lat="47.40523908077727" lon="17.85468462737909"><ele>231.61293333333336</ele></trkpt>
<trkpt lat="47.405330339339194" lon="17.85464163675986"><ele>231.67033481481485</ele></trkpt>
<trkpt lat="47.405430103108415" lon="17.854587126329527"><ele>231.7567940740741</ele></trkpt>
<trkpt lat="47.40553847133504" lon="17.85452322924277"><ele>231.8664177777778</ele></trkpt>
<trkpt lat="47.40564849214772" lon="17.8544563141958"><ele>231.986962962963</ele></trkpt>
<trkpt lat="47.40575389515387" lon="17.854391505556105"><ele>232.11069037037038</ele></trkpt>
<trkpt lat="47.40585491958877" lon="17.854329210433637"><ele>232.23886283122775</ele></trkpt>
<trkpt lat="47.40595632437155" lon="17.854266645538505"><ele>232.3771390346615</ele></trkpt>
<trkpt lat="47.406057794690255" lon="17.85420398277071"><ele>232.52331199222547</ele></trkpt>
<trkpt lat="47.406154671811066" lon="17.85414399888486"><ele>232.67087481697445</ele></trkpt>
<trkpt lat="47.4062422188722" lon="17.8540894553204"><ele>232.81654135406546</ele></trkpt>
<trkpt lat="47.406323323979926" lon="17.854038356187043"><ele>232.97097667638488</ele></trkpt>
<trkpt lat="47.40640650354437" lon="17.853985203635176"><ele>233.15463556851313</ele></trkpt>
<trkpt lat="47.40650157178464" lon="17.853923753217423"><ele>233.38829068135192</ele></trkpt>
<trkpt lat="47.40661306244013" lon="17.853851205067695"><ele>233.67902224381817</ele></trkpt>
<trkpt lat="47.40673679324071" lon="17.8537704391096"><ele>234.01180110139296</ele></trkpt>
<trkpt lat="47.40686186996888" lon="17.85368868843268"><ele>234.35615376309255</ele></trkpt>
<trkpt lat="47.406977953428814" lon="17.853612780345347"><ele>234.68637944066518</ele></trkpt>
<trkpt lat="47.407082359908976" lon="17.853544499052415"><ele>235.00033527696795</ele></trkpt>
<trkpt lat="47.40718164897786" lon="17.85347956320605"><ele>235.32252186588923</ele></trkpt>
<trkpt lat="47.407286069195756" lon="17.853411271238745"><ele>235.68633516898825</ele></trkpt>
<trkpt lat="47.40740229115465" lon="17.853335260450734"><ele>236.11132599071377</ele></trkpt>
<trkpt lat="47.40752800582346" lon="17.853253040897723"><ele>236.58721736313575</ele></trkpt>
<trkpt lat="47.407653720467806" lon="17.85317082095123"><ele>237.08389968685887</ele></trkpt>
<trkpt lat="47.40776994234332" lon="17.853094809099897"><ele>237.5798369506533</ele></trkpt>
<trkpt lat="47.40787436239166" lon="17.853026515605354"><ele>238.08790087463555</ele></trkpt>
<trkpt lat="47.40797365116805" lon="17.85296157780616"><ele>238.65893586005834</ele></trkpt>
<trkpt lat="47.40807807107833" lon="17.852893283785086"><ele>239.35184159378042</ele></trkpt>
<trkpt lat="47.408194292694844" lon="17.852817270711164"><ele>240.19152575315843</ele></trkpt>
<trkpt lat="47.40832000699328" lon="17.85273504868552"><ele>241.1352623906706</ele></trkpt>
<trkpt lat="47.408445721267285" lon="17.852652826266368"><ele>242.087954324587</ele></trkpt>
<trkpt lat="47.40856194280041" lon="17.852576812129065"><ele>242.9581972789116</ele></trkpt>
<trkpt lat="47.408666362541126" lon="17.852508516580663"><ele>243.71323615160352</ele></trkpt>
<trkpt lat="47.408765651025" lon="17.852443576828527"><ele>244.39145772594756</ele></trkpt>
<trkpt lat="47.408870070627636" lon="17.85237528075357"><ele>245.06264388295006</ele></trkpt>
<trkpt lat="47.40898629190174" lon="17.852299265393626"><ele>245.77699006586764</ele></trkpt>
<trkpt lat="47.40911200582977" lon="17.85221704089523"><ele>246.52710560414644</ele></trkpt>
<trkpt lat="47.40923771973327" lon="17.852134816003364"><ele>247.25527804772705</ele></trkpt>
<trkpt lat="47.4093539409237" lon="17.852058799580146"><ele>247.89474624770546</ele></trkpt>
<trkpt lat="47.40945836035621" lon="17.851990501978158"><ele>248.41368804664728</ele></trkpt>
<trkpt lat="47.4095576485466" lon="17.851925560273607"><ele>248.8292711370263</ele></trkpt>
<trkpt lat="47.409662062738605" lon="17.851857265280376"><ele>249.1843116294137</ele></trkpt>
<trkpt lat="47.40977823265318" lon="17.8517812789832"><ele>249.5163767411727</ele></trkpt>
<trkpt lat="47.409903711539016" lon="17.85169919621338"><ele>249.83422740524784</ele></trkpt>
<trkpt lat="47.410028695553734" lon="17.851617417126512"><ele>250.11672821509558</ele></trkpt>
<trkpt lat="47.41014317678444" lon="17.85154246739086"><ele>250.32816650469715</ele></trkpt>
<trkpt lat="47.41024415748928" lon="17.85147628061198"><ele>250.43794460641402</ele></trkpt>
<trkpt lat="47.41033752253166" lon="17.851414976510394"><ele>250.43042274052482</ele></trkpt>
<trkpt lat="47.41043360337727" lon="17.851351769450456"><ele>250.3027630555456</ele></trkpt>
<trkpt lat="47.41054011755161" lon="17.851281605303843"><ele>250.06602403248192</ele></trkpt>
<trkpt lat="47.4106571135842" lon="17.85120448296224"><ele>249.74549411210697</ele></trkpt>
<trkpt lat="47.41077665807273" lon="17.85112565736855"><ele>249.3750511803781</ele></trkpt>
<trkpt lat="47.410890539621704" lon="17.851050557703907"><ele>248.9718961585222</ele></trkpt>
<trkpt lat="47.41099750260542" lon="17.85098001825779"><ele>248.51791666666665</ele></trkpt>
<trkpt lat="47.41110514174817" lon="17.85090903233538"><ele>247.96806841563787</ele></trkpt>
<trkpt lat="47.41122139195991" lon="17.850832367213652"><ele>247.29509516460908</ele></trkpt>
<trkpt lat="47.41134625325766" lon="17.850750022816563"><ele>246.53045524691362</ele></trkpt>
<trkpt lat="47.4114711145248" lon="17.850667678028195"><ele>245.75808127572017</ele></trkpt>
<trkpt lat="47.41158736463211" lon="17.850591011839324"><ele>245.05871656378602</ele></trkpt>
<trkpt lat="47.41169500356253" lon="17.850520024325977"><ele>244.45520833333333</ele></trkpt>
<trkpt lat="47.41180264242132" lon="17.85044903652327"><ele>243.9094881687243</ele></trkpt>
<trkpt lat="47.41191889232627" lon="17.85037236937087"><ele>243.37181584362142</ele></trkpt>
<trkpt lat="47.41204375329404" lon="17.85029002279297"><ele>242.8318441358025</ele></trkpt>
<trkpt lat="47.412168614229984" lon="17.85020767582458"><ele>242.32904578189303</ele></trkpt>
<trkpt lat="47.41228486402627" lon="17.850131007607768"><ele>241.91822273662552</ele></trkpt>
<trkpt lat="47.412392502664176" lon="17.850060018219683"><ele>241.63041666666666</ele></trkpt>
<trkpt lat="47.412500094285804" lon="17.84998905769696"><ele>241.4582424554184</ele></trkpt>
<trkpt lat="47.41261587447485" lon="17.84991268003807"><ele>241.37136145404665</ele></trkpt>
<trkpt lat="47.412738575899844" lon="17.849831672252876"><ele>241.33593106995886</ele></trkpt>
<trkpt lat="47.41285672422005" lon="17.849753491772688"><ele>241.32761145404663</ele></trkpt>
<trkpt lat="47.41295696752571" lon="17.84968676222215"><ele>241.33324245541837</ele></trkpt>
<trkpt lat="47.41303296904911" lon="17.849635419197554"><ele>241.34916666666666</ele></trkpt>
<trkpt lat="47.41308779270007" lon="17.84959721827605"><ele>241.37618827160495</ele></trkpt>
<trkpt lat="47.413129184720034" lon="17.849566934672726"><ele>241.41458333333333</ele></trkpt>
<trkpt lat="47.413164523548" lon="17.849539707037895"><ele>241.46087962962963</ele></trkpt>
<trkpt lat="47.41319905157166" lon="17.849511980670993"><ele>241.50867283950615</ele></trkpt>
<trkpt lat="47.4132376768264" lon="17.84947999520283"><ele>241.5521759259259</ele></trkpt>
<trkpt lat="47.41328687500002" lon="17.849438333951063"><ele>241.58958333333334</ele></trkpt>
<trkpt lat="47.413353456790134" lon="17.849381200413298"><ele>241.62308299039782</ele></trkpt>
<trkpt lat="47.41344022376545" lon="17.849306219641146"><ele>241.65544067215365</ele></trkpt>
<trkpt lat="47.413541759259274" lon="17.84921799794618"><ele>241.68628600823047</ele></trkpt>
<trkpt lat="47.41364628858026" lon="17.84912636636507"><ele>241.71081104252403</ele></trkpt>
<trkpt lat="47.41374327160496" lon="17.8490397500843"><ele>241.72160150891636</ele></trkpt>
<trkpt lat="47.41383062500001" lon="17.84895895948889"><ele>241.71125</ele></trkpt>
<trkpt lat="47.413914529321005" lon="17.84887774124791"><ele>241.67540552126204</ele></trkpt>
<trkpt lat="47.414002160493844" lon="17.848789640387675"><ele>241.61561814128947</ele></trkpt>
<trkpt lat="47.41409456018521" lon="17.848694610451773"><ele>241.54200360082305</ele></trkpt>
<trkpt lat="47.41418621141977" lon="17.84859891507643"><ele>241.47179869684498</ele></trkpt>
<trkpt lat="47.41427128858028" lon="17.848508543710537"><ele>241.42364626200276</ele></trkpt>
<trkpt lat="47.41435000000002" lon="17.848422709476296"><ele>241.41145833333334</ele></trkpt>
<trkpt lat="47.41442871513605" lon="17.848334146360266"><ele>241.44078789437586</ele></trkpt>
<trkpt lat="47.41451382945928" lon="17.848236037323886"><ele>241.50893689986285</ele></trkpt>
<trkpt lat="47.414605651642454" lon="17.848128771972316"><ele>241.60648405349798</ele></trkpt>
<trkpt lat="47.41469858276101" lon="17.848019413959957"><ele>241.72357424554187</ele></trkpt>
<trkpt lat="47.41478748118334" lon="17.847914164234645"><ele>241.858411351166</ele></trkpt>
<trkpt lat="47.41487389027309" lon="17.847811082961012"><ele>242.02333333333337</ele></trkpt>
<trkpt lat="47.414965466772614" lon="17.8477009578736"><ele>242.23795267489714</ele></trkpt>
<trkpt lat="47.41506879278266" lon="17.847575998123087"><ele>242.5122325102881</ele></trkpt>
<trkpt lat="47.41518232492725" lon="17.847438305455324"><ele>242.83145061728396</ele></trkpt>
<trkpt lat="47.415296965963044" lon="17.847299101920235"><ele>243.161646090535</ele></trkpt>
<trkpt lat="47.415404075921415" lon="17.847168986962014"><ele>243.47338477366256</ele></trkpt>
<trkpt lat="47.41550334606815" lon="17.847048381081013"><ele>243.76416666666668</ele></trkpt>
<trkpt lat="47.41560262744088" lon="17.846927759175983"><ele>244.05663923182442</ele></trkpt>
<trkpt lat="47.41570985114314" lon="17.84679748700799"><ele>244.37411179698216</ele></trkpt>
<trkpt lat="47.41582501722411" lon="17.846657564458432"><ele>244.71695473251032</ele></trkpt>
<trkpt lat="47.415940183216726" lon="17.846517641296117"><ele>245.0631241426612</ele></trkpt>
<trkpt lat="47.41604740661746" lon="17.8463873674565"><ele>245.39194787379975</ele></trkpt>
<trkpt lat="47.41614668737712" lon="17.846266743058177"><ele>245.7075</ele></trkpt>
<trkpt lat="47.41624596792998" lon="17.846146118205684"><ele>246.0369633058985</ele></trkpt>
<trkpt lat="47.41635319074678" lon="17.846015842854417"><ele>246.40434327846364</ele></trkpt>
<trkpt lat="47.416468355876695" lon="17.84587591688577"><ele>246.8043158436214</ele></trkpt>
<trkpt lat="47.416583520918245" lon="17.84573599030434"><ele>247.20312414266118</ele></trkpt>
<trkpt lat="47.4166907434335" lon="17.845605713281376"><ele>247.5665312071331</ele></trkpt>
<trkpt lat="47.416790023373274" lon="17.845485085935497"><ele>247.88791666666668</ele></trkpt>
<trkpt lat="47.416889303106245" lon="17.84536445813544"><ele>248.18999742798354</ele></trkpt>
<trkpt lat="47.41699652503754" lon="17.84523417960078"><ele>248.50001800411522</ele></trkpt>
<trkpt lat="47.41711168921636" lon="17.845094250212902"><ele>248.82485339506175</ele></trkpt>
<trkpt lat="47.417226853306815" lon="17.844954320212214"><ele>249.14943930041153</ele></trkpt>
<trkpt lat="47.41733407493656" lon="17.844824040005793"><ele>249.45860853909466</ele></trkpt>
<trkpt lat="47.417433354056406" lon="17.84470340971225"><ele>249.7589583333333</ele></trkpt>
<trkpt lat="47.41753263296944" lon="17.844582778964504"><ele>250.077423696845</ele></trkpt>
<trkpt lat="47.41763985401516" lon="17.844452497246365"><ele>250.43646776406035</ele></trkpt>
<trkpt lat="47.41775501724268" lon="17.844312564439303"><ele>250.82916923868314</ele></trkpt>
<trkpt lat="47.41787018038155" lon="17.84417263101977"><ele>251.2204569615912</ele></trkpt>
<trkpt lat="47.41797740112468" lon="17.844042347631035"><ele>251.57467678326472</ele></trkpt>
<trkpt lat="47.41807667942248" lon="17.843921714392234"><ele>251.8833333333333</ele></trkpt>
<trkpt lat="47.418175922934324" lon="17.843801125429533"><ele>252.1671210562414</ele></trkpt>
<trkpt lat="47.418282797312195" lon="17.84367128782187"><ele>252.45141803840878</ele></trkpt>
<trkpt lat="47.41839636900684" lon="17.843533409137834"><ele>252.74071502057612</ele></trkpt>
<trkpt lat="47.41850658657248" lon="17.843399868588"><ele>253.01421124828533</ele></trkpt>
<trkpt lat="47.4186020154173" lon="17.843284834759288"><ele>253.2445901920439</ele></trkpt>
<trkpt lat="47.418677987497894" lon="17.843194346325873"><ele>253.41875</ele></trkpt>
<trkpt lat="47.41873905586585" lon="17.843123293395788"><ele>253.54498606824413</ele></trkpt>
<trkpt lat="47.41879328851562" lon="17.84306210345442"><ele>253.64125107167348</ele></trkpt>
<trkpt lat="47.418846612183565" lon="17.843003485161645"><ele>253.72202996399176</ele></trkpt>
<trkpt lat="47.41889937529835" lon="17.842946576864488"><ele>253.78952846364882</ele></trkpt>
<trkpt lat="47.41894993982511" lon="17.842893016479064"><ele>253.84007096021946</ele></trkpt>
<trkpt lat="47.41899706185187" lon="17.842844209842895"><ele>253.87123666666668</ele></trkpt>
<trkpt lat="47.41904136756946" lon="17.84279955359873"><ele>253.88912125</ele></trkpt>
<trkpt lat="47.41908421400465" lon="17.842757923933295"><ele>253.90551041666666</ele></trkpt>
<trkpt lat="47.41912865571761" lon="17.84271696069752"><ele>253.9347845833333</ele></trkpt>
<trkpt lat="47.41917962370372" lon="17.842672677395974"><ele>253.98838666666666</ele></trkpt>
<trkpt lat="47.419241020740756" lon="17.842621572327957"><ele>254.07052888888887</ele></trkpt>
<trkpt lat="47.419311351111126" lon="17.842564324983734"><ele>254.1743066666667</ele></trkpt>
<trkpt lat="47.41938398074076" lon="17.842505927923302"><ele>254.28541333333337</ele></trkpt>
<trkpt lat="47.41945322370373" lon="17.842450899713448"><ele>254.39256444444447</ele></trkpt>
<trkpt lat="47.41951913629631" lon="17.842399323387827"><ele>254.49466962962967</ele></trkpt>
<trkpt lat="47.41958584592595" lon="17.84234802858795"><ele>254.5972725925926</ele></trkpt>
<trkpt lat="47.41965516888891" lon="17.842295676006678"><ele>254.7013688888889</ele></trkpt>
<trkpt lat="47.419724779259276" lon="17.842244473016333"><ele>254.79928592592594</ele></trkpt>
<trkpt lat="47.41979246962965" lon="17.842197101125635"><ele>254.88080296296297</ele></trkpt>
<trkpt lat="47.41986031407409" lon="17.84215315001072"><ele>254.94190222222224</ele></trkpt>
<trkpt lat="47.41993273037039" lon="17.842109793004017"><ele>254.98611555555556</ele></trkpt>
<trkpt lat="47.420010168888915" lon="17.84206592931449"><ele>255.01816000000002</ele></trkpt>
<trkpt lat="47.42008789481484" lon="17.842023646314118"><ele>255.03856444444446</ele></trkpt>
<trkpt lat="47.42016129185188" lon="17.84198568328734"><ele>255.04305777777782</ele></trkpt>
<trkpt lat="47.42023105037039" lon="17.841952238800996"><ele>255.02673185185188</ele></trkpt>
<trkpt lat="47.42030173629632" lon="17.841921135089372"><ele>254.98787703703707</ele></trkpt>
<trkpt lat="47.42037533777779" lon="17.841890929160783"><ele>254.9285155555556</ele></trkpt>
<trkpt lat="47.4204495140741" lon="17.841862303953604"><ele>254.8496103703704</ele></trkpt>
<trkpt lat="47.42052216148151" lon="17.841836594295163"><ele>254.74406518518524</ele></trkpt>
<trkpt lat="47.4205952175446" lon="17.841813780776686"><ele>254.59938870370374</ele></trkpt>
<trkpt lat="47.42067282558298" lon="17.841792489162145"><ele>254.40792314814817</ele></trkpt>
<trkpt lat="47.42075471115214" lon="17.841772018412577"><ele>254.17974500000003</ele></trkpt>
<trkpt lat="47.420836602249146" lon="17.841752837850127"><ele>253.9332674074074</ele></trkpt>
<trkpt lat="47.420914854580175" lon="17.841735799957036"><ele>253.67752574074075</ele></trkpt>
<trkpt lat="47.42099291666341" lon="17.84172052116175"><ele>253.394375</ele></trkpt>
<trkpt lat="47.42107896947241" lon="17.84170557189355"><ele>253.05077246227708</ele></trkpt>
<trkpt lat="47.42117920437896" lon="17.841689592589635"><ele>252.6243072702332</ele></trkpt>
<trkpt lat="47.42129107508724" lon="17.841672525325976"><ele>252.12541923868312</ele></trkpt>
<trkpt lat="47.42140477535683" lon="17.841655499593735"><ele>251.58470078875172</ele></trkpt>
<trkpt lat="47.42151125340556" lon="17.841639662063166"><ele>251.01549468449932</ele></trkpt>
<trkpt lat="47.42160999997498" lon="17.841625001167994"><ele>250.38166666666666</ele></trkpt>
<trkpt lat="47.42170876026427" lon="17.841610336788946"><ele>249.6147119341564</ele></trkpt>
<trkpt lat="47.421815375494006" lon="17.841594464787004"><ele>248.67510288065844</ele></trkpt>
<trkpt lat="47.42192970677449" lon="17.841577280990034"><ele>247.61117283950617</ele></trkpt>
<trkpt lat="47.42204353908404" lon="17.841559722922412"><ele>246.54923868312758</ele></trkpt>
<trkpt lat="47.422148451639764" lon="17.841542573820366"><ele>245.6164403292181</ele></trkpt>
<trkpt lat="47.422243749996724" lon="17.841525312907283"><ele>244.86333333333334</ele></trkpt>
<trkpt lat="47.42233673610966" lon="17.841506297965466"><ele>244.2521150548697</ele></trkpt>
<trkpt lat="47.42243528549331" lon="17.841484177366176"><ele>243.71030264060357</ele></trkpt>
<trkpt lat="47.42254043981468" lon="17.841459194111057"><ele>243.18389146090536</ele></trkpt>
<trkpt lat="47.42264634259258" lon="17.84143283866246"><ele>242.64708504801098</ele></trkpt>
<trkpt lat="47.42274744598766" lon="17.841406035693375"><ele>242.06980024005486</ele></trkpt>
<trkpt lat="47.422845625000015" lon="17.84137750053759"><ele>241.38645833333337</ele></trkpt>
<trkpt lat="47.42294958676273" lon="17.841344313112213"><ele>240.51268261316875</ele></trkpt>
<trkpt lat="47.42306661951337" lon="17.84130450533228"><ele>239.40811213991773</ele></trkpt>
<trkpt lat="47.42319431584528" lon="17.841259512278164"><ele>238.1378163580247</ele></trkpt>
<trkpt lat="47.423320847913864" lon="17.841213687473576"><ele>236.85529578189303</ele></trkpt>
<trkpt lat="47.42343390776591" lon="17.841171041624435"><ele>235.7090097736626</ele></trkpt>
<trkpt lat="47.42352979170162" lon="17.84113208412499"><ele>234.7504166666667</ele></trkpt>
<trkpt lat="47.42361502148742" lon="17.84109358009688"><ele>233.9205270096022</ele></trkpt>
<trkpt lat="47.42369884900318" lon="17.841051896093088"><ele>233.12882488340193</ele></trkpt>
<trkpt lat="47.42378586924332" lon="17.841006124973543"><ele>232.33198399176953</ele></trkpt>
<trkpt lat="47.42387344250354" lon="17.8409589029875"><ele>231.56580006858712</ele></trkpt>
<trkpt lat="47.42395850191674" lon="17.840912625564755"><ele>230.88474182441703</ele></trkpt>
<trkpt lat="47.42404204543494" lon="17.840867053068557"><ele>230.30940148148147</ele></trkpt>
<trkpt lat="47.424128879478175" lon="17.84081953737923"><ele>229.8054651851852</ele></trkpt>
<trkpt lat="47.4242200423926" lon="17.840769114904226"><ele>229.33135111111113</ele></trkpt>
<trkpt lat="47.4243112771634" lon="17.840717183509838"><ele>228.8595362962963</ele></trkpt>
<trkpt lat="47.42439835640723" lon="17.84066451892508"><ele>228.36344592592593</ele></trkpt>
<trkpt lat="47.42448292310386" lon="17.840608619071475"><ele>227.7985037037037</ele></trkpt>
<trkpt lat="47.42457048392114" lon="17.840545843933004"><ele>227.1262651851852</ele></trkpt>
<trkpt lat="47.42466254254452" lon="17.840476615552262"><ele>226.36444444444444</ele></trkpt>
<trkpt lat="47.42475467301523" lon="17.84040587817311"><ele>225.58466074074073</ele></trkpt>
<trkpt lat="47.42484247900227" lon="17.84033795392867"><ele>224.8511259259259</ele></trkpt>
<trkpt lat="47.4249269671068" lon="17.840272451269286"><ele>224.17140768861455</ele></trkpt>
<trkpt lat="47.425012960184155" lon="17.84020562595862"><ele>223.50917938957477</ele></trkpt>
<trkpt lat="47.42510137742766" lon="17.840136358411733"><ele>222.8509160288066</ele></trkpt>
<trkpt lat="47.425188916900275" lon="17.840066255339952"><ele>222.21769105624145</ele></trkpt>
<trkpt lat="47.42527257735408" lon="17.83999606527957"><ele>221.63603361454048</ele></trkpt>
<trkpt lat="47.425356562808176" lon="17.839920419253684"><ele>221.08604166666666</ele></trkpt>
<trkpt lat="47.425449852602135" lon="17.839830495953866"><ele>220.5130692729767</ele></trkpt>
<trkpt lat="47.42555906457339" lon="17.839720773751388"><ele>219.8724734224966</ele></trkpt>
<trkpt lat="47.42568124728812" lon="17.839595650331717"><ele>219.17781893004118</ele></trkpt>
<trkpt lat="47.425805550616644" lon="17.83946736633922"><ele>218.49647033607684</ele></trkpt>
<trkpt lat="47.425921998909146" lon="17.839346859538445"><ele>217.9012791495199</ele></trkpt>
<trkpt lat="47.42603000182757" lon="17.839235009628034"><ele>217.42062500000003</ele></trkpt>
<trkpt lat="47.426137992136105" lon="17.83912315712037"><ele>217.02956618655696</ele></trkpt>
<trkpt lat="47.42625431561946" lon="17.83900262739449"><ele>216.6850968792867</ele></trkpt>
<trkpt lat="47.42637804641047" lon="17.838874242130984"><ele>216.36425411522634</ele></trkpt>
<trkpt lat="47.426498450707655" lon="17.838748808659254"><ele>216.07617712620026</ele></trkpt>
<trkpt lat="47.4266034229595" lon="17.838638351996135"><ele>215.84351680384086</ele></trkpt>
<trkpt lat="47.42668833357383" lon="17.838546981366513"><ele>215.67979166666666</ele></trkpt>
<trkpt lat="47.42675775859496" lon="17.838469337289997"><ele>215.57925497256514</ele></trkpt>
<trkpt lat="47.426819602665304" lon="17.83839698303745"><ele>215.52318587105626</ele></trkpt>
<trkpt lat="47.42687890048584" lon="17.838324976293183"><ele>215.48799639917695</ele></trkpt>
<trkpt lat="47.4269363272033" lon="17.838252928146268"><ele>215.44939729080934</ele></trkpt>
<trkpt lat="47.426991786375474" lon="17.83818043267525"><ele>215.38169324417012</ele></trkpt>
<trkpt lat="47.42704822941331" lon="17.838102501572845"><ele>215.25750000000002</ele></trkpt>
<trkpt lat="47.427111419799196" lon="17.838010650677028"><ele>215.05446416323733</ele></trkpt>
<trkpt lat="47.42718547061778" lon="17.8378995099306"><ele>214.76814900548698</ele></trkpt>
<trkpt lat="47.4272683563677" lon="17.83777324570715"><ele>214.4240869341564</ele></trkpt>
<trkpt lat="47.42735269743059" lon="17.83764398735419"><ele>214.06996227709192</ele></trkpt>
<trkpt lat="47.427431714317095" lon="17.837522629832755"><ele>213.74930984224966</ele></trkpt>
<trkpt lat="47.42750500187435" lon="17.83741000652876"><ele>213.47645833333334</ele></trkpt>
<trkpt lat="47.42757829182053" lon="17.837297349483492"><ele>213.23565757887516</ele></trkpt>
<trkpt lat="47.42765733391894" lon="17.83717565659794"><ele>213.00367626886145</ele></trkpt>
<trkpt lat="47.4277417925817" lon="17.83704485838416"><ele>212.77257458847737</ele></trkpt>
<trkpt lat="47.42782504537774" lon="17.836913810409786"><ele>212.55436299725653</ele></trkpt>
<trkpt lat="47.427899972611286" lon="17.83679126554319"><ele>212.3663674554184</ele></trkpt>
<trkpt lat="47.427964896079985" lon="17.83667687686356"><ele>212.21500000000003</ele></trkpt>
<trkpt lat="47.42802420064139" lon="17.836561317481916"><ele>212.0915320644719</ele></trkpt>
<trkpt lat="47.428083439683974" lon="17.836435442039196"><ele>211.98142061042523</ele></trkpt>
<trkpt lat="47.42814429142105" lon="17.83629936604801"><ele>211.87436471193416</ele></trkpt>
<trkpt lat="47.42820393733078" lon="17.83616220888327"><ele>211.7662277091907</ele></trkpt>
<trkpt lat="47.428259061642876" lon="17.836032644276077"><ele>211.65242712620028</ele></trkpt>
<trkpt lat="47.42831000000001" lon="17.83590958439264"><ele>211.52145833333333</ele></trkpt>
<trkpt lat="47.4283609139232" lon="17.835782665781135"><ele>211.35757458847735</ele></trkpt>
<trkpt lat="47.428415793895766" lon="17.835642444768038"><ele>211.1520473251029</ele></trkpt>
<trkpt lat="47.428474315843644" lon="17.835490587846166"><ele>210.91369598765434</ele></trkpt>
<trkpt lat="47.42853167352539" lon="17.835339728663833"><ele>210.66461676954734</ele></trkpt>
<trkpt lat="47.428582580589875" lon="17.835202912558042"><ele>210.4224819958848</ele></trkpt>
<trkpt lat="47.42862541666669" lon="17.835082917463485"><ele>210.1841666666667</ele></trkpt>
<trkpt lat="47.42866283264749" lon="17.834971399853817"><ele>209.92862997256515</ele></trkpt>
<trkpt lat="47.42869864369001" lon="17.834857907037055"><ele>209.63718278463648</ele></trkpt>
<trkpt lat="47.428734609053514" lon="17.834738827825078"><ele>209.31227880658435</ele></trkpt>
<trkpt lat="47.42876990912212" lon="17.83461775271281"><ele>208.9742352537723</ele></trkpt>
<trkpt lat="47.428803449931436" lon="17.83449744922804"><ele>208.63795096021946</ele></trkpt>
<trkpt lat="47.428836250000025" lon="17.834372084113138"><ele>208.29125</ele></trkpt>
<trkpt lat="47.428871359740114" lon="17.834228922475468"><ele>207.90042609739368</ele></trkpt>
<trkpt lat="47.42891123800514" lon="17.83405914049676"><ele>207.44133830589848</ele></trkpt>
<trkpt lat="47.4289550977774" lon="17.833868339892668"><ele>206.9296579218107</ele></trkpt>
<trkpt lat="47.42899912394272" lon="17.833674711648083"><ele>206.41739540466395</ele></trkpt>
<trkpt lat="47.42903957000266" lon="17.833495280954516"><ele>205.9563211591221</ele></trkpt>
<trkpt lat="47.42907583420186" lon="17.83333250177229"><ele>205.56145833333335</ele></trkpt>
<trkpt lat="47.4291105537989" lon="17.83317433380091"><ele>205.20837277091908</ele></trkpt>
<trkpt lat="47.429146724347746" lon="17.83300749339347"><ele>204.86619770233196</ele></trkpt>
<trkpt lat="47.429184808695545" lon="17.832830591425292"><ele>204.53363683127571</ele></trkpt>
<trkpt lat="47.42922256039576" lon="17.83265468729186"><ele>204.24980881344308</ele></trkpt>
<trkpt lat="47.429257595827636" lon="17.832491252034274"><ele>204.07392832647463</ele></trkpt>
<trkpt lat="47.429290007467806" lon="17.832340007882813"><ele>204.05895833333332</ele></trkpt>
<trkpt lat="47.42932241535501" lon="17.832188773834776"><ele>204.22967249657066</ele></trkpt>
<trkpt lat="47.42935741558982" lon="17.832025440853606"><ele>204.572686042524</ele></trkpt>
<trkpt lat="47.42939500824964" lon="17.831850008890527"><ele>205.03179526748968</ele></trkpt>
<trkpt lat="47.42943260077091" lon="17.831674576675212"><ele>205.5279946844993</ele></trkpt>
<trkpt lat="47.4294676005329" lon="17.831511243004737"><ele>205.99757373113854</ele></trkpt>
<trkpt lat="47.42950000745872" lon="17.831360007925316"><ele>206.425625</ele></trkpt>
<trkpt lat="47.42953240291706" lon="17.83120883095225"><ele>206.84117198216737</ele></trkpt>
<trkpt lat="47.42956729032572" lon="17.831046079640366"><ele>207.2778840877915</ele></trkpt>
<trkpt lat="47.429604368874244" lon="17.830873328042184"><ele>207.73615483539095</ele></trkpt>
<trkpt lat="47.42964036631863" lon="17.830706231294123"><ele>208.17937328532236</ele></trkpt>
<trkpt lat="47.42967156459871" lon="17.830562776615697"><ele>208.5647213648834</ele></trkpt>
<trkpt lat="47.429696459200485" lon="17.83045083459771"><ele>208.87583333333336</ele></trkpt>
<trkpt lat="47.429716439473914" lon="17.830364825194966"><ele>209.13108411522637</ele></trkpt>
<trkpt lat="47.429734132268955" lon="17.83029327412593"><ele>209.36206477366258</ele></trkpt>
<trkpt lat="47.42975178730408" lon="17.83022666645877"><ele>209.5918130864198</ele></trkpt>
<trkpt lat="47.4297707684921" lon="17.83016081843159"><ele>209.8268008230453</ele></trkpt>
<trkpt lat="47.42979286748359" lon="17.830092306277237"><ele>210.0740372016461</ele></trkpt>
<trkpt lat="47.429820494814834" lon="17.830016197388296"><ele>210.3487540740741</ele></trkpt>
<trkpt lat="47.429855456296316" lon="17.829927678994533"><ele>210.66657481481482</ele></trkpt>
<trkpt lat="47.429896604444465" lon="17.829828564995083"><ele>211.01738222222224</ele></trkpt>
<trkpt lat="47.429940482962984" lon="17.829727007957462"><ele>211.36373481481482</ele></trkpt>
<trkpt lat="47.42998476148149" lon="17.829630153122686"><ele>211.6663540740741</ele></trkpt>
<trkpt lat="47.43003027995201" lon="17.829538069502252"><ele>211.91174775034295</ele></trkpt>
<trkpt lat="47.43007950613857" lon="17.82944561778184"><ele>212.11340006858714</ele></trkpt>
<trkpt lat="47.430132257263395" lon="17.829351082349632"><ele>212.28719954732512</ele></trkpt>
<trkpt lat="47.43018613039783" lon="17.829256818391382"><ele>212.43892340192048</ele></trkpt>
<trkpt lat="47.430239587359424" lon="17.82916459325687"><ele>212.56640700960222</ele></trkpt>
<trkpt lat="47.430296041666686" lon="17.829068334461315"><ele>212.6729166666667</ele></trkpt>
<trkpt lat="47.43036182613171" lon="17.828957229797236"><ele>212.76804012345684</ele></trkpt>
<trkpt lat="47.43044102109056" lon="17.828824327300772"><ele>212.86083333333337</ele></trkpt>
<trkpt lat="47.4305302932099" lon="17.828675344300503"><ele>212.9503240740741</ele></trkpt>
<trkpt lat="47.430620064300435" lon="17.82852694304467"><ele>213.0233487654321</ele></trkpt>
<trkpt lat="47.43070096193418" lon="17.828396026100723"><ele>213.05995370370374</ele></trkpt>
<trkpt lat="47.43077020833336" lon="17.828288959473863"><ele>213.04083333333338</ele></trkpt>
<trkpt lat="47.430832147420844" lon="17.828200056036373"><ele>212.95461505486972</ele></trkpt>
<trkpt lat="47.430893042925355" lon="17.828119488742406"><ele>212.80067301097395</ele></trkpt>
<trkpt lat="47.43095601409793" lon="17.82804138579427"><ele>212.5875025720165</ele></trkpt>
<trkpt lat="47.43102071101609" lon="17.827965639870843"><ele>212.31902949245543</ele></trkpt>
<trkpt lat="47.43108749540497" lon="17.827893115699542"><ele>211.97637431412895</ele></trkpt>
<trkpt lat="47.431161407964325" lon="17.827820565942968"><ele>211.50645833333334</ele></trkpt>
<trkpt lat="47.43125070867832" lon="17.827740826449872"><ele>210.84549554183812</ele></trkpt>
<trkpt lat="47.43136033992414" lon="17.827648518594792"><ele>209.96942472565158</ele></trkpt>
<trkpt lat="47.43148570080994" lon="17.827545801570643"><ele>208.93926440329219</ele></trkpt>
<trkpt lat="47.43161436749187" lon="17.82744153249182"><ele>207.8823259602195</ele></trkpt>
<trkpt lat="47.431735279341005" lon="17.827343928827858"><ele>206.91487825788755</ele></trkpt>
<trkpt lat="47.43184751614573" lon="17.827253422552786"><ele>206.068125</ele></trkpt>
<trkpt lat="47.43195978691488" lon="17.827162899896805"><ele>205.2871913580247</ele></trkpt>
<trkpt lat="47.43208103924403" lon="17.827065134994992"><ele>204.50030092592593</ele></trkpt>
<trkpt lat="47.43221127316088" lon="17.82696012774625"><ele>203.68703703703704</ele></trkpt>
<trkpt lat="47.43234150702797" lon="17.826855119976848"><ele>202.8857484567901</ele></trkpt>
<trkpt lat="47.43246275918732" lon="17.826757353654873"><ele>202.13972222222222</ele></trkpt>
<trkpt lat="47.432575029611215" lon="17.826666828881386"><ele>201.441875</ele></trkpt>
<trkpt lat="47.43268729991863" lon="17.826576303722604"><ele>200.73383401920438</ele></trkpt>
<trkpt lat="47.43280855174911" lon="17.82647853611772"><ele>199.96128686556926</ele></trkpt>
<trkpt lat="47.43293878513036" lon="17.826373525965675"><ele>199.13066872427981</ele></trkpt>
<trkpt lat="47.433069018461815" lon="17.826268515292934"><ele>198.30969735939644</ele></trkpt>
<trkpt lat="47.433190270122466" lon="17.826170746267824"><ele>197.5700685871056</ele></trkpt>
<trkpt lat="47.43330254008462" lon="17.826080218991425"><ele>196.92895833333333</ele></trkpt>
<trkpt lat="47.4334148099303" lon="17.8259896913297"><ele>196.34318672839507</ele></trkpt>
<trkpt lat="47.43353606126209" lon="17.82589192102163"><ele>195.75751543209878</ele></trkpt>
<trkpt lat="47.43366629410769" lon="17.82578690796613"><ele>195.15395833333335</ele></trkpt>
<trkpt lat="47.433796526903514" lon="17.82568189438991"><ele>194.55713734567902</ele></trkpt>
<trkpt lat="47.43391777806547" lon="17.825584122661535"><ele>193.99445216049384</ele></trkpt>
<trkpt lat="47.434030047565855" lon="17.825493592882104"><ele>193.45541666666668</ele></trkpt>
<trkpt lat="47.43414231694976" lon="17.82540306271732"><ele>192.89249399862825</ele></trkpt>
<trkpt lat="47.434263567782814" lon="17.825305289705923"><ele>192.26411608367627</ele></trkpt>
<trkpt lat="47.43439380009276" lon="17.82520027374683"><ele>191.57789866255143</ele></trkpt>
<trkpt lat="47.43452403235292" lon="17.82509525726698"><ele>190.88810528120712</ele></trkpt>
<trkpt lat="47.43464528301615" lon="17.82499748283522"><ele>190.24752486282577</ele></trkpt>
<trkpt lat="47.43475755205473" lon="17.824906950552617"><ele>189.65979166666668</ele></trkpt>
<trkpt lat="47.434869820976836" lon="17.824816417884655"><ele>189.0794375857339</ele></trkpt>
<trkpt lat="47.43499107131116" lon="17.824718642169806"><ele>188.45957733196158</ele></trkpt>
<trkpt lat="47.43512130308539" lon="17.82461362330697"><ele>187.7998868312757</ele></trkpt>
<trkpt lat="47.43525153480986" lon="17.82450860392336"><ele>187.14851251714677</ele></trkpt>
<trkpt lat="47.43537278497433" lon="17.824410826788064"><ele>186.55703017832644</ele></trkpt>
<trkpt lat="47.4354850535511" lon="17.82432029200218"><ele>186.03437499999995</ele></trkpt>
<trkpt lat="47.435597322011375" lon="17.824229756830906"><ele>185.5431858710562</ele></trkpt>
<trkpt lat="47.43571857184693" lon="17.82413197841247"><ele>185.04011402606307</ele></trkpt>
<trkpt lat="47.43584880308544" lon="17.82402695664576"><ele>184.51742798353908</ele></trkpt>
<trkpt lat="47.435979034274176" lon="17.82392193435824"><ele>184.0073825445816</ele></trkpt>
<trkpt lat="47.436100283939865" lon="17.82382415451928"><ele>183.54744513031548</ele></trkpt>
<trkpt lat="47.43621255205479" lon="17.823733617229987"><ele>183.1439583333333</ele></trkpt>
<trkpt lat="47.43632482005323" lon="17.823643079555296"><ele>182.7680752743484</ele></trkpt>
<trkpt lat="47.43644606938998" lon="17.823545298433142"><ele>182.3858573388203</ele></trkpt>
<trkpt lat="47.436576300092746" lon="17.823440273762404"><ele>181.98964248971194</ele></trkpt>
<trkpt lat="47.43670653074573" lon="17.82333524857084"><ele>181.60132801783266</ele></trkpt>
<trkpt lat="47.436827779912605" lon="17.82323746602809"><ele>181.24606910150894</ele></trkpt>
<trkpt lat="47.43694004756567" lon="17.82314692623526"><ele>180.925</ele></trkpt>
<trkpt lat="47.437052315102235" lon="17.82305638605701"><ele>180.61332904663925</ele></trkpt>
<trkpt lat="47.43717356394017" lon="17.82295860223101"><ele>180.28501457475994</ele></trkpt>
<trkpt lat="47.43730379410715" lon="17.822853574656108"><ele>179.93827417695476</ele></trkpt>
<trkpt lat="47.43743402422435" lon="17.82274854656035"><ele>179.5971056241427</ele></trkpt>
<trkpt lat="47.43755527289238" lon="17.822650761313678"><ele>179.28780435528122</ele></trkpt>
<trkpt lat="47.43766754008356" lon="17.822560219017195"><ele>179.0147916666667</ele></trkpt>
<trkpt lat="47.43777980715822" lon="17.822469676335288"><ele>178.75844650205764</ele></trkpt>
<trkpt lat="47.43790105549729" lon="17.822371889805282"><ele>178.4957124485597</ele></trkpt>
<trkpt lat="47.43803128512846" lon="17.822266859326078"><ele>178.22117283950618</ele></trkpt>
<trkpt lat="47.43816151470986" lon="17.822161828325992"><ele>177.94862911522634</ele></trkpt>
<trkpt lat="47.438282762879034" lon="17.822064040375256"><ele>177.6927057613169</ele></trkpt>
<trkpt lat="47.4383950296083" lon="17.82197349557499"><ele>177.45020833333334</ele></trkpt>
<trkpt lat="47.43850729622103" lon="17.82188295038929"><ele>177.20051440329217</ele></trkpt>
<trkpt lat="47.43862854406123" lon="17.821785161155162"><ele>176.92569701646093</ele></trkpt>
<trkpt lat="47.43875877315661" lon="17.82168012777148"><ele>176.63145061728397</ele></trkpt>
<trkpt lat="47.43888900220229" lon="17.821575093866805"><ele>176.34818158436215</ele></trkpt>
<trkpt lat="47.43901024987288" lon="17.821477303211633"><ele>176.11082304526752</ele></trkpt>
<trkpt lat="47.439122516140806" lon="17.821386755906985"><ele>175.93729166666668</ele></trkpt>
<trkpt lat="47.439234737069675" lon="17.821296241374565"><ele>175.8222762345679</ele></trkpt>
<trkpt lat="47.43935553218284" lon="17.82119878101706"><ele>175.7483024691358</ele></trkpt>
<trkpt lat="47.439483680488095" lon="17.821095270013757"><ele>175.69835648148148</ele></trkpt>
<trkpt lat="47.43960744211696" lon="17.820994974882083"><ele>175.6626311728395</ele></trkpt>
<trkpt lat="47.439713268262196" lon="17.820908488661043"><ele>175.63718364197533</ele></trkpt>
<trkpt lat="47.439795053797056" lon="17.82084028795863"><ele>175.62083333333334</ele></trkpt>
<trkpt lat="47.439856999755705" lon="17.820786461967884"><ele>175.6124654921125</ele></trkpt>
<trkpt lat="47.439907755018915" lon="17.82073970498526"><ele>175.6105772033608</ele></trkpt>
<trkpt lat="47.43995438247497" lon="17.820694270349172"><ele>175.61409786522634</ele></trkpt>
<trkpt lat="47.4399986237724" lon="17.82064892890723"><ele>175.62360768175583</ele></trkpt>
<trkpt lat="47.44004041773977" lon="17.820603424967615"><ele>175.64129286694106</ele></trkpt>
<trkpt lat="47.440079682784656" lon="17.82055710064022"><ele>175.66763545953367</ele></trkpt>
<trkpt lat="47.44011809767235" lon="17.820507227845468"><ele>175.6972575874486</ele></trkpt>
<trkpt lat="47.44015560132289" lon="17.820453306301044"><ele>175.71869166495202</ele></trkpt>
<trkpt lat="47.44019137432529" lon="17.820396037994293"><ele>175.7208937054184</ele></trkpt>
<trkpt lat="47.44022360378602" lon="17.820338598514585"><ele>175.69936921810702</ele></trkpt>
<trkpt lat="47.44025310425243" lon="17.82028074231182"><ele>175.65326639231827</ele></trkpt>
<trkpt lat="47.440282794348434" lon="17.820217938029447"><ele>175.57686430727028</ele></trkpt>
<trkpt lat="47.44031766666669" lon="17.820140646414544"><ele>175.4580103703704</ele></trkpt>
<trkpt lat="47.44036087555557" lon="17.8200428392045"><ele>175.29007851851856</ele></trkpt>
<trkpt lat="47.44041126666669" lon="17.81992881856509"><ele>175.08552444444445</ele></trkpt>
<trkpt lat="47.440463813333345" lon="17.81981278592499"><ele>174.8733540740741</ele></trkpt>
<trkpt lat="47.4405143777778" lon="17.819708113205916"><ele>174.6794325925926</ele></trkpt>
<trkpt lat="47.44056351101854" lon="17.819617792557096"><ele>174.50935018518518</ele></trkpt>
<trkpt lat="47.4406146689815" lon="17.819535955120752"><ele>174.3523175925926</ele></trkpt>
<trkpt lat="47.44066926972224" lon="17.819457329913416"><ele>174.1994688888889</ele></trkpt>
<trkpt lat="47.44072419203705" lon="17.819383604471895"><ele>174.05581870370372</ele></trkpt>
<trkpt lat="47.440775905240066" lon="17.819319046549673"><ele>173.93119720164614</ele></trkpt>
<trkpt lat="47.44082377486284" lon="17.819265303709585"><ele>173.82982767489716</ele></trkpt>
<trkpt lat="47.440871565072044" lon="17.819219020232953"><ele>173.74579475308647</ele></trkpt>
<trkpt lat="47.440922041999336" lon="17.81917762252437"><ele>173.67418053497948</ele></trkpt>
<trkpt lat="47.44097625108713" lon="17.819140086920367"><ele>173.6126395884774</ele></trkpt>
<trkpt lat="47.441031423539116" lon="17.819107800637862"><ele>173.5622380246914</ele></trkpt>
<trkpt lat="47.441086742112496" lon="17.81908052689638"><ele>173.52035967078191</ele></trkpt>
<trkpt lat="47.441144862661204" lon="17.819056830468224"><ele>173.4820655144033</ele></trkpt>
<trkpt lat="47.44121353629631" lon="17.819033425433574"><ele>173.44029037037038</ele></trkpt>
<trkpt lat="47.44129808592595" lon="17.81900790847477"><ele>173.39087851851855</ele></trkpt>
<trkpt lat="47.4413951688889" lon="17.81898016925032"><ele>173.33508444444445</ele></trkpt>
<trkpt lat="47.44149253925927" lon="17.81895271736127"><ele>173.2794340740741</ele></trkpt>
<trkpt lat="47.44157806962965" lon="17.818928180983878"><ele>173.23051259259262</ele></trkpt>
<trkpt lat="47.44164781481483" lon="17.818907145355066"><ele>173.19042666666667</ele></trkpt>
<trkpt lat="47.44170623407408" lon="17.818888134945805"><ele>173.15694222222223</ele></trkpt>
<trkpt lat="47.44175957777779" lon="17.818869409012965"><ele>173.12778666666668</ele></trkpt>
<trkpt lat="47.44181220296298" lon="17.81884967718275"><ele>173.1033733333333</ele></trkpt>
<trkpt lat="47.44186817037039" lon="17.81882723428199"><ele>173.0860711111111</ele></trkpt>
<trkpt lat="47.44193317185187" lon="17.818799518833885"><ele>173.07747407407405</ele></trkpt>
<trkpt lat="47.442011628148165" lon="17.818764690803206"><ele>173.07704592592592</ele></trkpt>
<trkpt lat="47.442100928888905" lon="17.81872415604918"><ele>173.08295555555554</ele></trkpt>
<trkpt lat="47.44219181037039" lon="17.818682184169276"><ele>173.0938948148148</ele></trkpt>
<trkpt lat="47.44227566074076" lon="17.818642452244358"><ele>173.1106296296296</ele></trkpt>
<trkpt lat="47.44235072099454" lon="17.818605410073985"><ele>173.1351042455418</ele></trkpt>
<trkpt lat="47.442421247976704" lon="17.818568916282914"><ele>173.16782472565157</ele></trkpt>
<trkpt lat="47.44249044113171" lon="17.818531621780696"><ele>173.20450495884774</ele></trkpt>
<trkpt lat="47.44255895223597" lon="17.81849322691935"><ele>173.23655133058983</ele></trkpt>
<trkpt lat="47.44262764321676" lon="17.81845271028882"><ele>173.2537869615912</ele></trkpt>
<trkpt lat="47.44270270833335" lon="17.818405625840967"><ele>173.248125</ele></trkpt>
<trkpt lat="47.44279320627614" lon="17.81834599063226"><ele>173.21547239368996</ele></trkpt>
<trkpt lat="47.44290447428427" lon="17.818270630131302"><ele>173.15737997256514</ele></trkpt>
<trkpt lat="47.44303155403523" lon="17.81818334048869"><ele>173.08201903292178</ele></trkpt>
<trkpt lat="47.44316127837244" lon="17.81809322326431"><ele>173.00158521947873</ele></trkpt>
<trkpt lat="47.443281570690324" lon="17.818008214348183"><ele>172.9261822702332</ele></trkpt>
<trkpt lat="47.44339041715414" lon="17.81792896242489"><ele>172.85833333333335</ele></trkpt>
<trkpt lat="47.443495733792254" lon="17.817849295889605"><ele>172.79351423182442</ele></trkpt>
<trkpt lat="47.44360642407671" lon="17.817762925261594"><ele>172.726063957476</ele></trkpt>
<trkpt lat="47.443723552762734" lon="17.81766996575351"><ele>172.65475565843622</ele></trkpt>
<trkpt lat="47.443839916378955" lon="17.817576922999493"><ele>172.58303155006857</ele></trkpt>
<trkpt lat="47.44394799596133" lon="17.81749026858462"><ele>172.51416237997256</ele></trkpt>
<trkpt lat="47.44404800443475" lon="17.817410025645504"><ele>172.44645833333334</ele></trkpt>
<trkpt lat="47.444148004929765" lon="17.81732978154814"><ele>172.37369770233195</ele></trkpt>
<trkpt lat="47.444256005384595" lon="17.817243117580677"><ele>172.2905744170096</ele></trkpt>
<trkpt lat="47.44437200582101" lon="17.817150033663257"><ele>172.19789866255144</ele></trkpt>
<trkpt lat="47.44448800621833" lon="17.81705694933453"><ele>172.10164694787377</ele></trkpt>
<trkpt lat="47.444596006539726" lon="17.816970284245226"><ele>172.00632115912208</ele></trkpt>
<trkpt lat="47.44469600676344" lon="17.81689003847521"><ele>171.90875</ele></trkpt>
<trkpt lat="47.44479600689564" lon="17.816809792400857"><ele>171.7996201989026</ele></trkpt>
<trkpt lat="47.44490400695864" lon="17.81672312629823"><ele>171.6725042866941</ele></trkpt>
<trkpt lat="47.445020006974175" lon="17.816630040087468"><ele>171.5329809670782</ele></trkpt>
<trkpt lat="47.44513600695062" lon="17.816536953465384"><ele>171.39853052126202</ele></trkpt>
<trkpt lat="47.44524400688018" lon="17.816450286240872"><ele>171.28872513717423</ele></trkpt>
<trkpt lat="47.445344006741074" lon="17.816370038493794"><ele>171.21479166666668</ele></trkpt>
<trkpt lat="47.445444006510456" lon="17.816289790442365"><ele>171.17608196159125</ele></trkpt>
<trkpt lat="47.44555200618169" lon="17.816203122204406"><ele>171.16433213305902</ele></trkpt>
<trkpt lat="47.445668005776795" lon="17.816110033699857"><ele>171.16861625514403</ele></trkpt>
<trkpt lat="47.445784005333735" lon="17.816016944783208"><ele>171.1790543552812</ele></trkpt>
<trkpt lat="47.445892004874715" lon="17.81593027542076"><ele>171.18830418381344</ele></trkpt>
<trkpt lat="47.445992004379264" lon="17.81585002569133"><ele>171.19229166666665</ele></trkpt>
<trkpt lat="47.44609196110177" lon="17.81576981595095"><ele>171.18977623456792</ele></trkpt>
<trkpt lat="47.446199533447704" lon="17.8156835485361"><ele>171.1814814814815</ele></trkpt>
<trkpt lat="47.44631356867588" lon="17.815592311397438"><ele>171.1695601851852</ele></trkpt>
<trkpt lat="47.44642346246289" lon="17.815504982707687"><ele>171.15689043209875</ele></trkpt>
<trkpt lat="47.44651690267454" lon="17.81543205268269"><ele>171.14604166666666</ele></trkpt>
<trkpt lat="47.446588125480496" lon="17.815378961646445"><ele>171.13833333333332</ele></trkpt>
<trkpt lat="47.446640869726984" lon="17.815343827823177"><ele>171.13390946502057</ele></trkpt>
<trkpt lat="47.44668306935209" lon="17.815321032831356"><ele>171.1335596707819</ele></trkpt>
<trkpt lat="47.44672178448758" lon="17.81530513651637"><ele>171.14172839506173</ele></trkpt>
<trkpt lat="47.44675891221287" lon="17.815293813504876"><ele>171.1671956447188</ele></trkpt>
<trkpt lat="47.44679468038451" lon="17.81528729768532"><ele>171.2155101165981</ele></trkpt>
<trkpt lat="47.44682913065846" lon="17.815287139913885"><ele>171.28111625514404</ele></trkpt>
<trkpt lat="47.44686430469823" lon="17.81529354850671"><ele>171.34508830589849</ele></trkpt>
<trkpt lat="47.446900975651594" lon="17.81530394887934"><ele>171.39075274348426</ele></trkpt>
<trkpt lat="47.446938155864224" lon="17.815313160993856"><ele>171.4130684156379</ele></trkpt>
<trkpt lat="47.44697372685188" lon="17.815315702166206"><ele>171.42167438271608</ele></trkpt>
<trkpt lat="47.44700687928671" lon="17.815307827534102"><ele>171.4284156378601</ele></trkpt>
<trkpt lat="47.44703826474625" lon="17.81528857172762"><ele>171.4472633744856</ele></trkpt>
<trkpt lat="47.44706804526751" lon="17.81525874492424"><ele>171.5027777777778</ele></trkpt>
<trkpt lat="47.44709469821675" lon="17.81522011666663"><ele>171.63161179698218</ele></trkpt>
<trkpt lat="47.44711622770921" lon="17.815174821731308"><ele>171.85865569272977</ele></trkpt>
<trkpt lat="47.447132263374506" lon="17.815126563830166"><ele>172.16242798353912</ele></trkpt>
<trkpt lat="47.44714452674899" lon="17.815080363544965"><ele>172.4762414266118</ele></trkpt>
<trkpt lat="47.44715555555558" lon="17.815040089191662"><ele>172.72980795610425</ele></trkpt>
<trkpt lat="47.44716812757204" lon="17.81500500003515"><ele>172.8877572016461</ele></trkpt>
<trkpt lat="47.44718432894665" lon="17.814971001960405"><ele>172.9547354697317</ele></trkpt>
<trkpt lat="47.44720530716743" lon="17.81493427122358"><ele>172.9514468479926</ele></trkpt>
<trkpt lat="47.44722979186586" lon="17.81489577079997"><ele>172.90589641147466</ele></trkpt>
<trkpt lat="47.44725690141627" lon="17.814857638536303"><ele>172.8435852259775</ele></trkpt>
<trkpt lat="47.44728767301098" lon="17.81482067502124"><ele>172.78494391054483</ele></trkpt>
<trkpt lat="47.447327493280596" lon="17.814780375472324"><ele>172.73516034985425</ele></trkpt>
<trkpt lat="47.447383698877964" lon="17.814730128651345"><ele>172.6906559766764</ele></trkpt>
<trkpt lat="47.447462793036514" lon="17.81466365242614"><ele>172.64494870964262</ele></trkpt>
<trkpt lat="47.44756577528779" lon="17.814579464965846"><ele>172.59661429651229</ele></trkpt>
<trkpt lat="47.44768542007656" lon="17.81448277206454"><ele>172.5521250404924</ele></trkpt>
<trkpt lat="47.447808608606394" lon="17.814383661213505"><ele>172.52826962531046</ele></trkpt>
<trkpt lat="47.447923683417365" lon="17.814291223174177"><ele>172.55034553503944</ele></trkpt>
<trkpt lat="47.448027364562854" lon="17.814207972435337"><ele>172.64779883381928</ele></trkpt>
<trkpt lat="47.44812598545269" lon="17.81412878864001"><ele>172.85026239067062</ele></trkpt>
<trkpt lat="47.4482297029267" lon="17.814045512339458"><ele>173.17856710938347</ele></trkpt>
<trkpt lat="47.4483451426905" lon="17.813952823589403"><ele>173.62952003023435</ele></trkpt>
<trkpt lat="47.448470011260284" lon="17.81385256377621"><ele>174.16167800453516</ele></trkpt>
<trkpt lat="47.44859487979374" lon="17.813752303485867"><ele>174.7052003023432</ele></trkpt>
<trkpt lat="47.448710319433545" lon="17.81365961344632"><ele>175.19493251268764</ele></trkpt>
<trkpt lat="47.44881403665547" lon="17.813576335293508"><ele>175.60208454810498</ele></trkpt>
<trkpt lat="47.44891265711043" lon="17.813497149129486"><ele>175.94056851311956</ele></trkpt>
<trkpt lat="47.44901637412708" lon="17.813413870337822"><ele>176.2450869236584</ele></trkpt>
<trkpt lat="47.449131813381804" lon="17.813321178815087"><ele>176.54494547025163</ele></trkpt>
<trkpt lat="47.44925668140095" lon="17.81322091600272"><ele>176.8455523161646</ele></trkpt>
<trkpt lat="47.449381549383745" lon="17.813120652713174"><ele>177.1300815246734</ele></trkpt>
<trkpt lat="47.44949698851449" lon="17.81302795990087"><ele>177.37507720548538</ele></trkpt>
<trkpt lat="47.449600705279046" lon="17.812944679256848"><ele>177.56804664723032</ele></trkpt>
<trkpt lat="47.449699325299086" lon="17.812865490724015"><ele>177.71409620991255</ele></trkpt>
<trkpt lat="47.44980304185836" lon="17.812782209441107"><ele>177.8284191771947</ele></trkpt>
<trkpt lat="47.449918480604" lon="17.81268951514554"><ele>177.92631519274377</ele></trkpt>
<trkpt lat="47.45004334807248" lon="17.812589249333843"><ele>178.01612244897962</ele></trkpt>
<trkpt lat="47.45016821550461" lon="17.81248898304493"><ele>178.09933106575966</ele></trkpt>
<trkpt lat="47.450283654126274" lon="17.812396287459716"><ele>178.174710074506</ele></trkpt>
<trkpt lat="47.45038737043341" lon="17.812313004324345"><ele>178.243250728863</ele></trkpt>
<trkpt lat="47.450485990018535" lon="17.812233813422583"><ele>178.31032069970848</ele></trkpt>
<trkpt lat="47.450589706120375" lon="17.812150529648296"><ele>178.38293434834253</ele></trkpt>
<trkpt lat="47.450705144356895" lon="17.812057832579764"><ele>178.46539250620884</ele></trkpt>
<trkpt lat="47.4508300112746" lon="17.811957563768622"><ele>178.55580012957566</ele></trkpt>
<trkpt lat="47.45095487815582" lon="17.811857294480365"><ele>178.64756937695714</ele></trkpt>
<trkpt lat="47.45107031626784" lon="17.811764596122515"><ele>178.7346739013066</ele></trkpt>
<trkpt lat="47.451174032116555" lon="17.811681310496475"><ele>178.81673469387758</ele></trkpt>
<trkpt lat="47.451272651264986" lon="17.81160211722704"><ele>178.90010204081636</ele></trkpt>
<trkpt lat="47.45137636114863" lon="17.81151883627642"><ele>178.99339542166075</ele></trkpt>
<trkpt lat="47.45149174129123" lon="17.811426189568397"><ele>179.1014879602635</ele></trkpt>
<trkpt lat="47.45161634278033" lon="17.81132616216385"><ele>179.2209540006479</ele></trkpt>
<trkpt lat="47.45174038569481" lon="17.81122664965752"><ele>179.34204351581906</ele></trkpt>
<trkpt lat="47.45185385977346" lon="17.811135760316894"><ele>179.45567595292084</ele></trkpt>
<trkpt lat="47.451953694185725" lon="17.811056053286094"><ele>179.5602332361516</ele></trkpt>
<trkpt lat="47.45204562771412" lon="17.81098302627815"><ele>179.66303206997082</ele></trkpt>
<trkpt lat="47.45213982676969" lon="17.81090861036026"><ele>179.7756215856419</ele></trkpt>
<trkpt lat="47.45224393608526" lon="17.810826687101045"><ele>179.9063463143929</ele></trkpt>
<trkpt lat="47.45235810890232" lon="17.81073702861662"><ele>180.05553782138955</ele></trkpt>
<trkpt lat="47.45247469011565" lon="17.810645558148654"><ele>180.21643245069927</ele></trkpt>
<trkpt lat="47.452585722212305" lon="17.81055846809522"><ele>180.38541597429685</ele></trkpt>
<trkpt lat="47.45269000224848" lon="17.810476680439244"><ele>180.570625</ele></trkpt>
<trkpt lat="47.45279494066787" lon="17.810394376808983"><ele>180.79042952674897</ele></trkpt>
<trkpt lat="47.45290827407678" lon="17.81030548851983"><ele>181.0568158436214</ele></trkpt>
<trkpt lat="47.453030002497925" lon="17.810210015485954"><ele>181.36013117283952</ele></trkpt>
<trkpt lat="47.4531517308771" lon="17.810114542009863"><ele>181.67217849794238</ele></trkpt>
<trkpt lat="47.453265064142855" lon="17.810025652515034"><ele>181.9683616255144</ele></trkpt>
<trkpt lat="47.45337000227114" lon="17.809943347088357"><ele>182.24874999999997</ele></trkpt>
<trkpt lat="47.45347493601326" lon="17.809861027051415"><ele>182.5362251371742</ele></trkpt>
<trkpt lat="47.453588226135714" lon="17.8097719936172"><ele>182.85299811385457</ele></trkpt>
<trkpt lat="47.45370975693847" lon="17.80967586098402"><ele>183.1979809670782</ele></trkpt>
<trkpt lat="47.45383087194976" lon="17.80957834219023"><ele>183.5480366941015</ele></trkpt>
<trkpt lat="47.453942743237405" lon="17.809484578959776"><ele>183.8821201989026</ele></trkpt>
<trkpt lat="47.4540447921583" lon="17.80939264278714"><ele>184.20479166666667</ele></trkpt>
<trkpt lat="47.45414490367576" lon="17.809294249079304"><ele>184.54408521947877</ele></trkpt>
<trkpt lat="47.45425136566015" lon="17.80918245598725"><ele>184.92428155006863</ele></trkpt>
<trkpt lat="47.454364756750465" lon="17.80905919197628"><ele>185.33887602880662</ele></trkpt>
<trkpt lat="47.45447773203444" lon="17.808934541705973"><ele>185.7515577846365</ele></trkpt>
<trkpt lat="47.45458277513326" lon="17.80881801855541"><ele>186.12522719478739</ele></trkpt>
<trkpt lat="47.45468000172627" lon="17.80871000834713"><ele>186.45125000000002</ele></trkpt>
<trkpt lat="47.45477722214968" lon="17.808601982175457"><ele>186.751698388203</ele></trkpt>
<trkpt lat="47.454882204770655" lon="17.808485302019783"><ele>187.05397548010976</ele></trkpt>
<trkpt lat="47.4549949033533" lon="17.808359933129655"><ele>187.364771090535</ele></trkpt>
<trkpt lat="47.45510743561162" lon="17.808234439237363"><ele>187.66666838134432</ele></trkpt>
<trkpt lat="47.45521185067227" lon="17.80811733289667"><ele>187.93858110425242</ele></trkpt>
<trkpt lat="47.4553079171135" lon="17.808008440988186"><ele>188.1772916666667</ele></trkpt>
<trkpt lat="47.45540320868592" lon="17.80789896870322"><ele>188.39983710562416</ele></trkpt>
<trkpt lat="47.45550546028013" lon="17.807780241717946"><ele>188.62462019890265</ele></trkpt>
<trkpt lat="47.45561490331819" lon="17.80765243315343"><ele>188.85043724279836</ele></trkpt>
<trkpt lat="47.455724180033116" lon="17.807524499589825"><ele>189.05147205075446</ele></trkpt>
<trkpt lat="47.45582586407106" lon="17.80740534642531"><ele>189.191688957476</ele></trkpt>
<trkpt lat="47.455920001669554" lon="17.80729500840463"><ele>189.24229166666666</ele></trkpt>
<trkpt lat="47.456014130961016" lon="17.807184668485668"><ele>189.19318587105624</ele></trkpt>
<trkpt lat="47.45611573310663" lon="17.807065499043734"><ele>189.0541726680384</ele></trkpt>
<trkpt lat="47.45622463456444" lon="17.80693749429745"><ele>188.85279835390946</ele></trkpt>
<trkpt lat="47.456332912346255" lon="17.8068094686072"><ele>188.62215106310012</ele></trkpt>
<trkpt lat="47.456432386277854" lon="17.80669022806424"><ele>188.38324759945132</ele></trkpt>
<trkpt lat="47.45652218841517" lon="17.80657974437654"><ele>188.13104166666668</ele></trkpt>
<trkpt lat="47.45660908451359" lon="17.806469165220317"><ele>187.841865569273</ele></trkpt>
<trkpt lat="47.456700444676365" lon="17.80634965792676"><ele>187.49861539780522</ele></trkpt>
<trkpt lat="47.456797136847015" lon="17.806221250815646"><ele>187.11402263374487</ele></trkpt>
<trkpt lat="47.456893205339505" lon="17.806092822829264"><ele>186.72776663237312</ele></trkpt>
<trkpt lat="47.45698243728096" lon="17.805973244618947"><ele>186.37884087791497</ele></trkpt>
<trkpt lat="47.457065006210335" lon="17.80586252195522"><ele>186.07812500000003</ele></trkpt>
<trkpt lat="47.4571475685366" lon="17.805751798733993"><ele>185.80647376543212</ele></trkpt>
<trkpt lat="47.45723673569705" lon="17.805632217264765"><ele>185.53870370370373</ele></trkpt>
<trkpt lat="47.45733250773318" lon="17.805503777456863"><ele>185.2683564814815</ele></trkpt>
<trkpt lat="47.457428279694845" lon="17.805375337180525"><ele>185.01222993827162</ele></trkpt>
<trkpt lat="47.45751744660127" lon="17.805255754433393"><ele>184.79298611111113</ele></trkpt>
<trkpt lat="47.45760000841103" lon="17.805145029306125"><ele>184.62</ele></trkpt>
<trkpt lat="47.45768257004657" lon="17.805034303831654"><ele>184.48432184499313</ele></trkpt>
<trkpt lat="47.45777173646117" lon="17.80491471992876"><ele>184.37000943072704</ele></trkpt>
<trkpt lat="47.457867507696605" lon="17.804786277506306"><ele>184.2670859053498</ele></trkpt>
<trkpt lat="47.457963278858855" lon="17.804657834613728"><ele>184.17622085048015</ele></trkpt>
<trkpt lat="47.45805244502365" lon="17.804538249427196"><ele>184.1030564128944</ele></trkpt>
<trkpt lat="47.45813500615128" lon="17.804427522035056"><ele>184.05104166666666</ele></trkpt>
<trkpt lat="47.458217560681405" lon="17.80431680007787"><ele>184.01799039780522</ele></trkpt>
<trkpt lat="47.45830666207947" lon="17.804197271613454"><ele>183.99759344993143</ele></trkpt>
<trkpt lat="47.458402136799776" lon="17.804069092883278"><ele>183.98128600823048</ele></trkpt>
<trkpt lat="47.458496987825" lon="17.803941475314737"><ele>183.95865826474625</ele></trkpt>
<trkpt lat="47.458583960944026" lon="17.803823862068082"><ele>183.91669410150894</ele></trkpt>
<trkpt lat="47.458662188187716" lon="17.803717034902157"><ele>183.8397916666667</ele></trkpt>
<trkpt lat="47.45873751388119" lon="17.80361281538383"><ele>183.7144667352538</ele></trkpt>
<trkpt lat="47.458816418727885" lon="17.803502416717013"><ele>183.53742884087796</ele></trkpt>
<trkpt lat="47.45889989417531" lon="17.803384810339274"><ele>183.3224742798354</ele></trkpt>
<trkpt lat="47.45898318953506" lon="17.80326687840618"><ele>183.09471279149523</ele></trkpt>
<trkpt lat="47.459061479855805" lon="17.803155369063127"><ele>182.87397290809332</ele></trkpt>
<trkpt lat="47.45913555607507" lon="17.803048891790418"><ele>182.6597916666667</ele></trkpt>
<trkpt lat="47.4592116928158" lon="17.802938287559765"><ele>182.43431412894378</ele></trkpt>
<trkpt lat="47.459295689838946" lon="17.802815297172096"><ele>182.18161436899865</ele></trkpt>
<trkpt lat="47.45938692979131" lon="17.80268115476861"><ele>181.90636831275722</ele></trkpt>
<trkpt lat="47.4594786132737" lon="17.8025461250604"><ele>181.63345078875173</ele></trkpt>
<trkpt lat="47.45956412378592" lon="17.802420107189725"><ele>181.38869684499315</ele></trkpt>
<trkpt lat="47.459643337801985" lon="17.80230334809881"><ele>181.17937500000002</ele></trkpt>
<trkpt lat="47.45972255619763" lon="17.802186579513815"><ele>180.99207733196158</ele></trkpt>
<trkpt lat="47.459808111895974" lon="17.80206046904706"><ele>180.80835219478737</ele></trkpt>
<trkpt lat="47.45990000494304" lon="17.801925016606923"><ele>180.62053755144035</ele></trkpt>
<trkpt lat="47.459991897907074" lon="17.801789563693116"><ele>180.43363768861454</ele></trkpt>
<trkpt lat="47.46007745332211" lon="17.801663451934395"><ele>180.25303412208507</ele></trkpt>
<trkpt lat="47.4601566711417" lon="17.801546681422938"><ele>180.07208333333332</ele></trkpt>
<trkpt lat="47.460235866190736" lon="17.80142995485886"><ele>179.87337191358023</ele></trkpt>
<trkpt lat="47.460321195298285" lon="17.801304284908344"><ele>179.643649691358</ele></trkpt>
<trkpt lat="47.460412048965956" lon="17.801170867514102"><ele>179.38868055555554</ele></trkpt>
<trkpt lat="47.46050071270443" lon="17.801041746524287"><ele>179.1314660493827</ele></trkpt>
<trkpt lat="47.46057856896078" lon="17.800930737850297"><ele>178.89408179012344</ele></trkpt>
<trkpt lat="47.460642569964925" lon="17.800843821843216"><ele>178.67979166666666</ele></trkpt>
<trkpt lat="47.4606967205907" lon="17.8007765990466"><ele>178.4711768930041</ele></trkpt>
<trkpt lat="47.460747527429085" lon="17.800720216226264"><ele>178.24813687242798</ele></trkpt>
<trkpt lat="47.46079954196546" lon="17.800667537659475"><ele>178.00489771604938</ele></trkpt>
<trkpt lat="47.46085392518763" lon="17.80061581439991"><ele>177.75468137860082</ele></trkpt>
<trkpt lat="47.4609124425816" lon="17.800563048859196"><ele>177.50972380658436</ele></trkpt>
<trkpt lat="47.46097846711249" lon="17.800506437106485"><ele>177.270274478738</ele></trkpt>
<trkpt lat="47.461055316015106" lon="17.80044298027596"><ele>177.0252997599451</ele></trkpt>
<trkpt lat="47.46114045874488" lon="17.80037421597804"><ele>176.77500454732512</ele></trkpt>
<trkpt lat="47.461227522496586" lon="17.800304905398413"><ele>176.53152019204393</ele></trkpt>
<trkpt lat="47.46131159674212" lon="17.800239048520694"><ele>176.30789546639235</ele></trkpt>
<trkpt lat="47.46139604166669" lon="17.800174376025055"><ele>176.09812500000004</ele></trkpt>
<trkpt lat="47.46148960219481" lon="17.800104371172928"><ele>175.88188786008232</ele></trkpt>
<trkpt lat="47.46159878000688" lon="17.80002406542149"><ele>175.64159207818932</ele></trkpt>
<trkpt lat="47.461720195473276" lon="17.799936028000985"><ele>175.38029320987656</ele></trkpt>
<trkpt lat="47.46184194358713" lon="17.79984973667865"><ele>175.1194933127572</ele></trkpt>
<trkpt lat="47.461952256515794" lon="17.79977538959504"><ele>174.88090020576132</ele></trkpt>
<trkpt lat="47.462048125000024" lon="17.799717500842117"><ele>174.668125</ele></trkpt>
<trkpt lat="47.462135887345696" lon="17.79967354911734"><ele>174.46583419067218</ele></trkpt>
<trkpt lat="47.462223796296314" lon="17.799638015734633"><ele>174.25666838134433</ele></trkpt>
<trkpt lat="47.4623145601852" lon="17.799606710811315"><ele>174.0385673868313</ele></trkpt>
<trkpt lat="47.46240457561731" lon="17.799578316563764"><ele>173.82653720850482</ele></trkpt>
<trkpt lat="47.46248993055558" lon="17.799552715533313"><ele>173.63808727709193</ele></trkpt>
<trkpt lat="47.46257250000002" lon="17.79952895867609"><ele>173.4779166666667</ele></trkpt>
<trkpt lat="47.46265969307272" lon="17.799504852932344"><ele>173.3356412894376</ele></trkpt>
<trkpt lat="47.46275776577506" lon="17.799478555849127"><ele>173.19765603566532</ele></trkpt>
<trkpt lat="47.462865097736646" lon="17.799450391440626"><ele>173.05988683127575</ele></trkpt>
<trkpt lat="47.46297259602197" lon="17.799422892252995"><ele>172.93043381344307</ele></trkpt>
<trkpt lat="47.4630712362826" lon="17.79939886523834"><ele>172.82082647462278</ele></trkpt>
<trkpt lat="47.46315958333336" lon="17.79937937526638"><ele>172.73625</ele></trkpt>
<trkpt lat="47.46324408864887" lon="17.799363370759554"><ele>172.6725420096022</ele></trkpt>
<trkpt lat="47.46333224365583" lon="17.799349059193204"><ele>172.62078617969823</ele></trkpt>
<trkpt lat="47.46342583076191" lon="17.79933536185049"><ele>172.57211676954734</ele></trkpt>
<trkpt lat="47.46352083162067" lon="17.79932227994347"><ele>172.51854080932787</ele></trkpt>
<trkpt lat="47.46361381087647" lon="17.799310068497384"><ele>172.4500420096022</ele></trkpt>
<trkpt lat="47.463708125012126" lon="17.799298334073555"><ele>172.35229166666667</ele></trkpt>
<trkpt lat="47.46381289354185" lon="17.799285987566783"><ele>172.21084276406037</ele></trkpt>
<trkpt lat="47.46393500003923" lon="17.79927212275676"><ele>172.02099108367625</ele></trkpt>
<trkpt lat="47.464071319502786" lon="17.799256924725515"><ele>171.7970190329218</ele></trkpt>
<trkpt lat="47.46420988433714" lon="17.799241593609956"><ele>171.56797410836762</ele></trkpt>
<trkpt lat="47.46433965287303" lon="17.79922727472662"><ele>171.36081189986282</ele></trkpt>
<trkpt lat="47.46446000010945" lon="17.799214005113683"><ele>171.18416666666667</ele></trkpt>
<trkpt lat="47.46458037049152" lon="17.799200734069952"><ele>171.02777520576132</ele></trkpt>
<trkpt lat="47.46471037050199" lon="17.799186401274994"><ele>170.87790380658436</ele></trkpt>
<trkpt lat="47.464850000141425" lon="17.79917100671189"><ele>170.7339274691358</ele></trkpt>
<trkpt lat="47.4649896297798" lon="17.799155612065828"><ele>170.61365226337446</ele></trkpt>
<trkpt lat="47.46511962978662" lon="17.799141279045354"><ele>170.54465792181068</ele></trkpt>
<trkpt lat="47.46524000016127" lon="17.799128007667395"><ele>170.55270833333333</ele></trkpt>
<trkpt lat="47.465360370533425" lon="17.799114736229814"><ele>170.6513185871056</ele></trkpt>
<trkpt lat="47.46549037053317" lon="17.7991004030095"><ele>170.83710476680386</ele></trkpt>
<trkpt lat="47.4656300001611" lon="17.799085007989525"><ele>171.08914094650208</ele></trkpt>
<trkpt lat="47.465769629787964" lon="17.79906961288659"><ele>171.38225908779148</ele></trkpt>
<trkpt lat="47.46589962978406" lon="17.799055279440744"><ele>171.70823216735252</ele></trkpt>
<trkpt lat="47.466020000148795" lon="17.79904200766892"><ele>172.09187499999996</ele></trkpt>
<trkpt lat="47.466140370511035" lon="17.799028735837464"><ele>172.57668981481478</ele></trkpt>
<trkpt lat="47.46627037050012" lon="17.799014402191762"><ele>173.1853549382716</ele></trkpt>
<trkpt lat="47.46641000011679" lon="17.798999006714862"><ele>173.88307870370372</ele></trkpt>
<trkpt lat="47.466549629732896" lon="17.79898361115494"><ele>174.58604166666666</ele></trkpt>
<trkpt lat="47.4666796297201" lon="17.7989692772835"><ele>175.21258487654322</ele></trkpt>
<trkpt lat="47.46680000007851" lon="17.79895600511739"><ele>175.73375000000001</ele></trkpt>
<trkpt lat="47.466920342144675" lon="17.798942730834376"><ele>176.1782810356653</ele></trkpt>
<trkpt lat="47.467050059209875" lon="17.798928376192336"><ele>176.59153892318244</ele></trkpt>
<trkpt lat="47.46718838738541" lon="17.79891288563561"><ele>176.99294495884774</ele></trkpt>
<trkpt lat="47.46732397122003" lon="17.798897195467855"><ele>177.36532750342934</ele></trkpt>
<trkpt lat="47.46744432357548" lon="17.798882159737374"><ele>177.67954646776408</ele></trkpt>
<trkpt lat="47.467545625008206" lon="17.798867500770204"><ele>177.92270833333333</ele></trkpt>
<trkpt lat="47.46763472084729" lon="17.798851748510625"><ele>178.1080073319616</ele></trkpt>
<trkpt lat="47.46772141539232" lon="17.798833405311402"><ele>178.2600834293553</ele></trkpt>
<trkpt lat="47.4678107547535" lon="17.798811879236403"><ele>178.39830681069958</ele></trkpt>
<trkpt lat="47.46790023816882" lon="17.798787400577663"><ele>178.52864879972566</ele></trkpt>
<trkpt lat="47.467986754176984" lon="17.798759145905695"><ele>178.65289251714677</ele></trkpt>
<trkpt lat="47.4680712251852" lon="17.798724896715367"><ele>178.77535851851852</ele></trkpt>
<trkpt lat="47.46815837925928" lon="17.79868269533617"><ele>178.90295703703705</ele></trkpt>
<trkpt lat="47.46824890222224" lon="17.798634156127676"><ele>179.03383555555558</ele></trkpt>
<trkpt lat="47.46833755703706" lon="17.798584179791355"><ele>179.15422370370374</ele></trkpt>
<trkpt lat="47.46841833629632" lon="17.798537074520414"><ele>179.2460251851852</ele></trkpt>
<trkpt lat="47.468491542152805" lon="17.79849274214994"><ele>179.29937976851852</ele></trkpt>
<trkpt lat="47.46856283923613" lon="17.798447756406215"><ele>179.31768634259262</ele></trkpt>
<trkpt lat="47.46863683604168" lon="17.798399305682587"><ele>179.3128301388889</ele></trkpt>
<trkpt lat="47.46871357722224" lon="17.798346997271132"><ele>179.29855037037038</ele></trkpt>
<trkpt lat="47.46879204006946" lon="17.79829063317788"><ele>179.28458775462963</ele></trkpt>
<trkpt lat="47.46887228298613" lon="17.798229497020923"><ele>179.27460937499998</ele></trkpt>
<trkpt lat="47.468954010416695" lon="17.798164010935114"><ele>179.26554687499998</ele></trkpt>
<trkpt lat="47.46903405381947" lon="17.798096840774758"><ele>179.24890625</ele></trkpt>
<trkpt lat="47.469109056643546" lon="17.798030439251413"><ele>179.2153096759259</ele></trkpt>
<trkpt lat="47.46917853314816" lon="17.79796483691685"><ele>179.16053074074074</ele></trkpt>
<trkpt lat="47.46924353076391" lon="17.79789962640729"><ele>179.09166715277777</ele></trkpt>
<trkpt lat="47.46930474155095" lon="17.797834788180523"><ele>179.02387164351853</ele></trkpt>
<trkpt lat="47.4693634809491" lon="17.797768656670662"><ele>178.97278641203704</ele></trkpt>
<trkpt lat="47.46942417703729" lon="17.797695529551618"><ele>178.9456637037037</ele></trkpt>
<trkpt lat="47.469491685187734" lon="17.79760978752424"><ele>178.94214074074077</ele></trkpt>
<trkpt lat="47.469566224457566" lon="17.79751221433963"><ele>178.9600311111111</ele></trkpt>
<trkpt lat="47.4696428474534" lon="17.797409898885675"><ele>179.00350074074075</ele></trkpt>
<trkpt lat="47.469717466050255" lon="17.797307974661315"><ele>179.08726370370374</ele></trkpt>
<trkpt lat="47.469791505457266" lon="17.79720385222538"><ele>179.23065185185186</ele></trkpt>
<trkpt lat="47.46986965753223" lon="17.797091010093787"><ele>179.44343703703703</ele></trkpt>
<trkpt lat="47.46995279631796" lon="17.796969074693813"><ele>179.71315555555557</ele></trkpt>
<trkpt lat="47.47003643804439" lon="17.796845558336504"><ele>180.01377037037037</ele></trkpt>
<trkpt lat="47.470116306339584" lon="17.796727321638084"><ele>180.3319851851852</ele></trkpt>
<trkpt lat="47.47019318460305" lon="17.796613433152203"><ele>180.67771807270236</ele></trkpt>
<trkpt lat="47.47027133892949" lon="17.796497614623675"><ele>181.0681259602195</ele></trkpt>
<trkpt lat="47.470351307246474" lon="17.79637898655433"><ele>181.4931894032922</ele></trkpt>
<trkpt lat="47.47042941987555" lon="17.79626277952058"><ele>181.92065898491086</ele></trkpt>
<trkpt lat="47.47050184499659" lon="17.796154329196668"><ele>182.32261313443075</ele></trkpt>
<trkpt lat="47.470570937944835" lon="17.796049690075773"><ele>182.7097916666667</ele></trkpt>
<trkpt lat="47.470643574434106" lon="17.79593827364822"><ele>183.1200248628258</ele></trkpt>
<trkpt lat="47.470725505056166" lon="17.795811475774258"><ele>183.58418552812074</ele></trkpt>
<trkpt lat="47.470815514471184" lon="17.795671552992328"><ele>184.0911394032922</ele></trkpt>
<trkpt lat="47.47090639707609" lon="17.79553000825956"><ele>184.59152349108368</ele></trkpt>
<trkpt lat="47.470991307346054" lon="17.79539767603683"><ele>185.03326560356655</ele></trkpt>
<trkpt lat="47.47107000215271" lon="17.79527500775308"><ele>185.39791666666667</ele></trkpt>
<trkpt lat="47.471148704036594" lon="17.795152345103734"><ele>185.7059799382716</ele></trkpt>
<trkpt lat="47.47123368659794" lon="17.79502007169899"><ele>185.98965277777782</ele></trkpt>
<trkpt lat="47.4713249036097" lon="17.79487880091515"><ele>186.26400462962968</ele></trkpt>
<trkpt lat="47.4714159542751" lon="17.79473973359119"><ele>186.51964506172843</ele></trkpt>
<trkpt lat="47.471500369200996" lon="17.794614979557085"><ele>186.73946759259263</ele></trkpt>
<trkpt lat="47.47157791694994" lon="17.79450760629546"><ele>186.91770833333337</ele></trkpt>
<trkpt lat="47.47165467176537" lon="17.794410519875782"><ele>187.06516460905354</ele></trkpt>
<trkpt lat="47.471736743016464" lon="17.794314610502894"><ele>187.1978060699589</ele></trkpt>
<trkpt lat="47.47182387604212" lon="17.794217273745225"><ele>187.3235493827161</ele></trkpt>
<trkpt lat="47.47190909636747" lon="17.79412380392067"><ele>187.43831532921817</ele></trkpt>
<trkpt lat="47.47198464077528" lon="17.79404109017917"><ele>187.53349794238687</ele></trkpt>
<trkpt lat="47.47204812500002" lon="17.79397083402463"><ele>187.60479166666667</ele></trkpt>
<trkpt lat="47.47210385373802" lon="17.793907928735184"><ele>187.6555635048011</ele></trkpt>
<trkpt lat="47.47215815006861" lon="17.79384562897369"><ele>187.6924760219479</ele></trkpt>
<trkpt lat="47.47221479269551" lon="17.793780850969167"><ele>187.71974940329218</ele></trkpt>
<trkpt lat="47.47227358741429" lon="17.79371608746426"><ele>187.73530003429357</ele></trkpt>
<trkpt lat="47.47233481052815" lon="17.793654328660587"><ele>187.73201659122088</ele></trkpt>
<trkpt lat="47.47240041906734" lon="17.793596142883832"><ele>187.7032772832308</ele></trkpt>
<trkpt lat="47.47247304783568" lon="17.793539109787265"><ele>187.64884258719363</ele></trkpt>
<trkpt lat="47.472550172551" lon="17.793483051276972"><ele>187.57823915775836</ele></trkpt>
<trkpt lat="47.47262661346208" lon="17.7934296176057"><ele>187.50485283662672</ele></trkpt>
<trkpt lat="47.47269833446252" lon="17.7933805571689"><ele>187.43942836842675</ele></trkpt>
<trkpt lat="47.4727683096392" lon="17.79333353258602"><ele>187.384139941691</ele></trkpt>
<trkpt lat="47.47284450392932" lon="17.79328318204668"><ele>187.3352478134111</ele></trkpt>
<trkpt lat="47.472935727254296" lon="17.79322363576735"><ele>187.28680919987045</ele></trkpt>
<trkpt lat="47.47304555758149" lon="17.793152426995515"><ele>187.23534499514093</ele></trkpt>
<trkpt lat="47.47316893812467" lon="17.793072679292322"><ele>187.1818464528669</ele></trkpt>
<trkpt lat="47.473294285494106" lon="17.792991761967308"><ele>187.13149011985746</ele></trkpt>
<trkpt lat="47.473410827362414" lon="17.792916562302498"><ele>187.09074829931973</ele></trkpt>
<trkpt lat="47.473515696811795" lon="17.792848902275168"><ele>187.064110787172</ele></trkpt>
<trkpt lat="47.47361543218726" lon="17.79278455535352"><ele>187.0528279883382</ele></trkpt>
<trkpt lat="47.47372032177791" lon="17.792716882747072"><ele>187.05572508368428</ele></trkpt>
<trkpt lat="47.473837066160044" lon="17.792641561322156"><ele>187.06996652629306</ele></trkpt>
<trkpt lat="47.47396334592299" lon="17.792560087438577"><ele>187.0913540654357</ele></trkpt>
<trkpt lat="47.474089625661954" lon="17.792478613162228"><ele>187.1150458913724</ele></trkpt>
<trkpt lat="47.47420636996221" lon="17.79240329067602"><ele>187.1371504157218</ele></trkpt>
<trkpt lat="47.47431125938642" lon="17.79233561654553"><ele>187.1560349854227</ele></trkpt>
<trkpt lat="47.47441099447472" lon="17.792271267675517"><ele>187.172332361516</ele></trkpt>
<trkpt lat="47.47451588376337" lon="17.792203593020016"><ele>187.18771730914588</ele></trkpt>
<trkpt lat="47.47463262780935" lon="17.79212826931444"><ele>187.20366915019974</ele></trkpt>
<trkpt lat="47.47475890720872" lon="17.79204679296389"><ele>187.22080012957562</ele></trkpt>
<trkpt lat="47.474885186584075" lon="17.791965316220562"><ele>187.2392927329662</ele></trkpt>
<trkpt lat="47.47500193054819" lon="17.791889991453633"><ele>187.25989094050317</ele></trkpt>
<trkpt lat="47.47510681967037" lon="17.791822315273993"><ele>187.28472303207</ele></trkpt>
<trkpt lat="47.47520655447149" lon="17.79175796445553"><ele>187.31731778425657</ele></trkpt>
<trkpt lat="47.47531144345812" lon="17.791690287750868"><ele>187.36108303638918</ele></trkpt>
<trkpt lat="47.47542818716796" lon="17.7916149617645"><ele>187.4171806500378</ele></trkpt>
<trkpt lat="47.4755544662037" lon="17.791533482946853"><ele>187.48301587301592</ele></trkpt>
<trkpt lat="47.47568074521544" lon="17.791452003736406"><ele>187.55398337112626</ele></trkpt>
<trkpt lat="47.47579748884341" lon="17.791376676688625"><ele>187.6275942122881</ele></trkpt>
<trkpt lat="47.47590237766356" lon="17.791308998459733"><ele>187.70696793002918</ele></trkpt>
<trkpt lat="47.47600211217749" lon="17.791244645692704"><ele>187.80099125364433</ele></trkpt>
<trkpt lat="47.47610700086207" lon="17.79117696693875"><ele>187.91933052586117</ele></trkpt>
<trkpt lat="47.47622374423573" lon="17.791101638671467"><ele>188.06531800021597</ele></trkpt>
<trkpt lat="47.476350022907845" lon="17.79102015738659"><ele>188.23006154842892</ele></trkpt>
<trkpt lat="47.47647630155596" lon="17.79093867570888"><ele>188.39490983695066</ele></trkpt>
<trkpt lat="47.476593044847725" lon="17.790863346380124"><ele>188.54125472411187</ele></trkpt>
<trkpt lat="47.476697933365834" lon="17.790795666101868"><ele>188.66032069970848</ele></trkpt>
<trkpt lat="47.47679766759255" lon="17.79073131138617"><ele>188.75559766763848</ele></trkpt>
<trkpt lat="47.476902555975094" lon="17.790663630582827"><ele>188.8368367346939</ele></trkpt>
<trkpt lat="47.47701929901256" lon="17.790588300034507"><ele>188.91257693553612</ele></trkpt>
<trkpt lat="47.47714557732101" lon="17.79050681628225"><ele>188.98455296404273</ele></trkpt>
<trkpt lat="47.477271855605466" lon="17.790425332137147"><ele>189.04725947521865</ele></trkpt>
<trkpt lat="47.47738859856103" lon="17.7903500005273"><ele>189.09136864269516</ele></trkpt>
<trkpt lat="47.477493486777085" lon="17.79028231819956"><ele>189.1082944606414</ele></trkpt>
<trkpt lat="47.47759322071659" lon="17.790217961535074"><ele>189.09262390670554</ele></trkpt>
<trkpt lat="47.47769810879705" lon="17.79015027868222"><ele>189.04274700356333</ele></trkpt>
<trkpt lat="47.477814851498295" lon="17.790074945852737"><ele>188.96204891480403</ele></trkpt>
<trkpt lat="47.47794112944306" lon="17.789993459632978"><ele>188.8601068999028</ele></trkpt>
<trkpt lat="47.47806740736383" lon="17.789911973020338"><ele>188.7498380304503</ele></trkpt>
<trkpt lat="47.47818414998318" lon="17.789836639129252"><ele>188.64072562358277</ele></trkpt>
<trkpt lat="47.47828903789714" lon="17.789768954751924"><ele>188.53307580174928</ele></trkpt>
<trkpt lat="47.4783887715494" lon="17.789704596138552"><ele>188.41774052478135</ele></trkpt>
<trkpt lat="47.47849365932778" lon="17.789636911236084"><ele>188.2828954756506</ele></trkpt>
<trkpt lat="47.47861040169278" lon="17.789561576125315"><ele>188.12296458265845</ele></trkpt>
<trkpt lat="47.47873667927379" lon="17.78948008743795"><ele>187.94561548428896</ele></trkpt>
<trkpt lat="47.47886295683067" lon="17.78939859835777"><ele>187.76931378900764</ele></trkpt>
<trkpt lat="47.47897969911333" lon="17.789323262185622"><ele>187.61295702407946</ele></trkpt>
<trkpt lat="47.47908458672432" lon="17.78925557575915"><ele>187.48537900874635</ele></trkpt>
<trkpt lat="47.4791843200878" lon="17.789191215197757"><ele>187.38258017492714</ele></trkpt>
<trkpt lat="47.47928920801856" lon="17.78912352778507"><ele>187.29396663427275</ele></trkpt>
<trkpt lat="47.4794059546121" lon="17.789048185775165"><ele>187.2099757045675</ele></trkpt>
<trkpt lat="47.479532252838126" lon="17.788966673371515"><ele>187.1274003887269</ele></trkpt>
<trkpt lat="47.47965859534865" lon="17.788885115763232"><ele>187.04890994493033</ele></trkpt>
<trkpt lat="47.479775493057346" lon="17.788809619776973"><ele>186.97885811467444</ele></trkpt>
<trkpt lat="47.479880688240335" lon="17.788741619927574"><ele>186.91858600583092</ele></trkpt>
<trkpt lat="47.479980951648166" lon="17.78867672105713"><ele>186.86467930029156</ele></trkpt>
<trkpt lat="47.48008664642378" lon="17.78860821526958"><ele>186.81156840513984</ele></trkpt>
<trkpt lat="47.4802044739024" lon="17.78853177745618"><ele>186.75544163697228</ele></trkpt>
<trkpt lat="47.48033202839348" lon="17.788448991650423"><ele>186.69752348558472</ele></trkpt>
<trkpt lat="47.4804596271688" lon="17.78836616062868"><ele>186.6438996868589</ele></trkpt>
<trkpt lat="47.48057760576161" lon="17.788289568808693"><ele>186.60242684375336</ele></trkpt>
<trkpt lat="47.480683607787526" lon="17.788220750542525"><ele>186.57911078717203</ele></trkpt>
<trkpt lat="47.480784401236384" lon="17.78815531331347"><ele>186.57660349854228</ele></trkpt>
<trkpt lat="47.480890403578925" lon="17.78808649404564"><ele>186.59465554475761</ele></trkpt>
<trkpt lat="47.48100838647674" lon="17.78800989635236"><ele>186.6303557931109</ele></trkpt>
<trkpt lat="47.4811360059134" lon="17.78792704194717"><ele>186.67807742144478</ele></trkpt>
<trkpt lat="47.48126362532525" lon="17.787844187138212"><ele>186.73103606521977</ele></trkpt>
<trkpt lat="47.48138160813839" lon="17.787767588353923"><ele>186.7846069538927</ele></trkpt>
<trkpt lat="47.4814876103088" lon="17.787698767519373"><ele>186.83899416909622</ele></trkpt>
<trkpt lat="47.48158840346069" lon="17.78763332828743"><ele>186.89916909620993</ele></trkpt>
<trkpt lat="47.48169440549091" lon="17.787564506913192"><ele>186.97126552208186</ele></trkpt>
<trkpt lat="47.481812388041114" lon="17.78748790687542"><ele>187.0577108303639</ele></trkpt>
<trkpt lat="47.48194000710176" lon="17.78740504993421"><ele>187.1531843213476</ele></trkpt>
<trkpt lat="47.48206762613761" lon="17.78732219258921"><ele>187.24556797322109</ele></trkpt>
<trkpt lat="47.48218560860313" lon="17.787245591460362"><ele>187.32146960371452</ele></trkpt>
<trkpt lat="47.48229161046121" lon="17.787176768519313"><ele>187.3721282798834</ele></trkpt>
<trkpt lat="47.482392403316126" lon="17.78711132728437"><ele>187.39532069970846</ele></trkpt>
<trkpt lat="47.482498405034015" lon="17.787042503803608"><ele>187.39344509232268</ele></trkpt>
<trkpt lat="47.48261638723656" lon="17.786965901421205"><ele>187.37184969225788</ele></trkpt>
<trkpt lat="47.48274400592113" lon="17.78688304194387"><ele>187.3382458697765</ele></trkpt>
<trkpt lat="47.48287162458078" lon="17.786800182062795"><ele>187.3016569484937</ele></trkpt>
<trkpt lat="47.48298960669832" lon="17.786723578589474"><ele>187.26987528344674</ele></trkpt>
<trkpt lat="47.48309560824336" lon="17.786654753542255"><ele>187.24728862973762</ele></trkpt>
<trkpt lat="47.48319640080009" lon="17.786589310304972"><ele>187.23475218658893</ele></trkpt>
<trkpt lat="47.48330238795088" lon="17.78652049238745"><ele>187.23103660511825</ele></trkpt>
<trkpt lat="47.48342022727399" lon="17.786443964349424"><ele>187.23413346290897</ele></trkpt>
<trkpt lat="47.48354718994464" lon="17.7863614551026"><ele>187.24203109815357</ele></trkpt>
<trkpt lat="47.4836727700556" lon="17.78627968933279"><ele>187.25338516358926</ele></trkpt>
<trkpt lat="47.48378589157193" lon="17.786205698609294"><ele>187.26827664399093</ele></trkpt>
<trkpt lat="47.48388228632405" lon="17.786142040316694"><ele>187.28854227405247</ele></trkpt>
<trkpt lat="47.483966530924064" lon="17.786085498748164"><ele>187.31737609329446</ele></trkpt>
<trkpt lat="47.484047875202165" lon="17.786029845068636"><ele>187.35785144142903</ele></trkpt>
<trkpt lat="47.4841339998974" lon="17.785970012952127"><ele>187.40887386421352</ele></trkpt>
<trkpt lat="47.48422673576606" lon="17.78590494848921"><ele>187.46002865211338</ele></trkpt>
<trkpt lat="47.484321890215426" lon="17.78583765001194"><ele>187.48751536711097</ele></trkpt>
<trkpt lat="47.48441523918179" lon="17.78577091873589"><ele>187.4570114493475</ele></trkpt>
<trkpt lat="47.48450809987822" lon="17.785703470048677"><ele>187.329375</ele></trkpt>
<trkpt lat="47.48460820725482" lon="17.785629508158745"><ele>187.07527692043894</ele></trkpt>
<trkpt lat="47.48472208717425" lon="17.785544364952063"><ele>186.69101680384088</ele></trkpt>
<trkpt lat="47.4848477285331" lon="17.785449876972134"><ele>186.2103215020576</ele></trkpt>
<trkpt lat="47.4849748148818" lon="17.785354068841738"><ele>185.6876294581619</ele></trkpt>
<trkpt lat="47.48509362564295" lon="17.78526442112596"><ele>185.16006087105626</ele></trkpt>
<trkpt lat="47.485203758567835" lon="17.785181301251384"><ele>184.61458333333334</ele></trkpt>
<trkpt lat="47.48531390629175" lon="17.78509816742398"><ele>184.00000600137176</ele></trkpt>
<trkpt lat="47.48543286574796" lon="17.785008382499253"><ele>183.27863082990396</ele></trkpt>
<trkpt lat="47.48556063695982" lon="17.784911946385822"><ele>182.4753420781893</ele></trkpt>
<trkpt lat="47.48568840812971" lon="17.78481550980222"><ele>181.6726354595336</ele></trkpt>
<trkpt lat="47.48580736744272" lon="17.78472572359522"><ele>180.95324674211247</ele></trkpt>
<trkpt lat="47.48591751487548" lon="17.784642587856194"><ele>180.34270833333332</ele></trkpt>
<trkpt lat="47.486027662210034" lon="17.784559451769514"><ele>179.80371141975309</ele></trkpt>
<trkpt lat="47.48614662124572" lon="17.784469664404753"><ele>179.28299382716048</ele></trkpt>
<trkpt lat="47.4862743920059" lon="17.784373225670517"><ele>178.7592361111111</ele></trkpt>
<trkpt lat="47.48640216272413" lon="17.78427678646609"><ele>178.2511959876543</ele></trkpt>
<trkpt lat="47.48652112161662" lon="17.78418699781898"><ele>177.784112654321</ele></trkpt>
<trkpt lat="47.48663126865999" lon="17.784103859820593"><ele>177.35416666666666</ele></trkpt>
<trkpt lat="47.48674141560517" lon="17.784020721474526"><ele>176.9259456447188</ele></trkpt>
<trkpt lat="47.48686037422032" lon="17.78393093166961"><ele>176.46493912894377</ele></trkpt>
<trkpt lat="47.48698814452881" lon="17.783834490314444"><ele>175.97112397119344</ele></trkpt>
<trkpt lat="47.48711591479534" lon="17.783738048489063"><ele>175.4792215363512</ele></trkpt>
<trkpt lat="47.48723487326728" lon="17.783648257401733"><ele>175.0247419410151</ele></trkpt>
<trkpt lat="47.48734501992127" lon="17.783565117143866"><ele>174.6097916666667</ele></trkpt>
<trkpt lat="47.48745516647703" lon="17.783481976538297"><ele>174.2023516803841</ele></trkpt>
<trkpt lat="47.48757412467162" lon="17.783392184293106"><ele>173.76990397805216</ele></trkpt>
<trkpt lat="47.48770189452839" lon="17.78329574031688"><ele>173.3141383744856</ele></trkpt>
<trkpt lat="47.4878296643432" lon="17.783199295870418"><ele>172.87392403978052</ele></trkpt>
<trkpt lat="47.48794862239457" lon="17.78310950234275"><ele>172.4945430384088</ele></trkpt>
<trkpt lat="47.48805876865915" lon="17.78302635982529"><ele>172.195</ele></trkpt>
<trkpt lat="47.488168914825486" lon="17.782943216960117"><ele>171.9605024005487</ele></trkpt>
<trkpt lat="47.488287872599514" lon="17.782853422274535"><ele>171.76231652949244</ele></trkpt>
<trkpt lat="47.48841564200455" lon="17.782756975677124"><ele>171.57900720164608</ele></trkpt>
<trkpt lat="47.488543411367615" lon="17.782660528609448"><ele>171.40251714677638</ele></trkpt>
<trkpt lat="47.48866236899839" lon="17.78257073264132"><ele>171.2276011659808</ele></trkpt>
<trkpt lat="47.48877251487351" lon="17.782487587864164"><ele>171.04041666666666</ele></trkpt>
<trkpt lat="47.488882660650425" lon="17.78240444273928"><ele>170.82015432098763</ele></trkpt>
<trkpt lat="47.48900161800384" lon="17.782314645613177"><ele>170.55467592592592</ele></trkpt>
<trkpt lat="47.489129386957146" lon="17.78221819639443"><ele>170.25675925925927</ele></trkpt>
<trkpt lat="47.489257155868515" lon="17.782121746705368"><ele>169.96183641975307</ele></trkpt>
<trkpt lat="47.48937611307887" lon="17.78203194829653"><ele>169.70657407407404</ele></trkpt>
<trkpt lat="47.489486258564874" lon="17.781948801259304"><ele>169.5070833333333</ele></trkpt>
<trkpt lat="47.4895963847709" lon="17.781865674347983"><ele>169.35477023319618</ele></trkpt>
<trkpt lat="47.48971514988465" lon="17.781776079519734"><ele>169.23051268861457</ele></trkpt>
<trkpt lat="47.489842036015915" lon="17.7816805694831"><ele>169.11949588477367</ele></trkpt>
<trkpt lat="47.48996706145291" lon="17.781587044968667"><ele>169.01612997256518</ele></trkpt>
<trkpt lat="47.49007947718724" lon="17.781504225818043"><ele>168.91798010973937</ele></trkpt>
<trkpt lat="47.49017669362784" lon="17.781434876178814"><ele>168.81875</ele></trkpt>
<trkpt lat="47.49026525643225" lon="17.781374783225587"><ele>168.70806927297667</ele></trkpt>
<trkpt lat="47.49035363141019" lon="17.78131782748439"><ele>168.57920953360767</ele></trkpt>
<trkpt lat="47.49044485954799" lon="17.781261314398837"><ele>168.43754115226335</ele></trkpt>
<trkpt lat="47.49053584867095" lon="17.781207036706526"><ele>168.3001971879287</ele></trkpt>
<trkpt lat="47.49062340804151" lon="17.781157709065123"><ele>168.18609396433473</ele></trkpt>
<trkpt lat="47.4907103125264" lon="17.781113126033844"><ele>168.10541666666668</ele></trkpt>
<trkpt lat="47.49080475442324" lon="17.78106972626071"><ele>168.05652520576132</ele></trkpt>
<trkpt lat="47.490913220249794" lon="17.78102384981588"><ele>168.03123713991772</ele></trkpt>
<trkpt lat="47.491033453057526" lon="17.780975149313335"><ele>168.02101080246916</ele></trkpt>
<trkpt lat="47.49115530751952" lon="17.780926698150495"><ele>168.02101337448562</ele></trkpt>
<trkpt lat="47.491269307032304" lon="17.780881672703"><ele>168.03063014403293</ele></trkpt>
<trkpt lat="47.491375000200534" lon="17.780840003547898"><ele>168.05270833333336</ele></trkpt>
<trkpt lat="47.491480715639995" lon="17.780798328224655"><ele>168.09063185871057</ele></trkpt>
<trkpt lat="47.49159493800649" lon="17.780753242221554"><ele>168.1441803840878</ele></trkpt>
<trkpt lat="47.49171781776947" lon="17.78070451404311"><ele>168.2055529835391</ele></trkpt>
<trkpt lat="47.49184123808244" lon="17.780654954123744"><ele>168.2593578532236</ele></trkpt>
<trkpt lat="47.49195730500624" lon="17.78060703006218"><ele>168.2870824759945</ele></trkpt>
<trkpt lat="47.492066770859736" lon="17.78055958462575"><ele>168.27249999999998</ele></trkpt>
<trkpt lat="47.49217869985745" lon="17.780508291722864"><ele>168.20685442386832</ele></trkpt>
<trkpt lat="47.492301242288306" lon="17.780449823034992"><ele>168.09265174897118</ele></trkpt>
<trkpt lat="47.49243214120496" lon="17.780386076493087"><ele>167.94662808641974</ele></trkpt>
<trkpt lat="47.49255817515458" lon="17.780324159304527"><ele>167.79486625514403</ele></trkpt>
<trkpt lat="47.49266411651238" lon="17.780271933313767"><ele>167.66108281893003</ele></trkpt>
<trkpt lat="47.492742291666694" lon="17.780233333854305"><ele>167.555625</ele></trkpt>
<trkpt lat="47.4927954757682" lon="17.780207003804133"><ele>167.4738171947874</ele></trkpt>
<trkpt lat="47.492832225733906" lon="17.78018850819431"><ele>167.40299624142665</ele></trkpt>
<trkpt lat="47.492862026193436" lon="17.78017244256509"><ele>167.32765417695475</ele></trkpt>
<trkpt lat="47.49289313048698" lon="17.780153096873043"><ele>167.22901210562418</ele></trkpt>
<trkpt lat="47.49293418070646" lon="17.780123482907097"><ele>167.0791147256516</ele></trkpt>
<trkpt lat="47.49299267546642" lon="17.780077261692224"><ele>166.8500209053498</ele></trkpt>
<trkpt lat="47.49307168000688" lon="17.78001207631435"><ele>166.53106008230452</ele></trkpt>
<trkpt lat="47.49316488676956" lon="17.77993355425535"><ele>166.15020641975306</ele></trkpt>
<trkpt lat="47.49326054216736" lon="17.779851643818358"><ele>165.75785218106995</ele></trkpt>
<trkpt lat="47.49334867670099" lon="17.779774241070864"><ele>165.39646041152264</ele></trkpt>
<trkpt lat="47.49342895833336" lon="17.779700625993815"><ele>165.06833333333333</ele></trkpt>
<trkpt lat="47.49350825258989" lon="17.77962401525914"><ele>164.74581532921812</ele></trkpt>
<trkpt lat="47.49359367200707" lon="17.779538099816097"><ele>164.4002031893004</ele></trkpt>
<trkpt lat="47.49368567540019" lon="17.779443344815625"><ele>164.03073302469133</ele></trkpt>
<trkpt lat="47.49377882815846" lon="17.779345770560532"><ele>163.66251028806585</ele></trkpt>
<trkpt lat="47.49386816963619" lon="17.779250234989835"><ele>163.32115483539096</ele></trkpt>
<trkpt lat="47.493955438354206" lon="17.7791540647531"><ele>163.00729166666667</ele></trkpt>
<trkpt lat="47.49404844953632" lon="17.77904823811114"><ele>162.696240569273</ele></trkpt>
<trkpt lat="47.49415381799416" lon="17.778925685712412"><ele>162.36345336076818</ele></trkpt>
<trkpt lat="47.49426982834281" lon="17.778789289093602"><ele>162.01061985596706</ele></trkpt>
<trkpt lat="47.49438707117464" lon="17.77865082129081"><ele>161.66734996570645</ele></trkpt>
<trkpt lat="47.49449664532247" lon="17.77852120168896"><ele>161.3671973593964</ele></trkpt>
<trkpt lat="47.49459820765069" lon="17.778401006752226"><ele>161.1225</ele></trkpt>
<trkpt lat="47.494699782480474" lon="17.778280790005002"><ele>160.919627914952</ele></trkpt>
<trkpt lat="47.494809483117606" lon="17.778150955396047"><ele>160.73606138545958</ele></trkpt>
<trkpt lat="47.494927309610944" lon="17.778011502803906"><ele>160.55842078189303</ele></trkpt>
<trkpt lat="47.49504513601652" lon="17.77787204958507"><ele>160.38660150891636</ele></trkpt>
<trkpt lat="47.49515483635424" lon="17.777742213266567"><ele>160.22289951989026</ele></trkpt>
<trkpt lat="47.49525641057521" lon="17.777621993969817"><ele>160.0604166666667</ele></trkpt>
<trkpt lat="47.49535798459083" lon="17.777501774208837"><ele>159.8831832990398</ele></trkpt>
<trkpt lat="47.495467684348654" lon="17.777371936345"><ele>159.67811814128947</ele></trkpt>
<trkpt lat="47.49558550989754" lon="17.777232480256856"><ele>159.4464480452675</ele></trkpt>
<trkpt lat="47.495703335358655" lon="17.77709302354199"><ele>159.20022462277092</ele></trkpt>
<trkpt lat="47.49581303481703" lon="17.776963183968533"><ele>158.94549811385457</ele></trkpt>
<trkpt lat="47.49591460822381" lon="17.776842961657927"><ele>158.66729166666664</ele></trkpt>
<trkpt lat="47.49601618142521" lon="17.776722738883073"><ele>158.33579132373112</ele></trkpt>
<trkpt lat="47.49612588030369" lon="17.77659289776423"><ele>157.93079561042524</ele></trkpt>
<trkpt lat="47.49624370490806" lon="17.776453438179935"><ele>157.46353137860083</ele></trkpt>
<trkpt lat="47.49636152942469" lon="17.776313977968897"><ele>156.96824159807957</ele></trkpt>
<trkpt lat="47.4964712280037" lon="17.776184135140358"><ele>156.46761231138547</ele></trkpt>
<trkpt lat="47.49657280059624" lon="17.77606390981577"><ele>155.94166666666666</ele></trkpt>
<trkpt lat="47.49667437298341" lon="17.775943684026917"><ele>155.33834104938273</ele></trkpt>
<trkpt lat="47.49678407098248" lon="17.775813839652926"><ele>154.6225540123457</ele></trkpt>
<trkpt lat="47.49690189464231" lon="17.77567437657235"><ele>153.82395833333334</ele></trkpt>
<trkpt lat="47.49701971821438" lon="17.775534912864995"><ele>153.03209876543212</ele></trkpt>
<trkpt lat="47.497129415913975" lon="17.775405066781246"><ele>152.33929783950617</ele></trkpt>
<trkpt lat="47.497230987692234" lon="17.775284838442555"><ele>151.78270833333332</ele></trkpt>
<trkpt lat="47.49733255926511" lon="17.77516460963958"><ele>151.3351646090535</ele></trkpt>
<trkpt lat="47.497442256384744" lon="17.775034762010325"><ele>150.94792952674896</ele></trkpt>
<trkpt lat="47.4975600791" lon="17.77489529543332"><ele>150.59725308641976</ele></trkpt>
<trkpt lat="47.49767790172747" lon="17.77475582822952"><ele>150.30146347736627</ele></trkpt>
<trkpt lat="47.497787598547625" lon="17.77462597889043"><ele>150.10152263374488</ele></trkpt>
<trkpt lat="47.49788916951157" lon="17.774505747537514"><ele>150.0347916666667</ele></trkpt>
<trkpt lat="47.497990740270126" lon="17.774385515720294"><ele>150.11511488340196</ele></trkpt>
<trkpt lat="47.49810043651028" lon="17.774255664835636"><ele>150.32708933470508</ele></trkpt>
<trkpt lat="47.49821825828089" lon="17.774116194762062"><ele>150.62534465020576</ele></trkpt>
<trkpt lat="47.498336079963735" lon="17.77397672406166"><ele>150.9497127914952</ele></trkpt>
<trkpt lat="47.49844577590438" lon="17.77384687146711"><ele>151.25079389574762</ele></trkpt>
<trkpt lat="47.49854734605397" lon="17.773726637099845"><ele>151.5122916666667</ele></trkpt>
<trkpt lat="47.49864891599815" lon="17.773606402268264"><ele>151.748850308642</ele></trkpt>
<trkpt lat="47.49875861135878" lon="17.77347654812807"><ele>151.9820987654321</ele></trkpt>
<trkpt lat="47.498876432184716" lon="17.773337074557794"><ele>152.21752314814816</ele></trkpt>
<trkpt lat="47.49899425292288" lon="17.77319760036066"><ele>152.4402237654321</ele></trkpt>
<trkpt lat="47.49910394798398" lon="17.773067744510502"><ele>152.63005401234568</ele></trkpt>
<trkpt lat="47.49920551731919" lon="17.772947507128773"><ele>152.77833333333334</ele></trkpt>
<trkpt lat="47.49930708644895" lon="17.77282726928271"><ele>152.8923825445816</ele></trkpt>
<trkpt lat="47.49941678093002" lon="17.772697411886863"><ele>152.9857141632373</ele></trkpt>
<trkpt lat="47.499534600811224" lon="17.77255793481973"><ele>153.06654578189298</ele></trkpt>
<trkpt lat="47.49965242060465" lon="17.772418457125717"><ele>153.1329903978052</ele></trkpt>
<trkpt lat="47.499762114786186" lon="17.77228859801982"><ele>153.17722822359397</ele></trkpt>
<trkpt lat="47.49986368330694" lon="17.772168357623503"><ele>153.19145833333334</ele></trkpt>
<trkpt lat="47.49996525162228" lon="17.772048116762836"><ele>153.17253086419754</ele></trkpt>
<trkpt lat="47.500074945223716" lon="17.771918256111192"><ele>153.12261574074074</ele></trkpt>
<trkpt lat="47.50019276416017" lon="17.77177877554708"><ele>153.04768518518517</ele></trkpt>
<trkpt lat="47.50031058300883" lon="17.771639294356042"><ele>152.95179783950618</ele></trkpt>
<trkpt lat="47.50042027631078" lon="17.771509431994247"><ele>152.8303703703704</ele></trkpt>
<trkpt lat="47.50052184401712" lon="17.771389188583154"><ele>152.66604166666667</ele></trkpt>
<trkpt lat="47.50062340567607" lon="17.771268949614832"><ele>152.43698131001372</ele></trkpt>
<trkpt lat="47.500733039978016" lon="17.77113913477924"><ele>152.13470336076819</ele></trkpt>
<trkpt lat="47.50085058923778" lon="17.770999876451125"><ele>151.7800643004115</ele></trkpt>
<trkpt lat="47.50096757173571" lon="17.770861093503378"><ele>151.41702589163236</ele></trkpt>
<trkpt lat="47.50107527203587" lon="17.77073290127664"><ele>151.0860862482853</ele></trkpt>
<trkpt lat="47.50117290141931" lon="17.770615962392334"><ele>150.79874999999998</ele></trkpt>
<trkpt lat="47.501267890013054" lon="17.770501241189546"><ele>150.53693758573385</ele></trkpt>
<trkpt lat="47.50136821712879" lon="17.770379240579867"><ele>150.27688443072702</ele></trkpt>
<trkpt lat="47.50147467148729" lon="17.770249297986943"><ele>150.01340534979425</ele></trkpt>
<trkpt lat="47.50158055909011" lon="17.770119830884855"><ele>149.76423010973937</ele></trkpt>
<trkpt lat="47.50167895222524" lon="17.769999453177665"><ele>149.55298696844994</ele></trkpt>
<trkpt lat="47.50177000858648" lon="17.76988803246757"><ele>149.39041666666668</ele></trkpt>
<trkpt lat="47.501861058929265" lon="17.76977661627914"><ele>149.26904663923185</ele></trkpt>
<trkpt lat="47.5019593931457" lon="17.7696562863619"><ele>149.17372599451306</ele></trkpt>
<trkpt lat="47.502065011277736" lon="17.769527042614936"><ele>149.09399176954736</ele></trkpt>
<trkpt lat="47.502170629334394" lon="17.769397798347224"><ele>149.02955932784636</ele></trkpt>
<trkpt lat="47.502268963293645" lon="17.769277467009413"><ele>148.98645404663924</ele></trkpt>
<trkpt lat="47.5023600131135" lon="17.769166048702406"><ele>148.97125</ele></trkpt>
<trkpt lat="47.50245106275699" lon="17.76905463000963"><ele>148.98638374485597</ele></trkpt>
<trkpt lat="47.50254939621815" lon="17.76893429738767"><ele>149.0287860082305</ele></trkpt>
<trkpt lat="47.502655013538984" lon="17.76880505073563"><ele>149.0899845679013</ele></trkpt>
<trkpt lat="47.50276063078443" lon="17.768675803562807"><ele>149.15966563786014</ele></trkpt>
<trkpt lat="47.5028589639884" lon="17.768555469520233"><ele>149.23101337448566</ele></trkpt>
<trkpt lat="47.502950013108936" lon="17.768444048708805"><ele>149.30500000000004</ele></trkpt>
<trkpt lat="47.50304106205308" lon="17.76833262751159"><ele>149.38832733196162</ele></trkpt>
<trkpt lat="47.50313939475897" lon="17.768212292184803"><ele>149.48604509602197</ele></trkpt>
<trkpt lat="47.50324501126863" lon="17.768083042627456"><ele>149.59465792181072</ele></trkpt>
<trkpt lat="47.503350627703114" lon="17.767953792549076"><ele>149.70268861454045</ele></trkpt>
<trkpt lat="47.50344896015247" lon="17.767833455800787"><ele>149.79841992455417</ele></trkpt>
<trkpt lat="47.50354000857501" lon="17.767722032483157"><ele>149.87770833333332</ele></trkpt>
<trkpt lat="47.50363105682323" lon="17.76761061066889"><ele>149.94497770919065</ele></trkpt>
<trkpt lat="47.503729388788685" lon="17.767490291536078"><ele>150.00710819615912</ele></trkpt>
<trkpt lat="47.50383500454449" lon="17.767361126022088"><ele>150.06697016460905</ele></trkpt>
<trkpt lat="47.50394062033801" lon="17.767232143345858"><ele>150.1216760973937</ele></trkpt>
<trkpt lat="47.504038952432204" lon="17.767112448480674"><ele>150.16621227709192</ele></trkpt>
<trkpt lat="47.50413000094217" lon="17.767002296719873"><ele>150.19770833333334</ele></trkpt>
<trkpt lat="47.50422105708981" lon="17.76689299813993"><ele>150.217137345679</ele></trkpt>
<trkpt lat="47.50431946303444" lon="17.76677567901885"><ele>150.2275925925926</ele></trkpt>
<trkpt lat="47.50442541543578" lon="17.766650060983228"><ele>150.23192129629632</ele></trkpt>
<trkpt lat="47.50453207480673" lon="17.7665245428588"><ele>150.23101080246914</ele></trkpt>
<trkpt lat="47.50463289319406" lon="17.766407565012635"><ele>150.22358796296297</ele></trkpt>
<trkpt lat="47.50472885439894" lon="17.766298961056204"><ele>150.20666666666668</ele></trkpt>
<trkpt lat="47.50482810958635" lon="17.766189972079946"><ele>150.1773336762689</ele></trkpt>
<trkpt lat="47.50493812489235" lon="17.766071932653205"><ele>150.135176611797</ele></trkpt>
<trkpt lat="47.50505791648453" lon="17.765944958091954"><ele>150.0843158436214</ele></trkpt>
<trkpt lat="47.50517841493403" lon="17.765817899998684"><ele>150.03229080932783</ele></trkpt>
<trkpt lat="47.505290842299544" lon="17.765699575935077"><ele>149.98616083676268</ele></trkpt>
<trkpt lat="47.50539500176504" lon="17.765590009104464"><ele>149.94875000000002</ele></trkpt>
<trkpt lat="47.505499149055446" lon="17.76548046756698"><ele>149.91834705075445</ele></trkpt>
<trkpt lat="47.50561145591551" lon="17.765362399308213"><ele>149.892018175583</ele></trkpt>
<trkpt lat="47.50573140157042" lon="17.76523652185881"><ele>149.86930041152263</ele></trkpt>
<trkpt lat="47.50584947607092" lon="17.765113222040725"><ele>149.85390089163238</ele></trkpt>
<trkpt lat="47.50595539785772" lon="17.765003950039198"><ele>149.85254458161867</ele></trkpt>
<trkpt lat="47.5060465628088" lon="17.76491229426553"><ele>149.87291666666667</ele></trkpt>
<trkpt lat="47.50612959268991" lon="17.764832133140118"><ele>149.92117449931416</ele></trkpt>
<trkpt lat="47.506213232387395" lon="17.764754571045792"><ele>149.99836578875173</ele></trkpt>
<trkpt lat="47.50630135269649" lon="17.764674893796954"><ele>150.09811312757202</ele></trkpt>
<trkpt lat="47.50639063397083" lon="17.764595099347506"><ele>150.20795356652948</ele></trkpt>
<trkpt lat="47.50647756520853" lon="17.76451773311104"><ele>150.31873746227708</ele></trkpt>
<trkpt lat="47.506562432715654" lon="17.764442287193166"><ele>150.42892316872428</ele></trkpt>
<trkpt lat="47.50664933210474" lon="17.76436505597952"><ele>150.54269855967078</ele></trkpt>
<trkpt lat="47.506738467269166" lon="17.764285883888263"><ele>150.65826506172843</ele></trkpt>
<trkpt lat="47.50682613381203" lon="17.76420814304152"><ele>150.76672707818932</ele></trkpt>
<trkpt lat="47.50690869182129" lon="17.764135200266793"><ele>150.85715279835392</ele></trkpt>
<trkpt lat="47.50698958396336" lon="17.76406417086902"><ele>150.92625</ele></trkpt>
<trkpt lat="47.507077177712056" lon="17.76398777161031"><ele>150.97813185871058</ele></trkpt>
<trkpt lat="47.50717801552415" lon="17.763900219255248"><ele>151.01875600137177</ele></trkpt>
<trkpt lat="47.50728992139756" lon="17.763803272486882"><ele>151.04851594650205</ele></trkpt>
<trkpt lat="47.507403390742304" lon="17.763705061557854"><ele>151.0587328532236</ele></trkpt>
<trkpt lat="47.50750956369886" lon="17.76361319572427"><ele>151.0326688957476</ele></trkpt>
<trkpt lat="47.5076080050374" lon="17.76352802683116"><ele>150.94895833333334</ele></trkpt>
<trkpt lat="47.507706462391546" lon="17.763442844590926"><ele>150.79039780521262</ele></trkpt>
<trkpt lat="47.50781279624414" lon="17.763350847412937"><ele>150.554923696845</ele></trkpt>
<trkpt lat="47.50792700661972" lon="17.763252035213494"><ele>150.2642489711934</ele></trkpt>
<trkpt lat="47.50804121695123" lon="17.763153222583167"><ele>149.95527863511663</ele></trkpt>
<trkpt lat="47.5081475506535" lon="17.763061224229993"><ele>149.65737311385462</ele></trkpt>
<trkpt lat="47.50824600770199" lon="17.76297604023764"><ele>149.37187500000002</ele></trkpt>
<trkpt lat="47.50834446464739" lon="17.762890855926543"><ele>149.07568844307272</ele></trkpt>
<trkpt lat="47.508450798058526" lon="17.762798856512"><ele>148.74631515775033</ele></trkpt>
<trkpt lat="47.50856500795993" lon="17.762700041910314"><ele>148.38525977366254</ele></trkpt>
<trkpt lat="47.508679217817274" lon="17.76260122687772"><ele>148.01613768861455</ele></trkpt>
<trkpt lat="47.50878555107807" lon="17.762509226287936"><ele>147.65923782578875</ele></trkpt>
<trkpt lat="47.50888400771779" lon="17.762424040224644"><ele>147.30708333333334</ele></trkpt>
<trkpt lat="47.5089824642544" lon="17.762338853842596"><ele>146.92788580246912</ele></trkpt>
<trkpt lat="47.509088797223995" lon="17.762246852191456"><ele>146.49608024691358</ele></trkpt>
<trkpt lat="47.5092030066509" lon="17.762148035187685"><ele>146.02263888888888</ele></trkpt>
<trkpt lat="47.50931721603309" lon="17.762049217753567"><ele>145.55368827160493</ele></trkpt>
<trkpt lat="47.5094235488501" lon="17.76195721492906"><ele>145.13720679012346</ele></trkpt>
<trkpt lat="47.50952200507649" lon="17.761872026798656"><ele>144.78916666666666</ele></trkpt>
<trkpt lat="47.50962044165016" lon="17.76178685438736"><ele>144.4891760973937</ele></trkpt>
<trkpt lat="47.509726578701674" lon="17.761695010862017"><ele>144.20683213305898</ele></trkpt>
<trkpt lat="47.50983988849863" lon="17.76159692909566"><ele>143.92933384773661</ele></trkpt>
<trkpt lat="47.50995130223199" lon="17.76150040234536"><ele>143.667719478738</ele></trkpt>
<trkpt lat="47.51005096921085" lon="17.761413865421293"><ele>143.43957733196163</ele></trkpt>
<trkpt lat="47.510136250621684" lon="17.76133948324253"><ele>143.2497916666667</ele></trkpt>
<trkpt lat="47.51021322891711" lon="17.761271875285452"><ele>143.08511966392322</ele></trkpt>
<trkpt lat="47.51029010627968" lon="17.761203902256852"><ele>142.92776908093282</ele></trkpt>
<trkpt lat="47.51037067560013" lon="17.76113237193245"><ele>142.77026528806587</ele></trkpt>
<trkpt lat="47.5104521114452" lon="17.761059937501575"><ele>142.62207259945134</ele></trkpt>
<trkpt lat="47.51053133517205" lon="17.76098942297496"><ele>142.49770114540468</ele></trkpt>
<trkpt lat="47.510609178229814" lon="17.76092011836645"><ele>142.40515555555558</ele></trkpt>
<trkpt lat="47.510690084838906" lon="17.760848024830747"><ele>142.3403288888889</ele></trkpt>
<trkpt lat="47.51077500029855" lon="17.76077212220618"><ele>142.29640000000003</ele></trkpt>
<trkpt lat="47.51085991574947" lon="17.76069557279882"><ele>142.27187111111115</ele></trkpt>
<trkpt lat="47.51094082232878" lon="17.76062127234493"><ele>142.27324444444446</ele></trkpt>
<trkpt lat="47.51101917338204" lon="17.760547209137883"><ele>142.30845185185188</ele></trkpt>
<trkpt lat="47.51110003557358" lon="17.760468501678115"><ele>142.37861037037038</ele></trkpt>
<trkpt lat="47.51118474667182" lon="17.760384198711122"><ele>142.4729555555556</ele></trkpt>
<trkpt lat="47.511269026667684" lon="17.76029853050508"><ele>142.5723303703704</ele></trkpt>
<trkpt lat="47.511348417777896" lon="17.760215164509543"><ele>142.65965185185186</ele></trkpt>
<trkpt lat="47.511423905185204" lon="17.760132036370074"><ele>142.72833333333335</ele></trkpt>
<trkpt lat="47.511500392592616" lon="17.76004377422944"><ele>142.78190666666669</ele></trkpt>
<trkpt lat="47.511579662222246" lon="17.75994949427965"><ele>142.8262</ele></trkpt>
<trkpt lat="47.51165835703706" lon="17.759854352010855"><ele>142.8640266666667</ele></trkpt>
<trkpt lat="47.51173288296299" lon="17.75976314749031"><ele>142.89553333333333</ele></trkpt>
<trkpt lat="47.51180408108177" lon="17.759674878984097"><ele>142.92126987654322</ele></trkpt>
<trkpt lat="47.51187597584988" lon="17.75958459947036"><ele>142.94316419753088</ele></trkpt>
<trkpt lat="47.5119491957338" lon="17.759491608204616"><ele>142.96274962962963</ele></trkpt>
<trkpt lat="47.51202047190539" lon="17.759399782839292"><ele>142.98043530864194</ele></trkpt>
<trkpt lat="47.512086284979354" lon="17.75931278207449"><ele>142.99598098765432</ele></trkpt>
<trkpt lat="47.5121486809918" lon="17.759226738325115"><ele>143.01</ele></trkpt>
<trkpt lat="47.51221382485707" lon="17.7591326490568"><ele>143.02390432098767</ele></trkpt>
<trkpt lat="47.51228694471342" lon="17.759023624610332"><ele>143.03905864197532</ele></trkpt>
<trkpt lat="47.51236707599653" lon="17.75890224952115"><ele>143.05587962962963</ele></trkpt>
<trkpt lat="47.512447900295264" lon="17.758779016938934"><ele>143.0741975308642</ele></trkpt>
<trkpt lat="47.51252338497811" lon="17.75866365430921"><ele>143.0944598765432</ele></trkpt>
<trkpt lat="47.51259333708578" lon="17.758556678634687"><ele>143.11875</ele></trkpt>
<trkpt lat="47.512663296176" lon="17.7584496835297"><ele>143.15001457475992</ele></trkpt>
<trkpt lat="47.51273885185162" lon="17.75833412849613"><ele>143.18974365569275</ele></trkpt>
<trkpt lat="47.51282000415124" lon="17.758210013459696"><ele>143.2358307613169</ele></trkpt>
<trkpt lat="47.51290115638113" lon="17.758085898039297"><ele>143.28333161865572</ele></trkpt>
<trkpt lat="47.512976711818816" lon="17.757970341958494"><ele>143.32788494513036</ele></trkpt>
<trkpt lat="47.51304667042526" lon="17.757863345292133"><ele>143.36895833333335</ele></trkpt>
<trkpt lat="47.51311662000967" lon="17.757756365776924"><ele>143.40964248971196</ele></trkpt>
<trkpt lat="47.513192086401574" lon="17.75764098309718"><ele>143.45309670781896</ele></trkpt>
<trkpt lat="47.51327283046432" lon="17.75751766791129"><ele>143.49897376543214</ele></trkpt>
<trkpt lat="47.513352715196625" lon="17.757396043498506"><ele>143.54310442386833</ele></trkpt>
<trkpt lat="47.51342524923416" lon="17.75728643063671"><ele>143.5805992798354</ele></trkpt>
<trkpt lat="47.51348923665999" lon="17.75719118309908"><ele>143.60916666666665</ele></trkpt>
<trkpt lat="47.51354967413068" lon="17.757103179954804"><ele>143.63003849108367</ele></trkpt>
<trkpt lat="47.51361263203319" lon="17.757013323918585"><ele>143.64593821673526</ele></trkpt>
<trkpt lat="47.51368029147382" lon="17.756917882028834"><ele>143.6587495473251</ele></trkpt>
<trkpt lat="47.51374944989443" lon="17.75682082946263"><ele>143.6681463648834</ele></trkpt>
<trkpt lat="47.513817001680074" lon="17.756726207010864"><ele>143.67230515775032</ele></trkpt>
<trkpt lat="47.5138830099216" lon="17.756633803130256"><ele>143.66947913580245</ele></trkpt>
<trkpt lat="47.51395066153884" lon="17.756539217393037"><ele>143.65955493827158</ele></trkpt>
<trkpt lat="47.51402027975921" lon="17.756442334906428"><ele>143.64434407407404</ele></trkpt>
<trkpt lat="47.514089369226895" lon="17.75634742334339"><ele>143.62608716049382</ele></trkpt>
<trkpt lat="47.514155737733475" lon="17.75625883360071"><ele>143.60563469135803</ele></trkpt>
<trkpt lat="47.51422291677839" lon="17.756173334741376"><ele>143.58125</ele></trkpt>
<trkpt lat="47.51429816363001" lon="17.756082280328616"><ele>143.55000085733883</ele></trkpt>
<trkpt lat="47.51438669754928" lon="17.755978710610552"><ele>143.5104260973937</ele></trkpt>
<trkpt lat="47.514485879634876" lon="17.7558647086743"><ele>143.46504886831275</ele></trkpt>
<trkpt lat="47.514586558642996" lon="17.75575020752333"><ele>143.4197548010974</ele></trkpt>
<trkpt lat="47.51468020061739" lon="17.755644934628368"><ele>143.38046382030177</ele></trkpt>
<trkpt lat="47.51476583333335" lon="17.75555041798433"><ele>143.34979166666668</ele></trkpt>
<trkpt lat="47.514849927983555" lon="17.755459774130525"><ele>143.3264737654321</ele></trkpt>
<trkpt lat="47.514939362139934" lon="17.755365295514395"><ele>143.30765432098767</ele></trkpt>
<trkpt lat="47.51503441358027" lon="17.755266125469817"><ele>143.29131944444444</ele></trkpt>
<trkpt lat="47.515128467078206" lon="17.755168867971584"><ele>143.2772299382716</ele></trkpt>
<trkpt lat="47.51521449588479" lon="17.755080915919628"><ele>143.2660725308642</ele></trkpt>
<trkpt lat="47.51529166666669" lon="17.75500354262185"><ele>143.25833333333333</ele></trkpt>
<trkpt lat="47.51536632079571" lon="17.754930679632547"><ele>143.2537001920439</ele></trkpt>
<trkpt lat="47.51544575097479" lon="17.754855043722557"><ele>143.25125766803842</ele></trkpt>
<trkpt lat="47.515532229798545" lon="17.75477418792937"><ele>143.24979983539095</ele></trkpt>
<trkpt lat="47.51562136284085" lon="17.7546924454569"><ele>143.24800137174213</ele></trkpt>
<trkpt lat="47.51570918009555" lon="17.754614409465514"><ele>143.2443964883402</ele></trkpt>
<trkpt lat="47.515796514163064" lon="17.75454041029568"><ele>143.23776888888887</ele></trkpt>
<trkpt lat="47.51588825053231" lon="17.754466339709133"><ele>143.22817333333333</ele></trkpt>
<trkpt lat="47.515985169138226" lon="17.754390509197105"><ele>143.21829333333332</ele></trkpt>
<trkpt lat="47.51608237514425" lon="17.754315540774602"><ele>143.21401777777777</ele></trkpt>
<trkpt lat="47.51617509222938" lon="17.754244412121327"><ele>143.2235466666667</ele></trkpt>
<trkpt lat="47.51626490482204" lon="17.754175705452408"><ele>143.25392148148148</ele></trkpt>
<trkpt lat="47.51635758477452" lon="17.754105687418654"><ele>143.30550962962963</ele></trkpt>
<trkpt lat="47.51645462025263" lon="17.754035829091873"><ele>143.36672444444443</ele></trkpt>
<trkpt lat="47.516551009062375" lon="17.753975886048394"><ele>143.41385629629627</ele></trkpt>
<trkpt lat="47.51664148234242" lon="17.753939702849824"><ele>143.41738814814815</ele></trkpt>
<trkpt lat="47.51672700455342" lon="17.753936835189755"><ele>143.35434962962964</ele></trkpt>
<trkpt lat="47.5168131445838" lon="17.7539670965035"><ele>143.22085925925927</ele></trkpt>
<trkpt lat="47.51690212019569" lon="17.75402082466556"><ele>143.03832888888888</ele></trkpt>
<trkpt lat="47.51699044914262" lon="17.754084468636503"><ele>142.84444592592595</ele></trkpt>
<trkpt lat="47.517074382512114" lon="17.754148566195813"><ele>142.6722162962963</ele></trkpt>
<trkpt lat="47.51715561954908" lon="17.754211527675167"><ele>142.53389481481483</ele></trkpt>
<trkpt lat="47.51723956766031" lon="17.754276618244585"><ele>142.42233185185188</ele></trkpt>
<trkpt lat="47.517327964635854" lon="17.754344829008076"><ele>142.32667111111112</ele></trkpt>
<trkpt lat="47.517417151976176" lon="17.754412752476266"><ele>142.242362962963</ele></trkpt>
<trkpt lat="47.517503797105356" lon="17.754476862551925"><ele>142.1695392592593</ele></trkpt>
<trkpt lat="47.51759025854975" lon="17.754537987246476"><ele>142.10641481481485</ele></trkpt>
<trkpt lat="47.5176820370486" lon="17.754599859911597"><ele>142.04842074074077</ele></trkpt>
<trkpt lat="47.51777953555887" lon="17.75466305698512"><ele>141.9933777777778</ele></trkpt>
<trkpt lat="47.517876243704364" lon="17.75472294895082"><ele>141.94408296296297</ele></trkpt>
<trkpt lat="47.51796532518527" lon="17.75477354319947"><ele>141.90570370370372</ele></trkpt>
<trkpt lat="47.51804713668984" lon="17.754812873281175"><ele>141.88084719907408</ele></trkpt>
<trkpt lat="47.5181273646991" lon="17.75484354082348"><ele>141.86779918981483</ele></trkpt>
<trkpt lat="47.518208832986126" lon="17.754868813607768"><ele>141.8626903472222</ele></trkpt>
<trkpt lat="47.51828654629631" lon="17.754889290030654"><ele>141.86215981481482</ele></trkpt>
<trkpt lat="47.518352853618026" lon="17.75490367519633"><ele>141.86443666666665</ele></trkpt>
<trkpt lat="47.51840411479807" lon="17.7549110900763"><ele>141.8687037037037</ele></trkpt>
<trkpt lat="47.51844352462899" lon="17.754912540852335"><ele>141.873984375</ele></trkpt>
<trkpt lat="47.518477821401596" lon="17.75490931454926"><ele>141.87901331018517</ele></trkpt>
<trkpt lat="47.518514922964776" lon="17.754901570578152"><ele>141.88250289351853</ele></trkpt>
<trkpt lat="47.51856364587395" lon="17.75488760471002"><ele>141.88375</ele></trkpt>
<trkpt lat="47.51863188065087" lon="17.754865306624183"><ele>141.8826268861454</ele></trkpt>
<trkpt lat="47.5187226578814" lon="17.754834092741316"><ele>141.8797753772291</ele></trkpt>
<trkpt lat="47.51883001691107" lon="17.754796451366083"><ele>141.8769547325103</ele></trkpt>
<trkpt lat="47.51894165877358" lon="17.75475702187448"><ele>141.87746056241426</ele></trkpt>
<trkpt lat="47.51904705061925" lon="17.754719706408835"><ele>141.88596021947873</ele></trkpt>
<trkpt lat="47.51914500030853" lon="17.7546850026814"><ele>141.90791666666664</ele></trkpt>
<trkpt lat="47.51924296025573" lon="17.75465029797269"><ele>141.9476646090535</ele></trkpt>
<trkpt lat="47.5193484548984" lon="17.75461297352108"><ele>142.00559156378603</ele></trkpt>
<trkpt lat="47.519460569894605" lon="17.754573503837197"><ele>142.07558641975308</ele></trkpt>
<trkpt lat="47.519569399993884" lon="17.754535738836843"><ele>142.14657921810698</ele></trkpt>
<trkpt lat="47.51966368534909" lon="17.754504231530515"><ele>142.20791152263374</ele></trkpt>
<trkpt lat="47.51973885420728" lon="17.75448135472373"><ele>142.25458333333333</ele></trkpt>
<trkpt lat="47.519799073519465" lon="17.754466406586072"><ele>142.2881987517147</ele></trkpt>
<trkpt lat="47.51985218028105" lon="17.754457091944765"><ele>142.3131807133059</ele></trkpt>
<trkpt lat="47.519904661802336" lon="17.754451261767453"><ele>142.33271773662554</ele></trkpt>
<trkpt lat="47.51995993036733" lon="17.75444800760816"><ele>142.34644108367627</ele></trkpt>
<trkpt lat="47.520022190168085" lon="17.754447513080773"><ele>142.35145060356655</ele></trkpt>
<trkpt lat="47.52009616833173" lon="17.754450273278973"><ele>142.3450396112731</ele></trkpt>
<trkpt lat="47.52018479105929" lon="17.75445619026231"><ele>142.3274002591513</ele></trkpt>
<trkpt lat="47.52028270239068" lon="17.75446408116792"><ele>142.30261566569484</ele></trkpt>
<trkpt lat="47.520380691104656" lon="17.754472318225158"><ele>142.27617177842566</ele></trkpt>
<trkpt lat="47.52047144478136" lon="17.75447958609664"><ele>142.25232720440556</ele></trkpt>
<trkpt lat="47.52055717201168" lon="17.754485553842905"><ele>142.23199708454808</ele></trkpt>
<trkpt lat="47.520646807580185" lon="17.75449056842288"><ele>142.21381924198252</ele></trkpt>
<trkpt lat="47.52075078879173" lon="17.754495252033138"><ele>142.195606845913</ele></trkpt>
<trkpt lat="47.52087352445743" lon="17.75450002796234"><ele>142.17616672065654</ele></trkpt>
<trkpt lat="47.52100916909623" lon="17.75450496910834"><ele>142.15616942014904</ele></trkpt>
<trkpt lat="47.52114339974087" lon="17.754509857898285"><ele>142.13816218550915</ele></trkpt>
<trkpt lat="47.52126131033368" lon="17.75451445515319"><ele>142.12551290357416</ele></trkpt>
<trkpt lat="47.52135548104958" lon="17.75451877544048"><ele>142.12110787172014</ele></trkpt>
<trkpt lat="47.52142819241985" lon="17.754523163207782"><ele>142.12674927113707</ele></trkpt>
<trkpt lat="47.521488079935374" lon="17.75452824800824"><ele>142.14387090352017</ele></trkpt>
<trkpt lat="47.52154421294612" lon="17.754534628862157"><ele>142.17243497597454</ele></trkpt>
<trkpt lat="47.521602657869714" lon="17.75454280960004"><ele>142.21009363864596</ele></trkpt>
<trkpt lat="47.52166417220066" lon="17.754553132956186"><ele>142.25041612676822</ele></trkpt>
<trkpt lat="47.52172811941545" lon="17.754566170781427"><ele>142.28699101912594</ele></trkpt>
<trkpt lat="47.52179345486114" lon="17.75458230313146"><ele>142.31624131944446</ele></trkpt>
<trkpt lat="47.521860000000025" lon="17.754601319319175"><ele>142.34049479166669</ele></trkpt>
<trkpt lat="47.521926545138925" lon="17.754622580881243"><ele>142.36559027777778</ele></trkpt>
<trkpt lat="47.52199299768521" lon="17.754646041512203"><ele>142.39838252314817</ele></trkpt>
<trkpt lat="47.52206073495372" lon="17.754672488243752"><ele>142.44252025462964</ele></trkpt>
<trkpt lat="47.522130659722244" lon="17.7547026386767"><ele>142.49532986111112</ele></trkpt>
<trkpt lat="47.522201707175945" lon="17.75473727984592"><ele>142.5487008101852</ele></trkpt>
<trkpt lat="47.522272476712985" lon="17.754777613313"><ele>142.59441798611113</ele></trkpt>
<trkpt lat="47.522343342222236" lon="17.754825102596303"><ele>142.62923314814816</ele></trkpt>
<trkpt lat="47.52241405458336" lon="17.754879086516357"><ele>142.6545995138889</ele></trkpt>
<trkpt lat="47.522482982638905" lon="17.754938183308543"><ele>142.67299780092594</ele></trkpt>
<trkpt lat="47.522549612361125" lon="17.755003916708013"><ele>142.6857496990741</ele></trkpt>
<trkpt lat="47.52261745488622" lon="17.755081941410022"><ele>142.69356928669413</ele></trkpt>
<trkpt lat="47.522690854612534" lon="17.755176783756188"><ele>142.69742215363513</ele></trkpt>
<trkpt lat="47.522768732217706" lon="17.755284535813086"><ele>142.6982493415638</ele></trkpt>
<trkpt lat="47.52284473501984" lon="17.755395428055184"><ele>142.69609733882032</ele></trkpt>
<trkpt lat="47.52291234776074" lon="17.755501849331957"><ele>142.68978410150896</ele></trkpt>
<trkpt lat="47.52297132007875" lon="17.755607081212105"><ele>142.67708333333334</ele></trkpt>
<trkpt lat="47.52302654757506" lon="17.755721685702355"><ele>142.65583247599454</ele></trkpt>
<trkpt lat="47.52308342912223" lon="17.755854082911306"><ele>142.62546896433471</ele></trkpt>
<trkpt lat="47.52314292914176" lon="17.756001263883732"><ele>142.588191872428</ele></trkpt>
<trkpt lat="47.52320173614538" lon="17.75615060723083"><ele>142.54783779149523</ele></trkpt>
<trkpt lat="47.523256252865046" lon="17.75629038303453"><ele>142.5069744513032</ele></trkpt>
<trkpt lat="47.523306672116895" lon="17.756419989425503"><ele>142.46437500000002</ele></trkpt>
<trkpt lat="47.523357083986575" lon="17.756549618354953"><ele>142.41596279149522</ele></trkpt>
<trkpt lat="47.523411528597784" lon="17.75668961787897"><ele>142.35887002743485</ele></trkpt>
<trkpt lat="47.52347000600759" lon="17.756839988062683"><ele>142.29534207818932</ele></trkpt>
<trkpt lat="47.52352848331652" lon="17.756990358584275"><ele>142.23239626200274</ele></trkpt>
<trkpt lat="47.5235829275834" lon="17.757130359032423"><ele>142.17728995198902</ele></trkpt>
<trkpt lat="47.523633338752965" lon="17.757259989346764"><ele>142.13291666666666</ele></trkpt>
<trkpt lat="47.523683746546446" lon="17.757389594202174"><ele>142.09707818930042</ele></trkpt>
<trkpt lat="47.52373815872831" lon="17.75752933830023"><ele>142.0658693415638</ele></trkpt>
<trkpt lat="47.523796490505404" lon="17.757678527214903"><ele>142.03734567901236</ele></trkpt>
<trkpt lat="47.52385451735605" lon="17.75782522145738"><ele>142.01281378600822</ele></trkpt>
<trkpt lat="47.52390788901561" lon="17.757956452571577"><ele>141.99522633744857</ele></trkpt>
<trkpt lat="47.523956181185234" lon="17.758068748034198"><ele>141.98708333333335</ele></trkpt>
<trkpt lat="47.52400341716424" lon="17.758170085589988"><ele>141.9891299725652</ele></trkpt>
<trkpt lat="47.52405403243106" lon="17.758271004601156"><ele>141.99989204389576</ele></trkpt>
<trkpt lat="47.52410894759471" lon="17.758375617525953"><ele>142.01538991769547</ele></trkpt>
<trkpt lat="47.52416436227138" lon="17.758478212637073"><ele>142.02919266117968</ele></trkpt>
<trkpt lat="47.524216250217734" lon="17.75857144184814"><ele>142.03400651577502</ele></trkpt>
<trkpt lat="47.524263680000026" lon="17.758652950650365"><ele>142.0243185185185</ele></trkpt>
<trkpt lat="47.524309413333356" lon="17.758727270700984"><ele>141.99937037037037</ele></trkpt>
<trkpt lat="47.52435576000003" lon="17.758798479600987"><ele>141.96415555555555</ele></trkpt>
<trkpt lat="47.52440340000003" lon="17.75886710182391"><ele>141.9275037037037</ele></trkpt>
<trkpt lat="47.5244535466667" lon="17.758932595125316"><ele>141.89765185185186</ele></trkpt>
<trkpt lat="47.52450992592596" lon="17.758997575772746"><ele>141.87859111111112</ele></trkpt>
<trkpt lat="47.524576220740784" lon="17.759066298615462"><ele>141.86948000000004</ele></trkpt>
<trkpt lat="47.52465084444448" lon="17.759138648191023"><ele>141.86702666666667</ele></trkpt>
<trkpt lat="47.524726905185226" lon="17.759208698628672"><ele>141.86802222222224</ele></trkpt>
<trkpt lat="47.52479810370373" lon="17.759269575804353"><ele>141.87068000000005</ele></trkpt>
<trkpt lat="47.524864031111136" lon="17.75931924703359"><ele>141.87446222222226</ele></trkpt>
<trkpt lat="47.52492893333336" lon="17.759360805612285"><ele>141.87929777777782</ele></trkpt>
<trkpt lat="47.52499550666669" lon="17.759397635271906"><ele>141.88474666666667</ele></trkpt>
<trkpt lat="47.52506294222225" lon="17.759430441232855"><ele>141.88976444444447</ele></trkpt>
<trkpt lat="47.52513078666669" lon="17.759458269419135"><ele>141.8931288888889</ele></trkpt>
<trkpt lat="47.52520191530638" lon="17.759481124303253"><ele>141.89413401234566</ele></trkpt>
<trkpt lat="47.52528038441927" lon="17.759500543056273"><ele>141.89307067901234</ele></trkpt>
<trkpt lat="47.525365098387994" lon="17.759517755140596"><ele>141.89142388888888</ele></trkpt>
<trkpt lat="47.52545090571482" lon="17.75953286275634"><ele>141.8917713580247</ele></trkpt>
<trkpt lat="47.52553376098326" lon="17.759545219382133"><ele>141.8974833950617</ele></trkpt>
<trkpt lat="47.52561743055079" lon="17.759554791472965"><ele>141.91229166666665</ele></trkpt>
<trkpt lat="47.52571075302007" lon="17.759562310266084"><ele>141.93910493827158</ele></trkpt>
<trkpt lat="47.52582027661916" lon="17.759568771917117"><ele>141.9781095679012</ele></trkpt>
<trkpt lat="47.52594295350904" lon="17.759574755152993"><ele>142.025</ele></trkpt>
<trkpt lat="47.52606782032762" lon="17.759580322587713"><ele>142.0718904320988</ele></trkpt>
<trkpt lat="47.5261848167761" lon="17.75958536535626"><ele>142.1108950617284</ele></trkpt>
<trkpt lat="47.52629333328663" lon="17.75958999920025"><ele>142.13770833333334</ele></trkpt>
<trkpt lat="47.52640187237345" lon="17.759594628777542"><ele>142.15253943758574</ele></trkpt>
<trkpt lat="47.52651909458707" lon="17.75959962874303"><ele>142.15831189986287</ele></trkpt>
<trkpt lat="47.52664499992796" lon="17.759604999100645"><ele>142.15872942386832</ele></trkpt>
<trkpt lat="47.52677090527005" lon="17.759610369483052"><ele>142.156984739369</ele></trkpt>
<trkpt lat="47.5268881274878" lon="17.759615369517007"><ele>142.1553789437586</ele></trkpt>
<trkpt lat="47.52699666658304" lon="17.75961999919866"><ele>142.15520833333335</ele></trkpt>
<trkpt lat="47.52710520797042" lon="17.759624631258042"><ele>142.1569804526749</ele></trkpt>
<trkpt lat="47.52722245306707" lon="17.75962965493138"><ele>142.16083590534978</ele></trkpt>
<trkpt lat="47.52734846359938" lon="17.759635133869413"><ele>142.16705246913583</ele></trkpt>
<trkpt lat="47.52747469589725" lon="17.759640841490203"><ele>142.17676183127574</ele></trkpt>
<trkpt lat="47.527592697740246" lon="17.75964664549907"><ele>142.19253600823046</ele></trkpt>
<trkpt lat="47.527702777769036" lon="17.759652864130956"><ele>142.21854166666665</ele></trkpt>
<trkpt lat="47.527813891173636" lon="17.75966014829358"><ele>142.2589240397805</ele></trkpt>
<trkpt lat="47.52793477823855" lon="17.759668927316504"><ele>142.31511659807956</ele></trkpt>
<trkpt lat="47.52806513032272" lon="17.759678882975535"><ele>142.3837628600823</ele></trkpt>
<trkpt lat="47.52819570417093" lon="17.759689067343633"><ele>142.45881258573388</ele></trkpt>
<trkpt lat="47.52831734797705" lon="17.759698626772057"><ele>142.53685613854597</ele></trkpt>
<trkpt lat="47.52843000001255" lon="17.759707497604552"><ele>142.6216666666667</ele></trkpt>
<trkpt lat="47.52854265433315" lon="17.759716370833605"><ele>142.72204303840883</ele></trkpt>
<trkpt lat="47.52866432099842" lon="17.75972595396432"><ele>142.84401663237313</ele></trkpt>
<trkpt lat="47.52879500000864" lon="17.759736247005453"><ele>142.9838605967078</ele></trkpt>
<trkpt lat="47.528925679018386" lon="17.759746540096746"><ele>143.1302743484225</ele></trkpt>
<trkpt lat="47.529047345682024" lon="17.75975612336519"><ele>143.2746664951989</ele></trkpt>
<trkpt lat="47.52915999999931" lon="17.759764996802012"><ele>143.420625</ele></trkpt>
<trkpt lat="47.529272654315484" lon="17.759773870278075"><ele>143.58163151577503</ele></trkpt>
<trkpt lat="47.529394320976074" lon="17.75978345367556"><ele>143.76756858710561</ele></trkpt>
<trkpt lat="47.52952499998158" lon="17.75979374700326"><ele>143.9712371399177</ele></trkpt>
<trkpt lat="47.52965567898752" lon="17.759804040381194"><ele>144.16850222908093</ele></trkpt>
<trkpt lat="47.5297773456496" lon="17.759813623916667"><ele>144.3325883058985</ele></trkpt>
<trkpt lat="47.52988999996884" lon="17.759822497601018"><ele>144.44916666666666</ele></trkpt>
<trkpt lat="47.53000263242906" lon="17.759831366395034"><ele>144.52085819615908</ele></trkpt>
<trkpt lat="47.53012408047834" lon="17.759840900761343"><ele>144.56008830589846</ele></trkpt>
<trkpt lat="47.53025375383737" lon="17.759850967600055"><ele>144.58113940329216</ele></trkpt>
<trkpt lat="47.53038130656744" lon="17.75986055628282"><ele>144.59562071330586</ele></trkpt>
<trkpt lat="47.53049551824363" lon="17.759868458967038"><ele>144.61243227023317</ele></trkpt>
<trkpt lat="47.530593437473996" lon="17.759874010090915"><ele>144.63854166666664</ele></trkpt>
<trkpt lat="47.53068209139955" lon="17.75987733288588"><ele>144.67937029492455</ele></trkpt>
<trkpt lat="47.53077088929673" lon="17.759879014006955"><ele>144.7366673799726</ele></trkpt>
<trkpt lat="47.53086411959545" lon="17.759879718994636"><ele>144.80623644032923</ele></trkpt>
<trkpt lat="47.530958429817815" lon="17.759879945774085"><ele>144.87784139231826</ele></trkpt>
<trkpt lat="47.531050205484625" lon="17.759879995073785"><ele>144.941490048011</ele></trkpt>
<trkpt lat="47.53113978305665" lon="17.759879991002027"><ele>144.99234644032924</ele></trkpt>
<trkpt lat="47.53123144730768" lon="17.759879900984384"><ele>145.03235504115227</ele></trkpt>
<trkpt lat="47.53132524490492" lon="17.759879486901117"><ele>145.06485080246915</ele></trkpt>
<trkpt lat="47.5314168814808" lon="17.75987819963885"><ele>145.0915858436214</ele></trkpt>
<trkpt lat="47.53150187885627" lon="17.759875130007835"><ele>145.11214520576132</ele></trkpt>
<trkpt lat="47.531583020825664" lon="17.75986906275011"><ele>145.12645833333335</ele></trkpt>
<trkpt lat="47.53166839036398" lon="17.759858926627707"><ele>145.1354981138546</ele></trkpt>
<trkpt lat="47.531764735981916" lon="17.759844496566195"><ele>145.14081104252404</ele></trkpt>
<trkpt lat="47.53187061092041" lon="17.759826987790802"><ele>145.14348508230452</ele></trkpt>
<trkpt lat="47.531977525379354" lon="17.759808605756202"><ele>145.1435811042524</ele></trkpt>
<trkpt lat="47.53207741822682" lon="17.759791195868303"><ele>145.1400968792867</ele></trkpt>
<trkpt lat="47.53217000010796" lon="17.759775001194196"><ele>145.13125000000002</ele></trkpt>
<trkpt lat="47.53226258326456" lon="17.759758795319932"><ele>145.1154346707819</ele></trkpt>
<trkpt lat="47.53236248894272" lon="17.759741273797886"><ele>145.09254372427984</ele></trkpt>
<trkpt lat="47.53246946251641" lon="17.75972237875292"><ele>145.0651466049383</ele></trkpt>
<trkpt lat="47.53257552130901" lon="17.75970327576588"><ele>145.03799897119342</ele></trkpt>
<trkpt lat="47.53267230541452" lon="17.759685044721877"><ele>145.01595936213994</ele></trkpt>
<trkpt lat="47.53275854168779" lon="17.759667396340102"><ele>145.001875</ele></trkpt>
<trkpt lat="47.532841151137674" lon="17.759648610600955"><ele>144.9959634910837</ele></trkpt>
<trkpt lat="47.53292827868062" lon="17.759627079380458"><ele>144.9966592043896</ele></trkpt>
<trkpt lat="47.53302257672136" lon="17.75960272603203"><ele>145.00160417695474</ele></trkpt>
<trkpt lat="47.53311926160046" lon="17.75957728879631"><ele>145.00842136488342</ele></trkpt>
<trkpt lat="47.533213804253826" lon="17.759552252591828"><ele>145.01544620713307</ele></trkpt>
<trkpt lat="47.53330619498771" lon="17.759527741683296"><ele>145.02205111796982</ele></trkpt>
<trkpt lat="47.5334007290559" lon="17.75950262386406"><ele>145.02858748285325</ele></trkpt>
<trkpt lat="47.533497374478614" lon="17.75947681165158"><ele>145.0358359465021</ele></trkpt>
<trkpt lat="47.5335915499016" lon="17.759451293221378"><ele>145.04515026063103</ele></trkpt>
<trkpt lat="47.53367838508176" lon="17.759426984364374"><ele>145.05878074759946</ele></trkpt>
<trkpt lat="47.5337604166885" lon="17.759402709059223"><ele>145.08020833333336</ele></trkpt>
<trkpt lat="47.53384568761753" lon="17.759375890021154"><ele>145.1128755144033</ele></trkpt>
<trkpt lat="47.533941097442984" lon="17.75934460352931"><ele>145.15815072016463</ele></trkpt>
<trkpt lat="47.53404548875436" lon="17.759309659652036"><ele>145.2138117283951</ele></trkpt>
<trkpt lat="47.53415071168375" lon="17.759274133552726"><ele>145.27595936213993</ele></trkpt>
<trkpt lat="47.53424895929851" lon="17.759240860406482"><ele>145.3433693415638</ele></trkpt>
<trkpt lat="47.53434000011337" lon="17.75921000226345"><ele>145.4210416666667</ele></trkpt>
<trkpt lat="47.534431041774496" lon="17.759179132868883"><ele>145.5177726337449</ele></trkpt>
<trkpt lat="47.53452929793196" lon="17.759145747922748"><ele>145.63890174897122</ele></trkpt>
<trkpt lat="47.53463456025609" lon="17.759109708524278"><ele>145.77998456790127</ele></trkpt>
<trkpt lat="47.534739074122236" lon="17.759073170067992"><ele>145.92954989711936</ele></trkpt>
<trkpt lat="47.534834776263295" lon="17.75903808225005"><ele>146.07962448559672</ele></trkpt>
<trkpt lat="47.534920625014934" lon="17.759003750733523"><ele>146.23520833333333</ele></trkpt>
<trkpt lat="47.53500362013697" lon="17.75896675540035"><ele>146.4129988820302</ele></trkpt>
<trkpt lat="47.53509172730015" lon="17.75892397016863"><ele>146.6258509739369</ele></trkpt>
<trkpt lat="47.53518699557685" lon="17.75887531752565"><ele>146.86836220164608</ele></trkpt>
<trkpt lat="47.53528344735956" lon="17.758824270265176"><ele>147.11338844307272</ele></trkpt>
<trkpt lat="47.53537484852541" lon="17.75877370100203"><ele>147.3328272770919</ele></trkpt>
<trkpt lat="47.53545970291506" lon="17.758723730575014"><ele>147.51375355281206</ele></trkpt>
<trkpt lat="47.535542001201264" lon="17.758672004211718"><ele>147.66390932784637</ele></trkpt>
<trkpt lat="47.535623362453585" lon="17.758618312190098"><ele>147.79378213991768</ele></trkpt>
<trkpt lat="47.535702005230185" lon="17.758564466183508"><ele>147.90849278463648</ele></trkpt>
<trkpt lat="47.535775622715505" lon="17.758511812390697"><ele>148.00777330589847</ele></trkpt>
<trkpt lat="47.53584770843992" lon="17.758457084655117"><ele>148.09583333333333</ele></trkpt>
<trkpt lat="47.53592584811326" lon="17.758394180754063"><ele>148.1814154663923</ele></trkpt>
<trkpt lat="47.536015878258965" lon="17.758318946836475"><ele>148.2719590192044</ele></trkpt>
<trkpt lat="47.536115831267864" lon="17.75823392895908"><ele>148.36623713991767</ele></trkpt>
<trkpt lat="47.536217198019955" lon="17.758147081278853"><ele>148.45411179698215</ele></trkpt>
<trkpt lat="47.53631205238216" lon="17.758065603641278"><ele>148.52280435528118</ele></trkpt>
<trkpt lat="47.53640000080992" lon="17.757990005345192"><ele>148.56395833333335</ele></trkpt>
<trkpt lat="47.53648796459067" lon="17.757914394794014"><ele>148.57685013717423</ele></trkpt>
<trkpt lat="47.536582973054244" lon="17.75783279630388"><ele>148.56682527434842</ele></trkpt>
<trkpt lat="47.53668504937485" lon="17.757745395028557"><ele>148.54314300411525</ele></trkpt>
<trkpt lat="47.536787208848814" lon="17.75765865883128"><ele>148.5163005829904</ele></trkpt>
<trkpt lat="47.53688250106251" lon="17.757579330071067"><ele>148.49549211248285</ele></trkpt>
<trkpt lat="47.536971041773256" lon="17.75750833492223"><ele>148.48645833333333</ele></trkpt>
<trkpt lat="47.53705996361061" lon="17.757440448411106"><ele>148.49093707133062</ele></trkpt>
<trkpt lat="47.537156273594796" lon="17.757369857664226"><ele>148.5074914266118</ele></trkpt>
<trkpt lat="47.537259682363185" lon="17.757295856459535"><ele>148.5323945473251</ele></trkpt>
<trkpt lat="47.537362550591695" lon="17.757223310509517"><ele>148.56137259945132</ele></trkpt>
<trkpt lat="47.5374570160532" lon="17.757157685833892"><ele>148.591832133059</ele></trkpt>
<trkpt lat="47.537542187546855" lon="17.757099896939405"><ele>148.62458333333333</ele></trkpt>
<trkpt lat="47.53762510885955" lon="17.75704538779042"><ele>148.6631761179698</ele></trkpt>
<trkpt lat="47.53771378195018" lon="17.756988667706757"><ele>148.7104280384088</ele></trkpt>
<trkpt lat="47.53781049634823" lon="17.75692775033194"><ele>148.7654831687243</ele></trkpt>
<trkpt lat="47.53790998971475" lon="17.756865500408747"><ele>148.82343655692733</ele></trkpt>
<trkpt lat="47.53800739367192" lon="17.7568047023831"><ele>148.8801316735254</ele></trkpt>
<trkpt lat="47.538103241816074" lon="17.7567449215215"><ele>148.93515851851853</ele></trkpt>
<trkpt lat="47.53820275436604" lon="17.756682946484972"><ele>148.9914814814815</ele></trkpt>
<trkpt lat="47.538306697998756" lon="17.756618557886608"><ele>149.0501688888889</ele></trkpt>
<trkpt lat="47.53840927643982" lon="17.75655596542975"><ele>149.10914370370372</ele></trkpt>
<trkpt lat="47.53850413044923" lon="17.75650011966282"><ele>149.16644740740742</ele></trkpt>
<trkpt lat="47.53859105527268" lon="17.756452105119916"><ele>149.22340788751717</ele></trkpt>
<trkpt lat="47.53867511848066" lon="17.75640911584539"><ele>149.2834620713306</ele></trkpt>
<trkpt lat="47.538758752196465" lon="17.75636890916957"><ele>149.3472866255144</ele></trkpt>
<trkpt lat="47.53884054510818" lon="17.756331280105684"><ele>149.41335528120712</ele></trkpt>
<trkpt lat="47.538918937347745" lon="17.75629680372341"><ele>149.48154368998627</ele></trkpt>
<trkpt lat="47.53899864586089" lon="17.75626375083663"><ele>149.55791666666667</ele></trkpt>
<trkpt lat="47.53908846498789" lon="17.756228638124433"><ele>149.65166923868313</ele></trkpt>
<trkpt lat="47.53919459199567" lon="17.756188726174663"><ele>149.76785236625514</ele></trkpt>
<trkpt lat="47.53931384400955" lon="17.756144709283777"><ele>149.90014660493827</ele></trkpt>
<trkpt lat="47.53943538297255" lon="17.756100193275103"><ele>150.03269032921813</ele></trkpt>
<trkpt lat="47.53954931389942" lon="17.756058578301158"><ele>150.1497247942387</ele></trkpt>
<trkpt lat="47.539655000209386" lon="17.756020003275157"><ele>150.24520833333335</ele></trkpt>
<trkpt lat="47.539760703645705" lon="17.75598142380943"><ele>150.3241349451303</ele></trkpt>
<trkpt lat="47.539874805984006" lon="17.755939765470618"><ele>150.3957081618656</ele></trkpt>
<trkpt lat="47.53999713362106" lon="17.75589505139974"><ele>150.46671039094653</ele></trkpt>
<trkpt lat="47.54011883754607" lon="17.75585042040367"><ele>150.54062328532237</ele></trkpt>
<trkpt lat="47.54023081154742" lon="17.755809045693034"><ele>150.6221287722908</ele></trkpt>
<trkpt lat="47.540332187579594" lon="17.755771043226023"><ele>150.72124999999997</ele></trkpt>
<trkpt lat="47.54043065726272" lon="17.7557334287107"><ele>150.8505787037037</ele></trkpt>
<trkpt lat="47.540534516633905" lon="17.75569313709712"><ele>151.0162885802469</ele></trkpt>
<trkpt lat="47.54064463373875" lon="17.755650052440092"><ele>151.20983796296298</ele></trkpt>
<trkpt lat="47.540754127131784" lon="17.755607050889843"><ele>151.4116203703704</ele></trkpt>
<trkpt lat="47.54085585816684" lon="17.755567042989313"><ele>151.60542438271605</ele></trkpt>
<trkpt lat="47.54095000044744" lon="17.75553000559076"><ele>151.791875</ele></trkpt>
<trkpt lat="47.54104413627863" lon="17.755492968918627"><ele>151.98655692729767</ele></trkpt>
<trkpt lat="47.541145802959335" lon="17.755452969163706"><ele>152.2040166323731</ele></trkpt>
<trkpt lat="47.54125500049417" lon="17.755410006290717"><ele>152.4425411522634</ele></trkpt>
<trkpt lat="47.54136419802072" lon="17.755367043237946"><ele>152.68539008916326</ele></trkpt>
<trkpt lat="47.541465864673086" lon="17.755327042993002"><ele>152.91760631001372</ele></trkpt>
<trkpt lat="47.5415600004467" lon="17.755290005591135"><ele>153.1422916666667</ele></trkpt>
<trkpt lat="47.54165410276481" lon="17.75525298434688"><ele>153.37892146776406</ele></trkpt>
<trkpt lat="47.54175543500122" lon="17.755213146560365"><ele>153.64399262688616</ele></trkpt>
<trkpt lat="47.54186309438508" lon="17.755170932027973"><ele>153.931579218107</ele></trkpt>
<trkpt lat="47.54196751045618" lon="17.755130297457058"><ele>154.213344478738</ele></trkpt>
<trkpt lat="47.54205777530579" lon="17.755095851220407"><ele>154.4585510973937</ele></trkpt>
<trkpt lat="47.54212937505196" lon="17.755069792548866"><ele>154.65479166666668</ele></trkpt>
<trkpt lat="47.542186568524514" lon="17.75505095604484"><ele>154.81402434842252</ele></trkpt>
<trkpt lat="47.542237292103906" lon="17.755036661617503"><ele>154.95842678326474</ele></trkpt>
<trkpt lat="47.54228833976583" lon="17.755024724573516"><ele>155.10762860082303</ele></trkpt>
<trkpt lat="47.542342751200756" lon="17.755014779722302"><ele>155.2723465363512</ele></trkpt>
<trkpt lat="47.54240175154327" lon="17.75500738172138"><ele>155.45864026063103</ele></trkpt>
<trkpt lat="47.54246534293554" lon="17.755003185883332"><ele>155.66683213305902</ele></trkpt>
<trkpt lat="47.5425315907922" lon="17.75500233955044"><ele>155.88532921810705</ele></trkpt>
<trkpt lat="47.54259829432444" lon="17.755005474557482"><ele>156.09601423182443</ele></trkpt>
<trkpt lat="47.54266598551099" lon="17.755014392674365"><ele>156.2852023319616</ele></trkpt>
<trkpt lat="47.54274208333336" lon="17.755032291211045"><ele>156.4597916666667</ele></trkpt>
<trkpt lat="47.54283658779152" lon="17.755062195734467"><ele>156.6385219478738</ele></trkpt>
<trkpt lat="47.542954703360806" lon="17.755104584846965"><ele>156.83691272290812</ele></trkpt>
<trkpt lat="47.543089022633765" lon="17.755155292029837"><ele>157.04991769547325</ele></trkpt>
<trkpt lat="47.54322167866945" lon="17.755206498426556"><ele>157.2542738340192</ele></trkpt>
<trkpt lat="47.54333411865573" lon="17.75525059079315"><ele>157.4231515775034</ele></trkpt>
<trkpt lat="47.54341708333337" lon="17.755283957869164"><ele>157.54187499999998</ele></trkpt>
<trkpt lat="47.54347358196162" lon="17.755308095609564"><ele>157.61323816872425</ele></trkpt>
<trkpt lat="47.54351318244172" lon="17.755327503308262"><ele>157.65207818930043</ele></trkpt>
<trkpt lat="47.54354676440332" lon="17.75534840783779"><ele>157.68040895061728</ele></trkpt>
<trkpt lat="47.543580811899886" lon="17.75537546629296"><ele>157.71914951989027</ele></trkpt>
<trkpt lat="47.54361804612485" lon="17.755411220710627"><ele>157.78169410150892</ele></trkpt>
<trkpt lat="47.54365622170785" lon="17.75545354147285"><ele>157.86424639917695</ele></trkpt>
<trkpt lat="47.54369382373116" lon="17.755501110819885"><ele>157.9553772290809</ele></trkpt>
<trkpt lat="47.543731317729794" lon="17.755556041165296"><ele>158.0457518861454</ele></trkpt>
<trkpt lat="47.54377437500003" lon="17.755628124112274"><ele>158.1410416666667</ele></trkpt>
<trkpt lat="47.543829347565186" lon="17.75572823245602"><ele>158.25309670781897</ele></trkpt>
<trkpt lat="47.54389937414268" lon="17.755860593915475"><ele>158.38981224279837</ele></trkpt>
<trkpt lat="47.54397975565847" lon="17.756014606908067"><ele>158.54382716049383</ele></trkpt>
<trkpt lat="47.54405972136491" lon="17.756167955040056"><ele>158.69584619341563</ele></trkpt>
<trkpt lat="47.54412832904667" lon="17.75629804730002"><ele>158.8257510288066</ele></trkpt>
<trkpt lat="47.5441804166667" lon="17.756393540826643"><ele>158.92395833333333</ele></trkpt>
<trkpt lat="47.544218424211266" lon="17.756457442125445"><ele>158.9950505829904</ele></trkpt>
<trkpt lat="47.54424866941017" lon="17.756499746022946"><ele>159.05104252400548</ele></trkpt>
<trkpt lat="47.54427832818933" lon="17.756529873871553"><ele>159.10593878600827</ele></trkpt>
<trkpt lat="47.544311600758775" lon="17.756551442741962"><ele>159.1684476808985</ele></trkpt>
<trkpt lat="47.54435042213223" lon="17.75656475445955"><ele>159.24231749399866</ele></trkpt>
<trkpt lat="47.54439349890692" lon="17.7565689728141"><ele>159.32299672067904</ele></trkpt>
<trkpt lat="47.54444103052129" lon="17.756564259318207"><ele>159.40542952674897</ele></trkpt>
<trkpt lat="47.54449414094653" lon="17.756550882324227"><ele>159.48592592592593</ele></trkpt>
<trkpt lat="47.544555083161896" lon="17.756529480647213"><ele>159.56763374485598</ele></trkpt>
<trkpt lat="47.54462148180301" lon="17.75650241248214"><ele>159.65608892746914</ele></trkpt>
<trkpt lat="47.54468913505232" lon="17.756472558492067"><ele>159.76362429269545</ele></trkpt>
<trkpt lat="47.54475544185102" lon="17.75644133494048"><ele>159.91220518261318</ele></trkpt>
<trkpt lat="47.54482541666668" lon="17.756406042228562"><ele>160.13833333333335</ele></trkpt>
<trkpt lat="47.54490758659124" lon="17.756362251342484"><ele>160.47789780521262</ele></trkpt>
<trkpt lat="47.54500729509604" lon="17.756307480512962"><ele>160.94107338820302</ele></trkpt>
<trkpt lat="47.54511965792183" lon="17.756244854594936"><ele>161.48832304526752</ele></trkpt>
<trkpt lat="47.54523143861456" lon="17.75618197896838"><ele>162.04122770919068</ele></trkpt>
<trkpt lat="47.54532916066532" lon="17.756126356277566"><ele>162.52370027434844</ele></trkpt>
<trkpt lat="47.54540729166669" lon="17.756080833889555"><ele>162.9025</ele></trkpt>
<trkpt lat="47.545469892476014" lon="17.756042786055207"><ele>163.19445026063102</ele></trkpt>
<trkpt lat="47.54552473544584" lon="17.756007471156654"><ele>163.4366331138546</ele></trkpt>
<trkpt lat="47.54557738965023" lon="17.75597113582233"><ele>163.65601670781896</ele></trkpt>
<trkpt lat="47.545628749828545" lon="17.75593186940904"><ele>163.8550447187929</ele></trkpt>
<trkpt lat="47.5456788048217" lon="17.755886805752155"><ele>164.0262329766804</ele></trkpt>
<trkpt lat="47.54572915851854" lon="17.755831606344895"><ele>164.16653925925928</ele></trkpt>
<trkpt lat="47.5457828814815" lon="17.755763016831956"><ele>164.28489185185185</ele></trkpt>
<trkpt lat="47.54584016888891" lon="17.755684071706494"><ele>164.3915377777778</ele></trkpt>
<trkpt lat="47.54589774370372" lon="17.75560354574425"><ele>164.49229185185186</ele></trkpt>
<trkpt lat="47.545952447407416" lon="17.755529561957356"><ele>164.59053925925926</ele></trkpt>
<trkpt lat="47.5460054496528" lon="17.755463209359892"><ele>164.69385305555556</ele></trkpt>
<trkpt lat="47.54606059618059" lon="17.75540010759669"><ele>164.81021249999998</ele></trkpt>
<trkpt lat="47.54611925520836" lon="17.755337343049202"><ele>164.9384075</ele></trkpt>
<trkpt lat="47.54617765555558" lon="17.755277834049707"><ele>165.0636877777778</ele></trkpt>
<trkpt lat="47.5462310283565" lon="17.7552265005004"><ele>165.16918858796296</ele></trkpt>
<trkpt lat="47.54627752025466" lon="17.7551856859244"><ele>165.24682002314816</ele></trkpt>
<trkpt lat="47.54631934027779" lon="17.75515346365338"><ele>165.30125868055558</ele></trkpt>
<trkpt lat="47.54636003761576" lon="17.755127135509056"><ele>165.34082175925926</ele></trkpt>
<trkpt lat="47.546403402777806" lon="17.75510455448684"><ele>165.3723408564815</ele></trkpt>
<trkpt lat="47.54645176793984" lon="17.75508442138851"><ele>165.39916377314816</ele></trkpt>
<trkpt lat="47.546503680555574" lon="17.755065824743507"><ele>165.42269097222223</ele></trkpt>
<trkpt lat="47.546553347800945" lon="17.755048631442087"><ele>165.44228877314816</ele></trkpt>
<trkpt lat="47.54659448451391" lon="17.755033138409928"><ele>165.45650928240738</ele></trkpt>
<trkpt lat="47.54662508462965" lon="17.755019612809246"><ele>165.46493833333332</ele></trkpt>
<trkpt lat="47.54664845756946" lon="17.7550088950083"><ele>165.469275625</ele></trkpt>
<trkpt lat="47.546670872337984" lon="17.755003416634253"><ele>165.47238020833333</ele></trkpt>
<trkpt lat="47.54669975627317" lon="17.75500731544335"><ele>165.47718729166667</ele></trkpt>
<trkpt lat="47.54674198666672" lon="17.75502442420884"><ele>165.4859437037037</ele></trkpt>
<trkpt lat="47.54680108888935" lon="17.755055717405"><ele>165.50046074074072</ele></trkpt>
<trkpt lat="47.54687430666904" lon="17.755097659519638"><ele>165.52319111111112</ele></trkpt>
<trkpt lat="47.54695485334159" lon="17.755144128318186"><ele>165.55986074074073</ele></trkpt>
<trkpt lat="47.54703896446675" lon="17.75519086814443"><ele>165.6219437037037</ele></trkpt>
<trkpt lat="47.54712969486362" lon="17.75523812630069"><ele>165.72334962962964</ele></trkpt>
<trkpt lat="47.5472325763851" lon="17.75528865094482"><ele>165.87161037037038</ele></trkpt>
<trkpt lat="47.54734660458116" lon="17.75534279333713"><ele>166.05986222222222</ele></trkpt>
<trkpt lat="47.54746336314359" lon="17.755397438834148"><ele>166.27340592592594</ele></trkpt>
<trkpt lat="47.547575561688475" lon="17.755449680102693"><ele>166.50797185185186</ele></trkpt>
<trkpt lat="47.547684426873666" lon="17.7555002949179"><ele>166.77727407407409</ele></trkpt>
<trkpt lat="47.5477965068473" lon="17.75555234402318"><ele>167.0975437037037</ele></trkpt>
<trkpt lat="47.54791272013672" lon="17.755606104465127"><ele>167.4604888888889</ele></trkpt>
<trkpt lat="47.54802505342213" lon="17.755657493956438"><ele>167.83277481481483</ele></trkpt>
<trkpt lat="47.548123893382126" lon="17.755701452332566"><ele>168.18491851851851</ele></trkpt>
<trkpt lat="47.54820752055472" lon="17.755736473951885"><ele>168.5188730787037</ele></trkpt>
<trkpt lat="47.54828179919807" lon="17.755764810446216"><ele>168.85634386574074</ele></trkpt>
<trkpt lat="47.54835212034959" lon="17.75578886375793"><ele>169.2027154861111</ele></trkpt>
<trkpt lat="47.54841771648196" lon="17.755808205983616"><ele>169.52572574074074</ele></trkpt>
<trkpt lat="47.54847507192137" lon="17.75582063972754"><ele>169.78251648148148</ele></trkpt>
<trkpt lat="47.54852297743058" lon="17.755824678807063"><ele>169.95159722222223</ele></trkpt>
<trkpt lat="47.548565000000025" lon="17.755821041693277"><ele>170.04778645833335</ele></trkpt>
<trkpt lat="47.54860702256946" lon="17.755810668470044"><ele>170.09766493055557</ele></trkpt>
<trkpt lat="47.54865543981485" lon="17.75579346077292"><ele>170.12243923611115</ele></trkpt>
<trkpt lat="47.54871441261576" lon="17.75576871836348"><ele>170.1304166666667</ele></trkpt>
<trkpt lat="47.54878329861114" lon="17.755737361354605"><ele>170.12312500000002</ele></trkpt>
<trkpt lat="47.54885779803243" lon="17.755701513582633"><ele>170.095625</ele></trkpt>
<trkpt lat="47.548934470486124" lon="17.755662508981207"><ele>170.03913483796296</ele></trkpt>
<trkpt lat="47.54901283564816" lon="17.755620318621993"><ele>169.94860821759258</ele></trkpt>
<trkpt lat="47.54909120659724" lon="17.75557615485173"><ele>169.83318576388888</ele></trkpt>
<trkpt lat="47.54916312210649" lon="17.75553395571844"><ele>169.71467592592595</ele></trkpt>
<trkpt lat="47.549221236175434" lon="17.75549774012995"><ele>169.61400891632374</ele></trkpt>
<trkpt lat="47.54926331532924" lon="17.755468205691614"><ele>169.53936814128946</ele></trkpt>
<trkpt lat="47.549295175257" lon="17.755440719085282"><ele>169.59306008807908</ele></trkpt>
<trkpt lat="47.54932990166779" lon="17.755416730152845"><ele>169.648877534828</ele></trkpt>
<trkpt lat="47.5493669568484" lon="17.7554024743303"><ele>169.7046949815769</ele></trkpt>
<trkpt lat="47.549405104556875" lon="17.755398427242604"><ele>169.7605124283258</ele></trkpt>
<trkpt lat="47.54944307210214" lon="17.755404723931548"><ele>169.8163298750747</ele></trkpt>
<trkpt lat="47.54947959280376" lon="17.755421154347527"><ele>169.8721473218236</ele></trkpt>
<trkpt lat="47.54951344825119" lon="17.75544717035439"><ele>169.9279647685725</ele></trkpt>
<trkpt lat="47.54954350895255" lon="17.75548190401402"><ele>169.9837822153214</ele></trkpt>
<trkpt lat="47.54957456941516" lon="17.755525148908042"><ele>170.04619555555558</ele></trkpt>
<trkpt lat="47.54964021106572" lon="17.755620404752197"><ele>170.31967703703708</ele></trkpt>
<trkpt lat="47.5497039815376" lon="17.755714220832267"><ele>170.62523851851856</ele></trkpt>
<trkpt lat="47.549766033389446" lon="17.755805786757996"><ele>170.98211259259264</ele></trkpt>
<trkpt lat="47.549829936991635" lon="17.755899736602338"><ele>171.40954074074077</ele></trkpt>
<trkpt lat="47.54989619163738" lon="17.75599560667932"><ele>171.88748444444448</ele></trkpt>
<trkpt lat="47.54996021886031" lon="17.756084004341197"><ele>172.35263851851855</ele></trkpt>
<trkpt lat="47.550016521669285" lon="17.7561524553526"><ele>172.73642370370376</ele></trkpt>
<trkpt lat="47.55006414376638" lon="17.756194416310873"><ele>173.00974131944452</ele></trkpt>
<trkpt lat="47.55010675940673" lon="17.756212419755116"><ele>173.1942322916667</ele></trkpt>
<trkpt lat="47.55014859813406" lon="17.756213988597942"><ele>173.34167187500003</ele></trkpt>
<trkpt lat="47.55019183777954" lon="17.756206438560735"><ele>173.51654722222224</ele></trkpt>
<trkpt lat="47.550237741365926" lon="17.75619388129513"><ele>173.77920601851855</ele></trkpt>
<trkpt lat="47.550287097800954" lon="17.75617811061896"><ele>174.16123842592594</ele></trkpt>
<trkpt lat="47.550338680555576" lon="17.756160824743823"><ele>174.63605034722224</ele></trkpt>
<trkpt lat="47.55038801793984" lon="17.75614494220345"><ele>175.12966724537037</ele></trkpt>
<trkpt lat="47.55043029953278" lon="17.75613346154863"><ele>175.56927694187243</ele></trkpt>
<trkpt lat="47.550464096364905" lon="17.75612771006232"><ele>175.93139146090536</ele></trkpt>
<trkpt lat="47.55049203864457" lon="17.75612690939072"><ele>176.24380015432098</ele></trkpt>
<trkpt lat="47.550519371249166" lon="17.756129850243898"><ele>176.56984439300413</ele></trkpt>
<trkpt lat="47.5505526953661" lon="17.756136336591354"><ele>176.9956031378601</ele></trkpt>
<trkpt lat="47.5506004166667" lon="17.756147708115293"><ele>177.63458333333335</ele></trkpt>
<trkpt lat="47.55067024862828" lon="17.756165666640552"><ele>178.59105195473254</ele></trkpt>
<trkpt lat="47.550764478738024" lon="17.756190739370766"><ele>179.8935931069959</ele></trkpt>
<trkpt lat="47.55087509773665" lon="17.75622107452379"><ele>181.42866512345682</ele></trkpt>
<trkpt lat="47.55098588305902" lon="17.756253239348506"><ele>182.9699742798354</ele></trkpt>
<trkpt lat="47.551080680727054" lon="17.7562845554823"><ele>184.29379886831276</ele></trkpt>
<trkpt lat="47.5511516666667" lon="17.756315208040625"><ele>185.2935416666667</ele></trkpt>
<trkpt lat="47.55120161522637" lon="17.756349002703978"><ele>186.01066615226338</ele></trkpt>
<trkpt lat="47.55123838477368" lon="17.756389255658906"><ele>186.55199588477367</ele></trkpt>
<trkpt lat="47.55126975308643" lon="17.75643557341407"><ele>187.010100308642</ele></trkpt>
<trkpt lat="47.55129911865571" lon="17.75648037283176"><ele>187.40257115912212</ele></trkpt>
<trkpt lat="47.551327465706464" lon="17.756515851270333"><ele>187.72266546639233</ele></trkpt>
<trkpt lat="47.55135460905352" lon="17.75653874482014"><ele>187.98508230452674</ele></trkpt>
<trkpt lat="47.55138155660582" lon="17.756554100624104"><ele>188.25989368998628</ele></trkpt>
<trkpt lat="47.55140945805472" lon="17.756569093753225"><ele>188.62027606310014</ele></trkpt>
<trkpt lat="47.551438813978926" lon="17.756589372359446"><ele>189.0942618312757</ele></trkpt>
<trkpt lat="47.551470468964354" lon="17.756619527478495"><ele>189.686984739369</ele></trkpt>
<trkpt lat="47.55150624142664" lon="17.756664801189903"><ele>190.41596536351165</ele></trkpt>
<trkpt lat="47.55154856481484" lon="17.756729059258497"><ele>191.3105787037037</ele></trkpt>
<trkpt lat="47.55159714409724" lon="17.756809122836845"><ele>192.3315972222222</ele></trkpt>
<trkpt lat="47.551649372106496" lon="17.756896203261277"><ele>193.3638425925926</ele></trkpt>
<trkpt lat="47.551702656134275" lon="17.75698200253269"><ele>194.28675833333335</ele></trkpt>
<trkpt lat="47.55175683425928" lon="17.757063797901587"><ele>195.06346574074075</ele></trkpt>
<trkpt lat="47.55181225555557" lon="17.75714089935488"><ele>195.73929444444448</ele></trkpt>
<trkpt lat="47.55186939537039" lon="17.75721140338746"><ele>196.40095462962967</ele></trkpt>
<trkpt lat="47.55193085462965" lon="17.757273217677554"><ele>197.16079537037038</ele></trkpt>
<trkpt lat="47.55200289185188" lon="17.757328248369134"><ele>198.14412592592595</ele></trkpt>
<trkpt lat="47.55209045481484" lon="17.757380821602652"><ele>199.41909629629635</ele></trkpt>
<trkpt lat="47.552190168888906" lon="17.757432719345662"><ele>200.90451111111113</ele></trkpt>
<trkpt lat="47.55229017037039" lon="17.757480737211566"><ele>202.38058518518523</ele></trkpt>
<trkpt lat="47.552378714074095" lon="17.75752007071324"><ele>203.6236814814815</ele></trkpt>
<trkpt lat="47.55245270432873" lon="17.757548933902967"><ele>204.544072337963</ele></trkpt>
<trkpt lat="47.552517315393544" lon="17.75757018098483"><ele>205.20681793981484</ele></trkpt>
<trkpt lat="47.5525788884028" lon="17.757589954379913"><ele>205.74895659722225</ele></trkpt>
<trkpt lat="47.55264013407409" lon="17.757616770177425"><ele>206.31183425925926</ele></trkpt>
<trkpt lat="47.55270186798612" lon="17.757659450031888"><ele>207.01201215277777</ele></trkpt>
<trkpt lat="47.552764649884274" lon="17.75772264133233"><ele>207.90720775462964</ele></trkpt>
<trkpt lat="47.55282769097223" lon="17.75780131893708"><ele>208.94246527777779</ele></trkpt>
<trkpt lat="47.55288680266206" lon="17.75788224203422"><ele>209.95639178240742</ele></trkpt>
<trkpt lat="47.5529378608325" lon="17.75795299169675"><ele>210.78824256258574</ele></trkpt>
<trkpt lat="47.552980507544596" lon="17.75800964315192"><ele>211.37968535665294</ele></trkpt>
<trkpt lat="47.553019462127075" lon="17.758057083510817"><ele>211.7889001414609</ele></trkpt>
<trkpt lat="47.553059695323235" lon="17.7581013251968"><ele>212.10277381258572</ele></trkpt>
<trkpt lat="47.553104043102735" lon="17.758145846572553"><ele>212.38445998371057</ele></trkpt>
<trkpt lat="47.55315091113685" lon="17.75818952208344"><ele>212.6578446502058</ele></trkpt>
<trkpt lat="47.55319835819618" lon="17.758230966058562"><ele>212.95098593964337</ele></trkpt>
<trkpt lat="47.55324554773235" lon="17.7582695589496"><ele>213.29881472908096</ele></trkpt>
<trkpt lat="47.55329416377317" lon="17.758306730151727"><ele>213.72850694444446</ele></trkpt>
<trkpt lat="47.55334417534724" lon="17.75834236094263"><ele>214.21218750000003</ele></trkpt>
<trkpt lat="47.55339278356483" lon="17.758373501023158"><ele>214.66555555555556</ele></trkpt>
<trkpt lat="47.55343684177814" lon="17.758395936348347"><ele>214.9959756515775</ele></trkpt>
<trkpt lat="47.5534760639575" lon="17.758407524832567"><ele>215.16347908093277</ele></trkpt>
<trkpt lat="47.55351313239456" lon="17.758408816234578"><ele>215.1945820473251</ele></trkpt>
<trkpt lat="47.55354940575706" lon="17.758401572174236"><ele>215.14677254801097</ele></trkpt>
<trkpt lat="47.55358475705163" lon="17.758387993224858"><ele>215.07322230795612</ele></trkpt>
<trkpt lat="47.55361741255146" lon="17.758372749507963"><ele>215.01956790123455</ele></trkpt>
<trkpt lat="47.55364815157753" lon="17.758362897749727"><ele>215.03576131687242</ele></trkpt>
<trkpt lat="47.5536800017147" lon="17.758367289723093"><ele>215.1888683127572</ele></trkpt>
<trkpt lat="47.55371958333336" lon="17.758393957806685"><ele>215.55833333333334</ele></trkpt>
<trkpt lat="47.553773214163265" lon="17.758448577608988"><ele>216.21148834019206</ele></trkpt>
<trkpt lat="47.55384348851169" lon="17.758530836325267"><ele>217.1561865569273</ele></trkpt>
<trkpt lat="47.553925244341585" lon="17.75863166006321"><ele>218.3015020576132</ele></trkpt>
<trkpt lat="47.55400741598083" lon="17.758735311599334"><ele>219.48340877914956</ele></trkpt>
<trkpt lat="47.554079109224986" lon="17.7588272195075"><ele>220.55296982167357</ele></trkpt>
<trkpt lat="47.55413562500003" lon="17.758901457677023"><ele>221.46000000000004</ele></trkpt>
<trkpt lat="47.554179899905705" lon="17.758962253309246"><ele>222.2686599794239</ele></trkpt>
<trkpt lat="47.55421815050585" lon="17.759018070037556"><ele>223.07711162551442</ele></trkpt>
<trkpt lat="47.554255868698576" lon="17.759076633594745"><ele>223.9475077160494</ele></trkpt>
<trkpt lat="47.55429569873115" lon="17.759142690019864"><ele>224.8681069958848</ele></trkpt>
<trkpt lat="47.554339409936574" lon="17.75922064068555"><ele>225.81585615997943</ele></trkpt>
<trkpt lat="47.554387517361135" lon="17.759312401135304"><ele>226.77279224537037</ele></trkpt>
<trkpt lat="47.55443802083336" lon="17.759413680040772"><ele>227.72157118055557</ele></trkpt>
<trkpt lat="47.55448515625002" lon="17.75951271368862"><ele>228.6049537037037</ele></trkpt>
<trkpt lat="47.5545230295139" lon="17.75959815365411"><ele>229.36720775462962</ele></trkpt>
<trkpt lat="47.5545494184028" lon="17.75966670123888"><ele>229.9994010416667</ele></trkpt>
<trkpt lat="47.55456653645836" lon="17.759724010340552"><ele>230.5510416666667</ele></trkpt>
<trkpt lat="47.55457776041669" lon="17.759779635370798"><ele>231.09594618055556</ele></trkpt>
<trkpt lat="47.554585410879646" lon="17.759842850081917"><ele>231.70643229166666</ele></trkpt>
<trkpt lat="47.554590300925945" lon="17.759919076942996"><ele>232.42807291666665</ele></trkpt>
<trkpt lat="47.55459219618057" lon="17.760006154507792"><ele>233.246328125</ele></trkpt>
<trkpt lat="47.55458932002317" lon="17.76009519679112"><ele>234.09236979166667</ele></trkpt>
<trkpt lat="47.554579210254644" lon="17.760177179253525"><ele>234.89699196759258</ele></trkpt>
<trkpt lat="47.554560337222235" lon="17.760249282551925"><ele>235.64136962962965</ele></trkpt>
<trkpt lat="47.55453395500002" lon="17.760313620679373"><ele>236.33808902777778</ele></trkpt>
<trkpt lat="47.554502183333355" lon="17.760373769114388"><ele>237.00556226851853</ele></trkpt>
<trkpt lat="47.554464984444465" lon="17.760434221765472"><ele>237.67448606481483</ele></trkpt>
<trkpt lat="47.5544193505693" lon="17.76050101832583"><ele>238.40178959533608</ele></trkpt>
<trkpt lat="47.554362735768194" lon="17.760578836012865"><ele>239.237249005487</ele></trkpt>
<trkpt lat="47.554297423189325" lon="17.760665756107898"><ele>240.16402174897124</ele></trkpt>
<trkpt lat="47.55422872941017" lon="17.76075531615238"><ele>241.11719017832652</ele></trkpt>
<trkpt lat="47.554160055507566" lon="17.760842827470064"><ele>242.0499883607682</ele></trkpt>
<trkpt lat="47.55408770833335" lon="17.760932292980915"><ele>243.00729166666667</ele></trkpt>
<trkpt lat="47.55400379886832" lon="17.761033164521983"><ele>244.0910845336077</ele></trkpt>
<trkpt lat="47.55390315329219" lon="17.761152006754294"><ele>245.37167524005488</ele></trkpt>
<trkpt lat="47.55379014660495" lon="17.761284074003793"><ele>246.79820730452678</ele></trkpt>
<trkpt lat="47.553677389403305" lon="17.761414560729335"><ele>248.21317986968452</ele></trkpt>
<trkpt lat="47.553577595164626" lon="17.761528010111867"><ele>249.45432527434843</ele></trkpt>
<trkpt lat="47.55349541666668" lon="17.761617917817144"><ele>250.45791666666665</ele></trkpt>
<trkpt lat="47.55342538398064" lon="17.76168928661326"><ele>251.2860388803155</ele></trkpt>
<trkpt lat="47.55335849847824" lon="17.761751589247602"><ele>252.04880422668037</ele></trkpt>
<trkpt lat="47.55328818319189" lon="17.761811862662118"><ele>252.8329430298354</ele></trkpt>
<trkpt lat="47.55321350908781" lon="17.76187052430115"><ele>253.6630306927298</ele></trkpt>
<trkpt lat="47.55313459019206" lon="17.76192577641611"><ele>254.54993259173526</ele></trkpt>
<trkpt lat="47.55305194444446" lon="17.76197606809319"><ele>255.49537905092595</ele></trkpt>
<trkpt lat="47.55296747395836" lon="17.762021536806134"><ele>256.4803211805556</ele></trkpt>
<trkpt lat="47.55288721354169" lon="17.76206111139201"><ele>257.4402835648148</ele></trkpt>
<trkpt lat="47.552816924189834" lon="17.76209353318016"><ele>258.31657986111117</ele></trkpt>
<trkpt lat="47.552757702546316" lon="17.762119071308874"><ele>259.0963310185186</ele></trkpt>
<trkpt lat="47.552705329861126" lon="17.76214098969261"><ele>259.8002517361112</ele></trkpt>
<trkpt lat="47.55265351851854" lon="17.76216459216085"><ele>260.43653067129634</ele></trkpt>
<trkpt lat="47.55259614872688" lon="17.76219539954195"><ele>261.0011892361112</ele></trkpt>
<trkpt lat="47.552529673032424" lon="17.76223639790911"><ele>261.4984953703704</ele></trkpt>
<trkpt lat="47.55245681423613" lon="17.762285000382953"><ele>261.9371180555556</ele></trkpt>
<trkpt lat="47.552387042824094" lon="17.762333602756197"><ele>262.3027662037037</ele></trkpt>
<trkpt lat="47.55232997106482" lon="17.76237502046447"><ele>262.56792824074074</ele></trkpt>
<trkpt lat="47.552288263888904" lon="17.76240752325608"><ele>262.72277777777776</ele></trkpt>
<trkpt lat="47.55225701388889" lon="17.762434606527254"><ele>262.79277777777776</ele></trkpt>
<trkpt lat="47.552229999999994" lon="17.76246"><ele>262.82</ele></trkpt>
</trkseg>
</trk></gpx>
