<?xml version="1.0" encoding="UTF-8"?>
<gpx version="1.1" creator="BikeTerra" xmlns="http://www.topografix.com/GPX/1/1" xmlns:biketerra="https://biketerra.com/xmlns/gpx/1">
    <metadata>
        <name>FoCo Fondo Classic 2 hour</name>
        <extensions>
            <biketerra:version>2.0.0</biketerra:version>
            <biketerra:isLoop>false</biketerra:isLoop>
            <biketerra:defaultSurface>asphalt</biketerra:defaultSurface>
        </extensions>
    </metadata>
    <trk>
        <name>FoCo Fondo Classic 2 hour</name>
        <trkseg>
            <trkpt lat="40.610402" lon="-104.919386"><ele>1600.91</ele></trkpt>
            <trkpt lat="40.610406" lon="-104.919224"><ele>1601.02</ele></trkpt>
            <trkpt lat="40.61041" lon="-104.9191"><ele>1601.4</ele></trkpt>
            <trkpt lat="40.610412" lon="-104.918988"><ele>1601.83</ele></trkpt>
            <trkpt lat="40.610415" lon="-104.918877"><ele>1602.24</ele></trkpt>
            <trkpt lat="40.610419" lon="-104.918724"><ele>1602.8</ele></trkpt>
            <trkpt lat="40.610423" lon="-104.918598"><ele>1603.26</ele></trkpt>
            <trkpt lat="40.610431" lon="-104.918296"><ele>1604.22</ele></trkpt>
            <trkpt lat="40.610435" lon="-104.918133"><ele>1604.65</ele></trkpt>
            <trkpt lat="40.610438" lon="-104.918023"><ele>1604.88</ele></trkpt>
            <trkpt lat="40.610443" lon="-104.917804"><ele>1605.2</ele></trkpt>
            <trkpt lat="40.610449" lon="-104.917579"><ele>1605.34</ele></trkpt>
            <trkpt lat="40.610456" lon="-104.917335"><ele>1605.3</ele></trkpt>
            <trkpt lat="40.610459" lon="-104.917208"><ele>1605.21</ele></trkpt>
            <trkpt lat="40.610465" lon="-104.916959"><ele>1604.89</ele></trkpt>
            <trkpt lat="40.61047" lon="-104.916786"><ele>1604.58</ele></trkpt>
            <trkpt lat="40.610477" lon="-104.916506"><ele>1603.94</ele></trkpt>
            <trkpt lat="40.610485" lon="-104.9162"><ele>1603.1</ele></trkpt>
            <trkpt lat="40.61049" lon="-104.915955"><ele>1602.29</ele></trkpt>
            <trkpt lat="40.610493" lon="-104.91574"><ele>1601.47</ele></trkpt>
            <trkpt lat="40.610493" lon="-104.915646"><ele>1601.07</ele></trkpt>
            <trkpt lat="40.610492" lon="-104.915555"><ele>1600.67</ele></trkpt>
            <trkpt lat="40.610488" lon="-104.91542"><ele>1600.04</ele></trkpt>
            <trkpt lat="40.61048" lon="-104.915234"><ele>1599.13</ele></trkpt>
            <trkpt lat="40.610473" lon="-104.915072"><ele>1598.33</ele></trkpt>
            <trkpt lat="40.610457" lon="-104.914733"><ele>1596.77</ele></trkpt>
            <trkpt lat="40.610452" lon="-104.914616"><ele>1596.3</ele></trkpt>
            <trkpt lat="40.610448" lon="-104.914518"><ele>1595.95</ele></trkpt>
            <trkpt lat="40.610445" lon="-104.91442"><ele>1595.65</ele></trkpt>
            <trkpt lat="40.610444" lon="-104.914324"><ele>1595.39</ele></trkpt>
            <trkpt lat="40.610445" lon="-104.914233"><ele>1595.18</ele></trkpt>
            <trkpt lat="40.610448" lon="-104.914143"><ele>1595.01</ele></trkpt>
            <trkpt lat="40.610454" lon="-104.914055"><ele>1594.86</ele></trkpt>
            <trkpt lat="40.610462" lon="-104.913966"><ele>1594.73</ele></trkpt>
            <trkpt lat="40.610472" lon="-104.913877"><ele>1594.61</ele></trkpt>
            <trkpt lat="40.610487" lon="-104.913746"><ele>1594.44</ele></trkpt>
            <trkpt lat="40.610496" lon="-104.91366"><ele>1594.32</ele></trkpt>
            <trkpt lat="40.610503" lon="-104.913576"><ele>1594.2</ele></trkpt>
            <trkpt lat="40.610509" lon="-104.913491"><ele>1594.06</ele></trkpt>
            <trkpt lat="40.610514" lon="-104.9134"><ele>1593.9</ele></trkpt>
            <trkpt lat="40.610517" lon="-104.913302"><ele>1593.7</ele></trkpt>
            <trkpt lat="40.610521" lon="-104.913137"><ele>1593.33</ele></trkpt>
            <trkpt lat="40.610522" lon="-104.913018"><ele>1593.05</ele></trkpt>
            <trkpt lat="40.610524" lon="-104.912896"><ele>1592.76</ele></trkpt>
            <trkpt lat="40.610525" lon="-104.912776"><ele>1592.48</ele></trkpt>
            <trkpt lat="40.610525" lon="-104.912661"><ele>1592.25</ele></trkpt>
            <trkpt lat="40.610526" lon="-104.912551"><ele>1592.07</ele></trkpt>
            <trkpt lat="40.610527" lon="-104.912443"><ele>1591.95</ele></trkpt>
            <trkpt lat="40.610528" lon="-104.912335"><ele>1591.89</ele></trkpt>
            <trkpt lat="40.610529" lon="-104.912164"><ele>1591.93</ele></trkpt>
            <trkpt lat="40.610529" lon="-104.912047"><ele>1592.06</ele></trkpt>
            <trkpt lat="40.61053" lon="-104.911925"><ele>1592.27</ele></trkpt>
            <trkpt lat="40.610531" lon="-104.911768"><ele>1592.64</ele></trkpt>
            <trkpt lat="40.610534" lon="-104.911347"><ele>1593.93</ele></trkpt>
            <trkpt lat="40.610535" lon="-104.911179"><ele>1594.44</ele></trkpt>
            <trkpt lat="40.610537" lon="-104.910937"><ele>1595.05</ele></trkpt>
            <trkpt lat="40.610538" lon="-104.910816"><ele>1595.26</ele></trkpt>
            <trkpt lat="40.61054" lon="-104.910703"><ele>1595.37</ele></trkpt>
            <trkpt lat="40.610543" lon="-104.910593"><ele>1595.38</ele></trkpt>
            <trkpt lat="40.610546" lon="-104.910492"><ele>1595.3</ele></trkpt>
            <trkpt lat="40.610551" lon="-104.910397"><ele>1595.13</ele></trkpt>
            <trkpt lat="40.610557" lon="-104.910306"><ele>1594.89</ele></trkpt>
            <trkpt lat="40.610564" lon="-104.910215"><ele>1594.58</ele></trkpt>
            <trkpt lat="40.610573" lon="-104.910123"><ele>1594.19</ele></trkpt>
            <trkpt lat="40.610587" lon="-104.909981"><ele>1593.47</ele></trkpt>
            <trkpt lat="40.610596" lon="-104.909886"><ele>1592.93</ele></trkpt>
            <trkpt lat="40.610604" lon="-104.909793"><ele>1592.38</ele></trkpt>
            <trkpt lat="40.610611" lon="-104.909701"><ele>1591.82</ele></trkpt>
            <trkpt lat="40.610615" lon="-104.909608"><ele>1591.26</ele></trkpt>
            <trkpt lat="40.610618" lon="-104.90951"><ele>1590.68</ele></trkpt>
            <trkpt lat="40.610618" lon="-104.909405"><ele>1590.08</ele></trkpt>
            <trkpt lat="40.610617" lon="-104.909291"><ele>1589.46</ele></trkpt>
            <trkpt lat="40.610613" lon="-104.909105"><ele>1588.55</ele></trkpt>
            <trkpt lat="40.610605" lon="-104.908851"><ele>1587.48</ele></trkpt>
            <trkpt lat="40.610589" lon="-104.90833"><ele>1585.6</ele></trkpt>
            <trkpt lat="40.610581" lon="-104.908084"><ele>1584.79</ele></trkpt>
            <trkpt lat="40.610574" lon="-104.907832"><ele>1583.99</ele></trkpt>
            <trkpt lat="40.610569" lon="-104.907611"><ele>1583.32</ele></trkpt>
            <trkpt lat="40.610568" lon="-104.907515"><ele>1583.05</ele></trkpt>
            <trkpt lat="40.61057" lon="-104.907365"><ele>1582.65</ele></trkpt>
            <trkpt lat="40.610573" lon="-104.907251"><ele>1582.37</ele></trkpt>
            <trkpt lat="40.610578" lon="-104.907136"><ele>1582.12</ele></trkpt>
            <trkpt lat="40.610585" lon="-104.907003"><ele>1581.87</ele></trkpt>
            <trkpt lat="40.610594" lon="-104.906849"><ele>1581.65</ele></trkpt>
            <trkpt lat="40.610607" lon="-104.906614"><ele>1581.46</ele></trkpt>
            <trkpt lat="40.610615" lon="-104.906468"><ele>1581.42</ele></trkpt>
            <trkpt lat="40.610622" lon="-104.90635"><ele>1581.43</ele></trkpt>
            <trkpt lat="40.61063" lon="-104.906156"><ele>1581.5</ele></trkpt>
            <trkpt lat="40.610637" lon="-104.905972"><ele>1581.62</ele></trkpt>
            <trkpt lat="40.610646" lon="-104.905713"><ele>1581.83</ele></trkpt>
            <trkpt lat="40.610652" lon="-104.905544"><ele>1581.97</ele></trkpt>
            <trkpt lat="40.610663" lon="-104.905189"><ele>1582.17</ele></trkpt>
            <trkpt lat="40.610666" lon="-104.905091"><ele>1582.19</ele></trkpt>
            <trkpt lat="40.610673" lon="-104.90489"><ele>1582.17</ele></trkpt>
            <trkpt lat="40.610683" lon="-104.904567"><ele>1581.95</ele></trkpt>
            <trkpt lat="40.61069" lon="-104.904346"><ele>1581.66</ele></trkpt>
            <trkpt lat="40.6107" lon="-104.904035"><ele>1581.05</ele></trkpt>
            <trkpt lat="40.610705" lon="-104.903882"><ele>1580.66</ele></trkpt>
            <trkpt lat="40.61071" lon="-104.90373"><ele>1580.22</ele></trkpt>
            <trkpt lat="40.610724" lon="-104.903288"><ele>1578.73</ele></trkpt>
            <trkpt lat="40.610729" lon="-104.903127"><ele>1578.16</ele></trkpt>
            <trkpt lat="40.610736" lon="-104.902907"><ele>1577.39</ele></trkpt>
            <trkpt lat="40.610748" lon="-104.902527"><ele>1576.12</ele></trkpt>
            <trkpt lat="40.610753" lon="-104.902354"><ele>1575.57</ele></trkpt>
            <trkpt lat="40.610763" lon="-104.902051"><ele>1574.66</ele></trkpt>
            <trkpt lat="40.610774" lon="-104.90171"><ele>1573.68</ele></trkpt>
            <trkpt lat="40.610781" lon="-104.901458"><ele>1572.96</ele></trkpt>
            <trkpt lat="40.610788" lon="-104.901226"><ele>1572.28</ele></trkpt>
            <trkpt lat="40.610791" lon="-104.901067"><ele>1571.81</ele></trkpt>
            <trkpt lat="40.610797" lon="-104.900685"><ele>1570.64</ele></trkpt>
            <trkpt lat="40.610807" lon="-104.900016"><ele>1568.55</ele></trkpt>
            <trkpt lat="40.610818" lon="-104.899289"><ele>1566.34</ele></trkpt>
            <trkpt lat="40.610822" lon="-104.898991"><ele>1565.49</ele></trkpt>
            <trkpt lat="40.610826" lon="-104.898766"><ele>1564.88</ele></trkpt>
            <trkpt lat="40.610833" lon="-104.898263"><ele>1563.56</ele></trkpt>
            <trkpt lat="40.610842" lon="-104.897676"><ele>1561.98</ele></trkpt>
            <trkpt lat="40.610846" lon="-104.897403"><ele>1561.2</ele></trkpt>
            <trkpt lat="40.610857" lon="-104.896659"><ele>1558.97</ele></trkpt>
            <trkpt lat="40.610861" lon="-104.896381"><ele>1558.14</ele></trkpt>
            <trkpt lat="40.610868" lon="-104.895886"><ele>1556.74</ele></trkpt>
            <trkpt lat="40.610871" lon="-104.895728"><ele>1556.34</ele></trkpt>
            <trkpt lat="40.610877" lon="-104.895424"><ele>1555.68</ele></trkpt>
            <trkpt lat="40.61088" lon="-104.895253"><ele>1555.37</ele></trkpt>
            <trkpt lat="40.610888" lon="-104.894841"><ele>1554.74</ele></trkpt>
            <trkpt lat="40.610898" lon="-104.894385"><ele>1554.14</ele></trkpt>
            <trkpt lat="40.61091" lon="-104.893781"><ele>1553.34</ele></trkpt>
            <trkpt lat="40.61092" lon="-104.893297"><ele>1552.67</ele></trkpt>
            <trkpt lat="40.610927" lon="-104.892924"><ele>1552.14</ele></trkpt>
            <trkpt lat="40.610929" lon="-104.892768"><ele>1551.93</ele></trkpt>
            <trkpt lat="40.610931" lon="-104.892547"><ele>1551.63</ele></trkpt>
            <trkpt lat="40.610933" lon="-104.89209"><ele>1551.08</ele></trkpt>
            <trkpt lat="40.610934" lon="-104.891848"><ele>1550.84</ele></trkpt>
            <trkpt lat="40.610935" lon="-104.891619"><ele>1550.64</ele></trkpt>
            <trkpt lat="40.610936" lon="-104.891381"><ele>1550.47</ele></trkpt>
            <trkpt lat="40.610936" lon="-104.891255"><ele>1550.4</ele></trkpt>
            <trkpt lat="40.610934" lon="-104.891129"><ele>1550.33</ele></trkpt>
            <trkpt lat="40.61093" lon="-104.89101"><ele>1550.28</ele></trkpt>
            <trkpt lat="40.610924" lon="-104.890904"><ele>1550.24</ele></trkpt>
            <trkpt lat="40.610918" lon="-104.890856"><ele>1550.23</ele></trkpt>
            <trkpt lat="40.610911" lon="-104.890813"><ele>1550.21</ele></trkpt>
            <trkpt lat="40.610901" lon="-104.890773"><ele>1550.2</ele></trkpt>
            <trkpt lat="40.610886" lon="-104.890736"><ele>1550.19</ele></trkpt>
            <trkpt lat="40.610866" lon="-104.890704"><ele>1550.18</ele></trkpt>
            <trkpt lat="40.610842" lon="-104.890681"><ele>1550.17</ele></trkpt>
            <trkpt lat="40.610813" lon="-104.890665"><ele>1550.17</ele></trkpt>
            <trkpt lat="40.61078" lon="-104.890656"><ele>1550.16</ele></trkpt>
            <trkpt lat="40.610743" lon="-104.890652"><ele>1550.15</ele></trkpt>
            <trkpt lat="40.610703" lon="-104.890653"><ele>1550.15</ele></trkpt>
            <trkpt lat="40.61062" lon="-104.890663"><ele>1550.14</ele></trkpt>
            <trkpt lat="40.610538" lon="-104.890676"><ele>1550.13</ele></trkpt>
            <trkpt lat="40.610271" lon="-104.890725"><ele>1550.15</ele></trkpt>
            <trkpt lat="40.610173" lon="-104.890742"><ele>1550.16</ele></trkpt>
            <trkpt lat="40.610096" lon="-104.890754"><ele>1550.17</ele></trkpt>
            <trkpt lat="40.610024" lon="-104.890762"><ele>1550.18</ele></trkpt>
            <trkpt lat="40.609921" lon="-104.890767"><ele>1550.19</ele></trkpt>
            <trkpt lat="40.609857" lon="-104.890767"><ele>1550.19</ele></trkpt>
            <trkpt lat="40.609797" lon="-104.890764"><ele>1550.19</ele></trkpt>
            <trkpt lat="40.609747" lon="-104.890757"><ele>1550.19</ele></trkpt>
            <trkpt lat="40.609704" lon="-104.890746"><ele>1550.19</ele></trkpt>
            <trkpt lat="40.609666" lon="-104.89073"><ele>1550.18</ele></trkpt>
            <trkpt lat="40.609629" lon="-104.89071"><ele>1550.18</ele></trkpt>
            <trkpt lat="40.609593" lon="-104.890685"><ele>1550.17</ele></trkpt>
            <trkpt lat="40.609557" lon="-104.890655"><ele>1550.17</ele></trkpt>
            <trkpt lat="40.609522" lon="-104.890622"><ele>1550.16</ele></trkpt>
            <trkpt lat="40.609488" lon="-104.890587"><ele>1550.15</ele></trkpt>
            <trkpt lat="40.609455" lon="-104.890549"><ele>1550.14</ele></trkpt>
            <trkpt lat="40.609423" lon="-104.890506"><ele>1550.12</ele></trkpt>
            <trkpt lat="40.609368" lon="-104.890425"><ele>1550.1</ele></trkpt>
            <trkpt lat="40.609324" lon="-104.890354"><ele>1550.07</ele></trkpt>
            <trkpt lat="40.609265" lon="-104.890258"><ele>1550.04</ele></trkpt>
            <trkpt lat="40.609157" lon="-104.89008"><ele>1549.99</ele></trkpt>
            <trkpt lat="40.609016" lon="-104.889846"><ele>1549.94</ele></trkpt>
            <trkpt lat="40.608961" lon="-104.889752"><ele>1549.93</ele></trkpt>
            <trkpt lat="40.608911" lon="-104.889667"><ele>1549.93</ele></trkpt>
            <trkpt lat="40.608864" lon="-104.889583"><ele>1549.92</ele></trkpt>
            <trkpt lat="40.60882" lon="-104.889501"><ele>1549.93</ele></trkpt>
            <trkpt lat="40.608778" lon="-104.889418"><ele>1549.93</ele></trkpt>
            <trkpt lat="40.608738" lon="-104.889331"><ele>1549.94</ele></trkpt>
            <trkpt lat="40.608698" lon="-104.889242"><ele>1549.95</ele></trkpt>
            <trkpt lat="40.608662" lon="-104.889149"><ele>1549.96</ele></trkpt>
            <trkpt lat="40.608628" lon="-104.889056"><ele>1549.99</ele></trkpt>
            <trkpt lat="40.608584" lon="-104.888926"><ele>1550.03</ele></trkpt>
            <trkpt lat="40.608558" lon="-104.888852"><ele>1550.06</ele></trkpt>
            <trkpt lat="40.608523" lon="-104.888766"><ele>1550.11</ele></trkpt>
            <trkpt lat="40.608498" lon="-104.888721"><ele>1550.15</ele></trkpt>
            <trkpt lat="40.60847" lon="-104.888681"><ele>1550.19</ele></trkpt>
            <trkpt lat="40.608438" lon="-104.888645"><ele>1550.24</ele></trkpt>
            <trkpt lat="40.608402" lon="-104.888612"><ele>1550.3</ele></trkpt>
            <trkpt lat="40.608362" lon="-104.888582"><ele>1550.37</ele></trkpt>
            <trkpt lat="40.608318" lon="-104.888554"><ele>1550.45</ele></trkpt>
            <trkpt lat="40.608271" lon="-104.888531"><ele>1550.55</ele></trkpt>
            <trkpt lat="40.608218" lon="-104.888513"><ele>1550.67</ele></trkpt>
            <trkpt lat="40.608188" lon="-104.888506"><ele>1550.75</ele></trkpt>
            <trkpt lat="40.608124" lon="-104.888497"><ele>1550.92</ele></trkpt>
            <trkpt lat="40.608055" lon="-104.888492"><ele>1551.13</ele></trkpt>
            <trkpt lat="40.607985" lon="-104.888491"><ele>1551.37</ele></trkpt>
            <trkpt lat="40.60779" lon="-104.888491"><ele>1552.17</ele></trkpt>
            <trkpt lat="40.607428" lon="-104.888492"><ele>1553.97</ele></trkpt>
            <trkpt lat="40.607175" lon="-104.888493"><ele>1555.41</ele></trkpt>
            <trkpt lat="40.607024" lon="-104.888494"><ele>1556.33</ele></trkpt>
            <trkpt lat="40.606729" lon="-104.888495"><ele>1558.17</ele></trkpt>
            <trkpt lat="40.606514" lon="-104.888496"><ele>1559.43</ele></trkpt>
            <trkpt lat="40.606357" lon="-104.888497"><ele>1560.25</ele></trkpt>
            <trkpt lat="40.606198" lon="-104.888497"><ele>1560.95</ele></trkpt>
            <trkpt lat="40.606031" lon="-104.888498"><ele>1561.5</ele></trkpt>
            <trkpt lat="40.605873" lon="-104.888499"><ele>1561.87</ele></trkpt>
            <trkpt lat="40.605764" lon="-104.8885"><ele>1562.03</ele></trkpt>
            <trkpt lat="40.605604" lon="-104.888501"><ele>1562.16</ele></trkpt>
            <trkpt lat="40.605382" lon="-104.888503"><ele>1562.2</ele></trkpt>
            <trkpt lat="40.605081" lon="-104.888507"><ele>1562.15</ele></trkpt>
            <trkpt lat="40.604884" lon="-104.888509"><ele>1562.14</ele></trkpt>
            <trkpt lat="40.604693" lon="-104.888512"><ele>1562.19</ele></trkpt>
            <trkpt lat="40.604562" lon="-104.888513"><ele>1562.27</ele></trkpt>
            <trkpt lat="40.604283" lon="-104.888517"><ele>1562.57</ele></trkpt>
            <trkpt lat="40.60402" lon="-104.88852"><ele>1563.01</ele></trkpt>
            <trkpt lat="40.603824" lon="-104.888522"><ele>1563.39</ele></trkpt>
            <trkpt lat="40.603478" lon="-104.888527"><ele>1564.09</ele></trkpt>
            <trkpt lat="40.603235" lon="-104.88853"><ele>1564.5</ele></trkpt>
            <trkpt lat="40.603113" lon="-104.888531"><ele>1564.66</ele></trkpt>
            <trkpt lat="40.602894" lon="-104.888534"><ele>1564.86</ele></trkpt>
            <trkpt lat="40.602384" lon="-104.88854"><ele>1565.1</ele></trkpt>
            <trkpt lat="40.602196" lon="-104.888543"><ele>1565.18</ele></trkpt>
            <trkpt lat="40.601665" lon="-104.88855"><ele>1565.43</ele></trkpt>
            <trkpt lat="40.601314" lon="-104.888555"><ele>1565.65</ele></trkpt>
            <trkpt lat="40.600845" lon="-104.888562"><ele>1566.02</ele></trkpt>
            <trkpt lat="40.600535" lon="-104.888566"><ele>1566.34</ele></trkpt>
            <trkpt lat="40.600228" lon="-104.88857"><ele>1566.73</ele></trkpt>
            <trkpt lat="40.600088" lon="-104.888572"><ele>1566.93</ele></trkpt>
            <trkpt lat="40.599589" lon="-104.888579"><ele>1567.56</ele></trkpt>
            <trkpt lat="40.599403" lon="-104.888582"><ele>1567.63</ele></trkpt>
            <trkpt lat="40.599228" lon="-104.888584"><ele>1567.5</ele></trkpt>
            <trkpt lat="40.599144" lon="-104.888585"><ele>1567.37</ele></trkpt>
            <trkpt lat="40.598972" lon="-104.888588"><ele>1566.94</ele></trkpt>
            <trkpt lat="40.598798" lon="-104.88859"><ele>1566.31</ele></trkpt>
            <trkpt lat="40.598292" lon="-104.888597"><ele>1563.97</ele></trkpt>
            <trkpt lat="40.597883" lon="-104.888603"><ele>1561.97</ele></trkpt>
            <trkpt lat="40.597567" lon="-104.888607"><ele>1560.46</ele></trkpt>
            <trkpt lat="40.597411" lon="-104.888609"><ele>1559.75</ele></trkpt>
            <trkpt lat="40.596986" lon="-104.888615"><ele>1557.86</ele></trkpt>
            <trkpt lat="40.596758" lon="-104.888618"><ele>1556.85</ele></trkpt>
            <trkpt lat="40.596549" lon="-104.888621"><ele>1555.95</ele></trkpt>
            <trkpt lat="40.59646" lon="-104.888621"><ele>1555.59</ele></trkpt>
            <trkpt lat="40.596371" lon="-104.88862"><ele>1555.25</ele></trkpt>
            <trkpt lat="40.596284" lon="-104.888616"><ele>1554.96</ele></trkpt>
            <trkpt lat="40.596204" lon="-104.888609"><ele>1554.72</ele></trkpt>
            <trkpt lat="40.596133" lon="-104.888594"><ele>1554.55</ele></trkpt>
            <trkpt lat="40.596101" lon="-104.888583"><ele>1554.48</ele></trkpt>
            <trkpt lat="40.59607" lon="-104.888566"><ele>1554.42</ele></trkpt>
            <trkpt lat="40.59604" lon="-104.888542"><ele>1554.36</ele></trkpt>
            <trkpt lat="40.596013" lon="-104.888511"><ele>1554.31</ele></trkpt>
            <trkpt lat="40.595991" lon="-104.888473"><ele>1554.28</ele></trkpt>
            <trkpt lat="40.595974" lon="-104.888432"><ele>1554.25</ele></trkpt>
            <trkpt lat="40.595962" lon="-104.888389"><ele>1554.24</ele></trkpt>
            <trkpt lat="40.595953" lon="-104.888345"><ele>1554.24</ele></trkpt>
            <trkpt lat="40.595942" lon="-104.888248"><ele>1554.26</ele></trkpt>
            <trkpt lat="40.595936" lon="-104.88814"><ele>1554.33</ele></trkpt>
            <trkpt lat="40.595932" lon="-104.888024"><ele>1554.46</ele></trkpt>
            <trkpt lat="40.59593" lon="-104.887907"><ele>1554.63</ele></trkpt>
            <trkpt lat="40.59593" lon="-104.887793"><ele>1554.83</ele></trkpt>
            <trkpt lat="40.595929" lon="-104.887486"><ele>1555.48</ele></trkpt>
            <trkpt lat="40.595929" lon="-104.887291"><ele>1555.95</ele></trkpt>
            <trkpt lat="40.595928" lon="-104.886829"><ele>1557.19</ele></trkpt>
            <trkpt lat="40.595928" lon="-104.886343"><ele>1558.6</ele></trkpt>
            <trkpt lat="40.595928" lon="-104.886124"><ele>1559.26</ele></trkpt>
            <trkpt lat="40.595928" lon="-104.885792"><ele>1560.22</ele></trkpt>
            <trkpt lat="40.595927" lon="-104.885601"><ele>1560.73</ele></trkpt>
            <trkpt lat="40.595927" lon="-104.885342"><ele>1561.3</ele></trkpt>
            <trkpt lat="40.595927" lon="-104.88515"><ele>1561.61</ele></trkpt>
            <trkpt lat="40.595927" lon="-104.885003"><ele>1561.79</ele></trkpt>
            <trkpt lat="40.595927" lon="-104.884626"><ele>1562.04</ele></trkpt>
            <trkpt lat="40.595926" lon="-104.884202"><ele>1562.03</ele></trkpt>
            <trkpt lat="40.595926" lon="-104.883975"><ele>1561.92</ele></trkpt>
            <trkpt lat="40.595926" lon="-104.883823"><ele>1561.8</ele></trkpt>
            <trkpt lat="40.595926" lon="-104.883569"><ele>1561.53</ele></trkpt>
            <trkpt lat="40.595925" lon="-104.882916"><ele>1560.65</ele></trkpt>
            <trkpt lat="40.595925" lon="-104.882496"><ele>1560.1</ele></trkpt>
            <trkpt lat="40.595924" lon="-104.88213"><ele>1559.7</ele></trkpt>
            <trkpt lat="40.595924" lon="-104.881721"><ele>1559.33</ele></trkpt>
            <trkpt lat="40.595924" lon="-104.881218"><ele>1558.93</ele></trkpt>
            <trkpt lat="40.595923" lon="-104.880985"><ele>1558.72</ele></trkpt>
            <trkpt lat="40.595923" lon="-104.88067"><ele>1558.38</ele></trkpt>
            <trkpt lat="40.595923" lon="-104.880225"><ele>1557.83</ele></trkpt>
            <trkpt lat="40.595922" lon="-104.879836"><ele>1557.24</ele></trkpt>
            <trkpt lat="40.595922" lon="-104.879481"><ele>1556.57</ele></trkpt>
            <trkpt lat="40.595922" lon="-104.87925"><ele>1556.03</ele></trkpt>
            <trkpt lat="40.595922" lon="-104.879102"><ele>1555.63</ele></trkpt>
            <trkpt lat="40.595922" lon="-104.878926"><ele>1555.11</ele></trkpt>
            <trkpt lat="40.595921" lon="-104.878332"><ele>1553.15</ele></trkpt>
            <trkpt lat="40.595921" lon="-104.878182"><ele>1552.67</ele></trkpt>
            <trkpt lat="40.595921" lon="-104.877937"><ele>1551.9</ele></trkpt>
            <trkpt lat="40.59592" lon="-104.877587"><ele>1550.9</ele></trkpt>
            <trkpt lat="40.59592" lon="-104.877343"><ele>1550.26</ele></trkpt>
            <trkpt lat="40.595919" lon="-104.877193"><ele>1549.9</ele></trkpt>
            <trkpt lat="40.595918" lon="-104.876977"><ele>1549.41</ele></trkpt>
            <trkpt lat="40.595916" lon="-104.876801"><ele>1549.04</ele></trkpt>
            <trkpt lat="40.595914" lon="-104.8765"><ele>1548.47</ele></trkpt>
            <trkpt lat="40.595912" lon="-104.876262"><ele>1548.09</ele></trkpt>
            <trkpt lat="40.59591" lon="-104.876031"><ele>1547.79</ele></trkpt>
            <trkpt lat="40.595908" lon="-104.875795"><ele>1547.57</ele></trkpt>
            <trkpt lat="40.595905" lon="-104.875495"><ele>1547.44</ele></trkpt>
            <trkpt lat="40.595904" lon="-104.875325"><ele>1547.45</ele></trkpt>
            <trkpt lat="40.595902" lon="-104.875136"><ele>1547.52</ele></trkpt>
            <trkpt lat="40.595901" lon="-104.875018"><ele>1547.61</ele></trkpt>
            <trkpt lat="40.595899" lon="-104.874783"><ele>1547.83</ele></trkpt>
            <trkpt lat="40.595897" lon="-104.874535"><ele>1548.12</ele></trkpt>
            <trkpt lat="40.595893" lon="-104.874126"><ele>1548.52</ele></trkpt>
            <trkpt lat="40.595892" lon="-104.873888"><ele>1548.6</ele></trkpt>
            <trkpt lat="40.595891" lon="-104.873771"><ele>1548.58</ele></trkpt>
            <trkpt lat="40.595891" lon="-104.873654"><ele>1548.51</ele></trkpt>
            <trkpt lat="40.595891" lon="-104.873531"><ele>1548.39</ele></trkpt>
            <trkpt lat="40.595891" lon="-104.873405"><ele>1548.23</ele></trkpt>
            <trkpt lat="40.595891" lon="-104.87304"><ele>1547.64</ele></trkpt>
            <trkpt lat="40.595891" lon="-104.872854"><ele>1547.34</ele></trkpt>
            <trkpt lat="40.595892" lon="-104.87268"><ele>1547.08</ele></trkpt>
            <trkpt lat="40.595892" lon="-104.872424"><ele>1546.75</ele></trkpt>
            <trkpt lat="40.595893" lon="-104.872088"><ele>1546.34</ele></trkpt>
            <trkpt lat="40.595893" lon="-104.871892"><ele>1546.07</ele></trkpt>
            <trkpt lat="40.595893" lon="-104.871728"><ele>1545.8</ele></trkpt>
            <trkpt lat="40.595893" lon="-104.871477"><ele>1545.33</ele></trkpt>
            <trkpt lat="40.595894" lon="-104.871159"><ele>1544.73</ele></trkpt>
            <trkpt lat="40.595894" lon="-104.870992"><ele>1544.47</ele></trkpt>
            <trkpt lat="40.595894" lon="-104.870873"><ele>1544.33</ele></trkpt>
            <trkpt lat="40.595895" lon="-104.870751"><ele>1544.22</ele></trkpt>
            <trkpt lat="40.595895" lon="-104.870274"><ele>1544.11</ele></trkpt>
            <trkpt lat="40.595896" lon="-104.870045"><ele>1544.22</ele></trkpt>
            <trkpt lat="40.595896" lon="-104.869874"><ele>1544.36</ele></trkpt>
            <trkpt lat="40.595896" lon="-104.869483"><ele>1544.77</ele></trkpt>
            <trkpt lat="40.595897" lon="-104.869265"><ele>1544.96</ele></trkpt>
            <trkpt lat="40.595897" lon="-104.869088"><ele>1545.05</ele></trkpt>
            <trkpt lat="40.595897" lon="-104.868921"><ele>1545.07</ele></trkpt>
            <trkpt lat="40.595898" lon="-104.86873"><ele>1545.02</ele></trkpt>
            <trkpt lat="40.595898" lon="-104.868539"><ele>1544.89</ele></trkpt>
            <trkpt lat="40.595898" lon="-104.868309"><ele>1544.67</ele></trkpt>
            <trkpt lat="40.595899" lon="-104.868067"><ele>1544.37</ele></trkpt>
            <trkpt lat="40.595899" lon="-104.867635"><ele>1543.68</ele></trkpt>
            <trkpt lat="40.5959" lon="-104.867372"><ele>1543.09</ele></trkpt>
            <trkpt lat="40.5959" lon="-104.867247"><ele>1542.74</ele></trkpt>
            <trkpt lat="40.5959" lon="-104.867127"><ele>1542.34</ele></trkpt>
            <trkpt lat="40.595901" lon="-104.86701"><ele>1541.91</ele></trkpt>
            <trkpt lat="40.595901" lon="-104.866774"><ele>1540.9</ele></trkpt>
            <trkpt lat="40.595904" lon="-104.866216"><ele>1538.13</ele></trkpt>
            <trkpt lat="40.595907" lon="-104.865651"><ele>1535.22</ele></trkpt>
            <trkpt lat="40.595908" lon="-104.865416"><ele>1534.06</ele></trkpt>
            <trkpt lat="40.595909" lon="-104.865227"><ele>1533.18</ele></trkpt>
            <trkpt lat="40.595912" lon="-104.864745"><ele>1531.15</ele></trkpt>
            <trkpt lat="40.595913" lon="-104.864566"><ele>1530.49</ele></trkpt>
            <trkpt lat="40.595914" lon="-104.864309"><ele>1529.69</ele></trkpt>
            <trkpt lat="40.595915" lon="-104.864041"><ele>1529.05</ele></trkpt>
            <trkpt lat="40.595916" lon="-104.86385"><ele>1528.72</ele></trkpt>
            <trkpt lat="40.595917" lon="-104.863729"><ele>1528.57</ele></trkpt>
            <trkpt lat="40.595918" lon="-104.863494"><ele>1528.39</ele></trkpt>
            <trkpt lat="40.59592" lon="-104.863117"><ele>1528.33</ele></trkpt>
            <trkpt lat="40.595921" lon="-104.862793"><ele>1528.45</ele></trkpt>
            <trkpt lat="40.595923" lon="-104.862407"><ele>1528.72</ele></trkpt>
            <trkpt lat="40.595927" lon="-104.861746"><ele>1529.38</ele></trkpt>
            <trkpt lat="40.595928" lon="-104.861466"><ele>1529.73</ele></trkpt>
            <trkpt lat="40.59593" lon="-104.861193"><ele>1530.14</ele></trkpt>
            <trkpt lat="40.595932" lon="-104.860613"><ele>1531.22</ele></trkpt>
            <trkpt lat="40.595933" lon="-104.860425"><ele>1531.64</ele></trkpt>
            <trkpt lat="40.595934" lon="-104.860243"><ele>1532.1</ele></trkpt>
            <trkpt lat="40.595935" lon="-104.86006"><ele>1532.61</ele></trkpt>
            <trkpt lat="40.595936" lon="-104.859873"><ele>1533.17</ele></trkpt>
            <trkpt lat="40.595938" lon="-104.859482"><ele>1534.39</ele></trkpt>
            <trkpt lat="40.595939" lon="-104.859088"><ele>1535.63</ele></trkpt>
            <trkpt lat="40.595939" lon="-104.858982"><ele>1535.96</ele></trkpt>
            <trkpt lat="40.595939" lon="-104.858922"><ele>1536.15</ele></trkpt>
            <trkpt lat="40.595939" lon="-104.858765"><ele>1536.67</ele></trkpt>
            <trkpt lat="40.595939" lon="-104.858676"><ele>1536.97</ele></trkpt>
            <trkpt lat="40.595939" lon="-104.858586"><ele>1537.29</ele></trkpt>
            <trkpt lat="40.595939" lon="-104.858495"><ele>1537.62</ele></trkpt>
            <trkpt lat="40.595938" lon="-104.858228"><ele>1538.65</ele></trkpt>
            <trkpt lat="40.595938" lon="-104.858067"><ele>1539.29</ele></trkpt>
            <trkpt lat="40.595937" lon="-104.857911"><ele>1539.91</ele></trkpt>
            <trkpt lat="40.595937" lon="-104.85773"><ele>1540.62</ele></trkpt>
            <trkpt lat="40.595936" lon="-104.857252"><ele>1542.39</ele></trkpt>
            <trkpt lat="40.595935" lon="-104.856929"><ele>1543.59</ele></trkpt>
            <trkpt lat="40.595934" lon="-104.856689"><ele>1544.52</ele></trkpt>
            <trkpt lat="40.595933" lon="-104.856193"><ele>1546.55</ele></trkpt>
            <trkpt lat="40.595933" lon="-104.855953"><ele>1547.56</ele></trkpt>
            <trkpt lat="40.595932" lon="-104.855792"><ele>1548.22</ele></trkpt>
            <trkpt lat="40.595931" lon="-104.855461"><ele>1549.5</ele></trkpt>
            <trkpt lat="40.595931" lon="-104.855219"><ele>1550.32</ele></trkpt>
            <trkpt lat="40.59593" lon="-104.854937"><ele>1551.09</ele></trkpt>
            <trkpt lat="40.59593" lon="-104.854717"><ele>1551.57</ele></trkpt>
            <trkpt lat="40.595929" lon="-104.854483"><ele>1551.95</ele></trkpt>
            <trkpt lat="40.595928" lon="-104.854204"><ele>1552.27</ele></trkpt>
            <trkpt lat="40.595928" lon="-104.853941"><ele>1552.47</ele></trkpt>
            <trkpt lat="40.595927" lon="-104.853425"><ele>1552.71</ele></trkpt>
            <trkpt lat="40.595926" lon="-104.853029"><ele>1552.86</ele></trkpt>
            <trkpt lat="40.595924" lon="-104.852378"><ele>1553.1</ele></trkpt>
            <trkpt lat="40.595923" lon="-104.85176"><ele>1553.41</ele></trkpt>
            <trkpt lat="40.595922" lon="-104.851417"><ele>1553.68</ele></trkpt>
            <trkpt lat="40.595921" lon="-104.851141"><ele>1553.98</ele></trkpt>
            <trkpt lat="40.595921" lon="-104.850728"><ele>1554.49</ele></trkpt>
            <trkpt lat="40.595921" lon="-104.850501"><ele>1554.75</ele></trkpt>
            <trkpt lat="40.595922" lon="-104.850174"><ele>1555.06</ele></trkpt>
            <trkpt lat="40.595924" lon="-104.849916"><ele>1555.2</ele></trkpt>
            <trkpt lat="40.595925" lon="-104.849672"><ele>1555.22</ele></trkpt>
            <trkpt lat="40.595925" lon="-104.849498"><ele>1555.17</ele></trkpt>
            <trkpt lat="40.595926" lon="-104.849271"><ele>1555.04</ele></trkpt>
            <trkpt lat="40.595929" lon="-104.84865"><ele>1554.52</ele></trkpt>
            <trkpt lat="40.59593" lon="-104.848543"><ele>1554.44</ele></trkpt>
            <trkpt lat="40.595931" lon="-104.848276"><ele>1554.3</ele></trkpt>
            <trkpt lat="40.595932" lon="-104.848093"><ele>1554.26</ele></trkpt>
            <trkpt lat="40.595933" lon="-104.847898"><ele>1554.26</ele></trkpt>
            <trkpt lat="40.595934" lon="-104.847516"><ele>1554.4</ele></trkpt>
            <trkpt lat="40.595936" lon="-104.847161"><ele>1554.64</ele></trkpt>
            <trkpt lat="40.595939" lon="-104.84637"><ele>1555.35</ele></trkpt>
            <trkpt lat="40.595943" lon="-104.845625"><ele>1556.04</ele></trkpt>
            <trkpt lat="40.595944" lon="-104.845429"><ele>1556.25</ele></trkpt>
            <trkpt lat="40.595945" lon="-104.845112"><ele>1556.62</ele></trkpt>
            <trkpt lat="40.595947" lon="-104.844618"><ele>1557.32</ele></trkpt>
            <trkpt lat="40.59595" lon="-104.844043"><ele>1558.35</ele></trkpt>
            <trkpt lat="40.595951" lon="-104.843829"><ele>1558.82</ele></trkpt>
            <trkpt lat="40.595951" lon="-104.843697"><ele>1559.15</ele></trkpt>
            <trkpt lat="40.595953" lon="-104.84321"><ele>1560.49</ele></trkpt>
            <trkpt lat="40.595955" lon="-104.842922"><ele>1561.26</ele></trkpt>
            <trkpt lat="40.595956" lon="-104.84263"><ele>1561.92</ele></trkpt>
            <trkpt lat="40.595957" lon="-104.84251"><ele>1562.14</ele></trkpt>
            <trkpt lat="40.595957" lon="-104.842362"><ele>1562.34</ele></trkpt>
            <trkpt lat="40.595958" lon="-104.842103"><ele>1562.52</ele></trkpt>
            <trkpt lat="40.595959" lon="-104.841974"><ele>1562.53</ele></trkpt>
            <trkpt lat="40.59596" lon="-104.841739"><ele>1562.45</ele></trkpt>
            <trkpt lat="40.595962" lon="-104.841385"><ele>1562.17</ele></trkpt>
            <trkpt lat="40.595963" lon="-104.841058"><ele>1561.93</ele></trkpt>
            <trkpt lat="40.595964" lon="-104.84091"><ele>1561.88</ele></trkpt>
            <trkpt lat="40.595964" lon="-104.840731"><ele>1561.89</ele></trkpt>
            <trkpt lat="40.595965" lon="-104.840498"><ele>1562.05</ele></trkpt>
            <trkpt lat="40.595966" lon="-104.840381"><ele>1562.21</ele></trkpt>
            <trkpt lat="40.595967" lon="-104.840196"><ele>1562.55</ele></trkpt>
            <trkpt lat="40.595967" lon="-104.84003"><ele>1562.96</ele></trkpt>
            <trkpt lat="40.595968" lon="-104.839843"><ele>1563.52</ele></trkpt>
            <trkpt lat="40.59597" lon="-104.839583"><ele>1564.47</ele></trkpt>
            <trkpt lat="40.59597" lon="-104.839417"><ele>1565.14</ele></trkpt>
            <trkpt lat="40.595975" lon="-104.838682"><ele>1568.38</ele></trkpt>
            <trkpt lat="40.595979" lon="-104.83806"><ele>1571.13</ele></trkpt>
            <trkpt lat="40.595983" lon="-104.83755"><ele>1573.24</ele></trkpt>
            <trkpt lat="40.595985" lon="-104.837297"><ele>1574.14</ele></trkpt>
            <trkpt lat="40.595986" lon="-104.837015"><ele>1574.91</ele></trkpt>
            <trkpt lat="40.595988" lon="-104.836799"><ele>1575.27</ele></trkpt>
            <trkpt lat="40.595989" lon="-104.836649"><ele>1575.38</ele></trkpt>
            <trkpt lat="40.59599" lon="-104.836555"><ele>1575.38</ele></trkpt>
            <trkpt lat="40.595991" lon="-104.836418"><ele>1575.3</ele></trkpt>
            <trkpt lat="40.595992" lon="-104.836322"><ele>1575.18</ele></trkpt>
            <trkpt lat="40.595995" lon="-104.836109"><ele>1574.76</ele></trkpt>
            <trkpt lat="40.596" lon="-104.835721"><ele>1573.69</ele></trkpt>
            <trkpt lat="40.596003" lon="-104.835475"><ele>1572.94</ele></trkpt>
            <trkpt lat="40.596006" lon="-104.835244"><ele>1572.24</ele></trkpt>
            <trkpt lat="40.59601" lon="-104.834917"><ele>1571.33</ele></trkpt>
            <trkpt lat="40.596015" lon="-104.834563"><ele>1570.46</ele></trkpt>
            <trkpt lat="40.596019" lon="-104.834236"><ele>1569.76</ele></trkpt>
            <trkpt lat="40.596022" lon="-104.834005"><ele>1569.31</ele></trkpt>
            <trkpt lat="40.596028" lon="-104.83358"><ele>1568.57</ele></trkpt>
            <trkpt lat="40.596032" lon="-104.833255"><ele>1568.07</ele></trkpt>
            <trkpt lat="40.596039" lon="-104.832744"><ele>1567.37</ele></trkpt>
            <trkpt lat="40.596043" lon="-104.832514"><ele>1567.1</ele></trkpt>
            <trkpt lat="40.596047" lon="-104.832395"><ele>1566.97</ele></trkpt>
            <trkpt lat="40.596054" lon="-104.832281"><ele>1566.86</ele></trkpt>
            <trkpt lat="40.596064" lon="-104.832176"><ele>1566.78</ele></trkpt>
            <trkpt lat="40.596071" lon="-104.832129"><ele>1566.74</ele></trkpt>
            <trkpt lat="40.59608" lon="-104.832084"><ele>1566.71</ele></trkpt>
            <trkpt lat="40.596093" lon="-104.83204"><ele>1566.68</ele></trkpt>
            <trkpt lat="40.596112" lon="-104.831998"><ele>1566.66</ele></trkpt>
            <trkpt lat="40.596136" lon="-104.831959"><ele>1566.63</ele></trkpt>
            <trkpt lat="40.596164" lon="-104.831927"><ele>1566.61</ele></trkpt>
            <trkpt lat="40.596195" lon="-104.831902"><ele>1566.6</ele></trkpt>
            <trkpt lat="40.596228" lon="-104.831884"><ele>1566.59</ele></trkpt>
            <trkpt lat="40.596262" lon="-104.831872"><ele>1566.58</ele></trkpt>
            <trkpt lat="40.596297" lon="-104.831863"><ele>1566.57</ele></trkpt>
            <trkpt lat="40.596376" lon="-104.83185"><ele>1566.57</ele></trkpt>
            <trkpt lat="40.596464" lon="-104.831843"><ele>1566.59</ele></trkpt>
            <trkpt lat="40.596557" lon="-104.831839"><ele>1566.62</ele></trkpt>
            <trkpt lat="40.59665" lon="-104.831837"><ele>1566.67</ele></trkpt>
            <trkpt lat="40.596916" lon="-104.831834"><ele>1566.88</ele></trkpt>
            <trkpt lat="40.597807" lon="-104.831828"><ele>1567.76</ele></trkpt>
            <trkpt lat="40.598016" lon="-104.831827"><ele>1568.03</ele></trkpt>
            <trkpt lat="40.598309" lon="-104.831825"><ele>1568.45</ele></trkpt>
            <trkpt lat="40.598721" lon="-104.831822"><ele>1569.06</ele></trkpt>
            <trkpt lat="40.598861" lon="-104.831821"><ele>1569.22</ele></trkpt>
            <trkpt lat="40.599082" lon="-104.83182"><ele>1569.39</ele></trkpt>
            <trkpt lat="40.599363" lon="-104.831818"><ele>1569.48</ele></trkpt>
            <trkpt lat="40.599689" lon="-104.831816"><ele>1569.47</ele></trkpt>
            <trkpt lat="40.600334" lon="-104.831811"><ele>1569.37</ele></trkpt>
            <trkpt lat="40.600462" lon="-104.831811"><ele>1569.37</ele></trkpt>
            <trkpt lat="40.600861" lon="-104.831808"><ele>1569.36</ele></trkpt>
            <trkpt lat="40.601187" lon="-104.831806"><ele>1569.29</ele></trkpt>
            <trkpt lat="40.601396" lon="-104.831804"><ele>1569.15</ele></trkpt>
            <trkpt lat="40.60154" lon="-104.831803"><ele>1568.97</ele></trkpt>
            <trkpt lat="40.60167" lon="-104.831803"><ele>1568.75</ele></trkpt>
            <trkpt lat="40.601811" lon="-104.831802"><ele>1568.44</ele></trkpt>
            <trkpt lat="40.601987" lon="-104.8318"><ele>1567.98</ele></trkpt>
            <trkpt lat="40.602246" lon="-104.831799"><ele>1567.2</ele></trkpt>
            <trkpt lat="40.602623" lon="-104.831796"><ele>1566.03</ele></trkpt>
            <trkpt lat="40.602879" lon="-104.831795"><ele>1565.3</ele></trkpt>
            <trkpt lat="40.60316" lon="-104.831793"><ele>1564.62</ele></trkpt>
            <trkpt lat="40.603305" lon="-104.831792"><ele>1564.32</ele></trkpt>
            <trkpt lat="40.60352" lon="-104.83179"><ele>1563.94</ele></trkpt>
            <trkpt lat="40.603655" lon="-104.831789"><ele>1563.73</ele></trkpt>
            <trkpt lat="40.604078" lon="-104.831787"><ele>1563.19</ele></trkpt>
            <trkpt lat="40.604223" lon="-104.831786"><ele>1563.01</ele></trkpt>
            <trkpt lat="40.604705" lon="-104.831782"><ele>1562.47</ele></trkpt>
            <trkpt lat="40.60485" lon="-104.831781"><ele>1562.35</ele></trkpt>
            <trkpt lat="40.604995" lon="-104.83178"><ele>1562.27</ele></trkpt>
            <trkpt lat="40.60514" lon="-104.831779"><ele>1562.24</ele></trkpt>
            <trkpt lat="40.605278" lon="-104.831779"><ele>1562.23</ele></trkpt>
            <trkpt lat="40.605412" lon="-104.831778"><ele>1562.25</ele></trkpt>
            <trkpt lat="40.605799" lon="-104.831775"><ele>1562.21</ele></trkpt>
            <trkpt lat="40.605988" lon="-104.831774"><ele>1561.96</ele></trkpt>
            <trkpt lat="40.60608" lon="-104.831773"><ele>1561.73</ele></trkpt>
            <trkpt lat="40.606168" lon="-104.831773"><ele>1561.44</ele></trkpt>
            <trkpt lat="40.606256" lon="-104.831772"><ele>1561.08</ele></trkpt>
            <trkpt lat="40.606388" lon="-104.831771"><ele>1560.43</ele></trkpt>
            <trkpt lat="40.606485" lon="-104.831771"><ele>1559.89</ele></trkpt>
            <trkpt lat="40.60668" lon="-104.831769"><ele>1558.79</ele></trkpt>
            <trkpt lat="40.606791" lon="-104.831769"><ele>1558.22</ele></trkpt>
            <trkpt lat="40.606925" lon="-104.831768"><ele>1557.65</ele></trkpt>
            <trkpt lat="40.607013" lon="-104.831767"><ele>1557.38</ele></trkpt>
            <trkpt lat="40.607101" lon="-104.831766"><ele>1557.2</ele></trkpt>
            <trkpt lat="40.607237" lon="-104.831766"><ele>1557.08</ele></trkpt>
            <trkpt lat="40.607333" lon="-104.831765"><ele>1557.11</ele></trkpt>
            <trkpt lat="40.607573" lon="-104.831763"><ele>1557.45</ele></trkpt>
            <trkpt lat="40.607692" lon="-104.831763"><ele>1557.69</ele></trkpt>
            <trkpt lat="40.607881" lon="-104.831761"><ele>1558.05</ele></trkpt>
            <trkpt lat="40.60808" lon="-104.83176"><ele>1558.28</ele></trkpt>
            <trkpt lat="40.608161" lon="-104.831759"><ele>1558.31</ele></trkpt>
            <trkpt lat="40.608305" lon="-104.831758"><ele>1558.25</ele></trkpt>
            <trkpt lat="40.60843" lon="-104.831758"><ele>1558.07</ele></trkpt>
            <trkpt lat="40.608527" lon="-104.831757"><ele>1557.86</ele></trkpt>
            <trkpt lat="40.608615" lon="-104.831756"><ele>1557.62</ele></trkpt>
            <trkpt lat="40.608878" lon="-104.831755"><ele>1556.81</ele></trkpt>
            <trkpt lat="40.608996" lon="-104.831754"><ele>1556.46</ele></trkpt>
            <trkpt lat="40.609126" lon="-104.831753"><ele>1556.15</ele></trkpt>
            <trkpt lat="40.609268" lon="-104.831752"><ele>1555.91</ele></trkpt>
            <trkpt lat="40.609564" lon="-104.83175"><ele>1555.76</ele></trkpt>
            <trkpt lat="40.609611" lon="-104.83175"><ele>1555.78</ele></trkpt>
            <trkpt lat="40.609831" lon="-104.831747"><ele>1556.05</ele></trkpt>
            <trkpt lat="40.60996" lon="-104.831746"><ele>1556.33</ele></trkpt>
            <trkpt lat="40.610152" lon="-104.831744"><ele>1556.89</ele></trkpt>
            <trkpt lat="40.610284" lon="-104.831743"><ele>1557.35</ele></trkpt>
            <trkpt lat="40.610541" lon="-104.83174"><ele>1558.3</ele></trkpt>
            <trkpt lat="40.610693" lon="-104.831739"><ele>1558.81</ele></trkpt>
            <trkpt lat="40.610828" lon="-104.831737"><ele>1559.2</ele></trkpt>
            <trkpt lat="40.610938" lon="-104.831736"><ele>1559.46</ele></trkpt>
            <trkpt lat="40.611235" lon="-104.831734"><ele>1559.96</ele></trkpt>
            <trkpt lat="40.611373" lon="-104.831733"><ele>1560.11</ele></trkpt>
            <trkpt lat="40.611437" lon="-104.831734"><ele>1560.17</ele></trkpt>
            <trkpt lat="40.611504" lon="-104.831737"><ele>1560.22</ele></trkpt>
            <trkpt lat="40.611574" lon="-104.831741"><ele>1560.27</ele></trkpt>
            <trkpt lat="40.611677" lon="-104.831753"><ele>1560.31</ele></trkpt>
            <trkpt lat="40.611748" lon="-104.831764"><ele>1560.34</ele></trkpt>
            <trkpt lat="40.611822" lon="-104.831777"><ele>1560.36</ele></trkpt>
            <trkpt lat="40.611896" lon="-104.831791"><ele>1560.37</ele></trkpt>
            <trkpt lat="40.612045" lon="-104.831823"><ele>1560.4</ele></trkpt>
            <trkpt lat="40.612117" lon="-104.83184"><ele>1560.42</ele></trkpt>
            <trkpt lat="40.612268" lon="-104.831881"><ele>1560.47</ele></trkpt>
            <trkpt lat="40.612547" lon="-104.83196"><ele>1560.7</ele></trkpt>
            <trkpt lat="40.612677" lon="-104.831994"><ele>1560.88</ele></trkpt>
            <trkpt lat="40.61281" lon="-104.832025"><ele>1561.11</ele></trkpt>
            <trkpt lat="40.613067" lon="-104.832082"><ele>1561.58</ele></trkpt>
            <trkpt lat="40.6132" lon="-104.832111"><ele>1561.76</ele></trkpt>
            <trkpt lat="40.613267" lon="-104.832125"><ele>1561.83</ele></trkpt>
            <trkpt lat="40.613399" lon="-104.832154"><ele>1561.88</ele></trkpt>
            <trkpt lat="40.613522" lon="-104.832181"><ele>1561.85</ele></trkpt>
            <trkpt lat="40.613626" lon="-104.832205"><ele>1561.77</ele></trkpt>
            <trkpt lat="40.61371" lon="-104.832226"><ele>1561.68</ele></trkpt>
            <trkpt lat="40.613774" lon="-104.832243"><ele>1561.6</ele></trkpt>
            <trkpt lat="40.613828" lon="-104.83226"><ele>1561.53</ele></trkpt>
            <trkpt lat="40.61389" lon="-104.832282"><ele>1561.45</ele></trkpt>
            <trkpt lat="40.61396" lon="-104.83231"><ele>1561.36</ele></trkpt>
            <trkpt lat="40.614029" lon="-104.832339"><ele>1561.28</ele></trkpt>
            <trkpt lat="40.614196" lon="-104.832413"><ele>1561.15</ele></trkpt>
            <trkpt lat="40.614334" lon="-104.832472"><ele>1561.11</ele></trkpt>
            <trkpt lat="40.614428" lon="-104.832508"><ele>1561.11</ele></trkpt>
            <trkpt lat="40.614491" lon="-104.832532"><ele>1561.13</ele></trkpt>
            <trkpt lat="40.614626" lon="-104.832576"><ele>1561.21</ele></trkpt>
            <trkpt lat="40.614896" lon="-104.83266"><ele>1561.42</ele></trkpt>
            <trkpt lat="40.615021" lon="-104.832701"><ele>1561.53</ele></trkpt>
            <trkpt lat="40.615086" lon="-104.832725"><ele>1561.59</ele></trkpt>
            <trkpt lat="40.615147" lon="-104.83275"><ele>1561.64</ele></trkpt>
            <trkpt lat="40.615204" lon="-104.832778"><ele>1561.7</ele></trkpt>
            <trkpt lat="40.615259" lon="-104.832809"><ele>1561.75</ele></trkpt>
            <trkpt lat="40.615313" lon="-104.832845"><ele>1561.81</ele></trkpt>
            <trkpt lat="40.615365" lon="-104.832886"><ele>1561.86</ele></trkpt>
            <trkpt lat="40.615415" lon="-104.832934"><ele>1561.92</ele></trkpt>
            <trkpt lat="40.615463" lon="-104.832989"><ele>1561.99</ele></trkpt>
            <trkpt lat="40.615512" lon="-104.833051"><ele>1562.06</ele></trkpt>
            <trkpt lat="40.615559" lon="-104.833118"><ele>1562.13</ele></trkpt>
            <trkpt lat="40.61561" lon="-104.833194"><ele>1562.21</ele></trkpt>
            <trkpt lat="40.61569" lon="-104.833319"><ele>1562.32</ele></trkpt>
            <trkpt lat="40.615732" lon="-104.833382"><ele>1562.38</ele></trkpt>
            <trkpt lat="40.61577" lon="-104.833435"><ele>1562.42</ele></trkpt>
            <trkpt lat="40.615805" lon="-104.833478"><ele>1562.45</ele></trkpt>
            <trkpt lat="40.615839" lon="-104.833513"><ele>1562.47</ele></trkpt>
            <trkpt lat="40.615858" lon="-104.833528"><ele>1562.48</ele></trkpt>
            <trkpt lat="40.615897" lon="-104.833556"><ele>1562.49</ele></trkpt>
            <trkpt lat="40.615942" lon="-104.83358"><ele>1562.51</ele></trkpt>
            <trkpt lat="40.615989" lon="-104.8336"><ele>1562.52</ele></trkpt>
            <trkpt lat="40.616035" lon="-104.833614"><ele>1562.52</ele></trkpt>
            <trkpt lat="40.616076" lon="-104.83362"><ele>1562.52</ele></trkpt>
            <trkpt lat="40.616095" lon="-104.83362"><ele>1562.52</ele></trkpt>
            <trkpt lat="40.616131" lon="-104.833616"><ele>1562.52</ele></trkpt>
            <trkpt lat="40.616166" lon="-104.833606"><ele>1562.52</ele></trkpt>
            <trkpt lat="40.616207" lon="-104.833589"><ele>1562.51</ele></trkpt>
            <trkpt lat="40.616257" lon="-104.833565"><ele>1562.51</ele></trkpt>
            <trkpt lat="40.616367" lon="-104.833507"><ele>1562.52</ele></trkpt>
            <trkpt lat="40.616476" lon="-104.833449"><ele>1562.54</ele></trkpt>
            <trkpt lat="40.616616" lon="-104.833373"><ele>1562.61</ele></trkpt>
            <trkpt lat="40.616751" lon="-104.833302"><ele>1562.7</ele></trkpt>
            <trkpt lat="40.616844" lon="-104.833255"><ele>1562.75</ele></trkpt>
            <trkpt lat="40.616966" lon="-104.833196"><ele>1562.79</ele></trkpt>
            <trkpt lat="40.617093" lon="-104.833138"><ele>1562.77</ele></trkpt>
            <trkpt lat="40.617191" lon="-104.833095"><ele>1562.68</ele></trkpt>
            <trkpt lat="40.617253" lon="-104.833068"><ele>1562.6</ele></trkpt>
            <trkpt lat="40.617351" lon="-104.833027"><ele>1562.41</ele></trkpt>
            <trkpt lat="40.617425" lon="-104.832997"><ele>1562.23</ele></trkpt>
            <trkpt lat="40.617528" lon="-104.832958"><ele>1561.93</ele></trkpt>
            <trkpt lat="40.617596" lon="-104.832933"><ele>1561.71</ele></trkpt>
            <trkpt lat="40.617736" lon="-104.832882"><ele>1561.21</ele></trkpt>
            <trkpt lat="40.617865" lon="-104.832837"><ele>1560.73</ele></trkpt>
            <trkpt lat="40.61799" lon="-104.832797"><ele>1560.29</ele></trkpt>
            <trkpt lat="40.618055" lon="-104.832779"><ele>1560.08</ele></trkpt>
            <trkpt lat="40.618119" lon="-104.832764"><ele>1559.89</ele></trkpt>
            <trkpt lat="40.618186" lon="-104.832752"><ele>1559.71</ele></trkpt>
            <trkpt lat="40.618258" lon="-104.832745"><ele>1559.54</ele></trkpt>
            <trkpt lat="40.61833" lon="-104.832745"><ele>1559.4</ele></trkpt>
            <trkpt lat="40.618398" lon="-104.83275"><ele>1559.29</ele></trkpt>
            <trkpt lat="40.618465" lon="-104.832759"><ele>1559.2</ele></trkpt>
            <trkpt lat="40.618536" lon="-104.832771"><ele>1559.13</ele></trkpt>
            <trkpt lat="40.618614" lon="-104.832785"><ele>1559.07</ele></trkpt>
            <trkpt lat="40.618848" lon="-104.832828"><ele>1559.04</ele></trkpt>
            <trkpt lat="40.618986" lon="-104.832851"><ele>1559.1</ele></trkpt>
            <trkpt lat="40.619097" lon="-104.832867"><ele>1559.19</ele></trkpt>
            <trkpt lat="40.619308" lon="-104.832897"><ele>1559.47</ele></trkpt>
            <trkpt lat="40.619501" lon="-104.832923"><ele>1559.84</ele></trkpt>
            <trkpt lat="40.619663" lon="-104.832946"><ele>1560.23</ele></trkpt>
            <trkpt lat="40.619741" lon="-104.832957"><ele>1560.45</ele></trkpt>
            <trkpt lat="40.619808" lon="-104.832968"><ele>1560.64</ele></trkpt>
            <trkpt lat="40.619909" lon="-104.832989"><ele>1560.93</ele></trkpt>
            <trkpt lat="40.619966" lon="-104.833004"><ele>1561.11</ele></trkpt>
            <trkpt lat="40.620016" lon="-104.833021"><ele>1561.26</ele></trkpt>
            <trkpt lat="40.620063" lon="-104.83304"><ele>1561.4</ele></trkpt>
            <trkpt lat="40.620114" lon="-104.833062"><ele>1561.56</ele></trkpt>
            <trkpt lat="40.620173" lon="-104.83309"><ele>1561.73</ele></trkpt>
            <trkpt lat="40.620294" lon="-104.83315"><ele>1562.08</ele></trkpt>
            <trkpt lat="40.620576" lon="-104.833293"><ele>1562.81</ele></trkpt>
            <trkpt lat="40.620918" lon="-104.833468"><ele>1563.58</ele></trkpt>
            <trkpt lat="40.621114" lon="-104.833568"><ele>1563.98</ele></trkpt>
            <trkpt lat="40.621263" lon="-104.833646"><ele>1564.28</ele></trkpt>
            <trkpt lat="40.62133" lon="-104.833683"><ele>1564.41</ele></trkpt>
            <trkpt lat="40.621396" lon="-104.83372"><ele>1564.55</ele></trkpt>
            <trkpt lat="40.621467" lon="-104.833763"><ele>1564.71</ele></trkpt>
            <trkpt lat="40.621537" lon="-104.833809"><ele>1564.87</ele></trkpt>
            <trkpt lat="40.621603" lon="-104.833857"><ele>1565.04</ele></trkpt>
            <trkpt lat="40.621668" lon="-104.833906"><ele>1565.2</ele></trkpt>
            <trkpt lat="40.621726" lon="-104.833953"><ele>1565.35</ele></trkpt>
            <trkpt lat="40.621774" lon="-104.833994"><ele>1565.48</ele></trkpt>
            <trkpt lat="40.621811" lon="-104.83403"><ele>1565.57</ele></trkpt>
            <trkpt lat="40.621842" lon="-104.834062"><ele>1565.64</ele></trkpt>
            <trkpt lat="40.621868" lon="-104.834094"><ele>1565.7</ele></trkpt>
            <trkpt lat="40.621893" lon="-104.834128"><ele>1565.75</ele></trkpt>
            <trkpt lat="40.621917" lon="-104.834168"><ele>1565.8</ele></trkpt>
            <trkpt lat="40.621941" lon="-104.834213"><ele>1565.83</ele></trkpt>
            <trkpt lat="40.621964" lon="-104.834266"><ele>1565.86</ele></trkpt>
            <trkpt lat="40.622001" lon="-104.834351"><ele>1565.85</ele></trkpt>
            <trkpt lat="40.62202" lon="-104.834392"><ele>1565.82</ele></trkpt>
            <trkpt lat="40.62205" lon="-104.834435"><ele>1565.77</ele></trkpt>
            <trkpt lat="40.622074" lon="-104.834453"><ele>1565.73</ele></trkpt>
            <trkpt lat="40.622101" lon="-104.834463"><ele>1565.67</ele></trkpt>
            <trkpt lat="40.62213" lon="-104.834466"><ele>1565.61</ele></trkpt>
            <trkpt lat="40.622161" lon="-104.834459"><ele>1565.53</ele></trkpt>
            <trkpt lat="40.622214" lon="-104.834434"><ele>1565.35</ele></trkpt>
            <trkpt lat="40.622259" lon="-104.834405"><ele>1565.17</ele></trkpt>
            <trkpt lat="40.622315" lon="-104.834367"><ele>1564.9</ele></trkpt>
            <trkpt lat="40.622634" lon="-104.834144"><ele>1563.06</ele></trkpt>
            <trkpt lat="40.622732" lon="-104.834077"><ele>1562.52</ele></trkpt>
            <trkpt lat="40.622821" lon="-104.83402"><ele>1562.08</ele></trkpt>
            <trkpt lat="40.622879" lon="-104.833985"><ele>1561.83</ele></trkpt>
            <trkpt lat="40.62294" lon="-104.833948"><ele>1561.59</ele></trkpt>
            <trkpt lat="40.623123" lon="-104.833845"><ele>1561.08</ele></trkpt>
            <trkpt lat="40.623206" lon="-104.833798"><ele>1560.94</ele></trkpt>
            <trkpt lat="40.623273" lon="-104.833757"><ele>1560.86</ele></trkpt>
            <trkpt lat="40.623329" lon="-104.833718"><ele>1560.82</ele></trkpt>
            <trkpt lat="40.623377" lon="-104.833679"><ele>1560.81</ele></trkpt>
            <trkpt lat="40.623418" lon="-104.833637"><ele>1560.81</ele></trkpt>
            <trkpt lat="40.623456" lon="-104.833589"><ele>1560.83</ele></trkpt>
            <trkpt lat="40.623488" lon="-104.833537"><ele>1560.86</ele></trkpt>
            <trkpt lat="40.623515" lon="-104.833483"><ele>1560.91</ele></trkpt>
            <trkpt lat="40.623535" lon="-104.833431"><ele>1560.96</ele></trkpt>
            <trkpt lat="40.623549" lon="-104.833383"><ele>1561.01</ele></trkpt>
            <trkpt lat="40.623558" lon="-104.833338"><ele>1561.06</ele></trkpt>
            <trkpt lat="40.623562" lon="-104.833291"><ele>1561.13</ele></trkpt>
            <trkpt lat="40.623564" lon="-104.833233"><ele>1561.21</ele></trkpt>
            <trkpt lat="40.623564" lon="-104.833155"><ele>1561.34</ele></trkpt>
            <trkpt lat="40.623561" lon="-104.833057"><ele>1561.52</ele></trkpt>
            <trkpt lat="40.623553" lon="-104.832779"><ele>1562.22</ele></trkpt>
            <trkpt lat="40.623549" lon="-104.832652"><ele>1562.63</ele></trkpt>
            <trkpt lat="40.623546" lon="-104.832551"><ele>1563</ele></trkpt>
            <trkpt lat="40.623546" lon="-104.83247"><ele>1563.33</ele></trkpt>
            <trkpt lat="40.623547" lon="-104.832407"><ele>1563.61</ele></trkpt>
            <trkpt lat="40.623551" lon="-104.832352"><ele>1563.86</ele></trkpt>
            <trkpt lat="40.623559" lon="-104.832298"><ele>1564.14</ele></trkpt>
            <trkpt lat="40.623569" lon="-104.832238"><ele>1564.45</ele></trkpt>
            <trkpt lat="40.623584" lon="-104.832175"><ele>1564.81</ele></trkpt>
            <trkpt lat="40.6236" lon="-104.832111"><ele>1565.19</ele></trkpt>
            <trkpt lat="40.623619" lon="-104.83205"><ele>1565.58</ele></trkpt>
            <trkpt lat="40.623638" lon="-104.831994"><ele>1565.95</ele></trkpt>
            <trkpt lat="40.62366" lon="-104.831941"><ele>1566.33</ele></trkpt>
            <trkpt lat="40.623686" lon="-104.83189"><ele>1566.72</ele></trkpt>
            <trkpt lat="40.623716" lon="-104.831837"><ele>1567.15</ele></trkpt>
            <trkpt lat="40.623751" lon="-104.831784"><ele>1567.62</ele></trkpt>
            <trkpt lat="40.623788" lon="-104.831734"><ele>1568.08</ele></trkpt>
            <trkpt lat="40.623826" lon="-104.831688"><ele>1568.53</ele></trkpt>
            <trkpt lat="40.623863" lon="-104.831648"><ele>1568.95</ele></trkpt>
            <trkpt lat="40.6239" lon="-104.831614"><ele>1569.35</ele></trkpt>
            <trkpt lat="40.623937" lon="-104.831586"><ele>1569.72</ele></trkpt>
            <trkpt lat="40.623975" lon="-104.831563"><ele>1570.08</ele></trkpt>
            <trkpt lat="40.624015" lon="-104.831543"><ele>1570.45</ele></trkpt>
            <trkpt lat="40.624056" lon="-104.831525"><ele>1570.81</ele></trkpt>
            <trkpt lat="40.6241" lon="-104.831508"><ele>1571.19</ele></trkpt>
            <trkpt lat="40.624146" lon="-104.831493"><ele>1571.58</ele></trkpt>
            <trkpt lat="40.624192" lon="-104.83148"><ele>1571.96</ele></trkpt>
            <trkpt lat="40.624238" lon="-104.83147"><ele>1572.33</ele></trkpt>
            <trkpt lat="40.624312" lon="-104.83146"><ele>1572.9</ele></trkpt>
            <trkpt lat="40.624371" lon="-104.831456"><ele>1573.34</ele></trkpt>
            <trkpt lat="40.624497" lon="-104.831454"><ele>1574.25</ele></trkpt>
            <trkpt lat="40.624807" lon="-104.831456"><ele>1576.26</ele></trkpt>
            <trkpt lat="40.624931" lon="-104.831454"><ele>1576.93</ele></trkpt>
            <trkpt lat="40.624988" lon="-104.831451"><ele>1577.2</ele></trkpt>
            <trkpt lat="40.625033" lon="-104.831444"><ele>1577.4</ele></trkpt>
            <trkpt lat="40.625068" lon="-104.831434"><ele>1577.55</ele></trkpt>
            <trkpt lat="40.625097" lon="-104.83142"><ele>1577.67</ele></trkpt>
            <trkpt lat="40.625123" lon="-104.831401"><ele>1577.78</ele></trkpt>
            <trkpt lat="40.625147" lon="-104.831377"><ele>1577.88</ele></trkpt>
            <trkpt lat="40.625168" lon="-104.83135"><ele>1577.97</ele></trkpt>
            <trkpt lat="40.625184" lon="-104.831321"><ele>1578.05</ele></trkpt>
            <trkpt lat="40.625196" lon="-104.83129"><ele>1578.12</ele></trkpt>
            <trkpt lat="40.625203" lon="-104.831251"><ele>1578.2</ele></trkpt>
            <trkpt lat="40.625209" lon="-104.831157"><ele>1578.35</ele></trkpt>
            <trkpt lat="40.625211" lon="-104.831075"><ele>1578.47</ele></trkpt>
            <trkpt lat="40.625215" lon="-104.830881"><ele>1578.67</ele></trkpt>
            <trkpt lat="40.625219" lon="-104.830578"><ele>1578.95</ele></trkpt>
            <trkpt lat="40.625222" lon="-104.830348"><ele>1579.23</ele></trkpt>
            <trkpt lat="40.625224" lon="-104.830184"><ele>1579.5</ele></trkpt>
            <trkpt lat="40.625225" lon="-104.830074"><ele>1579.72</ele></trkpt>
            <trkpt lat="40.62523" lon="-104.829682"><ele>1580.66</ele></trkpt>
            <trkpt lat="40.625232" lon="-104.829522"><ele>1581.09</ele></trkpt>
            <trkpt lat="40.625235" lon="-104.82929"><ele>1581.77</ele></trkpt>
            <trkpt lat="40.625239" lon="-104.828959"><ele>1582.86</ele></trkpt>
            <trkpt lat="40.625241" lon="-104.828847"><ele>1583.28</ele></trkpt>
            <trkpt lat="40.625242" lon="-104.828707"><ele>1583.86</ele></trkpt>
            <trkpt lat="40.625245" lon="-104.828529"><ele>1584.69</ele></trkpt>
            <trkpt lat="40.625246" lon="-104.828439"><ele>1585.14</ele></trkpt>
            <trkpt lat="40.625248" lon="-104.828267"><ele>1586.07</ele></trkpt>
            <trkpt lat="40.625253" lon="-104.8279"><ele>1588.12</ele></trkpt>
            <trkpt lat="40.625254" lon="-104.827746"><ele>1588.92</ele></trkpt>
            <trkpt lat="40.625256" lon="-104.82759"><ele>1589.64</ele></trkpt>
            <trkpt lat="40.625258" lon="-104.827465"><ele>1590.13</ele></trkpt>
            <trkpt lat="40.62526" lon="-104.827346"><ele>1590.53</ele></trkpt>
            <trkpt lat="40.625261" lon="-104.827229"><ele>1590.84</ele></trkpt>
            <trkpt lat="40.625264" lon="-104.827007"><ele>1591.22</ele></trkpt>
            <trkpt lat="40.625267" lon="-104.826782"><ele>1591.37</ele></trkpt>
            <trkpt lat="40.62527" lon="-104.826537"><ele>1591.3</ele></trkpt>
            <trkpt lat="40.625273" lon="-104.826288"><ele>1591.05</ele></trkpt>
            <trkpt lat="40.62528" lon="-104.82568"><ele>1590.03</ele></trkpt>
            <trkpt lat="40.625282" lon="-104.825552"><ele>1589.76</ele></trkpt>
            <trkpt lat="40.625287" lon="-104.825165"><ele>1588.88</ele></trkpt>
            <trkpt lat="40.625292" lon="-104.824743"><ele>1587.87</ele></trkpt>
            <trkpt lat="40.625294" lon="-104.824571"><ele>1587.48</ele></trkpt>
            <trkpt lat="40.625298" lon="-104.824303"><ele>1586.95</ele></trkpt>
            <trkpt lat="40.625301" lon="-104.824051"><ele>1586.55</ele></trkpt>
            <trkpt lat="40.625304" lon="-104.82383"><ele>1586.29</ele></trkpt>
            <trkpt lat="40.625306" lon="-104.823665"><ele>1586.15</ele></trkpt>
            <trkpt lat="40.625309" lon="-104.823413"><ele>1586.03</ele></trkpt>
            <trkpt lat="40.625313" lon="-104.823105"><ele>1586.03</ele></trkpt>
            <trkpt lat="40.625317" lon="-104.822774"><ele>1586.19</ele></trkpt>
            <trkpt lat="40.625319" lon="-104.82262"><ele>1586.31</ele></trkpt>
            <trkpt lat="40.625325" lon="-104.822162"><ele>1586.73</ele></trkpt>
            <trkpt lat="40.62533" lon="-104.821816"><ele>1586.87</ele></trkpt>
            <trkpt lat="40.625332" lon="-104.821703"><ele>1586.82</ele></trkpt>
            <trkpt lat="40.625334" lon="-104.821589"><ele>1586.71</ele></trkpt>
            <trkpt lat="40.625338" lon="-104.821409"><ele>1586.39</ele></trkpt>
            <trkpt lat="40.625341" lon="-104.821227"><ele>1585.88</ele></trkpt>
            <trkpt lat="40.625344" lon="-104.821088"><ele>1585.37</ele></trkpt>
            <trkpt lat="40.625351" lon="-104.8208"><ele>1584.09</ele></trkpt>
            <trkpt lat="40.625356" lon="-104.820557"><ele>1582.88</ele></trkpt>
            <trkpt lat="40.62536" lon="-104.820356"><ele>1581.85</ele></trkpt>
            <trkpt lat="40.625366" lon="-104.820117"><ele>1580.68</ele></trkpt>
            <trkpt lat="40.625369" lon="-104.819948"><ele>1579.9</ele></trkpt>
            <trkpt lat="40.625373" lon="-104.819781"><ele>1579.18</ele></trkpt>
            <trkpt lat="40.625378" lon="-104.819512"><ele>1578.1</ele></trkpt>
            <trkpt lat="40.625381" lon="-104.819322"><ele>1577.4</ele></trkpt>
            <trkpt lat="40.625384" lon="-104.819063"><ele>1576.5</ele></trkpt>
            <trkpt lat="40.625389" lon="-104.818544"><ele>1574.8</ele></trkpt>
            <trkpt lat="40.625392" lon="-104.818234"><ele>1573.81</ele></trkpt>
            <trkpt lat="40.625397" lon="-104.81782"><ele>1572.54</ele></trkpt>
            <trkpt lat="40.625399" lon="-104.817553"><ele>1571.77</ele></trkpt>
            <trkpt lat="40.625403" lon="-104.81715"><ele>1570.72</ele></trkpt>
            <trkpt lat="40.625406" lon="-104.816912"><ele>1570.16</ele></trkpt>
            <trkpt lat="40.625411" lon="-104.816393"><ele>1569.07</ele></trkpt>
            <trkpt lat="40.625416" lon="-104.815913"><ele>1568.2</ele></trkpt>
            <trkpt lat="40.625417" lon="-104.815756"><ele>1567.95</ele></trkpt>
            <trkpt lat="40.62542" lon="-104.815498"><ele>1567.57</ele></trkpt>
            <trkpt lat="40.625422" lon="-104.815234"><ele>1567.23</ele></trkpt>
            <trkpt lat="40.625428" lon="-104.814683"><ele>1566.6</ele></trkpt>
            <trkpt lat="40.625434" lon="-104.81408"><ele>1565.97</ele></trkpt>
            <trkpt lat="40.625436" lon="-104.813817"><ele>1565.73</ele></trkpt>
            <trkpt lat="40.625438" lon="-104.813655"><ele>1565.59</ele></trkpt>
            <trkpt lat="40.625442" lon="-104.813266"><ele>1565.19</ele></trkpt>
            <trkpt lat="40.625444" lon="-104.81309"><ele>1564.93</ele></trkpt>
            <trkpt lat="40.625445" lon="-104.812914"><ele>1564.61</ele></trkpt>
            <trkpt lat="40.625447" lon="-104.812744"><ele>1564.22</ele></trkpt>
            <trkpt lat="40.625449" lon="-104.812587"><ele>1563.8</ele></trkpt>
            <trkpt lat="40.625453" lon="-104.812128"><ele>1562.42</ele></trkpt>
            <trkpt lat="40.625457" lon="-104.81174"><ele>1561.27</ele></trkpt>
            <trkpt lat="40.625459" lon="-104.811566"><ele>1560.8</ele></trkpt>
            <trkpt lat="40.625461" lon="-104.811348"><ele>1560.28</ele></trkpt>
            <trkpt lat="40.625464" lon="-104.811032"><ele>1559.64</ele></trkpt>
            <trkpt lat="40.625469" lon="-104.810593"><ele>1558.94</ele></trkpt>
            <trkpt lat="40.625472" lon="-104.810267"><ele>1558.55</ele></trkpt>
            <trkpt lat="40.625475" lon="-104.809974"><ele>1558.31</ele></trkpt>
            <trkpt lat="40.625476" lon="-104.8098"><ele>1558.21</ele></trkpt>
            <trkpt lat="40.625479" lon="-104.809495"><ele>1558.08</ele></trkpt>
            <trkpt lat="40.625484" lon="-104.80903"><ele>1557.8</ele></trkpt>
            <trkpt lat="40.625485" lon="-104.808931"><ele>1557.68</ele></trkpt>
            <trkpt lat="40.625486" lon="-104.808792"><ele>1557.47</ele></trkpt>
            <trkpt lat="40.625488" lon="-104.808627"><ele>1557.14</ele></trkpt>
            <trkpt lat="40.62549" lon="-104.80845"><ele>1556.69</ele></trkpt>
            <trkpt lat="40.625494" lon="-104.808025"><ele>1555.4</ele></trkpt>
            <trkpt lat="40.625496" lon="-104.807872"><ele>1554.92</ele></trkpt>
            <trkpt lat="40.625498" lon="-104.807654"><ele>1554.29</ele></trkpt>
            <trkpt lat="40.625499" lon="-104.80748"><ele>1553.82</ele></trkpt>
            <trkpt lat="40.625503" lon="-104.807092"><ele>1552.96</ele></trkpt>
            <trkpt lat="40.625505" lon="-104.806871"><ele>1552.57</ele></trkpt>
            <trkpt lat="40.625508" lon="-104.80666"><ele>1552.27</ele></trkpt>
            <trkpt lat="40.62551" lon="-104.806385"><ele>1551.98</ele></trkpt>
            <trkpt lat="40.625513" lon="-104.80613"><ele>1551.8</ele></trkpt>
            <trkpt lat="40.625515" lon="-104.805956"><ele>1551.73</ele></trkpt>
            <trkpt lat="40.625518" lon="-104.805653"><ele>1551.68</ele></trkpt>
            <trkpt lat="40.625521" lon="-104.805316"><ele>1551.7</ele></trkpt>
            <trkpt lat="40.625524" lon="-104.80497"><ele>1551.78</ele></trkpt>
            <trkpt lat="40.625529" lon="-104.804549"><ele>1551.95</ele></trkpt>
            <trkpt lat="40.625531" lon="-104.804318"><ele>1552.08</ele></trkpt>
            <trkpt lat="40.625537" lon="-104.803837"><ele>1552.38</ele></trkpt>
            <trkpt lat="40.625543" lon="-104.803352"><ele>1552.63</ele></trkpt>
            <trkpt lat="40.625546" lon="-104.803176"><ele>1552.67</ele></trkpt>
            <trkpt lat="40.625548" lon="-104.802993"><ele>1552.64</ele></trkpt>
            <trkpt lat="40.625551" lon="-104.802804"><ele>1552.54</ele></trkpt>
            <trkpt lat="40.625553" lon="-104.802606"><ele>1552.36</ele></trkpt>
            <trkpt lat="40.625556" lon="-104.802416"><ele>1552.11</ele></trkpt>
            <trkpt lat="40.625558" lon="-104.802232"><ele>1551.83</ele></trkpt>
            <trkpt lat="40.625565" lon="-104.80168"><ele>1550.87</ele></trkpt>
            <trkpt lat="40.625568" lon="-104.801482"><ele>1550.54</ele></trkpt>
            <trkpt lat="40.625572" lon="-104.80112"><ele>1550.03</ele></trkpt>
            <trkpt lat="40.625576" lon="-104.800877"><ele>1549.76</ele></trkpt>
            <trkpt lat="40.625581" lon="-104.800494"><ele>1549.41</ele></trkpt>
            <trkpt lat="40.625598" lon="-104.799138"><ele>1548.37</ele></trkpt>
            <trkpt lat="40.625602" lon="-104.798862"><ele>1548.13</ele></trkpt>
            <trkpt lat="40.625611" lon="-104.798111"><ele>1547.36</ele></trkpt>
            <trkpt lat="40.62562" lon="-104.797475"><ele>1546.69</ele></trkpt>
            <trkpt lat="40.625624" lon="-104.797108"><ele>1546.32</ele></trkpt>
            <trkpt lat="40.62563" lon="-104.796684"><ele>1545.94</ele></trkpt>
            <trkpt lat="40.625635" lon="-104.796275"><ele>1545.57</ele></trkpt>
            <trkpt lat="40.62564" lon="-104.795941"><ele>1545.25</ele></trkpt>
            <trkpt lat="40.625648" lon="-104.795259"><ele>1544.57</ele></trkpt>
            <trkpt lat="40.625654" lon="-104.794839"><ele>1544.19</ele></trkpt>
            <trkpt lat="40.625662" lon="-104.794201"><ele>1543.72</ele></trkpt>
            <trkpt lat="40.625666" lon="-104.793924"><ele>1543.55</ele></trkpt>
            <trkpt lat="40.625671" lon="-104.793498"><ele>1543.28</ele></trkpt>
            <trkpt lat="40.625674" lon="-104.793251"><ele>1543.08</ele></trkpt>
            <trkpt lat="40.625677" lon="-104.793062"><ele>1542.9</ele></trkpt>
            <trkpt lat="40.625681" lon="-104.792824"><ele>1542.64</ele></trkpt>
            <trkpt lat="40.625684" lon="-104.792696"><ele>1542.5</ele></trkpt>
            <trkpt lat="40.62569" lon="-104.792567"><ele>1542.35</ele></trkpt>
            <trkpt lat="40.625699" lon="-104.792445"><ele>1542.2</ele></trkpt>
            <trkpt lat="40.625705" lon="-104.792389"><ele>1542.14</ele></trkpt>
            <trkpt lat="40.625714" lon="-104.792336"><ele>1542.08</ele></trkpt>
            <trkpt lat="40.625724" lon="-104.792287"><ele>1542.03</ele></trkpt>
            <trkpt lat="40.625738" lon="-104.792241"><ele>1541.97</ele></trkpt>
            <trkpt lat="40.625758" lon="-104.792198"><ele>1541.92</ele></trkpt>
            <trkpt lat="40.625783" lon="-104.792159"><ele>1541.87</ele></trkpt>
            <trkpt lat="40.625812" lon="-104.792126"><ele>1541.82</ele></trkpt>
            <trkpt lat="40.625844" lon="-104.7921"><ele>1541.78</ele></trkpt>
            <trkpt lat="40.625877" lon="-104.792081"><ele>1541.73</ele></trkpt>
            <trkpt lat="40.625913" lon="-104.792068"><ele>1541.69</ele></trkpt>
            <trkpt lat="40.625952" lon="-104.792057"><ele>1541.64</ele></trkpt>
            <trkpt lat="40.625994" lon="-104.792049"><ele>1541.6</ele></trkpt>
            <trkpt lat="40.626083" lon="-104.792039"><ele>1541.5</ele></trkpt>
            <trkpt lat="40.626177" lon="-104.792034"><ele>1541.41</ele></trkpt>
            <trkpt lat="40.626271" lon="-104.792031"><ele>1541.31</ele></trkpt>
            <trkpt lat="40.626446" lon="-104.79203"><ele>1541.15</ele></trkpt>
            <trkpt lat="40.626713" lon="-104.79203"><ele>1540.92</ele></trkpt>
            <trkpt lat="40.626851" lon="-104.79203"><ele>1540.81</ele></trkpt>
            <trkpt lat="40.627098" lon="-104.79203"><ele>1540.68</ele></trkpt>
            <trkpt lat="40.627442" lon="-104.79203"><ele>1540.61</ele></trkpt>
            <trkpt lat="40.627748" lon="-104.79203"><ele>1540.69</ele></trkpt>
            <trkpt lat="40.628025" lon="-104.79203"><ele>1540.9</ele></trkpt>
            <trkpt lat="40.628223" lon="-104.79203"><ele>1541.17</ele></trkpt>
            <trkpt lat="40.628426" lon="-104.79203"><ele>1541.55</ele></trkpt>
            <trkpt lat="40.628569" lon="-104.79203"><ele>1541.87</ele></trkpt>
            <trkpt lat="40.62885" lon="-104.792029"><ele>1542.57</ele></trkpt>
            <trkpt lat="40.628984" lon="-104.792029"><ele>1542.91</ele></trkpt>
            <trkpt lat="40.62919" lon="-104.792027"><ele>1543.42</ele></trkpt>
            <trkpt lat="40.629334" lon="-104.792026"><ele>1543.75</ele></trkpt>
            <trkpt lat="40.629629" lon="-104.792022"><ele>1544.35</ele></trkpt>
            <trkpt lat="40.629837" lon="-104.79202"><ele>1544.7</ele></trkpt>
            <trkpt lat="40.629975" lon="-104.792018"><ele>1544.9</ele></trkpt>
            <trkpt lat="40.630261" lon="-104.792015"><ele>1545.22</ele></trkpt>
            <trkpt lat="40.630491" lon="-104.792012"><ele>1545.43</ele></trkpt>
            <trkpt lat="40.63098" lon="-104.792007"><ele>1545.75</ele></trkpt>
            <trkpt lat="40.631351" lon="-104.792002"><ele>1545.89</ele></trkpt>
            <trkpt lat="40.631574" lon="-104.792"><ele>1545.87</ele></trkpt>
            <trkpt lat="40.631749" lon="-104.791998"><ele>1545.77</ele></trkpt>
            <trkpt lat="40.631837" lon="-104.791997"><ele>1545.69</ele></trkpt>
            <trkpt lat="40.632051" lon="-104.791994"><ele>1545.43</ele></trkpt>
            <trkpt lat="40.632485" lon="-104.791989"><ele>1544.78</ele></trkpt>
            <trkpt lat="40.632688" lon="-104.791987"><ele>1544.55</ele></trkpt>
            <trkpt lat="40.632835" lon="-104.791985"><ele>1544.47</ele></trkpt>
            <trkpt lat="40.632966" lon="-104.791983"><ele>1544.46</ele></trkpt>
            <trkpt lat="40.633154" lon="-104.791981"><ele>1544.55</ele></trkpt>
            <trkpt lat="40.633326" lon="-104.791979"><ele>1544.72</ele></trkpt>
            <trkpt lat="40.633466" lon="-104.791978"><ele>1544.91</ele></trkpt>
            <trkpt lat="40.633837" lon="-104.791973"><ele>1545.43</ele></trkpt>
            <trkpt lat="40.634012" lon="-104.791971"><ele>1545.6</ele></trkpt>
            <trkpt lat="40.634189" lon="-104.791969"><ele>1545.68</ele></trkpt>
            <trkpt lat="40.634324" lon="-104.791968"><ele>1545.67</ele></trkpt>
            <trkpt lat="40.634551" lon="-104.791965"><ele>1545.51</ele></trkpt>
            <trkpt lat="40.634776" lon="-104.791962"><ele>1545.17</ele></trkpt>
            <trkpt lat="40.634864" lon="-104.791961"><ele>1544.99</ele></trkpt>
            <trkpt lat="40.635031" lon="-104.79196"><ele>1544.57</ele></trkpt>
            <trkpt lat="40.635435" lon="-104.791955"><ele>1543.34</ele></trkpt>
            <trkpt lat="40.635868" lon="-104.791951"><ele>1541.97</ele></trkpt>
            <trkpt lat="40.636002" lon="-104.791949"><ele>1541.59</ele></trkpt>
            <trkpt lat="40.636277" lon="-104.791947"><ele>1540.93</ele></trkpt>
            <trkpt lat="40.636516" lon="-104.791944"><ele>1540.51</ele></trkpt>
            <trkpt lat="40.636678" lon="-104.791943"><ele>1540.31</ele></trkpt>
            <trkpt lat="40.636863" lon="-104.791941"><ele>1540.17</ele></trkpt>
            <trkpt lat="40.637252" lon="-104.791937"><ele>1540.06</ele></trkpt>
            <trkpt lat="40.637503" lon="-104.791934"><ele>1540.11</ele></trkpt>
            <trkpt lat="40.63803" lon="-104.791929"><ele>1540.52</ele></trkpt>
            <trkpt lat="40.638154" lon="-104.791927"><ele>1540.7</ele></trkpt>
            <trkpt lat="40.638346" lon="-104.791925"><ele>1541.08</ele></trkpt>
            <trkpt lat="40.638548" lon="-104.791923"><ele>1541.58</ele></trkpt>
            <trkpt lat="40.638675" lon="-104.791921"><ele>1541.91</ele></trkpt>
            <trkpt lat="40.638791" lon="-104.79192"><ele>1542.21</ele></trkpt>
            <trkpt lat="40.638878" lon="-104.791918"><ele>1542.42</ele></trkpt>
            <trkpt lat="40.639003" lon="-104.791915"><ele>1542.69</ele></trkpt>
            <trkpt lat="40.639143" lon="-104.791912"><ele>1542.95</ele></trkpt>
            <trkpt lat="40.639335" lon="-104.791907"><ele>1543.22</ele></trkpt>
            <trkpt lat="40.639485" lon="-104.791904"><ele>1543.38</ele></trkpt>
            <trkpt lat="40.639631" lon="-104.791903"><ele>1543.5</ele></trkpt>
            <trkpt lat="40.639709" lon="-104.791904"><ele>1543.56</ele></trkpt>
            <trkpt lat="40.639791" lon="-104.791906"><ele>1543.62</ele></trkpt>
            <trkpt lat="40.639875" lon="-104.791911"><ele>1543.68</ele></trkpt>
            <trkpt lat="40.639957" lon="-104.791919"><ele>1543.75</ele></trkpt>
            <trkpt lat="40.640034" lon="-104.791933"><ele>1543.84</ele></trkpt>
            <trkpt lat="40.640068" lon="-104.791943"><ele>1543.88</ele></trkpt>
            <trkpt lat="40.6401" lon="-104.791957"><ele>1543.92</ele></trkpt>
            <trkpt lat="40.64013" lon="-104.791975"><ele>1543.96</ele></trkpt>
            <trkpt lat="40.640158" lon="-104.792"><ele>1544.01</ele></trkpt>
            <trkpt lat="40.640184" lon="-104.792032"><ele>1544.06</ele></trkpt>
            <trkpt lat="40.640205" lon="-104.79207"><ele>1544.12</ele></trkpt>
            <trkpt lat="40.640222" lon="-104.792112"><ele>1544.18</ele></trkpt>
            <trkpt lat="40.640234" lon="-104.792155"><ele>1544.24</ele></trkpt>
            <trkpt lat="40.640242" lon="-104.792202"><ele>1544.31</ele></trkpt>
            <trkpt lat="40.640248" lon="-104.792253"><ele>1544.39</ele></trkpt>
            <trkpt lat="40.640253" lon="-104.792307"><ele>1544.47</ele></trkpt>
            <trkpt lat="40.640259" lon="-104.792424"><ele>1544.65</ele></trkpt>
            <trkpt lat="40.640261" lon="-104.792547"><ele>1544.84</ele></trkpt>
            <trkpt lat="40.640261" lon="-104.792668"><ele>1545.03</ele></trkpt>
            <trkpt lat="40.64026" lon="-104.792842"><ele>1545.29</ele></trkpt>
            <trkpt lat="40.640259" lon="-104.792988"><ele>1545.48</ele></trkpt>
            <trkpt lat="40.640256" lon="-104.793241"><ele>1545.75</ele></trkpt>
            <trkpt lat="40.640252" lon="-104.793721"><ele>1546.12</ele></trkpt>
            <trkpt lat="40.640243" lon="-104.794524"><ele>1546.68</ele></trkpt>
            <trkpt lat="40.640241" lon="-104.794709"><ele>1546.84</ele></trkpt>
            <trkpt lat="40.640237" lon="-104.795104"><ele>1547.24</ele></trkpt>
            <trkpt lat="40.640229" lon="-104.795972"><ele>1548.26</ele></trkpt>
            <trkpt lat="40.640223" lon="-104.79647"><ele>1548.83</ele></trkpt>
            <trkpt lat="40.640219" lon="-104.796933"><ele>1549.3</ele></trkpt>
            <trkpt lat="40.640215" lon="-104.797285"><ele>1549.54</ele></trkpt>
            <trkpt lat="40.640213" lon="-104.797457"><ele>1549.6</ele></trkpt>
            <trkpt lat="40.640212" lon="-104.797637"><ele>1549.61</ele></trkpt>
            <trkpt lat="40.64021" lon="-104.797823"><ele>1549.58</ele></trkpt>
            <trkpt lat="40.640206" lon="-104.798188"><ele>1549.43</ele></trkpt>
            <trkpt lat="40.640202" lon="-104.798598"><ele>1549.23</ele></trkpt>
            <trkpt lat="40.640197" lon="-104.799077"><ele>1549.1</ele></trkpt>
            <trkpt lat="40.640193" lon="-104.799407"><ele>1549.16</ele></trkpt>
            <trkpt lat="40.64019" lon="-104.799745"><ele>1549.37</ele></trkpt>
            <trkpt lat="40.640185" lon="-104.800258"><ele>1549.97</ele></trkpt>
            <trkpt lat="40.640182" lon="-104.800482"><ele>1550.33</ele></trkpt>
            <trkpt lat="40.640179" lon="-104.80081"><ele>1551.02</ele></trkpt>
            <trkpt lat="40.640177" lon="-104.801031"><ele>1551.58</ele></trkpt>
            <trkpt lat="40.640172" lon="-104.801458"><ele>1552.83</ele></trkpt>
            <trkpt lat="40.640168" lon="-104.801847"><ele>1554.1</ele></trkpt>
            <trkpt lat="40.640164" lon="-104.802309"><ele>1555.63</ele></trkpt>
            <trkpt lat="40.64016" lon="-104.802633"><ele>1556.66</ele></trkpt>
            <trkpt lat="40.640158" lon="-104.802841"><ele>1557.25</ele></trkpt>
            <trkpt lat="40.640153" lon="-104.803213"><ele>1558.17</ele></trkpt>
            <trkpt lat="40.640151" lon="-104.803375"><ele>1558.51</ele></trkpt>
            <trkpt lat="40.640149" lon="-104.803539"><ele>1558.8</ele></trkpt>
            <trkpt lat="40.640145" lon="-104.803816"><ele>1559.2</ele></trkpt>
            <trkpt lat="40.640141" lon="-104.804161"><ele>1559.6</ele></trkpt>
            <trkpt lat="40.640136" lon="-104.804567"><ele>1560.03</ele></trkpt>
            <trkpt lat="40.640131" lon="-104.804893"><ele>1560.41</ele></trkpt>
            <trkpt lat="40.640126" lon="-104.805318"><ele>1560.98</ele></trkpt>
            <trkpt lat="40.640117" lon="-104.806045"><ele>1562.11</ele></trkpt>
            <trkpt lat="40.640114" lon="-104.806279"><ele>1562.51</ele></trkpt>
            <trkpt lat="40.640107" lon="-104.80682"><ele>1563.47</ele></trkpt>
            <trkpt lat="40.640097" lon="-104.807578"><ele>1564.86</ele></trkpt>
            <trkpt lat="40.640092" lon="-104.807935"><ele>1565.48</ele></trkpt>
            <trkpt lat="40.640087" lon="-104.808359"><ele>1566.23</ele></trkpt>
            <trkpt lat="40.640082" lon="-104.808767"><ele>1567</ele></trkpt>
            <trkpt lat="40.64008" lon="-104.808926"><ele>1567.33</ele></trkpt>
            <trkpt lat="40.640076" lon="-104.809182"><ele>1567.91</ele></trkpt>
            <trkpt lat="40.640072" lon="-104.809544"><ele>1568.79</ele></trkpt>
            <trkpt lat="40.640068" lon="-104.80981"><ele>1569.45</ele></trkpt>
            <trkpt lat="40.640062" lon="-104.810298"><ele>1570.63</ele></trkpt>
            <trkpt lat="40.640056" lon="-104.810779"><ele>1571.77</ele></trkpt>
            <trkpt lat="40.640051" lon="-104.811153"><ele>1572.62</ele></trkpt>
            <trkpt lat="40.640049" lon="-104.811345"><ele>1573.05</ele></trkpt>
            <trkpt lat="40.640046" lon="-104.811624"><ele>1573.67</ele></trkpt>
            <trkpt lat="40.640044" lon="-104.811801"><ele>1574.05</ele></trkpt>
            <trkpt lat="40.64004" lon="-104.812257"><ele>1575.03</ele></trkpt>
            <trkpt lat="40.640038" lon="-104.812463"><ele>1575.47</ele></trkpt>
            <trkpt lat="40.640031" lon="-104.813085"><ele>1576.75</ele></trkpt>
            <trkpt lat="40.640029" lon="-104.81333"><ele>1577.29</ele></trkpt>
            <trkpt lat="40.640026" lon="-104.81364"><ele>1578.03</ele></trkpt>
            <trkpt lat="40.640023" lon="-104.813967"><ele>1578.91</ele></trkpt>
            <trkpt lat="40.64002" lon="-104.814235"><ele>1579.7</ele></trkpt>
            <trkpt lat="40.640017" lon="-104.814562"><ele>1580.75</ele></trkpt>
            <trkpt lat="40.640011" lon="-104.815108"><ele>1582.63</ele></trkpt>
            <trkpt lat="40.640005" lon="-104.815671"><ele>1584.67</ele></trkpt>
            <trkpt lat="40.640002" lon="-104.815964"><ele>1585.75</ele></trkpt>
            <trkpt lat="40.639997" lon="-104.816468"><ele>1587.58</ele></trkpt>
            <trkpt lat="40.639996" lon="-104.816646"><ele>1588.17</ele></trkpt>
            <trkpt lat="40.639993" lon="-104.816949"><ele>1589.07</ele></trkpt>
            <trkpt lat="40.639991" lon="-104.817095"><ele>1589.45</ele></trkpt>
            <trkpt lat="40.639986" lon="-104.81763"><ele>1590.75</ele></trkpt>
            <trkpt lat="40.639984" lon="-104.817807"><ele>1591.2</ele></trkpt>
            <trkpt lat="40.639981" lon="-104.818056"><ele>1591.89</ele></trkpt>
            <trkpt lat="40.63998" lon="-104.818208"><ele>1592.33</ele></trkpt>
            <trkpt lat="40.639977" lon="-104.818507"><ele>1593.26</ele></trkpt>
            <trkpt lat="40.639973" lon="-104.818907"><ele>1594.51</ele></trkpt>
            <trkpt lat="40.639971" lon="-104.819067"><ele>1594.98</ele></trkpt>
            <trkpt lat="40.639965" lon="-104.81969"><ele>1596.6</ele></trkpt>
            <trkpt lat="40.639962" lon="-104.819953"><ele>1597.11</ele></trkpt>
            <trkpt lat="40.63996" lon="-104.820127"><ele>1597.34</ele></trkpt>
            <trkpt lat="40.639959" lon="-104.820278"><ele>1597.47</ele></trkpt>
            <trkpt lat="40.639957" lon="-104.820485"><ele>1597.54</ele></trkpt>
            <trkpt lat="40.639953" lon="-104.820898"><ele>1597.42</ele></trkpt>
            <trkpt lat="40.639948" lon="-104.821332"><ele>1597</ele></trkpt>
            <trkpt lat="40.639946" lon="-104.821546"><ele>1596.68</ele></trkpt>
            <trkpt lat="40.639944" lon="-104.821795"><ele>1596.19</ele></trkpt>
            <trkpt lat="40.639941" lon="-104.822004"><ele>1595.69</ele></trkpt>
            <trkpt lat="40.639937" lon="-104.822432"><ele>1594.54</ele></trkpt>
            <trkpt lat="40.639934" lon="-104.822758"><ele>1593.68</ele></trkpt>
            <trkpt lat="40.639932" lon="-104.822957"><ele>1593.23</ele></trkpt>
            <trkpt lat="40.63993" lon="-104.82317"><ele>1592.85</ele></trkpt>
            <trkpt lat="40.639927" lon="-104.823408"><ele>1592.59</ele></trkpt>
            <trkpt lat="40.639925" lon="-104.823649"><ele>1592.54</ele></trkpt>
            <trkpt lat="40.639922" lon="-104.823869"><ele>1592.69</ele></trkpt>
            <trkpt lat="40.639921" lon="-104.82397"><ele>1592.83</ele></trkpt>
            <trkpt lat="40.63992" lon="-104.824119"><ele>1593.12</ele></trkpt>
            <trkpt lat="40.639918" lon="-104.824323"><ele>1593.66</ele></trkpt>
            <trkpt lat="40.639917" lon="-104.824428"><ele>1593.99</ele></trkpt>
            <trkpt lat="40.639914" lon="-104.824685"><ele>1594.95</ele></trkpt>
            <trkpt lat="40.639911" lon="-104.824992"><ele>1596.22</ele></trkpt>
            <trkpt lat="40.639907" lon="-104.825379"><ele>1597.85</ele></trkpt>
            <trkpt lat="40.639904" lon="-104.825665"><ele>1598.88</ele></trkpt>
            <trkpt lat="40.639903" lon="-104.8258"><ele>1599.28</ele></trkpt>
            <trkpt lat="40.639902" lon="-104.825916"><ele>1599.56</ele></trkpt>
            <trkpt lat="40.639901" lon="-104.82603"><ele>1599.77</ele></trkpt>
            <trkpt lat="40.639898" lon="-104.826244"><ele>1600.01</ele></trkpt>
            <trkpt lat="40.639896" lon="-104.826442"><ele>1600.07</ele></trkpt>
            <trkpt lat="40.639893" lon="-104.82682"><ele>1599.88</ele></trkpt>
            <trkpt lat="40.639888" lon="-104.827289"><ele>1599.42</ele></trkpt>
            <trkpt lat="40.639886" lon="-104.827434"><ele>1599.27</ele></trkpt>
            <trkpt lat="40.639882" lon="-104.827824"><ele>1598.89</ele></trkpt>
            <trkpt lat="40.639879" lon="-104.828176"><ele>1598.58</ele></trkpt>
            <trkpt lat="40.639874" lon="-104.828667"><ele>1598.19</ele></trkpt>
            <trkpt lat="40.63987" lon="-104.828984"><ele>1598.01</ele></trkpt>
            <trkpt lat="40.639867" lon="-104.829335"><ele>1597.91</ele></trkpt>
            <trkpt lat="40.639863" lon="-104.829673"><ele>1597.91</ele></trkpt>
            <trkpt lat="40.639861" lon="-104.829905"><ele>1597.96</ele></trkpt>
            <trkpt lat="40.639858" lon="-104.830231"><ele>1598.13</ele></trkpt>
            <trkpt lat="40.639854" lon="-104.830582"><ele>1598.43</ele></trkpt>
            <trkpt lat="40.63985" lon="-104.830871"><ele>1598.77</ele></trkpt>
            <trkpt lat="40.639846" lon="-104.831048"><ele>1599.02</ele></trkpt>
            <trkpt lat="40.639837" lon="-104.831363"><ele>1599.53</ele></trkpt>
            <trkpt lat="40.639827" lon="-104.831653"><ele>1600.04</ele></trkpt>
            <trkpt lat="40.639814" lon="-104.832022"><ele>1600.65</ele></trkpt>
            <trkpt lat="40.639801" lon="-104.832404"><ele>1601.08</ele></trkpt>
            <trkpt lat="40.639795" lon="-104.832571"><ele>1601.15</ele></trkpt>
            <trkpt lat="40.639792" lon="-104.832662"><ele>1601.14</ele></trkpt>
            <trkpt lat="40.639786" lon="-104.832843"><ele>1601.03</ele></trkpt>
            <trkpt lat="40.63978" lon="-104.833033"><ele>1600.78</ele></trkpt>
            <trkpt lat="40.639771" lon="-104.833292"><ele>1600.27</ele></trkpt>
            <trkpt lat="40.639767" lon="-104.833432"><ele>1599.94</ele></trkpt>
            <trkpt lat="40.639762" lon="-104.833633"><ele>1599.41</ele></trkpt>
            <trkpt lat="40.63976" lon="-104.833744"><ele>1599.1</ele></trkpt>
            <trkpt lat="40.639758" lon="-104.833938"><ele>1598.53</ele></trkpt>
            <trkpt lat="40.639755" lon="-104.834249"><ele>1597.61</ele></trkpt>
            <trkpt lat="40.639752" lon="-104.834626"><ele>1596.47</ele></trkpt>
            <trkpt lat="40.639751" lon="-104.834889"><ele>1595.67</ele></trkpt>
            <trkpt lat="40.639751" lon="-104.835083"><ele>1595.07</ele></trkpt>
            <trkpt lat="40.639752" lon="-104.835391"><ele>1594.12</ele></trkpt>
            <trkpt lat="40.639753" lon="-104.835824"><ele>1592.82</ele></trkpt>
            <trkpt lat="40.639754" lon="-104.83614"><ele>1591.92</ele></trkpt>
            <trkpt lat="40.639755" lon="-104.83647"><ele>1591.07</ele></trkpt>
            <trkpt lat="40.639756" lon="-104.836648"><ele>1590.66</ele></trkpt>
            <trkpt lat="40.639757" lon="-104.836824"><ele>1590.29</ele></trkpt>
            <trkpt lat="40.639758" lon="-104.837184"><ele>1589.67</ele></trkpt>
            <trkpt lat="40.639759" lon="-104.837382"><ele>1589.4</ele></trkpt>
            <trkpt lat="40.639759" lon="-104.837644"><ele>1589.16</ele></trkpt>
            <trkpt lat="40.63976" lon="-104.83782"><ele>1589.06</ele></trkpt>
            <trkpt lat="40.639761" lon="-104.838148"><ele>1589.03</ele></trkpt>
            <trkpt lat="40.639762" lon="-104.838302"><ele>1589.07</ele></trkpt>
            <trkpt lat="40.639764" lon="-104.839008"><ele>1589.41</ele></trkpt>
            <trkpt lat="40.639765" lon="-104.839165"><ele>1589.45</ele></trkpt>
            <trkpt lat="40.639765" lon="-104.839322"><ele>1589.43</ele></trkpt>
            <trkpt lat="40.639766" lon="-104.839578"><ele>1589.26</ele></trkpt>
            <trkpt lat="40.639767" lon="-104.839782"><ele>1588.98</ele></trkpt>
            <trkpt lat="40.639767" lon="-104.840007"><ele>1588.48</ele></trkpt>
            <trkpt lat="40.639768" lon="-104.840121"><ele>1588.15</ele></trkpt>
            <trkpt lat="40.639768" lon="-104.84025"><ele>1587.72</ele></trkpt>
            <trkpt lat="40.639769" lon="-104.840405"><ele>1587.11</ele></trkpt>
            <trkpt lat="40.639769" lon="-104.840555"><ele>1586.45</ele></trkpt>
            <trkpt lat="40.63977" lon="-104.8407"><ele>1585.77</ele></trkpt>
            <trkpt lat="40.639771" lon="-104.841039"><ele>1584.12</ele></trkpt>
            <trkpt lat="40.639772" lon="-104.841323"><ele>1582.84</ele></trkpt>
            <trkpt lat="40.639772" lon="-104.841462"><ele>1582.3</ele></trkpt>
            <trkpt lat="40.639773" lon="-104.841708"><ele>1581.5</ele></trkpt>
            <trkpt lat="40.639774" lon="-104.841941"><ele>1580.96</ele></trkpt>
            <trkpt lat="40.639775" lon="-104.842172"><ele>1580.61</ele></trkpt>
            <trkpt lat="40.639776" lon="-104.842566"><ele>1580.38</ele></trkpt>
            <trkpt lat="40.639777" lon="-104.842752"><ele>1580.38</ele></trkpt>
            <trkpt lat="40.639778" lon="-104.843056"><ele>1580.49</ele></trkpt>
            <trkpt lat="40.639781" lon="-104.843991"><ele>1581.05</ele></trkpt>
            <trkpt lat="40.639782" lon="-104.844222"><ele>1581.3</ele></trkpt>
            <trkpt lat="40.639783" lon="-104.844446"><ele>1581.65</ele></trkpt>
            <trkpt lat="40.639783" lon="-104.84458"><ele>1581.92</ele></trkpt>
            <trkpt lat="40.639784" lon="-104.844987"><ele>1582.89</ele></trkpt>
            <trkpt lat="40.639786" lon="-104.845347"><ele>1583.84</ele></trkpt>
            <trkpt lat="40.639786" lon="-104.845519"><ele>1584.28</ele></trkpt>
            <trkpt lat="40.639787" lon="-104.845705"><ele>1584.71</ele></trkpt>
            <trkpt lat="40.639788" lon="-104.845996"><ele>1585.27</ele></trkpt>
            <trkpt lat="40.639788" lon="-104.846177"><ele>1585.56</ele></trkpt>
            <trkpt lat="40.639791" lon="-104.846821"><ele>1586.4</ele></trkpt>
            <trkpt lat="40.639792" lon="-104.84729"><ele>1586.94</ele></trkpt>
            <trkpt lat="40.639794" lon="-104.84793"><ele>1587.68</ele></trkpt>
            <trkpt lat="40.639796" lon="-104.848442"><ele>1588.3</ele></trkpt>
            <trkpt lat="40.639797" lon="-104.848678"><ele>1588.63</ele></trkpt>
            <trkpt lat="40.639798" lon="-104.849019"><ele>1589.16</ele></trkpt>
            <trkpt lat="40.6398" lon="-104.849496"><ele>1590.02</ele></trkpt>
            <trkpt lat="40.639802" lon="-104.850081"><ele>1591.2</ele></trkpt>
            <trkpt lat="40.639803" lon="-104.850445"><ele>1592.03</ele></trkpt>
            <trkpt lat="40.639804" lon="-104.850893"><ele>1593.16</ele></trkpt>
            <trkpt lat="40.639807" lon="-104.851783"><ele>1595.64</ele></trkpt>
            <trkpt lat="40.639811" lon="-104.852725"><ele>1598.45</ele></trkpt>
            <trkpt lat="40.639812" lon="-104.853287"><ele>1600.27</ele></trkpt>
            <trkpt lat="40.639813" lon="-104.853401"><ele>1600.67</ele></trkpt>
            <trkpt lat="40.639814" lon="-104.853882"><ele>1602.45</ele></trkpt>
            <trkpt lat="40.639815" lon="-104.854116"><ele>1603.35</ele></trkpt>
            <trkpt lat="40.639817" lon="-104.85474"><ele>1605.71</ele></trkpt>
            <trkpt lat="40.639818" lon="-104.854927"><ele>1606.31</ele></trkpt>
            <trkpt lat="40.639818" lon="-104.85505"><ele>1606.65</ele></trkpt>
            <trkpt lat="40.639819" lon="-104.855283"><ele>1607.14</ele></trkpt>
            <trkpt lat="40.63982" lon="-104.85552"><ele>1607.42</ele></trkpt>
            <trkpt lat="40.63982" lon="-104.855711"><ele>1607.47</ele></trkpt>
            <trkpt lat="40.639821" lon="-104.855843"><ele>1607.42</ele></trkpt>
            <trkpt lat="40.639821" lon="-104.855974"><ele>1607.28</ele></trkpt>
            <trkpt lat="40.639822" lon="-104.856222"><ele>1606.87</ele></trkpt>
            <trkpt lat="40.639824" lon="-104.856753"><ele>1605.57</ele></trkpt>
            <trkpt lat="40.639825" lon="-104.857173"><ele>1604.42</ele></trkpt>
            <trkpt lat="40.639828" lon="-104.857964"><ele>1602.24</ele></trkpt>
            <trkpt lat="40.63983" lon="-104.858444"><ele>1601</ele></trkpt>
            <trkpt lat="40.639832" lon="-104.858672"><ele>1600.47</ele></trkpt>
            <trkpt lat="40.639835" lon="-104.858998"><ele>1599.84</ele></trkpt>
            <trkpt lat="40.639837" lon="-104.859174"><ele>1599.57</ele></trkpt>
            <trkpt lat="40.63984" lon="-104.859451"><ele>1599.27</ele></trkpt>
            <trkpt lat="40.639843" lon="-104.859662"><ele>1599.15</ele></trkpt>
            <trkpt lat="40.639848" lon="-104.860073"><ele>1599.14</ele></trkpt>
            <trkpt lat="40.639852" lon="-104.860431"><ele>1599.4</ele></trkpt>
            <trkpt lat="40.639855" lon="-104.860677"><ele>1599.74</ele></trkpt>
            <trkpt lat="40.639857" lon="-104.860884"><ele>1600.14</ele></trkpt>
            <trkpt lat="40.63986" lon="-104.861086"><ele>1600.63</ele></trkpt>
            <trkpt lat="40.639862" lon="-104.861291"><ele>1601.2</ele></trkpt>
            <trkpt lat="40.639867" lon="-104.861712"><ele>1602.48</ele></trkpt>
            <trkpt lat="40.639871" lon="-104.862032"><ele>1603.44</ele></trkpt>
            <trkpt lat="40.639874" lon="-104.862258"><ele>1604.06</ele></trkpt>
            <trkpt lat="40.639877" lon="-104.862509"><ele>1604.68</ele></trkpt>
            <trkpt lat="40.639879" lon="-104.86267"><ele>1605.03</ele></trkpt>
            <trkpt lat="40.639882" lon="-104.862948"><ele>1605.56</ele></trkpt>
            <trkpt lat="40.639886" lon="-104.863289"><ele>1606.13</ele></trkpt>
            <trkpt lat="40.639892" lon="-104.863775"><ele>1606.87</ele></trkpt>
            <trkpt lat="40.639897" lon="-104.864212"><ele>1607.55</ele></trkpt>
            <trkpt lat="40.6399" lon="-104.864596"><ele>1608.2</ele></trkpt>
            <trkpt lat="40.639902" lon="-104.865009"><ele>1608.97</ele></trkpt>
            <trkpt lat="40.639903" lon="-104.865342"><ele>1609.62</ele></trkpt>
            <trkpt lat="40.639906" lon="-104.866161"><ele>1611.31</ele></trkpt>
            <trkpt lat="40.639908" lon="-104.866717"><ele>1612.48</ele></trkpt>
            <trkpt lat="40.639909" lon="-104.866942"><ele>1612.96</ele></trkpt>
            <trkpt lat="40.639911" lon="-104.867495"><ele>1614.14</ele></trkpt>
            <trkpt lat="40.639912" lon="-104.867795"><ele>1614.73</ele></trkpt>
            <trkpt lat="40.639913" lon="-104.8681"><ele>1615.26</ele></trkpt>
            <trkpt lat="40.639914" lon="-104.868415"><ele>1615.7</ele></trkpt>
            <trkpt lat="40.639915" lon="-104.868758"><ele>1615.99</ele></trkpt>
            <trkpt lat="40.639916" lon="-104.868912"><ele>1616.01</ele></trkpt>
            <trkpt lat="40.639916" lon="-104.869108"><ele>1615.93</ele></trkpt>
            <trkpt lat="40.639917" lon="-104.869312"><ele>1615.69</ele></trkpt>
            <trkpt lat="40.639917" lon="-104.869428"><ele>1615.48</ele></trkpt>
            <trkpt lat="40.639918" lon="-104.869669"><ele>1614.89</ele></trkpt>
            <trkpt lat="40.639919" lon="-104.869919"><ele>1614.11</ele></trkpt>
            <trkpt lat="40.63992" lon="-104.87015"><ele>1613.32</ele></trkpt>
            <trkpt lat="40.63992" lon="-104.87038"><ele>1612.52</ele></trkpt>
            <trkpt lat="40.63992" lon="-104.870594"><ele>1611.83</ele></trkpt>
            <trkpt lat="40.63992" lon="-104.870864"><ele>1611.09</ele></trkpt>
            <trkpt lat="40.63992" lon="-104.871079"><ele>1610.59</ele></trkpt>
            <trkpt lat="40.63992" lon="-104.87131"><ele>1610.12</ele></trkpt>
            <trkpt lat="40.63992" lon="-104.871543"><ele>1609.67</ele></trkpt>
            <trkpt lat="40.63992" lon="-104.871797"><ele>1609.12</ele></trkpt>
            <trkpt lat="40.63992" lon="-104.871977"><ele>1608.67</ele></trkpt>
            <trkpt lat="40.63992" lon="-104.872148"><ele>1608.17</ele></trkpt>
            <trkpt lat="40.63992" lon="-104.872312"><ele>1607.63</ele></trkpt>
            <trkpt lat="40.63992" lon="-104.872609"><ele>1606.52</ele></trkpt>
            <trkpt lat="40.63992" lon="-104.873216"><ele>1604.08</ele></trkpt>
            <trkpt lat="40.63992" lon="-104.873423"><ele>1603.32</ele></trkpt>
            <trkpt lat="40.63992" lon="-104.873624"><ele>1602.66</ele></trkpt>
            <trkpt lat="40.63992" lon="-104.873826"><ele>1602.09</ele></trkpt>
            <trkpt lat="40.63992" lon="-104.874048"><ele>1601.59</ele></trkpt>
            <trkpt lat="40.63992" lon="-104.874285"><ele>1601.2</ele></trkpt>
            <trkpt lat="40.63992" lon="-104.874475"><ele>1600.99</ele></trkpt>
            <trkpt lat="40.63992" lon="-104.874683"><ele>1600.87</ele></trkpt>
            <trkpt lat="40.63992" lon="-104.874881"><ele>1600.85</ele></trkpt>
            <trkpt lat="40.63992" lon="-104.875258"><ele>1600.97</ele></trkpt>
            <trkpt lat="40.63992" lon="-104.875725"><ele>1601.27</ele></trkpt>
            <trkpt lat="40.63992" lon="-104.876428"><ele>1601.7</ele></trkpt>
            <trkpt lat="40.63992" lon="-104.876736"><ele>1601.74</ele></trkpt>
            <trkpt lat="40.63992" lon="-104.876948"><ele>1601.65</ele></trkpt>
            <trkpt lat="40.63992" lon="-104.877197"><ele>1601.4</ele></trkpt>
            <trkpt lat="40.63992" lon="-104.877401"><ele>1601.09</ele></trkpt>
            <trkpt lat="40.63992" lon="-104.87796"><ele>1600.03</ele></trkpt>
            <trkpt lat="40.63992" lon="-104.878113"><ele>1599.76</ele></trkpt>
            <trkpt lat="40.63992" lon="-104.878258"><ele>1599.54</ele></trkpt>
            <trkpt lat="40.63992" lon="-104.878408"><ele>1599.34</ele></trkpt>
            <trkpt lat="40.63992" lon="-104.878637"><ele>1599.11</ele></trkpt>
            <trkpt lat="40.63992" lon="-104.878815"><ele>1598.98</ele></trkpt>
            <trkpt lat="40.63992" lon="-104.879271"><ele>1598.7</ele></trkpt>
            <trkpt lat="40.63992" lon="-104.879517"><ele>1598.48</ele></trkpt>
            <trkpt lat="40.63992" lon="-104.879669"><ele>1598.3</ele></trkpt>
            <trkpt lat="40.63992" lon="-104.879992"><ele>1597.8</ele></trkpt>
            <trkpt lat="40.63992" lon="-104.88032"><ele>1597.19</ele></trkpt>
            <trkpt lat="40.63992" lon="-104.880528"><ele>1596.78</ele></trkpt>
            <trkpt lat="40.63992" lon="-104.881265"><ele>1595.35</ele></trkpt>
            <trkpt lat="40.63992" lon="-104.881576"><ele>1594.76</ele></trkpt>
            <trkpt lat="40.639919" lon="-104.881874"><ele>1594.21</ele></trkpt>
            <trkpt lat="40.639916" lon="-104.882357"><ele>1593.36</ele></trkpt>
            <trkpt lat="40.639914" lon="-104.88277"><ele>1592.72</ele></trkpt>
            <trkpt lat="40.639912" lon="-104.883022"><ele>1592.37</ele></trkpt>
            <trkpt lat="40.639909" lon="-104.883566"><ele>1591.69</ele></trkpt>
            <trkpt lat="40.639907" lon="-104.883887"><ele>1591.26</ele></trkpt>
            <trkpt lat="40.639904" lon="-104.884303"><ele>1590.65</ele></trkpt>
            <trkpt lat="40.639901" lon="-104.884924"><ele>1589.68</ele></trkpt>
            <trkpt lat="40.639899" lon="-104.88515"><ele>1589.36</ele></trkpt>
            <trkpt lat="40.639899" lon="-104.885277"><ele>1589.19</ele></trkpt>
            <trkpt lat="40.639893" lon="-104.886149"><ele>1588.07</ele></trkpt>
            <trkpt lat="40.639892" lon="-104.886317"><ele>1587.8</ele></trkpt>
            <trkpt lat="40.63989" lon="-104.886664"><ele>1587.17</ele></trkpt>
            <trkpt lat="40.639887" lon="-104.88714"><ele>1586.16</ele></trkpt>
            <trkpt lat="40.639885" lon="-104.887542"><ele>1585.27</ele></trkpt>
            <trkpt lat="40.639881" lon="-104.88811"><ele>1584.02</ele></trkpt>
            <trkpt lat="40.63988" lon="-104.888337"><ele>1583.55</ele></trkpt>
            <trkpt lat="40.639879" lon="-104.88849"><ele>1583.25</ele></trkpt>
            <trkpt lat="40.639878" lon="-104.888668"><ele>1582.95</ele></trkpt>
            <trkpt lat="40.639876" lon="-104.888955"><ele>1582.55</ele></trkpt>
            <trkpt lat="40.639875" lon="-104.889139"><ele>1582.36</ele></trkpt>
            <trkpt lat="40.639873" lon="-104.88944"><ele>1582.17</ele></trkpt>
            <trkpt lat="40.639872" lon="-104.889664"><ele>1582.11</ele></trkpt>
            <trkpt lat="40.63987" lon="-104.890042"><ele>1582.17</ele></trkpt>
            <trkpt lat="40.639868" lon="-104.890304"><ele>1582.34</ele></trkpt>
            <trkpt lat="40.639867" lon="-104.890474"><ele>1582.52</ele></trkpt>
            <trkpt lat="40.639866" lon="-104.890688"><ele>1582.8</ele></trkpt>
            <trkpt lat="40.639862" lon="-104.891232"><ele>1583.66</ele></trkpt>
            <trkpt lat="40.639861" lon="-104.891505"><ele>1583.96</ele></trkpt>
            <trkpt lat="40.639861" lon="-104.891612"><ele>1584.02</ele></trkpt>
            <trkpt lat="40.63986" lon="-104.891827"><ele>1584.01</ele></trkpt>
            <trkpt lat="40.63986" lon="-104.892055"><ele>1583.78</ele></trkpt>
            <trkpt lat="40.63986" lon="-104.892284"><ele>1583.33</ele></trkpt>
            <trkpt lat="40.63986" lon="-104.892495"><ele>1582.77</ele></trkpt>
            <trkpt lat="40.63986" lon="-104.893055"><ele>1580.93</ele></trkpt>
            <trkpt lat="40.63986" lon="-104.893363"><ele>1579.92</ele></trkpt>
            <trkpt lat="40.63986" lon="-104.893564"><ele>1579.31</ele></trkpt>
            <trkpt lat="40.63986" lon="-104.893784"><ele>1578.72</ele></trkpt>
            <trkpt lat="40.63986" lon="-104.894025"><ele>1578.17</ele></trkpt>
            <trkpt lat="40.63986" lon="-104.894354"><ele>1577.56</ele></trkpt>
            <trkpt lat="40.63986" lon="-104.894647"><ele>1577.1</ele></trkpt>
            <trkpt lat="40.63986" lon="-104.895209"><ele>1576.27</ele></trkpt>
            <trkpt lat="40.63986" lon="-104.895405"><ele>1575.89</ele></trkpt>
            <trkpt lat="40.63986" lon="-104.895605"><ele>1575.4</ele></trkpt>
            <trkpt lat="40.63986" lon="-104.895812"><ele>1574.76</ele></trkpt>
            <trkpt lat="40.63986" lon="-104.896025"><ele>1573.96</ele></trkpt>
            <trkpt lat="40.63986" lon="-104.896194"><ele>1573.22</ele></trkpt>
            <trkpt lat="40.63986" lon="-104.896378"><ele>1572.34</ele></trkpt>
            <trkpt lat="40.639861" lon="-104.896607"><ele>1571.18</ele></trkpt>
            <trkpt lat="40.639861" lon="-104.896812"><ele>1570.11</ele></trkpt>
            <trkpt lat="40.639862" lon="-104.897178"><ele>1568.23</ele></trkpt>
            <trkpt lat="40.639863" lon="-104.897549"><ele>1566.46</ele></trkpt>
            <trkpt lat="40.639864" lon="-104.897852"><ele>1565.14</ele></trkpt>
            <trkpt lat="40.639865" lon="-104.898203"><ele>1563.82</ele></trkpt>
            <trkpt lat="40.639866" lon="-104.898381"><ele>1563.28</ele></trkpt>
            <trkpt lat="40.639866" lon="-104.898493"><ele>1562.99</ele></trkpt>
            <trkpt lat="40.639867" lon="-104.898698"><ele>1562.56</ele></trkpt>
            <trkpt lat="40.639867" lon="-104.898895"><ele>1562.28</ele></trkpt>
            <trkpt lat="40.639868" lon="-104.899106"><ele>1562.11</ele></trkpt>
            <trkpt lat="40.639869" lon="-104.899474"><ele>1562.03</ele></trkpt>
            <trkpt lat="40.639869" lon="-104.899695"><ele>1562.09</ele></trkpt>
            <trkpt lat="40.639871" lon="-104.900095"><ele>1562.39</ele></trkpt>
            <trkpt lat="40.639871" lon="-104.900316"><ele>1562.66</ele></trkpt>
            <trkpt lat="40.639872" lon="-104.900645"><ele>1563.21</ele></trkpt>
            <trkpt lat="40.639873" lon="-104.900808"><ele>1563.54</ele></trkpt>
            <trkpt lat="40.639873" lon="-104.901043"><ele>1564.1</ele></trkpt>
            <trkpt lat="40.639874" lon="-104.901268"><ele>1564.71</ele></trkpt>
            <trkpt lat="40.639875" lon="-104.901587"><ele>1565.72</ele></trkpt>
            <trkpt lat="40.639876" lon="-104.901851"><ele>1566.66</ele></trkpt>
            <trkpt lat="40.639877" lon="-104.902129"><ele>1567.77</ele></trkpt>
            <trkpt lat="40.639877" lon="-104.902363"><ele>1568.8</ele></trkpt>
            <trkpt lat="40.639878" lon="-104.902612"><ele>1570.01</ele></trkpt>
            <trkpt lat="40.639879" lon="-104.90285"><ele>1571.24</ele></trkpt>
            <trkpt lat="40.639879" lon="-104.903024"><ele>1572.18</ele></trkpt>
            <trkpt lat="40.639879" lon="-104.903369"><ele>1574.11</ele></trkpt>
            <trkpt lat="40.639879" lon="-104.903633"><ele>1575.59</ele></trkpt>
            <trkpt lat="40.639877" lon="-104.903984"><ele>1577.52</ele></trkpt>
            <trkpt lat="40.639876" lon="-104.904337"><ele>1579.35</ele></trkpt>
            <trkpt lat="40.639875" lon="-104.904584"><ele>1580.52</ele></trkpt>
            <trkpt lat="40.639874" lon="-104.904872"><ele>1581.69</ele></trkpt>
            <trkpt lat="40.639873" lon="-104.905048"><ele>1582.27</ele></trkpt>
            <trkpt lat="40.639873" lon="-104.905228"><ele>1582.72</ele></trkpt>
            <trkpt lat="40.639872" lon="-104.905324"><ele>1582.9</ele></trkpt>
            <trkpt lat="40.639871" lon="-104.905475"><ele>1583.08</ele></trkpt>
            <trkpt lat="40.639871" lon="-104.905576"><ele>1583.14</ele></trkpt>
            <trkpt lat="40.639869" lon="-104.90577"><ele>1583.12</ele></trkpt>
            <trkpt lat="40.639867" lon="-104.905865"><ele>1583.05</ele></trkpt>
            <trkpt lat="40.639863" lon="-104.906063"><ele>1582.78</ele></trkpt>
            <trkpt lat="40.639859" lon="-104.906229"><ele>1582.45</ele></trkpt>
            <trkpt lat="40.639852" lon="-104.906465"><ele>1581.82</ele></trkpt>
            <trkpt lat="40.639846" lon="-104.906694"><ele>1581.04</ele></trkpt>
            <trkpt lat="40.639839" lon="-104.906906"><ele>1580.19</ele></trkpt>
            <trkpt lat="40.639833" lon="-104.907114"><ele>1579.26</ele></trkpt>
            <trkpt lat="40.63983" lon="-104.907226"><ele>1578.72</ele></trkpt>
            <trkpt lat="40.63982" lon="-104.907535"><ele>1577.2</ele></trkpt>
            <trkpt lat="40.639812" lon="-104.907813"><ele>1575.89</ele></trkpt>
            <trkpt lat="40.639808" lon="-104.907908"><ele>1575.47</ele></trkpt>
            <trkpt lat="40.639802" lon="-104.908093"><ele>1574.71</ele></trkpt>
            <trkpt lat="40.639791" lon="-104.908383"><ele>1573.7</ele></trkpt>
            <trkpt lat="40.639771" lon="-104.908892"><ele>1572.21</ele></trkpt>
            <trkpt lat="40.639765" lon="-104.909047"><ele>1571.79</ele></trkpt>
            <trkpt lat="40.639753" lon="-104.909364"><ele>1570.97</ele></trkpt>
            <trkpt lat="40.639735" lon="-104.909841"><ele>1569.93</ele></trkpt>
            <trkpt lat="40.639727" lon="-104.910054"><ele>1569.65</ele></trkpt>
            <trkpt lat="40.639719" lon="-104.910253"><ele>1569.59</ele></trkpt>
            <trkpt lat="40.639711" lon="-104.910457"><ele>1569.75</ele></trkpt>
            <trkpt lat="40.639707" lon="-104.910565"><ele>1569.93</ele></trkpt>
            <trkpt lat="40.639702" lon="-104.9107"><ele>1570.24</ele></trkpt>
            <trkpt lat="40.639693" lon="-104.910936"><ele>1570.93</ele></trkpt>
            <trkpt lat="40.63968" lon="-104.911261"><ele>1571.96</ele></trkpt>
            <trkpt lat="40.639672" lon="-104.911459"><ele>1572.47</ele></trkpt>
            <trkpt lat="40.639668" lon="-104.911561"><ele>1572.65</ele></trkpt>
            <trkpt lat="40.639665" lon="-104.911663"><ele>1572.77</ele></trkpt>
            <trkpt lat="40.63966" lon="-104.911767"><ele>1572.83</ele></trkpt>
            <trkpt lat="40.639655" lon="-104.911923"><ele>1572.81</ele></trkpt>
            <trkpt lat="40.639637" lon="-104.912374"><ele>1572.3</ele></trkpt>
            <trkpt lat="40.639629" lon="-104.912593"><ele>1572.05</ele></trkpt>
            <trkpt lat="40.639623" lon="-104.912751"><ele>1571.95</ele></trkpt>
            <trkpt lat="40.639616" lon="-104.912918"><ele>1571.96</ele></trkpt>
            <trkpt lat="40.639613" lon="-104.913005"><ele>1572.01</ele></trkpt>
            <trkpt lat="40.639606" lon="-104.913185"><ele>1572.24</ele></trkpt>
            <trkpt lat="40.639602" lon="-104.913272"><ele>1572.41</ele></trkpt>
            <trkpt lat="40.639596" lon="-104.913436"><ele>1572.83</ele></trkpt>
            <trkpt lat="40.639587" lon="-104.913673"><ele>1573.58</ele></trkpt>
            <trkpt lat="40.639575" lon="-104.913991"><ele>1574.72</ele></trkpt>
            <trkpt lat="40.639568" lon="-104.914162"><ele>1575.31</ele></trkpt>
            <trkpt lat="40.639561" lon="-104.914342"><ele>1575.87</ele></trkpt>
            <trkpt lat="40.639555" lon="-104.914512"><ele>1576.32</ele></trkpt>
            <trkpt lat="40.639549" lon="-104.914667"><ele>1576.67</ele></trkpt>
            <trkpt lat="40.639536" lon="-104.914993"><ele>1577.28</ele></trkpt>
            <trkpt lat="40.639527" lon="-104.915232"><ele>1577.71</ele></trkpt>
            <trkpt lat="40.63952" lon="-104.915408"><ele>1578.06</ele></trkpt>
            <trkpt lat="40.639513" lon="-104.915585"><ele>1578.45</ele></trkpt>
            <trkpt lat="40.639498" lon="-104.915987"><ele>1579.48</ele></trkpt>
            <trkpt lat="40.639489" lon="-104.916217"><ele>1580.15</ele></trkpt>
            <trkpt lat="40.639476" lon="-104.916545"><ele>1581.18</ele></trkpt>
            <trkpt lat="40.639459" lon="-104.916999"><ele>1582.71</ele></trkpt>
            <trkpt lat="40.639433" lon="-104.917661"><ele>1584.93</ele></trkpt>
            <trkpt lat="40.639427" lon="-104.917823"><ele>1585.42</ele></trkpt>
            <trkpt lat="40.639418" lon="-104.918046"><ele>1586.02</ele></trkpt>
            <trkpt lat="40.63941" lon="-104.918251"><ele>1586.47</ele></trkpt>
            <trkpt lat="40.639403" lon="-104.918446"><ele>1586.81</ele></trkpt>
            <trkpt lat="40.639387" lon="-104.918856"><ele>1587.34</ele></trkpt>
            <trkpt lat="40.639366" lon="-104.919396"><ele>1587.82</ele></trkpt>
            <trkpt lat="40.639352" lon="-104.91977"><ele>1588.06</ele></trkpt>
            <trkpt lat="40.639342" lon="-104.920013"><ele>1588.17</ele></trkpt>
            <trkpt lat="40.639335" lon="-104.920185"><ele>1588.22</ele></trkpt>
            <trkpt lat="40.639316" lon="-104.920685"><ele>1588.31</ele></trkpt>
            <trkpt lat="40.639292" lon="-104.921322"><ele>1588.44</ele></trkpt>
            <trkpt lat="40.639274" lon="-104.92177"><ele>1588.65</ele></trkpt>
            <trkpt lat="40.639265" lon="-104.922007"><ele>1588.84</ele></trkpt>
            <trkpt lat="40.639255" lon="-104.922258"><ele>1589.12</ele></trkpt>
            <trkpt lat="40.639245" lon="-104.922525"><ele>1589.52</ele></trkpt>
            <trkpt lat="40.639239" lon="-104.922692"><ele>1589.81</ele></trkpt>
            <trkpt lat="40.639227" lon="-104.923003"><ele>1590.44</ele></trkpt>
            <trkpt lat="40.639205" lon="-104.923566"><ele>1591.75</ele></trkpt>
            <trkpt lat="40.639187" lon="-104.924023"><ele>1592.89</ele></trkpt>
            <trkpt lat="40.639163" lon="-104.92466"><ele>1594.55</ele></trkpt>
            <trkpt lat="40.639153" lon="-104.924917"><ele>1595.2</ele></trkpt>
            <trkpt lat="40.639144" lon="-104.925152"><ele>1595.77</ele></trkpt>
            <trkpt lat="40.639139" lon="-104.925318"><ele>1596.15</ele></trkpt>
            <trkpt lat="40.639132" lon="-104.925546"><ele>1596.64</ele></trkpt>
            <trkpt lat="40.639126" lon="-104.925766"><ele>1597.09</ele></trkpt>
            <trkpt lat="40.639113" lon="-104.926253"><ele>1598.09</ele></trkpt>
            <trkpt lat="40.639103" lon="-104.926636"><ele>1598.9</ele></trkpt>
            <trkpt lat="40.639086" lon="-104.927268"><ele>1600.28</ele></trkpt>
            <trkpt lat="40.639074" lon="-104.927752"><ele>1601.35</ele></trkpt>
            <trkpt lat="40.639067" lon="-104.928071"><ele>1602.09</ele></trkpt>
            <trkpt lat="40.639064" lon="-104.928245"><ele>1602.52</ele></trkpt>
            <trkpt lat="40.639058" lon="-104.928528"><ele>1603.25</ele></trkpt>
            <trkpt lat="40.639055" lon="-104.928712"><ele>1603.75</ele></trkpt>
            <trkpt lat="40.639047" lon="-104.929156"><ele>1604.95</ele></trkpt>
            <trkpt lat="40.639044" lon="-104.929338"><ele>1605.41</ele></trkpt>
            <trkpt lat="40.639038" lon="-104.929625"><ele>1606.06</ele></trkpt>
            <trkpt lat="40.639033" lon="-104.929894"><ele>1606.58</ele></trkpt>
            <trkpt lat="40.639019" lon="-104.930684"><ele>1607.8</ele></trkpt>
            <trkpt lat="40.638995" lon="-104.932005"><ele>1609.58</ele></trkpt>
            <trkpt lat="40.63899" lon="-104.932294"><ele>1610.01</ele></trkpt>
            <trkpt lat="40.638987" lon="-104.932459"><ele>1610.26</ele></trkpt>
            <trkpt lat="40.638978" lon="-104.932921"><ele>1611.01</ele></trkpt>
            <trkpt lat="40.638975" lon="-104.933106"><ele>1611.3</ele></trkpt>
            <trkpt lat="40.638968" lon="-104.933461"><ele>1611.83</ele></trkpt>
            <trkpt lat="40.638958" lon="-104.93402"><ele>1612.63</ele></trkpt>
            <trkpt lat="40.63895" lon="-104.934454"><ele>1613.28</ele></trkpt>
            <trkpt lat="40.63894" lon="-104.935045"><ele>1614.28</ele></trkpt>
            <trkpt lat="40.638933" lon="-104.935396"><ele>1614.99</ele></trkpt>
            <trkpt lat="40.638927" lon="-104.935727"><ele>1615.76</ele></trkpt>
            <trkpt lat="40.638924" lon="-104.935916"><ele>1616.23</ele></trkpt>
            <trkpt lat="40.638911" lon="-104.93658"><ele>1617.85</ele></trkpt>
            <trkpt lat="40.638909" lon="-104.93669"><ele>1618.05</ele></trkpt>
            <trkpt lat="40.638907" lon="-104.9368"><ele>1618.22</ele></trkpt>
            <trkpt lat="40.638904" lon="-104.936957"><ele>1618.39</ele></trkpt>
            <trkpt lat="40.6389" lon="-104.937171"><ele>1618.51</ele></trkpt>
            <trkpt lat="40.638892" lon="-104.937558"><ele>1618.56</ele></trkpt>
            <trkpt lat="40.638888" lon="-104.937711"><ele>1618.58</ele></trkpt>
            <trkpt lat="40.638885" lon="-104.93787"><ele>1618.63</ele></trkpt>
            <trkpt lat="40.63888" lon="-104.938123"><ele>1618.75</ele></trkpt>
            <trkpt lat="40.638877" lon="-104.93826"><ele>1618.82</ele></trkpt>
            <trkpt lat="40.638871" lon="-104.938549"><ele>1618.89</ele></trkpt>
            <trkpt lat="40.638867" lon="-104.938765"><ele>1618.79</ele></trkpt>
            <trkpt lat="40.638864" lon="-104.938873"><ele>1618.65</ele></trkpt>
            <trkpt lat="40.638861" lon="-104.939043"><ele>1618.32</ele></trkpt>
            <trkpt lat="40.638857" lon="-104.939217"><ele>1617.82</ele></trkpt>
            <trkpt lat="40.638854" lon="-104.939354"><ele>1617.33</ele></trkpt>
            <trkpt lat="40.638847" lon="-104.939693"><ele>1615.92</ele></trkpt>
            <trkpt lat="40.638845" lon="-104.939798"><ele>1615.46</ele></trkpt>
            <trkpt lat="40.638842" lon="-104.939936"><ele>1614.87</ele></trkpt>
            <trkpt lat="40.638839" lon="-104.940089"><ele>1614.24</ele></trkpt>
            <trkpt lat="40.638835" lon="-104.94027"><ele>1613.54</ele></trkpt>
            <trkpt lat="40.638829" lon="-104.940578"><ele>1612.42</ele></trkpt>
            <trkpt lat="40.638824" lon="-104.940807"><ele>1611.61</ele></trkpt>
            <trkpt lat="40.638821" lon="-104.940954"><ele>1611.1</ele></trkpt>
            <trkpt lat="40.63881" lon="-104.941497"><ele>1609.18</ele></trkpt>
            <trkpt lat="40.638801" lon="-104.941922"><ele>1607.7</ele></trkpt>
            <trkpt lat="40.638794" lon="-104.942276"><ele>1606.52</ele></trkpt>
            <trkpt lat="40.638788" lon="-104.942577"><ele>1605.56</ele></trkpt>
            <trkpt lat="40.638783" lon="-104.942795"><ele>1604.9</ele></trkpt>
            <trkpt lat="40.638777" lon="-104.943122"><ele>1603.98</ele></trkpt>
            <trkpt lat="40.638773" lon="-104.943357"><ele>1603.37</ele></trkpt>
            <trkpt lat="40.638773" lon="-104.943473"><ele>1603.11</ele></trkpt>
            <trkpt lat="40.638776" lon="-104.94358"><ele>1602.9</ele></trkpt>
            <trkpt lat="40.638781" lon="-104.943674"><ele>1602.74</ele></trkpt>
            <trkpt lat="40.638786" lon="-104.943716"><ele>1602.68</ele></trkpt>
            <trkpt lat="40.638794" lon="-104.943755"><ele>1602.63</ele></trkpt>
            <trkpt lat="40.638805" lon="-104.943792"><ele>1602.58</ele></trkpt>
            <trkpt lat="40.63882" lon="-104.943825"><ele>1602.54</ele></trkpt>
            <trkpt lat="40.638839" lon="-104.943852"><ele>1602.5</ele></trkpt>
            <trkpt lat="40.638861" lon="-104.943872"><ele>1602.47</ele></trkpt>
            <trkpt lat="40.638887" lon="-104.943886"><ele>1602.45</ele></trkpt>
            <trkpt lat="40.638915" lon="-104.943896"><ele>1602.43</ele></trkpt>
            <trkpt lat="40.638946" lon="-104.943902"><ele>1602.41</ele></trkpt>
            <trkpt lat="40.639011" lon="-104.943907"><ele>1602.39</ele></trkpt>
            <trkpt lat="40.63908" lon="-104.943908"><ele>1602.39</ele></trkpt>
            <trkpt lat="40.639163" lon="-104.943906"><ele>1602.42</ele></trkpt>
            <trkpt lat="40.639361" lon="-104.9439"><ele>1602.58</ele></trkpt>
            <trkpt lat="40.63962" lon="-104.943891"><ele>1602.85</ele></trkpt>
            <trkpt lat="40.640404" lon="-104.943861"><ele>1603.69</ele></trkpt>
            <trkpt lat="40.64069" lon="-104.943851"><ele>1603.92</ele></trkpt>
            <trkpt lat="40.640939" lon="-104.943841"><ele>1604.06</ele></trkpt>
            <trkpt lat="40.641244" lon="-104.94383"><ele>1604.12</ele></trkpt>
            <trkpt lat="40.641473" lon="-104.943821"><ele>1604.11</ele></trkpt>
            <trkpt lat="40.641995" lon="-104.943801"><ele>1604.08</ele></trkpt>
            <trkpt lat="40.642093" lon="-104.943798"><ele>1604.11</ele></trkpt>
            <trkpt lat="40.64242" lon="-104.943789"><ele>1604.36</ele></trkpt>
            <trkpt lat="40.643379" lon="-104.943764"><ele>1605.72</ele></trkpt>
            <trkpt lat="40.643902" lon="-104.94375"><ele>1606.6</ele></trkpt>
            <trkpt lat="40.644084" lon="-104.943745"><ele>1606.95</ele></trkpt>
            <trkpt lat="40.644352" lon="-104.943738"><ele>1607.56</ele></trkpt>
            <trkpt lat="40.6446" lon="-104.943732"><ele>1608.2</ele></trkpt>
            <trkpt lat="40.645097" lon="-104.943718"><ele>1609.61</ele></trkpt>
            <trkpt lat="40.645231" lon="-104.943715"><ele>1609.99</ele></trkpt>
            <trkpt lat="40.645528" lon="-104.943707"><ele>1610.83</ele></trkpt>
            <trkpt lat="40.645784" lon="-104.9437"><ele>1611.59</ele></trkpt>
            <trkpt lat="40.645993" lon="-104.943695"><ele>1612.27</ele></trkpt>
            <trkpt lat="40.646474" lon="-104.943682"><ele>1613.96</ele></trkpt>
            <trkpt lat="40.646924" lon="-104.94367"><ele>1615.66</ele></trkpt>
            <trkpt lat="40.647054" lon="-104.943666"><ele>1616.19</ele></trkpt>
            <trkpt lat="40.647237" lon="-104.943662"><ele>1616.97</ele></trkpt>
            <trkpt lat="40.647459" lon="-104.943656"><ele>1618</ele></trkpt>
            <trkpt lat="40.64767" lon="-104.94365"><ele>1619.05</ele></trkpt>
            <trkpt lat="40.648001" lon="-104.943641"><ele>1620.7</ele></trkpt>
            <trkpt lat="40.648233" lon="-104.943635"><ele>1621.79</ele></trkpt>
            <trkpt lat="40.648351" lon="-104.943632"><ele>1622.3</ele></trkpt>
            <trkpt lat="40.648597" lon="-104.943625"><ele>1623.27</ele></trkpt>
            <trkpt lat="40.649007" lon="-104.943615"><ele>1624.73</ele></trkpt>
            <trkpt lat="40.649349" lon="-104.943605"><ele>1625.96</ele></trkpt>
            <trkpt lat="40.649643" lon="-104.943598"><ele>1627.08</ele></trkpt>
            <trkpt lat="40.649875" lon="-104.943592"><ele>1628.01</ele></trkpt>
            <trkpt lat="40.650298" lon="-104.94358"><ele>1629.66</ele></trkpt>
            <trkpt lat="40.650445" lon="-104.943576"><ele>1630.15</ele></trkpt>
            <trkpt lat="40.650617" lon="-104.943572"><ele>1630.6</ele></trkpt>
            <trkpt lat="40.650774" lon="-104.943568"><ele>1630.84</ele></trkpt>
            <trkpt lat="40.650925" lon="-104.943564"><ele>1630.91</ele></trkpt>
            <trkpt lat="40.651048" lon="-104.94356"><ele>1630.82</ele></trkpt>
            <trkpt lat="40.651135" lon="-104.943558"><ele>1630.68</ele></trkpt>
            <trkpt lat="40.651385" lon="-104.943551"><ele>1629.99</ele></trkpt>
            <trkpt lat="40.651497" lon="-104.943548"><ele>1629.55</ele></trkpt>
            <trkpt lat="40.651577" lon="-104.943546"><ele>1629.2</ele></trkpt>
            <trkpt lat="40.651652" lon="-104.943544"><ele>1628.85</ele></trkpt>
            <trkpt lat="40.651799" lon="-104.94354"><ele>1628.11</ele></trkpt>
            <trkpt lat="40.651915" lon="-104.943537"><ele>1627.54</ele></trkpt>
            <trkpt lat="40.652142" lon="-104.943532"><ele>1626.55</ele></trkpt>
            <trkpt lat="40.65226" lon="-104.943528"><ele>1626.17</ele></trkpt>
            <trkpt lat="40.652377" lon="-104.943526"><ele>1625.92</ele></trkpt>
            <trkpt lat="40.652454" lon="-104.943524"><ele>1625.82</ele></trkpt>
            <trkpt lat="40.652602" lon="-104.943522"><ele>1625.81</ele></trkpt>
            <trkpt lat="40.652756" lon="-104.94352"><ele>1626.01</ele></trkpt>
            <trkpt lat="40.65293" lon="-104.943519"><ele>1626.47</ele></trkpt>
            <trkpt lat="40.653024" lon="-104.943519"><ele>1626.8</ele></trkpt>
            <trkpt lat="40.653118" lon="-104.943519"><ele>1627.18</ele></trkpt>
            <trkpt lat="40.6533" lon="-104.943518"><ele>1628.04</ele></trkpt>
            <trkpt lat="40.653506" lon="-104.943518"><ele>1629.11</ele></trkpt>
            <trkpt lat="40.65384" lon="-104.943517"><ele>1630.8</ele></trkpt>
            <trkpt lat="40.653967" lon="-104.943517"><ele>1631.33</ele></trkpt>
            <trkpt lat="40.654095" lon="-104.943516"><ele>1631.75</ele></trkpt>
            <trkpt lat="40.654224" lon="-104.943516"><ele>1632.04</ele></trkpt>
            <trkpt lat="40.654311" lon="-104.943516"><ele>1632.15</ele></trkpt>
            <trkpt lat="40.6544" lon="-104.943516"><ele>1632.19</ele></trkpt>
            <trkpt lat="40.654586" lon="-104.943515"><ele>1632.06</ele></trkpt>
            <trkpt lat="40.655431" lon="-104.943513"><ele>1630.27</ele></trkpt>
            <trkpt lat="40.655719" lon="-104.943512"><ele>1629.55</ele></trkpt>
            <trkpt lat="40.655978" lon="-104.943512"><ele>1628.86</ele></trkpt>
            <trkpt lat="40.656416" lon="-104.943511"><ele>1627.73</ele></trkpt>
            <trkpt lat="40.656537" lon="-104.94351"><ele>1627.45</ele></trkpt>
            <trkpt lat="40.656651" lon="-104.94351"><ele>1627.2</ele></trkpt>
            <trkpt lat="40.65687" lon="-104.943509"><ele>1626.75</ele></trkpt>
            <trkpt lat="40.656985" lon="-104.943508"><ele>1626.51</ele></trkpt>
            <trkpt lat="40.657213" lon="-104.943505"><ele>1625.99</ele></trkpt>
            <trkpt lat="40.657347" lon="-104.943504"><ele>1625.63</ele></trkpt>
            <trkpt lat="40.65752" lon="-104.943503"><ele>1625.11</ele></trkpt>
            <trkpt lat="40.657743" lon="-104.9435"><ele>1624.35</ele></trkpt>
            <trkpt lat="40.658007" lon="-104.943498"><ele>1623.38</ele></trkpt>
            <trkpt lat="40.658397" lon="-104.943494"><ele>1622.03</ele></trkpt>
            <trkpt lat="40.658585" lon="-104.943492"><ele>1621.55</ele></trkpt>
            <trkpt lat="40.658742" lon="-104.943491"><ele>1621.33</ele></trkpt>
            <trkpt lat="40.658831" lon="-104.94349"><ele>1621.28</ele></trkpt>
            <trkpt lat="40.659009" lon="-104.943488"><ele>1621.35</ele></trkpt>
            <trkpt lat="40.659111" lon="-104.943487"><ele>1621.49</ele></trkpt>
            <trkpt lat="40.659193" lon="-104.943486"><ele>1621.65</ele></trkpt>
            <trkpt lat="40.659347" lon="-104.943485"><ele>1622.03</ele></trkpt>
            <trkpt lat="40.659565" lon="-104.943483"><ele>1622.7</ele></trkpt>
            <trkpt lat="40.659689" lon="-104.943481"><ele>1623.11</ele></trkpt>
            <trkpt lat="40.659891" lon="-104.943479"><ele>1623.79</ele></trkpt>
            <trkpt lat="40.660225" lon="-104.943476"><ele>1624.98</ele></trkpt>
            <trkpt lat="40.660335" lon="-104.943475"><ele>1625.42</ele></trkpt>
            <trkpt lat="40.660564" lon="-104.943473"><ele>1626.43</ele></trkpt>
            <trkpt lat="40.660699" lon="-104.943471"><ele>1627.11</ele></trkpt>
            <trkpt lat="40.660848" lon="-104.94347"><ele>1627.94</ele></trkpt>
            <trkpt lat="40.661015" lon="-104.943468"><ele>1628.94</ele></trkpt>
            <trkpt lat="40.661194" lon="-104.943467"><ele>1630.08</ele></trkpt>
            <trkpt lat="40.661555" lon="-104.943463"><ele>1632.43</ele></trkpt>
            <trkpt lat="40.661702" lon="-104.943462"><ele>1633.32</ele></trkpt>
            <trkpt lat="40.661817" lon="-104.94346"><ele>1633.97</ele></trkpt>
            <trkpt lat="40.661973" lon="-104.943459"><ele>1634.74</ele></trkpt>
            <trkpt lat="40.66212" lon="-104.943457"><ele>1635.36</ele></trkpt>
            <trkpt lat="40.662316" lon="-104.943456"><ele>1636</ele></trkpt>
            <trkpt lat="40.662448" lon="-104.943454"><ele>1636.32</ele></trkpt>
            <trkpt lat="40.66258" lon="-104.943453"><ele>1636.57</ele></trkpt>
            <trkpt lat="40.662825" lon="-104.943451"><ele>1636.87</ele></trkpt>
            <trkpt lat="40.663078" lon="-104.943448"><ele>1637.04</ele></trkpt>
            <trkpt lat="40.663322" lon="-104.943446"><ele>1637.09</ele></trkpt>
            <trkpt lat="40.663567" lon="-104.943443"><ele>1637</ele></trkpt>
            <trkpt lat="40.663912" lon="-104.94344"><ele>1636.54</ele></trkpt>
            <trkpt lat="40.663992" lon="-104.943439"><ele>1636.35</ele></trkpt>
            <trkpt lat="40.664081" lon="-104.943438"><ele>1636.09</ele></trkpt>
            <trkpt lat="40.664259" lon="-104.943437"><ele>1635.37</ele></trkpt>
            <trkpt lat="40.664361" lon="-104.943436"><ele>1634.83</ele></trkpt>
            <trkpt lat="40.664443" lon="-104.943435"><ele>1634.34</ele></trkpt>
            <trkpt lat="40.664598" lon="-104.943433"><ele>1633.26</ele></trkpt>
            <trkpt lat="40.664748" lon="-104.943432"><ele>1632.06</ele></trkpt>
            <trkpt lat="40.664902" lon="-104.94343"><ele>1630.72</ele></trkpt>
            <trkpt lat="40.665328" lon="-104.943426"><ele>1626.81</ele></trkpt>
            <trkpt lat="40.665402" lon="-104.943425"><ele>1626.16</ele></trkpt>
            <trkpt lat="40.665547" lon="-104.943424"><ele>1624.94</ele></trkpt>
            <trkpt lat="40.665703" lon="-104.943422"><ele>1623.75</ele></trkpt>
            <trkpt lat="40.665874" lon="-104.943421"><ele>1622.61</ele></trkpt>
            <trkpt lat="40.666063" lon="-104.943419"><ele>1621.55</ele></trkpt>
            <trkpt lat="40.666232" lon="-104.943417"><ele>1620.8</ele></trkpt>
            <trkpt lat="40.666385" lon="-104.943416"><ele>1620.28</ele></trkpt>
            <trkpt lat="40.666538" lon="-104.943414"><ele>1619.92</ele></trkpt>
            <trkpt lat="40.666708" lon="-104.943413"><ele>1619.68</ele></trkpt>
            <trkpt lat="40.666937" lon="-104.94341"><ele>1619.62</ele></trkpt>
            <trkpt lat="40.667067" lon="-104.943409"><ele>1619.73</ele></trkpt>
            <trkpt lat="40.667223" lon="-104.943408"><ele>1620.02</ele></trkpt>
            <trkpt lat="40.667373" lon="-104.943406"><ele>1620.46</ele></trkpt>
            <trkpt lat="40.667539" lon="-104.943404"><ele>1621.15</ele></trkpt>
            <trkpt lat="40.667674" lon="-104.943403"><ele>1621.86</ele></trkpt>
            <trkpt lat="40.667856" lon="-104.943401"><ele>1623.04</ele></trkpt>
            <trkpt lat="40.668022" lon="-104.9434"><ele>1624.33</ele></trkpt>
            <trkpt lat="40.668172" lon="-104.943398"><ele>1625.65</ele></trkpt>
            <trkpt lat="40.668245" lon="-104.943397"><ele>1626.34</ele></trkpt>
            <trkpt lat="40.668328" lon="-104.943397"><ele>1627.14</ele></trkpt>
            <trkpt lat="40.668499" lon="-104.943395"><ele>1628.8</ele></trkpt>
            <trkpt lat="40.6686" lon="-104.943394"><ele>1629.73</ele></trkpt>
            <trkpt lat="40.668812" lon="-104.943392"><ele>1631.29</ele></trkpt>
            <trkpt lat="40.668888" lon="-104.943391"><ele>1631.66</ele></trkpt>
            <trkpt lat="40.668959" lon="-104.943391"><ele>1631.89</ele></trkpt>
            <trkpt lat="40.668992" lon="-104.943391"><ele>1631.95</ele></trkpt>
            <trkpt lat="40.669059" lon="-104.94339"><ele>1631.99</ele></trkpt>
            <trkpt lat="40.669126" lon="-104.94339"><ele>1631.92</ele></trkpt>
            <trkpt lat="40.66927" lon="-104.943389"><ele>1631.43</ele></trkpt>
            <trkpt lat="40.6696" lon="-104.943387"><ele>1629.19</ele></trkpt>
            <trkpt lat="40.669726" lon="-104.943387"><ele>1628.17</ele></trkpt>
            <trkpt lat="40.669879" lon="-104.943386"><ele>1626.9</ele></trkpt>
            <trkpt lat="40.670022" lon="-104.943385"><ele>1625.76</ele></trkpt>
            <trkpt lat="40.670159" lon="-104.943385"><ele>1624.75</ele></trkpt>
            <trkpt lat="40.670313" lon="-104.943384"><ele>1623.74</ele></trkpt>
            <trkpt lat="40.670457" lon="-104.943383"><ele>1622.92</ele></trkpt>
            <trkpt lat="40.670687" lon="-104.943382"><ele>1621.85</ele></trkpt>
            <trkpt lat="40.67077" lon="-104.943382"><ele>1621.53</ele></trkpt>
            <trkpt lat="40.671023" lon="-104.94338"><ele>1620.76</ele></trkpt>
            <trkpt lat="40.671176" lon="-104.943379"><ele>1620.43</ele></trkpt>
            <trkpt lat="40.671264" lon="-104.943378"><ele>1620.28</ele></trkpt>
            <trkpt lat="40.67156" lon="-104.943375"><ele>1620.03</ele></trkpt>
            <trkpt lat="40.671704" lon="-104.943374"><ele>1620.03</ele></trkpt>
            <trkpt lat="40.671889" lon="-104.943372"><ele>1620.16</ele></trkpt>
            <trkpt lat="40.672022" lon="-104.94337"><ele>1620.35</ele></trkpt>
            <trkpt lat="40.672202" lon="-104.943368"><ele>1620.68</ele></trkpt>
            <trkpt lat="40.672564" lon="-104.943364"><ele>1621.38</ele></trkpt>
            <trkpt lat="40.672744" lon="-104.943363"><ele>1621.55</ele></trkpt>
            <trkpt lat="40.672833" lon="-104.943362"><ele>1621.55</ele></trkpt>
            <trkpt lat="40.672968" lon="-104.94336"><ele>1621.42</ele></trkpt>
            <trkpt lat="40.673063" lon="-104.943359"><ele>1621.24</ele></trkpt>
            <trkpt lat="40.673207" lon="-104.943358"><ele>1620.81</ele></trkpt>
            <trkpt lat="40.67332" lon="-104.943356"><ele>1620.38</ele></trkpt>
            <trkpt lat="40.673666" lon="-104.943353"><ele>1618.87</ele></trkpt>
            <trkpt lat="40.673803" lon="-104.943351"><ele>1618.36</ele></trkpt>
            <trkpt lat="40.673947" lon="-104.94335"><ele>1617.97</ele></trkpt>
            <trkpt lat="40.674094" lon="-104.943348"><ele>1617.79</ele></trkpt>
            <trkpt lat="40.674239" lon="-104.943347"><ele>1617.81</ele></trkpt>
            <trkpt lat="40.674366" lon="-104.943345"><ele>1617.99</ele></trkpt>
            <trkpt lat="40.674459" lon="-104.943344"><ele>1618.18</ele></trkpt>
            <trkpt lat="40.674582" lon="-104.943343"><ele>1618.46</ele></trkpt>
            <trkpt lat="40.674666" lon="-104.943342"><ele>1618.63</ele></trkpt>
            <trkpt lat="40.674878" lon="-104.94334"><ele>1618.86</ele></trkpt>
            <trkpt lat="40.675035" lon="-104.943338"><ele>1618.7</ele></trkpt>
            <trkpt lat="40.675092" lon="-104.943338"><ele>1618.56</ele></trkpt>
            <trkpt lat="40.675138" lon="-104.943337"><ele>1618.42</ele></trkpt>
            <trkpt lat="40.675223" lon="-104.943336"><ele>1618.09</ele></trkpt>
            <trkpt lat="40.675534" lon="-104.943333"><ele>1616.47</ele></trkpt>
            <trkpt lat="40.67563" lon="-104.943332"><ele>1615.99</ele></trkpt>
            <trkpt lat="40.675729" lon="-104.943331"><ele>1615.56</ele></trkpt>
            <trkpt lat="40.67583" lon="-104.94333"><ele>1615.21</ele></trkpt>
            <trkpt lat="40.67598" lon="-104.943328"><ele>1614.94</ele></trkpt>
            <trkpt lat="40.676076" lon="-104.943327"><ele>1614.92</ele></trkpt>
            <trkpt lat="40.676166" lon="-104.943326"><ele>1615.03</ele></trkpt>
            <trkpt lat="40.676255" lon="-104.943325"><ele>1615.25</ele></trkpt>
            <trkpt lat="40.676344" lon="-104.943324"><ele>1615.57</ele></trkpt>
            <trkpt lat="40.676437" lon="-104.943323"><ele>1616.01</ele></trkpt>
            <trkpt lat="40.676629" lon="-104.943321"><ele>1617.14</ele></trkpt>
            <trkpt lat="40.677025" lon="-104.943317"><ele>1619.93</ele></trkpt>
            <trkpt lat="40.677195" lon="-104.943315"><ele>1621.11</ele></trkpt>
            <trkpt lat="40.677303" lon="-104.943314"><ele>1621.82</ele></trkpt>
            <trkpt lat="40.677495" lon="-104.943312"><ele>1622.96</ele></trkpt>
            <trkpt lat="40.677596" lon="-104.943311"><ele>1623.5</ele></trkpt>
            <trkpt lat="40.677786" lon="-104.943309"><ele>1624.37</ele></trkpt>
            <trkpt lat="40.677966" lon="-104.943307"><ele>1625.01</ele></trkpt>
            <trkpt lat="40.678148" lon="-104.943305"><ele>1625.48</ele></trkpt>
            <trkpt lat="40.678244" lon="-104.943304"><ele>1625.65</ele></trkpt>
            <trkpt lat="40.67834" lon="-104.943303"><ele>1625.76</ele></trkpt>
            <trkpt lat="40.678521" lon="-104.943301"><ele>1625.87</ele></trkpt>
            <trkpt lat="40.678799" lon="-104.943298"><ele>1625.93</ele></trkpt>
            <trkpt lat="40.678936" lon="-104.943297"><ele>1626.01</ele></trkpt>
            <trkpt lat="40.679077" lon="-104.943295"><ele>1626.18</ele></trkpt>
            <trkpt lat="40.679206" lon="-104.943294"><ele>1626.45</ele></trkpt>
            <trkpt lat="40.679355" lon="-104.943292"><ele>1626.91</ele></trkpt>
            <trkpt lat="40.67945" lon="-104.943291"><ele>1627.28</ele></trkpt>
            <trkpt lat="40.679632" lon="-104.943289"><ele>1628.13</ele></trkpt>
            <trkpt lat="40.679811" lon="-104.943287"><ele>1629.05</ele></trkpt>
            <trkpt lat="40.68021" lon="-104.943283"><ele>1631.02</ele></trkpt>
            <trkpt lat="40.680306" lon="-104.943282"><ele>1631.34</ele></trkpt>
            <trkpt lat="40.680398" lon="-104.943281"><ele>1631.54</ele></trkpt>
            <trkpt lat="40.680487" lon="-104.94328"><ele>1631.6</ele></trkpt>
            <trkpt lat="40.680575" lon="-104.943279"><ele>1631.53</ele></trkpt>
            <trkpt lat="40.68062" lon="-104.943278"><ele>1631.45</ele></trkpt>
            <trkpt lat="40.680712" lon="-104.943277"><ele>1631.17</ele></trkpt>
            <trkpt lat="40.680807" lon="-104.943275"><ele>1630.73</ele></trkpt>
            <trkpt lat="40.680902" lon="-104.943274"><ele>1630.17</ele></trkpt>
            <trkpt lat="40.681014" lon="-104.943272"><ele>1629.36</ele></trkpt>
            <trkpt lat="40.681222" lon="-104.943269"><ele>1627.58</ele></trkpt>
            <trkpt lat="40.681492" lon="-104.943265"><ele>1625.08</ele></trkpt>
            <trkpt lat="40.681632" lon="-104.943263"><ele>1623.84</ele></trkpt>
            <trkpt lat="40.68176" lon="-104.943261"><ele>1622.81</ele></trkpt>
            <trkpt lat="40.68186" lon="-104.943259"><ele>1622.1</ele></trkpt>
            <trkpt lat="40.681955" lon="-104.943258"><ele>1621.51</ele></trkpt>
            <trkpt lat="40.682048" lon="-104.943256"><ele>1621.02</ele></trkpt>
            <trkpt lat="40.682138" lon="-104.943255"><ele>1620.63</ele></trkpt>
            <trkpt lat="40.682314" lon="-104.943252"><ele>1620.09</ele></trkpt>
            <trkpt lat="40.682406" lon="-104.943251"><ele>1619.92</ele></trkpt>
            <trkpt lat="40.682501" lon="-104.943249"><ele>1619.8</ele></trkpt>
            <trkpt lat="40.682596" lon="-104.943248"><ele>1619.74</ele></trkpt>
            <trkpt lat="40.683051" lon="-104.943241"><ele>1619.75</ele></trkpt>
            <trkpt lat="40.683186" lon="-104.943239"><ele>1619.69</ele></trkpt>
            <trkpt lat="40.683393" lon="-104.943235"><ele>1619.45</ele></trkpt>
            <trkpt lat="40.683554" lon="-104.943233"><ele>1619.09</ele></trkpt>
            <trkpt lat="40.683648" lon="-104.943232"><ele>1618.81</ele></trkpt>
            <trkpt lat="40.683742" lon="-104.94323"><ele>1618.48</ele></trkpt>
            <trkpt lat="40.684052" lon="-104.943225"><ele>1617.22</ele></trkpt>
            <trkpt lat="40.684254" lon="-104.943222"><ele>1616.4</ele></trkpt>
            <trkpt lat="40.6845" lon="-104.943218"><ele>1615.56</ele></trkpt>
            <trkpt lat="40.68459" lon="-104.943217"><ele>1615.31</ele></trkpt>
            <trkpt lat="40.684766" lon="-104.943214"><ele>1614.93</ele></trkpt>
            <trkpt lat="40.684994" lon="-104.943211"><ele>1614.66</ele></trkpt>
            <trkpt lat="40.685193" lon="-104.943208"><ele>1614.59</ele></trkpt>
            <trkpt lat="40.685389" lon="-104.943205"><ele>1614.66</ele></trkpt>
            <trkpt lat="40.68557" lon="-104.943202"><ele>1614.82</ele></trkpt>
            <trkpt lat="40.685746" lon="-104.943199"><ele>1615.05</ele></trkpt>
            <trkpt lat="40.686082" lon="-104.943194"><ele>1615.67</ele></trkpt>
            <trkpt lat="40.686284" lon="-104.943191"><ele>1616.16</ele></trkpt>
            <trkpt lat="40.68646" lon="-104.943188"><ele>1616.67</ele></trkpt>
            <trkpt lat="40.686637" lon="-104.943185"><ele>1617.27</ele></trkpt>
            <trkpt lat="40.687041" lon="-104.943179"><ele>1618.89</ele></trkpt>
            <trkpt lat="40.68722" lon="-104.943176"><ele>1619.73</ele></trkpt>
            <trkpt lat="40.687384" lon="-104.943174"><ele>1620.6</ele></trkpt>
            <trkpt lat="40.687484" lon="-104.943172"><ele>1621.17</ele></trkpt>
            <trkpt lat="40.687794" lon="-104.943168"><ele>1623.05</ele></trkpt>
            <trkpt lat="40.688023" lon="-104.943164"><ele>1624.44</ele></trkpt>
            <trkpt lat="40.688198" lon="-104.943161"><ele>1625.43</ele></trkpt>
            <trkpt lat="40.688382" lon="-104.943158"><ele>1626.32</ele></trkpt>
            <trkpt lat="40.688581" lon="-104.943155"><ele>1627.09</ele></trkpt>
            <trkpt lat="40.688681" lon="-104.943154"><ele>1627.37</ele></trkpt>
            <trkpt lat="40.688777" lon="-104.943152"><ele>1627.58</ele></trkpt>
            <trkpt lat="40.688869" lon="-104.943151"><ele>1627.73</ele></trkpt>
            <trkpt lat="40.688957" lon="-104.94315"><ele>1627.81</ele></trkpt>
            <trkpt lat="40.689135" lon="-104.943147"><ele>1627.87</ele></trkpt>
            <trkpt lat="40.689363" lon="-104.943143"><ele>1627.8</ele></trkpt>
            <trkpt lat="40.689615" lon="-104.943139"><ele>1627.66</ele></trkpt>
            <trkpt lat="40.689774" lon="-104.943137"><ele>1627.59</ele></trkpt>
            <trkpt lat="40.689904" lon="-104.943135"><ele>1627.57</ele></trkpt>
            <trkpt lat="40.690397" lon="-104.943127"><ele>1627.65</ele></trkpt>
            <trkpt lat="40.690673" lon="-104.943123"><ele>1627.85</ele></trkpt>
            <trkpt lat="40.69095" lon="-104.943119"><ele>1628.19</ele></trkpt>
            <trkpt lat="40.691171" lon="-104.943116"><ele>1628.56</ele></trkpt>
            <trkpt lat="40.691443" lon="-104.943112"><ele>1629.11</ele></trkpt>
            <trkpt lat="40.691624" lon="-104.943111"><ele>1629.51</ele></trkpt>
            <trkpt lat="40.691791" lon="-104.94311"><ele>1629.85</ele></trkpt>
            <trkpt lat="40.692058" lon="-104.94311"><ele>1630.16</ele></trkpt>
            <trkpt lat="40.692151" lon="-104.94311"><ele>1630.14</ele></trkpt>
            <trkpt lat="40.692241" lon="-104.94311"><ele>1630.02</ele></trkpt>
            <trkpt lat="40.692327" lon="-104.94311"><ele>1629.82</ele></trkpt>
            <trkpt lat="40.692413" lon="-104.94311"><ele>1629.53</ele></trkpt>
            <trkpt lat="40.692501" lon="-104.94311"><ele>1629.13</ele></trkpt>
            <trkpt lat="40.692592" lon="-104.94311"><ele>1628.64</ele></trkpt>
            <trkpt lat="40.692769" lon="-104.94311"><ele>1627.5</ele></trkpt>
            <trkpt lat="40.692891" lon="-104.94311"><ele>1626.61</ele></trkpt>
            <trkpt lat="40.693166" lon="-104.94311"><ele>1624.52</ele></trkpt>
            <trkpt lat="40.693283" lon="-104.94311"><ele>1623.62</ele></trkpt>
            <trkpt lat="40.693591" lon="-104.94311"><ele>1621.32</ele></trkpt>
            <trkpt lat="40.694025" lon="-104.94311"><ele>1618.2</ele></trkpt>
            <trkpt lat="40.694213" lon="-104.94311"><ele>1616.94</ele></trkpt>
            <trkpt lat="40.694399" lon="-104.94311"><ele>1615.82</ele></trkpt>
            <trkpt lat="40.694497" lon="-104.94311"><ele>1615.28</ele></trkpt>
            <trkpt lat="40.694681" lon="-104.94311"><ele>1614.38</ele></trkpt>
            <trkpt lat="40.694812" lon="-104.94311"><ele>1613.85</ele></trkpt>
            <trkpt lat="40.694986" lon="-104.94311"><ele>1613.26</ele></trkpt>
            <trkpt lat="40.695174" lon="-104.94311"><ele>1612.78</ele></trkpt>
            <trkpt lat="40.69537" lon="-104.94311"><ele>1612.44</ele></trkpt>
            <trkpt lat="40.695464" lon="-104.94311"><ele>1612.34</ele></trkpt>
            <trkpt lat="40.69564" lon="-104.94311"><ele>1612.24</ele></trkpt>
            <trkpt lat="40.695812" lon="-104.94311"><ele>1612.25</ele></trkpt>
            <trkpt lat="40.695993" lon="-104.943108"><ele>1612.34</ele></trkpt>
            <trkpt lat="40.696084" lon="-104.943104"><ele>1612.41</ele></trkpt>
            <trkpt lat="40.69617" lon="-104.943097"><ele>1612.49</ele></trkpt>
            <trkpt lat="40.69621" lon="-104.943092"><ele>1612.54</ele></trkpt>
            <trkpt lat="40.696291" lon="-104.94308"><ele>1612.65</ele></trkpt>
            <trkpt lat="40.696333" lon="-104.943074"><ele>1612.71</ele></trkpt>
            <trkpt lat="40.696374" lon="-104.943064"><ele>1612.78</ele></trkpt>
            <trkpt lat="40.696409" lon="-104.943046"><ele>1612.84</ele></trkpt>
            <trkpt lat="40.696435" lon="-104.943011"><ele>1612.91</ele></trkpt>
            <trkpt lat="40.696451" lon="-104.942954"><ele>1613.01</ele></trkpt>
            <trkpt lat="40.696459" lon="-104.942878"><ele>1613.14</ele></trkpt>
            <trkpt lat="40.69647" lon="-104.942705"><ele>1613.48</ele></trkpt>
            <trkpt lat="40.696479" lon="-104.942614"><ele>1613.7</ele></trkpt>
            <trkpt lat="40.69649" lon="-104.942522"><ele>1613.94</ele></trkpt>
            <trkpt lat="40.6965" lon="-104.942431"><ele>1614.2</ele></trkpt>
            <trkpt lat="40.696506" lon="-104.942343"><ele>1614.46</ele></trkpt>
            <trkpt lat="40.696506" lon="-104.942258"><ele>1614.73</ele></trkpt>
            <trkpt lat="40.696502" lon="-104.942175"><ele>1615</ele></trkpt>
            <trkpt lat="40.696491" lon="-104.942012"><ele>1615.58</ele></trkpt>
            <trkpt lat="40.696488" lon="-104.941923"><ele>1615.91</ele></trkpt>
            <trkpt lat="40.696487" lon="-104.941819"><ele>1616.32</ele></trkpt>
            <trkpt lat="40.696487" lon="-104.941701"><ele>1616.8</ele></trkpt>
            <trkpt lat="40.696489" lon="-104.941464"><ele>1617.83</ele></trkpt>
            <trkpt lat="40.696489" lon="-104.94135"><ele>1618.37</ele></trkpt>
            <trkpt lat="40.696491" lon="-104.94111"><ele>1619.57</ele></trkpt>
            <trkpt lat="40.696495" lon="-104.940641"><ele>1622.15</ele></trkpt>
            <trkpt lat="40.696498" lon="-104.94023"><ele>1624.56</ele></trkpt>
            <trkpt lat="40.6965" lon="-104.940056"><ele>1625.63</ele></trkpt>
            <trkpt lat="40.696503" lon="-104.939818"><ele>1627.14</ele></trkpt>
            <trkpt lat="40.696509" lon="-104.939356"><ele>1630.21</ele></trkpt>
            <trkpt lat="40.696512" lon="-104.939123"><ele>1631.84</ele></trkpt>
            <trkpt lat="40.696514" lon="-104.93889"><ele>1633.56</ele></trkpt>
            <trkpt lat="40.696513" lon="-104.938779"><ele>1634.42</ele></trkpt>
            <trkpt lat="40.696511" lon="-104.938544"><ele>1636.3</ele></trkpt>
            <trkpt lat="40.696507" lon="-104.938329"><ele>1638.13</ele></trkpt>
            <trkpt lat="40.696504" lon="-104.938184"><ele>1639.43</ele></trkpt>
            <trkpt lat="40.696502" lon="-104.938064"><ele>1640.55</ele></trkpt>
            <trkpt lat="40.696497" lon="-104.937919"><ele>1641.93</ele></trkpt>
            <trkpt lat="40.696489" lon="-104.937709"><ele>1644</ele></trkpt>
            <trkpt lat="40.696476" lon="-104.937393"><ele>1647.15</ele></trkpt>
            <trkpt lat="40.696475" lon="-104.937334"><ele>1647.73</ele></trkpt>
            <trkpt lat="40.696475" lon="-104.937074"><ele>1650.19</ele></trkpt>
            <trkpt lat="40.696474" lon="-104.936838"><ele>1652.27</ele></trkpt>
            <trkpt lat="40.696474" lon="-104.936725"><ele>1653.19</ele></trkpt>
            <trkpt lat="40.696474" lon="-104.936485"><ele>1654.99</ele></trkpt>
            <trkpt lat="40.696474" lon="-104.936245"><ele>1656.56</ele></trkpt>
            <trkpt lat="40.696474" lon="-104.936132"><ele>1657.21</ele></trkpt>
            <trkpt lat="40.696474" lon="-104.935895"><ele>1658.43</ele></trkpt>
            <trkpt lat="40.696474" lon="-104.935589"><ele>1659.69</ele></trkpt>
            <trkpt lat="40.696473" lon="-104.935441"><ele>1660.16</ele></trkpt>
            <trkpt lat="40.696472" lon="-104.935295"><ele>1660.52</ele></trkpt>
            <trkpt lat="40.69647" lon="-104.935212"><ele>1660.67</ele></trkpt>
            <trkpt lat="40.696465" lon="-104.935006"><ele>1660.85</ele></trkpt>
            <trkpt lat="40.696462" lon="-104.934892"><ele>1660.8</ele></trkpt>
            <trkpt lat="40.696461" lon="-104.934781"><ele>1660.64</ele></trkpt>
            <trkpt lat="40.696461" lon="-104.934672"><ele>1660.36</ele></trkpt>
            <trkpt lat="40.696464" lon="-104.934558"><ele>1659.94</ele></trkpt>
            <trkpt lat="40.696468" lon="-104.93444"><ele>1659.37</ele></trkpt>
            <trkpt lat="40.69648" lon="-104.934147"><ele>1657.48</ele></trkpt>
            <trkpt lat="40.696481" lon="-104.934103"><ele>1657.16</ele></trkpt>
            <trkpt lat="40.69648" lon="-104.934009"><ele>1656.43</ele></trkpt>
            <trkpt lat="40.696479" lon="-104.933698"><ele>1653.9</ele></trkpt>
            <trkpt lat="40.696477" lon="-104.933507"><ele>1652.34</ele></trkpt>
            <trkpt lat="40.696476" lon="-104.933274"><ele>1650.52</ele></trkpt>
            <trkpt lat="40.696477" lon="-104.933106"><ele>1649.29</ele></trkpt>
            <trkpt lat="40.696479" lon="-104.932886"><ele>1647.77</ele></trkpt>
            <trkpt lat="40.696487" lon="-104.932321"><ele>1644.2</ele></trkpt>
            <trkpt lat="40.69649" lon="-104.932099"><ele>1642.92</ele></trkpt>
            <trkpt lat="40.696492" lon="-104.931991"><ele>1642.34</ele></trkpt>
            <trkpt lat="40.696495" lon="-104.931756"><ele>1641.17</ele></trkpt>
            <trkpt lat="40.696499" lon="-104.931527"><ele>1640.14</ele></trkpt>
            <trkpt lat="40.696506" lon="-104.931041"><ele>1638.21</ele></trkpt>
            <trkpt lat="40.696509" lon="-104.930833"><ele>1637.45</ele></trkpt>
            <trkpt lat="40.696515" lon="-104.930498"><ele>1636.36</ele></trkpt>
            <trkpt lat="40.696518" lon="-104.930341"><ele>1635.94</ele></trkpt>
            <trkpt lat="40.696521" lon="-104.930204"><ele>1635.65</ele></trkpt>
            <trkpt lat="40.696522" lon="-104.930131"><ele>1635.53</ele></trkpt>
            <trkpt lat="40.696527" lon="-104.929946"><ele>1635.3</ele></trkpt>
            <trkpt lat="40.696535" lon="-104.929636"><ele>1635.16</ele></trkpt>
            <trkpt lat="40.696539" lon="-104.9295"><ele>1635.16</ele></trkpt>
            <trkpt lat="40.696547" lon="-104.929219"><ele>1635.25</ele></trkpt>
            <trkpt lat="40.696549" lon="-104.929107"><ele>1635.31</ele></trkpt>
            <trkpt lat="40.69655" lon="-104.929001"><ele>1635.37</ele></trkpt>
            <trkpt lat="40.696549" lon="-104.928903"><ele>1635.44</ele></trkpt>
            <trkpt lat="40.696546" lon="-104.928804"><ele>1635.5</ele></trkpt>
            <trkpt lat="40.696531" lon="-104.928479"><ele>1635.76</ele></trkpt>
            <trkpt lat="40.696523" lon="-104.928251"><ele>1635.96</ele></trkpt>
            <trkpt lat="40.69652" lon="-104.928141"><ele>1636.07</ele></trkpt>
            <trkpt lat="40.696518" lon="-104.928037"><ele>1636.18</ele></trkpt>
            <trkpt lat="40.696518" lon="-104.927933"><ele>1636.3</ele></trkpt>
            <trkpt lat="40.69652" lon="-104.927822"><ele>1636.45</ele></trkpt>
            <trkpt lat="40.696523" lon="-104.927706"><ele>1636.62</ele></trkpt>
            <trkpt lat="40.69653" lon="-104.927445"><ele>1637.1</ele></trkpt>
            <trkpt lat="40.696532" lon="-104.927382"><ele>1637.23</ele></trkpt>
            <trkpt lat="40.696535" lon="-104.927319"><ele>1637.38</ele></trkpt>
            <trkpt lat="40.69657" lon="-104.926743"><ele>1638.92</ele></trkpt>
            <trkpt lat="40.696573" lon="-104.926681"><ele>1639.1</ele></trkpt>
            <trkpt lat="40.696594" lon="-104.92621"><ele>1640.4</ele></trkpt>
            <trkpt lat="40.6966" lon="-104.926056"><ele>1640.77</ele></trkpt>
            <trkpt lat="40.696605" lon="-104.925925"><ele>1641.03</ele></trkpt>
            <trkpt lat="40.696606" lon="-104.92578"><ele>1641.26</ele></trkpt>
            <trkpt lat="40.696604" lon="-104.925475"><ele>1641.5</ele></trkpt>
            <trkpt lat="40.696605" lon="-104.925371"><ele>1641.51</ele></trkpt>
            <trkpt lat="40.696607" lon="-104.925271"><ele>1641.47</ele></trkpt>
            <trkpt lat="40.696612" lon="-104.92517"><ele>1641.39</ele></trkpt>
            <trkpt lat="40.696624" lon="-104.924961"><ele>1641.11</ele></trkpt>
            <trkpt lat="40.696628" lon="-104.924866"><ele>1640.93</ele></trkpt>
            <trkpt lat="40.69663" lon="-104.924778"><ele>1640.75</ele></trkpt>
            <trkpt lat="40.696629" lon="-104.924691"><ele>1640.56</ele></trkpt>
            <trkpt lat="40.696626" lon="-104.924601"><ele>1640.34</ele></trkpt>
            <trkpt lat="40.696621" lon="-104.924512"><ele>1640.12</ele></trkpt>
            <trkpt lat="40.696612" lon="-104.92443"><ele>1639.91</ele></trkpt>
            <trkpt lat="40.6966" lon="-104.924355"><ele>1639.71</ele></trkpt>
            <trkpt lat="40.696584" lon="-104.924286"><ele>1639.53</ele></trkpt>
            <trkpt lat="40.696555" lon="-104.92416"><ele>1639.21</ele></trkpt>
            <trkpt lat="40.696546" lon="-104.924107"><ele>1639.08</ele></trkpt>
            <trkpt lat="40.69654" lon="-104.924056"><ele>1638.96</ele></trkpt>
            <trkpt lat="40.696538" lon="-104.924001"><ele>1638.84</ele></trkpt>
            <trkpt lat="40.696539" lon="-104.92393"><ele>1638.7</ele></trkpt>
            <trkpt lat="40.696543" lon="-104.923837"><ele>1638.52</ele></trkpt>
            <trkpt lat="40.696554" lon="-104.923608"><ele>1638.21</ele></trkpt>
            <trkpt lat="40.696558" lon="-104.923493"><ele>1638.12</ele></trkpt>
            <trkpt lat="40.696561" lon="-104.923381"><ele>1638.08</ele></trkpt>
            <trkpt lat="40.696562" lon="-104.923265"><ele>1638.08</ele></trkpt>
            <trkpt lat="40.696563" lon="-104.92302"><ele>1638.24</ele></trkpt>
            <trkpt lat="40.696562" lon="-104.922789"><ele>1638.52</ele></trkpt>
            <trkpt lat="40.696561" lon="-104.922427"><ele>1638.98</ele></trkpt>
            <trkpt lat="40.69656" lon="-104.922196"><ele>1639.12</ele></trkpt>
            <trkpt lat="40.69656" lon="-104.922079"><ele>1639.11</ele></trkpt>
            <trkpt lat="40.69656" lon="-104.921834"><ele>1638.89</ele></trkpt>
            <trkpt lat="40.696559" lon="-104.921603"><ele>1638.41</ele></trkpt>
            <trkpt lat="40.696558" lon="-104.921363"><ele>1637.69</ele></trkpt>
            <trkpt lat="40.696558" lon="-104.921123"><ele>1636.78</ele></trkpt>
            <trkpt lat="40.696557" lon="-104.92077"><ele>1635.3</ele></trkpt>
            <trkpt lat="40.696555" lon="-104.920054"><ele>1632.31</ele></trkpt>
            <trkpt lat="40.696554" lon="-104.919824"><ele>1631.45</ele></trkpt>
            <trkpt lat="40.696554" lon="-104.919584"><ele>1630.6</ele></trkpt>
            <trkpt lat="40.696553" lon="-104.919344"><ele>1629.79</ele></trkpt>
            <trkpt lat="40.696551" lon="-104.918638"><ele>1627.41</ele></trkpt>
            <trkpt lat="40.69655" lon="-104.918158"><ele>1625.83</ele></trkpt>
            <trkpt lat="40.696549" lon="-104.917808"><ele>1624.84</ele></trkpt>
            <trkpt lat="40.696548" lon="-104.91757"><ele>1624.28</ele></trkpt>
            <trkpt lat="40.696546" lon="-104.917341"><ele>1623.85</ele></trkpt>
            <trkpt lat="40.696542" lon="-104.916984"><ele>1623.33</ele></trkpt>
            <trkpt lat="40.696539" lon="-104.916664"><ele>1622.98</ele></trkpt>
            <trkpt lat="40.696539" lon="-104.916555"><ele>1622.88</ele></trkpt>
            <trkpt lat="40.696539" lon="-104.916449"><ele>1622.8</ele></trkpt>
            <trkpt lat="40.696541" lon="-104.916343"><ele>1622.74</ele></trkpt>
            <trkpt lat="40.696544" lon="-104.916231"><ele>1622.68</ele></trkpt>
            <trkpt lat="40.696548" lon="-104.916114"><ele>1622.63</ele></trkpt>
            <trkpt lat="40.696559" lon="-104.915806"><ele>1622.56</ele></trkpt>
            <trkpt lat="40.696563" lon="-104.91564"><ele>1622.54</ele></trkpt>
            <trkpt lat="40.696569" lon="-104.915318"><ele>1622.56</ele></trkpt>
            <trkpt lat="40.696572" lon="-104.915089"><ele>1622.64</ele></trkpt>
            <trkpt lat="40.696574" lon="-104.914972"><ele>1622.72</ele></trkpt>
            <trkpt lat="40.696578" lon="-104.914737"><ele>1622.98</ele></trkpt>
            <trkpt lat="40.696581" lon="-104.914562"><ele>1623.28</ele></trkpt>
            <trkpt lat="40.696583" lon="-104.914443"><ele>1623.54</ele></trkpt>
            <trkpt lat="40.696584" lon="-104.914325"><ele>1623.85</ele></trkpt>
            <trkpt lat="40.696584" lon="-104.91415"><ele>1624.36</ele></trkpt>
            <trkpt lat="40.696582" lon="-104.913812"><ele>1625.46</ele></trkpt>
            <trkpt lat="40.696581" lon="-104.913623"><ele>1626.06</ele></trkpt>
            <trkpt lat="40.69658" lon="-104.913439"><ele>1626.6</ele></trkpt>
            <trkpt lat="40.696581" lon="-104.91325"><ele>1627.09</ele></trkpt>
            <trkpt lat="40.696585" lon="-104.913026"><ele>1627.57</ele></trkpt>
            <trkpt lat="40.696592" lon="-104.912695"><ele>1628.19</ele></trkpt>
            <trkpt lat="40.696594" lon="-104.912606"><ele>1628.36</ele></trkpt>
            <trkpt lat="40.696594" lon="-104.912482"><ele>1628.6</ele></trkpt>
            <trkpt lat="40.696592" lon="-104.912037"><ele>1629.62</ele></trkpt>
            <trkpt lat="40.696589" lon="-104.911465"><ele>1631.27</ele></trkpt>
            <trkpt lat="40.696588" lon="-104.911222"><ele>1632.09</ele></trkpt>
            <trkpt lat="40.696588" lon="-104.911068"><ele>1632.65</ele></trkpt>
            <trkpt lat="40.69659" lon="-104.910876"><ele>1633.37</ele></trkpt>
            <trkpt lat="40.696595" lon="-104.910408"><ele>1635.13</ele></trkpt>
            <trkpt lat="40.696598" lon="-104.910172"><ele>1635.92</ele></trkpt>
            <trkpt lat="40.696601" lon="-104.909901"><ele>1636.68</ele></trkpt>
            <trkpt lat="40.696602" lon="-104.90982"><ele>1636.87</ele></trkpt>
            <trkpt lat="40.696605" lon="-104.909468"><ele>1637.54</ele></trkpt>
            <trkpt lat="40.696607" lon="-104.909232"><ele>1637.89</ele></trkpt>
            <trkpt lat="40.696611" lon="-104.908756"><ele>1638.54</ele></trkpt>
            <trkpt lat="40.696613" lon="-104.908526"><ele>1638.97</ele></trkpt>
            <trkpt lat="40.696615" lon="-104.908287"><ele>1639.58</ele></trkpt>
            <trkpt lat="40.696617" lon="-104.908054"><ele>1640.36</ele></trkpt>
            <trkpt lat="40.696619" lon="-104.907849"><ele>1641.21</ele></trkpt>
            <trkpt lat="40.696621" lon="-104.90764"><ele>1642.23</ele></trkpt>
            <trkpt lat="40.696622" lon="-104.907434"><ele>1643.4</ele></trkpt>
            <trkpt lat="40.696624" lon="-104.907205"><ele>1644.9</ele></trkpt>
            <trkpt lat="40.696624" lon="-104.906996"><ele>1646.46</ele></trkpt>
            <trkpt lat="40.696625" lon="-104.906864"><ele>1647.54</ele></trkpt>
            <trkpt lat="40.696624" lon="-104.906761"><ele>1648.43</ele></trkpt>
            <trkpt lat="40.696619" lon="-104.906629"><ele>1649.61</ele></trkpt>
            <trkpt lat="40.69661" lon="-104.906466"><ele>1651.11</ele></trkpt>
            <trkpt lat="40.696607" lon="-104.906389"><ele>1651.82</ele></trkpt>
            <trkpt lat="40.696606" lon="-104.906317"><ele>1652.49</ele></trkpt>
            <trkpt lat="40.696608" lon="-104.906247"><ele>1653.12</ele></trkpt>
            <trkpt lat="40.696616" lon="-104.906176"><ele>1653.77</ele></trkpt>
            <trkpt lat="40.696629" lon="-104.906103"><ele>1654.43</ele></trkpt>
            <trkpt lat="40.696649" lon="-104.906032"><ele>1655.08</ele></trkpt>
            <trkpt lat="40.696675" lon="-104.905961"><ele>1655.74</ele></trkpt>
            <trkpt lat="40.696706" lon="-104.905889"><ele>1656.4</ele></trkpt>
            <trkpt lat="40.696745" lon="-104.905808"><ele>1657.14</ele></trkpt>
            <trkpt lat="40.696788" lon="-104.905722"><ele>1657.87</ele></trkpt>
            <trkpt lat="40.696833" lon="-104.905638"><ele>1658.56</ele></trkpt>
            <trkpt lat="40.696873" lon="-104.905565"><ele>1659.11</ele></trkpt>
            <trkpt lat="40.696908" lon="-104.905507"><ele>1659.53</ele></trkpt>
            <trkpt lat="40.696941" lon="-104.90546"><ele>1659.87</ele></trkpt>
            <trkpt lat="40.696974" lon="-104.905421"><ele>1660.15</ele></trkpt>
            <trkpt lat="40.69701" lon="-104.905387"><ele>1660.42</ele></trkpt>
            <trkpt lat="40.697048" lon="-104.905362"><ele>1660.66</ele></trkpt>
            <trkpt lat="40.697091" lon="-104.905347"><ele>1660.89</ele></trkpt>
            <trkpt lat="40.697139" lon="-104.905342"><ele>1661.11</ele></trkpt>
            <trkpt lat="40.697188" lon="-104.905347"><ele>1661.33</ele></trkpt>
            <trkpt lat="40.69723" lon="-104.905357"><ele>1661.49</ele></trkpt>
            <trkpt lat="40.697299" lon="-104.905378"><ele>1661.74</ele></trkpt>
            <trkpt lat="40.69735" lon="-104.905392"><ele>1661.91</ele></trkpt>
            <trkpt lat="40.697417" lon="-104.905404"><ele>1662.1</ele></trkpt>
            <trkpt lat="40.697461" lon="-104.905409"><ele>1662.22</ele></trkpt>
            <trkpt lat="40.697603" lon="-104.90542"><ele>1662.55</ele></trkpt>
            <trkpt lat="40.697718" lon="-104.905426"><ele>1662.79</ele></trkpt>
            <trkpt lat="40.698039" lon="-104.905443"><ele>1663.37</ele></trkpt>
            <trkpt lat="40.698379" lon="-104.905461"><ele>1663.73</ele></trkpt>
            <trkpt lat="40.698649" lon="-104.905474"><ele>1663.83</ele></trkpt>
            <trkpt lat="40.698895" lon="-104.905487"><ele>1663.85</ele></trkpt>
            <trkpt lat="40.699171" lon="-104.905501"><ele>1663.91</ele></trkpt>
            <trkpt lat="40.699517" lon="-104.905518"><ele>1664.09</ele></trkpt>
            <trkpt lat="40.699972" lon="-104.905541"><ele>1664.42</ele></trkpt>
            <trkpt lat="40.700576" lon="-104.905572"><ele>1664.77</ele></trkpt>
            <trkpt lat="40.701367" lon="-104.905612"><ele>1664.88</ele></trkpt>
            <trkpt lat="40.702819" lon="-104.905686"><ele>1663.9</ele></trkpt>
            <trkpt lat="40.703719" lon="-104.905732"><ele>1662.24</ele></trkpt>
            <trkpt lat="40.704108" lon="-104.905751"><ele>1661.4</ele></trkpt>
            <trkpt lat="40.704459" lon="-104.905768"><ele>1660.59</ele></trkpt>
            <trkpt lat="40.704781" lon="-104.905784"><ele>1659.91</ele></trkpt>
            <trkpt lat="40.70508" lon="-104.905798"><ele>1659.45</ele></trkpt>
            <trkpt lat="40.705365" lon="-104.905811"><ele>1659.26</ele></trkpt>
            <trkpt lat="40.705643" lon="-104.905823"><ele>1659.31</ele></trkpt>
            <trkpt lat="40.705921" lon="-104.905835"><ele>1659.55</ele></trkpt>
            <trkpt lat="40.706206" lon="-104.905847"><ele>1659.9</ele></trkpt>
            <trkpt lat="40.706507" lon="-104.905859"><ele>1660.34</ele></trkpt>
            <trkpt lat="40.706831" lon="-104.905872"><ele>1660.86</ele></trkpt>
            <trkpt lat="40.707184" lon="-104.905885"><ele>1661.45</ele></trkpt>
            <trkpt lat="40.708001" lon="-104.905916"><ele>1662.48</ele></trkpt>
            <trkpt lat="40.709339" lon="-104.905966"><ele>1661.35</ele></trkpt>
            <trkpt lat="40.710061" lon="-104.905993"><ele>1661.48</ele></trkpt>
            <trkpt lat="40.710583" lon="-104.906012"><ele>1661.35</ele></trkpt>
            <trkpt lat="40.710936" lon="-104.906026"><ele>1661.12</ele></trkpt>
            <trkpt lat="40.711059" lon="-104.90603"><ele>1661.05</ele></trkpt>
            <trkpt lat="40.711222" lon="-104.906037"><ele>1660.99</ele></trkpt>
            <trkpt lat="40.711299" lon="-104.90604"><ele>1660.98</ele></trkpt>
            <trkpt lat="40.711317" lon="-104.906041"><ele>1660.98</ele></trkpt>
            <trkpt lat="40.711347" lon="-104.906043"><ele>1660.98</ele></trkpt>
            <trkpt lat="40.711401" lon="-104.906045"><ele>1660.98</ele></trkpt>
            <trkpt lat="40.711484" lon="-104.906046"><ele>1660.98</ele></trkpt>
            <trkpt lat="40.711573" lon="-104.906047"><ele>1661</ele></trkpt>
            <trkpt lat="40.711711" lon="-104.906047"><ele>1661.02</ele></trkpt>
            <trkpt lat="40.7119" lon="-104.906046"><ele>1661.07</ele></trkpt>
            <trkpt lat="40.712175" lon="-104.906044"><ele>1661.2</ele></trkpt>
            <trkpt lat="40.712396" lon="-104.906043"><ele>1661.4</ele></trkpt>
            <trkpt lat="40.712513" lon="-104.906042"><ele>1661.56</ele></trkpt>
            <trkpt lat="40.712755" lon="-104.90604"><ele>1662.01</ele></trkpt>
            <trkpt lat="40.713012" lon="-104.906038"><ele>1662.65</ele></trkpt>
            <trkpt lat="40.713244" lon="-104.906036"><ele>1663.36</ele></trkpt>
            <trkpt lat="40.713486" lon="-104.906034"><ele>1664.19</ele></trkpt>
            <trkpt lat="40.71375" lon="-104.906032"><ele>1665.16</ele></trkpt>
            <trkpt lat="40.714016" lon="-104.906031"><ele>1666.11</ele></trkpt>
            <trkpt lat="40.714125" lon="-104.906031"><ele>1666.48</ele></trkpt>
            <trkpt lat="40.714353" lon="-104.90603"><ele>1667.18</ele></trkpt>
            <trkpt lat="40.714683" lon="-104.906031"><ele>1668.04</ele></trkpt>
            <trkpt lat="40.714997" lon="-104.906031"><ele>1668.69</ele></trkpt>
            <trkpt lat="40.715225" lon="-104.906031"><ele>1669.07</ele></trkpt>
            <trkpt lat="40.715906" lon="-104.906032"><ele>1669.98</ele></trkpt>
            <trkpt lat="40.716333" lon="-104.906032"><ele>1670.5</ele></trkpt>
            <trkpt lat="40.716556" lon="-104.906032"><ele>1670.76</ele></trkpt>
            <trkpt lat="40.716844" lon="-104.906032"><ele>1671.07</ele></trkpt>
            <trkpt lat="40.717103" lon="-104.906033"><ele>1671.25</ele></trkpt>
            <trkpt lat="40.717236" lon="-104.906033"><ele>1671.27</ele></trkpt>
            <trkpt lat="40.717416" lon="-104.906033"><ele>1671.22</ele></trkpt>
            <trkpt lat="40.717574" lon="-104.906033"><ele>1671.09</ele></trkpt>
            <trkpt lat="40.717877" lon="-104.906033"><ele>1670.68</ele></trkpt>
            <trkpt lat="40.718258" lon="-104.906034"><ele>1670.06</ele></trkpt>
            <trkpt lat="40.718541" lon="-104.906034"><ele>1669.63</ele></trkpt>
            <trkpt lat="40.718981" lon="-104.906034"><ele>1669.09</ele></trkpt>
            <trkpt lat="40.719161" lon="-104.906035"><ele>1668.95</ele></trkpt>
            <trkpt lat="40.719358" lon="-104.906035"><ele>1668.88</ele></trkpt>
            <trkpt lat="40.719571" lon="-104.906035"><ele>1668.9</ele></trkpt>
            <trkpt lat="40.719784" lon="-104.906035"><ele>1668.99</ele></trkpt>
            <trkpt lat="40.720105" lon="-104.906035"><ele>1669.19</ele></trkpt>
            <trkpt lat="40.720314" lon="-104.906036"><ele>1669.3</ele></trkpt>
            <trkpt lat="40.720575" lon="-104.906036"><ele>1669.36</ele></trkpt>
            <trkpt lat="40.720836" lon="-104.906036"><ele>1669.29</ele></trkpt>
            <trkpt lat="40.720991" lon="-104.906036"><ele>1669.16</ele></trkpt>
            <trkpt lat="40.721103" lon="-104.906036"><ele>1669.02</ele></trkpt>
            <trkpt lat="40.721331" lon="-104.906036"><ele>1668.62</ele></trkpt>
            <trkpt lat="40.721532" lon="-104.906037"><ele>1668.17</ele></trkpt>
            <trkpt lat="40.721842" lon="-104.906037"><ele>1667.37</ele></trkpt>
            <trkpt lat="40.722187" lon="-104.906037"><ele>1666.51</ele></trkpt>
            <trkpt lat="40.722345" lon="-104.906037"><ele>1666.18</ele></trkpt>
            <trkpt lat="40.72253" lon="-104.906037"><ele>1665.88</ele></trkpt>
            <trkpt lat="40.722699" lon="-104.906038"><ele>1665.7</ele></trkpt>
            <trkpt lat="40.722847" lon="-104.906038"><ele>1665.61</ele></trkpt>
            <trkpt lat="40.723076" lon="-104.906038"><ele>1665.55</ele></trkpt>
            <trkpt lat="40.723763" lon="-104.906039"><ele>1665.62</ele></trkpt>
            <trkpt lat="40.724221" lon="-104.906039"><ele>1665.67</ele></trkpt>
            <trkpt lat="40.724403" lon="-104.906039"><ele>1665.66</ele></trkpt>
            <trkpt lat="40.724625" lon="-104.906039"><ele>1665.61</ele></trkpt>
            <trkpt lat="40.725036" lon="-104.906039"><ele>1665.45</ele></trkpt>
            <trkpt lat="40.725328" lon="-104.906038"><ele>1665.32</ele></trkpt>
            <trkpt lat="40.725527" lon="-104.906035"><ele>1665.27</ele></trkpt>
            <trkpt lat="40.725609" lon="-104.906034"><ele>1665.26</ele></trkpt>
            <trkpt lat="40.725686" lon="-104.906039"><ele>1665.26</ele></trkpt>
            <trkpt lat="40.725723" lon="-104.906044"><ele>1665.27</ele></trkpt>
            <trkpt lat="40.725758" lon="-104.906053"><ele>1665.28</ele></trkpt>
            <trkpt lat="40.725789" lon="-104.906067"><ele>1665.29</ele></trkpt>
            <trkpt lat="40.725816" lon="-104.906085"><ele>1665.3</ele></trkpt>
            <trkpt lat="40.72584" lon="-104.906111"><ele>1665.32</ele></trkpt>
            <trkpt lat="40.725859" lon="-104.906143"><ele>1665.34</ele></trkpt>
            <trkpt lat="40.725875" lon="-104.906182"><ele>1665.36</ele></trkpt>
            <trkpt lat="40.725887" lon="-104.906225"><ele>1665.39</ele></trkpt>
            <trkpt lat="40.725896" lon="-104.906269"><ele>1665.42</ele></trkpt>
            <trkpt lat="40.725908" lon="-104.906363"><ele>1665.49</ele></trkpt>
            <trkpt lat="40.725916" lon="-104.906469"><ele>1665.58</ele></trkpt>
            <trkpt lat="40.725922" lon="-104.906585"><ele>1665.7</ele></trkpt>
            <trkpt lat="40.725926" lon="-104.906705"><ele>1665.84</ele></trkpt>
            <trkpt lat="40.725933" lon="-104.906936"><ele>1666.16</ele></trkpt>
            <trkpt lat="40.725937" lon="-104.907139"><ele>1666.46</ele></trkpt>
            <trkpt lat="40.725939" lon="-104.907329"><ele>1666.76</ele></trkpt>
            <trkpt lat="40.725941" lon="-104.907529"><ele>1667.08</ele></trkpt>
            <trkpt lat="40.725943" lon="-104.908056"><ele>1667.88</ele></trkpt>
            <trkpt lat="40.725944" lon="-104.908217"><ele>1668.07</ele></trkpt>
            <trkpt lat="40.725945" lon="-104.908433"><ele>1668.26</ele></trkpt>
            <trkpt lat="40.725945" lon="-104.908592"><ele>1668.35</ele></trkpt>
            <trkpt lat="40.725946" lon="-104.90875"><ele>1668.39</ele></trkpt>
            <trkpt lat="40.725947" lon="-104.90914"><ele>1668.38</ele></trkpt>
            <trkpt lat="40.725948" lon="-104.909374"><ele>1668.34</ele></trkpt>
            <trkpt lat="40.72595" lon="-104.909721"><ele>1668.3</ele></trkpt>
            <trkpt lat="40.725951" lon="-104.909987"><ele>1668.33</ele></trkpt>
            <trkpt lat="40.725952" lon="-104.910357"><ele>1668.45</ele></trkpt>
            <trkpt lat="40.725954" lon="-104.910717"><ele>1668.67</ele></trkpt>
            <trkpt lat="40.725959" lon="-104.912056"><ele>1669.75</ele></trkpt>
            <trkpt lat="40.725962" lon="-104.91267"><ele>1670.24</ele></trkpt>
            <trkpt lat="40.725966" lon="-104.91337"><ele>1670.82</ele></trkpt>
            <trkpt lat="40.72597" lon="-104.914004"><ele>1671.4</ele></trkpt>
            <trkpt lat="40.725974" lon="-104.914603"><ele>1672.04</ele></trkpt>
            <trkpt lat="40.725976" lon="-104.91495"><ele>1672.49</ele></trkpt>
            <trkpt lat="40.725977" lon="-104.915274"><ele>1672.97</ele></trkpt>
            <trkpt lat="40.725977" lon="-104.915474"><ele>1673.31</ele></trkpt>
            <trkpt lat="40.725975" lon="-104.915551"><ele>1673.45</ele></trkpt>
            <trkpt lat="40.725973" lon="-104.915614"><ele>1673.57</ele></trkpt>
            <trkpt lat="40.725967" lon="-104.91572"><ele>1673.77</ele></trkpt>
            <trkpt lat="40.725965" lon="-104.915786"><ele>1673.9</ele></trkpt>
            <trkpt lat="40.725964" lon="-104.915902"><ele>1674.14</ele></trkpt>
            <trkpt lat="40.725964" lon="-104.915992"><ele>1674.33</ele></trkpt>
            <trkpt lat="40.725967" lon="-104.916261"><ele>1674.93</ele></trkpt>
            <trkpt lat="40.725972" lon="-104.916704"><ele>1675.95</ele></trkpt>
            <trkpt lat="40.725975" lon="-104.9169"><ele>1676.38</ele></trkpt>
            <trkpt lat="40.72598" lon="-104.917291"><ele>1677.2</ele></trkpt>
            <trkpt lat="40.725986" lon="-104.917722"><ele>1678.07</ele></trkpt>
            <trkpt lat="40.725989" lon="-104.917995"><ele>1678.63</ele></trkpt>
            <trkpt lat="40.725993" lon="-104.918264"><ele>1679.2</ele></trkpt>
            <trkpt lat="40.725999" lon="-104.918778"><ele>1680.29</ele></trkpt>
            <trkpt lat="40.726004" lon="-104.919127"><ele>1680.94</ele></trkpt>
            <trkpt lat="40.726005" lon="-104.919225"><ele>1681.1</ele></trkpt>
            <trkpt lat="40.726008" lon="-104.919462"><ele>1681.43</ele></trkpt>
            <trkpt lat="40.726012" lon="-104.919803"><ele>1681.78</ele></trkpt>
            <trkpt lat="40.726015" lon="-104.91998"><ele>1681.92</ele></trkpt>
            <trkpt lat="40.726017" lon="-104.920227"><ele>1682.07</ele></trkpt>
            <trkpt lat="40.726019" lon="-104.92046"><ele>1682.17</ele></trkpt>
            <trkpt lat="40.726019" lon="-104.920618"><ele>1682.23</ele></trkpt>
            <trkpt lat="40.72602" lon="-104.92088"><ele>1682.3</ele></trkpt>
            <trkpt lat="40.72602" lon="-104.921714"><ele>1682.45</ele></trkpt>
            <trkpt lat="40.72602" lon="-104.922055"><ele>1682.42</ele></trkpt>
            <trkpt lat="40.72602" lon="-104.922412"><ele>1682.29</ele></trkpt>
            <trkpt lat="40.72602" lon="-104.922578"><ele>1682.2</ele></trkpt>
            <trkpt lat="40.72602" lon="-104.923057"><ele>1681.89</ele></trkpt>
            <trkpt lat="40.72602" lon="-104.923235"><ele>1681.79</ele></trkpt>
            <trkpt lat="40.72602" lon="-104.923412"><ele>1681.71</ele></trkpt>
            <trkpt lat="40.72602" lon="-104.923712"><ele>1681.56</ele></trkpt>
            <trkpt lat="40.72602" lon="-104.923958"><ele>1681.31</ele></trkpt>
            <trkpt lat="40.72602" lon="-104.924078"><ele>1681.1</ele></trkpt>
            <trkpt lat="40.72602" lon="-104.924235"><ele>1680.72</ele></trkpt>
            <trkpt lat="40.72602" lon="-104.924319"><ele>1680.44</ele></trkpt>
            <trkpt lat="40.72602" lon="-104.924406"><ele>1680.11</ele></trkpt>
            <trkpt lat="40.72602" lon="-104.924583"><ele>1679.27</ele></trkpt>
            <trkpt lat="40.726019" lon="-104.924744"><ele>1678.32</ele></trkpt>
            <trkpt lat="40.726019" lon="-104.924889"><ele>1677.34</ele></trkpt>
            <trkpt lat="40.726018" lon="-104.925004"><ele>1676.49</ele></trkpt>
            <trkpt lat="40.726015" lon="-104.925107"><ele>1675.71</ele></trkpt>
            <trkpt lat="40.726008" lon="-104.925252"><ele>1674.57</ele></trkpt>
            <trkpt lat="40.726004" lon="-104.925338"><ele>1673.89</ele></trkpt>
            <trkpt lat="40.726001" lon="-104.925443"><ele>1673.08</ele></trkpt>
            <trkpt lat="40.725998" lon="-104.925582"><ele>1672.04</ele></trkpt>
            <trkpt lat="40.725994" lon="-104.925822"><ele>1670.39</ele></trkpt>
            <trkpt lat="40.725991" lon="-104.926091"><ele>1668.79</ele></trkpt>
            <trkpt lat="40.725988" lon="-104.926289"><ele>1667.77</ele></trkpt>
            <trkpt lat="40.725987" lon="-104.926424"><ele>1667.16</ele></trkpt>
            <trkpt lat="40.725982" lon="-104.92682"><ele>1665.64</ele></trkpt>
            <trkpt lat="40.72598" lon="-104.926968"><ele>1665.18</ele></trkpt>
            <trkpt lat="40.725978" lon="-104.927145"><ele>1664.69</ele></trkpt>
            <trkpt lat="40.725974" lon="-104.927419"><ele>1664.05</ele></trkpt>
            <trkpt lat="40.725973" lon="-104.927594"><ele>1663.7</ele></trkpt>
            <trkpt lat="40.725974" lon="-104.927782"><ele>1663.32</ele></trkpt>
            <trkpt lat="40.725976" lon="-104.927885"><ele>1663.11</ele></trkpt>
            <trkpt lat="40.725979" lon="-104.927998"><ele>1662.86</ele></trkpt>
            <trkpt lat="40.725985" lon="-104.928189"><ele>1662.37</ele></trkpt>
            <trkpt lat="40.725988" lon="-104.928297"><ele>1662.04</ele></trkpt>
            <trkpt lat="40.725992" lon="-104.928405"><ele>1661.69</ele></trkpt>
            <trkpt lat="40.725998" lon="-104.928597"><ele>1660.97</ele></trkpt>
            <trkpt lat="40.726001" lon="-104.928716"><ele>1660.49</ele></trkpt>
            <trkpt lat="40.726003" lon="-104.928828"><ele>1660.02</ele></trkpt>
            <trkpt lat="40.726004" lon="-104.928938"><ele>1659.54</ele></trkpt>
            <trkpt lat="40.726003" lon="-104.929078"><ele>1658.95</ele></trkpt>
            <trkpt lat="40.725998" lon="-104.929284"><ele>1658.11</ele></trkpt>
            <trkpt lat="40.725995" lon="-104.929401"><ele>1657.67</ele></trkpt>
            <trkpt lat="40.725983" lon="-104.929767"><ele>1656.44</ele></trkpt>
            <trkpt lat="40.725974" lon="-104.930047"><ele>1655.67</ele></trkpt>
            <trkpt lat="40.72597" lon="-104.930157"><ele>1655.42</ele></trkpt>
            <trkpt lat="40.725965" lon="-104.930328"><ele>1655.08</ele></trkpt>
            <trkpt lat="40.725959" lon="-104.930506"><ele>1654.8</ele></trkpt>
            <trkpt lat="40.725952" lon="-104.930739"><ele>1654.55</ele></trkpt>
            <trkpt lat="40.725947" lon="-104.930947"><ele>1654.45</ele></trkpt>
            <trkpt lat="40.725945" lon="-104.931043"><ele>1654.44</ele></trkpt>
            <trkpt lat="40.725943" lon="-104.931187"><ele>1654.49</ele></trkpt>
            <trkpt lat="40.725943" lon="-104.931396"><ele>1654.64</ele></trkpt>
            <trkpt lat="40.725943" lon="-104.93151"><ele>1654.77</ele></trkpt>
            <trkpt lat="40.725944" lon="-104.931762"><ele>1655.13</ele></trkpt>
            <trkpt lat="40.725947" lon="-104.932144"><ele>1655.75</ele></trkpt>
            <trkpt lat="40.72595" lon="-104.932745"><ele>1656.68</ele></trkpt>
            <trkpt lat="40.725952" lon="-104.93303"><ele>1657.02</ele></trkpt>
            <trkpt lat="40.725953" lon="-104.933182"><ele>1657.16</ele></trkpt>
            <trkpt lat="40.725956" lon="-104.933671"><ele>1657.41</ele></trkpt>
            <trkpt lat="40.725959" lon="-104.934095"><ele>1657.33</ele></trkpt>
            <trkpt lat="40.72596" lon="-104.934324"><ele>1657.1</ele></trkpt>
            <trkpt lat="40.725961" lon="-104.93443"><ele>1656.93</ele></trkpt>
            <trkpt lat="40.725962" lon="-104.934733"><ele>1656.24</ele></trkpt>
            <trkpt lat="40.725963" lon="-104.934836"><ele>1655.94</ele></trkpt>
            <trkpt lat="40.725964" lon="-104.934992"><ele>1655.4</ele></trkpt>
            <trkpt lat="40.725965" lon="-104.935149"><ele>1654.79</ele></trkpt>
            <trkpt lat="40.725968" lon="-104.935674"><ele>1652.42</ele></trkpt>
            <trkpt lat="40.72597" lon="-104.935992"><ele>1650.89</ele></trkpt>
            <trkpt lat="40.725973" lon="-104.936532"><ele>1648.25</ele></trkpt>
            <trkpt lat="40.725976" lon="-104.936916"><ele>1646.39</ele></trkpt>
            <trkpt lat="40.725977" lon="-104.937078"><ele>1645.63</ele></trkpt>
            <trkpt lat="40.725979" lon="-104.937383"><ele>1644.22</ele></trkpt>
            <trkpt lat="40.725981" lon="-104.937785"><ele>1642.37</ele></trkpt>
            <trkpt lat="40.725985" lon="-104.938403"><ele>1639.45</ele></trkpt>
            <trkpt lat="40.725986" lon="-104.938575"><ele>1638.62</ele></trkpt>
            <trkpt lat="40.725988" lon="-104.938843"><ele>1637.34</ele></trkpt>
            <trkpt lat="40.725989" lon="-104.939087"><ele>1636.22</ele></trkpt>
            <trkpt lat="40.725991" lon="-104.939237"><ele>1635.57</ele></trkpt>
            <trkpt lat="40.725992" lon="-104.939383"><ele>1634.99</ele></trkpt>
            <trkpt lat="40.725995" lon="-104.939692"><ele>1633.91</ele></trkpt>
            <trkpt lat="40.725998" lon="-104.939933"><ele>1633.24</ele></trkpt>
            <trkpt lat="40.726" lon="-104.940103"><ele>1632.85</ele></trkpt>
            <trkpt lat="40.726003" lon="-104.94032"><ele>1632.46</ele></trkpt>
            <trkpt lat="40.726004" lon="-104.940428"><ele>1632.31</ele></trkpt>
            <trkpt lat="40.726009" lon="-104.940839"><ele>1631.93</ele></trkpt>
            <trkpt lat="40.726015" lon="-104.941329"><ele>1631.74</ele></trkpt>
            <trkpt lat="40.726017" lon="-104.941483"><ele>1631.72</ele></trkpt>
            <trkpt lat="40.726023" lon="-104.941961"><ele>1631.63</ele></trkpt>
            <trkpt lat="40.726025" lon="-104.942138"><ele>1631.53</ele></trkpt>
            <trkpt lat="40.726027" lon="-104.94235"><ele>1631.3</ele></trkpt>
            <trkpt lat="40.726029" lon="-104.942512"><ele>1631.05</ele></trkpt>
            <trkpt lat="40.726033" lon="-104.942886"><ele>1630.21</ele></trkpt>
            <trkpt lat="40.726035" lon="-104.943053"><ele>1629.74</ele></trkpt>
            <trkpt lat="40.726037" lon="-104.943277"><ele>1629.02</ele></trkpt>
            <trkpt lat="40.726038" lon="-104.943474"><ele>1628.31</ele></trkpt>
            <trkpt lat="40.726038" lon="-104.943737"><ele>1627.3</ele></trkpt>
            <trkpt lat="40.726037" lon="-104.944291"><ele>1625.11</ele></trkpt>
            <trkpt lat="40.726036" lon="-104.944608"><ele>1623.89</ele></trkpt>
            <trkpt lat="40.726034" lon="-104.945107"><ele>1622.05</ele></trkpt>
            <trkpt lat="40.726033" lon="-104.945319"><ele>1621.3</ele></trkpt>
            <trkpt lat="40.726032" lon="-104.945806"><ele>1619.64</ele></trkpt>
            <trkpt lat="40.726031" lon="-104.946105"><ele>1618.62</ele></trkpt>
            <trkpt lat="40.726029" lon="-104.946617"><ele>1616.89</ele></trkpt>
            <trkpt lat="40.726028" lon="-104.946852"><ele>1616.11</ele></trkpt>
            <trkpt lat="40.726027" lon="-104.947166"><ele>1615.12</ele></trkpt>
            <trkpt lat="40.726025" lon="-104.947599"><ele>1613.8</ele></trkpt>
            <trkpt lat="40.726025" lon="-104.947767"><ele>1613.3</ele></trkpt>
            <trkpt lat="40.726023" lon="-104.948266"><ele>1611.86</ele></trkpt>
            <trkpt lat="40.726022" lon="-104.948565"><ele>1611.1</ele></trkpt>
            <trkpt lat="40.726022" lon="-104.948741"><ele>1610.71</ele></trkpt>
            <trkpt lat="40.726021" lon="-104.948902"><ele>1610.4</ele></trkpt>
            <trkpt lat="40.726021" lon="-104.949132"><ele>1610.04</ele></trkpt>
            <trkpt lat="40.726021" lon="-104.949516"><ele>1609.59</ele></trkpt>
            <trkpt lat="40.726022" lon="-104.949778"><ele>1609.37</ele></trkpt>
            <trkpt lat="40.726024" lon="-104.950342"><ele>1609.03</ele></trkpt>
            <trkpt lat="40.726025" lon="-104.950779"><ele>1608.89</ele></trkpt>
            <trkpt lat="40.726026" lon="-104.951134"><ele>1608.97</ele></trkpt>
            <trkpt lat="40.726027" lon="-104.951356"><ele>1609.16</ele></trkpt>
            <trkpt lat="40.726027" lon="-104.951468"><ele>1609.31</ele></trkpt>
            <trkpt lat="40.726028" lon="-104.951646"><ele>1609.64</ele></trkpt>
            <trkpt lat="40.726028" lon="-104.95181"><ele>1610.03</ele></trkpt>
            <trkpt lat="40.726029" lon="-104.951992"><ele>1610.54</ele></trkpt>
            <trkpt lat="40.72603" lon="-104.952324"><ele>1611.57</ele></trkpt>
            <trkpt lat="40.72603" lon="-104.952505"><ele>1612.11</ele></trkpt>
            <trkpt lat="40.72603" lon="-104.952713"><ele>1612.67</ele></trkpt>
            <trkpt lat="40.72603" lon="-104.952873"><ele>1613.02</ele></trkpt>
            <trkpt lat="40.72603" lon="-104.953044"><ele>1613.31</ele></trkpt>
            <trkpt lat="40.72603" lon="-104.953164"><ele>1613.45</ele></trkpt>
            <trkpt lat="40.72603" lon="-104.953394"><ele>1613.6</ele></trkpt>
            <trkpt lat="40.72603" lon="-104.953621"><ele>1613.61</ele></trkpt>
            <trkpt lat="40.72603" lon="-104.953862"><ele>1613.5</ele></trkpt>
            <trkpt lat="40.72603" lon="-104.954066"><ele>1613.33</ele></trkpt>
            <trkpt lat="40.72603" lon="-104.954601"><ele>1612.73</ele></trkpt>
            <trkpt lat="40.72603" lon="-104.95495"><ele>1612.28</ele></trkpt>
            <trkpt lat="40.72603" lon="-104.955323"><ele>1611.81</ele></trkpt>
            <trkpt lat="40.72603" lon="-104.955748"><ele>1611.33</ele></trkpt>
            <trkpt lat="40.72603" lon="-104.955991"><ele>1611.12</ele></trkpt>
            <trkpt lat="40.72603" lon="-104.956232"><ele>1610.96</ele></trkpt>
            <trkpt lat="40.72603" lon="-104.956869"><ele>1610.65</ele></trkpt>
            <trkpt lat="40.72603" lon="-104.957183"><ele>1610.44</ele></trkpt>
            <trkpt lat="40.726029" lon="-104.957429"><ele>1610.21</ele></trkpt>
            <trkpt lat="40.726029" lon="-104.957604"><ele>1609.99</ele></trkpt>
            <trkpt lat="40.726026" lon="-104.957821"><ele>1609.68</ele></trkpt>
            <trkpt lat="40.726022" lon="-104.958042"><ele>1609.32</ele></trkpt>
            <trkpt lat="40.726017" lon="-104.958274"><ele>1608.92</ele></trkpt>
            <trkpt lat="40.726005" lon="-104.95875"><ele>1608.1</ele></trkpt>
            <trkpt lat="40.725995" lon="-104.959163"><ele>1607.42</ele></trkpt>
            <trkpt lat="40.725987" lon="-104.959491"><ele>1606.89</ele></trkpt>
            <trkpt lat="40.725983" lon="-104.959706"><ele>1606.55</ele></trkpt>
            <trkpt lat="40.725982" lon="-104.959887"><ele>1606.25</ele></trkpt>
            <trkpt lat="40.725982" lon="-104.96015"><ele>1605.84</ele></trkpt>
            <trkpt lat="40.725983" lon="-104.960432"><ele>1605.44</ele></trkpt>
            <trkpt lat="40.725984" lon="-104.960815"><ele>1605</ele></trkpt>
            <trkpt lat="40.725986" lon="-104.961233"><ele>1604.7</ele></trkpt>
            <trkpt lat="40.725987" lon="-104.961419"><ele>1604.64</ele></trkpt>
            <trkpt lat="40.725988" lon="-104.961615"><ele>1604.62</ele></trkpt>
            <trkpt lat="40.725989" lon="-104.96176"><ele>1604.65</ele></trkpt>
            <trkpt lat="40.725989" lon="-104.9619"><ele>1604.7</ele></trkpt>
            <trkpt lat="40.725991" lon="-104.962117"><ele>1604.79</ele></trkpt>
            <trkpt lat="40.725994" lon="-104.9623"><ele>1604.85</ele></trkpt>
            <trkpt lat="40.726004" lon="-104.962706"><ele>1604.81</ele></trkpt>
            <trkpt lat="40.726006" lon="-104.96282"><ele>1604.72</ele></trkpt>
            <trkpt lat="40.726009" lon="-104.962933"><ele>1604.58</ele></trkpt>
            <trkpt lat="40.726013" lon="-104.963096"><ele>1604.28</ele></trkpt>
            <trkpt lat="40.726018" lon="-104.963307"><ele>1603.74</ele></trkpt>
            <trkpt lat="40.726024" lon="-104.96353"><ele>1603.05</ele></trkpt>
            <trkpt lat="40.726032" lon="-104.963899"><ele>1601.82</ele></trkpt>
            <trkpt lat="40.726036" lon="-104.964116"><ele>1601.23</ele></trkpt>
            <trkpt lat="40.726038" lon="-104.964224"><ele>1601</ele></trkpt>
            <trkpt lat="40.726039" lon="-104.964391"><ele>1600.76</ele></trkpt>
            <trkpt lat="40.726039" lon="-104.96451"><ele>1600.68</ele></trkpt>
            <trkpt lat="40.72604" lon="-104.964691"><ele>1600.68</ele></trkpt>
            <trkpt lat="40.72604" lon="-104.964834"><ele>1600.79</ele></trkpt>
            <trkpt lat="40.72604" lon="-104.965267"><ele>1601.38</ele></trkpt>
            <trkpt lat="40.72604" lon="-104.96543"><ele>1601.63</ele></trkpt>
            <trkpt lat="40.72604" lon="-104.965621"><ele>1601.89</ele></trkpt>
            <trkpt lat="40.72604" lon="-104.965849"><ele>1602.13</ele></trkpt>
            <trkpt lat="40.72604" lon="-104.966042"><ele>1602.27</ele></trkpt>
            <trkpt lat="40.72604" lon="-104.966296"><ele>1602.38</ele></trkpt>
            <trkpt lat="40.72604" lon="-104.967307"><ele>1602.52</ele></trkpt>
            <trkpt lat="40.72604" lon="-104.967522"><ele>1602.57</ele></trkpt>
            <trkpt lat="40.72604" lon="-104.967926"><ele>1602.69</ele></trkpt>
            <trkpt lat="40.72604" lon="-104.968786"><ele>1603.03</ele></trkpt>
            <trkpt lat="40.72604" lon="-104.969162"><ele>1603.15</ele></trkpt>
            <trkpt lat="40.726039" lon="-104.969533"><ele>1603.22</ele></trkpt>
            <trkpt lat="40.726038" lon="-104.969865"><ele>1603.21</ele></trkpt>
            <trkpt lat="40.726036" lon="-104.970126"><ele>1603.16</ele></trkpt>
            <trkpt lat="40.726029" lon="-104.970758"><ele>1602.94</ele></trkpt>
            <trkpt lat="40.726024" lon="-104.97123"><ele>1602.8</ele></trkpt>
            <trkpt lat="40.726023" lon="-104.971394"><ele>1602.77</ele></trkpt>
            <trkpt lat="40.72602" lon="-104.971724"><ele>1602.74</ele></trkpt>
            <trkpt lat="40.726018" lon="-104.972138"><ele>1602.78</ele></trkpt>
            <trkpt lat="40.726017" lon="-104.972414"><ele>1602.85</ele></trkpt>
            <trkpt lat="40.726015" lon="-104.972743"><ele>1603.01</ele></trkpt>
            <trkpt lat="40.726013" lon="-104.973226"><ele>1603.37</ele></trkpt>
            <trkpt lat="40.726013" lon="-104.973402"><ele>1603.56</ele></trkpt>
            <trkpt lat="40.726012" lon="-104.973719"><ele>1604</ele></trkpt>
            <trkpt lat="40.726012" lon="-104.97391"><ele>1604.33</ele></trkpt>
            <trkpt lat="40.726015" lon="-104.974124"><ele>1604.77</ele></trkpt>
            <trkpt lat="40.726019" lon="-104.974312"><ele>1605.17</ele></trkpt>
            <trkpt lat="40.726028" lon="-104.974659"><ele>1605.93</ele></trkpt>
            <trkpt lat="40.726034" lon="-104.974875"><ele>1606.33</ele></trkpt>
            <trkpt lat="40.726041" lon="-104.975158"><ele>1606.72</ele></trkpt>
            <trkpt lat="40.726044" lon="-104.975288"><ele>1606.84</ele></trkpt>
            <trkpt lat="40.726048" lon="-104.975509"><ele>1606.94</ele></trkpt>
            <trkpt lat="40.72605" lon="-104.97569"><ele>1606.93</ele></trkpt>
            <trkpt lat="40.72605" lon="-104.975888"><ele>1606.84</ele></trkpt>
            <trkpt lat="40.726051" lon="-104.976075"><ele>1606.67</ele></trkpt>
            <trkpt lat="40.726051" lon="-104.976299"><ele>1606.39</ele></trkpt>
            <trkpt lat="40.726052" lon="-104.976832"><ele>1605.57</ele></trkpt>
            <trkpt lat="40.726053" lon="-104.977003"><ele>1605.32</ele></trkpt>
            <trkpt lat="40.726053" lon="-104.977385"><ele>1604.84</ele></trkpt>
            <trkpt lat="40.726054" lon="-104.977685"><ele>1604.57</ele></trkpt>
            <trkpt lat="40.726054" lon="-104.977912"><ele>1604.43</ele></trkpt>
            <trkpt lat="40.726055" lon="-104.978244"><ele>1604.3</ele></trkpt>
            <trkpt lat="40.726056" lon="-104.978748"><ele>1604.22</ele></trkpt>
            <trkpt lat="40.726057" lon="-104.979213"><ele>1604.23</ele></trkpt>
            <trkpt lat="40.726057" lon="-104.979644"><ele>1604.33</ele></trkpt>
            <trkpt lat="40.726058" lon="-104.98004"><ele>1604.51</ele></trkpt>
            <trkpt lat="40.726059" lon="-104.980436"><ele>1604.82</ele></trkpt>
            <trkpt lat="40.726059" lon="-104.980783"><ele>1605.2</ele></trkpt>
            <trkpt lat="40.726061" lon="-104.9811"><ele>1605.67</ele></trkpt>
            <trkpt lat="40.726062" lon="-104.981321"><ele>1606.07</ele></trkpt>
            <trkpt lat="40.726064" lon="-104.981647"><ele>1606.71</ele></trkpt>
            <trkpt lat="40.726066" lon="-104.981821"><ele>1607.08</ele></trkpt>
            <trkpt lat="40.726069" lon="-104.982171"><ele>1607.82</ele></trkpt>
            <trkpt lat="40.726072" lon="-104.982427"><ele>1608.36</ele></trkpt>
            <trkpt lat="40.726075" lon="-104.982766"><ele>1609.05</ele></trkpt>
            <trkpt lat="40.726077" lon="-104.983075"><ele>1609.57</ele></trkpt>
            <trkpt lat="40.726078" lon="-104.983306"><ele>1609.84</ele></trkpt>
            <trkpt lat="40.726078" lon="-104.983419"><ele>1609.93</ele></trkpt>
            <trkpt lat="40.726077" lon="-104.983587"><ele>1610</ele></trkpt>
            <trkpt lat="40.726076" lon="-104.9837"><ele>1610.03</ele></trkpt>
            <trkpt lat="40.726073" lon="-104.984088"><ele>1610.01</ele></trkpt>
            <trkpt lat="40.726072" lon="-104.984254"><ele>1610</ele></trkpt>
            <trkpt lat="40.726072" lon="-104.984364"><ele>1610.01</ele></trkpt>
            <trkpt lat="40.726071" lon="-104.984583"><ele>1610.06</ele></trkpt>
            <trkpt lat="40.726071" lon="-104.985103"><ele>1610.33</ele></trkpt>
            <trkpt lat="40.726072" lon="-104.98539"><ele>1610.59</ele></trkpt>
            <trkpt lat="40.726072" lon="-104.985565"><ele>1610.81</ele></trkpt>
            <trkpt lat="40.726072" lon="-104.985732"><ele>1611.04</ele></trkpt>
            <trkpt lat="40.726073" lon="-104.986251"><ele>1611.86</ele></trkpt>
            <trkpt lat="40.726074" lon="-104.986443"><ele>1612.14</ele></trkpt>
            <trkpt lat="40.726074" lon="-104.986674"><ele>1612.42</ele></trkpt>
            <trkpt lat="40.726075" lon="-104.987078"><ele>1612.73</ele></trkpt>
            <trkpt lat="40.726075" lon="-104.98727"><ele>1612.77</ele></trkpt>
            <trkpt lat="40.726076" lon="-104.987562"><ele>1612.71</ele></trkpt>
            <trkpt lat="40.726076" lon="-104.987746"><ele>1612.6</ele></trkpt>
            <trkpt lat="40.726077" lon="-104.988195"><ele>1612.2</ele></trkpt>
            <trkpt lat="40.726077" lon="-104.988479"><ele>1611.93</ele></trkpt>
            <trkpt lat="40.726078" lon="-104.989158"><ele>1611.33</ele></trkpt>
            <trkpt lat="40.726079" lon="-104.98965"><ele>1611.01</ele></trkpt>
            <trkpt lat="40.726081" lon="-104.989997"><ele>1610.87</ele></trkpt>
            <trkpt lat="40.726082" lon="-104.990167"><ele>1610.84</ele></trkpt>
            <trkpt lat="40.726083" lon="-104.990333"><ele>1610.83</ele></trkpt>
            <trkpt lat="40.726085" lon="-104.990587"><ele>1610.84</ele></trkpt>
            <trkpt lat="40.726092" lon="-104.991253"><ele>1610.95</ele></trkpt>
            <trkpt lat="40.726096" lon="-104.991712"><ele>1610.94</ele></trkpt>
            <trkpt lat="40.726105" lon="-104.992627"><ele>1610.19</ele></trkpt>
            <trkpt lat="40.726107" lon="-104.992774"><ele>1609.77</ele></trkpt>
            <trkpt lat="40.726108" lon="-104.99285"><ele>1609.49</ele></trkpt>
            <trkpt lat="40.726108" lon="-104.992927"><ele>1609.17</ele></trkpt>
            <trkpt lat="40.726109" lon="-104.993006"><ele>1608.82</ele></trkpt>
            <trkpt lat="40.726111" lon="-104.993164"><ele>1608.07</ele></trkpt>
            <trkpt lat="40.726112" lon="-104.993244"><ele>1607.7</ele></trkpt>
            <trkpt lat="40.726112" lon="-104.993326"><ele>1607.37</ele></trkpt>
            <trkpt lat="40.726113" lon="-104.993409"><ele>1607.09</ele></trkpt>
            <trkpt lat="40.726114" lon="-104.993488"><ele>1606.88</ele></trkpt>
            <trkpt lat="40.726115" lon="-104.993559"><ele>1606.75</ele></trkpt>
            <trkpt lat="40.726115" lon="-104.99362"><ele>1606.69</ele></trkpt>
            <trkpt lat="40.726116" lon="-104.993677"><ele>1606.67</ele></trkpt>
            <trkpt lat="40.726117" lon="-104.993846"><ele>1606.79</ele></trkpt>
            <trkpt lat="40.726118" lon="-104.993901"><ele>1606.88</ele></trkpt>
            <trkpt lat="40.726118" lon="-104.993956"><ele>1606.99</ele></trkpt>
            <trkpt lat="40.726119" lon="-104.994063"><ele>1607.21</ele></trkpt>
            <trkpt lat="40.726119" lon="-104.994117"><ele>1607.33</ele></trkpt>
            <trkpt lat="40.72612" lon="-104.994171"><ele>1607.43</ele></trkpt>
            <trkpt lat="40.72612" lon="-104.99428"><ele>1607.62</ele></trkpt>
            <trkpt lat="40.726121" lon="-104.994444"><ele>1607.77</ele></trkpt>
            <trkpt lat="40.726122" lon="-104.994983"><ele>1607.32</ele></trkpt>
            <trkpt lat="40.726123" lon="-104.995431"><ele>1606.31</ele></trkpt>
            <trkpt lat="40.726123" lon="-104.995939"><ele>1604.98</ele></trkpt>
            <trkpt lat="40.726124" lon="-104.996168"><ele>1604.44</ele></trkpt>
            <trkpt lat="40.726124" lon="-104.996393"><ele>1604</ele></trkpt>
            <trkpt lat="40.726125" lon="-104.996631"><ele>1603.65</ele></trkpt>
            <trkpt lat="40.726125" lon="-104.996891"><ele>1603.39</ele></trkpt>
            <trkpt lat="40.726126" lon="-104.997422"><ele>1603.09</ele></trkpt>
            <trkpt lat="40.726127" lon="-104.99788"><ele>1602.92</ele></trkpt>
            <trkpt lat="40.726128" lon="-104.998153"><ele>1602.84</ele></trkpt>
            <trkpt lat="40.726129" lon="-104.998993"><ele>1602.61</ele></trkpt>
            <trkpt lat="40.72613" lon="-104.999559"><ele>1602.4</ele></trkpt>
            <trkpt lat="40.726129" lon="-104.999814"><ele>1602.28</ele></trkpt>
            <trkpt lat="40.726128" lon="-104.999915"><ele>1602.23</ele></trkpt>
            <trkpt lat="40.726123" lon="-105.000095"><ele>1602.14</ele></trkpt>
            <trkpt lat="40.726115" lon="-105.000282"><ele>1602.05</ele></trkpt>
            <trkpt lat="40.726109" lon="-105.000396"><ele>1602.01</ele></trkpt>
            <trkpt lat="40.726092" lon="-105.000712"><ele>1601.94</ele></trkpt>
            <trkpt lat="40.726071" lon="-105.001113"><ele>1601.99</ele></trkpt>
            <trkpt lat="40.726052" lon="-105.00146"><ele>1602.13</ele></trkpt>
            <trkpt lat="40.726039" lon="-105.001708"><ele>1602.3</ele></trkpt>
            <trkpt lat="40.726025" lon="-105.001964"><ele>1602.55</ele></trkpt>
            <trkpt lat="40.726008" lon="-105.002299"><ele>1603.03</ele></trkpt>
            <trkpt lat="40.725996" lon="-105.002518"><ele>1603.46</ele></trkpt>
            <trkpt lat="40.725976" lon="-105.002898"><ele>1604.42</ele></trkpt>
            <trkpt lat="40.725966" lon="-105.003083"><ele>1604.96</ele></trkpt>
            <trkpt lat="40.725948" lon="-105.003405"><ele>1605.94</ele></trkpt>
            <trkpt lat="40.725935" lon="-105.00366"><ele>1606.62</ele></trkpt>
            <trkpt lat="40.725928" lon="-105.003796"><ele>1606.9</ele></trkpt>
            <trkpt lat="40.725919" lon="-105.003965"><ele>1607.15</ele></trkpt>
            <trkpt lat="40.725911" lon="-105.004125"><ele>1607.25</ele></trkpt>
            <trkpt lat="40.725906" lon="-105.004224"><ele>1607.24</ele></trkpt>
            <trkpt lat="40.725902" lon="-105.004319"><ele>1607.19</ele></trkpt>
            <trkpt lat="40.725898" lon="-105.004416"><ele>1607.09</ele></trkpt>
            <trkpt lat="40.725886" lon="-105.004741"><ele>1606.51</ele></trkpt>
            <trkpt lat="40.725879" lon="-105.004919"><ele>1606.08</ele></trkpt>
            <trkpt lat="40.725869" lon="-105.005237"><ele>1605.22</ele></trkpt>
            <trkpt lat="40.725864" lon="-105.005389"><ele>1604.79</ele></trkpt>
            <trkpt lat="40.725855" lon="-105.005679"><ele>1604.02</ele></trkpt>
            <trkpt lat="40.725851" lon="-105.005832"><ele>1603.65</ele></trkpt>
            <trkpt lat="40.725846" lon="-105.005993"><ele>1603.32</ele></trkpt>
            <trkpt lat="40.72584" lon="-105.006251"><ele>1602.89</ele></trkpt>
            <trkpt lat="40.725833" lon="-105.006509"><ele>1602.6</ele></trkpt>
            <trkpt lat="40.725818" lon="-105.007065"><ele>1602.22</ele></trkpt>
            <trkpt lat="40.72581" lon="-105.007361"><ele>1602.06</ele></trkpt>
            <trkpt lat="40.7258" lon="-105.007725"><ele>1601.89</ele></trkpt>
            <trkpt lat="40.725789" lon="-105.008166"><ele>1601.68</ele></trkpt>
            <trkpt lat="40.725783" lon="-105.00841"><ele>1601.58</ele></trkpt>
            <trkpt lat="40.725779" lon="-105.008638"><ele>1601.51</ele></trkpt>
            <trkpt lat="40.725771" lon="-105.009116"><ele>1601.4</ele></trkpt>
            <trkpt lat="40.725765" lon="-105.009569"><ele>1601.36</ele></trkpt>
            <trkpt lat="40.725759" lon="-105.009983"><ele>1601.39</ele></trkpt>
            <trkpt lat="40.725752" lon="-105.01046"><ele>1601.46</ele></trkpt>
            <trkpt lat="40.725745" lon="-105.010902"><ele>1601.5</ele></trkpt>
            <trkpt lat="40.72574" lon="-105.01128"><ele>1601.46</ele></trkpt>
            <trkpt lat="40.725737" lon="-105.011474"><ele>1601.38</ele></trkpt>
            <trkpt lat="40.725733" lon="-105.011738"><ele>1601.22</ele></trkpt>
            <trkpt lat="40.725729" lon="-105.012027"><ele>1600.99</ele></trkpt>
            <trkpt lat="40.725722" lon="-105.012522"><ele>1600.57</ele></trkpt>
            <trkpt lat="40.72572" lon="-105.012697"><ele>1600.46</ele></trkpt>
            <trkpt lat="40.725716" lon="-105.012955"><ele>1600.37</ele></trkpt>
            <trkpt lat="40.725713" lon="-105.013134"><ele>1600.37</ele></trkpt>
            <trkpt lat="40.725711" lon="-105.013318"><ele>1600.42</ele></trkpt>
            <trkpt lat="40.725708" lon="-105.01351"><ele>1600.53</ele></trkpt>
            <trkpt lat="40.725705" lon="-105.013702"><ele>1600.69</ele></trkpt>
            <trkpt lat="40.725701" lon="-105.013968"><ele>1600.97</ele></trkpt>
            <trkpt lat="40.725697" lon="-105.014134"><ele>1601.17</ele></trkpt>
            <trkpt lat="40.72569" lon="-105.014467"><ele>1601.54</ele></trkpt>
            <trkpt lat="40.725686" lon="-105.01464"><ele>1601.71</ele></trkpt>
            <trkpt lat="40.725682" lon="-105.014803"><ele>1601.85</ele></trkpt>
            <trkpt lat="40.725676" lon="-105.015068"><ele>1602</ele></trkpt>
            <trkpt lat="40.725665" lon="-105.015525"><ele>1602.13</ele></trkpt>
            <trkpt lat="40.725657" lon="-105.015855"><ele>1602.17</ele></trkpt>
            <trkpt lat="40.725644" lon="-105.016412"><ele>1602.16</ele></trkpt>
            <trkpt lat="40.725636" lon="-105.016747"><ele>1602.15</ele></trkpt>
            <trkpt lat="40.725628" lon="-105.017146"><ele>1602.16</ele></trkpt>
            <trkpt lat="40.725623" lon="-105.017491"><ele>1602.19</ele></trkpt>
            <trkpt lat="40.72561" lon="-105.018327"><ele>1602.32</ele></trkpt>
            <trkpt lat="40.725606" lon="-105.018658"><ele>1602.39</ele></trkpt>
            <trkpt lat="40.725603" lon="-105.018895"><ele>1602.45</ele></trkpt>
            <trkpt lat="40.725602" lon="-105.018987"><ele>1602.47</ele></trkpt>
            <trkpt lat="40.725601" lon="-105.01934"><ele>1602.55</ele></trkpt>
            <trkpt lat="40.725601" lon="-105.019665"><ele>1602.61</ele></trkpt>
            <trkpt lat="40.725602" lon="-105.020077"><ele>1602.69</ele></trkpt>
            <trkpt lat="40.725604" lon="-105.021038"><ele>1602.92</ele></trkpt>
            <trkpt lat="40.725605" lon="-105.021502"><ele>1603.04</ele></trkpt>
            <trkpt lat="40.725607" lon="-105.022496"><ele>1603.32</ele></trkpt>
            <trkpt lat="40.725608" lon="-105.022892"><ele>1603.44</ele></trkpt>
            <trkpt lat="40.72561" lon="-105.023888"><ele>1603.74</ele></trkpt>
            <trkpt lat="40.725613" lon="-105.025291"><ele>1604.13</ele></trkpt>
            <trkpt lat="40.725613" lon="-105.025625"><ele>1604.17</ele></trkpt>
            <trkpt lat="40.725614" lon="-105.025922"><ele>1604.15</ele></trkpt>
            <trkpt lat="40.725614" lon="-105.026068"><ele>1604.11</ele></trkpt>
            <trkpt lat="40.725616" lon="-105.027131"><ele>1603.68</ele></trkpt>
            <trkpt lat="40.725618" lon="-105.028058"><ele>1603.18</ele></trkpt>
            <trkpt lat="40.725619" lon="-105.028594"><ele>1602.82</ele></trkpt>
            <trkpt lat="40.72562" lon="-105.028782"><ele>1602.66</ele></trkpt>
            <trkpt lat="40.72562" lon="-105.029224"><ele>1602.2</ele></trkpt>
            <trkpt lat="40.725622" lon="-105.029814"><ele>1601.52</ele></trkpt>
            <trkpt lat="40.725622" lon="-105.030063"><ele>1601.28</ele></trkpt>
            <trkpt lat="40.725622" lon="-105.030223"><ele>1601.16</ele></trkpt>
            <trkpt lat="40.725623" lon="-105.030534"><ele>1600.98</ele></trkpt>
            <trkpt lat="40.725624" lon="-105.031009"><ele>1600.85</ele></trkpt>
            <trkpt lat="40.725624" lon="-105.031182"><ele>1600.83</ele></trkpt>
            <trkpt lat="40.725625" lon="-105.031692"><ele>1600.9</ele></trkpt>
            <trkpt lat="40.725626" lon="-105.031903"><ele>1600.98</ele></trkpt>
            <trkpt lat="40.725626" lon="-105.03224"><ele>1601.19</ele></trkpt>
            <trkpt lat="40.725627" lon="-105.032725"><ele>1601.63</ele></trkpt>
            <trkpt lat="40.725628" lon="-105.03326"><ele>1602.2</ele></trkpt>
            <trkpt lat="40.725629" lon="-105.033609"><ele>1602.54</ele></trkpt>
            <trkpt lat="40.725629" lon="-105.033806"><ele>1602.69</ele></trkpt>
            <trkpt lat="40.72563" lon="-105.034023"><ele>1602.83</ele></trkpt>
            <trkpt lat="40.725632" lon="-105.034405"><ele>1603.04</ele></trkpt>
            <trkpt lat="40.725633" lon="-105.034656"><ele>1603.18</ele></trkpt>
            <trkpt lat="40.725635" lon="-105.034938"><ele>1603.37</ele></trkpt>
            <trkpt lat="40.725639" lon="-105.035697"><ele>1604</ele></trkpt>
            <trkpt lat="40.725643" lon="-105.03628"><ele>1604.6</ele></trkpt>
            <trkpt lat="40.725644" lon="-105.036508"><ele>1604.92</ele></trkpt>
            <trkpt lat="40.725646" lon="-105.036786"><ele>1605.41</ele></trkpt>
            <trkpt lat="40.725647" lon="-105.03696"><ele>1605.78</ele></trkpt>
            <trkpt lat="40.725648" lon="-105.037152"><ele>1606.24</ele></trkpt>
            <trkpt lat="40.725651" lon="-105.037645"><ele>1607.51</ele></trkpt>
            <trkpt lat="40.725652" lon="-105.037908"><ele>1608.15</ele></trkpt>
            <trkpt lat="40.725653" lon="-105.038101"><ele>1608.58</ele></trkpt>
            <trkpt lat="40.725655" lon="-105.038295"><ele>1608.99</ele></trkpt>
            <trkpt lat="40.725657" lon="-105.038657"><ele>1609.72</ele></trkpt>
            <trkpt lat="40.725658" lon="-105.038893"><ele>1610.24</ele></trkpt>
            <trkpt lat="40.725661" lon="-105.039392"><ele>1611.5</ele></trkpt>
            <trkpt lat="40.725663" lon="-105.039749"><ele>1612.43</ele></trkpt>
            <trkpt lat="40.725665" lon="-105.039981"><ele>1612.97</ele></trkpt>
            <trkpt lat="40.725666" lon="-105.040168"><ele>1613.34</ele></trkpt>
            <trkpt lat="40.725667" lon="-105.040339"><ele>1613.61</ele></trkpt>
            <trkpt lat="40.725668" lon="-105.04053"><ele>1613.82</ele></trkpt>
            <trkpt lat="40.72567" lon="-105.040806"><ele>1613.99</ele></trkpt>
            <trkpt lat="40.725672" lon="-105.041167"><ele>1614.03</ele></trkpt>
            <trkpt lat="40.725673" lon="-105.041448"><ele>1613.98</ele></trkpt>
            <trkpt lat="40.725678" lon="-105.042152"><ele>1613.72</ele></trkpt>
            <trkpt lat="40.725682" lon="-105.042858"><ele>1613.42</ele></trkpt>
            <trkpt lat="40.725684" lon="-105.043216"><ele>1613.24</ele></trkpt>
            <trkpt lat="40.725687" lon="-105.04378"><ele>1612.84</ele></trkpt>
            <trkpt lat="40.725689" lon="-105.044115"><ele>1612.54</ele></trkpt>
            <trkpt lat="40.725692" lon="-105.044612"><ele>1612.03</ele></trkpt>
            <trkpt lat="40.725693" lon="-105.044806"><ele>1611.86</ele></trkpt>
            <trkpt lat="40.725696" lon="-105.045185"><ele>1611.61</ele></trkpt>
            <trkpt lat="40.725698" lon="-105.045545"><ele>1611.48</ele></trkpt>
            <trkpt lat="40.7257" lon="-105.045825"><ele>1611.45</ele></trkpt>
            <trkpt lat="40.725702" lon="-105.046302"><ele>1611.51</ele></trkpt>
            <trkpt lat="40.725704" lon="-105.046662"><ele>1611.61</ele></trkpt>
            <trkpt lat="40.725707" lon="-105.047037"><ele>1611.77</ele></trkpt>
            <trkpt lat="40.725708" lon="-105.047312"><ele>1611.91</ele></trkpt>
            <trkpt lat="40.72571" lon="-105.0477"><ele>1612.12</ele></trkpt>
            <trkpt lat="40.72571" lon="-105.048278"><ele>1612.41</ele></trkpt>
            <trkpt lat="40.72571" lon="-105.048639"><ele>1612.55</ele></trkpt>
            <trkpt lat="40.725711" lon="-105.048846"><ele>1612.59</ele></trkpt>
            <trkpt lat="40.725713" lon="-105.049023"><ele>1612.62</ele></trkpt>
            <trkpt lat="40.725716" lon="-105.049118"><ele>1612.62</ele></trkpt>
            <trkpt lat="40.725724" lon="-105.049275"><ele>1612.61</ele></trkpt>
            <trkpt lat="40.725731" lon="-105.049378"><ele>1612.6</ele></trkpt>
            <trkpt lat="40.72574" lon="-105.04948"><ele>1612.58</ele></trkpt>
            <trkpt lat="40.725751" lon="-105.049578"><ele>1612.56</ele></trkpt>
            <trkpt lat="40.725765" lon="-105.049673"><ele>1612.53</ele></trkpt>
            <trkpt lat="40.725782" lon="-105.049761"><ele>1612.5</ele></trkpt>
            <trkpt lat="40.725804" lon="-105.049843"><ele>1612.47</ele></trkpt>
            <trkpt lat="40.725819" lon="-105.049881"><ele>1612.45</ele></trkpt>
            <trkpt lat="40.725836" lon="-105.049919"><ele>1612.43</ele></trkpt>
            <trkpt lat="40.725855" lon="-105.049956"><ele>1612.41</ele></trkpt>
            <trkpt lat="40.725878" lon="-105.049993"><ele>1612.39</ele></trkpt>
            <trkpt lat="40.725931" lon="-105.050067"><ele>1612.34</ele></trkpt>
            <trkpt lat="40.725991" lon="-105.050143"><ele>1612.28</ele></trkpt>
            <trkpt lat="40.726054" lon="-105.050217"><ele>1612.23</ele></trkpt>
            <trkpt lat="40.726115" lon="-105.050286"><ele>1612.18</ele></trkpt>
            <trkpt lat="40.726226" lon="-105.050404"><ele>1612.1</ele></trkpt>
            <trkpt lat="40.726357" lon="-105.050538"><ele>1612.03</ele></trkpt>
            <trkpt lat="40.72651" lon="-105.050695"><ele>1612</ele></trkpt>
            <trkpt lat="40.72671" lon="-105.050897"><ele>1612.03</ele></trkpt>
            <trkpt lat="40.72719" lon="-105.051383"><ele>1612.2</ele></trkpt>
            <trkpt lat="40.727336" lon="-105.05153"><ele>1612.22</ele></trkpt>
            <trkpt lat="40.727556" lon="-105.051754"><ele>1612.19</ele></trkpt>
            <trkpt lat="40.727821" lon="-105.052022"><ele>1612.05</ele></trkpt>
            <trkpt lat="40.727935" lon="-105.052137"><ele>1611.94</ele></trkpt>
            <trkpt lat="40.72804" lon="-105.052243"><ele>1611.8</ele></trkpt>
            <trkpt lat="40.728187" lon="-105.052392"><ele>1611.55</ele></trkpt>
            <trkpt lat="40.728489" lon="-105.052698"><ele>1610.97</ele></trkpt>
            <trkpt lat="40.728601" lon="-105.052811"><ele>1610.79</ele></trkpt>
            <trkpt lat="40.728667" lon="-105.052878"><ele>1610.71</ele></trkpt>
            <trkpt lat="40.728873" lon="-105.053086"><ele>1610.57</ele></trkpt>
            <trkpt lat="40.729019" lon="-105.053234"><ele>1610.6</ele></trkpt>
            <trkpt lat="40.729096" lon="-105.053312"><ele>1610.65</ele></trkpt>
            <trkpt lat="40.729342" lon="-105.053561"><ele>1610.94</ele></trkpt>
            <trkpt lat="40.729822" lon="-105.054047"><ele>1611.72</ele></trkpt>
            <trkpt lat="40.730087" lon="-105.054315"><ele>1612.1</ele></trkpt>
            <trkpt lat="40.730341" lon="-105.054572"><ele>1612.34</ele></trkpt>
            <trkpt lat="40.730561" lon="-105.054795"><ele>1612.42</ele></trkpt>
            <trkpt lat="40.73071" lon="-105.054946"><ele>1612.38</ele></trkpt>
            <trkpt lat="40.730845" lon="-105.055082"><ele>1612.27</ele></trkpt>
            <trkpt lat="40.730945" lon="-105.055184"><ele>1612.16</ele></trkpt>
            <trkpt lat="40.73134" lon="-105.055583"><ele>1611.55</ele></trkpt>
            <trkpt lat="40.73149" lon="-105.055735"><ele>1611.34</ele></trkpt>
            <trkpt lat="40.731737" lon="-105.055986"><ele>1611.09</ele></trkpt>
            <trkpt lat="40.731885" lon="-105.056135"><ele>1611.05</ele></trkpt>
            <trkpt lat="40.732025" lon="-105.056277"><ele>1611.11</ele></trkpt>
            <trkpt lat="40.732231" lon="-105.056485"><ele>1611.36</ele></trkpt>
            <trkpt lat="40.732421" lon="-105.056677"><ele>1611.74</ele></trkpt>
            <trkpt lat="40.732607" lon="-105.056868"><ele>1612.18</ele></trkpt>
            <trkpt lat="40.732673" lon="-105.056936"><ele>1612.33</ele></trkpt>
            <trkpt lat="40.73272" lon="-105.056986"><ele>1612.42</ele></trkpt>
            <trkpt lat="40.732761" lon="-105.057032"><ele>1612.5</ele></trkpt>
            <trkpt lat="40.732799" lon="-105.057077"><ele>1612.56</ele></trkpt>
            <trkpt lat="40.732832" lon="-105.057122"><ele>1612.6</ele></trkpt>
            <trkpt lat="40.732862" lon="-105.057168"><ele>1612.64</ele></trkpt>
            <trkpt lat="40.732886" lon="-105.057213"><ele>1612.66</ele></trkpt>
            <trkpt lat="40.732907" lon="-105.057261"><ele>1612.67</ele></trkpt>
            <trkpt lat="40.732924" lon="-105.05731"><ele>1612.67</ele></trkpt>
            <trkpt lat="40.732939" lon="-105.05736"><ele>1612.66</ele></trkpt>
            <trkpt lat="40.732951" lon="-105.057407"><ele>1612.64</ele></trkpt>
            <trkpt lat="40.732959" lon="-105.057452"><ele>1612.61</ele></trkpt>
            <trkpt lat="40.732964" lon="-105.057502"><ele>1612.57</ele></trkpt>
            <trkpt lat="40.732968" lon="-105.05758"><ele>1612.5</ele></trkpt>
            <trkpt lat="40.73297" lon="-105.057697"><ele>1612.36</ele></trkpt>
            <trkpt lat="40.732974" lon="-105.058"><ele>1611.82</ele></trkpt>
            <trkpt lat="40.732978" lon="-105.058441"><ele>1610.83</ele></trkpt>
            <trkpt lat="40.732981" lon="-105.058696"><ele>1610.19</ele></trkpt>
            <trkpt lat="40.732982" lon="-105.058869"><ele>1609.73</ele></trkpt>
            <trkpt lat="40.732988" lon="-105.059445"><ele>1608.15</ele></trkpt>
            <trkpt lat="40.73299" lon="-105.059667"><ele>1607.57</ele></trkpt>
            <trkpt lat="40.732992" lon="-105.059875"><ele>1607.06</ele></trkpt>
            <trkpt lat="40.732997" lon="-105.060466"><ele>1605.66</ele></trkpt>
            <trkpt lat="40.732999" lon="-105.060676"><ele>1605.15</ele></trkpt>
            <trkpt lat="40.733" lon="-105.060885"><ele>1604.62</ele></trkpt>
            <trkpt lat="40.733001" lon="-105.061098"><ele>1604.06</ele></trkpt>
            <trkpt lat="40.733002" lon="-105.061565"><ele>1602.81</ele></trkpt>
            <trkpt lat="40.733003" lon="-105.06187"><ele>1602.03</ele></trkpt>
            <trkpt lat="40.733003" lon="-105.062027"><ele>1601.66</ele></trkpt>
            <trkpt lat="40.733004" lon="-105.062356"><ele>1600.97</ele></trkpt>
            <trkpt lat="40.733005" lon="-105.062641"><ele>1600.48</ele></trkpt>
            <trkpt lat="40.733005" lon="-105.062838"><ele>1600.22</ele></trkpt>
            <trkpt lat="40.733006" lon="-105.06298"><ele>1600.08</ele></trkpt>
            <trkpt lat="40.733007" lon="-105.063264"><ele>1599.9</ele></trkpt>
            <trkpt lat="40.733007" lon="-105.063587"><ele>1599.84</ele></trkpt>
            <trkpt lat="40.733008" lon="-105.063922"><ele>1599.95</ele></trkpt>
            <trkpt lat="40.733009" lon="-105.06423"><ele>1600.2</ele></trkpt>
            <trkpt lat="40.73301" lon="-105.064389"><ele>1600.41</ele></trkpt>
            <trkpt lat="40.73301" lon="-105.064588"><ele>1600.74</ele></trkpt>
            <trkpt lat="40.733011" lon="-105.064741"><ele>1601.05</ele></trkpt>
            <trkpt lat="40.733013" lon="-105.065052"><ele>1601.83</ele></trkpt>
            <trkpt lat="40.733014" lon="-105.065222"><ele>1602.33</ele></trkpt>
            <trkpt lat="40.733016" lon="-105.065544"><ele>1603.4</ele></trkpt>
            <trkpt lat="40.733018" lon="-105.065867"><ele>1604.61</ele></trkpt>
            <trkpt lat="40.73302" lon="-105.06627"><ele>1606.22</ele></trkpt>
            <trkpt lat="40.733024" lon="-105.066922"><ele>1608.87</ele></trkpt>
            <trkpt lat="40.733027" lon="-105.067288"><ele>1610.26</ele></trkpt>
            <trkpt lat="40.733028" lon="-105.067487"><ele>1610.93</ele></trkpt>
            <trkpt lat="40.733029" lon="-105.067691"><ele>1611.54</ele></trkpt>
            <trkpt lat="40.73303" lon="-105.067856"><ele>1611.96</ele></trkpt>
            <trkpt lat="40.733031" lon="-105.068007"><ele>1612.3</ele></trkpt>
            <trkpt lat="40.733033" lon="-105.068256"><ele>1612.73</ele></trkpt>
            <trkpt lat="40.733034" lon="-105.068525"><ele>1613.05</ele></trkpt>
            <trkpt lat="40.733035" lon="-105.068676"><ele>1613.17</ele></trkpt>
            <trkpt lat="40.733037" lon="-105.069082"><ele>1613.29</ele></trkpt>
            <trkpt lat="40.733039" lon="-105.069305"><ele>1613.24</ele></trkpt>
            <trkpt lat="40.733039" lon="-105.069521"><ele>1613.11</ele></trkpt>
            <trkpt lat="40.733039" lon="-105.069631"><ele>1613</ele></trkpt>
            <trkpt lat="40.733039" lon="-105.069852"><ele>1612.74</ele></trkpt>
            <trkpt lat="40.733039" lon="-105.070401"><ele>1611.93</ele></trkpt>
            <trkpt lat="40.733038" lon="-105.07077"><ele>1611.41</ele></trkpt>
            <trkpt lat="40.733038" lon="-105.071143"><ele>1610.96</ele></trkpt>
            <trkpt lat="40.733037" lon="-105.071335"><ele>1610.78</ele></trkpt>
            <trkpt lat="40.733037" lon="-105.071608"><ele>1610.56</ele></trkpt>
            <trkpt lat="40.733036" lon="-105.072126"><ele>1610.24</ele></trkpt>
            <trkpt lat="40.733035" lon="-105.072727"><ele>1609.93</ele></trkpt>
            <trkpt lat="40.733034" lon="-105.073267"><ele>1609.74</ele></trkpt>
            <trkpt lat="40.733034" lon="-105.073574"><ele>1609.7</ele></trkpt>
            <trkpt lat="40.733034" lon="-105.073739"><ele>1609.72</ele></trkpt>
            <trkpt lat="40.733033" lon="-105.074279"><ele>1609.89</ele></trkpt>
            <trkpt lat="40.733033" lon="-105.074468"><ele>1610</ele></trkpt>
            <trkpt lat="40.733032" lon="-105.074656"><ele>1610.14</ele></trkpt>
            <trkpt lat="40.733032" lon="-105.075107"><ele>1610.58</ele></trkpt>
            <trkpt lat="40.733031" lon="-105.075652"><ele>1611.25</ele></trkpt>
            <trkpt lat="40.733031" lon="-105.075822"><ele>1611.51</ele></trkpt>
            <trkpt lat="40.733031" lon="-105.076039"><ele>1611.87</ele></trkpt>
            <trkpt lat="40.733033" lon="-105.076297"><ele>1612.39</ele></trkpt>
            <trkpt lat="40.733035" lon="-105.076531"><ele>1612.94</ele></trkpt>
            <trkpt lat="40.733037" lon="-105.076748"><ele>1613.52</ele></trkpt>
            <trkpt lat="40.733043" lon="-105.07731"><ele>1615.18</ele></trkpt>
            <trkpt lat="40.733045" lon="-105.077453"><ele>1615.58</ele></trkpt>
            <trkpt lat="40.733047" lon="-105.077607"><ele>1616.01</ele></trkpt>
            <trkpt lat="40.733051" lon="-105.078012"><ele>1617.05</ele></trkpt>
            <trkpt lat="40.733056" lon="-105.078436"><ele>1618.11</ele></trkpt>
            <trkpt lat="40.733058" lon="-105.078584"><ele>1618.51</ele></trkpt>
            <trkpt lat="40.733061" lon="-105.078891"><ele>1619.41</ele></trkpt>
            <trkpt lat="40.733064" lon="-105.079159"><ele>1620.24</ele></trkpt>
            <trkpt lat="40.733067" lon="-105.079472"><ele>1621.18</ele></trkpt>
            <trkpt lat="40.733068" lon="-105.079631"><ele>1621.6</ele></trkpt>
            <trkpt lat="40.733067" lon="-105.079739"><ele>1621.85</ele></trkpt>
            <trkpt lat="40.733067" lon="-105.079854"><ele>1622.09</ele></trkpt>
            <trkpt lat="40.733064" lon="-105.080062"><ele>1622.4</ele></trkpt>
            <trkpt lat="40.733061" lon="-105.080337"><ele>1622.64</ele></trkpt>
            <trkpt lat="40.733054" lon="-105.080857"><ele>1622.74</ele></trkpt>
            <trkpt lat="40.733052" lon="-105.081155"><ele>1622.69</ele></trkpt>
            <trkpt lat="40.733051" lon="-105.081356"><ele>1622.63</ele></trkpt>
            <trkpt lat="40.733051" lon="-105.081579"><ele>1622.55</ele></trkpt>
            <trkpt lat="40.733052" lon="-105.082217"><ele>1622.31</ele></trkpt>
            <trkpt lat="40.733054" lon="-105.083032"><ele>1622.03</ele></trkpt>
            <trkpt lat="40.733056" lon="-105.084109"><ele>1621.75</ele></trkpt>
            <trkpt lat="40.733057" lon="-105.084427"><ele>1621.7</ele></trkpt>
            <trkpt lat="40.733058" lon="-105.084757"><ele>1621.68</ele></trkpt>
            <trkpt lat="40.733058" lon="-105.085082"><ele>1621.66</ele></trkpt>
            <trkpt lat="40.73306" lon="-105.08581"><ele>1621.63</ele></trkpt>
            <trkpt lat="40.733061" lon="-105.086125"><ele>1621.57</ele></trkpt>
            <trkpt lat="40.733061" lon="-105.086476"><ele>1621.42</ele></trkpt>
            <trkpt lat="40.733062" lon="-105.086828"><ele>1621.16</ele></trkpt>
            <trkpt lat="40.733063" lon="-105.086988"><ele>1621.01</ele></trkpt>
            <trkpt lat="40.733063" lon="-105.087376"><ele>1620.59</ele></trkpt>
            <trkpt lat="40.733064" lon="-105.087635"><ele>1620.29</ele></trkpt>
            <trkpt lat="40.733065" lon="-105.087944"><ele>1619.96</ele></trkpt>
            <trkpt lat="40.733066" lon="-105.088402"><ele>1619.53</ele></trkpt>
            <trkpt lat="40.733067" lon="-105.088926"><ele>1619.09</ele></trkpt>
            <trkpt lat="40.733068" lon="-105.08969"><ele>1618.54</ele></trkpt>
            <trkpt lat="40.733069" lon="-105.090035"><ele>1618.34</ele></trkpt>
            <trkpt lat="40.73307" lon="-105.090427"><ele>1618.16</ele></trkpt>
            <trkpt lat="40.733071" lon="-105.090805"><ele>1617.97</ele></trkpt>
            <trkpt lat="40.733072" lon="-105.091326"><ele>1617.65</ele></trkpt>
            <trkpt lat="40.733073" lon="-105.091779"><ele>1617.35</ele></trkpt>
            <trkpt lat="40.733073" lon="-105.092072"><ele>1617.19</ele></trkpt>
            <trkpt lat="40.733074" lon="-105.092452"><ele>1617.03</ele></trkpt>
            <trkpt lat="40.733075" lon="-105.092981"><ele>1616.92</ele></trkpt>
            <trkpt lat="40.733077" lon="-105.093651"><ele>1616.9</ele></trkpt>
            <trkpt lat="40.733077" lon="-105.093927"><ele>1616.94</ele></trkpt>
            <trkpt lat="40.733078" lon="-105.094138"><ele>1616.98</ele></trkpt>
            <trkpt lat="40.733078" lon="-105.094459"><ele>1617.03</ele></trkpt>
            <trkpt lat="40.733077" lon="-105.094575"><ele>1617.02</ele></trkpt>
            <trkpt lat="40.733076" lon="-105.094695"><ele>1616.99</ele></trkpt>
            <trkpt lat="40.733073" lon="-105.094815"><ele>1616.94</ele></trkpt>
            <trkpt lat="40.733067" lon="-105.094927"><ele>1616.87</ele></trkpt>
            <trkpt lat="40.733056" lon="-105.095027"><ele>1616.79</ele></trkpt>
            <trkpt lat="40.733048" lon="-105.095073"><ele>1616.74</ele></trkpt>
            <trkpt lat="40.733036" lon="-105.095117"><ele>1616.69</ele></trkpt>
            <trkpt lat="40.733019" lon="-105.09516"><ele>1616.64</ele></trkpt>
            <trkpt lat="40.732997" lon="-105.0952"><ele>1616.59</ele></trkpt>
            <trkpt lat="40.73297" lon="-105.095233"><ele>1616.53</ele></trkpt>
            <trkpt lat="40.732941" lon="-105.095258"><ele>1616.48</ele></trkpt>
            <trkpt lat="40.73291" lon="-105.095276"><ele>1616.42</ele></trkpt>
            <trkpt lat="40.732878" lon="-105.095289"><ele>1616.36</ele></trkpt>
            <trkpt lat="40.732845" lon="-105.095298"><ele>1616.31</ele></trkpt>
            <trkpt lat="40.732769" lon="-105.095311"><ele>1616.18</ele></trkpt>
            <trkpt lat="40.732686" lon="-105.095319"><ele>1616.04</ele></trkpt>
            <trkpt lat="40.732598" lon="-105.095324"><ele>1615.89</ele></trkpt>
            <trkpt lat="40.732509" lon="-105.095327"><ele>1615.75</ele></trkpt>
            <trkpt lat="40.732341" lon="-105.09533"><ele>1615.51</ele></trkpt>
            <trkpt lat="40.732031" lon="-105.095335"><ele>1615.12</ele></trkpt>
            <trkpt lat="40.731722" lon="-105.095339"><ele>1614.81</ele></trkpt>
            <trkpt lat="40.731313" lon="-105.095344"><ele>1614.4</ele></trkpt>
            <trkpt lat="40.731074" lon="-105.095348"><ele>1614.1</ele></trkpt>
            <trkpt lat="40.730932" lon="-105.09535"><ele>1613.89</ele></trkpt>
            <trkpt lat="40.730474" lon="-105.095356"><ele>1613.14</ele></trkpt>
            <trkpt lat="40.73019" lon="-105.09536"><ele>1612.71</ele></trkpt>
            <trkpt lat="40.730027" lon="-105.095362"><ele>1612.5</ele></trkpt>
            <trkpt lat="40.729852" lon="-105.095365"><ele>1612.31</ele></trkpt>
            <trkpt lat="40.729161" lon="-105.095374"><ele>1611.73</ele></trkpt>
            <trkpt lat="40.728787" lon="-105.095379"><ele>1611.4</ele></trkpt>
            <trkpt lat="40.728257" lon="-105.095387"><ele>1610.94</ele></trkpt>
            <trkpt lat="40.728008" lon="-105.09539"><ele>1610.8</ele></trkpt>
            <trkpt lat="40.727768" lon="-105.095393"><ele>1610.74</ele></trkpt>
            <trkpt lat="40.72747" lon="-105.095398"><ele>1610.72</ele></trkpt>
            <trkpt lat="40.727256" lon="-105.095401"><ele>1610.67</ele></trkpt>
            <trkpt lat="40.727038" lon="-105.095404"><ele>1610.52</ele></trkpt>
            <trkpt lat="40.726911" lon="-105.095405"><ele>1610.37</ele></trkpt>
            <trkpt lat="40.726781" lon="-105.095407"><ele>1610.17</ele></trkpt>
            <trkpt lat="40.726589" lon="-105.09541"><ele>1609.79</ele></trkpt>
            <trkpt lat="40.726227" lon="-105.095416"><ele>1608.95</ele></trkpt>
            <trkpt lat="40.726062" lon="-105.09542"><ele>1608.59</ele></trkpt>
            <trkpt lat="40.725989" lon="-105.095424"><ele>1608.44</ele></trkpt>
            <trkpt lat="40.725919" lon="-105.095429"><ele>1608.31</ele></trkpt>
            <trkpt lat="40.725854" lon="-105.095439"><ele>1608.19</ele></trkpt>
            <trkpt lat="40.725827" lon="-105.095445"><ele>1608.15</ele></trkpt>
            <trkpt lat="40.725775" lon="-105.09546"><ele>1608.07</ele></trkpt>
            <trkpt lat="40.725666" lon="-105.095495"><ele>1607.92</ele></trkpt>
            <trkpt lat="40.72561" lon="-105.095509"><ele>1607.86</ele></trkpt>
            <trkpt lat="40.725546" lon="-105.095521"><ele>1607.79</ele></trkpt>
            <trkpt lat="40.72548" lon="-105.095531"><ele>1607.74</ele></trkpt>
            <trkpt lat="40.725412" lon="-105.095538"><ele>1607.69</ele></trkpt>
            <trkpt lat="40.725302" lon="-105.095545"><ele>1607.62</ele></trkpt>
            <trkpt lat="40.725229" lon="-105.095548"><ele>1607.58</ele></trkpt>
            <trkpt lat="40.72508" lon="-105.095549"><ele>1607.52</ele></trkpt>
            <trkpt lat="40.724868" lon="-105.09555"><ele>1607.45</ele></trkpt>
            <trkpt lat="40.724513" lon="-105.09555"><ele>1607.35</ele></trkpt>
            <trkpt lat="40.724257" lon="-105.09555"><ele>1607.3</ele></trkpt>
            <trkpt lat="40.723671" lon="-105.09555"><ele>1607.19</ele></trkpt>
            <trkpt lat="40.723483" lon="-105.09555"><ele>1607.11</ele></trkpt>
            <trkpt lat="40.723206" lon="-105.095552"><ele>1606.9</ele></trkpt>
            <trkpt lat="40.723096" lon="-105.095553"><ele>1606.78</ele></trkpt>
            <trkpt lat="40.722902" lon="-105.095559"><ele>1606.51</ele></trkpt>
            <trkpt lat="40.722541" lon="-105.095572"><ele>1605.89</ele></trkpt>
            <trkpt lat="40.72224" lon="-105.095583"><ele>1605.34</ele></trkpt>
            <trkpt lat="40.722044" lon="-105.095591"><ele>1604.98</ele></trkpt>
            <trkpt lat="40.72171" lon="-105.095603"><ele>1604.4</ele></trkpt>
            <trkpt lat="40.721339" lon="-105.095617"><ele>1603.73</ele></trkpt>
            <trkpt lat="40.721173" lon="-105.095622"><ele>1603.41</ele></trkpt>
            <trkpt lat="40.721015" lon="-105.095624"><ele>1603.08</ele></trkpt>
            <trkpt lat="40.720853" lon="-105.095622"><ele>1602.73</ele></trkpt>
            <trkpt lat="40.720659" lon="-105.095617"><ele>1602.27</ele></trkpt>
            <trkpt lat="40.720375" lon="-105.095608"><ele>1601.52</ele></trkpt>
            <trkpt lat="40.720204" lon="-105.095603"><ele>1601.01</ele></trkpt>
            <trkpt lat="40.720034" lon="-105.095601"><ele>1600.45</ele></trkpt>
            <trkpt lat="40.719801" lon="-105.095599"><ele>1599.6</ele></trkpt>
            <trkpt lat="40.71933" lon="-105.095597"><ele>1597.7</ele></trkpt>
            <trkpt lat="40.719149" lon="-105.095596"><ele>1596.93</ele></trkpt>
            <trkpt lat="40.71902" lon="-105.095595"><ele>1596.37</ele></trkpt>
            <trkpt lat="40.71875" lon="-105.095594"><ele>1595.23</ele></trkpt>
            <trkpt lat="40.718665" lon="-105.095594"><ele>1594.91</ele></trkpt>
            <trkpt lat="40.718501" lon="-105.095593"><ele>1594.39</ele></trkpt>
            <trkpt lat="40.718414" lon="-105.095593"><ele>1594.17</ele></trkpt>
            <trkpt lat="40.718298" lon="-105.095592"><ele>1593.94</ele></trkpt>
            <trkpt lat="40.718167" lon="-105.095592"><ele>1593.76</ele></trkpt>
            <trkpt lat="40.717913" lon="-105.09559"><ele>1593.58</ele></trkpt>
            <trkpt lat="40.717743" lon="-105.095589"><ele>1593.54</ele></trkpt>
            <trkpt lat="40.717573" lon="-105.095587"><ele>1593.51</ele></trkpt>
            <trkpt lat="40.717376" lon="-105.095583"><ele>1593.48</ele></trkpt>
            <trkpt lat="40.71659" lon="-105.09557"><ele>1593.37</ele></trkpt>
            <trkpt lat="40.716306" lon="-105.095565"><ele>1593.36</ele></trkpt>
            <trkpt lat="40.715702" lon="-105.095555"><ele>1593.38</ele></trkpt>
            <trkpt lat="40.715349" lon="-105.095549"><ele>1593.35</ele></trkpt>
            <trkpt lat="40.715064" lon="-105.095544"><ele>1593.28</ele></trkpt>
            <trkpt lat="40.714654" lon="-105.095537"><ele>1593.11</ele></trkpt>
            <trkpt lat="40.714383" lon="-105.095534"><ele>1592.98</ele></trkpt>
            <trkpt lat="40.714203" lon="-105.095534"><ele>1592.88</ele></trkpt>
            <trkpt lat="40.714094" lon="-105.095535"><ele>1592.83</ele></trkpt>
            <trkpt lat="40.713979" lon="-105.095537"><ele>1592.77</ele></trkpt>
            <trkpt lat="40.713689" lon="-105.095544"><ele>1592.64</ele></trkpt>
            <trkpt lat="40.713307" lon="-105.095553"><ele>1592.51</ele></trkpt>
            <trkpt lat="40.712918" lon="-105.095562"><ele>1592.48</ele></trkpt>
            <trkpt lat="40.712827" lon="-105.095564"><ele>1592.5</ele></trkpt>
            <trkpt lat="40.712662" lon="-105.095566"><ele>1592.56</ele></trkpt>
            <trkpt lat="40.71254" lon="-105.095567"><ele>1592.63</ele></trkpt>
            <trkpt lat="40.712369" lon="-105.095566"><ele>1592.73</ele></trkpt>
            <trkpt lat="40.712194" lon="-105.095565"><ele>1592.81</ele></trkpt>
            <trkpt lat="40.712022" lon="-105.095564"><ele>1592.86</ele></trkpt>
            <trkpt lat="40.711868" lon="-105.095566"><ele>1592.86</ele></trkpt>
            <trkpt lat="40.711792" lon="-105.095569"><ele>1592.85</ele></trkpt>
            <trkpt lat="40.711723" lon="-105.095573"><ele>1592.84</ele></trkpt>
            <trkpt lat="40.711586" lon="-105.095585"><ele>1592.82</ele></trkpt>
            <trkpt lat="40.711532" lon="-105.09559"><ele>1592.82</ele></trkpt>
            <trkpt lat="40.71149" lon="-105.095596"><ele>1592.82</ele></trkpt>
            <trkpt lat="40.711452" lon="-105.095605"><ele>1592.82</ele></trkpt>
            <trkpt lat="40.711417" lon="-105.095619"><ele>1592.82</ele></trkpt>
            <trkpt lat="40.711384" lon="-105.095637"><ele>1592.82</ele></trkpt>
            <trkpt lat="40.711356" lon="-105.095661"><ele>1592.83</ele></trkpt>
            <trkpt lat="40.711332" lon="-105.095691"><ele>1592.83</ele></trkpt>
            <trkpt lat="40.711313" lon="-105.095729"><ele>1592.84</ele></trkpt>
            <trkpt lat="40.711297" lon="-105.095775"><ele>1592.85</ele></trkpt>
            <trkpt lat="40.711285" lon="-105.095827"><ele>1592.87</ele></trkpt>
            <trkpt lat="40.711275" lon="-105.095888"><ele>1592.89</ele></trkpt>
            <trkpt lat="40.711272" lon="-105.095924"><ele>1592.9</ele></trkpt>
            <trkpt lat="40.711268" lon="-105.096009"><ele>1592.94</ele></trkpt>
            <trkpt lat="40.711266" lon="-105.096102"><ele>1592.98</ele></trkpt>
            <trkpt lat="40.711265" lon="-105.096199"><ele>1593.03</ele></trkpt>
            <trkpt lat="40.711267" lon="-105.096428"><ele>1593.16</ele></trkpt>
            <trkpt lat="40.711269" lon="-105.096661"><ele>1593.28</ele></trkpt>
            <trkpt lat="40.711278" lon="-105.097376"><ele>1593.61</ele></trkpt>
            <trkpt lat="40.711283" lon="-105.097757"><ele>1593.76</ele></trkpt>
            <trkpt lat="40.711288" lon="-105.098154"><ele>1593.87</ele></trkpt>
            <trkpt lat="40.711294" lon="-105.098654"><ele>1593.94</ele></trkpt>
            <trkpt lat="40.711297" lon="-105.098914"><ele>1593.92</ele></trkpt>
            <trkpt lat="40.711301" lon="-105.099262"><ele>1593.81</ele></trkpt>
            <trkpt lat="40.711312" lon="-105.100174"><ele>1593.28</ele></trkpt>
            <trkpt lat="40.711315" lon="-105.100417"><ele>1593.11</ele></trkpt>
            <trkpt lat="40.711322" lon="-105.10093"><ele>1592.75</ele></trkpt>
            <trkpt lat="40.711327" lon="-105.101384"><ele>1592.49</ele></trkpt>
            <trkpt lat="40.711329" lon="-105.101551"><ele>1592.43</ele></trkpt>
            <trkpt lat="40.711331" lon="-105.101711"><ele>1592.4</ele></trkpt>
            <trkpt lat="40.711336" lon="-105.102081"><ele>1592.43</ele></trkpt>
            <trkpt lat="40.711338" lon="-105.102305"><ele>1592.51</ele></trkpt>
            <trkpt lat="40.711341" lon="-105.102524"><ele>1592.63</ele></trkpt>
            <trkpt lat="40.711346" lon="-105.102973"><ele>1593</ele></trkpt>
            <trkpt lat="40.711348" lon="-105.103164"><ele>1593.2</ele></trkpt>
            <trkpt lat="40.711354" lon="-105.103654"><ele>1593.77</ele></trkpt>
            <trkpt lat="40.711358" lon="-105.104011"><ele>1594.16</ele></trkpt>
            <trkpt lat="40.711364" lon="-105.104565"><ele>1594.67</ele></trkpt>
            <trkpt lat="40.711367" lon="-105.104806"><ele>1594.81</ele></trkpt>
            <trkpt lat="40.711373" lon="-105.105389"><ele>1594.98</ele></trkpt>
            <trkpt lat="40.711377" lon="-105.105724"><ele>1595.04</ele></trkpt>
            <trkpt lat="40.711383" lon="-105.106251"><ele>1595.12</ele></trkpt>
            <trkpt lat="40.711385" lon="-105.106498"><ele>1595.16</ele></trkpt>
            <trkpt lat="40.711386" lon="-105.106734"><ele>1595.21</ele></trkpt>
            <trkpt lat="40.711386" lon="-105.106896"><ele>1595.24</ele></trkpt>
            <trkpt lat="40.711385" lon="-105.107"><ele>1595.27</ele></trkpt>
            <trkpt lat="40.711382" lon="-105.107213"><ele>1595.32</ele></trkpt>
            <trkpt lat="40.711378" lon="-105.10743"><ele>1595.37</ele></trkpt>
            <trkpt lat="40.711373" lon="-105.107622"><ele>1595.43</ele></trkpt>
            <trkpt lat="40.71137" lon="-105.107709"><ele>1595.45</ele></trkpt>
            <trkpt lat="40.711365" lon="-105.107798"><ele>1595.48</ele></trkpt>
            <trkpt lat="40.711359" lon="-105.107881"><ele>1595.51</ele></trkpt>
            <trkpt lat="40.711352" lon="-105.107958"><ele>1595.54</ele></trkpt>
            <trkpt lat="40.711342" lon="-105.108035"><ele>1595.56</ele></trkpt>
            <trkpt lat="40.711331" lon="-105.108112"><ele>1595.59</ele></trkpt>
            <trkpt lat="40.711318" lon="-105.108191"><ele>1595.62</ele></trkpt>
            <trkpt lat="40.711304" lon="-105.10827"><ele>1595.65</ele></trkpt>
            <trkpt lat="40.711288" lon="-105.108349"><ele>1595.69</ele></trkpt>
            <trkpt lat="40.711259" lon="-105.108473"><ele>1595.74</ele></trkpt>
            <trkpt lat="40.711235" lon="-105.108567"><ele>1595.78</ele></trkpt>
            <trkpt lat="40.711185" lon="-105.108755"><ele>1595.86</ele></trkpt>
            <trkpt lat="40.711059" lon="-105.109207"><ele>1596.06</ele></trkpt>
            <trkpt lat="40.71101" lon="-105.109389"><ele>1596.14</ele></trkpt>
            <trkpt lat="40.710991" lon="-105.109467"><ele>1596.17</ele></trkpt>
            <trkpt lat="40.710963" lon="-105.109589"><ele>1596.23</ele></trkpt>
            <trkpt lat="40.710947" lon="-105.109675"><ele>1596.26</ele></trkpt>
            <trkpt lat="40.710933" lon="-105.109761"><ele>1596.3</ele></trkpt>
            <trkpt lat="40.710921" lon="-105.109849"><ele>1596.34</ele></trkpt>
            <trkpt lat="40.71091" lon="-105.109938"><ele>1596.37</ele></trkpt>
            <trkpt lat="40.710901" lon="-105.110028"><ele>1596.41</ele></trkpt>
            <trkpt lat="40.710894" lon="-105.110117"><ele>1596.45</ele></trkpt>
            <trkpt lat="40.710889" lon="-105.110208"><ele>1596.48</ele></trkpt>
            <trkpt lat="40.710886" lon="-105.110297"><ele>1596.51</ele></trkpt>
            <trkpt lat="40.710883" lon="-105.110468"><ele>1596.57</ele></trkpt>
            <trkpt lat="40.710883" lon="-105.11068"><ele>1596.63</ele></trkpt>
            <trkpt lat="40.710884" lon="-105.11092"><ele>1596.71</ele></trkpt>
            <trkpt lat="40.710891" lon="-105.111892"><ele>1597.06</ele></trkpt>
            <trkpt lat="40.710897" lon="-105.112862"><ele>1597.45</ele></trkpt>
            <trkpt lat="40.710903" lon="-105.113703"><ele>1597.67</ele></trkpt>
            <trkpt lat="40.710904" lon="-105.113939"><ele>1597.63</ele></trkpt>
            <trkpt lat="40.710903" lon="-105.114062"><ele>1597.56</ele></trkpt>
            <trkpt lat="40.7109" lon="-105.114189"><ele>1597.44</ele></trkpt>
            <trkpt lat="40.710893" lon="-105.11431"><ele>1597.28</ele></trkpt>
            <trkpt lat="40.710888" lon="-105.114366"><ele>1597.19</ele></trkpt>
            <trkpt lat="40.710881" lon="-105.114418"><ele>1597.09</ele></trkpt>
            <trkpt lat="40.710872" lon="-105.114467"><ele>1596.99</ele></trkpt>
            <trkpt lat="40.710859" lon="-105.114512"><ele>1596.89</ele></trkpt>
            <trkpt lat="40.71084" lon="-105.114554"><ele>1596.77</ele></trkpt>
            <trkpt lat="40.710817" lon="-105.114593"><ele>1596.64</ele></trkpt>
            <trkpt lat="40.710789" lon="-105.114626"><ele>1596.51</ele></trkpt>
            <trkpt lat="40.710758" lon="-105.114652"><ele>1596.37</ele></trkpt>
            <trkpt lat="40.710726" lon="-105.114671"><ele>1596.23</ele></trkpt>
            <trkpt lat="40.710691" lon="-105.114684"><ele>1596.08</ele></trkpt>
            <trkpt lat="40.710653" lon="-105.114695"><ele>1595.91</ele></trkpt>
            <trkpt lat="40.710613" lon="-105.114703"><ele>1595.72</ele></trkpt>
            <trkpt lat="40.71057" lon="-105.114709"><ele>1595.52</ele></trkpt>
            <trkpt lat="40.71048" lon="-105.114717"><ele>1595.08</ele></trkpt>
            <trkpt lat="40.710388" lon="-105.114722"><ele>1594.62</ele></trkpt>
            <trkpt lat="40.710211" lon="-105.114725"><ele>1593.73</ele></trkpt>
            <trkpt lat="40.710044" lon="-105.114727"><ele>1592.92</ele></trkpt>
            <trkpt lat="40.70996" lon="-105.114727"><ele>1592.55</ele></trkpt>
            <trkpt lat="40.709768" lon="-105.114729"><ele>1591.78</ele></trkpt>
            <trkpt lat="40.709534" lon="-105.114731"><ele>1591.01</ele></trkpt>
            <trkpt lat="40.709407" lon="-105.114732"><ele>1590.68</ele></trkpt>
            <trkpt lat="40.709155" lon="-105.114734"><ele>1590.16</ele></trkpt>
            <trkpt lat="40.708976" lon="-105.114735"><ele>1589.9</ele></trkpt>
            <trkpt lat="40.708881" lon="-105.114736"><ele>1589.8</ele></trkpt>
            <trkpt lat="40.708646" lon="-105.114738"><ele>1589.62</ele></trkpt>
            <trkpt lat="40.708326" lon="-105.11474"><ele>1589.51</ele></trkpt>
            <trkpt lat="40.70732" lon="-105.114748"><ele>1589.36</ele></trkpt>
            <trkpt lat="40.707019" lon="-105.11475"><ele>1589.33</ele></trkpt>
            <trkpt lat="40.706777" lon="-105.114752"><ele>1589.33</ele></trkpt>
            <trkpt lat="40.705669" lon="-105.114761"><ele>1589.43</ele></trkpt>
            <trkpt lat="40.705412" lon="-105.114763"><ele>1589.45</ele></trkpt>
            <trkpt lat="40.704962" lon="-105.114766"><ele>1589.44</ele></trkpt>
            <trkpt lat="40.704467" lon="-105.11477"><ele>1589.39</ele></trkpt>
            <trkpt lat="40.704284" lon="-105.114772"><ele>1589.34</ele></trkpt>
            <trkpt lat="40.703744" lon="-105.114778"><ele>1589.08</ele></trkpt>
            <trkpt lat="40.703053" lon="-105.114785"><ele>1588.56</ele></trkpt>
            <trkpt lat="40.702853" lon="-105.114787"><ele>1588.37</ele></trkpt>
            <trkpt lat="40.702619" lon="-105.114789"><ele>1588.12</ele></trkpt>
            <trkpt lat="40.702203" lon="-105.114794"><ele>1587.64</ele></trkpt>
            <trkpt lat="40.701823" lon="-105.114798"><ele>1587.23</ele></trkpt>
            <trkpt lat="40.701403" lon="-105.114802"><ele>1586.8</ele></trkpt>
            <trkpt lat="40.701024" lon="-105.114806"><ele>1586.4</ele></trkpt>
            <trkpt lat="40.700622" lon="-105.11481"><ele>1585.98</ele></trkpt>
            <trkpt lat="40.700357" lon="-105.114813"><ele>1585.71</ele></trkpt>
            <trkpt lat="40.700089" lon="-105.114815"><ele>1585.48</ele></trkpt>
            <trkpt lat="40.699965" lon="-105.114816"><ele>1585.38</ele></trkpt>
            <trkpt lat="40.699805" lon="-105.114815"><ele>1585.26</ele></trkpt>
            <trkpt lat="40.699735" lon="-105.114813"><ele>1585.21</ele></trkpt>
            <trkpt lat="40.699664" lon="-105.114809"><ele>1585.16</ele></trkpt>
            <trkpt lat="40.699582" lon="-105.114803"><ele>1585.1</ele></trkpt>
            <trkpt lat="40.699493" lon="-105.114793"><ele>1585.04</ele></trkpt>
            <trkpt lat="40.699402" lon="-105.11478"><ele>1584.97</ele></trkpt>
            <trkpt lat="40.699311" lon="-105.114765"><ele>1584.9</ele></trkpt>
            <trkpt lat="40.699188" lon="-105.114739"><ele>1584.79</ele></trkpt>
            <trkpt lat="40.699119" lon="-105.114721"><ele>1584.73</ele></trkpt>
            <trkpt lat="40.698981" lon="-105.114681"><ele>1584.59</ele></trkpt>
            <trkpt lat="40.698843" lon="-105.114637"><ele>1584.43</ele></trkpt>
            <trkpt lat="40.698777" lon="-105.114615"><ele>1584.35</ele></trkpt>
            <trkpt lat="40.698683" lon="-105.11458"><ele>1584.23</ele></trkpt>
            <trkpt lat="40.69862" lon="-105.114555"><ele>1584.15</ele></trkpt>
            <trkpt lat="40.698483" lon="-105.114495"><ele>1583.97</ele></trkpt>
            <trkpt lat="40.698331" lon="-105.114425"><ele>1583.76</ele></trkpt>
            <trkpt lat="40.698217" lon="-105.114371"><ele>1583.6</ele></trkpt>
            <trkpt lat="40.698079" lon="-105.114305"><ele>1583.42</ele></trkpt>
            <trkpt lat="40.697939" lon="-105.114235"><ele>1583.24</ele></trkpt>
            <trkpt lat="40.697706" lon="-105.114113"><ele>1582.95</ele></trkpt>
            <trkpt lat="40.697455" lon="-105.11398"><ele>1582.66</ele></trkpt>
            <trkpt lat="40.697207" lon="-105.113848"><ele>1582.4</ele></trkpt>
            <trkpt lat="40.697081" lon="-105.113782"><ele>1582.27</ele></trkpt>
            <trkpt lat="40.696967" lon="-105.113723"><ele>1582.15</ele></trkpt>
            <trkpt lat="40.696865" lon="-105.113671"><ele>1582.04</ele></trkpt>
            <trkpt lat="40.69677" lon="-105.113624"><ele>1581.94</ele></trkpt>
            <trkpt lat="40.696677" lon="-105.11358"><ele>1581.84</ele></trkpt>
            <trkpt lat="40.696591" lon="-105.113541"><ele>1581.75</ele></trkpt>
            <trkpt lat="40.69652" lon="-105.113509"><ele>1581.68</ele></trkpt>
            <trkpt lat="40.696448" lon="-105.11348"><ele>1581.62</ele></trkpt>
            <trkpt lat="40.696294" lon="-105.113418"><ele>1581.49</ele></trkpt>
            <trkpt lat="40.69604" lon="-105.11332"><ele>1581.33</ele></trkpt>
            <trkpt lat="40.695988" lon="-105.113298"><ele>1581.3</ele></trkpt>
            <trkpt lat="40.695887" lon="-105.113252"><ele>1581.25</ele></trkpt>
            <trkpt lat="40.695864" lon="-105.113243"><ele>1581.24</ele></trkpt>
            <trkpt lat="40.695819" lon="-105.113231"><ele>1581.21</ele></trkpt>
            <trkpt lat="40.695764" lon="-105.113223"><ele>1581.19</ele></trkpt>
            <trkpt lat="40.695698" lon="-105.113215"><ele>1581.16</ele></trkpt>
            <trkpt lat="40.69562" lon="-105.113208"><ele>1581.13</ele></trkpt>
            <trkpt lat="40.695453" lon="-105.113194"><ele>1581.06</ele></trkpt>
            <trkpt lat="40.695325" lon="-105.113187"><ele>1581.01</ele></trkpt>
            <trkpt lat="40.695218" lon="-105.113182"><ele>1580.97</ele></trkpt>
            <trkpt lat="40.694911" lon="-105.11317"><ele>1580.86</ele></trkpt>
            <trkpt lat="40.694752" lon="-105.113165"><ele>1580.82</ele></trkpt>
            <trkpt lat="40.694673" lon="-105.113163"><ele>1580.8</ele></trkpt>
            <trkpt lat="40.694506" lon="-105.113162"><ele>1580.77</ele></trkpt>
            <trkpt lat="40.694335" lon="-105.113162"><ele>1580.73</ele></trkpt>
            <trkpt lat="40.694096" lon="-105.113163"><ele>1580.67</ele></trkpt>
            <trkpt lat="40.693882" lon="-105.113164"><ele>1580.58</ele></trkpt>
            <trkpt lat="40.693761" lon="-105.113165"><ele>1580.51</ele></trkpt>
            <trkpt lat="40.693355" lon="-105.113167"><ele>1580.19</ele></trkpt>
            <trkpt lat="40.693092" lon="-105.113168"><ele>1579.91</ele></trkpt>
            <trkpt lat="40.692424" lon="-105.113171"><ele>1579.08</ele></trkpt>
            <trkpt lat="40.691977" lon="-105.113174"><ele>1578.53</ele></trkpt>
            <trkpt lat="40.691662" lon="-105.113175"><ele>1578.17</ele></trkpt>
            <trkpt lat="40.691332" lon="-105.113176"><ele>1577.8</ele></trkpt>
            <trkpt lat="40.691247" lon="-105.113176"><ele>1577.7</ele></trkpt>
            <trkpt lat="40.691156" lon="-105.113174"><ele>1577.59</ele></trkpt>
            <trkpt lat="40.691065" lon="-105.11317"><ele>1577.48</ele></trkpt>
            <trkpt lat="40.690977" lon="-105.11316"><ele>1577.37</ele></trkpt>
            <trkpt lat="40.690936" lon="-105.113153"><ele>1577.32</ele></trkpt>
            <trkpt lat="40.690899" lon="-105.113143"><ele>1577.27</ele></trkpt>
            <trkpt lat="40.690863" lon="-105.113131"><ele>1577.23</ele></trkpt>
            <trkpt lat="40.690831" lon="-105.113114"><ele>1577.19</ele></trkpt>
            <trkpt lat="40.6908" lon="-105.113089"><ele>1577.15</ele></trkpt>
            <trkpt lat="40.690772" lon="-105.113058"><ele>1577.11</ele></trkpt>
            <trkpt lat="40.690747" lon="-105.113021"><ele>1577.08</ele></trkpt>
            <trkpt lat="40.690729" lon="-105.112981"><ele>1577.04</ele></trkpt>
            <trkpt lat="40.690715" lon="-105.112938"><ele>1577.01</ele></trkpt>
            <trkpt lat="40.690705" lon="-105.112892"><ele>1576.98</ele></trkpt>
            <trkpt lat="40.690697" lon="-105.112843"><ele>1576.95</ele></trkpt>
            <trkpt lat="40.690691" lon="-105.112789"><ele>1576.93</ele></trkpt>
            <trkpt lat="40.690683" lon="-105.112675"><ele>1576.88</ele></trkpt>
            <trkpt lat="40.690679" lon="-105.112554"><ele>1576.85</ele></trkpt>
            <trkpt lat="40.690676" lon="-105.112435"><ele>1576.83</ele></trkpt>
            <trkpt lat="40.690675" lon="-105.112313"><ele>1576.82</ele></trkpt>
            <trkpt lat="40.690671" lon="-105.111803"><ele>1576.85</ele></trkpt>
            <trkpt lat="40.69067" lon="-105.111598"><ele>1576.89</ele></trkpt>
            <trkpt lat="40.690668" lon="-105.11124"><ele>1577.01</ele></trkpt>
            <trkpt lat="40.690666" lon="-105.110889"><ele>1577.18</ele></trkpt>
            <trkpt lat="40.690662" lon="-105.110368"><ele>1577.43</ele></trkpt>
            <trkpt lat="40.690659" lon="-105.110066"><ele>1577.5</ele></trkpt>
            <trkpt lat="40.690656" lon="-105.109881"><ele>1577.49</ele></trkpt>
            <trkpt lat="40.690648" lon="-105.109538"><ele>1577.34</ele></trkpt>
            <trkpt lat="40.690642" lon="-105.109313"><ele>1577.17</ele></trkpt>
            <trkpt lat="40.69063" lon="-105.108864"><ele>1576.71</ele></trkpt>
            <trkpt lat="40.690625" lon="-105.108657"><ele>1576.48</ele></trkpt>
            <trkpt lat="40.690619" lon="-105.108335"><ele>1576.1</ele></trkpt>
            <trkpt lat="40.690616" lon="-105.108248"><ele>1575.99</ele></trkpt>
            <trkpt lat="40.690612" lon="-105.108173"><ele>1575.9</ele></trkpt>
            <trkpt lat="40.690606" lon="-105.108087"><ele>1575.78</ele></trkpt>
            <trkpt lat="40.690597" lon="-105.107982"><ele>1575.62</ele></trkpt>
            <trkpt lat="40.690578" lon="-105.107767"><ele>1575.28</ele></trkpt>
            <trkpt lat="40.690542" lon="-105.107379"><ele>1574.56</ele></trkpt>
            <trkpt lat="40.690522" lon="-105.107166"><ele>1574.14</ele></trkpt>
            <trkpt lat="40.690498" lon="-105.106913"><ele>1573.63</ele></trkpt>
            <trkpt lat="40.690471" lon="-105.10663"><ele>1573.06</ele></trkpt>
            <trkpt lat="40.69044" lon="-105.106321"><ele>1572.45</ele></trkpt>
            <trkpt lat="40.690419" lon="-105.10612"><ele>1572.02</ele></trkpt>
            <trkpt lat="40.690407" lon="-105.106021"><ele>1571.8</ele></trkpt>
            <trkpt lat="40.690393" lon="-105.105923"><ele>1571.57</ele></trkpt>
            <trkpt lat="40.690385" lon="-105.105878"><ele>1571.45</ele></trkpt>
            <trkpt lat="40.690369" lon="-105.105793"><ele>1571.23</ele></trkpt>
            <trkpt lat="40.690351" lon="-105.105709"><ele>1570.99</ele></trkpt>
            <trkpt lat="40.690329" lon="-105.105623"><ele>1570.73</ele></trkpt>
            <trkpt lat="40.690305" lon="-105.105532"><ele>1570.44</ele></trkpt>
            <trkpt lat="40.690278" lon="-105.105435"><ele>1570.12</ele></trkpt>
            <trkpt lat="40.690249" lon="-105.105338"><ele>1569.78</ele></trkpt>
            <trkpt lat="40.690222" lon="-105.105251"><ele>1569.48</ele></trkpt>
            <trkpt lat="40.690151" lon="-105.105032"><ele>1568.7</ele></trkpt>
            <trkpt lat="40.690106" lon="-105.104894"><ele>1568.24</ele></trkpt>
            <trkpt lat="40.690051" lon="-105.104727"><ele>1567.75</ele></trkpt>
            <trkpt lat="40.69002" lon="-105.104641"><ele>1567.52</ele></trkpt>
            <trkpt lat="40.689987" lon="-105.104553"><ele>1567.32</ele></trkpt>
            <trkpt lat="40.689951" lon="-105.104463"><ele>1567.14</ele></trkpt>
            <trkpt lat="40.689932" lon="-105.104418"><ele>1567.06</ele></trkpt>
            <trkpt lat="40.689892" lon="-105.104331"><ele>1566.92</ele></trkpt>
            <trkpt lat="40.689852" lon="-105.10425"><ele>1566.82</ele></trkpt>
            <trkpt lat="40.689816" lon="-105.104182"><ele>1566.76</ele></trkpt>
            <trkpt lat="40.689785" lon="-105.104132"><ele>1566.72</ele></trkpt>
            <trkpt lat="40.689759" lon="-105.104097"><ele>1566.7</ele></trkpt>
            <trkpt lat="40.689732" lon="-105.104073"><ele>1566.69</ele></trkpt>
            <trkpt lat="40.689701" lon="-105.104052"><ele>1566.67</ele></trkpt>
            <trkpt lat="40.689665" lon="-105.104032"><ele>1566.67</ele></trkpt>
            <trkpt lat="40.689623" lon="-105.104012"><ele>1566.66</ele></trkpt>
            <trkpt lat="40.689577" lon="-105.103996"><ele>1566.67</ele></trkpt>
            <trkpt lat="40.689531" lon="-105.103985"><ele>1566.68</ele></trkpt>
            <trkpt lat="40.689485" lon="-105.10398"><ele>1566.69</ele></trkpt>
            <trkpt lat="40.689439" lon="-105.10398"><ele>1566.71</ele></trkpt>
            <trkpt lat="40.689388" lon="-105.103987"><ele>1566.74</ele></trkpt>
            <trkpt lat="40.689328" lon="-105.103999"><ele>1566.78</ele></trkpt>
            <trkpt lat="40.689259" lon="-105.104016"><ele>1566.84</ele></trkpt>
            <trkpt lat="40.689183" lon="-105.104037"><ele>1566.92</ele></trkpt>
            <trkpt lat="40.689104" lon="-105.10406"><ele>1567.02</ele></trkpt>
            <trkpt lat="40.68903" lon="-105.104083"><ele>1567.14</ele></trkpt>
            <trkpt lat="40.688964" lon="-105.104105"><ele>1567.25</ele></trkpt>
            <trkpt lat="40.688827" lon="-105.104154"><ele>1567.55</ele></trkpt>
            <trkpt lat="40.688744" lon="-105.104185"><ele>1567.77</ele></trkpt>
            <trkpt lat="40.688518" lon="-105.104269"><ele>1568.53</ele></trkpt>
            <trkpt lat="40.68839" lon="-105.104317"><ele>1569.07</ele></trkpt>
            <trkpt lat="40.68827" lon="-105.104363"><ele>1569.66</ele></trkpt>
            <trkpt lat="40.68819" lon="-105.104393"><ele>1570.09</ele></trkpt>
            <trkpt lat="40.687994" lon="-105.104467"><ele>1571.22</ele></trkpt>
            <trkpt lat="40.687725" lon="-105.104568"><ele>1572.81</ele></trkpt>
            <trkpt lat="40.68761" lon="-105.104611"><ele>1573.45</ele></trkpt>
            <trkpt lat="40.687502" lon="-105.104652"><ele>1574.01</ele></trkpt>
            <trkpt lat="40.68725" lon="-105.104747"><ele>1575.17</ele></trkpt>
            <trkpt lat="40.687162" lon="-105.104779"><ele>1575.53</ele></trkpt>
            <trkpt lat="40.686993" lon="-105.104842"><ele>1576.17</ele></trkpt>
            <trkpt lat="40.686916" lon="-105.10487"><ele>1576.44</ele></trkpt>
            <trkpt lat="40.686847" lon="-105.104893"><ele>1576.68</ele></trkpt>
            <trkpt lat="40.686783" lon="-105.104912"><ele>1576.9</ele></trkpt>
            <trkpt lat="40.686726" lon="-105.104925"><ele>1577.09</ele></trkpt>
            <trkpt lat="40.686703" lon="-105.104927"><ele>1577.16</ele></trkpt>
            <trkpt lat="40.686663" lon="-105.104925"><ele>1577.29</ele></trkpt>
            <trkpt lat="40.686629" lon="-105.104914"><ele>1577.41</ele></trkpt>
            <trkpt lat="40.686597" lon="-105.104896"><ele>1577.52</ele></trkpt>
            <trkpt lat="40.686568" lon="-105.104871"><ele>1577.64</ele></trkpt>
            <trkpt lat="40.686542" lon="-105.104836"><ele>1577.76</ele></trkpt>
            <trkpt lat="40.686531" lon="-105.104815"><ele>1577.83</ele></trkpt>
            <trkpt lat="40.686511" lon="-105.104767"><ele>1577.97</ele></trkpt>
            <trkpt lat="40.686496" lon="-105.104713"><ele>1578.12</ele></trkpt>
            <trkpt lat="40.686484" lon="-105.104653"><ele>1578.28</ele></trkpt>
            <trkpt lat="40.686475" lon="-105.104584"><ele>1578.46</ele></trkpt>
            <trkpt lat="40.686466" lon="-105.104502"><ele>1578.68</ele></trkpt>
            <trkpt lat="40.686459" lon="-105.104414"><ele>1578.91</ele></trkpt>
            <trkpt lat="40.686438" lon="-105.10415"><ele>1579.63</ele></trkpt>
            <trkpt lat="40.686414" lon="-105.103819"><ele>1580.55</ele></trkpt>
            <trkpt lat="40.686388" lon="-105.103471"><ele>1581.52</ele></trkpt>
            <trkpt lat="40.686371" lon="-105.103227"><ele>1582.19</ele></trkpt>
            <trkpt lat="40.68632" lon="-105.102536"><ele>1583.98</ele></trkpt>
            <trkpt lat="40.686296" lon="-105.102208"><ele>1584.76</ele></trkpt>
            <trkpt lat="40.68628" lon="-105.10199"><ele>1585.24</ele></trkpt>
            <trkpt lat="40.686251" lon="-105.101589"><ele>1586.05</ele></trkpt>
            <trkpt lat="40.686208" lon="-105.101007"><ele>1587.2</ele></trkpt>
            <trkpt lat="40.686197" lon="-105.100852"><ele>1587.52</ele></trkpt>
            <trkpt lat="40.686181" lon="-105.100656"><ele>1587.95</ele></trkpt>
            <trkpt lat="40.686173" lon="-105.100564"><ele>1588.16</ele></trkpt>
            <trkpt lat="40.686158" lon="-105.100437"><ele>1588.45</ele></trkpt>
            <trkpt lat="40.686146" lon="-105.100364"><ele>1588.63</ele></trkpt>
            <trkpt lat="40.686131" lon="-105.100291"><ele>1588.81</ele></trkpt>
            <trkpt lat="40.686112" lon="-105.100216"><ele>1589.01</ele></trkpt>
            <trkpt lat="40.686089" lon="-105.100141"><ele>1589.22</ele></trkpt>
            <trkpt lat="40.686062" lon="-105.100068"><ele>1589.43</ele></trkpt>
            <trkpt lat="40.68603" lon="-105.099997"><ele>1589.65</ele></trkpt>
            <trkpt lat="40.686013" lon="-105.099963"><ele>1589.76</ele></trkpt>
            <trkpt lat="40.685976" lon="-105.099898"><ele>1589.99</ele></trkpt>
            <trkpt lat="40.685935" lon="-105.099836"><ele>1590.22</ele></trkpt>
            <trkpt lat="40.685892" lon="-105.099778"><ele>1590.45</ele></trkpt>
            <trkpt lat="40.68585" lon="-105.099725"><ele>1590.68</ele></trkpt>
            <trkpt lat="40.685807" lon="-105.099676"><ele>1590.9</ele></trkpt>
            <trkpt lat="40.685762" lon="-105.099628"><ele>1591.13</ele></trkpt>
            <trkpt lat="40.68571" lon="-105.099576"><ele>1591.39</ele></trkpt>
            <trkpt lat="40.685651" lon="-105.099519"><ele>1591.69</ele></trkpt>
            <trkpt lat="40.685344" lon="-105.099223"><ele>1593.27</ele></trkpt>
            <trkpt lat="40.685234" lon="-105.099116"><ele>1593.84</ele></trkpt>
            <trkpt lat="40.685187" lon="-105.099068"><ele>1594.09</ele></trkpt>
            <trkpt lat="40.685149" lon="-105.099026"><ele>1594.3</ele></trkpt>
            <trkpt lat="40.685121" lon="-105.09899"><ele>1594.47</ele></trkpt>
            <trkpt lat="40.685096" lon="-105.098952"><ele>1594.63</ele></trkpt>
            <trkpt lat="40.68507" lon="-105.098907"><ele>1594.81</ele></trkpt>
            <trkpt lat="40.68504" lon="-105.09885"><ele>1595.03</ele></trkpt>
            <trkpt lat="40.685007" lon="-105.098783"><ele>1595.28</ele></trkpt>
            <trkpt lat="40.684972" lon="-105.098707"><ele>1595.55</ele></trkpt>
            <trkpt lat="40.684938" lon="-105.098625"><ele>1595.83</ele></trkpt>
            <trkpt lat="40.684907" lon="-105.098543"><ele>1596.09</ele></trkpt>
            <trkpt lat="40.684881" lon="-105.098466"><ele>1596.32</ele></trkpt>
            <trkpt lat="40.684855" lon="-105.098384"><ele>1596.55</ele></trkpt>
            <trkpt lat="40.684827" lon="-105.098289"><ele>1596.79</ele></trkpt>
            <trkpt lat="40.684765" lon="-105.098074"><ele>1597.26</ele></trkpt>
            <trkpt lat="40.684728" lon="-105.097942"><ele>1597.49</ele></trkpt>
            <trkpt lat="40.68465" lon="-105.097663"><ele>1597.86</ele></trkpt>
            <trkpt lat="40.684597" lon="-105.097475"><ele>1598.03</ele></trkpt>
            <trkpt lat="40.684461" lon="-105.096994"><ele>1598.28</ele></trkpt>
            <trkpt lat="40.684296" lon="-105.096415"><ele>1598.37</ele></trkpt>
            <trkpt lat="40.684214" lon="-105.096125"><ele>1598.34</ele></trkpt>
            <trkpt lat="40.684099" lon="-105.095719"><ele>1598.17</ele></trkpt>
            <trkpt lat="40.68406" lon="-105.095583"><ele>1598.07</ele></trkpt>
            <trkpt lat="40.684001" lon="-105.095377"><ele>1597.87</ele></trkpt>
            <trkpt lat="40.683946" lon="-105.095193"><ele>1597.64</ele></trkpt>
            <trkpt lat="40.683922" lon="-105.095115"><ele>1597.52</ele></trkpt>
            <trkpt lat="40.683893" lon="-105.095031"><ele>1597.38</ele></trkpt>
            <trkpt lat="40.683862" lon="-105.09495"><ele>1597.23</ele></trkpt>
            <trkpt lat="40.683829" lon="-105.094872"><ele>1597.07</ele></trkpt>
            <trkpt lat="40.683793" lon="-105.094793"><ele>1596.9</ele></trkpt>
            <trkpt lat="40.683751" lon="-105.094712"><ele>1596.71</ele></trkpt>
            <trkpt lat="40.683708" lon="-105.094632"><ele>1596.52</ele></trkpt>
            <trkpt lat="40.683659" lon="-105.094549"><ele>1596.31</ele></trkpt>
            <trkpt lat="40.683578" lon="-105.094415"><ele>1595.98</ele></trkpt>
            <trkpt lat="40.683534" lon="-105.094342"><ele>1595.81</ele></trkpt>
            <trkpt lat="40.683495" lon="-105.094271"><ele>1595.66</ele></trkpt>
            <trkpt lat="40.683459" lon="-105.094202"><ele>1595.52</ele></trkpt>
            <trkpt lat="40.683428" lon="-105.094134"><ele>1595.4</ele></trkpt>
            <trkpt lat="40.683402" lon="-105.094067"><ele>1595.3</ele></trkpt>
            <trkpt lat="40.68339" lon="-105.094033"><ele>1595.26</ele></trkpt>
            <trkpt lat="40.68337" lon="-105.093962"><ele>1595.17</ele></trkpt>
            <trkpt lat="40.683353" lon="-105.093887"><ele>1595.09</ele></trkpt>
            <trkpt lat="40.683339" lon="-105.093813"><ele>1595.02</ele></trkpt>
            <trkpt lat="40.683328" lon="-105.093742"><ele>1594.97</ele></trkpt>
            <trkpt lat="40.683321" lon="-105.093677"><ele>1594.92</ele></trkpt>
            <trkpt lat="40.683315" lon="-105.093614"><ele>1594.88</ele></trkpt>
            <trkpt lat="40.683308" lon="-105.093461"><ele>1594.79</ele></trkpt>
            <trkpt lat="40.6833" lon="-105.093221"><ele>1594.66</ele></trkpt>
            <trkpt lat="40.683296" lon="-105.093074"><ele>1594.58</ele></trkpt>
            <trkpt lat="40.683274" lon="-105.092318"><ele>1594.1</ele></trkpt>
            <trkpt lat="40.683268" lon="-105.092095"><ele>1593.99</ele></trkpt>
            <trkpt lat="40.683265" lon="-105.091969"><ele>1593.94</ele></trkpt>
            <trkpt lat="40.683261" lon="-105.091769"><ele>1593.86</ele></trkpt>
            <trkpt lat="40.683258" lon="-105.091555"><ele>1593.78</ele></trkpt>
            <trkpt lat="40.683253" lon="-105.091105"><ele>1593.49</ele></trkpt>
            <trkpt lat="40.68325" lon="-105.090867"><ele>1593.19</ele></trkpt>
            <trkpt lat="40.683248" lon="-105.090755"><ele>1593</ele></trkpt>
            <trkpt lat="40.683246" lon="-105.090645"><ele>1592.77</ele></trkpt>
            <trkpt lat="40.683241" lon="-105.090424"><ele>1592.24</ele></trkpt>
            <trkpt lat="40.68323" lon="-105.090049"><ele>1591.18</ele></trkpt>
            <trkpt lat="40.683227" lon="-105.08993"><ele>1590.85</ele></trkpt>
            <trkpt lat="40.683221" lon="-105.089715"><ele>1590.29</ele></trkpt>
            <trkpt lat="40.683211" lon="-105.089391"><ele>1589.59</ele></trkpt>
            <trkpt lat="40.683203" lon="-105.08909"><ele>1589.14</ele></trkpt>
            <trkpt lat="40.683195" lon="-105.088845"><ele>1588.92</ele></trkpt>
            <trkpt lat="40.683189" lon="-105.088632"><ele>1588.83</ele></trkpt>
            <trkpt lat="40.683178" lon="-105.088229"><ele>1588.84</ele></trkpt>
            <trkpt lat="40.683164" lon="-105.087756"><ele>1589.03</ele></trkpt>
            <trkpt lat="40.683151" lon="-105.087309"><ele>1589.32</ele></trkpt>
            <trkpt lat="40.683134" lon="-105.08674"><ele>1589.83</ele></trkpt>
            <trkpt lat="40.683126" lon="-105.086447"><ele>1590.16</ele></trkpt>
            <trkpt lat="40.683108" lon="-105.08585"><ele>1590.97</ele></trkpt>
            <trkpt lat="40.683102" lon="-105.085642"><ele>1591.31</ele></trkpt>
            <trkpt lat="40.683096" lon="-105.085433"><ele>1591.7</ele></trkpt>
            <trkpt lat="40.683076" lon="-105.084717"><ele>1593.22</ele></trkpt>
            <trkpt lat="40.683066" lon="-105.084351"><ele>1594.06</ele></trkpt>
            <trkpt lat="40.683054" lon="-105.083897"><ele>1595.14</ele></trkpt>
            <trkpt lat="40.68304" lon="-105.083369"><ele>1596.4</ele></trkpt>
            <trkpt lat="40.683031" lon="-105.083011"><ele>1597.21</ele></trkpt>
            <trkpt lat="40.683019" lon="-105.082552"><ele>1598.14</ele></trkpt>
            <trkpt lat="40.683012" lon="-105.082296"><ele>1598.59</ele></trkpt>
            <trkpt lat="40.683006" lon="-105.08205"><ele>1598.96</ele></trkpt>
            <trkpt lat="40.683001" lon="-105.081862"><ele>1599.21</ele></trkpt>
            <trkpt lat="40.682987" lon="-105.081303"><ele>1599.89</ele></trkpt>
            <trkpt lat="40.682983" lon="-105.08115"><ele>1600.09</ele></trkpt>
            <trkpt lat="40.682975" lon="-105.080855"><ele>1600.5</ele></trkpt>
            <trkpt lat="40.682967" lon="-105.080557"><ele>1600.96</ele></trkpt>
            <trkpt lat="40.682957" lon="-105.080142"><ele>1601.57</ele></trkpt>
            <trkpt lat="40.68295" lon="-105.079877"><ele>1601.91</ele></trkpt>
            <trkpt lat="40.68294" lon="-105.079504"><ele>1602.29</ele></trkpt>
            <trkpt lat="40.682931" lon="-105.079155"><ele>1602.55</ele></trkpt>
            <trkpt lat="40.682915" lon="-105.078522"><ele>1602.9</ele></trkpt>
            <trkpt lat="40.682906" lon="-105.07816"><ele>1603.05</ele></trkpt>
            <trkpt lat="40.682892" lon="-105.077631"><ele>1603.25</ele></trkpt>
            <trkpt lat="40.682881" lon="-105.07722"><ele>1603.41</ele></trkpt>
            <trkpt lat="40.682863" lon="-105.076528"><ele>1603.75</ele></trkpt>
            <trkpt lat="40.68285" lon="-105.076012"><ele>1604.06</ele></trkpt>
        </trkseg>
    </trk>
</gpx>
