<?xml version="1.0" encoding="UTF-8"?>
<gpx version="1.1" creator="BikeTerra" xmlns="http://www.topografix.com/GPX/1/1" xmlns:biketerra="https://biketerra.com/xmlns/gpx/1">
    <metadata>
        <name>Mammoth TUFF Long</name>
        <extensions>
            <biketerra:version>2.0.0</biketerra:version>
            <biketerra:isLoop>false</biketerra:isLoop>
            <biketerra:defaultSurface>asphalt</biketerra:defaultSurface>
        </extensions>
    </metadata>
    <trk>
        <name>Mammoth TUFF Long</name>
        <trkseg>
            <trkpt lat="37.6496667" lon="-118.9853473"><ele>2463.27</ele></trkpt>
            <trkpt lat="37.6493693" lon="-118.9850549"><ele>2462.89</ele></trkpt>
            <trkpt lat="37.649018" lon="-118.98485"><ele>2461.69</ele></trkpt>
            <trkpt lat="37.648835" lon="-118.984802"><ele>2461.07</ele></trkpt>
            <trkpt lat="37.648458" lon="-118.984752"><ele>2459.87</ele></trkpt>
            <trkpt lat="37.64833" lon="-118.984716"><ele>2459.45</ele></trkpt>
            <trkpt lat="37.648151" lon="-118.984593"><ele>2458.74</ele></trkpt>
            <trkpt lat="37.647953" lon="-118.984412"><ele>2457.63</ele></trkpt>
            <trkpt lat="37.647927" lon="-118.984352"><ele>2457.34</ele></trkpt>
            <trkpt lat="37.647936" lon="-118.9843"><ele>2457.1</ele></trkpt>
            <trkpt lat="37.648021" lon="-118.984196"><ele>2456.41</ele></trkpt>
            <trkpt lat="37.648227" lon="-118.98373"><ele>2453.92</ele></trkpt>
            <trkpt lat="37.648397" lon="-118.98317"><ele>2451.32</ele></trkpt>
            <trkpt lat="37.648464" lon="-118.982847"><ele>2450.08</ele></trkpt>
            <trkpt lat="37.648511" lon="-118.982508"><ele>2448.93</ele></trkpt>
            <trkpt lat="37.64856" lon="-118.981968"><ele>2447.07</ele></trkpt>
            <trkpt lat="37.6486" lon="-118.981224"><ele>2444.37</ele></trkpt>
            <trkpt lat="37.64871" lon="-118.979773"><ele>2438.8</ele></trkpt>
            <trkpt lat="37.64873" lon="-118.979434"><ele>2437.37</ele></trkpt>
            <trkpt lat="37.648755" lon="-118.978969"><ele>2435.09</ele></trkpt>
            <trkpt lat="37.648795" lon="-118.977611"><ele>2427.97</ele></trkpt>
            <trkpt lat="37.6488" lon="-118.97672"><ele>2422.95</ele></trkpt>
            <trkpt lat="37.648767" lon="-118.976103"><ele>2419.65</ele></trkpt>
            <trkpt lat="37.64872" lon="-118.975299"><ele>2415.19</ele></trkpt>
            <trkpt lat="37.64864" lon="-118.974579"><ele>2411.74</ele></trkpt>
            <trkpt lat="37.648588" lon="-118.974158"><ele>2409.92</ele></trkpt>
            <trkpt lat="37.6485" lon="-118.973591"><ele>2407.62</ele></trkpt>
            <trkpt lat="37.648259" lon="-118.972415"><ele>2402.91</ele></trkpt>
            <trkpt lat="37.64804" lon="-118.9714"><ele>2399.9</ele></trkpt>
            <trkpt lat="37.64774" lon="-118.969964"><ele>2395.53</ele></trkpt>
            <trkpt lat="37.647409" lon="-118.968467"><ele>2391.85</ele></trkpt>
            <trkpt lat="37.647239" lon="-118.967639"><ele>2389.98</ele></trkpt>
            <trkpt lat="37.646949" lon="-118.966344"><ele>2387.25</ele></trkpt>
            <trkpt lat="37.646781" lon="-118.965331"><ele>2385.08</ele></trkpt>
            <trkpt lat="37.64666" lon="-118.964296"><ele>2382.98</ele></trkpt>
            <trkpt lat="37.64658" lon="-118.9629"><ele>2380.4</ele></trkpt>
            <trkpt lat="37.64656" lon="-118.959782"><ele>2374.7</ele></trkpt>
            <trkpt lat="37.64657" lon="-118.958481"><ele>2372.1</ele></trkpt>
            <trkpt lat="37.64655" lon="-118.956874"><ele>2368.74</ele></trkpt>
            <trkpt lat="37.646493" lon="-118.956455"><ele>2367.78</ele></trkpt>
            <trkpt lat="37.646469" lon="-118.955936"><ele>2366.78</ele></trkpt>
            <trkpt lat="37.64641" lon="-118.9554"><ele>2365.57</ele></trkpt>
            <trkpt lat="37.646239" lon="-118.954346"><ele>2362.63</ele></trkpt>
            <trkpt lat="37.64606" lon="-118.95363"><ele>2360.99</ele></trkpt>
            <trkpt lat="37.64583" lon="-118.952872"><ele>2359.08</ele></trkpt>
            <trkpt lat="37.64545" lon="-118.951685"><ele>2355.89</ele></trkpt>
            <trkpt lat="37.645262" lon="-118.951076"><ele>2353.99</ele></trkpt>
            <trkpt lat="37.644951" lon="-118.950123"><ele>2350.71</ele></trkpt>
            <trkpt lat="37.644739" lon="-118.949537"><ele>2348.45</ele></trkpt>
            <trkpt lat="37.6444" lon="-118.948691"><ele>2345.02</ele></trkpt>
            <trkpt lat="37.64394" lon="-118.947649"><ele>2341.11</ele></trkpt>
            <trkpt lat="37.643606" lon="-118.946879"><ele>2338.44</ele></trkpt>
            <trkpt lat="37.643407" lon="-118.946412"><ele>2337.1</ele></trkpt>
            <trkpt lat="37.64293" lon="-118.94536"><ele>2334.46</ele></trkpt>
            <trkpt lat="37.64185" lon="-118.942877"><ele>2329.36</ele></trkpt>
            <trkpt lat="37.641292" lon="-118.941604"><ele>2326.3</ele></trkpt>
            <trkpt lat="37.640781" lon="-118.940455"><ele>2323.17</ele></trkpt>
            <trkpt lat="37.64043" lon="-118.93966"><ele>2320.47</ele></trkpt>
            <trkpt lat="37.640221" lon="-118.939172"><ele>2318.66</ele></trkpt>
            <trkpt lat="37.640011" lon="-118.938591"><ele>2316.4</ele></trkpt>
            <trkpt lat="37.6398" lon="-118.9378"><ele>2312.84</ele></trkpt>
            <trkpt lat="37.639695" lon="-118.937316"><ele>2310.78</ele></trkpt>
            <trkpt lat="37.6396" lon="-118.936703"><ele>2308.16</ele></trkpt>
            <trkpt lat="37.63954" lon="-118.935843"><ele>2304.29</ele></trkpt>
            <trkpt lat="37.63954" lon="-118.934847"><ele>2299.81</ele></trkpt>
            <trkpt lat="37.639561" lon="-118.933176"><ele>2292.48</ele></trkpt>
            <trkpt lat="37.63958" lon="-118.931281"><ele>2284.45</ele></trkpt>
            <trkpt lat="37.639592" lon="-118.930384"><ele>2280.89</ele></trkpt>
            <trkpt lat="37.639647" lon="-118.930071"><ele>2279.7</ele></trkpt>
            <trkpt lat="37.63964" lon="-118.928487"><ele>2274.03</ele></trkpt>
            <trkpt lat="37.63966" lon="-118.927319"><ele>2269.71</ele></trkpt>
            <trkpt lat="37.63966" lon="-118.926391"><ele>2266.07</ele></trkpt>
            <trkpt lat="37.639677" lon="-118.925503"><ele>2262.46</ele></trkpt>
            <trkpt lat="37.639687" lon="-118.92504"><ele>2260.56</ele></trkpt>
            <trkpt lat="37.63971" lon="-118.924461"><ele>2257.97</ele></trkpt>
            <trkpt lat="37.639745" lon="-118.924016"><ele>2255.56</ele></trkpt>
            <trkpt lat="37.63979" lon="-118.923619"><ele>2252.93</ele></trkpt>
            <trkpt lat="37.63989" lon="-118.92301"><ele>2248.96</ele></trkpt>
            <trkpt lat="37.63999" lon="-118.92252"><ele>2245.81</ele></trkpt>
            <trkpt lat="37.64005" lon="-118.92224"><ele>2244.3</ele></trkpt>
            <trkpt lat="37.64015" lon="-118.921829"><ele>2242.51</ele></trkpt>
            <trkpt lat="37.640229" lon="-118.921435"><ele>2241.02</ele></trkpt>
            <trkpt lat="37.6403" lon="-118.92112"><ele>2240.11</ele></trkpt>
            <trkpt lat="37.640509" lon="-118.920198"><ele>2238.26</ele></trkpt>
            <trkpt lat="37.640915" lon="-118.918331"><ele>2236.95</ele></trkpt>
            <trkpt lat="37.64107" lon="-118.917671"><ele>2237.09</ele></trkpt>
            <trkpt lat="37.641278" lon="-118.916753"><ele>2235.97</ele></trkpt>
            <trkpt lat="37.641563" lon="-118.915518"><ele>2231.56</ele></trkpt>
            <trkpt lat="37.64178" lon="-118.91462"><ele>2230.36</ele></trkpt>
            <trkpt lat="37.641866" lon="-118.914165"><ele>2229.68</ele></trkpt>
            <trkpt lat="37.641889" lon="-118.914032"><ele>2229.53</ele></trkpt>
            <trkpt lat="37.641896" lon="-118.91388"><ele>2229.46</ele></trkpt>
            <trkpt lat="37.641917" lon="-118.913841"><ele>2229.47</ele></trkpt>
            <trkpt lat="37.641955" lon="-118.913825"><ele>2229.49</ele></trkpt>
            <trkpt lat="37.641999" lon="-118.913848"><ele>2229.55</ele></trkpt>
            <trkpt lat="37.642056" lon="-118.913938"><ele>2229.72</ele></trkpt>
            <trkpt lat="37.642149" lon="-118.914046"><ele>2230.07</ele></trkpt>
            <trkpt lat="37.642361" lon="-118.914341"><ele>2231.29</ele></trkpt>
            <trkpt lat="37.64251" lon="-118.914571"><ele>2232.32</ele></trkpt>
            <trkpt lat="37.642669" lon="-118.914918"><ele>2233.86</ele></trkpt>
            <trkpt lat="37.643023" lon="-118.916037"><ele>2238.84</ele></trkpt>
            <trkpt lat="37.64311" lon="-118.916353"><ele>2240.03</ele></trkpt>
            <trkpt lat="37.64331" lon="-118.91724"><ele>2242.79</ele></trkpt>
            <trkpt lat="37.643377" lon="-118.917433"><ele>2243.32</ele></trkpt>
            <trkpt lat="37.643523" lon="-118.917778"><ele>2244.18</ele></trkpt>
            <trkpt lat="37.643764" lon="-118.918222"><ele>2245.27</ele></trkpt>
            <trkpt lat="37.644027" lon="-118.918588"><ele>2246.16</ele></trkpt>
            <trkpt lat="37.644341" lon="-118.91894"><ele>2246.87</ele></trkpt>
            <trkpt lat="37.64462" lon="-118.91917"><ele>2247.16</ele></trkpt>
            <trkpt lat="37.644915" lon="-118.919382"><ele>2247.06</ele></trkpt>
            <trkpt lat="37.645063" lon="-118.919466"><ele>2246.88</ele></trkpt>
            <trkpt lat="37.645431" lon="-118.91965"><ele>2246.19</ele></trkpt>
            <trkpt lat="37.645657" lon="-118.919729"><ele>2245.75</ele></trkpt>
            <trkpt lat="37.64715" lon="-118.91995"><ele>2242.7</ele></trkpt>
            <trkpt lat="37.648147" lon="-118.920081"><ele>2240.98</ele></trkpt>
            <trkpt lat="37.649751" lon="-118.920311"><ele>2239.36</ele></trkpt>
            <trkpt lat="37.650362" lon="-118.920495"><ele>2238.91</ele></trkpt>
            <trkpt lat="37.650863" lon="-118.920822"><ele>2237.8</ele></trkpt>
            <trkpt lat="37.652051" lon="-118.921642"><ele>2236.62</ele></trkpt>
            <trkpt lat="37.652536" lon="-118.921987"><ele>2236.42</ele></trkpt>
            <trkpt lat="37.6526" lon="-118.922007"><ele>2236.42</ele></trkpt>
            <trkpt lat="37.652666" lon="-118.921979"><ele>2236.41</ele></trkpt>
            <trkpt lat="37.652949" lon="-118.921511"><ele>2236.51</ele></trkpt>
            <trkpt lat="37.653171" lon="-118.921168"><ele>2236.72</ele></trkpt>
            <trkpt lat="37.65352" lon="-118.920669"><ele>2237.27</ele></trkpt>
            <trkpt lat="37.653759" lon="-118.920277"><ele>2238.12</ele></trkpt>
            <trkpt lat="37.653828" lon="-118.920083"><ele>2238.64</ele></trkpt>
            <trkpt lat="37.653854" lon="-118.919961"><ele>2238.99</ele></trkpt>
            <trkpt lat="37.653874" lon="-118.919621"><ele>2240</ele></trkpt>
            <trkpt lat="37.653843" lon="-118.919482"><ele>2240.46</ele></trkpt>
            <trkpt lat="37.653755" lon="-118.919244"><ele>2241.37</ele></trkpt>
            <trkpt lat="37.653634" lon="-118.919018"><ele>2242.42</ele></trkpt>
            <trkpt lat="37.653504" lon="-118.918836"><ele>2243.45</ele></trkpt>
            <trkpt lat="37.653368" lon="-118.918698"><ele>2244.4</ele></trkpt>
            <trkpt lat="37.65264" lon="-118.918049"><ele>2249.11</ele></trkpt>
            <trkpt lat="37.652484" lon="-118.917884"><ele>2250.25</ele></trkpt>
            <trkpt lat="37.652157" lon="-118.917597"><ele>2252.58</ele></trkpt>
            <trkpt lat="37.652096" lon="-118.917528"><ele>2253.08</ele></trkpt>
            <trkpt lat="37.652028" lon="-118.917351"><ele>2254.06</ele></trkpt>
            <trkpt lat="37.652013" lon="-118.91716"><ele>2255.04</ele></trkpt>
            <trkpt lat="37.652054" lon="-118.916937"><ele>2256.26</ele></trkpt>
            <trkpt lat="37.652134" lon="-118.916764"><ele>2257.34</ele></trkpt>
            <trkpt lat="37.652206" lon="-118.916687"><ele>2258</ele></trkpt>
            <trkpt lat="37.652296" lon="-118.916621"><ele>2258.74</ele></trkpt>
            <trkpt lat="37.652864" lon="-118.916288"><ele>2263.26</ele></trkpt>
            <trkpt lat="37.653476" lon="-118.915955"><ele>2267.97</ele></trkpt>
            <trkpt lat="37.653635" lon="-118.915835"><ele>2269.17</ele></trkpt>
            <trkpt lat="37.653892" lon="-118.915594"><ele>2270.98</ele></trkpt>
            <trkpt lat="37.654324" lon="-118.915339"><ele>2273.28</ele></trkpt>
            <trkpt lat="37.654484" lon="-118.915273"><ele>2273.94</ele></trkpt>
            <trkpt lat="37.65508" lon="-118.91511"><ele>2275.93</ele></trkpt>
            <trkpt lat="37.655311" lon="-118.91502"><ele>2276.55</ele></trkpt>
            <trkpt lat="37.655542" lon="-118.914969"><ele>2277.02</ele></trkpt>
            <trkpt lat="37.655975" lon="-118.914835"><ele>2277.8</ele></trkpt>
            <trkpt lat="37.656126" lon="-118.914776"><ele>2278.09</ele></trkpt>
            <trkpt lat="37.656303" lon="-118.914663"><ele>2278.49</ele></trkpt>
            <trkpt lat="37.656387" lon="-118.914517"><ele>2278.79</ele></trkpt>
            <trkpt lat="37.656474" lon="-118.914254"><ele>2279.31</ele></trkpt>
            <trkpt lat="37.656566" lon="-118.91403"><ele>2279.87</ele></trkpt>
            <trkpt lat="37.656718" lon="-118.913482"><ele>2281.48</ele></trkpt>
            <trkpt lat="37.656771" lon="-118.91337"><ele>2281.89</ele></trkpt>
            <trkpt lat="37.65687" lon="-118.91323"><ele>2282.51</ele></trkpt>
            <trkpt lat="37.657068" lon="-118.913013"><ele>2283.71</ele></trkpt>
            <trkpt lat="37.657461" lon="-118.912619"><ele>2286.2</ele></trkpt>
            <trkpt lat="37.657643" lon="-118.912333"><ele>2287.8</ele></trkpt>
            <trkpt lat="37.657832" lon="-118.912119"><ele>2289.29</ele></trkpt>
            <trkpt lat="37.658324" lon="-118.911748"><ele>2292.75</ele></trkpt>
            <trkpt lat="37.658781" lon="-118.911527"><ele>2295.94</ele></trkpt>
            <trkpt lat="37.659875" lon="-118.910771"><ele>2304.19</ele></trkpt>
            <trkpt lat="37.659945" lon="-118.910788"><ele>2304.66</ele></trkpt>
            <trkpt lat="37.660091" lon="-118.910927"><ele>2305.88</ele></trkpt>
            <trkpt lat="37.660163" lon="-118.910972"><ele>2306.42</ele></trkpt>
            <trkpt lat="37.660273" lon="-118.910984"><ele>2307.15</ele></trkpt>
            <trkpt lat="37.660451" lon="-118.910903"><ele>2308.39</ele></trkpt>
            <trkpt lat="37.660819" lon="-118.910638"><ele>2311.25</ele></trkpt>
            <trkpt lat="37.661207" lon="-118.910527"><ele>2314.13</ele></trkpt>
            <trkpt lat="37.661375" lon="-118.910428"><ele>2315.52</ele></trkpt>
            <trkpt lat="37.661549" lon="-118.91027"><ele>2317.04</ele></trkpt>
            <trkpt lat="37.66174" lon="-118.91004"><ele>2318.68</ele></trkpt>
            <trkpt lat="37.661926" lon="-118.909801"><ele>2320.3</ele></trkpt>
            <trkpt lat="37.662137" lon="-118.909508"><ele>2322.3</ele></trkpt>
            <trkpt lat="37.66237" lon="-118.909021"><ele>2324.87</ele></trkpt>
            <trkpt lat="37.662564" lon="-118.908554"><ele>2326.73</ele></trkpt>
            <trkpt lat="37.662784" lon="-118.90827"><ele>2327.93</ele></trkpt>
            <trkpt lat="37.662981" lon="-118.908088"><ele>2328.72</ele></trkpt>
            <trkpt lat="37.663157" lon="-118.907957"><ele>2329.27</ele></trkpt>
            <trkpt lat="37.663341" lon="-118.907789"><ele>2329.82</ele></trkpt>
            <trkpt lat="37.663744" lon="-118.907498"><ele>2331</ele></trkpt>
            <trkpt lat="37.663958" lon="-118.907325"><ele>2331.47</ele></trkpt>
            <trkpt lat="37.664147" lon="-118.907102"><ele>2331.58</ele></trkpt>
            <trkpt lat="37.664272" lon="-118.907026"><ele>2331.54</ele></trkpt>
            <trkpt lat="37.664418" lon="-118.907024"><ele>2331.46</ele></trkpt>
            <trkpt lat="37.664893" lon="-118.90717"><ele>2331</ele></trkpt>
            <trkpt lat="37.665388" lon="-118.907263"><ele>2330.4</ele></trkpt>
            <trkpt lat="37.665556" lon="-118.907313"><ele>2330.16</ele></trkpt>
            <trkpt lat="37.665773" lon="-118.907294"><ele>2329.81</ele></trkpt>
            <trkpt lat="37.665991" lon="-118.907168"><ele>2329.47</ele></trkpt>
            <trkpt lat="37.666054" lon="-118.907108"><ele>2329.37</ele></trkpt>
            <trkpt lat="37.6661" lon="-118.907024"><ele>2329.28</ele></trkpt>
            <trkpt lat="37.666403" lon="-118.906263"><ele>2328.7</ele></trkpt>
            <trkpt lat="37.666492" lon="-118.90608"><ele>2328.59</ele></trkpt>
            <trkpt lat="37.666676" lon="-118.905796"><ele>2328.54</ele></trkpt>
            <trkpt lat="37.666781" lon="-118.905693"><ele>2328.58</ele></trkpt>
            <trkpt lat="37.667096" lon="-118.905492"><ele>2328.83</ele></trkpt>
            <trkpt lat="37.667387" lon="-118.905211"><ele>2329.29</ele></trkpt>
            <trkpt lat="37.667575" lon="-118.905095"><ele>2329.67</ele></trkpt>
            <trkpt lat="37.667729" lon="-118.905068"><ele>2330</ele></trkpt>
            <trkpt lat="37.668046" lon="-118.90518"><ele>2330.8</ele></trkpt>
            <trkpt lat="37.668184" lon="-118.905199"><ele>2331.16</ele></trkpt>
            <trkpt lat="37.668293" lon="-118.905194"><ele>2331.46</ele></trkpt>
            <trkpt lat="37.66848" lon="-118.905132"><ele>2331.99</ele></trkpt>
            <trkpt lat="37.668894" lon="-118.904817"><ele>2333.29</ele></trkpt>
            <trkpt lat="37.669009" lon="-118.904758"><ele>2333.61</ele></trkpt>
            <trkpt lat="37.669129" lon="-118.904721"><ele>2333.92</ele></trkpt>
            <trkpt lat="37.669561" lon="-118.904691"><ele>2335.07</ele></trkpt>
            <trkpt lat="37.669785" lon="-118.904702"><ele>2335.59</ele></trkpt>
            <trkpt lat="37.66994" lon="-118.904662"><ele>2335.91</ele></trkpt>
            <trkpt lat="37.670117" lon="-118.904587"><ele>2336.27</ele></trkpt>
            <trkpt lat="37.67047" lon="-118.904626"><ele>2336.89</ele></trkpt>
            <trkpt lat="37.670675" lon="-118.904591"><ele>2337.18</ele></trkpt>
            <trkpt lat="37.670952" lon="-118.904433"><ele>2337.49</ele></trkpt>
            <trkpt lat="37.671237" lon="-118.904303"><ele>2337.69</ele></trkpt>
            <trkpt lat="37.672147" lon="-118.903682"><ele>2337.89</ele></trkpt>
            <trkpt lat="37.67249" lon="-118.903501"><ele>2337.82</ele></trkpt>
            <trkpt lat="37.672983" lon="-118.90331"><ele>2337.61</ele></trkpt>
            <trkpt lat="37.673297" lon="-118.90324"><ele>2337.41</ele></trkpt>
            <trkpt lat="37.673641" lon="-118.903063"><ele>2337.09</ele></trkpt>
            <trkpt lat="37.673836" lon="-118.903048"><ele>2336.89</ele></trkpt>
            <trkpt lat="37.674261" lon="-118.903131"><ele>2336.4</ele></trkpt>
            <trkpt lat="37.674447" lon="-118.903199"><ele>2336.19</ele></trkpt>
            <trkpt lat="37.674771" lon="-118.90335"><ele>2335.8</ele></trkpt>
            <trkpt lat="37.675088" lon="-118.90346"><ele>2335.41</ele></trkpt>
            <trkpt lat="37.675452" lon="-118.903634"><ele>2334.96</ele></trkpt>
            <trkpt lat="37.675566" lon="-118.903672"><ele>2334.82</ele></trkpt>
            <trkpt lat="37.675618" lon="-118.903679"><ele>2334.76</ele></trkpt>
            <trkpt lat="37.675658" lon="-118.903662"><ele>2334.7</ele></trkpt>
            <trkpt lat="37.675729" lon="-118.903549"><ele>2334.55</ele></trkpt>
            <trkpt lat="37.675758" lon="-118.903425"><ele>2334.4</ele></trkpt>
            <trkpt lat="37.675753" lon="-118.903288"><ele>2334.25</ele></trkpt>
            <trkpt lat="37.675713" lon="-118.903162"><ele>2334.12</ele></trkpt>
            <trkpt lat="37.675616" lon="-118.903"><ele>2333.95</ele></trkpt>
            <trkpt lat="37.675575" lon="-118.902755"><ele>2333.82</ele></trkpt>
            <trkpt lat="37.675602" lon="-118.902553"><ele>2333.76</ele></trkpt>
            <trkpt lat="37.675695" lon="-118.902249"><ele>2333.7</ele></trkpt>
            <trkpt lat="37.675692" lon="-118.902154"><ele>2333.69</ele></trkpt>
            <trkpt lat="37.675367" lon="-118.901572"><ele>2333.69</ele></trkpt>
            <trkpt lat="37.675289" lon="-118.901481"><ele>2333.72</ele></trkpt>
            <trkpt lat="37.675084" lon="-118.901296"><ele>2333.81</ele></trkpt>
            <trkpt lat="37.675027" lon="-118.90121"><ele>2333.84</ele></trkpt>
            <trkpt lat="37.674962" lon="-118.901039"><ele>2333.91</ele></trkpt>
            <trkpt lat="37.674933" lon="-118.900784"><ele>2333.99</ele></trkpt>
            <trkpt lat="37.674903" lon="-118.900654"><ele>2334.02</ele></trkpt>
            <trkpt lat="37.674866" lon="-118.900585"><ele>2334.03</ele></trkpt>
            <trkpt lat="37.67474" lon="-118.900431"><ele>2334.03</ele></trkpt>
            <trkpt lat="37.674705" lon="-118.900326"><ele>2334.02</ele></trkpt>
            <trkpt lat="37.67467" lon="-118.900055"><ele>2333.96</ele></trkpt>
            <trkpt lat="37.674657" lon="-118.899705"><ele>2333.76</ele></trkpt>
            <trkpt lat="37.67463" lon="-118.899493"><ele>2333.53</ele></trkpt>
            <trkpt lat="37.674669" lon="-118.899178"><ele>2333.06</ele></trkpt>
            <trkpt lat="37.67474" lon="-118.898681"><ele>2332.11</ele></trkpt>
            <trkpt lat="37.67475" lon="-118.898501"><ele>2331.7</ele></trkpt>
            <trkpt lat="37.674709" lon="-118.897969"><ele>2330.36</ele></trkpt>
            <trkpt lat="37.674601" lon="-118.897414"><ele>2328.82</ele></trkpt>
            <trkpt lat="37.674493" lon="-118.8969962"><ele>2327.6</ele></trkpt>
            <trkpt lat="37.674385" lon="-118.8965784"><ele>2326.37</ele></trkpt>
            <trkpt lat="37.674277" lon="-118.8961606"><ele>2325.17</ele></trkpt>
            <trkpt lat="37.674169" lon="-118.8957428"><ele>2323.98</ele></trkpt>
            <trkpt lat="37.674061" lon="-118.895325"><ele>2322.78</ele></trkpt>
            <trkpt lat="37.673985" lon="-118.894975"><ele>2321.65</ele></trkpt>
            <trkpt lat="37.673858" lon="-118.894603"><ele>2320.15</ele></trkpt>
            <trkpt lat="37.67358" lon="-118.894099"><ele>2318.19</ele></trkpt>
            <trkpt lat="37.67336" lon="-118.893635"><ele>2316.55</ele></trkpt>
            <trkpt lat="37.673311" lon="-118.893512"><ele>2316.14</ele></trkpt>
            <trkpt lat="37.673149" lon="-118.892881"><ele>2314.14</ele></trkpt>
            <trkpt lat="37.673016" lon="-118.891677"><ele>2310.62</ele></trkpt>
            <trkpt lat="37.672873" lon="-118.891259"><ele>2309.1</ele></trkpt>
            <trkpt lat="37.672851" lon="-118.89109"><ele>2308.54</ele></trkpt>
            <trkpt lat="37.67297" lon="-118.890034"><ele>2305.21</ele></trkpt>
            <trkpt lat="37.673209" lon="-118.888907"><ele>2301.17</ele></trkpt>
            <trkpt lat="37.67323" lon="-118.888489"><ele>2299.61</ele></trkpt>
            <trkpt lat="37.673263" lon="-118.88795"><ele>2297.42</ele></trkpt>
            <trkpt lat="37.673295" lon="-118.887885"><ele>2297.08</ele></trkpt>
            <trkpt lat="37.673374" lon="-118.887812"><ele>2296.5</ele></trkpt>
            <trkpt lat="37.67353" lon="-118.887743"><ele>2295.48</ele></trkpt>
            <trkpt lat="37.674329" lon="-118.887726"><ele>2290.52</ele></trkpt>
            <trkpt lat="37.674449" lon="-118.887697"><ele>2289.75</ele></trkpt>
            <trkpt lat="37.674621" lon="-118.887625"><ele>2288.61</ele></trkpt>
            <trkpt lat="37.674702" lon="-118.887613"><ele>2288.11</ele></trkpt>
            <trkpt lat="37.674869" lon="-118.887635"><ele>2287.09</ele></trkpt>
            <trkpt lat="37.67512" lon="-118.887765"><ele>2285.47</ele></trkpt>
            <trkpt lat="37.675308" lon="-118.887811"><ele>2284.3</ele></trkpt>
            <trkpt lat="37.676082" lon="-118.88785"><ele>2279.09</ele></trkpt>
            <trkpt lat="37.67684" lon="-118.887839"><ele>2273.8</ele></trkpt>
            <trkpt lat="37.677079" lon="-118.887772"><ele>2272</ele></trkpt>
            <trkpt lat="37.677471" lon="-118.88762"><ele>2268.83</ele></trkpt>
            <trkpt lat="37.678388" lon="-118.887345"><ele>2261.23</ele></trkpt>
            <trkpt lat="37.678506" lon="-118.887272"><ele>2260.17</ele></trkpt>
            <trkpt lat="37.67865" lon="-118.88715"><ele>2258.77</ele></trkpt>
            <trkpt lat="37.678801" lon="-118.88706"><ele>2257.43</ele></trkpt>
            <trkpt lat="37.679181" lon="-118.8869"><ele>2254.3</ele></trkpt>
            <trkpt lat="37.679481" lon="-118.886812"><ele>2251.92</ele></trkpt>
            <trkpt lat="37.679889" lon="-118.886667"><ele>2248.71</ele></trkpt>
            <trkpt lat="37.68019" lon="-118.886582"><ele>2246.51</ele></trkpt>
            <trkpt lat="37.68038" lon="-118.886597"><ele>2245.22</ele></trkpt>
            <trkpt lat="37.68051" lon="-118.886676"><ele>2244.25</ele></trkpt>
            <trkpt lat="37.680628" lon="-118.886803"><ele>2243.22</ele></trkpt>
            <trkpt lat="37.680937" lon="-118.887237"><ele>2240.21</ele></trkpt>
            <trkpt lat="37.681022" lon="-118.887316"><ele>2239.54</ele></trkpt>
            <trkpt lat="37.681136" lon="-118.887342"><ele>2238.81</ele></trkpt>
            <trkpt lat="37.681206" lon="-118.887318"><ele>2238.34</ele></trkpt>
            <trkpt lat="37.68126" lon="-118.887267"><ele>2237.89</ele></trkpt>
            <trkpt lat="37.681297" lon="-118.887147"><ele>2237.2</ele></trkpt>
            <trkpt lat="37.681298" lon="-118.886919"><ele>2235.89</ele></trkpt>
            <trkpt lat="37.68126" lon="-118.88604"><ele>2230.63</ele></trkpt>
            <trkpt lat="37.681169" lon="-118.884803"><ele>2223.34</ele></trkpt>
            <trkpt lat="37.681141" lon="-118.884599"><ele>2222.17</ele></trkpt>
            <trkpt lat="37.681059" lon="-118.884256"><ele>2220.23</ele></trkpt>
            <trkpt lat="37.680859" lon="-118.883168"><ele>2214.39</ele></trkpt>
            <trkpt lat="37.680721" lon="-118.882534"><ele>2211.22</ele></trkpt>
            <trkpt lat="37.680598" lon="-118.882055"><ele>2208.97</ele></trkpt>
            <trkpt lat="37.68036" lon="-118.881272"><ele>2205.4</ele></trkpt>
            <trkpt lat="37.680108" lon="-118.880576"><ele>2202.67</ele></trkpt>
            <trkpt lat="37.67977" lon="-118.879659"><ele>2199.07</ele></trkpt>
            <trkpt lat="37.679581" lon="-118.87919"><ele>2197.49</ele></trkpt>
            <trkpt lat="37.67941" lon="-118.878659"><ele>2196.12</ele></trkpt>
            <trkpt lat="37.679385" lon="-118.878529"><ele>2195.81</ele></trkpt>
            <trkpt lat="37.67939" lon="-118.878347"><ele>2195.38</ele></trkpt>
            <trkpt lat="37.6795" lon="-118.87782"><ele>2194.09</ele></trkpt>
            <trkpt lat="37.679641" lon="-118.877358"><ele>2192.95</ele></trkpt>
            <trkpt lat="37.67978" lon="-118.876998"><ele>2192.14</ele></trkpt>
            <trkpt lat="37.67987" lon="-118.876641"><ele>2191.49</ele></trkpt>
            <trkpt lat="37.679979" lon="-118.876144"><ele>2190.71</ele></trkpt>
            <trkpt lat="37.680025" lon="-118.875835"><ele>2190.51</ele></trkpt>
            <trkpt lat="37.680097" lon="-118.875433"><ele>2190.64</ele></trkpt>
            <trkpt lat="37.680159" lon="-118.875034"><ele>2191.15</ele></trkpt>
            <trkpt lat="37.680219" lon="-118.874615"><ele>2192.18</ele></trkpt>
            <trkpt lat="37.68023" lon="-118.874463"><ele>2192.74</ele></trkpt>
            <trkpt lat="37.680322" lon="-118.873881"><ele>2195.39</ele></trkpt>
            <trkpt lat="37.680395" lon="-118.873696"><ele>2196.38</ele></trkpt>
            <trkpt lat="37.680495" lon="-118.873557"><ele>2197.33</ele></trkpt>
            <trkpt lat="37.680713" lon="-118.873384"><ele>2199.06</ele></trkpt>
            <trkpt lat="37.681571" lon="-118.87306"><ele>2205.15</ele></trkpt>
            <trkpt lat="37.682499" lon="-118.87278"><ele>2211.28</ele></trkpt>
            <trkpt lat="37.682838" lon="-118.872701"><ele>2213.25</ele></trkpt>
            <trkpt lat="37.682977" lon="-118.872691"><ele>2213.98</ele></trkpt>
            <trkpt lat="37.683512" lon="-118.87274"><ele>2216.57</ele></trkpt>
            <trkpt lat="37.683973" lon="-118.87282"><ele>2218.58</ele></trkpt>
            <trkpt lat="37.684265" lon="-118.872819"><ele>2219.49</ele></trkpt>
            <trkpt lat="37.68444" lon="-118.872771"><ele>2219.9</ele></trkpt>
            <trkpt lat="37.684737" lon="-118.872631"><ele>2220.38</ele></trkpt>
            <trkpt lat="37.684965" lon="-118.872484"><ele>2220.5</ele></trkpt>
            <trkpt lat="37.685274" lon="-118.872265"><ele>2220.33</ele></trkpt>
            <trkpt lat="37.685365" lon="-118.87217"><ele>2220.22</ele></trkpt>
            <trkpt lat="37.685466" lon="-118.87203"><ele>2220.05</ele></trkpt>
            <trkpt lat="37.685702" lon="-118.871637"><ele>2219.34</ele></trkpt>
            <trkpt lat="37.686009" lon="-118.871111"><ele>2217.85</ele></trkpt>
            <trkpt lat="37.686609" lon="-118.869892"><ele>2213.52</ele></trkpt>
            <trkpt lat="37.686725" lon="-118.86961"><ele>2212.93</ele></trkpt>
            <trkpt lat="37.686999" lon="-118.868935"><ele>2212.67</ele></trkpt>
            <trkpt lat="37.687324" lon="-118.868183"><ele>2213.49</ele></trkpt>
            <trkpt lat="37.687462" lon="-118.867814"><ele>2213.78</ele></trkpt>
            <trkpt lat="37.687528" lon="-118.867584"><ele>2213.89</ele></trkpt>
            <trkpt lat="37.68763" lon="-118.86713"><ele>2213.94</ele></trkpt>
            <trkpt lat="37.68766" lon="-118.866759"><ele>2213.84</ele></trkpt>
            <trkpt lat="37.68767" lon="-118.86557"><ele>2212.97</ele></trkpt>
            <trkpt lat="37.687707" lon="-118.863213"><ele>2210.57</ele></trkpt>
            <trkpt lat="37.687725" lon="-118.862235"><ele>2209.78</ele></trkpt>
            <trkpt lat="37.68768" lon="-118.861496"><ele>2209.24</ele></trkpt>
            <trkpt lat="37.68757" lon="-118.860664"><ele>2208.67</ele></trkpt>
            <trkpt lat="37.687461" lon="-118.860065"><ele>2207.98</ele></trkpt>
            <trkpt lat="37.687422" lon="-118.85969"><ele>2207.34</ele></trkpt>
            <trkpt lat="37.687429" lon="-118.859498"><ele>2206.96</ele></trkpt>
            <trkpt lat="37.68758" lon="-118.85856"><ele>2204.87</ele></trkpt>
            <trkpt lat="37.687675" lon="-118.857749"><ele>2202.74</ele></trkpt>
            <trkpt lat="37.687671" lon="-118.85744"><ele>2201.78</ele></trkpt>
            <trkpt lat="37.687648" lon="-118.857192"><ele>2200.9</ele></trkpt>
            <trkpt lat="37.687597" lon="-118.857052"><ele>2200.29</ele></trkpt>
            <trkpt lat="37.687478" lon="-118.856847"><ele>2199.19</ele></trkpt>
            <trkpt lat="37.68742" lon="-118.856688"><ele>2198.38</ele></trkpt>
            <trkpt lat="37.687383" lon="-118.85655"><ele>2197.68</ele></trkpt>
            <trkpt lat="37.687317" lon="-118.856116"><ele>2195.47</ele></trkpt>
            <trkpt lat="37.687238" lon="-118.855921"><ele>2194.35</ele></trkpt>
            <trkpt lat="37.687001" lon="-118.855559"><ele>2192.06</ele></trkpt>
            <trkpt lat="37.686881" lon="-118.855299"><ele>2190.68</ele></trkpt>
            <trkpt lat="37.686824" lon="-118.855129"><ele>2189.86</ele></trkpt>
            <trkpt lat="37.686791" lon="-118.854884"><ele>2188.8</ele></trkpt>
            <trkpt lat="37.68676" lon="-118.854415"><ele>2186.88</ele></trkpt>
            <trkpt lat="37.686716" lon="-118.854065"><ele>2185.52</ele></trkpt>
            <trkpt lat="37.68659" lon="-118.853419"><ele>2183.2</ele></trkpt>
            <trkpt lat="37.68627" lon="-118.852221"><ele>2179.11</ele></trkpt>
            <trkpt lat="37.686236" lon="-118.852028"><ele>2178.53</ele></trkpt>
            <trkpt lat="37.686222" lon="-118.85179"><ele>2177.9</ele></trkpt>
            <trkpt lat="37.68625" lon="-118.851506"><ele>2177.18</ele></trkpt>
            <trkpt lat="37.686404" lon="-118.850712"><ele>2175.23</ele></trkpt>
            <trkpt lat="37.686509" lon="-118.850201"><ele>2174.18</ele></trkpt>
            <trkpt lat="37.686605" lon="-118.848976"><ele>2172.32</ele></trkpt>
            <trkpt lat="37.686579" lon="-118.84866"><ele>2171.89</ele></trkpt>
            <trkpt lat="37.68638" lon="-118.848061"><ele>2170.76</ele></trkpt>
            <trkpt lat="37.68602" lon="-118.847179"><ele>2168.6</ele></trkpt>
            <trkpt lat="37.685851" lon="-118.846692"><ele>2167.33</ele></trkpt>
            <trkpt lat="37.68564" lon="-118.846161"><ele>2165.93</ele></trkpt>
            <trkpt lat="37.685349" lon="-118.845469"><ele>2164.2</ele></trkpt>
            <trkpt lat="37.684928" lon="-118.84461"><ele>2162.05</ele></trkpt>
            <trkpt lat="37.684512" lon="-118.843674"><ele>2159.94</ele></trkpt>
            <trkpt lat="37.684265" lon="-118.843187"><ele>2158.98</ele></trkpt>
            <trkpt lat="37.683566" lon="-118.841683"><ele>2156.09</ele></trkpt>
            <trkpt lat="37.683071" lon="-118.840652"><ele>2153.82</ele></trkpt>
            <trkpt lat="37.682849" lon="-118.840228"><ele>2152.78</ele></trkpt>
            <trkpt lat="37.6823" lon="-118.83925"><ele>2149.89</ele></trkpt>
            <trkpt lat="37.681869" lon="-118.838157"><ele>2146.7</ele></trkpt>
            <trkpt lat="37.681301" lon="-118.836624"><ele>2142.01</ele></trkpt>
            <trkpt lat="37.680971" lon="-118.835962"><ele>2139.89</ele></trkpt>
            <trkpt lat="37.680809" lon="-118.835668"><ele>2138.92</ele></trkpt>
            <trkpt lat="37.680691" lon="-118.835413"><ele>2138.17</ele></trkpt>
            <trkpt lat="37.680629" lon="-118.835235"><ele>2137.69</ele></trkpt>
            <trkpt lat="37.68046" lon="-118.83458"><ele>2135.99</ele></trkpt>
            <trkpt lat="37.680139" lon="-118.833157"><ele>2132.52</ele></trkpt>
            <trkpt lat="37.67989" lon="-118.83218"><ele>2130.2</ele></trkpt>
            <trkpt lat="37.67983" lon="-118.83183"><ele>2129.4</ele></trkpt>
            <trkpt lat="37.6798" lon="-118.83133"><ele>2128.32</ele></trkpt>
            <trkpt lat="37.6798" lon="-118.830408"><ele>2126.48</ele></trkpt>
            <trkpt lat="37.67976" lon="-118.82855"><ele>2122.95</ele></trkpt>
            <trkpt lat="37.67972" lon="-118.828107"><ele>2122.1</ele></trkpt>
            <trkpt lat="37.6797" lon="-118.827573"><ele>2120.99</ele></trkpt>
            <trkpt lat="37.679647" lon="-118.826856"><ele>2119.25</ele></trkpt>
            <trkpt lat="37.679555" lon="-118.826277"><ele>2117.68</ele></trkpt>
            <trkpt lat="37.679477" lon="-118.825941"><ele>2116.81</ele></trkpt>
            <trkpt lat="37.67935" lon="-118.82559"><ele>2115.91</ele></trkpt>
            <trkpt lat="37.679184" lon="-118.825289"><ele>2115.17</ele></trkpt>
            <trkpt lat="37.679017" lon="-118.825005"><ele>2114.72</ele></trkpt>
            <trkpt lat="37.678737" lon="-118.824564"><ele>2114.46</ele></trkpt>
            <trkpt lat="37.678525" lon="-118.824245"><ele>2114.56</ele></trkpt>
            <trkpt lat="37.678391" lon="-118.824052"><ele>2114.77</ele></trkpt>
            <trkpt lat="37.677982" lon="-118.823552"><ele>2115.78</ele></trkpt>
            <trkpt lat="37.677428" lon="-118.822917"><ele>2117.54</ele></trkpt>
            <trkpt lat="37.677302" lon="-118.822722"><ele>2118.04</ele></trkpt>
            <trkpt lat="37.67688" lon="-118.821878"><ele>2119.92</ele></trkpt>
            <trkpt lat="37.676761" lon="-118.821543"><ele>2120.46</ele></trkpt>
            <trkpt lat="37.676583" lon="-118.821149"><ele>2120.98</ele></trkpt>
            <trkpt lat="37.676513" lon="-118.820891"><ele>2121.21</ele></trkpt>
            <trkpt lat="37.67643" lon="-118.820328"><ele>2121.4</ele></trkpt>
            <trkpt lat="37.67639" lon="-118.81977"><ele>2121.43</ele></trkpt>
            <trkpt lat="37.67639" lon="-118.819588"><ele>2121.4</ele></trkpt>
            <trkpt lat="37.676443" lon="-118.819272"><ele>2121.24</ele></trkpt>
            <trkpt lat="37.676572" lon="-118.818938"><ele>2120.97</ele></trkpt>
            <trkpt lat="37.67692" lon="-118.81837"><ele>2120.34</ele></trkpt>
            <trkpt lat="37.677229" lon="-118.817942"><ele>2119.64</ele></trkpt>
            <trkpt lat="37.678059" lon="-118.816711"><ele>2117.68</ele></trkpt>
            <trkpt lat="37.679108" lon="-118.815227"><ele>2115.4</ele></trkpt>
            <trkpt lat="37.679618" lon="-118.814522"><ele>2114.38</ele></trkpt>
            <trkpt lat="37.679849" lon="-118.814162"><ele>2113.97</ele></trkpt>
            <trkpt lat="37.680061" lon="-118.813919"><ele>2113.67</ele></trkpt>
            <trkpt lat="37.68037" lon="-118.813651"><ele>2113.35</ele></trkpt>
            <trkpt lat="37.680713" lon="-118.813398"><ele>2113.07</ele></trkpt>
            <trkpt lat="37.681888" lon="-118.812647"><ele>2112.57</ele></trkpt>
            <trkpt lat="37.682071" lon="-118.812445"><ele>2112.45</ele></trkpt>
            <trkpt lat="37.682595" lon="-118.811761"><ele>2111.99</ele></trkpt>
            <trkpt lat="37.682618" lon="-118.811711"><ele>2111.98</ele></trkpt>
            <trkpt lat="37.682617" lon="-118.811667"><ele>2111.96</ele></trkpt>
            <trkpt lat="37.682578" lon="-118.811581"><ele>2111.94</ele></trkpt>
            <trkpt lat="37.68202" lon="-118.810945"><ele>2111.98</ele></trkpt>
            <trkpt lat="37.68176" lon="-118.810735"><ele>2112.03</ele></trkpt>
            <trkpt lat="37.681649" lon="-118.810675"><ele>2112.04</ele></trkpt>
            <trkpt lat="37.681518" lon="-118.81064"><ele>2112.05</ele></trkpt>
            <trkpt lat="37.681063" lon="-118.81061"><ele>2112.08</ele></trkpt>
            <trkpt lat="37.680779" lon="-118.81062"><ele>2112.09</ele></trkpt>
            <trkpt lat="37.680483" lon="-118.810662"><ele>2112.11</ele></trkpt>
            <trkpt lat="37.680187" lon="-118.810704"><ele>2112.15</ele></trkpt>
            <trkpt lat="37.679891" lon="-118.810746"><ele>2112.19</ele></trkpt>
            <trkpt lat="37.679595" lon="-118.810788"><ele>2112.22</ele></trkpt>
            <trkpt lat="37.679299" lon="-118.81083"><ele>2112.26</ele></trkpt>
            <trkpt lat="37.679033" lon="-118.81085"><ele>2112.31</ele></trkpt>
            <trkpt lat="37.678767" lon="-118.81087"><ele>2112.38</ele></trkpt>
            <trkpt lat="37.678501" lon="-118.81089"><ele>2112.46</ele></trkpt>
            <trkpt lat="37.678235" lon="-118.81091"><ele>2112.54</ele></trkpt>
            <trkpt lat="37.677969" lon="-118.81093"><ele>2112.62</ele></trkpt>
            <trkpt lat="37.677703" lon="-118.81095"><ele>2112.69</ele></trkpt>
            <trkpt lat="37.677379" lon="-118.8109"><ele>2112.81</ele></trkpt>
            <trkpt lat="37.677012" lon="-118.810746"><ele>2113.01</ele></trkpt>
            <trkpt lat="37.676879" lon="-118.810637"><ele>2113.11</ele></trkpt>
            <trkpt lat="37.676654" lon="-118.810414"><ele>2113.3</ele></trkpt>
            <trkpt lat="37.676468" lon="-118.810176"><ele>2113.51</ele></trkpt>
            <trkpt lat="37.67634" lon="-118.809967"><ele>2113.72</ele></trkpt>
            <trkpt lat="37.675972" lon="-118.809205"><ele>2114.7</ele></trkpt>
            <trkpt lat="37.675865" lon="-118.808883"><ele>2115.18</ele></trkpt>
            <trkpt lat="37.675757" lon="-118.8085318"><ele>2115.81</ele></trkpt>
            <trkpt lat="37.675649" lon="-118.8081807"><ele>2116.46</ele></trkpt>
            <trkpt lat="37.675541" lon="-118.8078295"><ele>2117.1</ele></trkpt>
            <trkpt lat="37.675433" lon="-118.8074783"><ele>2117.73</ele></trkpt>
            <trkpt lat="37.675325" lon="-118.8071272"><ele>2118.37</ele></trkpt>
            <trkpt lat="37.675217" lon="-118.806776"><ele>2119.03</ele></trkpt>
            <trkpt lat="37.675081" lon="-118.806476"><ele>2119.6</ele></trkpt>
            <trkpt lat="37.67507" lon="-118.806409"><ele>2119.69</ele></trkpt>
            <trkpt lat="37.67521" lon="-118.805823"><ele>2120.31</ele></trkpt>
            <trkpt lat="37.67543" lon="-118.80509"><ele>2120.8</ele></trkpt>
            <trkpt lat="37.675599" lon="-118.804482"><ele>2121.07</ele></trkpt>
            <trkpt lat="37.6756782" lon="-118.8041732"><ele>2121.12</ele></trkpt>
            <trkpt lat="37.6757573" lon="-118.8038643"><ele>2121.14</ele></trkpt>
            <trkpt lat="37.6758365" lon="-118.8035555"><ele>2121.15</ele></trkpt>
            <trkpt lat="37.6759157" lon="-118.8032467"><ele>2121.16</ele></trkpt>
            <trkpt lat="37.6759948" lon="-118.8029378"><ele>2121.16</ele></trkpt>
            <trkpt lat="37.676074" lon="-118.802629"><ele>2121.17</ele></trkpt>
            <trkpt lat="37.676183" lon="-118.802308"><ele>2121.23</ele></trkpt>
            <trkpt lat="37.676251" lon="-118.802169"><ele>2121.28</ele></trkpt>
            <trkpt lat="37.676341" lon="-118.802028"><ele>2121.34</ele></trkpt>
            <trkpt lat="37.67648" lon="-118.80191"><ele>2121.41</ele></trkpt>
            <trkpt lat="37.676701" lon="-118.801764"><ele>2121.47</ele></trkpt>
            <trkpt lat="37.676886" lon="-118.801691"><ele>2121.48</ele></trkpt>
            <trkpt lat="37.677699" lon="-118.80149"><ele>2121.48</ele></trkpt>
            <trkpt lat="37.679" lon="-118.801123"><ele>2121.37</ele></trkpt>
            <trkpt lat="37.67927" lon="-118.8010452"><ele>2121.29</ele></trkpt>
            <trkpt lat="37.67954" lon="-118.8009675"><ele>2121.21</ele></trkpt>
            <trkpt lat="37.67981" lon="-118.8008897"><ele>2121.12</ele></trkpt>
            <trkpt lat="37.68008" lon="-118.800812"><ele>2121.04</ele></trkpt>
            <trkpt lat="37.68035" lon="-118.8007342"><ele>2120.97</ele></trkpt>
            <trkpt lat="37.68062" lon="-118.8006565"><ele>2120.89</ele></trkpt>
            <trkpt lat="37.68089" lon="-118.8005787"><ele>2120.8</ele></trkpt>
            <trkpt lat="37.68116" lon="-118.800501"><ele>2120.71</ele></trkpt>
            <trkpt lat="37.68143" lon="-118.8004232"><ele>2120.61</ele></trkpt>
            <trkpt lat="37.6817" lon="-118.8003455"><ele>2120.49</ele></trkpt>
            <trkpt lat="37.68197" lon="-118.8002677"><ele>2120.35</ele></trkpt>
            <trkpt lat="37.68224" lon="-118.80019"><ele>2120.18</ele></trkpt>
            <trkpt lat="37.68312" lon="-118.79994"><ele>2119.37</ele></trkpt>
            <trkpt lat="37.683878" lon="-118.799711"><ele>2118.43</ele></trkpt>
            <trkpt lat="37.6846" lon="-118.799505"><ele>2116.99</ele></trkpt>
            <trkpt lat="37.685441" lon="-118.799256"><ele>2114.41</ele></trkpt>
            <trkpt lat="37.685633" lon="-118.799147"><ele>2113.67</ele></trkpt>
            <trkpt lat="37.685844" lon="-118.798966"><ele>2112.66</ele></trkpt>
            <trkpt lat="37.686111" lon="-118.798679"><ele>2111.18</ele></trkpt>
            <trkpt lat="37.686201" lon="-118.798538"><ele>2110.57</ele></trkpt>
            <trkpt lat="37.686284" lon="-118.798354"><ele>2109.9</ele></trkpt>
            <trkpt lat="37.686391" lon="-118.798032"><ele>2108.91</ele></trkpt>
            <trkpt lat="37.686443" lon="-118.797668"><ele>2108</ele></trkpt>
            <trkpt lat="37.686444" lon="-118.79734"><ele>2107.27</ele></trkpt>
            <trkpt lat="37.68648" lon="-118.796915"><ele>2106.29</ele></trkpt>
            <trkpt lat="37.686561" lon="-118.796478"><ele>2105.39</ele></trkpt>
            <trkpt lat="37.686759" lon="-118.795535"><ele>2103.86</ele></trkpt>
            <trkpt lat="37.686971" lon="-118.794578"><ele>2102.73</ele></trkpt>
            <trkpt lat="37.687312" lon="-118.793193"><ele>2101.92</ele></trkpt>
            <trkpt lat="37.68739" lon="-118.792823"><ele>2101.83</ele></trkpt>
            <trkpt lat="37.68745" lon="-118.792508"><ele>2101.85</ele></trkpt>
            <trkpt lat="37.68762" lon="-118.791799"><ele>2102.1</ele></trkpt>
            <trkpt lat="37.687729" lon="-118.791252"><ele>2102.49</ele></trkpt>
            <trkpt lat="37.68781" lon="-118.79078"><ele>2102.99</ele></trkpt>
            <trkpt lat="37.68793" lon="-118.789853"><ele>2104.27</ele></trkpt>
            <trkpt lat="37.68806" lon="-118.788379"><ele>2106.18</ele></trkpt>
            <trkpt lat="37.688091" lon="-118.787936"><ele>2106.59</ele></trkpt>
            <trkpt lat="37.688189" lon="-118.786644"><ele>2107.34</ele></trkpt>
            <trkpt lat="37.688238" lon="-118.785922"><ele>2107.36</ele></trkpt>
            <trkpt lat="37.68836" lon="-118.7837"><ele>2106.23</ele></trkpt>
            <trkpt lat="37.688436" lon="-118.782949"><ele>2105.56</ele></trkpt>
            <trkpt lat="37.68854" lon="-118.78189"><ele>2104.29</ele></trkpt>
            <trkpt lat="37.688578" lon="-118.781243"><ele>2103.17</ele></trkpt>
            <trkpt lat="37.688571" lon="-118.78104"><ele>2102.71</ele></trkpt>
            <trkpt lat="37.688587" lon="-118.780954"><ele>2102.49</ele></trkpt>
            <trkpt lat="37.688959" lon="-118.779743"><ele>2098.68</ele></trkpt>
            <trkpt lat="37.68926" lon="-118.77869"><ele>2095.49</ele></trkpt>
            <trkpt lat="37.689899" lon="-118.776674"><ele>2089.43</ele></trkpt>
            <trkpt lat="37.689999" lon="-118.77622"><ele>2088.19</ele></trkpt>
            <trkpt lat="37.689998" lon="-118.775981"><ele>2087.57</ele></trkpt>
            <trkpt lat="37.689943" lon="-118.77575"><ele>2086.95</ele></trkpt>
            <trkpt lat="37.689841" lon="-118.775532"><ele>2086.34</ele></trkpt>
            <trkpt lat="37.689706" lon="-118.775339"><ele>2085.8</ele></trkpt>
            <trkpt lat="37.6895443" lon="-118.7751811"><ele>2085.35</ele></trkpt>
            <trkpt lat="37.6893826" lon="-118.7750233"><ele>2084.92</ele></trkpt>
            <trkpt lat="37.6892209" lon="-118.7748654"><ele>2084.5</ele></trkpt>
            <trkpt lat="37.6890591" lon="-118.7747076"><ele>2084.07</ele></trkpt>
            <trkpt lat="37.6888974" lon="-118.7745497"><ele>2083.64</ele></trkpt>
            <trkpt lat="37.6887357" lon="-118.7743919"><ele>2083.22</ele></trkpt>
            <trkpt lat="37.688574" lon="-118.774234"><ele>2082.82</ele></trkpt>
            <trkpt lat="37.687977" lon="-118.773702"><ele>2081.65</ele></trkpt>
            <trkpt lat="37.68784" lon="-118.773519"><ele>2081.34</ele></trkpt>
            <trkpt lat="37.687751" lon="-118.773342"><ele>2081.09</ele></trkpt>
            <trkpt lat="37.687693" lon="-118.773141"><ele>2080.88</ele></trkpt>
            <trkpt lat="37.687681" lon="-118.772946"><ele>2080.73</ele></trkpt>
            <trkpt lat="37.687689" lon="-118.772815"><ele>2080.65</ele></trkpt>
            <trkpt lat="37.687799" lon="-118.772186"><ele>2080.25</ele></trkpt>
            <trkpt lat="37.687976" lon="-118.771462"><ele>2079.86</ele></trkpt>
            <trkpt lat="37.688004" lon="-118.771234"><ele>2079.79</ele></trkpt>
            <trkpt lat="37.687996" lon="-118.770989"><ele>2079.75</ele></trkpt>
            <trkpt lat="37.687926" lon="-118.770639"><ele>2079.7</ele></trkpt>
            <trkpt lat="37.68793" lon="-118.770545"><ele>2079.7</ele></trkpt>
            <trkpt lat="37.687979" lon="-118.770481"><ele>2079.69</ele></trkpt>
            <trkpt lat="37.6883142" lon="-118.7702775"><ele>2079.67</ele></trkpt>
            <trkpt lat="37.6886493" lon="-118.770074"><ele>2079.66</ele></trkpt>
            <trkpt lat="37.6889845" lon="-118.7698705"><ele>2079.64</ele></trkpt>
            <trkpt lat="37.6893197" lon="-118.769667"><ele>2079.62</ele></trkpt>
            <trkpt lat="37.6896548" lon="-118.7694635"><ele>2079.6</ele></trkpt>
            <trkpt lat="37.68999" lon="-118.76926"><ele>2079.59</ele></trkpt>
            <trkpt lat="37.6903153" lon="-118.7690587"><ele>2079.59</ele></trkpt>
            <trkpt lat="37.6906405" lon="-118.7688573"><ele>2079.6</ele></trkpt>
            <trkpt lat="37.6909658" lon="-118.768656"><ele>2079.61</ele></trkpt>
            <trkpt lat="37.6912911" lon="-118.7684547"><ele>2079.61</ele></trkpt>
            <trkpt lat="37.6916163" lon="-118.7682533"><ele>2079.62</ele></trkpt>
            <trkpt lat="37.6919416" lon="-118.768052"><ele>2079.62</ele></trkpt>
            <trkpt lat="37.6922669" lon="-118.7678507"><ele>2079.63</ele></trkpt>
            <trkpt lat="37.6925921" lon="-118.7676493"><ele>2079.64</ele></trkpt>
            <trkpt lat="37.6929174" lon="-118.767448"><ele>2079.64</ele></trkpt>
            <trkpt lat="37.6932427" lon="-118.7672467"><ele>2079.65</ele></trkpt>
            <trkpt lat="37.6935679" lon="-118.7670453"><ele>2079.66</ele></trkpt>
            <trkpt lat="37.6938932" lon="-118.766844"><ele>2079.67</ele></trkpt>
            <trkpt lat="37.6942185" lon="-118.7666427"><ele>2079.67</ele></trkpt>
            <trkpt lat="37.6945437" lon="-118.7664413"><ele>2079.68</ele></trkpt>
            <trkpt lat="37.694869" lon="-118.76624"><ele>2079.69</ele></trkpt>
            <trkpt lat="37.695827" lon="-118.765632"><ele>2079.8</ele></trkpt>
            <trkpt lat="37.696228" lon="-118.765347"><ele>2079.89</ele></trkpt>
            <trkpt lat="37.69666" lon="-118.764898"><ele>2079.99</ele></trkpt>
            <trkpt lat="37.696788" lon="-118.764722"><ele>2080.02</ele></trkpt>
            <trkpt lat="37.696988" lon="-118.764402"><ele>2080.08</ele></trkpt>
            <trkpt lat="37.69726" lon="-118.76385"><ele>2080.11</ele></trkpt>
            <trkpt lat="37.69742" lon="-118.76339"><ele>2080.12</ele></trkpt>
            <trkpt lat="37.697509" lon="-118.762943"><ele>2080.15</ele></trkpt>
            <trkpt lat="37.69758" lon="-118.76244"><ele>2080.2</ele></trkpt>
            <trkpt lat="37.6976" lon="-118.762132"><ele>2080.21</ele></trkpt>
            <trkpt lat="37.697589" lon="-118.761774"><ele>2080.21</ele></trkpt>
            <trkpt lat="37.697539" lon="-118.761327"><ele>2080.21</ele></trkpt>
            <trkpt lat="37.697486" lon="-118.761017"><ele>2080.2</ele></trkpt>
            <trkpt lat="37.697368" lon="-118.760584"><ele>2080.18</ele></trkpt>
            <trkpt lat="37.697198" lon="-118.760138"><ele>2080.11</ele></trkpt>
            <trkpt lat="37.6971" lon="-118.759932"><ele>2080.08</ele></trkpt>
            <trkpt lat="37.696921" lon="-118.759615"><ele>2080.02</ele></trkpt>
            <trkpt lat="37.696668" lon="-118.759258"><ele>2079.98</ele></trkpt>
            <trkpt lat="37.6963688" lon="-118.7589058"><ele>2079.94</ele></trkpt>
            <trkpt lat="37.6960697" lon="-118.7585535"><ele>2079.89</ele></trkpt>
            <trkpt lat="37.6957705" lon="-118.7582013"><ele>2079.85</ele></trkpt>
            <trkpt lat="37.6954714" lon="-118.7578491"><ele>2079.81</ele></trkpt>
            <trkpt lat="37.6951722" lon="-118.7574968"><ele>2079.76</ele></trkpt>
            <trkpt lat="37.6948731" lon="-118.7571446"><ele>2079.71</ele></trkpt>
            <trkpt lat="37.6945739" lon="-118.7567924"><ele>2079.66</ele></trkpt>
            <trkpt lat="37.6942748" lon="-118.7564402"><ele>2079.61</ele></trkpt>
            <trkpt lat="37.6939756" lon="-118.7560879"><ele>2079.57</ele></trkpt>
            <trkpt lat="37.6936765" lon="-118.7557357"><ele>2079.52</ele></trkpt>
            <trkpt lat="37.6933773" lon="-118.7553835"><ele>2079.48</ele></trkpt>
            <trkpt lat="37.6930782" lon="-118.7550312"><ele>2079.43</ele></trkpt>
            <trkpt lat="37.692779" lon="-118.754679"><ele>2079.4</ele></trkpt>
            <trkpt lat="37.691827" lon="-118.753581"><ele>2079.49</ele></trkpt>
            <trkpt lat="37.6909625" lon="-118.7525657"><ele>2079.59</ele></trkpt>
            <trkpt lat="37.690098" lon="-118.7515503"><ele>2079.69</ele></trkpt>
            <trkpt lat="37.6892335" lon="-118.750535"><ele>2079.79</ele></trkpt>
            <trkpt lat="37.688369" lon="-118.7495197"><ele>2079.91</ele></trkpt>
            <trkpt lat="37.6875045" lon="-118.7485043"><ele>2080.02</ele></trkpt>
            <trkpt lat="37.68664" lon="-118.747489"><ele>2080.14</ele></trkpt>
            <trkpt lat="37.685199" lon="-118.745779"><ele>2080.56</ele></trkpt>
            <trkpt lat="37.68309" lon="-118.743309"><ele>2080.05</ele></trkpt>
            <trkpt lat="37.6817" lon="-118.741661"><ele>2079.84</ele></trkpt>
            <trkpt lat="37.68068" lon="-118.74046"><ele>2080.33</ele></trkpt>
            <trkpt lat="37.676347" lon="-118.735352"><ele>2084.52</ele></trkpt>
            <trkpt lat="37.674391" lon="-118.733061"><ele>2087.51</ele></trkpt>
            <trkpt lat="37.674099" lon="-118.732739"><ele>2088.03</ele></trkpt>
            <trkpt lat="37.673643" lon="-118.732313"><ele>2088.86</ele></trkpt>
            <trkpt lat="37.67264" lon="-118.73147"><ele>2091.04</ele></trkpt>
            <trkpt lat="37.668674" lon="-118.728128"><ele>2102.17</ele></trkpt>
            <trkpt lat="37.667963" lon="-118.727596"><ele>2103.68</ele></trkpt>
            <trkpt lat="37.667098" lon="-118.726969"><ele>2105.14</ele></trkpt>
            <trkpt lat="37.6663764" lon="-118.7264516"><ele>2106.02</ele></trkpt>
            <trkpt lat="37.6656549" lon="-118.7259341"><ele>2106.87</ele></trkpt>
            <trkpt lat="37.6649333" lon="-118.7254167"><ele>2107.74</ele></trkpt>
            <trkpt lat="37.6642117" lon="-118.7248993"><ele>2108.62</ele></trkpt>
            <trkpt lat="37.6634901" lon="-118.7243819"><ele>2109.5</ele></trkpt>
            <trkpt lat="37.6627686" lon="-118.7238644"><ele>2110.39</ele></trkpt>
            <trkpt lat="37.662047" lon="-118.723347"><ele>2111.3</ele></trkpt>
            <trkpt lat="37.661548" lon="-118.723059"><ele>2111.9</ele></trkpt>
            <trkpt lat="37.66114" lon="-118.72288"><ele>2112.4</ele></trkpt>
            <trkpt lat="37.660722" lon="-118.722721"><ele>2112.9</ele></trkpt>
            <trkpt lat="37.658419" lon="-118.72206"><ele>2115.68</ele></trkpt>
            <trkpt lat="37.657039" lon="-118.72165"><ele>2117.09</ele></trkpt>
            <trkpt lat="37.656293" lon="-118.721461"><ele>2117.71</ele></trkpt>
            <trkpt lat="37.655958" lon="-118.721431"><ele>2117.8</ele></trkpt>
            <trkpt lat="37.655483" lon="-118.721462"><ele>2117.71</ele></trkpt>
            <trkpt lat="37.654993" lon="-118.721589"><ele>2117.48</ele></trkpt>
            <trkpt lat="37.654736" lon="-118.721692"><ele>2117.24</ele></trkpt>
            <trkpt lat="37.654462" lon="-118.72184"><ele>2116.87</ele></trkpt>
            <trkpt lat="37.653167" lon="-118.722776"><ele>2114.2</ele></trkpt>
            <trkpt lat="37.651574" lon="-118.72395"><ele>2109.76</ele></trkpt>
            <trkpt lat="37.650996" lon="-118.724352"><ele>2107.79</ele></trkpt>
            <trkpt lat="37.650809" lon="-118.72446"><ele>2107.13</ele></trkpt>
            <trkpt lat="37.650534" lon="-118.724578"><ele>2106.11</ele></trkpt>
            <trkpt lat="37.650409" lon="-118.72462"><ele>2105.63</ele></trkpt>
            <trkpt lat="37.648807" lon="-118.724982"><ele>2099.48</ele></trkpt>
            <trkpt lat="37.647561" lon="-118.72526"><ele>2095.62</ele></trkpt>
            <trkpt lat="37.64624" lon="-118.725544"><ele>2092.72</ele></trkpt>
            <trkpt lat="37.644812" lon="-118.725869"><ele>2090.24</ele></trkpt>
            <trkpt lat="37.644207" lon="-118.725969"><ele>2089</ele></trkpt>
            <trkpt lat="37.643803" lon="-118.72596"><ele>2088.22</ele></trkpt>
            <trkpt lat="37.643447" lon="-118.725903"><ele>2087.57</ele></trkpt>
            <trkpt lat="37.64325" lon="-118.725849"><ele>2087.23</ele></trkpt>
            <trkpt lat="37.642963" lon="-118.725742"><ele>2086.78</ele></trkpt>
            <trkpt lat="37.64274" lon="-118.725632"><ele>2086.51</ele></trkpt>
            <trkpt lat="37.642418" lon="-118.725428"><ele>2086.33</ele></trkpt>
            <trkpt lat="37.642241" lon="-118.72529"><ele>2086.34</ele></trkpt>
            <trkpt lat="37.641971" lon="-118.72505"><ele>2086.57</ele></trkpt>
            <trkpt lat="37.641548" lon="-118.724526"><ele>2087.56</ele></trkpt>
            <trkpt lat="37.641253" lon="-118.724025"><ele>2088.86</ele></trkpt>
            <trkpt lat="37.640999" lon="-118.723407"><ele>2090.63</ele></trkpt>
            <trkpt lat="37.64053" lon="-118.722148"><ele>2094.58</ele></trkpt>
            <trkpt lat="37.640443" lon="-118.72181"><ele>2095.53</ele></trkpt>
            <trkpt lat="37.64037" lon="-118.721367"><ele>2096.68</ele></trkpt>
            <trkpt lat="37.640341" lon="-118.721129"><ele>2097.22</ele></trkpt>
            <trkpt lat="37.64032" lon="-118.720605"><ele>2098.26</ele></trkpt>
            <trkpt lat="37.64036" lon="-118.720033"><ele>2099.25</ele></trkpt>
            <trkpt lat="37.640391" lon="-118.719824"><ele>2099.61</ele></trkpt>
            <trkpt lat="37.640509" lon="-118.719287"><ele>2100.57</ele></trkpt>
            <trkpt lat="37.640601" lon="-118.718988"><ele>2101.12</ele></trkpt>
            <trkpt lat="37.64132" lon="-118.716939"><ele>2105.39</ele></trkpt>
            <trkpt lat="37.64198" lon="-118.71504"><ele>2110.11</ele></trkpt>
            <trkpt lat="37.6421462" lon="-118.7145626"><ele>2111.36</ele></trkpt>
            <trkpt lat="37.6423125" lon="-118.7140852"><ele>2112.62</ele></trkpt>
            <trkpt lat="37.6424787" lon="-118.7136079"><ele>2113.89</ele></trkpt>
            <trkpt lat="37.642645" lon="-118.7131305"><ele>2115.15</ele></trkpt>
            <trkpt lat="37.6428113" lon="-118.7126531"><ele>2116.42</ele></trkpt>
            <trkpt lat="37.6429775" lon="-118.7121757"><ele>2117.68</ele></trkpt>
            <trkpt lat="37.6431438" lon="-118.7116984"><ele>2118.95</ele></trkpt>
            <trkpt lat="37.64331" lon="-118.711221"><ele>2120.21</ele></trkpt>
            <trkpt lat="37.643883" lon="-118.70956"><ele>2124.41</ele></trkpt>
            <trkpt lat="37.643962" lon="-118.709281"><ele>2125.08</ele></trkpt>
            <trkpt lat="37.64404" lon="-118.7089"><ele>2125.9</ele></trkpt>
            <trkpt lat="37.644099" lon="-118.708273"><ele>2127.2</ele></trkpt>
            <trkpt lat="37.6441" lon="-118.707982"><ele>2127.78</ele></trkpt>
            <trkpt lat="37.644079" lon="-118.707644"><ele>2128.42</ele></trkpt>
            <trkpt lat="37.643999" lon="-118.707067"><ele>2129.58</ele></trkpt>
            <trkpt lat="37.64357" lon="-118.705012"><ele>2133.61</ele></trkpt>
            <trkpt lat="37.643431" lon="-118.704204"><ele>2135.29</ele></trkpt>
            <trkpt lat="37.6434" lon="-118.703721"><ele>2136.28</ele></trkpt>
            <trkpt lat="37.6434" lon="-118.703299"><ele>2137.17</ele></trkpt>
            <trkpt lat="37.643412" lon="-118.702645"><ele>2138.58</ele></trkpt>
            <trkpt lat="37.64342" lon="-118.701526"><ele>2141.24</ele></trkpt>
            <trkpt lat="37.6434" lon="-118.70113"><ele>2142.24</ele></trkpt>
            <trkpt lat="37.643351" lon="-118.700708"><ele>2143.38</ele></trkpt>
            <trkpt lat="37.643162" lon="-118.699986"><ele>2145.54</ele></trkpt>
            <trkpt lat="37.643009" lon="-118.699599"><ele>2146.77</ele></trkpt>
            <trkpt lat="37.642708" lon="-118.699018"><ele>2148.78</ele></trkpt>
            <trkpt lat="37.64237" lon="-118.69847"><ele>2150.88</ele></trkpt>
            <trkpt lat="37.642027" lon="-118.697864"><ele>2153.19</ele></trkpt>
            <trkpt lat="37.641832" lon="-118.697434"><ele>2154.79</ele></trkpt>
            <trkpt lat="37.64167" lon="-118.69694"><ele>2156.63</ele></trkpt>
            <trkpt lat="37.641605" lon="-118.696664"><ele>2157.67</ele></trkpt>
            <trkpt lat="37.641536" lon="-118.696226"><ele>2159.42</ele></trkpt>
            <trkpt lat="37.6415" lon="-118.69584"><ele>2161.05</ele></trkpt>
            <trkpt lat="37.641512" lon="-118.695272"><ele>2163.65</ele></trkpt>
            <trkpt lat="37.641549" lon="-118.694798"><ele>2166.05</ele></trkpt>
            <trkpt lat="37.64174" lon="-118.692841"><ele>2176.29</ele></trkpt>
            <trkpt lat="37.641779" lon="-118.692148"><ele>2179.79</ele></trkpt>
            <trkpt lat="37.64177" lon="-118.69159"><ele>2182.49</ele></trkpt>
            <trkpt lat="37.641699" lon="-118.690736"><ele>2186.43</ele></trkpt>
            <trkpt lat="37.641584" lon="-118.689622"><ele>2191.26</ele></trkpt>
            <trkpt lat="37.641505" lon="-118.688837"><ele>2194.22</ele></trkpt>
            <trkpt lat="37.641299" lon="-118.686555"><ele>2201.65</ele></trkpt>
            <trkpt lat="37.641219" lon="-118.685919"><ele>2203.54</ele></trkpt>
            <trkpt lat="37.641121" lon="-118.685448"><ele>2204.92</ele></trkpt>
            <trkpt lat="37.64097" lon="-118.68492"><ele>2206.39</ele></trkpt>
            <trkpt lat="37.640713" lon="-118.684267"><ele>2208.1</ele></trkpt>
            <trkpt lat="37.639868" lon="-118.682175"><ele>2213.08</ele></trkpt>
            <trkpt lat="37.63974" lon="-118.681749"><ele>2213.92</ele></trkpt>
            <trkpt lat="37.63962" lon="-118.681159"><ele>2215.09</ele></trkpt>
            <trkpt lat="37.639571" lon="-118.680576"><ele>2216.28</ele></trkpt>
            <trkpt lat="37.6396" lon="-118.679786"><ele>2217.98</ele></trkpt>
            <trkpt lat="37.63965" lon="-118.67908"><ele>2219.6</ele></trkpt>
            <trkpt lat="37.63984" lon="-118.676465"><ele>2225.67</ele></trkpt>
            <trkpt lat="37.63987" lon="-118.675969"><ele>2226.5</ele></trkpt>
            <trkpt lat="37.63995" lon="-118.674832"><ele>2227.81</ele></trkpt>
            <trkpt lat="37.639992" lon="-118.6741996"><ele>2228.27</ele></trkpt>
            <trkpt lat="37.640034" lon="-118.6735672"><ele>2228.7</ele></trkpt>
            <trkpt lat="37.640076" lon="-118.6729348"><ele>2229.12</ele></trkpt>
            <trkpt lat="37.640118" lon="-118.6723024"><ele>2229.56</ele></trkpt>
            <trkpt lat="37.64016" lon="-118.67167"><ele>2230.02</ele></trkpt>
            <trkpt lat="37.64021" lon="-118.67104"><ele>2230.62</ele></trkpt>
            <trkpt lat="37.64026" lon="-118.670346"><ele>2231.48</ele></trkpt>
            <trkpt lat="37.6403" lon="-118.669671"><ele>2232.63</ele></trkpt>
            <trkpt lat="37.6404" lon="-118.66829"><ele>2235.56</ele></trkpt>
            <trkpt lat="37.6404" lon="-118.66812"><ele>2235.96</ele></trkpt>
            <trkpt lat="37.640361" lon="-118.667559"><ele>2237.38</ele></trkpt>
            <trkpt lat="37.640309" lon="-118.667261"><ele>2238.19</ele></trkpt>
            <trkpt lat="37.640188" lon="-118.666766"><ele>2239.59</ele></trkpt>
            <trkpt lat="37.64011" lon="-118.66652"><ele>2240.32</ele></trkpt>
            <trkpt lat="37.639967" lon="-118.666159"><ele>2241.43</ele></trkpt>
            <trkpt lat="37.6397431" lon="-118.6656744"><ele>2242.97</ele></trkpt>
            <trkpt lat="37.6395193" lon="-118.6651899"><ele>2244.51</ele></trkpt>
            <trkpt lat="37.6392954" lon="-118.6647053"><ele>2246.04</ele></trkpt>
            <trkpt lat="37.6390716" lon="-118.6642207"><ele>2247.57</ele></trkpt>
            <trkpt lat="37.6388477" lon="-118.6637361"><ele>2249.11</ele></trkpt>
            <trkpt lat="37.6386239" lon="-118.6632516"><ele>2250.65</ele></trkpt>
            <trkpt lat="37.6384" lon="-118.662767"><ele>2252.24</ele></trkpt>
            <trkpt lat="37.638115" lon="-118.662001"><ele>2255.05</ele></trkpt>
            <trkpt lat="37.637889" lon="-118.661265"><ele>2258.44</ele></trkpt>
            <trkpt lat="37.637831" lon="-118.661023"><ele>2259.85</ele></trkpt>
            <trkpt lat="37.637749" lon="-118.660734"><ele>2261.83</ele></trkpt>
            <trkpt lat="37.63758" lon="-118.659798"><ele>2268.6</ele></trkpt>
            <trkpt lat="37.63751" lon="-118.659247"><ele>2272.74</ele></trkpt>
            <trkpt lat="37.637471" lon="-118.658752"><ele>2276.36</ele></trkpt>
            <trkpt lat="37.63745" lon="-118.658338"><ele>2279.25</ele></trkpt>
            <trkpt lat="37.63745" lon="-118.657695"><ele>2283.36</ele></trkpt>
            <trkpt lat="37.63745" lon="-118.657255"><ele>2285.14</ele></trkpt>
            <trkpt lat="37.63745" lon="-118.656594"><ele>2286.41</ele></trkpt>
            <trkpt lat="37.637453" lon="-118.65621"><ele>2287.09</ele></trkpt>
            <trkpt lat="37.63746" lon="-118.655682"><ele>2288.16</ele></trkpt>
            <trkpt lat="37.63746" lon="-118.654819"><ele>2289.51</ele></trkpt>
            <trkpt lat="37.63746" lon="-118.653761"><ele>2288.68</ele></trkpt>
            <trkpt lat="37.637463" lon="-118.65346"><ele>2288.28</ele></trkpt>
            <trkpt lat="37.63747" lon="-118.653022"><ele>2287.43</ele></trkpt>
            <trkpt lat="37.63747" lon="-118.652472"><ele>2285.48</ele></trkpt>
            <trkpt lat="37.637482" lon="-118.650853"><ele>2279.08</ele></trkpt>
            <trkpt lat="37.6375" lon="-118.64849"><ele>2269.53</ele></trkpt>
            <trkpt lat="37.637509" lon="-118.647167"><ele>2264.17</ele></trkpt>
            <trkpt lat="37.63751" lon="-118.646612"><ele>2262.17</ele></trkpt>
            <trkpt lat="37.637512" lon="-118.646188"><ele>2261</ele></trkpt>
            <trkpt lat="37.63752" lon="-118.645321"><ele>2259.28</ele></trkpt>
            <trkpt lat="37.63753" lon="-118.64362"><ele>2256.73</ele></trkpt>
            <trkpt lat="37.6375335" lon="-118.6430938"><ele>2255.88</ele></trkpt>
            <trkpt lat="37.637537" lon="-118.6425677"><ele>2255.03</ele></trkpt>
            <trkpt lat="37.6375405" lon="-118.6420415"><ele>2254.15</ele></trkpt>
            <trkpt lat="37.637544" lon="-118.6415153"><ele>2253.28</ele></trkpt>
            <trkpt lat="37.6375475" lon="-118.6409892"><ele>2252.45</ele></trkpt>
            <trkpt lat="37.637551" lon="-118.640463"><ele>2251.62</ele></trkpt>
            <trkpt lat="37.63757" lon="-118.64017"><ele>2251.24</ele></trkpt>
            <trkpt lat="37.637611" lon="-118.639837"><ele>2250.84</ele></trkpt>
            <trkpt lat="37.637723" lon="-118.639383"><ele>2250.3</ele></trkpt>
            <trkpt lat="37.63784" lon="-118.639052"><ele>2249.93</ele></trkpt>
            <trkpt lat="37.638057" lon="-118.638605"><ele>2249.43</ele></trkpt>
            <trkpt lat="37.638811" lon="-118.637288"><ele>2247.68</ele></trkpt>
            <trkpt lat="37.639008" lon="-118.636923"><ele>2247.09</ele></trkpt>
            <trkpt lat="37.639164" lon="-118.63655"><ele>2246.44</ele></trkpt>
            <trkpt lat="37.639268" lon="-118.636205"><ele>2245.87</ele></trkpt>
            <trkpt lat="37.639389" lon="-118.635573"><ele>2244.6</ele></trkpt>
            <trkpt lat="37.63951" lon="-118.634"><ele>2241.22</ele></trkpt>
            <trkpt lat="37.63955" lon="-118.633403"><ele>2240.09</ele></trkpt>
            <trkpt lat="37.63962" lon="-118.632912"><ele>2239.24</ele></trkpt>
            <trkpt lat="37.63969" lon="-118.632602"><ele>2238.78</ele></trkpt>
            <trkpt lat="37.639892" lon="-118.631897"><ele>2238.01</ele></trkpt>
            <trkpt lat="37.640018" lon="-118.631575"><ele>2237.71</ele></trkpt>
            <trkpt lat="37.640238" lon="-118.631105"><ele>2237.29</ele></trkpt>
            <trkpt lat="37.64078" lon="-118.630199"><ele>2236.63</ele></trkpt>
            <trkpt lat="37.641229" lon="-118.629422"><ele>2235.97</ele></trkpt>
            <trkpt lat="37.641462" lon="-118.629046"><ele>2235.45</ele></trkpt>
            <trkpt lat="37.641697" lon="-118.628646"><ele>2234.87</ele></trkpt>
            <trkpt lat="37.641834" lon="-118.628391"><ele>2234.41</ele></trkpt>
            <trkpt lat="37.64196" lon="-118.6281"><ele>2233.86</ele></trkpt>
            <trkpt lat="37.64206" lon="-118.627809"><ele>2233.3</ele></trkpt>
            <trkpt lat="37.642181" lon="-118.627357"><ele>2232.46</ele></trkpt>
            <trkpt lat="37.64224" lon="-118.62708"><ele>2232.02</ele></trkpt>
            <trkpt lat="37.642365" lon="-118.62639"><ele>2231.13</ele></trkpt>
            <trkpt lat="37.642526" lon="-118.625543"><ele>2230.27</ele></trkpt>
            <trkpt lat="37.64276" lon="-118.624295"><ele>2229.61</ele></trkpt>
            <trkpt lat="37.6428502" lon="-118.6238192"><ele>2229.45</ele></trkpt>
            <trkpt lat="37.6429404" lon="-118.6233434"><ele>2229.3</ele></trkpt>
            <trkpt lat="37.6430306" lon="-118.6228676"><ele>2229.16</ele></trkpt>
            <trkpt lat="37.6431208" lon="-118.6223918"><ele>2229.01</ele></trkpt>
            <trkpt lat="37.643211" lon="-118.621916"><ele>2228.88</ele></trkpt>
            <trkpt lat="37.643511" lon="-118.620618"><ele>2228.59</ele></trkpt>
            <trkpt lat="37.64378" lon="-118.619575"><ele>2228.2</ele></trkpt>
            <trkpt lat="37.644056" lon="-118.618475"><ele>2227.78</ele></trkpt>
            <trkpt lat="37.644292" lon="-118.617635"><ele>2227.23</ele></trkpt>
            <trkpt lat="37.644401" lon="-118.617357"><ele>2227.01</ele></trkpt>
            <trkpt lat="37.644598" lon="-118.616984"><ele>2226.61</ele></trkpt>
            <trkpt lat="37.64475" lon="-118.61674"><ele>2226.3</ele></trkpt>
            <trkpt lat="37.644908" lon="-118.616523"><ele>2225.97</ele></trkpt>
            <trkpt lat="37.64503" lon="-118.61639"><ele>2225.73</ele></trkpt>
            <trkpt lat="37.64529" lon="-118.61616"><ele>2225.25</ele></trkpt>
            <trkpt lat="37.645432" lon="-118.616049"><ele>2225.02</ele></trkpt>
            <trkpt lat="37.645759" lon="-118.615841"><ele>2224.56</ele></trkpt>
            <trkpt lat="37.645892" lon="-118.61578"><ele>2224.37</ele></trkpt>
            <trkpt lat="37.646354" lon="-118.615628"><ele>2223.74</ele></trkpt>
            <trkpt lat="37.64717" lon="-118.6154"><ele>2222.97</ele></trkpt>
            <trkpt lat="37.648082" lon="-118.615139"><ele>2223.12</ele></trkpt>
            <trkpt lat="37.648819" lon="-118.614926"><ele>2224.17</ele></trkpt>
            <trkpt lat="37.648952" lon="-118.614856"><ele>2224.37</ele></trkpt>
            <trkpt lat="37.649037" lon="-118.61479"><ele>2224.49</ele></trkpt>
            <trkpt lat="37.649141" lon="-118.614679"><ele>2224.64</ele></trkpt>
            <trkpt lat="37.649209" lon="-118.614578"><ele>2224.73</ele></trkpt>
            <trkpt lat="37.649321" lon="-118.614316"><ele>2224.82</ele></trkpt>
            <trkpt lat="37.649799" lon="-118.612664"><ele>2224.66</ele></trkpt>
            <trkpt lat="37.649899" lon="-118.612194"><ele>2224.54</ele></trkpt>
            <trkpt lat="37.649939" lon="-118.611712"><ele>2224.31</ele></trkpt>
            <trkpt lat="37.649963" lon="-118.610943"><ele>2223.47</ele></trkpt>
            <trkpt lat="37.64998" lon="-118.610321"><ele>2222.5</ele></trkpt>
            <trkpt lat="37.650007" lon="-118.60952"><ele>2220.92</ele></trkpt>
            <trkpt lat="37.65004" lon="-118.60858"><ele>2218.5</ele></trkpt>
            <trkpt lat="37.65005" lon="-118.60795"><ele>2216.28</ele></trkpt>
            <trkpt lat="37.65008" lon="-118.60699"><ele>2213.57</ele></trkpt>
            <trkpt lat="37.65007" lon="-118.605708"><ele>2209.3</ele></trkpt>
            <trkpt lat="37.65004" lon="-118.605034"><ele>2206.81</ele></trkpt>
            <trkpt lat="37.650006" lon="-118.604095"><ele>2203.12</ele></trkpt>
            <trkpt lat="37.64998" lon="-118.603553"><ele>2200.87</ele></trkpt>
            <trkpt lat="37.649955" lon="-118.602854"><ele>2197.35</ele></trkpt>
            <trkpt lat="37.649925" lon="-118.602145"><ele>2193.05</ele></trkpt>
            <trkpt lat="37.64989" lon="-118.601425"><ele>2188.49</ele></trkpt>
            <trkpt lat="37.64987" lon="-118.600573"><ele>2182.52</ele></trkpt>
            <trkpt lat="37.64988" lon="-118.599926"><ele>2177.9</ele></trkpt>
            <trkpt lat="37.64994" lon="-118.598958"><ele>2170.77</ele></trkpt>
            <trkpt lat="37.650098" lon="-118.59702"><ele>2156.65</ele></trkpt>
            <trkpt lat="37.650191" lon="-118.595734"><ele>2148.15</ele></trkpt>
            <trkpt lat="37.650234" lon="-118.59529"><ele>2145.66</ele></trkpt>
            <trkpt lat="37.650293" lon="-118.594955"><ele>2144.12</ele></trkpt>
            <trkpt lat="37.65042" lon="-118.594489"><ele>2142.25</ele></trkpt>
            <trkpt lat="37.65075" lon="-118.59346"><ele>2138.8</ele></trkpt>
            <trkpt lat="37.65103" lon="-118.592565"><ele>2136.17</ele></trkpt>
            <trkpt lat="37.651312" lon="-118.591675"><ele>2133.43</ele></trkpt>
            <trkpt lat="37.651501" lon="-118.591106"><ele>2132.16</ele></trkpt>
            <trkpt lat="37.651862" lon="-118.589961"><ele>2130.22</ele></trkpt>
            <trkpt lat="37.652018" lon="-118.589627"><ele>2129.66</ele></trkpt>
            <trkpt lat="37.652241" lon="-118.589329"><ele>2129.14</ele></trkpt>
            <trkpt lat="37.652337" lon="-118.58924"><ele>2128.97</ele></trkpt>
            <trkpt lat="37.652553" lon="-118.589089"><ele>2128.67</ele></trkpt>
            <trkpt lat="37.652669" lon="-118.589032"><ele>2128.55</ele></trkpt>
            <trkpt lat="37.652803" lon="-118.588984"><ele>2128.43</ele></trkpt>
            <trkpt lat="37.653028" lon="-118.588943"><ele>2128.29</ele></trkpt>
            <trkpt lat="37.653161" lon="-118.588941"><ele>2128.24</ele></trkpt>
            <trkpt lat="37.6533859" lon="-118.5889884"><ele>2128.2</ele></trkpt>
            <trkpt lat="37.6536108" lon="-118.5890358"><ele>2128.18</ele></trkpt>
            <trkpt lat="37.6538358" lon="-118.5890832"><ele>2128.15</ele></trkpt>
            <trkpt lat="37.6540607" lon="-118.5891307"><ele>2128.13</ele></trkpt>
            <trkpt lat="37.6542856" lon="-118.5891781"><ele>2128.11</ele></trkpt>
            <trkpt lat="37.6545105" lon="-118.5892255"><ele>2128.09</ele></trkpt>
            <trkpt lat="37.6547354" lon="-118.5892729"><ele>2128.08</ele></trkpt>
            <trkpt lat="37.6549603" lon="-118.5893203"><ele>2128.06</ele></trkpt>
            <trkpt lat="37.6551852" lon="-118.5893677"><ele>2128.05</ele></trkpt>
            <trkpt lat="37.6554102" lon="-118.5894152"><ele>2128.03</ele></trkpt>
            <trkpt lat="37.6556351" lon="-118.5894626"><ele>2128.01</ele></trkpt>
            <trkpt lat="37.65586" lon="-118.58951"><ele>2127.99</ele></trkpt>
            <trkpt lat="37.656444" lon="-118.589641"><ele>2128.01</ele></trkpt>
            <trkpt lat="37.656553" lon="-118.589682"><ele>2128.01</ele></trkpt>
            <trkpt lat="37.656609" lon="-118.589664"><ele>2128.01</ele></trkpt>
            <trkpt lat="37.65663" lon="-118.589597"><ele>2128.01</ele></trkpt>
            <trkpt lat="37.65661" lon="-118.589455"><ele>2128.01</ele></trkpt>
            <trkpt lat="37.656592" lon="-118.589151"><ele>2128.04</ele></trkpt>
            <trkpt lat="37.656574" lon="-118.588847"><ele>2128.08</ele></trkpt>
            <trkpt lat="37.656556" lon="-118.588543"><ele>2128.12</ele></trkpt>
            <trkpt lat="37.656538" lon="-118.588239"><ele>2128.15</ele></trkpt>
            <trkpt lat="37.65652" lon="-118.587935"><ele>2128.19</ele></trkpt>
            <trkpt lat="37.65648" lon="-118.587149"><ele>2128.27</ele></trkpt>
            <trkpt lat="37.656426" lon="-118.586505"><ele>2128.31</ele></trkpt>
            <trkpt lat="37.656354" lon="-118.586265"><ele>2128.32</ele></trkpt>
            <trkpt lat="37.656297" lon="-118.586149"><ele>2128.31</ele></trkpt>
            <trkpt lat="37.65613" lon="-118.585932"><ele>2128.2</ele></trkpt>
            <trkpt lat="37.65556" lon="-118.585475"><ele>2127.37</ele></trkpt>
            <trkpt lat="37.655022" lon="-118.585047"><ele>2125.85</ele></trkpt>
            <trkpt lat="37.654769" lon="-118.584894"><ele>2124.82</ele></trkpt>
            <trkpt lat="37.654255" lon="-118.584739"><ele>2122.1</ele></trkpt>
            <trkpt lat="37.654181" lon="-118.584702"><ele>2121.69</ele></trkpt>
            <trkpt lat="37.654129" lon="-118.584652"><ele>2121.36</ele></trkpt>
            <trkpt lat="37.654037" lon="-118.584425"><ele>2120.33</ele></trkpt>
            <trkpt lat="37.653912" lon="-118.583867"><ele>2117.9</ele></trkpt>
            <trkpt lat="37.653873" lon="-118.58362"><ele>2116.79</ele></trkpt>
            <trkpt lat="37.653849" lon="-118.583171"><ele>2114.77</ele></trkpt>
            <trkpt lat="37.653817" lon="-118.582972"><ele>2113.82</ele></trkpt>
            <trkpt lat="37.653337" lon="-118.581822"><ele>2107.58</ele></trkpt>
            <trkpt lat="37.653054" lon="-118.581376"><ele>2104.61</ele></trkpt>
            <trkpt lat="37.652642" lon="-118.580903"><ele>2100.8</ele></trkpt>
            <trkpt lat="37.652323" lon="-118.580603"><ele>2097.94</ele></trkpt>
            <trkpt lat="37.651902" lon="-118.580325"><ele>2094.4</ele></trkpt>
            <trkpt lat="37.651832" lon="-118.580248"><ele>2093.72</ele></trkpt>
            <trkpt lat="37.651749" lon="-118.580119"><ele>2092.8</ele></trkpt>
            <trkpt lat="37.651706" lon="-118.580041"><ele>2092.3</ele></trkpt>
            <trkpt lat="37.651598" lon="-118.579745"><ele>2090.7</ele></trkpt>
            <trkpt lat="37.651437" lon="-118.579267"><ele>2088.27</ele></trkpt>
            <trkpt lat="37.65091" lon="-118.5775"><ele>2080.34</ele></trkpt>
            <trkpt lat="37.650759" lon="-118.577252"><ele>2079.12</ele></trkpt>
            <trkpt lat="37.650163" lon="-118.576654"><ele>2075.58</ele></trkpt>
            <trkpt lat="37.64953" lon="-118.57621"><ele>2072.04</ele></trkpt>
            <trkpt lat="37.648142" lon="-118.575301"><ele>2064.87</ele></trkpt>
            <trkpt lat="37.647433" lon="-118.574774"><ele>2061.14</ele></trkpt>
            <trkpt lat="37.647142" lon="-118.574632"><ele>2059.72</ele></trkpt>
            <trkpt lat="37.646678" lon="-118.57447"><ele>2057.45</ele></trkpt>
            <trkpt lat="37.644702" lon="-118.573911"><ele>2048.81</ele></trkpt>
            <trkpt lat="37.643339" lon="-118.57358"><ele>2043.99</ele></trkpt>
            <trkpt lat="37.6428379" lon="-118.573514"><ele>2041.92</ele></trkpt>
            <trkpt lat="37.6423368" lon="-118.573448"><ele>2039.87</ele></trkpt>
            <trkpt lat="37.6418356" lon="-118.573382"><ele>2037.89</ele></trkpt>
            <trkpt lat="37.6413345" lon="-118.573316"><ele>2035.93</ele></trkpt>
            <trkpt lat="37.6408334" lon="-118.57325"><ele>2033.97</ele></trkpt>
            <trkpt lat="37.6403323" lon="-118.573184"><ele>2031.9</ele></trkpt>
            <trkpt lat="37.6398311" lon="-118.573118"><ele>2029.78</ele></trkpt>
            <trkpt lat="37.63933" lon="-118.573052"><ele>2027.67</ele></trkpt>
            <trkpt lat="37.639051" lon="-118.57298"><ele>2026.49</ele></trkpt>
            <trkpt lat="37.638652" lon="-118.572772"><ele>2024.88</ele></trkpt>
            <trkpt lat="37.638072" lon="-118.572424"><ele>2023.62</ele></trkpt>
            <trkpt lat="37.637406" lon="-118.572018"><ele>2022.09</ele></trkpt>
            <trkpt lat="37.637233" lon="-118.571895"><ele>2022.03</ele></trkpt>
            <trkpt lat="37.637106" lon="-118.57178"><ele>2022.21</ele></trkpt>
            <trkpt lat="37.637042" lon="-118.571696"><ele>2022.41</ele></trkpt>
            <trkpt lat="37.636971" lon="-118.571507"><ele>2023.02</ele></trkpt>
            <trkpt lat="37.636941" lon="-118.571263"><ele>2024.23</ele></trkpt>
            <trkpt lat="37.636951" lon="-118.571108"><ele>2025.29</ele></trkpt>
            <trkpt lat="37.636983" lon="-118.570952"><ele>2026.6</ele></trkpt>
            <trkpt lat="37.637047" lon="-118.570778"><ele>2028.3</ele></trkpt>
            <trkpt lat="37.637252" lon="-118.570425"><ele>2032.23</ele></trkpt>
            <trkpt lat="37.637474" lon="-118.570106"><ele>2036.32</ele></trkpt>
            <trkpt lat="37.637782" lon="-118.569743"><ele>2041.04</ele></trkpt>
            <trkpt lat="37.638231" lon="-118.569379"><ele>2046.72</ele></trkpt>
            <trkpt lat="37.639121" lon="-118.568779"><ele>2057.88</ele></trkpt>
            <trkpt lat="37.6396" lon="-118.56839"><ele>2064.62</ele></trkpt>
            <trkpt lat="37.63978" lon="-118.568209"><ele>2067.49</ele></trkpt>
            <trkpt lat="37.639939" lon="-118.56802"><ele>2070.41</ele></trkpt>
            <trkpt lat="37.64029" lon="-118.567439"><ele>2078.7</ele></trkpt>
            <trkpt lat="37.640481" lon="-118.567084"><ele>2083.43</ele></trkpt>
            <trkpt lat="37.640692" lon="-118.566571"><ele>2089.7</ele></trkpt>
            <trkpt lat="37.641044" lon="-118.566074"><ele>2096.62</ele></trkpt>
            <trkpt lat="37.641133" lon="-118.566031"><ele>2097.86</ele></trkpt>
            <trkpt lat="37.641427" lon="-118.566007"><ele>2101.56</ele></trkpt>
            <trkpt lat="37.642013" lon="-118.565769"><ele>2107.6</ele></trkpt>
            <trkpt lat="37.64295" lon="-118.565328"><ele>2116.84</ele></trkpt>
            <trkpt lat="37.643095" lon="-118.56524"><ele>2118.31</ele></trkpt>
            <trkpt lat="37.643177" lon="-118.565164"><ele>2119.2</ele></trkpt>
            <trkpt lat="37.643226" lon="-118.565088"><ele>2119.87</ele></trkpt>
            <trkpt lat="37.643274" lon="-118.564969"><ele>2120.81</ele></trkpt>
            <trkpt lat="37.643308" lon="-118.564812"><ele>2122.04</ele></trkpt>
            <trkpt lat="37.643348" lon="-118.564555"><ele>2124.18</ele></trkpt>
            <trkpt lat="37.643363" lon="-118.564322"><ele>2125.84</ele></trkpt>
            <trkpt lat="37.643377" lon="-118.56405"><ele>2127.19</ele></trkpt>
            <trkpt lat="37.643363" lon="-118.563833"><ele>2127.97</ele></trkpt>
            <trkpt lat="37.64331" lon="-118.563151"><ele>2129.48</ele></trkpt>
            <trkpt lat="37.643243" lon="-118.5624"><ele>2128.26</ele></trkpt>
            <trkpt lat="37.643199" lon="-118.561961"><ele>2127.52</ele></trkpt>
            <trkpt lat="37.643136" lon="-118.561384"><ele>2126.04</ele></trkpt>
            <trkpt lat="37.643106" lon="-118.561096"><ele>2124.89</ele></trkpt>
            <trkpt lat="37.64302" lon="-118.560231"><ele>2120.02</ele></trkpt>
            <trkpt lat="37.642973" lon="-118.559458"><ele>2115.26</ele></trkpt>
            <trkpt lat="37.642948" lon="-118.558992"><ele>2112.1</ele></trkpt>
            <trkpt lat="37.642874" lon="-118.55843"><ele>2108.73</ele></trkpt>
            <trkpt lat="37.642945" lon="-118.557141"><ele>2100.52</ele></trkpt>
            <trkpt lat="37.643125" lon="-118.556489"><ele>2096.27</ele></trkpt>
            <trkpt lat="37.64353" lon="-118.55549"><ele>2089.45</ele></trkpt>
            <trkpt lat="37.6439" lon="-118.55458"><ele>2083.59</ele></trkpt>
            <trkpt lat="37.644334" lon="-118.553549"><ele>2077.72</ele></trkpt>
            <trkpt lat="37.64466" lon="-118.55276"><ele>2074.06</ele></trkpt>
            <trkpt lat="37.645041" lon="-118.551838"><ele>2070.16</ele></trkpt>
            <trkpt lat="37.645307" lon="-118.551238"><ele>2068.17</ele></trkpt>
            <trkpt lat="37.645645" lon="-118.550447"><ele>2066.11</ele></trkpt>
            <trkpt lat="37.645971" lon="-118.549654"><ele>2065.2</ele></trkpt>
            <trkpt lat="37.64668" lon="-118.547891"><ele>2064.29</ele></trkpt>
            <trkpt lat="37.646961" lon="-118.547245"><ele>2064.27</ele></trkpt>
            <trkpt lat="37.647028" lon="-118.547031"><ele>2064.48</ele></trkpt>
            <trkpt lat="37.647099" lon="-118.546661"><ele>2065.38</ele></trkpt>
            <trkpt lat="37.647129" lon="-118.546403"><ele>2066.19</ele></trkpt>
            <trkpt lat="37.6472" lon="-118.545362"><ele>2068.9</ele></trkpt>
            <trkpt lat="37.64732" lon="-118.54358"><ele>2074.3</ele></trkpt>
            <trkpt lat="37.647537" lon="-118.540586"><ele>2085.73</ele></trkpt>
            <trkpt lat="37.647622" lon="-118.54024"><ele>2086.89</ele></trkpt>
            <trkpt lat="37.64772" lon="-118.539971"><ele>2087.61</ele></trkpt>
            <trkpt lat="37.648057" lon="-118.539255"><ele>2089.76</ele></trkpt>
            <trkpt lat="37.648229" lon="-118.538913"><ele>2091.04</ele></trkpt>
            <trkpt lat="37.648382" lon="-118.538668"><ele>2091.83</ele></trkpt>
            <trkpt lat="37.64894" lon="-118.537859"><ele>2093.36</ele></trkpt>
            <trkpt lat="37.649523" lon="-118.537017"><ele>2094.44</ele></trkpt>
            <trkpt lat="37.65027" lon="-118.535941"><ele>2094.51</ele></trkpt>
            <trkpt lat="37.650821" lon="-118.535168"><ele>2094.45</ele></trkpt>
            <trkpt lat="37.651327" lon="-118.534398"><ele>2093.08</ele></trkpt>
            <trkpt lat="37.651417" lon="-118.534201"><ele>2092.48</ele></trkpt>
            <trkpt lat="37.651484" lon="-118.534007"><ele>2091.78</ele></trkpt>
            <trkpt lat="37.651547" lon="-118.533645"><ele>2090.42</ele></trkpt>
            <trkpt lat="37.65158" lon="-118.533315"><ele>2089.16</ele></trkpt>
            <trkpt lat="37.65163" lon="-118.532258"><ele>2084.93</ele></trkpt>
            <trkpt lat="37.65163" lon="-118.531863"><ele>2083.2</ele></trkpt>
            <trkpt lat="37.65159" lon="-118.53141"><ele>2081.04</ele></trkpt>
            <trkpt lat="37.6515" lon="-118.53065"><ele>2076.87</ele></trkpt>
            <trkpt lat="37.651369" lon="-118.529738"><ele>2071.68</ele></trkpt>
            <trkpt lat="37.651249" lon="-118.529198"><ele>2068.57</ele></trkpt>
            <trkpt lat="37.65114" lon="-118.528852"><ele>2066.5</ele></trkpt>
            <trkpt lat="37.650488" lon="-118.527146"><ele>2056.07</ele></trkpt>
            <trkpt lat="37.650396" lon="-118.526866"><ele>2054.51</ele></trkpt>
            <trkpt lat="37.650353" lon="-118.52662"><ele>2053.26</ele></trkpt>
            <trkpt lat="37.650351" lon="-118.526228"><ele>2051.35</ele></trkpt>
            <trkpt lat="37.65038" lon="-118.525854"><ele>2049.58</ele></trkpt>
            <trkpt lat="37.65042" lon="-118.52557"><ele>2048.33</ele></trkpt>
            <trkpt lat="37.650573" lon="-118.524755"><ele>2045.13</ele></trkpt>
            <trkpt lat="37.65092" lon="-118.523009"><ele>2039.24</ele></trkpt>
            <trkpt lat="37.651011" lon="-118.522617"><ele>2037.97</ele></trkpt>
            <trkpt lat="37.651108" lon="-118.522287"><ele>2036.89</ele></trkpt>
            <trkpt lat="37.65123" lon="-118.521981"><ele>2035.89</ele></trkpt>
            <trkpt lat="37.651404" lon="-118.521685"><ele>2034.87</ele></trkpt>
            <trkpt lat="37.651677" lon="-118.521325"><ele>2033.49</ele></trkpt>
            <trkpt lat="37.651821" lon="-118.521168"><ele>2032.81</ele></trkpt>
            <trkpt lat="37.651982" lon="-118.521024"><ele>2032.1</ele></trkpt>
            <trkpt lat="37.652463" lon="-118.520759"><ele>2030.18</ele></trkpt>
            <trkpt lat="37.65371" lon="-118.52014"><ele>2024.85</ele></trkpt>
            <trkpt lat="37.6539982" lon="-118.5199878"><ele>2023.45</ele></trkpt>
            <trkpt lat="37.6542864" lon="-118.5198356"><ele>2021.98</ele></trkpt>
            <trkpt lat="37.6545746" lon="-118.5196834"><ele>2020.5</ele></trkpt>
            <trkpt lat="37.6548628" lon="-118.5195312"><ele>2019.03</ele></trkpt>
            <trkpt lat="37.655151" lon="-118.519379"><ele>2017.59</ele></trkpt>
            <trkpt lat="37.655898" lon="-118.518941"><ele>2013.9</ele></trkpt>
            <trkpt lat="37.65618" lon="-118.518729"><ele>2012.49</ele></trkpt>
            <trkpt lat="37.65668" lon="-118.518211"><ele>2009.93</ele></trkpt>
            <trkpt lat="37.656809" lon="-118.518103"><ele>2009.37</ele></trkpt>
            <trkpt lat="37.656991" lon="-118.517984"><ele>2008.72</ele></trkpt>
            <trkpt lat="37.657171" lon="-118.517923"><ele>2008.27</ele></trkpt>
            <trkpt lat="37.657484" lon="-118.517887"><ele>2007.83</ele></trkpt>
            <trkpt lat="37.657594" lon="-118.517915"><ele>2007.79</ele></trkpt>
            <trkpt lat="37.657683" lon="-118.517985"><ele>2007.8</ele></trkpt>
            <trkpt lat="37.657746" lon="-118.518102"><ele>2007.89</ele></trkpt>
            <trkpt lat="37.657785" lon="-118.518271"><ele>2008.06</ele></trkpt>
            <trkpt lat="37.657783" lon="-118.5188"><ele>2008.71</ele></trkpt>
            <trkpt lat="37.657821" lon="-118.51913"><ele>2009.08</ele></trkpt>
            <trkpt lat="37.657853" lon="-118.519275"><ele>2009.23</ele></trkpt>
            <trkpt lat="37.657913" lon="-118.519399"><ele>2009.37</ele></trkpt>
            <trkpt lat="37.657991" lon="-118.519489"><ele>2009.49</ele></trkpt>
            <trkpt lat="37.65807" lon="-118.519515"><ele>2009.57</ele></trkpt>
            <trkpt lat="37.658182" lon="-118.519497"><ele>2009.64</ele></trkpt>
            <trkpt lat="37.65843" lon="-118.519337"><ele>2009.58</ele></trkpt>
            <trkpt lat="37.658871" lon="-118.518969"><ele>2008.92</ele></trkpt>
            <trkpt lat="37.659319" lon="-118.518471"><ele>2007.73</ele></trkpt>
            <trkpt lat="37.659631" lon="-118.517992"><ele>2006.66</ele></trkpt>
            <trkpt lat="37.659719" lon="-118.517896"><ele>2006.45</ele></trkpt>
            <trkpt lat="37.659836" lon="-118.517801"><ele>2006.22</ele></trkpt>
            <trkpt lat="37.66013" lon="-118.517655"><ele>2005.69</ele></trkpt>
            <trkpt lat="37.660472" lon="-118.517394"><ele>2004.87</ele></trkpt>
            <trkpt lat="37.660732" lon="-118.517269"><ele>2004.23</ele></trkpt>
            <trkpt lat="37.661118" lon="-118.517013"><ele>2003.08</ele></trkpt>
            <trkpt lat="37.661311" lon="-118.516905"><ele>2002.51</ele></trkpt>
            <trkpt lat="37.6615" lon="-118.516869"><ele>2001.96</ele></trkpt>
            <trkpt lat="37.661959" lon="-118.516856"><ele>2000.58</ele></trkpt>
            <trkpt lat="37.662149" lon="-118.516797"><ele>2000.21</ele></trkpt>
            <trkpt lat="37.662338" lon="-118.516661"><ele>1999.89</ele></trkpt>
            <trkpt lat="37.662775" lon="-118.51617"><ele>1998.1</ele></trkpt>
            <trkpt lat="37.66297" lon="-118.516027"><ele>1997.05</ele></trkpt>
            <trkpt lat="37.663047" lon="-118.516019"><ele>1996.68</ele></trkpt>
            <trkpt lat="37.663146" lon="-118.516048"><ele>1996.21</ele></trkpt>
            <trkpt lat="37.663475" lon="-118.516249"><ele>1994.78</ele></trkpt>
            <trkpt lat="37.66355" lon="-118.516261"><ele>1994.56</ele></trkpt>
            <trkpt lat="37.663605" lon="-118.516239"><ele>1994.43</ele></trkpt>
            <trkpt lat="37.663671" lon="-118.516135"><ele>1994.21</ele></trkpt>
            <trkpt lat="37.663758" lon="-118.515763"><ele>1993.68</ele></trkpt>
            <trkpt lat="37.663829" lon="-118.515564"><ele>1993.33</ele></trkpt>
            <trkpt lat="37.663897" lon="-118.515444"><ele>1993.1</ele></trkpt>
            <trkpt lat="37.664021" lon="-118.515338"><ele>1992.81</ele></trkpt>
            <trkpt lat="37.66419" lon="-118.515285"><ele>1992.44</ele></trkpt>
            <trkpt lat="37.664321" lon="-118.515301"><ele>1992.1</ele></trkpt>
            <trkpt lat="37.664518" lon="-118.515367"><ele>1991.52</ele></trkpt>
            <trkpt lat="37.665059" lon="-118.51564"><ele>1990.75</ele></trkpt>
            <trkpt lat="37.665788" lon="-118.516118"><ele>1992.1</ele></trkpt>
            <trkpt lat="37.665969" lon="-118.516186"><ele>1992.93</ele></trkpt>
            <trkpt lat="37.666064" lon="-118.516187"><ele>1993.48</ele></trkpt>
            <trkpt lat="37.666144" lon="-118.516158"><ele>1994.01</ele></trkpt>
            <trkpt lat="37.666207" lon="-118.516105"><ele>1994.52</ele></trkpt>
            <trkpt lat="37.666286" lon="-118.515984"><ele>1995.37</ele></trkpt>
            <trkpt lat="37.66641" lon="-118.515721"><ele>1997.16</ele></trkpt>
            <trkpt lat="37.66662" lon="-118.515306"><ele>2000.33</ele></trkpt>
            <trkpt lat="37.666877" lon="-118.514929"><ele>2003.11</ele></trkpt>
            <trkpt lat="37.66704" lon="-118.514739"><ele>2004.41</ele></trkpt>
            <trkpt lat="37.667243" lon="-118.514545"><ele>2005.94</ele></trkpt>
            <trkpt lat="37.667323" lon="-118.514513"><ele>2006.53</ele></trkpt>
            <trkpt lat="37.667631" lon="-118.514492"><ele>2009.06</ele></trkpt>
            <trkpt lat="37.667713" lon="-118.514469"><ele>2009.76</ele></trkpt>
            <trkpt lat="37.667777" lon="-118.514415"><ele>2010.37</ele></trkpt>
            <trkpt lat="37.668043" lon="-118.514113"><ele>2012.74</ele></trkpt>
            <trkpt lat="37.668201" lon="-118.514"><ele>2013.87</ele></trkpt>
            <trkpt lat="37.669092" lon="-118.513679"><ele>2020.42</ele></trkpt>
            <trkpt lat="37.670279" lon="-118.513091"><ele>2030.01</ele></trkpt>
            <trkpt lat="37.671485" lon="-118.512592"><ele>2039.64</ele></trkpt>
            <trkpt lat="37.672628" lon="-118.512071"><ele>2046.01</ele></trkpt>
            <trkpt lat="37.67321" lon="-118.51184"><ele>2049.64</ele></trkpt>
            <trkpt lat="37.673894" lon="-118.51154"><ele>2051.41</ele></trkpt>
            <trkpt lat="37.67435" lon="-118.51134"><ele>2052.54</ele></trkpt>
            <trkpt lat="37.67489" lon="-118.511105"><ele>2054.19</ele></trkpt>
            <trkpt lat="37.67496" lon="-118.511101"><ele>2054.36</ele></trkpt>
            <trkpt lat="37.675037" lon="-118.511138"><ele>2054.52</ele></trkpt>
            <trkpt lat="37.675224" lon="-118.511262"><ele>2054.52</ele></trkpt>
            <trkpt lat="37.67558" lon="-118.51159"><ele>2052.75</ele></trkpt>
            <trkpt lat="37.675805" lon="-118.511838"><ele>2050.81</ele></trkpt>
            <trkpt lat="37.675917" lon="-118.512022"><ele>2049.43</ele></trkpt>
            <trkpt lat="37.675999" lon="-118.512242"><ele>2047.74</ele></trkpt>
            <trkpt lat="37.676063" lon="-118.512469"><ele>2046.04</ele></trkpt>
            <trkpt lat="37.676121" lon="-118.512572"><ele>2045.25</ele></trkpt>
            <trkpt lat="37.676201" lon="-118.512623"><ele>2044.62</ele></trkpt>
            <trkpt lat="37.676425" lon="-118.512664"><ele>2043.17</ele></trkpt>
            <trkpt lat="37.676524" lon="-118.512722"><ele>2042.47</ele></trkpt>
            <trkpt lat="37.676616" lon="-118.512858"><ele>2041.49</ele></trkpt>
            <trkpt lat="37.67668" lon="-118.513105"><ele>2039.7</ele></trkpt>
            <trkpt lat="37.676723" lon="-118.513186"><ele>2038.9</ele></trkpt>
            <trkpt lat="37.676783" lon="-118.513235"><ele>2038.11</ele></trkpt>
            <trkpt lat="37.677065" lon="-118.513356"><ele>2034.87</ele></trkpt>
            <trkpt lat="37.677157" lon="-118.513415"><ele>2033.86</ele></trkpt>
            <trkpt lat="37.677216" lon="-118.513492"><ele>2033.06</ele></trkpt>
            <trkpt lat="37.677256" lon="-118.513612"><ele>2032.17</ele></trkpt>
            <trkpt lat="37.677257" lon="-118.513816"><ele>2030.94</ele></trkpt>
            <trkpt lat="37.67709" lon="-118.514611"><ele>2026.94</ele></trkpt>
            <trkpt lat="37.677021" lon="-118.515008"><ele>2024.39</ele></trkpt>
            <trkpt lat="37.67692" lon="-118.515902"><ele>2017.56</ele></trkpt>
            <trkpt lat="37.6769" lon="-118.516456"><ele>2013.43</ele></trkpt>
            <trkpt lat="37.676904" lon="-118.5166654"><ele>2011.89</ele></trkpt>
            <trkpt lat="37.676908" lon="-118.5168748"><ele>2010.36</ele></trkpt>
            <trkpt lat="37.676912" lon="-118.5170842"><ele>2008.83</ele></trkpt>
            <trkpt lat="37.676916" lon="-118.5172936"><ele>2007.3</ele></trkpt>
            <trkpt lat="37.67692" lon="-118.517503"><ele>2005.74</ele></trkpt>
            <trkpt lat="37.6769" lon="-118.517789"><ele>2003.63</ele></trkpt>
            <trkpt lat="37.676825" lon="-118.518179"><ele>2000.77</ele></trkpt>
            <trkpt lat="37.676763" lon="-118.518385"><ele>1999.25</ele></trkpt>
            <trkpt lat="37.676711" lon="-118.518456"><ele>1998.59</ele></trkpt>
            <trkpt lat="37.676461" lon="-118.518685"><ele>1996</ele></trkpt>
            <trkpt lat="37.676402" lon="-118.518802"><ele>1995.09</ele></trkpt>
            <trkpt lat="37.676399" lon="-118.518869"><ele>1994.66</ele></trkpt>
            <trkpt lat="37.676427" lon="-118.518929"><ele>1994.2</ele></trkpt>
            <trkpt lat="37.676487" lon="-118.518964"><ele>1993.65</ele></trkpt>
            <trkpt lat="37.676574" lon="-118.51898"><ele>1992.92</ele></trkpt>
            <trkpt lat="37.676709" lon="-118.518947"><ele>1991.77</ele></trkpt>
            <trkpt lat="37.677082" lon="-118.518724"><ele>1988.15</ele></trkpt>
            <trkpt lat="37.677287" lon="-118.518567"><ele>1985.95</ele></trkpt>
            <trkpt lat="37.677398" lon="-118.518444"><ele>1984.58</ele></trkpt>
            <trkpt lat="37.677521" lon="-118.518275"><ele>1982.91</ele></trkpt>
            <trkpt lat="37.678391" lon="-118.51682"><ele>1969.98</ele></trkpt>
            <trkpt lat="37.67862" lon="-118.516532"><ele>1967.02</ele></trkpt>
            <trkpt lat="37.67887" lon="-118.516271"><ele>1964</ele></trkpt>
            <trkpt lat="37.679349" lon="-118.515891"><ele>1958.59</ele></trkpt>
            <trkpt lat="37.680126" lon="-118.515325"><ele>1949.81</ele></trkpt>
            <trkpt lat="37.681061" lon="-118.515059"><ele>1940.78</ele></trkpt>
            <trkpt lat="37.68171" lon="-118.51484"><ele>1934.79</ele></trkpt>
            <trkpt lat="37.682871" lon="-118.51455"><ele>1924.7</ele></trkpt>
            <trkpt lat="37.685552" lon="-118.513919"><ele>1901.88</ele></trkpt>
            <trkpt lat="37.687081" lon="-118.513528"><ele>1888.79</ele></trkpt>
            <trkpt lat="37.68884" lon="-118.51309"><ele>1874.22</ele></trkpt>
            <trkpt lat="37.689777" lon="-118.51285"><ele>1867.4</ele></trkpt>
            <trkpt lat="37.69048" lon="-118.51267"><ele>1862.6</ele></trkpt>
            <trkpt lat="37.691681" lon="-118.51239"><ele>1854.99</ele></trkpt>
            <trkpt lat="37.69236" lon="-118.5123"><ele>1852.28</ele></trkpt>
            <trkpt lat="37.693041" lon="-118.51222"><ele>1850.21</ele></trkpt>
            <trkpt lat="37.69391" lon="-118.512079"><ele>1848.05</ele></trkpt>
            <trkpt lat="37.694231" lon="-118.511959"><ele>1847.19</ele></trkpt>
            <trkpt lat="37.694706" lon="-118.511683"><ele>1845.72</ele></trkpt>
            <trkpt lat="37.695148" lon="-118.511496"><ele>1844.53</ele></trkpt>
            <trkpt lat="37.695502" lon="-118.51147"><ele>1843.85</ele></trkpt>
            <trkpt lat="37.695861" lon="-118.51148"><ele>1843.42</ele></trkpt>
            <trkpt lat="37.6962938" lon="-118.5115275"><ele>1843.18</ele></trkpt>
            <trkpt lat="37.6967267" lon="-118.511575"><ele>1843.03</ele></trkpt>
            <trkpt lat="37.6971595" lon="-118.5116225"><ele>1842.9</ele></trkpt>
            <trkpt lat="37.6975923" lon="-118.51167"><ele>1842.79</ele></trkpt>
            <trkpt lat="37.6980252" lon="-118.5117175"><ele>1842.69</ele></trkpt>
            <trkpt lat="37.698458" lon="-118.511765"><ele>1842.58</ele></trkpt>
            <trkpt lat="37.698719" lon="-118.511735"><ele>1842.43</ele></trkpt>
            <trkpt lat="37.698874" lon="-118.511665"><ele>1842.19</ele></trkpt>
            <trkpt lat="37.698951" lon="-118.511614"><ele>1842.01</ele></trkpt>
            <trkpt lat="37.699119" lon="-118.51146"><ele>1841.41</ele></trkpt>
            <trkpt lat="37.699425" lon="-118.511124"><ele>1839.82</ele></trkpt>
            <trkpt lat="37.699556" lon="-118.510918"><ele>1838.87</ele></trkpt>
            <trkpt lat="37.699819" lon="-118.51043"><ele>1836.33</ele></trkpt>
            <trkpt lat="37.70015" lon="-118.50963"><ele>1831.59</ele></trkpt>
            <trkpt lat="37.70114" lon="-118.50721"><ele>1816.94</ele></trkpt>
            <trkpt lat="37.70148" lon="-118.5064"><ele>1812.3</ele></trkpt>
            <trkpt lat="37.70183" lon="-118.5056"><ele>1807.89</ele></trkpt>
            <trkpt lat="37.702949" lon="-118.502991"><ele>1793.43</ele></trkpt>
            <trkpt lat="37.70411" lon="-118.5002"><ele>1778.1</ele></trkpt>
            <trkpt lat="37.7045" lon="-118.49927"><ele>1772.75</ele></trkpt>
            <trkpt lat="37.704826" lon="-118.498473"><ele>1769.4</ele></trkpt>
            <trkpt lat="37.705151" lon="-118.497704"><ele>1766.44</ele></trkpt>
            <trkpt lat="37.705314" lon="-118.497323"><ele>1764.97</ele></trkpt>
            <trkpt lat="37.705705" lon="-118.496434"><ele>1761.86</ele></trkpt>
            <trkpt lat="37.706223" lon="-118.495432"><ele>1760.3</ele></trkpt>
            <trkpt lat="37.706774" lon="-118.494372"><ele>1758.22</ele></trkpt>
            <trkpt lat="37.707418" lon="-118.49309"><ele>1756.25</ele></trkpt>
            <trkpt lat="37.707616" lon="-118.492698"><ele>1756.2</ele></trkpt>
            <trkpt lat="37.707884" lon="-118.492156"><ele>1756.72</ele></trkpt>
            <trkpt lat="37.707997" lon="-118.491809"><ele>1757.17</ele></trkpt>
            <trkpt lat="37.708057" lon="-118.491483"><ele>1757.71</ele></trkpt>
            <trkpt lat="37.708135" lon="-118.489917"><ele>1761.42</ele></trkpt>
            <trkpt lat="37.708172" lon="-118.488934"><ele>1763.12</ele></trkpt>
            <trkpt lat="37.70819" lon="-118.488456"><ele>1763.44</ele></trkpt>
            <trkpt lat="37.708215" lon="-118.487793"><ele>1763.41</ele></trkpt>
            <trkpt lat="37.70823" lon="-118.487504"><ele>1763.3</ele></trkpt>
            <trkpt lat="37.70827" lon="-118.486876"><ele>1762.54</ele></trkpt>
            <trkpt lat="37.708249" lon="-118.486208"><ele>1760.75</ele></trkpt>
            <trkpt lat="37.70821" lon="-118.485845"><ele>1759.64</ele></trkpt>
            <trkpt lat="37.708177" lon="-118.485693"><ele>1759.18</ele></trkpt>
            <trkpt lat="37.708109" lon="-118.485398"><ele>1758.19</ele></trkpt>
            <trkpt lat="37.707751" lon="-118.484401"><ele>1753.22</ele></trkpt>
            <trkpt lat="37.70743" lon="-118.483337"><ele>1749.05</ele></trkpt>
            <trkpt lat="37.707371" lon="-118.483104"><ele>1748.23</ele></trkpt>
            <trkpt lat="37.7072" lon="-118.482061"><ele>1744.87</ele></trkpt>
            <trkpt lat="37.70707" lon="-118.481462"><ele>1742.33</ele></trkpt>
            <trkpt lat="37.707025" lon="-118.481295"><ele>1741.57</ele></trkpt>
            <trkpt lat="37.706978" lon="-118.481126"><ele>1740.77</ele></trkpt>
            <trkpt lat="37.706879" lon="-118.48089"><ele>1739.48</ele></trkpt>
            <trkpt lat="37.706522" lon="-118.480234"><ele>1734.97</ele></trkpt>
            <trkpt lat="37.706333" lon="-118.479818"><ele>1731.97</ele></trkpt>
            <trkpt lat="37.706254" lon="-118.479528"><ele>1729.96</ele></trkpt>
            <trkpt lat="37.706038" lon="-118.478579"><ele>1723.02</ele></trkpt>
            <trkpt lat="37.705947" lon="-118.478323"><ele>1721.22</ele></trkpt>
            <trkpt lat="37.705844" lon="-118.478148"><ele>1719.88</ele></trkpt>
            <trkpt lat="37.705658" lon="-118.477927"><ele>1717.79</ele></trkpt>
            <trkpt lat="37.704592" lon="-118.477101"><ele>1705.92</ele></trkpt>
            <trkpt lat="37.704097" lon="-118.476677"><ele>1700</ele></trkpt>
            <trkpt lat="37.703771" lon="-118.476331"><ele>1695.69</ele></trkpt>
            <trkpt lat="37.703429" lon="-118.475858"><ele>1690.47</ele></trkpt>
            <trkpt lat="37.703019" lon="-118.475179"><ele>1683.21</ele></trkpt>
            <trkpt lat="37.702812" lon="-118.474882"><ele>1679.97</ele></trkpt>
            <trkpt lat="37.702522" lon="-118.474408"><ele>1675.15</ele></trkpt>
            <trkpt lat="37.702079" lon="-118.473709"><ele>1668.09</ele></trkpt>
            <trkpt lat="37.701659" lon="-118.473049"><ele>1661.46</ele></trkpt>
            <trkpt lat="37.70127" lon="-118.472411"><ele>1655.94</ele></trkpt>
            <trkpt lat="37.700901" lon="-118.471892"><ele>1650.86</ele></trkpt>
            <trkpt lat="37.70045" lon="-118.471381"><ele>1645.85</ele></trkpt>
            <trkpt lat="37.69964" lon="-118.470639"><ele>1639.06</ele></trkpt>
            <trkpt lat="37.699298" lon="-118.470206"><ele>1635.43</ele></trkpt>
            <trkpt lat="37.699172" lon="-118.470021"><ele>1633.95</ele></trkpt>
            <trkpt lat="37.698501" lon="-118.468746"><ele>1626.17</ele></trkpt>
            <trkpt lat="37.698434" lon="-118.468583"><ele>1625.3</ele></trkpt>
            <trkpt lat="37.698394" lon="-118.468399"><ele>1624.36</ele></trkpt>
            <trkpt lat="37.698397" lon="-118.46825"><ele>1623.59</ele></trkpt>
            <trkpt lat="37.698432" lon="-118.468092"><ele>1622.72</ele></trkpt>
            <trkpt lat="37.698506" lon="-118.467971"><ele>1621.94</ele></trkpt>
            <trkpt lat="37.698635" lon="-118.467865"><ele>1621.04</ele></trkpt>
            <trkpt lat="37.6987626" lon="-118.467783"><ele>1620.29</ele></trkpt>
            <trkpt lat="37.6988901" lon="-118.467701"><ele>1619.57</ele></trkpt>
            <trkpt lat="37.6990177" lon="-118.467619"><ele>1618.86</ele></trkpt>
            <trkpt lat="37.6991453" lon="-118.467537"><ele>1618.15</ele></trkpt>
            <trkpt lat="37.6992729" lon="-118.467455"><ele>1617.44</ele></trkpt>
            <trkpt lat="37.6994004" lon="-118.467373"><ele>1616.72</ele></trkpt>
            <trkpt lat="37.699528" lon="-118.467291"><ele>1615.98</ele></trkpt>
            <trkpt lat="37.699751" lon="-118.467119"><ele>1614.6</ele></trkpt>
            <trkpt lat="37.699856" lon="-118.4670072"><ele>1613.87</ele></trkpt>
            <trkpt lat="37.699961" lon="-118.4668953"><ele>1613.16</ele></trkpt>
            <trkpt lat="37.700066" lon="-118.4667835"><ele>1612.46</ele></trkpt>
            <trkpt lat="37.700171" lon="-118.4666717"><ele>1611.76</ele></trkpt>
            <trkpt lat="37.700276" lon="-118.4665598"><ele>1611.08</ele></trkpt>
            <trkpt lat="37.700381" lon="-118.466448"><ele>1610.45</ele></trkpt>
            <trkpt lat="37.700528" lon="-118.466262"><ele>1609.61</ele></trkpt>
            <trkpt lat="37.700753" lon="-118.465893"><ele>1608.29</ele></trkpt>
            <trkpt lat="37.700955" lon="-118.465458"><ele>1606.96</ele></trkpt>
            <trkpt lat="37.700984" lon="-118.46534"><ele>1606.64</ele></trkpt>
            <trkpt lat="37.70099" lon="-118.46523"><ele>1606.34</ele></trkpt>
            <trkpt lat="37.700947" lon="-118.465082"><ele>1605.91</ele></trkpt>
            <trkpt lat="37.700897" lon="-118.465015"><ele>1605.64</ele></trkpt>
            <trkpt lat="37.700839" lon="-118.464977"><ele>1605.4</ele></trkpt>
            <trkpt lat="37.700757" lon="-118.464967"><ele>1605.08</ele></trkpt>
            <trkpt lat="37.700687" lon="-118.464987"><ele>1604.8</ele></trkpt>
            <trkpt lat="37.700482" lon="-118.465104"><ele>1603.92</ele></trkpt>
            <trkpt lat="37.699688" lon="-118.465658"><ele>1600.42</ele></trkpt>
            <trkpt lat="37.699479" lon="-118.465756"><ele>1599.65</ele></trkpt>
            <trkpt lat="37.699278" lon="-118.465799"><ele>1598.97</ele></trkpt>
            <trkpt lat="37.698204" lon="-118.46593"><ele>1595.47</ele></trkpt>
            <trkpt lat="37.698046" lon="-118.465929"><ele>1594.91</ele></trkpt>
            <trkpt lat="37.697918" lon="-118.465899"><ele>1594.44</ele></trkpt>
            <trkpt lat="37.697834" lon="-118.465852"><ele>1594.09</ele></trkpt>
            <trkpt lat="37.697616" lon="-118.465563"><ele>1592.85</ele></trkpt>
            <trkpt lat="37.69723" lon="-118.46473"><ele>1589.57</ele></trkpt>
            <trkpt lat="37.69687" lon="-118.463929"><ele>1585.82</ele></trkpt>
            <trkpt lat="37.696319" lon="-118.462608"><ele>1579.38</ele></trkpt>
            <trkpt lat="37.69545" lon="-118.46071"><ele>1570.12</ele></trkpt>
            <trkpt lat="37.69433" lon="-118.457739"><ele>1556.85</ele></trkpt>
            <trkpt lat="37.6939" lon="-118.456549"><ele>1551.8</ele></trkpt>
            <trkpt lat="37.69376" lon="-118.456119"><ele>1550.01</ele></trkpt>
            <trkpt lat="37.69362" lon="-118.455389"><ele>1547.16</ele></trkpt>
            <trkpt lat="37.69349" lon="-118.45441"><ele>1543.44</ele></trkpt>
            <trkpt lat="37.69313" lon="-118.452231"><ele>1534.81</ele></trkpt>
            <trkpt lat="37.69279" lon="-118.450061"><ele>1525.51</ele></trkpt>
            <trkpt lat="37.692623" lon="-118.448979"><ele>1520.5</ele></trkpt>
            <trkpt lat="37.692626" lon="-118.448673"><ele>1519.06</ele></trkpt>
            <trkpt lat="37.69272" lon="-118.447822"><ele>1514.69</ele></trkpt>
            <trkpt lat="37.69309" lon="-118.444936"><ele>1499.04</ele></trkpt>
            <trkpt lat="37.693098" lon="-118.44475"><ele>1498.02</ele></trkpt>
            <trkpt lat="37.693083" lon="-118.4445"><ele>1496.63</ele></trkpt>
            <trkpt lat="37.693035" lon="-118.444275"><ele>1495.39</ele></trkpt>
            <trkpt lat="37.692809" lon="-118.443567"><ele>1491.89</ele></trkpt>
            <trkpt lat="37.692581" lon="-118.442823"><ele>1488.68</ele></trkpt>
            <trkpt lat="37.691973" lon="-118.44098"><ele>1480.02</ele></trkpt>
            <trkpt lat="37.69174" lon="-118.440278"><ele>1477.3</ele></trkpt>
            <trkpt lat="37.69141" lon="-118.43923"><ele>1473.48</ele></trkpt>
            <trkpt lat="37.690937" lon="-118.437754"><ele>1468.75</ele></trkpt>
            <trkpt lat="37.690739" lon="-118.437289"><ele>1467.48</ele></trkpt>
            <trkpt lat="37.689991" lon="-118.435792"><ele>1463.04</ele></trkpt>
            <trkpt lat="37.68964" lon="-118.435031"><ele>1460.65</ele></trkpt>
            <trkpt lat="37.689232" lon="-118.434125"><ele>1457.86</ele></trkpt>
            <trkpt lat="37.689165" lon="-118.433989"><ele>1457.56</ele></trkpt>
            <trkpt lat="37.689111" lon="-118.433955"><ele>1457.46</ele></trkpt>
            <trkpt lat="37.68862" lon="-118.43405"><ele>1457.09</ele></trkpt>
            <trkpt lat="37.687008" lon="-118.4344"><ele>1457.04</ele></trkpt>
            <trkpt lat="37.68601" lon="-118.43452"><ele>1458.12</ele></trkpt>
            <trkpt lat="37.684061" lon="-118.43467"><ele>1460.78</ele></trkpt>
            <trkpt lat="37.683079" lon="-118.43471"><ele>1462.22</ele></trkpt>
            <trkpt lat="37.681518" lon="-118.43467"><ele>1464.69</ele></trkpt>
            <trkpt lat="37.6808498" lon="-118.4346367"><ele>1465.71</ele></trkpt>
            <trkpt lat="37.6801817" lon="-118.4346033"><ele>1466.74</ele></trkpt>
            <trkpt lat="37.6795135" lon="-118.43457"><ele>1467.77</ele></trkpt>
            <trkpt lat="37.6788453" lon="-118.4345367"><ele>1468.82</ele></trkpt>
            <trkpt lat="37.6781772" lon="-118.4345033"><ele>1469.86</ele></trkpt>
            <trkpt lat="37.677509" lon="-118.43447"><ele>1470.9</ele></trkpt>
            <trkpt lat="37.676249" lon="-118.4344"><ele>1472.52</ele></trkpt>
            <trkpt lat="37.6757332" lon="-118.4343706"><ele>1472.64</ele></trkpt>
            <trkpt lat="37.6752174" lon="-118.4343412"><ele>1472.7</ele></trkpt>
            <trkpt lat="37.6747016" lon="-118.4343118"><ele>1472.8</ele></trkpt>
            <trkpt lat="37.6741858" lon="-118.4342824"><ele>1472.96</ele></trkpt>
            <trkpt lat="37.67367" lon="-118.434253"><ele>1473.13</ele></trkpt>
            <trkpt lat="37.671761" lon="-118.43415"><ele>1473.11</ele></trkpt>
            <trkpt lat="37.671292" lon="-118.43416"><ele>1473.34</ele></trkpt>
            <trkpt lat="37.671016" lon="-118.434211"><ele>1473.59</ele></trkpt>
            <trkpt lat="37.670821" lon="-118.434271"><ele>1473.89</ele></trkpt>
            <trkpt lat="37.670619" lon="-118.434371"><ele>1474.34</ele></trkpt>
            <trkpt lat="37.670352" lon="-118.43454"><ele>1475.12</ele></trkpt>
            <trkpt lat="37.670093" lon="-118.434778"><ele>1476.16</ele></trkpt>
            <trkpt lat="37.669779" lon="-118.435155"><ele>1477.73</ele></trkpt>
            <trkpt lat="37.66957" lon="-118.435471"><ele>1479.1</ele></trkpt>
            <trkpt lat="37.669101" lon="-118.436408"><ele>1483.55</ele></trkpt>
            <trkpt lat="37.668471" lon="-118.437787"><ele>1490.62</ele></trkpt>
            <trkpt lat="37.668248" lon="-118.438368"><ele>1493.56</ele></trkpt>
            <trkpt lat="37.668192" lon="-118.438563"><ele>1494.47</ele></trkpt>
            <trkpt lat="37.66802" lon="-118.43959"><ele>1498.7</ele></trkpt>
            <trkpt lat="37.66788" lon="-118.440632"><ele>1502.57</ele></trkpt>
            <trkpt lat="37.667471" lon="-118.443764"><ele>1513.04</ele></trkpt>
            <trkpt lat="37.6673892" lon="-118.4443867"><ele>1515.09</ele></trkpt>
            <trkpt lat="37.6673073" lon="-118.4450093"><ele>1517.15</ele></trkpt>
            <trkpt lat="37.6672255" lon="-118.445632"><ele>1519.22</ele></trkpt>
            <trkpt lat="37.6671437" lon="-118.4462547"><ele>1521.27</ele></trkpt>
            <trkpt lat="37.6670618" lon="-118.4468773"><ele>1523.33</ele></trkpt>
            <trkpt lat="37.66698" lon="-118.4475"><ele>1525.39</ele></trkpt>
            <trkpt lat="37.66688" lon="-118.448253"><ele>1527.9</ele></trkpt>
            <trkpt lat="37.666775" lon="-118.449026"><ele>1530.22</ele></trkpt>
            <trkpt lat="37.666766" lon="-118.449199"><ele>1530.62</ele></trkpt>
            <trkpt lat="37.666747" lon="-118.44925"><ele>1530.73</ele></trkpt>
            <trkpt lat="37.666716" lon="-118.449272"><ele>1530.81</ele></trkpt>
            <trkpt lat="37.666672" lon="-118.449264"><ele>1530.91</ele></trkpt>
            <trkpt lat="37.666552" lon="-118.44918"><ele>1531.13</ele></trkpt>
            <trkpt lat="37.665872" lon="-118.448821"><ele>1531.75</ele></trkpt>
            <trkpt lat="37.66421" lon="-118.44793"><ele>1532.68</ele></trkpt>
            <trkpt lat="37.663778" lon="-118.447668"><ele>1532.83</ele></trkpt>
            <trkpt lat="37.663517" lon="-118.447445"><ele>1532.81</ele></trkpt>
            <trkpt lat="37.663343" lon="-118.447273"><ele>1532.71</ele></trkpt>
            <trkpt lat="37.6631564" lon="-118.447065"><ele>1532.54</ele></trkpt>
            <trkpt lat="37.6629699" lon="-118.446857"><ele>1532.33</ele></trkpt>
            <trkpt lat="37.6627833" lon="-118.446649"><ele>1532.09</ele></trkpt>
            <trkpt lat="37.6625967" lon="-118.446441"><ele>1531.83</ele></trkpt>
            <trkpt lat="37.6624101" lon="-118.446233"><ele>1531.61</ele></trkpt>
            <trkpt lat="37.6622236" lon="-118.446025"><ele>1531.41</ele></trkpt>
            <trkpt lat="37.662037" lon="-118.445817"><ele>1531.16</ele></trkpt>
            <trkpt lat="37.6618615" lon="-118.4456232"><ele>1530.85</ele></trkpt>
            <trkpt lat="37.661686" lon="-118.4454293"><ele>1530.5</ele></trkpt>
            <trkpt lat="37.6615105" lon="-118.4452355"><ele>1530.15</ele></trkpt>
            <trkpt lat="37.661335" lon="-118.4450417"><ele>1529.8</ele></trkpt>
            <trkpt lat="37.6611595" lon="-118.4448478"><ele>1529.45</ele></trkpt>
            <trkpt lat="37.660984" lon="-118.444654"><ele>1529.1</ele></trkpt>
            <trkpt lat="37.6599" lon="-118.4435"><ele>1526.98</ele></trkpt>
            <trkpt lat="37.658583" lon="-118.442193"><ele>1524.61</ele></trkpt>
            <trkpt lat="37.658394" lon="-118.44202"><ele>1524.25</ele></trkpt>
            <trkpt lat="37.657243" lon="-118.441062"><ele>1522.07</ele></trkpt>
            <trkpt lat="37.657143" lon="-118.441025"><ele>1522.06</ele></trkpt>
            <trkpt lat="37.657086" lon="-118.44107"><ele>1522.11</ele></trkpt>
            <trkpt lat="37.657086" lon="-118.441143"><ele>1522.18</ele></trkpt>
            <trkpt lat="37.657146" lon="-118.441272"><ele>1522.43</ele></trkpt>
            <trkpt lat="37.657245" lon="-118.441559"><ele>1523.19</ele></trkpt>
            <trkpt lat="37.6576" lon="-118.442661"><ele>1526.51</ele></trkpt>
            <trkpt lat="37.65771" lon="-118.443071"><ele>1527.79</ele></trkpt>
            <trkpt lat="37.657943" lon="-118.444033"><ele>1531.16</ele></trkpt>
            <trkpt lat="37.6580092" lon="-118.4443107"><ele>1532.22</ele></trkpt>
            <trkpt lat="37.6580753" lon="-118.4445883"><ele>1533.32</ele></trkpt>
            <trkpt lat="37.6581415" lon="-118.444866"><ele>1534.43</ele></trkpt>
            <trkpt lat="37.6582077" lon="-118.4451437"><ele>1535.54</ele></trkpt>
            <trkpt lat="37.6582738" lon="-118.4454213"><ele>1536.66</ele></trkpt>
            <trkpt lat="37.65834" lon="-118.445699"><ele>1537.77</ele></trkpt>
        </trkseg>
    </trk>
</gpx>
