<?xml version="1.0" encoding="UTF-8"?>
<gpx version="1.0" creator="GPSBabel - https://www.gpsbabel.org" xmlns="http://www.topografix.com/GPX/1/0">
  <time>2026-05-06T12:56:58.523Z</time>
  <bounds minlat="44.860030000" minlon="8.353370000" maxlat="45.972310000" maxlon="8.573620000"/>
  <trk>
    <trkseg>
      <trkpt lat="44.893500000" lon="8.549370000">
        <ele>95.000</ele>
      </trkpt>
      <trkpt lat="44.893390000" lon="8.549170000">
        <ele>95.000</ele>
      </trkpt>
      <trkpt lat="44.892760000" lon="8.547990000">
        <ele>95.000</ele>
      </trkpt>
      <trkpt lat="44.891280000" lon="8.545250000">
        <ele>95.000</ele>
      </trkpt>
      <trkpt lat="44.890560000" lon="8.543920000">
        <ele>95.000</ele>
      </trkpt>
      <trkpt lat="44.888990000" lon="8.541030000">
        <ele>95.000</ele>
      </trkpt>
      <trkpt lat="44.887590000" lon="8.538460000">
        <ele>96.000</ele>
      </trkpt>
      <trkpt lat="44.887230000" lon="8.537800000">
        <ele>97.000</ele>
      </trkpt>
      <trkpt lat="44.887020000" lon="8.537360000">
        <ele>98.000</ele>
      </trkpt>
      <trkpt lat="44.886970000" lon="8.537150000">
        <ele>99.000</ele>
      </trkpt>
      <trkpt lat="44.886920000" lon="8.536940000">
        <ele>99.000</ele>
      </trkpt>
      <trkpt lat="44.886860000" lon="8.536020000">
        <ele>100.000</ele>
      </trkpt>
      <trkpt lat="44.886740000" lon="8.534540000">
        <ele>100.000</ele>
      </trkpt>
      <trkpt lat="44.886670000" lon="8.533830000">
        <ele>101.000</ele>
      </trkpt>
      <trkpt lat="44.886650000" lon="8.533000000">
        <ele>101.000</ele>
      </trkpt>
      <trkpt lat="44.886640000" lon="8.532770000">
        <ele>100.000</ele>
      </trkpt>
      <trkpt lat="44.886540000" lon="8.532160000">
        <ele>100.000</ele>
      </trkpt>
      <trkpt lat="44.886410000" lon="8.531720000">
        <ele>100.000</ele>
      </trkpt>
      <trkpt lat="44.886060000" lon="8.530800000">
        <ele>100.000</ele>
      </trkpt>
      <trkpt lat="44.885820000" lon="8.530040000">
        <ele>100.000</ele>
      </trkpt>
      <trkpt lat="44.885810000" lon="8.530000000">
        <ele>100.000</ele>
      </trkpt>
      <trkpt lat="44.885550000" lon="8.529150000">
        <ele>100.000</ele>
      </trkpt>
      <trkpt lat="44.885510000" lon="8.529000000">
        <ele>100.000</ele>
      </trkpt>
      <trkpt lat="44.885330000" lon="8.528700000">
        <ele>100.000</ele>
      </trkpt>
      <trkpt lat="44.884990000" lon="8.528240000">
        <ele>100.000</ele>
      </trkpt>
      <trkpt lat="44.884710000" lon="8.527890000">
        <ele>100.000</ele>
      </trkpt>
      <trkpt lat="44.884460000" lon="8.527530000">
        <ele>100.000</ele>
      </trkpt>
      <trkpt lat="44.884170000" lon="8.526970000">
        <ele>101.000</ele>
      </trkpt>
      <trkpt lat="44.884040000" lon="8.526120000">
        <ele>101.000</ele>
      </trkpt>
      <trkpt lat="44.883940000" lon="8.525590000">
        <ele>102.000</ele>
      </trkpt>
      <trkpt lat="44.883890000" lon="8.525420000">
        <ele>102.000</ele>
      </trkpt>
      <trkpt lat="44.883780000" lon="8.525010000">
        <ele>102.000</ele>
      </trkpt>
      <trkpt lat="44.883550000" lon="8.524360000">
        <ele>101.000</ele>
      </trkpt>
      <trkpt lat="44.883430000" lon="8.523990000">
        <ele>101.000</ele>
      </trkpt>
      <trkpt lat="44.883030000" lon="8.523050000">
        <ele>100.000</ele>
      </trkpt>
      <trkpt lat="44.882620000" lon="8.522140000">
        <ele>100.000</ele>
      </trkpt>
      <trkpt lat="44.882110000" lon="8.521340000">
        <ele>101.000</ele>
      </trkpt>
      <trkpt lat="44.882030000" lon="8.521230000">
        <ele>101.000</ele>
      </trkpt>
      <trkpt lat="44.881690000" lon="8.520770000">
        <ele>101.000</ele>
      </trkpt>
      <trkpt lat="44.880590000" lon="8.519420000">
        <ele>102.000</ele>
      </trkpt>
      <trkpt lat="44.879960000" lon="8.518650000">
        <ele>102.000</ele>
      </trkpt>
      <trkpt lat="44.879580000" lon="8.518260000">
        <ele>102.000</ele>
      </trkpt>
      <trkpt lat="44.879320000" lon="8.518030000">
        <ele>102.000</ele>
      </trkpt>
      <trkpt lat="44.879010000" lon="8.517780000">
        <ele>102.000</ele>
      </trkpt>
      <trkpt lat="44.878700000" lon="8.517560000">
        <ele>102.000</ele>
      </trkpt>
      <trkpt lat="44.878410000" lon="8.517400000">
        <ele>102.000</ele>
      </trkpt>
      <trkpt lat="44.877650000" lon="8.516970000">
        <ele>102.000</ele>
      </trkpt>
      <trkpt lat="44.877290000" lon="8.516670000">
        <ele>103.000</ele>
      </trkpt>
      <trkpt lat="44.876980000" lon="8.516360000">
        <ele>103.000</ele>
      </trkpt>
      <trkpt lat="44.876820000" lon="8.516130000">
        <ele>103.000</ele>
      </trkpt>
      <trkpt lat="44.876380000" lon="8.515360000">
        <ele>104.000</ele>
      </trkpt>
      <trkpt lat="44.875720000" lon="8.514160000">
        <ele>104.000</ele>
      </trkpt>
      <trkpt lat="44.874960000" lon="8.512800000">
        <ele>105.000</ele>
      </trkpt>
      <trkpt lat="44.874320000" lon="8.511650000">
        <ele>105.000</ele>
      </trkpt>
      <trkpt lat="44.873550000" lon="8.510180000">
        <ele>104.000</ele>
      </trkpt>
      <trkpt lat="44.873300000" lon="8.509550000">
        <ele>103.000</ele>
      </trkpt>
      <trkpt lat="44.873090000" lon="8.508890000">
        <ele>102.000</ele>
      </trkpt>
      <trkpt lat="44.872840000" lon="8.507980000">
        <ele>101.000</ele>
      </trkpt>
      <trkpt lat="44.872500000" lon="8.506600000">
        <ele>99.000</ele>
      </trkpt>
      <trkpt lat="44.872300000" lon="8.505860000">
        <ele>98.000</ele>
      </trkpt>
      <trkpt lat="44.872150000" lon="8.505460000">
        <ele>97.000</ele>
      </trkpt>
      <trkpt lat="44.871960000" lon="8.505020000">
        <ele>97.000</ele>
      </trkpt>
      <trkpt lat="44.871770000" lon="8.504690000">
        <ele>96.000</ele>
      </trkpt>
      <trkpt lat="44.871450000" lon="8.504350000">
        <ele>96.000</ele>
      </trkpt>
      <trkpt lat="44.871000000" lon="8.504010000">
        <ele>96.000</ele>
      </trkpt>
      <trkpt lat="44.870370000" lon="8.503680000">
        <ele>96.000</ele>
      </trkpt>
      <trkpt lat="44.869520000" lon="8.503190000">
        <ele>97.000</ele>
      </trkpt>
      <trkpt lat="44.868760000" lon="8.502690000">
        <ele>98.000</ele>
      </trkpt>
      <trkpt lat="44.867710000" lon="8.502260000">
        <ele>98.000</ele>
      </trkpt>
      <trkpt lat="44.867140000" lon="8.502030000">
        <ele>99.000</ele>
      </trkpt>
      <trkpt lat="44.867140000" lon="8.502030000">
        <ele>99.000</ele>
      </trkpt>
      <trkpt lat="44.866800000" lon="8.501900000">
        <ele>99.000</ele>
      </trkpt>
      <trkpt lat="44.866300000" lon="8.501680000">
        <ele>100.000</ele>
      </trkpt>
      <trkpt lat="44.866200000" lon="8.501630000">
        <ele>100.000</ele>
      </trkpt>
      <trkpt lat="44.865480000" lon="8.501160000">
        <ele>100.000</ele>
      </trkpt>
      <trkpt lat="44.864020000" lon="8.500180000">
        <ele>99.000</ele>
      </trkpt>
      <trkpt lat="44.863380000" lon="8.499760000">
        <ele>99.000</ele>
      </trkpt>
      <trkpt lat="44.862560000" lon="8.499250000">
        <ele>99.000</ele>
      </trkpt>
      <trkpt lat="44.861590000" lon="8.498620000">
        <ele>100.000</ele>
      </trkpt>
      <trkpt lat="44.861510000" lon="8.498540000">
        <ele>101.000</ele>
      </trkpt>
      <trkpt lat="44.861430000" lon="8.498460000">
        <ele>101.000</ele>
      </trkpt>
      <trkpt lat="44.861370000" lon="8.498390000">
        <ele>102.000</ele>
      </trkpt>
      <trkpt lat="44.861260000" lon="8.498220000">
        <ele>102.000</ele>
      </trkpt>
      <trkpt lat="44.861130000" lon="8.497880000">
        <ele>101.000</ele>
      </trkpt>
      <trkpt lat="44.860970000" lon="8.497380000">
        <ele>101.000</ele>
      </trkpt>
      <trkpt lat="44.860790000" lon="8.496810000">
        <ele>100.000</ele>
      </trkpt>
      <trkpt lat="44.860720000" lon="8.496560000">
        <ele>100.000</ele>
      </trkpt>
      <trkpt lat="44.860660000" lon="8.496330000">
        <ele>99.000</ele>
      </trkpt>
      <trkpt lat="44.860620000" lon="8.496210000">
        <ele>99.000</ele>
      </trkpt>
      <trkpt lat="44.860560000" lon="8.496060000">
        <ele>99.000</ele>
      </trkpt>
      <trkpt lat="44.860410000" lon="8.495770000">
        <ele>99.000</ele>
      </trkpt>
      <trkpt lat="44.860070000" lon="8.495160000">
        <ele>100.000</ele>
      </trkpt>
      <trkpt lat="44.860030000" lon="8.495030000">
        <ele>100.000</ele>
      </trkpt>
      <trkpt lat="44.860050000" lon="8.494810000">
        <ele>100.000</ele>
      </trkpt>
      <trkpt lat="44.860530000" lon="8.493600000">
        <ele>101.000</ele>
      </trkpt>
      <trkpt lat="44.860550000" lon="8.493520000">
        <ele>101.000</ele>
      </trkpt>
      <trkpt lat="44.860570000" lon="8.493350000">
        <ele>102.000</ele>
      </trkpt>
      <trkpt lat="44.860610000" lon="8.493210000">
        <ele>102.000</ele>
      </trkpt>
      <trkpt lat="44.860730000" lon="8.493030000">
        <ele>102.000</ele>
      </trkpt>
      <trkpt lat="44.860810000" lon="8.492930000">
        <ele>102.000</ele>
      </trkpt>
      <trkpt lat="44.861670000" lon="8.491880000">
        <ele>102.000</ele>
      </trkpt>
      <trkpt lat="44.861740000" lon="8.491790000">
        <ele>102.000</ele>
      </trkpt>
      <trkpt lat="44.861770000" lon="8.491760000">
        <ele>102.000</ele>
      </trkpt>
      <trkpt lat="44.861830000" lon="8.491680000">
        <ele>102.000</ele>
      </trkpt>
      <trkpt lat="44.862140000" lon="8.491290000">
        <ele>102.000</ele>
      </trkpt>
      <trkpt lat="44.862280000" lon="8.491130000">
        <ele>102.000</ele>
      </trkpt>
      <trkpt lat="44.862870000" lon="8.490410000">
        <ele>102.000</ele>
      </trkpt>
      <trkpt lat="44.863090000" lon="8.490120000">
        <ele>102.000</ele>
      </trkpt>
      <trkpt lat="44.863140000" lon="8.490040000">
        <ele>102.000</ele>
      </trkpt>
      <trkpt lat="44.863180000" lon="8.489970000">
        <ele>102.000</ele>
      </trkpt>
      <trkpt lat="44.863260000" lon="8.489760000">
        <ele>103.000</ele>
      </trkpt>
      <trkpt lat="44.863290000" lon="8.489610000">
        <ele>103.000</ele>
      </trkpt>
      <trkpt lat="44.863310000" lon="8.489490000">
        <ele>104.000</ele>
      </trkpt>
      <trkpt lat="44.863320000" lon="8.489260000">
        <ele>104.000</ele>
      </trkpt>
      <trkpt lat="44.863330000" lon="8.488640000">
        <ele>105.000</ele>
      </trkpt>
      <trkpt lat="44.863340000" lon="8.488560000">
        <ele>106.000</ele>
      </trkpt>
      <trkpt lat="44.863370000" lon="8.488210000">
        <ele>107.000</ele>
      </trkpt>
      <trkpt lat="44.863380000" lon="8.488150000">
        <ele>107.000</ele>
      </trkpt>
      <trkpt lat="44.863380000" lon="8.488060000">
        <ele>108.000</ele>
      </trkpt>
      <trkpt lat="44.863380000" lon="8.487610000">
        <ele>109.000</ele>
      </trkpt>
      <trkpt lat="44.863350000" lon="8.487160000">
        <ele>110.000</ele>
      </trkpt>
      <trkpt lat="44.863340000" lon="8.487120000">
        <ele>110.000</ele>
      </trkpt>
      <trkpt lat="44.863220000" lon="8.486680000">
        <ele>111.000</ele>
      </trkpt>
      <trkpt lat="44.863100000" lon="8.486270000">
        <ele>111.000</ele>
      </trkpt>
      <trkpt lat="44.863050000" lon="8.486050000">
        <ele>112.000</ele>
      </trkpt>
      <trkpt lat="44.863030000" lon="8.485940000">
        <ele>112.000</ele>
      </trkpt>
      <trkpt lat="44.863030000" lon="8.485860000">
        <ele>112.000</ele>
      </trkpt>
      <trkpt lat="44.863060000" lon="8.485800000">
        <ele>112.000</ele>
      </trkpt>
      <trkpt lat="44.863100000" lon="8.485730000">
        <ele>112.000</ele>
      </trkpt>
      <trkpt lat="44.863240000" lon="8.485590000">
        <ele>112.000</ele>
      </trkpt>
      <trkpt lat="44.863860000" lon="8.485070000">
        <ele>113.000</ele>
      </trkpt>
      <trkpt lat="44.863860000" lon="8.485060000">
        <ele>113.000</ele>
      </trkpt>
      <trkpt lat="44.864030000" lon="8.484920000">
        <ele>113.000</ele>
      </trkpt>
      <trkpt lat="44.864110000" lon="8.484860000">
        <ele>114.000</ele>
      </trkpt>
      <trkpt lat="44.864120000" lon="8.484850000">
        <ele>114.000</ele>
      </trkpt>
      <trkpt lat="44.864220000" lon="8.484760000">
        <ele>114.000</ele>
      </trkpt>
      <trkpt lat="44.864460000" lon="8.484570000">
        <ele>114.000</ele>
      </trkpt>
      <trkpt lat="44.864490000" lon="8.484550000">
        <ele>114.000</ele>
      </trkpt>
      <trkpt lat="44.864640000" lon="8.484400000">
        <ele>115.000</ele>
      </trkpt>
      <trkpt lat="44.864780000" lon="8.484270000">
        <ele>115.000</ele>
      </trkpt>
      <trkpt lat="44.864820000" lon="8.484240000">
        <ele>115.000</ele>
      </trkpt>
      <trkpt lat="44.865240000" lon="8.483710000">
        <ele>115.000</ele>
      </trkpt>
      <trkpt lat="44.865360000" lon="8.483530000">
        <ele>116.000</ele>
      </trkpt>
      <trkpt lat="44.865400000" lon="8.483480000">
        <ele>116.000</ele>
      </trkpt>
      <trkpt lat="44.865540000" lon="8.483280000">
        <ele>116.000</ele>
      </trkpt>
      <trkpt lat="44.865570000" lon="8.483200000">
        <ele>116.000</ele>
      </trkpt>
      <trkpt lat="44.865700000" lon="8.482910000">
        <ele>116.000</ele>
      </trkpt>
      <trkpt lat="44.865780000" lon="8.482720000">
        <ele>116.000</ele>
      </trkpt>
      <trkpt lat="44.865870000" lon="8.482490000">
        <ele>116.000</ele>
      </trkpt>
      <trkpt lat="44.865980000" lon="8.482120000">
        <ele>116.000</ele>
      </trkpt>
      <trkpt lat="44.866070000" lon="8.481660000">
        <ele>116.000</ele>
      </trkpt>
      <trkpt lat="44.866190000" lon="8.480780000">
        <ele>116.000</ele>
      </trkpt>
      <trkpt lat="44.866310000" lon="8.480000000">
        <ele>116.000</ele>
      </trkpt>
      <trkpt lat="44.866370000" lon="8.479540000">
        <ele>116.000</ele>
      </trkpt>
      <trkpt lat="44.866680000" lon="8.477340000">
        <ele>116.000</ele>
      </trkpt>
      <trkpt lat="44.866740000" lon="8.476920000">
        <ele>117.000</ele>
      </trkpt>
      <trkpt lat="44.866950000" lon="8.475490000">
        <ele>116.000</ele>
      </trkpt>
      <trkpt lat="44.867290000" lon="8.473260000">
        <ele>115.000</ele>
      </trkpt>
      <trkpt lat="44.867570000" lon="8.471360000">
        <ele>114.000</ele>
      </trkpt>
      <trkpt lat="44.867590000" lon="8.471260000">
        <ele>114.000</ele>
      </trkpt>
      <trkpt lat="44.867640000" lon="8.471010000">
        <ele>115.000</ele>
      </trkpt>
      <trkpt lat="44.867790000" lon="8.470540000">
        <ele>115.000</ele>
      </trkpt>
      <trkpt lat="44.867960000" lon="8.470100000">
        <ele>115.000</ele>
      </trkpt>
      <trkpt lat="44.868210000" lon="8.469610000">
        <ele>116.000</ele>
      </trkpt>
      <trkpt lat="44.868810000" lon="8.468540000">
        <ele>116.000</ele>
      </trkpt>
      <trkpt lat="44.868880000" lon="8.468410000">
        <ele>117.000</ele>
      </trkpt>
      <trkpt lat="44.869010000" lon="8.468160000">
        <ele>117.000</ele>
      </trkpt>
      <trkpt lat="44.869110000" lon="8.467920000">
        <ele>117.000</ele>
      </trkpt>
      <trkpt lat="44.869190000" lon="8.467670000">
        <ele>117.000</ele>
      </trkpt>
      <trkpt lat="44.869270000" lon="8.467340000">
        <ele>117.000</ele>
      </trkpt>
      <trkpt lat="44.869340000" lon="8.467010000">
        <ele>117.000</ele>
      </trkpt>
      <trkpt lat="44.869430000" lon="8.466640000">
        <ele>117.000</ele>
      </trkpt>
      <trkpt lat="44.869460000" lon="8.466510000">
        <ele>117.000</ele>
      </trkpt>
      <trkpt lat="44.869660000" lon="8.465530000">
        <ele>117.000</ele>
      </trkpt>
      <trkpt lat="44.869700000" lon="8.465200000">
        <ele>117.000</ele>
      </trkpt>
      <trkpt lat="44.869760000" lon="8.464680000">
        <ele>117.000</ele>
      </trkpt>
      <trkpt lat="44.869930000" lon="8.463260000">
        <ele>118.000</ele>
      </trkpt>
      <trkpt lat="44.870000000" lon="8.462830000">
        <ele>119.000</ele>
      </trkpt>
      <trkpt lat="44.870080000" lon="8.462510000">
        <ele>120.000</ele>
      </trkpt>
      <trkpt lat="44.870560000" lon="8.461260000">
        <ele>119.000</ele>
      </trkpt>
      <trkpt lat="44.870820000" lon="8.460590000">
        <ele>117.000</ele>
      </trkpt>
      <trkpt lat="44.871110000" lon="8.459880000">
        <ele>115.000</ele>
      </trkpt>
      <trkpt lat="44.871410000" lon="8.459100000">
        <ele>113.000</ele>
      </trkpt>
      <trkpt lat="44.872010000" lon="8.457630000">
        <ele>111.000</ele>
      </trkpt>
      <trkpt lat="44.872280000" lon="8.457050000">
        <ele>109.000</ele>
      </trkpt>
      <trkpt lat="44.872520000" lon="8.456600000">
        <ele>108.000</ele>
      </trkpt>
      <trkpt lat="44.872710000" lon="8.456320000">
        <ele>107.000</ele>
      </trkpt>
      <trkpt lat="44.872940000" lon="8.455970000">
        <ele>106.000</ele>
      </trkpt>
      <trkpt lat="44.873040000" lon="8.455810000">
        <ele>105.000</ele>
      </trkpt>
      <trkpt lat="44.873150000" lon="8.455540000">
        <ele>105.000</ele>
      </trkpt>
      <trkpt lat="44.873260000" lon="8.455230000">
        <ele>104.000</ele>
      </trkpt>
      <trkpt lat="44.873340000" lon="8.454920000">
        <ele>104.000</ele>
      </trkpt>
      <trkpt lat="44.873380000" lon="8.454620000">
        <ele>104.000</ele>
      </trkpt>
      <trkpt lat="44.873410000" lon="8.454270000">
        <ele>104.000</ele>
      </trkpt>
      <trkpt lat="44.873440000" lon="8.453750000">
        <ele>105.000</ele>
      </trkpt>
      <trkpt lat="44.873540000" lon="8.451190000">
        <ele>106.000</ele>
      </trkpt>
      <trkpt lat="44.873540000" lon="8.451170000">
        <ele>106.000</ele>
      </trkpt>
      <trkpt lat="44.873540000" lon="8.451120000">
        <ele>107.000</ele>
      </trkpt>
      <trkpt lat="44.873570000" lon="8.449510000">
        <ele>106.000</ele>
      </trkpt>
      <trkpt lat="44.873540000" lon="8.448780000">
        <ele>105.000</ele>
      </trkpt>
      <trkpt lat="44.873400000" lon="8.447990000">
        <ele>104.000</ele>
      </trkpt>
      <trkpt lat="44.873190000" lon="8.447110000">
        <ele>104.000</ele>
      </trkpt>
      <trkpt lat="44.872930000" lon="8.446170000">
        <ele>103.000</ele>
      </trkpt>
      <trkpt lat="44.872560000" lon="8.445010000">
        <ele>103.000</ele>
      </trkpt>
      <trkpt lat="44.872370000" lon="8.444370000">
        <ele>103.000</ele>
      </trkpt>
      <trkpt lat="44.872260000" lon="8.444000000">
        <ele>104.000</ele>
      </trkpt>
      <trkpt lat="44.872150000" lon="8.443940000">
        <ele>104.000</ele>
      </trkpt>
      <trkpt lat="44.871990000" lon="8.443740000">
        <ele>104.000</ele>
      </trkpt>
      <trkpt lat="44.871490000" lon="8.443090000">
        <ele>105.000</ele>
      </trkpt>
      <trkpt lat="44.871030000" lon="8.442520000">
        <ele>106.000</ele>
      </trkpt>
      <trkpt lat="44.870860000" lon="8.442260000">
        <ele>108.000</ele>
      </trkpt>
      <trkpt lat="44.870450000" lon="8.441340000">
        <ele>110.000</ele>
      </trkpt>
      <trkpt lat="44.869860000" lon="8.439920000">
        <ele>114.000</ele>
      </trkpt>
      <trkpt lat="44.869540000" lon="8.439160000">
        <ele>118.000</ele>
      </trkpt>
      <trkpt lat="44.869410000" lon="8.438860000">
        <ele>120.000</ele>
      </trkpt>
      <trkpt lat="44.869270000" lon="8.438590000">
        <ele>123.000</ele>
      </trkpt>
      <trkpt lat="44.868400000" lon="8.437080000">
        <ele>127.000</ele>
      </trkpt>
      <trkpt lat="44.868110000" lon="8.436570000">
        <ele>130.000</ele>
      </trkpt>
      <trkpt lat="44.867970000" lon="8.436340000">
        <ele>133.000</ele>
      </trkpt>
      <trkpt lat="44.867910000" lon="8.436240000">
        <ele>134.000</ele>
      </trkpt>
      <trkpt lat="44.867820000" lon="8.436160000">
        <ele>135.000</ele>
      </trkpt>
      <trkpt lat="44.867550000" lon="8.435980000">
        <ele>137.000</ele>
      </trkpt>
      <trkpt lat="44.867450000" lon="8.435890000">
        <ele>137.000</ele>
      </trkpt>
      <trkpt lat="44.867390000" lon="8.435810000">
        <ele>138.000</ele>
      </trkpt>
      <trkpt lat="44.867340000" lon="8.435670000">
        <ele>138.000</ele>
      </trkpt>
      <trkpt lat="44.867300000" lon="8.435510000">
        <ele>139.000</ele>
      </trkpt>
      <trkpt lat="44.867280000" lon="8.435120000">
        <ele>139.000</ele>
      </trkpt>
      <trkpt lat="44.867280000" lon="8.435120000">
        <ele>140.000</ele>
      </trkpt>
      <trkpt lat="44.867270000" lon="8.434980000">
        <ele>140.000</ele>
      </trkpt>
      <trkpt lat="44.867230000" lon="8.434590000">
        <ele>140.000</ele>
      </trkpt>
      <trkpt lat="44.867210000" lon="8.434430000">
        <ele>141.000</ele>
      </trkpt>
      <trkpt lat="44.867170000" lon="8.434090000">
        <ele>141.000</ele>
      </trkpt>
      <trkpt lat="44.867160000" lon="8.433990000">
        <ele>141.000</ele>
      </trkpt>
      <trkpt lat="44.867160000" lon="8.433840000">
        <ele>141.000</ele>
      </trkpt>
      <trkpt lat="44.867210000" lon="8.433620000">
        <ele>141.000</ele>
      </trkpt>
      <trkpt lat="44.867300000" lon="8.433310000">
        <ele>142.000</ele>
      </trkpt>
      <trkpt lat="44.867340000" lon="8.433060000">
        <ele>142.000</ele>
      </trkpt>
      <trkpt lat="44.867350000" lon="8.432950000">
        <ele>142.000</ele>
      </trkpt>
      <trkpt lat="44.867340000" lon="8.432750000">
        <ele>142.000</ele>
      </trkpt>
      <trkpt lat="44.867330000" lon="8.432590000">
        <ele>142.000</ele>
      </trkpt>
      <trkpt lat="44.867300000" lon="8.432350000">
        <ele>142.000</ele>
      </trkpt>
      <trkpt lat="44.867260000" lon="8.432070000">
        <ele>143.000</ele>
      </trkpt>
      <trkpt lat="44.867200000" lon="8.431700000">
        <ele>143.000</ele>
      </trkpt>
      <trkpt lat="44.867160000" lon="8.431500000">
        <ele>144.000</ele>
      </trkpt>
      <trkpt lat="44.867060000" lon="8.431290000">
        <ele>145.000</ele>
      </trkpt>
      <trkpt lat="44.866910000" lon="8.430950000">
        <ele>145.000</ele>
      </trkpt>
      <trkpt lat="44.866770000" lon="8.430650000">
        <ele>146.000</ele>
      </trkpt>
      <trkpt lat="44.866570000" lon="8.430210000">
        <ele>147.000</ele>
      </trkpt>
      <trkpt lat="44.866310000" lon="8.429670000">
        <ele>147.000</ele>
      </trkpt>
      <trkpt lat="44.866030000" lon="8.429070000">
        <ele>145.000</ele>
      </trkpt>
      <trkpt lat="44.865880000" lon="8.428690000">
        <ele>144.000</ele>
      </trkpt>
      <trkpt lat="44.865730000" lon="8.428340000">
        <ele>143.000</ele>
      </trkpt>
      <trkpt lat="44.865780000" lon="8.428250000">
        <ele>142.000</ele>
      </trkpt>
      <trkpt lat="44.865840000" lon="8.427960000">
        <ele>141.000</ele>
      </trkpt>
      <trkpt lat="44.865870000" lon="8.427800000">
        <ele>140.000</ele>
      </trkpt>
      <trkpt lat="44.865850000" lon="8.427640000">
        <ele>138.000</ele>
      </trkpt>
      <trkpt lat="44.865790000" lon="8.427170000">
        <ele>136.000</ele>
      </trkpt>
      <trkpt lat="44.865770000" lon="8.426880000">
        <ele>134.000</ele>
      </trkpt>
      <trkpt lat="44.865770000" lon="8.426750000">
        <ele>132.000</ele>
      </trkpt>
      <trkpt lat="44.865830000" lon="8.426650000">
        <ele>131.000</ele>
      </trkpt>
      <trkpt lat="44.865880000" lon="8.426590000">
        <ele>129.000</ele>
      </trkpt>
      <trkpt lat="44.865980000" lon="8.426550000">
        <ele>128.000</ele>
      </trkpt>
      <trkpt lat="44.866220000" lon="8.426500000">
        <ele>127.000</ele>
      </trkpt>
      <trkpt lat="44.866290000" lon="8.426450000">
        <ele>125.000</ele>
      </trkpt>
      <trkpt lat="44.866330000" lon="8.426390000">
        <ele>124.000</ele>
      </trkpt>
      <trkpt lat="44.866340000" lon="8.426300000">
        <ele>123.000</ele>
      </trkpt>
      <trkpt lat="44.866330000" lon="8.426240000">
        <ele>122.000</ele>
      </trkpt>
      <trkpt lat="44.866300000" lon="8.426200000">
        <ele>121.000</ele>
      </trkpt>
      <trkpt lat="44.866260000" lon="8.426170000">
        <ele>121.000</ele>
      </trkpt>
      <trkpt lat="44.866190000" lon="8.426170000">
        <ele>120.000</ele>
      </trkpt>
      <trkpt lat="44.866010000" lon="8.426210000">
        <ele>119.000</ele>
      </trkpt>
      <trkpt lat="44.865870000" lon="8.426250000">
        <ele>118.000</ele>
      </trkpt>
      <trkpt lat="44.865760000" lon="8.426230000">
        <ele>117.000</ele>
      </trkpt>
      <trkpt lat="44.865680000" lon="8.426170000">
        <ele>116.000</ele>
      </trkpt>
      <trkpt lat="44.865630000" lon="8.426080000">
        <ele>116.000</ele>
      </trkpt>
      <trkpt lat="44.865570000" lon="8.425930000">
        <ele>115.000</ele>
      </trkpt>
      <trkpt lat="44.865560000" lon="8.425660000">
        <ele>114.000</ele>
      </trkpt>
      <trkpt lat="44.865570000" lon="8.425150000">
        <ele>113.000</ele>
      </trkpt>
      <trkpt lat="44.865570000" lon="8.424590000">
        <ele>112.000</ele>
      </trkpt>
      <trkpt lat="44.865590000" lon="8.424330000">
        <ele>111.000</ele>
      </trkpt>
      <trkpt lat="44.865650000" lon="8.424130000">
        <ele>110.000</ele>
      </trkpt>
      <trkpt lat="44.865720000" lon="8.423990000">
        <ele>109.000</ele>
      </trkpt>
      <trkpt lat="44.865810000" lon="8.423880000">
        <ele>108.000</ele>
      </trkpt>
      <trkpt lat="44.865960000" lon="8.423760000">
        <ele>108.000</ele>
      </trkpt>
      <trkpt lat="44.866000000" lon="8.423750000">
        <ele>107.000</ele>
      </trkpt>
      <trkpt lat="44.865990000" lon="8.423560000">
        <ele>107.000</ele>
      </trkpt>
      <trkpt lat="44.865970000" lon="8.423130000">
        <ele>106.000</ele>
      </trkpt>
      <trkpt lat="44.865970000" lon="8.423030000">
        <ele>106.000</ele>
      </trkpt>
      <trkpt lat="44.865970000" lon="8.422800000">
        <ele>105.000</ele>
      </trkpt>
      <trkpt lat="44.865990000" lon="8.422650000">
        <ele>105.000</ele>
      </trkpt>
      <trkpt lat="44.866000000" lon="8.422570000">
        <ele>105.000</ele>
      </trkpt>
      <trkpt lat="44.866060000" lon="8.422350000">
        <ele>104.000</ele>
      </trkpt>
      <trkpt lat="44.866130000" lon="8.422190000">
        <ele>104.000</ele>
      </trkpt>
      <trkpt lat="44.866320000" lon="8.421870000">
        <ele>103.000</ele>
      </trkpt>
      <trkpt lat="44.866520000" lon="8.421540000">
        <ele>103.000</ele>
      </trkpt>
      <trkpt lat="44.866690000" lon="8.421310000">
        <ele>103.000</ele>
      </trkpt>
      <trkpt lat="44.866860000" lon="8.421140000">
        <ele>103.000</ele>
      </trkpt>
      <trkpt lat="44.866970000" lon="8.421050000">
        <ele>102.000</ele>
      </trkpt>
      <trkpt lat="44.867530000" lon="8.420580000">
        <ele>102.000</ele>
      </trkpt>
      <trkpt lat="44.868010000" lon="8.420230000">
        <ele>102.000</ele>
      </trkpt>
      <trkpt lat="44.868180000" lon="8.420120000">
        <ele>102.000</ele>
      </trkpt>
      <trkpt lat="44.868520000" lon="8.419860000">
        <ele>102.000</ele>
      </trkpt>
      <trkpt lat="44.868630000" lon="8.419780000">
        <ele>102.000</ele>
      </trkpt>
      <trkpt lat="44.868750000" lon="8.419610000">
        <ele>102.000</ele>
      </trkpt>
      <trkpt lat="44.868860000" lon="8.419430000">
        <ele>102.000</ele>
      </trkpt>
      <trkpt lat="44.868930000" lon="8.419210000">
        <ele>102.000</ele>
      </trkpt>
      <trkpt lat="44.869020000" lon="8.418820000">
        <ele>103.000</ele>
      </trkpt>
      <trkpt lat="44.869080000" lon="8.418260000">
        <ele>103.000</ele>
      </trkpt>
      <trkpt lat="44.869160000" lon="8.417560000">
        <ele>103.000</ele>
      </trkpt>
      <trkpt lat="44.869220000" lon="8.417340000">
        <ele>104.000</ele>
      </trkpt>
      <trkpt lat="44.869400000" lon="8.416620000">
        <ele>104.000</ele>
      </trkpt>
      <trkpt lat="44.869540000" lon="8.416060000">
        <ele>105.000</ele>
      </trkpt>
      <trkpt lat="44.869790000" lon="8.415130000">
        <ele>105.000</ele>
      </trkpt>
      <trkpt lat="44.869800000" lon="8.415100000">
        <ele>106.000</ele>
      </trkpt>
      <trkpt lat="44.869890000" lon="8.414720000">
        <ele>106.000</ele>
      </trkpt>
      <trkpt lat="44.870000000" lon="8.414420000">
        <ele>106.000</ele>
      </trkpt>
      <trkpt lat="44.870090000" lon="8.414260000">
        <ele>106.000</ele>
      </trkpt>
      <trkpt lat="44.870320000" lon="8.413850000">
        <ele>106.000</ele>
      </trkpt>
      <trkpt lat="44.870630000" lon="8.413310000">
        <ele>105.000</ele>
      </trkpt>
      <trkpt lat="44.870940000" lon="8.412830000">
        <ele>105.000</ele>
      </trkpt>
      <trkpt lat="44.870980000" lon="8.412730000">
        <ele>105.000</ele>
      </trkpt>
      <trkpt lat="44.871000000" lon="8.412650000">
        <ele>105.000</ele>
      </trkpt>
      <trkpt lat="44.871020000" lon="8.412560000">
        <ele>105.000</ele>
      </trkpt>
      <trkpt lat="44.871030000" lon="8.412470000">
        <ele>105.000</ele>
      </trkpt>
      <trkpt lat="44.871030000" lon="8.412400000">
        <ele>105.000</ele>
      </trkpt>
      <trkpt lat="44.871020000" lon="8.412320000">
        <ele>105.000</ele>
      </trkpt>
      <trkpt lat="44.871010000" lon="8.412250000">
        <ele>105.000</ele>
      </trkpt>
      <trkpt lat="44.871000000" lon="8.412180000">
        <ele>105.000</ele>
      </trkpt>
      <trkpt lat="44.870690000" lon="8.410850000">
        <ele>105.000</ele>
      </trkpt>
      <trkpt lat="44.871170000" lon="8.410720000">
        <ele>105.000</ele>
      </trkpt>
      <trkpt lat="44.871210000" lon="8.410710000">
        <ele>104.000</ele>
      </trkpt>
      <trkpt lat="44.871370000" lon="8.410670000">
        <ele>104.000</ele>
      </trkpt>
      <trkpt lat="44.872650000" lon="8.410340000">
        <ele>103.000</ele>
      </trkpt>
      <trkpt lat="44.873090000" lon="8.410220000">
        <ele>101.000</ele>
      </trkpt>
      <trkpt lat="44.876300000" lon="8.409500000">
        <ele>101.000</ele>
      </trkpt>
      <trkpt lat="44.876300000" lon="8.409500000">
        <ele>101.000</ele>
      </trkpt>
      <trkpt lat="44.876970000" lon="8.409350000">
        <ele>101.000</ele>
      </trkpt>
      <trkpt lat="44.879920000" lon="8.409140000">
        <ele>101.000</ele>
      </trkpt>
      <trkpt lat="44.880230000" lon="8.409120000">
        <ele>101.000</ele>
      </trkpt>
      <trkpt lat="44.880250000" lon="8.409120000">
        <ele>101.000</ele>
      </trkpt>
      <trkpt lat="44.880770000" lon="8.409150000">
        <ele>101.000</ele>
      </trkpt>
      <trkpt lat="44.881230000" lon="8.409290000">
        <ele>101.000</ele>
      </trkpt>
      <trkpt lat="44.882880000" lon="8.410130000">
        <ele>101.000</ele>
      </trkpt>
      <trkpt lat="44.884050000" lon="8.410310000">
        <ele>102.000</ele>
      </trkpt>
      <trkpt lat="44.884370000" lon="8.410370000">
        <ele>102.000</ele>
      </trkpt>
      <trkpt lat="44.884490000" lon="8.410380000">
        <ele>103.000</ele>
      </trkpt>
      <trkpt lat="44.884580000" lon="8.410360000">
        <ele>103.000</ele>
      </trkpt>
      <trkpt lat="44.884680000" lon="8.410300000">
        <ele>103.000</ele>
      </trkpt>
      <trkpt lat="44.884740000" lon="8.410170000">
        <ele>103.000</ele>
      </trkpt>
      <trkpt lat="44.884750000" lon="8.410030000">
        <ele>103.000</ele>
      </trkpt>
      <trkpt lat="44.884740000" lon="8.409770000">
        <ele>103.000</ele>
      </trkpt>
      <trkpt lat="44.884730000" lon="8.409670000">
        <ele>103.000</ele>
      </trkpt>
      <trkpt lat="44.884690000" lon="8.409430000">
        <ele>103.000</ele>
      </trkpt>
      <trkpt lat="44.884450000" lon="8.408700000">
        <ele>103.000</ele>
      </trkpt>
      <trkpt lat="44.883760000" lon="8.406490000">
        <ele>103.000</ele>
      </trkpt>
      <trkpt lat="44.883600000" lon="8.406030000">
        <ele>103.000</ele>
      </trkpt>
      <trkpt lat="44.883450000" lon="8.405590000">
        <ele>103.000</ele>
      </trkpt>
      <trkpt lat="44.883470000" lon="8.405490000">
        <ele>103.000</ele>
      </trkpt>
      <trkpt lat="44.883510000" lon="8.405430000">
        <ele>103.000</ele>
      </trkpt>
      <trkpt lat="44.883620000" lon="8.405390000">
        <ele>103.000</ele>
      </trkpt>
      <trkpt lat="44.884680000" lon="8.404990000">
        <ele>103.000</ele>
      </trkpt>
      <trkpt lat="44.886440000" lon="8.404360000">
        <ele>103.000</ele>
      </trkpt>
      <trkpt lat="44.886840000" lon="8.404340000">
        <ele>103.000</ele>
      </trkpt>
      <trkpt lat="44.887310000" lon="8.404390000">
        <ele>103.000</ele>
      </trkpt>
      <trkpt lat="44.887750000" lon="8.404500000">
        <ele>103.000</ele>
      </trkpt>
      <trkpt lat="44.889830000" lon="8.405240000">
        <ele>103.000</ele>
      </trkpt>
      <trkpt lat="44.889960000" lon="8.405250000">
        <ele>103.000</ele>
      </trkpt>
      <trkpt lat="44.890070000" lon="8.405220000">
        <ele>103.000</ele>
      </trkpt>
      <trkpt lat="44.890120000" lon="8.405200000">
        <ele>104.000</ele>
      </trkpt>
      <trkpt lat="44.890560000" lon="8.404870000">
        <ele>104.000</ele>
      </trkpt>
      <trkpt lat="44.890710000" lon="8.404780000">
        <ele>104.000</ele>
      </trkpt>
      <trkpt lat="44.891030000" lon="8.404610000">
        <ele>105.000</ele>
      </trkpt>
      <trkpt lat="44.891330000" lon="8.404480000">
        <ele>105.000</ele>
      </trkpt>
      <trkpt lat="44.891470000" lon="8.404450000">
        <ele>105.000</ele>
      </trkpt>
      <trkpt lat="44.891670000" lon="8.404450000">
        <ele>106.000</ele>
      </trkpt>
      <trkpt lat="44.891940000" lon="8.404440000">
        <ele>106.000</ele>
      </trkpt>
      <trkpt lat="44.892120000" lon="8.404380000">
        <ele>106.000</ele>
      </trkpt>
      <trkpt lat="44.892310000" lon="8.404310000">
        <ele>106.000</ele>
      </trkpt>
      <trkpt lat="44.892410000" lon="8.404320000">
        <ele>106.000</ele>
      </trkpt>
      <trkpt lat="44.892510000" lon="8.404360000">
        <ele>106.000</ele>
      </trkpt>
      <trkpt lat="44.892790000" lon="8.404540000">
        <ele>105.000</ele>
      </trkpt>
      <trkpt lat="44.893080000" lon="8.404710000">
        <ele>105.000</ele>
      </trkpt>
      <trkpt lat="44.893320000" lon="8.404930000">
        <ele>105.000</ele>
      </trkpt>
      <trkpt lat="44.893610000" lon="8.405280000">
        <ele>104.000</ele>
      </trkpt>
      <trkpt lat="44.894090000" lon="8.406010000">
        <ele>105.000</ele>
      </trkpt>
      <trkpt lat="44.894310000" lon="8.406300000">
        <ele>105.000</ele>
      </trkpt>
      <trkpt lat="44.894410000" lon="8.406430000">
        <ele>106.000</ele>
      </trkpt>
      <trkpt lat="44.894410000" lon="8.406430000">
        <ele>106.000</ele>
      </trkpt>
      <trkpt lat="44.894530000" lon="8.406530000">
        <ele>107.000</ele>
      </trkpt>
      <trkpt lat="44.894630000" lon="8.406610000">
        <ele>107.000</ele>
      </trkpt>
      <trkpt lat="44.894710000" lon="8.406650000">
        <ele>108.000</ele>
      </trkpt>
      <trkpt lat="44.894820000" lon="8.406690000">
        <ele>108.000</ele>
      </trkpt>
      <trkpt lat="44.894980000" lon="8.406730000">
        <ele>108.000</ele>
      </trkpt>
      <trkpt lat="44.895360000" lon="8.406820000">
        <ele>109.000</ele>
      </trkpt>
      <trkpt lat="44.895420000" lon="8.406840000">
        <ele>110.000</ele>
      </trkpt>
      <trkpt lat="44.895470000" lon="8.406880000">
        <ele>110.000</ele>
      </trkpt>
      <trkpt lat="44.895520000" lon="8.406960000">
        <ele>110.000</ele>
      </trkpt>
      <trkpt lat="44.895560000" lon="8.406930000">
        <ele>111.000</ele>
      </trkpt>
      <trkpt lat="44.895600000" lon="8.406910000">
        <ele>111.000</ele>
      </trkpt>
      <trkpt lat="44.895650000" lon="8.406890000">
        <ele>111.000</ele>
      </trkpt>
      <trkpt lat="44.895680000" lon="8.406880000">
        <ele>111.000</ele>
      </trkpt>
      <trkpt lat="44.895780000" lon="8.406860000">
        <ele>112.000</ele>
      </trkpt>
      <trkpt lat="44.896050000" lon="8.406980000">
        <ele>112.000</ele>
      </trkpt>
      <trkpt lat="44.896310000" lon="8.407130000">
        <ele>113.000</ele>
      </trkpt>
      <trkpt lat="44.896570000" lon="8.407190000">
        <ele>113.000</ele>
      </trkpt>
      <trkpt lat="44.896600000" lon="8.407210000">
        <ele>114.000</ele>
      </trkpt>
      <trkpt lat="44.896660000" lon="8.407200000">
        <ele>114.000</ele>
      </trkpt>
      <trkpt lat="44.896880000" lon="8.407130000">
        <ele>115.000</ele>
      </trkpt>
      <trkpt lat="44.897290000" lon="8.406920000">
        <ele>116.000</ele>
      </trkpt>
      <trkpt lat="44.897360000" lon="8.406860000">
        <ele>116.000</ele>
      </trkpt>
      <trkpt lat="44.897420000" lon="8.406780000">
        <ele>117.000</ele>
      </trkpt>
      <trkpt lat="44.897440000" lon="8.406690000">
        <ele>117.000</ele>
      </trkpt>
      <trkpt lat="44.897460000" lon="8.406580000">
        <ele>117.000</ele>
      </trkpt>
      <trkpt lat="44.897510000" lon="8.406420000">
        <ele>118.000</ele>
      </trkpt>
      <trkpt lat="44.897530000" lon="8.406370000">
        <ele>118.000</ele>
      </trkpt>
      <trkpt lat="44.897620000" lon="8.406290000">
        <ele>118.000</ele>
      </trkpt>
      <trkpt lat="44.897620000" lon="8.406290000">
        <ele>118.000</ele>
      </trkpt>
      <trkpt lat="44.898070000" lon="8.405840000">
        <ele>118.000</ele>
      </trkpt>
      <trkpt lat="44.898110000" lon="8.405940000">
        <ele>118.000</ele>
      </trkpt>
      <trkpt lat="44.898250000" lon="8.406450000">
        <ele>119.000</ele>
      </trkpt>
      <trkpt lat="44.898290000" lon="8.406660000">
        <ele>119.000</ele>
      </trkpt>
      <trkpt lat="44.898300000" lon="8.406790000">
        <ele>119.000</ele>
      </trkpt>
      <trkpt lat="44.898290000" lon="8.406950000">
        <ele>119.000</ele>
      </trkpt>
      <trkpt lat="44.898250000" lon="8.407310000">
        <ele>119.000</ele>
      </trkpt>
      <trkpt lat="44.898250000" lon="8.407450000">
        <ele>118.000</ele>
      </trkpt>
      <trkpt lat="44.898420000" lon="8.408360000">
        <ele>117.000</ele>
      </trkpt>
      <trkpt lat="44.898420000" lon="8.408460000">
        <ele>117.000</ele>
      </trkpt>
      <trkpt lat="44.898430000" lon="8.408550000">
        <ele>116.000</ele>
      </trkpt>
      <trkpt lat="44.898410000" lon="8.408710000">
        <ele>115.000</ele>
      </trkpt>
      <trkpt lat="44.898400000" lon="8.408970000">
        <ele>115.000</ele>
      </trkpt>
      <trkpt lat="44.898410000" lon="8.409120000">
        <ele>114.000</ele>
      </trkpt>
      <trkpt lat="44.898460000" lon="8.409750000">
        <ele>113.000</ele>
      </trkpt>
      <trkpt lat="44.898940000" lon="8.409480000">
        <ele>113.000</ele>
      </trkpt>
      <trkpt lat="44.899120000" lon="8.409330000">
        <ele>113.000</ele>
      </trkpt>
      <trkpt lat="44.899230000" lon="8.409240000">
        <ele>112.000</ele>
      </trkpt>
      <trkpt lat="44.899330000" lon="8.409130000">
        <ele>112.000</ele>
      </trkpt>
      <trkpt lat="44.899450000" lon="8.408990000">
        <ele>112.000</ele>
      </trkpt>
      <trkpt lat="44.899570000" lon="8.408830000">
        <ele>112.000</ele>
      </trkpt>
      <trkpt lat="44.899950000" lon="8.408310000">
        <ele>112.000</ele>
      </trkpt>
      <trkpt lat="44.900260000" lon="8.407910000">
        <ele>113.000</ele>
      </trkpt>
      <trkpt lat="44.900420000" lon="8.407760000">
        <ele>113.000</ele>
      </trkpt>
      <trkpt lat="44.900580000" lon="8.407660000">
        <ele>114.000</ele>
      </trkpt>
      <trkpt lat="44.900720000" lon="8.407610000">
        <ele>115.000</ele>
      </trkpt>
      <trkpt lat="44.901030000" lon="8.407570000">
        <ele>115.000</ele>
      </trkpt>
      <trkpt lat="44.901220000" lon="8.407510000">
        <ele>116.000</ele>
      </trkpt>
      <trkpt lat="44.901400000" lon="8.407420000">
        <ele>117.000</ele>
      </trkpt>
      <trkpt lat="44.901540000" lon="8.407270000">
        <ele>117.000</ele>
      </trkpt>
      <trkpt lat="44.901670000" lon="8.407070000">
        <ele>117.000</ele>
      </trkpt>
      <trkpt lat="44.901750000" lon="8.406870000">
        <ele>117.000</ele>
      </trkpt>
      <trkpt lat="44.901820000" lon="8.406670000">
        <ele>117.000</ele>
      </trkpt>
      <trkpt lat="44.901920000" lon="8.406330000">
        <ele>117.000</ele>
      </trkpt>
      <trkpt lat="44.901960000" lon="8.406170000">
        <ele>116.000</ele>
      </trkpt>
      <trkpt lat="44.902010000" lon="8.406030000">
        <ele>116.000</ele>
      </trkpt>
      <trkpt lat="44.902060000" lon="8.405920000">
        <ele>115.000</ele>
      </trkpt>
      <trkpt lat="44.902100000" lon="8.405850000">
        <ele>115.000</ele>
      </trkpt>
      <trkpt lat="44.902680000" lon="8.404970000">
        <ele>114.000</ele>
      </trkpt>
      <trkpt lat="44.903020000" lon="8.404450000">
        <ele>113.000</ele>
      </trkpt>
      <trkpt lat="44.903290000" lon="8.404040000">
        <ele>113.000</ele>
      </trkpt>
      <trkpt lat="44.903690000" lon="8.403510000">
        <ele>113.000</ele>
      </trkpt>
      <trkpt lat="44.904190000" lon="8.402950000">
        <ele>114.000</ele>
      </trkpt>
      <trkpt lat="44.904780000" lon="8.402380000">
        <ele>114.000</ele>
      </trkpt>
      <trkpt lat="44.905040000" lon="8.402130000">
        <ele>115.000</ele>
      </trkpt>
      <trkpt lat="44.905770000" lon="8.401430000">
        <ele>115.000</ele>
      </trkpt>
      <trkpt lat="44.905900000" lon="8.401320000">
        <ele>116.000</ele>
      </trkpt>
      <trkpt lat="44.906470000" lon="8.400800000">
        <ele>116.000</ele>
      </trkpt>
      <trkpt lat="44.906760000" lon="8.400560000">
        <ele>116.000</ele>
      </trkpt>
      <trkpt lat="44.907130000" lon="8.400330000">
        <ele>117.000</ele>
      </trkpt>
      <trkpt lat="44.907720000" lon="8.400020000">
        <ele>117.000</ele>
      </trkpt>
      <trkpt lat="44.908320000" lon="8.399730000">
        <ele>117.000</ele>
      </trkpt>
      <trkpt lat="44.908540000" lon="8.399600000">
        <ele>117.000</ele>
      </trkpt>
      <trkpt lat="44.908700000" lon="8.399470000">
        <ele>117.000</ele>
      </trkpt>
      <trkpt lat="44.908930000" lon="8.399280000">
        <ele>116.000</ele>
      </trkpt>
      <trkpt lat="44.909400000" lon="8.398800000">
        <ele>116.000</ele>
      </trkpt>
      <trkpt lat="44.909460000" lon="8.398740000">
        <ele>116.000</ele>
      </trkpt>
      <trkpt lat="44.909680000" lon="8.398530000">
        <ele>116.000</ele>
      </trkpt>
      <trkpt lat="44.910080000" lon="8.398200000">
        <ele>117.000</ele>
      </trkpt>
      <trkpt lat="44.910470000" lon="8.397870000">
        <ele>118.000</ele>
      </trkpt>
      <trkpt lat="44.910760000" lon="8.397620000">
        <ele>120.000</ele>
      </trkpt>
      <trkpt lat="44.911000000" lon="8.397370000">
        <ele>121.000</ele>
      </trkpt>
      <trkpt lat="44.911220000" lon="8.397110000">
        <ele>122.000</ele>
      </trkpt>
      <trkpt lat="44.911600000" lon="8.396590000">
        <ele>123.000</ele>
      </trkpt>
      <trkpt lat="44.912080000" lon="8.395970000">
        <ele>123.000</ele>
      </trkpt>
      <trkpt lat="44.912130000" lon="8.395910000">
        <ele>124.000</ele>
      </trkpt>
      <trkpt lat="44.912220000" lon="8.395810000">
        <ele>124.000</ele>
      </trkpt>
      <trkpt lat="44.912330000" lon="8.395690000">
        <ele>124.000</ele>
      </trkpt>
      <trkpt lat="44.912420000" lon="8.395600000">
        <ele>124.000</ele>
      </trkpt>
      <trkpt lat="44.912710000" lon="8.395380000">
        <ele>124.000</ele>
      </trkpt>
      <trkpt lat="44.912970000" lon="8.395220000">
        <ele>125.000</ele>
      </trkpt>
      <trkpt lat="44.914140000" lon="8.394530000">
        <ele>125.000</ele>
      </trkpt>
      <trkpt lat="44.915060000" lon="8.394010000">
        <ele>125.000</ele>
      </trkpt>
      <trkpt lat="44.916530000" lon="8.393140000">
        <ele>126.000</ele>
      </trkpt>
      <trkpt lat="44.916720000" lon="8.393000000">
        <ele>126.000</ele>
      </trkpt>
      <trkpt lat="44.916910000" lon="8.392840000">
        <ele>127.000</ele>
      </trkpt>
      <trkpt lat="44.916980000" lon="8.392770000">
        <ele>127.000</ele>
      </trkpt>
      <trkpt lat="44.917050000" lon="8.392690000">
        <ele>127.000</ele>
      </trkpt>
      <trkpt lat="44.917230000" lon="8.392500000">
        <ele>127.000</ele>
      </trkpt>
      <trkpt lat="44.917400000" lon="8.392300000">
        <ele>127.000</ele>
      </trkpt>
      <trkpt lat="44.917550000" lon="8.392090000">
        <ele>127.000</ele>
      </trkpt>
      <trkpt lat="44.918060000" lon="8.391410000">
        <ele>127.000</ele>
      </trkpt>
      <trkpt lat="44.918290000" lon="8.391140000">
        <ele>127.000</ele>
      </trkpt>
      <trkpt lat="44.918510000" lon="8.390910000">
        <ele>126.000</ele>
      </trkpt>
      <trkpt lat="44.918680000" lon="8.390750000">
        <ele>126.000</ele>
      </trkpt>
      <trkpt lat="44.918920000" lon="8.390590000">
        <ele>126.000</ele>
      </trkpt>
      <trkpt lat="44.919080000" lon="8.390510000">
        <ele>126.000</ele>
      </trkpt>
      <trkpt lat="44.919400000" lon="8.390320000">
        <ele>126.000</ele>
      </trkpt>
      <trkpt lat="44.919660000" lon="8.390160000">
        <ele>126.000</ele>
      </trkpt>
      <trkpt lat="44.919870000" lon="8.389990000">
        <ele>126.000</ele>
      </trkpt>
      <trkpt lat="44.920090000" lon="8.389770000">
        <ele>126.000</ele>
      </trkpt>
      <trkpt lat="44.920350000" lon="8.389440000">
        <ele>126.000</ele>
      </trkpt>
      <trkpt lat="44.920750000" lon="8.388920000">
        <ele>126.000</ele>
      </trkpt>
      <trkpt lat="44.921080000" lon="8.388480000">
        <ele>126.000</ele>
      </trkpt>
      <trkpt lat="44.921330000" lon="8.388130000">
        <ele>126.000</ele>
      </trkpt>
      <trkpt lat="44.921540000" lon="8.387820000">
        <ele>127.000</ele>
      </trkpt>
      <trkpt lat="44.921750000" lon="8.387450000">
        <ele>127.000</ele>
      </trkpt>
      <trkpt lat="44.921990000" lon="8.387040000">
        <ele>127.000</ele>
      </trkpt>
      <trkpt lat="44.922340000" lon="8.386450000">
        <ele>128.000</ele>
      </trkpt>
      <trkpt lat="44.922540000" lon="8.386170000">
        <ele>128.000</ele>
      </trkpt>
      <trkpt lat="44.922580000" lon="8.386120000">
        <ele>128.000</ele>
      </trkpt>
      <trkpt lat="44.922690000" lon="8.385970000">
        <ele>128.000</ele>
      </trkpt>
      <trkpt lat="44.923060000" lon="8.385520000">
        <ele>129.000</ele>
      </trkpt>
      <trkpt lat="44.923510000" lon="8.385000000">
        <ele>129.000</ele>
      </trkpt>
      <trkpt lat="44.923860000" lon="8.384530000">
        <ele>129.000</ele>
      </trkpt>
      <trkpt lat="44.924190000" lon="8.384110000">
        <ele>129.000</ele>
      </trkpt>
      <trkpt lat="44.924300000" lon="8.383960000">
        <ele>129.000</ele>
      </trkpt>
      <trkpt lat="44.924600000" lon="8.383560000">
        <ele>129.000</ele>
      </trkpt>
      <trkpt lat="44.924730000" lon="8.383310000">
        <ele>129.000</ele>
      </trkpt>
      <trkpt lat="44.924800000" lon="8.383190000">
        <ele>129.000</ele>
      </trkpt>
      <trkpt lat="44.924840000" lon="8.382970000">
        <ele>129.000</ele>
      </trkpt>
      <trkpt lat="44.924850000" lon="8.382870000">
        <ele>129.000</ele>
      </trkpt>
      <trkpt lat="44.925000000" lon="8.382480000">
        <ele>129.000</ele>
      </trkpt>
      <trkpt lat="44.925090000" lon="8.382270000">
        <ele>129.000</ele>
      </trkpt>
      <trkpt lat="44.925230000" lon="8.381950000">
        <ele>128.000</ele>
      </trkpt>
      <trkpt lat="44.925340000" lon="8.381720000">
        <ele>128.000</ele>
      </trkpt>
      <trkpt lat="44.925420000" lon="8.381600000">
        <ele>128.000</ele>
      </trkpt>
      <trkpt lat="44.925510000" lon="8.381500000">
        <ele>128.000</ele>
      </trkpt>
      <trkpt lat="44.925610000" lon="8.381440000">
        <ele>128.000</ele>
      </trkpt>
      <trkpt lat="44.925730000" lon="8.381390000">
        <ele>128.000</ele>
      </trkpt>
      <trkpt lat="44.925860000" lon="8.381360000">
        <ele>128.000</ele>
      </trkpt>
      <trkpt lat="44.926270000" lon="8.381330000">
        <ele>127.000</ele>
      </trkpt>
      <trkpt lat="44.926620000" lon="8.381310000">
        <ele>127.000</ele>
      </trkpt>
      <trkpt lat="44.927020000" lon="8.381270000">
        <ele>127.000</ele>
      </trkpt>
      <trkpt lat="44.927260000" lon="8.381200000">
        <ele>127.000</ele>
      </trkpt>
      <trkpt lat="44.927460000" lon="8.381120000">
        <ele>128.000</ele>
      </trkpt>
      <trkpt lat="44.927660000" lon="8.381030000">
        <ele>128.000</ele>
      </trkpt>
      <trkpt lat="44.927920000" lon="8.380880000">
        <ele>128.000</ele>
      </trkpt>
      <trkpt lat="44.928100000" lon="8.380770000">
        <ele>129.000</ele>
      </trkpt>
      <trkpt lat="44.928200000" lon="8.380710000">
        <ele>129.000</ele>
      </trkpt>
      <trkpt lat="44.928450000" lon="8.380570000">
        <ele>130.000</ele>
      </trkpt>
      <trkpt lat="44.928800000" lon="8.380350000">
        <ele>130.000</ele>
      </trkpt>
      <trkpt lat="44.929180000" lon="8.380110000">
        <ele>130.000</ele>
      </trkpt>
      <trkpt lat="44.929450000" lon="8.379960000">
        <ele>130.000</ele>
      </trkpt>
      <trkpt lat="44.929690000" lon="8.379810000">
        <ele>130.000</ele>
      </trkpt>
      <trkpt lat="44.930220000" lon="8.379490000">
        <ele>130.000</ele>
      </trkpt>
      <trkpt lat="44.930760000" lon="8.379170000">
        <ele>130.000</ele>
      </trkpt>
      <trkpt lat="44.931120000" lon="8.379000000">
        <ele>130.000</ele>
      </trkpt>
      <trkpt lat="44.931390000" lon="8.378900000">
        <ele>131.000</ele>
      </trkpt>
      <trkpt lat="44.931890000" lon="8.378710000">
        <ele>131.000</ele>
      </trkpt>
      <trkpt lat="44.932390000" lon="8.378600000">
        <ele>131.000</ele>
      </trkpt>
      <trkpt lat="44.932930000" lon="8.378440000">
        <ele>132.000</ele>
      </trkpt>
      <trkpt lat="44.933860000" lon="8.378220000">
        <ele>134.000</ele>
      </trkpt>
      <trkpt lat="44.934200000" lon="8.378140000">
        <ele>136.000</ele>
      </trkpt>
      <trkpt lat="44.934920000" lon="8.377900000">
        <ele>136.000</ele>
      </trkpt>
      <trkpt lat="44.935280000" lon="8.377790000">
        <ele>137.000</ele>
      </trkpt>
      <trkpt lat="44.935340000" lon="8.377770000">
        <ele>137.000</ele>
      </trkpt>
      <trkpt lat="44.935540000" lon="8.377660000">
        <ele>137.000</ele>
      </trkpt>
      <trkpt lat="44.935720000" lon="8.377550000">
        <ele>137.000</ele>
      </trkpt>
      <trkpt lat="44.935940000" lon="8.377410000">
        <ele>137.000</ele>
      </trkpt>
      <trkpt lat="44.936670000" lon="8.376860000">
        <ele>137.000</ele>
      </trkpt>
      <trkpt lat="44.937060000" lon="8.376560000">
        <ele>137.000</ele>
      </trkpt>
      <trkpt lat="44.937620000" lon="8.376170000">
        <ele>138.000</ele>
      </trkpt>
      <trkpt lat="44.937690000" lon="8.376110000">
        <ele>138.000</ele>
      </trkpt>
      <trkpt lat="44.938340000" lon="8.375630000">
        <ele>138.000</ele>
      </trkpt>
      <trkpt lat="44.938500000" lon="8.375510000">
        <ele>139.000</ele>
      </trkpt>
      <trkpt lat="44.938810000" lon="8.375270000">
        <ele>139.000</ele>
      </trkpt>
      <trkpt lat="44.939030000" lon="8.375140000">
        <ele>139.000</ele>
      </trkpt>
      <trkpt lat="44.939180000" lon="8.375070000">
        <ele>139.000</ele>
      </trkpt>
      <trkpt lat="44.940040000" lon="8.374740000">
        <ele>140.000</ele>
      </trkpt>
      <trkpt lat="44.940860000" lon="8.374420000">
        <ele>140.000</ele>
      </trkpt>
      <trkpt lat="44.941080000" lon="8.374330000">
        <ele>140.000</ele>
      </trkpt>
      <trkpt lat="44.941260000" lon="8.374190000">
        <ele>140.000</ele>
      </trkpt>
      <trkpt lat="44.941430000" lon="8.374010000">
        <ele>140.000</ele>
      </trkpt>
      <trkpt lat="44.941600000" lon="8.373810000">
        <ele>140.000</ele>
      </trkpt>
      <trkpt lat="44.943250000" lon="8.371880000">
        <ele>140.000</ele>
      </trkpt>
      <trkpt lat="44.943660000" lon="8.371390000">
        <ele>140.000</ele>
      </trkpt>
      <trkpt lat="44.943840000" lon="8.371230000">
        <ele>140.000</ele>
      </trkpt>
      <trkpt lat="44.944030000" lon="8.371090000">
        <ele>140.000</ele>
      </trkpt>
      <trkpt lat="44.944280000" lon="8.370940000">
        <ele>140.000</ele>
      </trkpt>
      <trkpt lat="44.944580000" lon="8.370840000">
        <ele>140.000</ele>
      </trkpt>
      <trkpt lat="44.944730000" lon="8.370820000">
        <ele>140.000</ele>
      </trkpt>
      <trkpt lat="44.944780000" lon="8.370810000">
        <ele>140.000</ele>
      </trkpt>
      <trkpt lat="44.944950000" lon="8.370800000">
        <ele>140.000</ele>
      </trkpt>
      <trkpt lat="44.945090000" lon="8.370820000">
        <ele>141.000</ele>
      </trkpt>
      <trkpt lat="44.945410000" lon="8.370870000">
        <ele>141.000</ele>
      </trkpt>
      <trkpt lat="44.945930000" lon="8.370920000">
        <ele>141.000</ele>
      </trkpt>
      <trkpt lat="44.946850000" lon="8.371030000">
        <ele>142.000</ele>
      </trkpt>
      <trkpt lat="44.946970000" lon="8.371060000">
        <ele>143.000</ele>
      </trkpt>
      <trkpt lat="44.947630000" lon="8.371160000">
        <ele>144.000</ele>
      </trkpt>
      <trkpt lat="44.948190000" lon="8.371250000">
        <ele>144.000</ele>
      </trkpt>
      <trkpt lat="44.948390000" lon="8.371270000">
        <ele>144.000</ele>
      </trkpt>
      <trkpt lat="44.948860000" lon="8.371330000">
        <ele>144.000</ele>
      </trkpt>
      <trkpt lat="44.949470000" lon="8.371400000">
        <ele>145.000</ele>
      </trkpt>
      <trkpt lat="44.949470000" lon="8.371400000">
        <ele>145.000</ele>
      </trkpt>
      <trkpt lat="44.950210000" lon="8.371490000">
        <ele>145.000</ele>
      </trkpt>
      <trkpt lat="44.950630000" lon="8.371490000">
        <ele>145.000</ele>
      </trkpt>
      <trkpt lat="44.950860000" lon="8.371470000">
        <ele>146.000</ele>
      </trkpt>
      <trkpt lat="44.951100000" lon="8.371430000">
        <ele>146.000</ele>
      </trkpt>
      <trkpt lat="44.951300000" lon="8.371390000">
        <ele>146.000</ele>
      </trkpt>
      <trkpt lat="44.951450000" lon="8.371330000">
        <ele>147.000</ele>
      </trkpt>
      <trkpt lat="44.951610000" lon="8.371270000">
        <ele>147.000</ele>
      </trkpt>
      <trkpt lat="44.951930000" lon="8.371110000">
        <ele>147.000</ele>
      </trkpt>
      <trkpt lat="44.952320000" lon="8.370870000">
        <ele>147.000</ele>
      </trkpt>
      <trkpt lat="44.953630000" lon="8.370100000">
        <ele>148.000</ele>
      </trkpt>
      <trkpt lat="44.953890000" lon="8.369940000">
        <ele>148.000</ele>
      </trkpt>
      <trkpt lat="44.955080000" lon="8.369240000">
        <ele>148.000</ele>
      </trkpt>
      <trkpt lat="44.955320000" lon="8.369130000">
        <ele>149.000</ele>
      </trkpt>
      <trkpt lat="44.955560000" lon="8.369050000">
        <ele>149.000</ele>
      </trkpt>
      <trkpt lat="44.955870000" lon="8.369010000">
        <ele>149.000</ele>
      </trkpt>
      <trkpt lat="44.956130000" lon="8.369040000">
        <ele>149.000</ele>
      </trkpt>
      <trkpt lat="44.956400000" lon="8.369110000">
        <ele>150.000</ele>
      </trkpt>
      <trkpt lat="44.956760000" lon="8.369250000">
        <ele>150.000</ele>
      </trkpt>
      <trkpt lat="44.958000000" lon="8.369820000">
        <ele>150.000</ele>
      </trkpt>
      <trkpt lat="44.960010000" lon="8.370760000">
        <ele>151.000</ele>
      </trkpt>
      <trkpt lat="44.961940000" lon="8.371680000">
        <ele>152.000</ele>
      </trkpt>
      <trkpt lat="44.962560000" lon="8.371980000">
        <ele>154.000</ele>
      </trkpt>
      <trkpt lat="44.962670000" lon="8.372030000">
        <ele>155.000</ele>
      </trkpt>
      <trkpt lat="44.962840000" lon="8.372100000">
        <ele>156.000</ele>
      </trkpt>
      <trkpt lat="44.963040000" lon="8.372180000">
        <ele>156.000</ele>
      </trkpt>
      <trkpt lat="44.963210000" lon="8.372230000">
        <ele>157.000</ele>
      </trkpt>
      <trkpt lat="44.963400000" lon="8.372250000">
        <ele>158.000</ele>
      </trkpt>
      <trkpt lat="44.963580000" lon="8.372240000">
        <ele>158.000</ele>
      </trkpt>
      <trkpt lat="44.963830000" lon="8.372200000">
        <ele>159.000</ele>
      </trkpt>
      <trkpt lat="44.964710000" lon="8.372060000">
        <ele>159.000</ele>
      </trkpt>
      <trkpt lat="44.965370000" lon="8.371940000">
        <ele>159.000</ele>
      </trkpt>
      <trkpt lat="44.965510000" lon="8.371880000">
        <ele>159.000</ele>
      </trkpt>
      <trkpt lat="44.965690000" lon="8.371760000">
        <ele>159.000</ele>
      </trkpt>
      <trkpt lat="44.965820000" lon="8.371590000">
        <ele>159.000</ele>
      </trkpt>
      <trkpt lat="44.965960000" lon="8.371340000">
        <ele>160.000</ele>
      </trkpt>
      <trkpt lat="44.966900000" lon="8.369280000">
        <ele>161.000</ele>
      </trkpt>
      <trkpt lat="44.968130000" lon="8.366520000">
        <ele>162.000</ele>
      </trkpt>
      <trkpt lat="44.968270000" lon="8.366270000">
        <ele>162.000</ele>
      </trkpt>
      <trkpt lat="44.968400000" lon="8.366040000">
        <ele>163.000</ele>
      </trkpt>
      <trkpt lat="44.968540000" lon="8.365840000">
        <ele>163.000</ele>
      </trkpt>
      <trkpt lat="44.968720000" lon="8.365650000">
        <ele>164.000</ele>
      </trkpt>
      <trkpt lat="44.968890000" lon="8.365470000">
        <ele>164.000</ele>
      </trkpt>
      <trkpt lat="44.969100000" lon="8.365300000">
        <ele>164.000</ele>
      </trkpt>
      <trkpt lat="44.969520000" lon="8.365060000">
        <ele>165.000</ele>
      </trkpt>
      <trkpt lat="44.970090000" lon="8.364760000">
        <ele>165.000</ele>
      </trkpt>
      <trkpt lat="44.971260000" lon="8.364190000">
        <ele>166.000</ele>
      </trkpt>
      <trkpt lat="44.971730000" lon="8.363890000">
        <ele>166.000</ele>
      </trkpt>
      <trkpt lat="44.972200000" lon="8.363510000">
        <ele>167.000</ele>
      </trkpt>
      <trkpt lat="44.973070000" lon="8.362770000">
        <ele>168.000</ele>
      </trkpt>
      <trkpt lat="44.973630000" lon="8.362300000">
        <ele>169.000</ele>
      </trkpt>
      <trkpt lat="44.973950000" lon="8.362110000">
        <ele>170.000</ele>
      </trkpt>
      <trkpt lat="44.974240000" lon="8.362000000">
        <ele>172.000</ele>
      </trkpt>
      <trkpt lat="44.974680000" lon="8.361870000">
        <ele>174.000</ele>
      </trkpt>
      <trkpt lat="44.975270000" lon="8.361730000">
        <ele>178.000</ele>
      </trkpt>
      <trkpt lat="44.975850000" lon="8.361610000">
        <ele>182.000</ele>
      </trkpt>
      <trkpt lat="44.976370000" lon="8.361440000">
        <ele>186.000</ele>
      </trkpt>
      <trkpt lat="44.977020000" lon="8.361150000">
        <ele>191.000</ele>
      </trkpt>
      <trkpt lat="44.977140000" lon="8.361050000">
        <ele>195.000</ele>
      </trkpt>
      <trkpt lat="44.977310000" lon="8.361030000">
        <ele>197.000</ele>
      </trkpt>
      <trkpt lat="44.977470000" lon="8.361020000">
        <ele>200.000</ele>
      </trkpt>
      <trkpt lat="44.977880000" lon="8.361030000">
        <ele>202.000</ele>
      </trkpt>
      <trkpt lat="44.977980000" lon="8.361040000">
        <ele>204.000</ele>
      </trkpt>
      <trkpt lat="44.978170000" lon="8.360920000">
        <ele>205.000</ele>
      </trkpt>
      <trkpt lat="44.978370000" lon="8.360700000">
        <ele>207.000</ele>
      </trkpt>
      <trkpt lat="44.978600000" lon="8.360500000">
        <ele>208.000</ele>
      </trkpt>
      <trkpt lat="44.978780000" lon="8.360390000">
        <ele>208.000</ele>
      </trkpt>
      <trkpt lat="44.978990000" lon="8.360220000">
        <ele>209.000</ele>
      </trkpt>
      <trkpt lat="44.979290000" lon="8.359940000">
        <ele>210.000</ele>
      </trkpt>
      <trkpt lat="44.979660000" lon="8.359520000">
        <ele>211.000</ele>
      </trkpt>
      <trkpt lat="44.979750000" lon="8.359410000">
        <ele>211.000</ele>
      </trkpt>
      <trkpt lat="44.979790000" lon="8.359350000">
        <ele>212.000</ele>
      </trkpt>
      <trkpt lat="44.979810000" lon="8.359310000">
        <ele>212.000</ele>
      </trkpt>
      <trkpt lat="44.979810000" lon="8.359310000">
        <ele>213.000</ele>
      </trkpt>
      <trkpt lat="44.979890000" lon="8.359170000">
        <ele>213.000</ele>
      </trkpt>
      <trkpt lat="44.979970000" lon="8.358990000">
        <ele>213.000</ele>
      </trkpt>
      <trkpt lat="44.980050000" lon="8.358810000">
        <ele>214.000</ele>
      </trkpt>
      <trkpt lat="44.980160000" lon="8.358620000">
        <ele>214.000</ele>
      </trkpt>
      <trkpt lat="44.980320000" lon="8.358420000">
        <ele>214.000</ele>
      </trkpt>
      <trkpt lat="44.980350000" lon="8.358390000">
        <ele>215.000</ele>
      </trkpt>
      <trkpt lat="44.980410000" lon="8.358340000">
        <ele>215.000</ele>
      </trkpt>
      <trkpt lat="44.980440000" lon="8.358320000">
        <ele>215.000</ele>
      </trkpt>
      <trkpt lat="44.980500000" lon="8.358270000">
        <ele>215.000</ele>
      </trkpt>
      <trkpt lat="44.980560000" lon="8.358230000">
        <ele>216.000</ele>
      </trkpt>
      <trkpt lat="44.980740000" lon="8.358040000">
        <ele>216.000</ele>
      </trkpt>
      <trkpt lat="44.980940000" lon="8.357930000">
        <ele>216.000</ele>
      </trkpt>
      <trkpt lat="44.981090000" lon="8.357900000">
        <ele>217.000</ele>
      </trkpt>
      <trkpt lat="44.981250000" lon="8.357870000">
        <ele>217.000</ele>
      </trkpt>
      <trkpt lat="44.981340000" lon="8.357850000">
        <ele>217.000</ele>
      </trkpt>
      <trkpt lat="44.981440000" lon="8.357810000">
        <ele>216.000</ele>
      </trkpt>
      <trkpt lat="44.981570000" lon="8.357670000">
        <ele>216.000</ele>
      </trkpt>
      <trkpt lat="44.981600000" lon="8.357630000">
        <ele>216.000</ele>
      </trkpt>
      <trkpt lat="44.981700000" lon="8.357470000">
        <ele>215.000</ele>
      </trkpt>
      <trkpt lat="44.981850000" lon="8.357290000">
        <ele>215.000</ele>
      </trkpt>
      <trkpt lat="44.981950000" lon="8.357130000">
        <ele>214.000</ele>
      </trkpt>
      <trkpt lat="44.982080000" lon="8.356920000">
        <ele>214.000</ele>
      </trkpt>
      <trkpt lat="44.982160000" lon="8.356740000">
        <ele>213.000</ele>
      </trkpt>
      <trkpt lat="44.982250000" lon="8.356510000">
        <ele>212.000</ele>
      </trkpt>
      <trkpt lat="44.982280000" lon="8.356430000">
        <ele>212.000</ele>
      </trkpt>
      <trkpt lat="44.982390000" lon="8.356120000">
        <ele>211.000</ele>
      </trkpt>
      <trkpt lat="44.982490000" lon="8.355850000">
        <ele>210.000</ele>
      </trkpt>
      <trkpt lat="44.982640000" lon="8.355580000">
        <ele>209.000</ele>
      </trkpt>
      <trkpt lat="44.982760000" lon="8.355370000">
        <ele>208.000</ele>
      </trkpt>
      <trkpt lat="44.983050000" lon="8.355220000">
        <ele>207.000</ele>
      </trkpt>
      <trkpt lat="44.983510000" lon="8.355030000">
        <ele>206.000</ele>
      </trkpt>
      <trkpt lat="44.983910000" lon="8.354840000">
        <ele>204.000</ele>
      </trkpt>
      <trkpt lat="44.983950000" lon="8.354890000">
        <ele>203.000</ele>
      </trkpt>
      <trkpt lat="44.984110000" lon="8.355070000">
        <ele>201.000</ele>
      </trkpt>
      <trkpt lat="44.984140000" lon="8.355140000">
        <ele>200.000</ele>
      </trkpt>
      <trkpt lat="44.984150000" lon="8.355190000">
        <ele>199.000</ele>
      </trkpt>
      <trkpt lat="44.984150000" lon="8.355240000">
        <ele>199.000</ele>
      </trkpt>
      <trkpt lat="44.984150000" lon="8.355290000">
        <ele>198.000</ele>
      </trkpt>
      <trkpt lat="44.984140000" lon="8.355340000">
        <ele>198.000</ele>
      </trkpt>
      <trkpt lat="44.984120000" lon="8.355440000">
        <ele>197.000</ele>
      </trkpt>
      <trkpt lat="44.984040000" lon="8.355570000">
        <ele>197.000</ele>
      </trkpt>
      <trkpt lat="44.983960000" lon="8.355640000">
        <ele>196.000</ele>
      </trkpt>
      <trkpt lat="44.983850000" lon="8.355730000">
        <ele>195.000</ele>
      </trkpt>
      <trkpt lat="44.983560000" lon="8.355910000">
        <ele>194.000</ele>
      </trkpt>
      <trkpt lat="44.983520000" lon="8.355940000">
        <ele>193.000</ele>
      </trkpt>
      <trkpt lat="44.983490000" lon="8.356000000">
        <ele>192.000</ele>
      </trkpt>
      <trkpt lat="44.983470000" lon="8.356040000">
        <ele>192.000</ele>
      </trkpt>
      <trkpt lat="44.983460000" lon="8.356100000">
        <ele>191.000</ele>
      </trkpt>
      <trkpt lat="44.983460000" lon="8.356160000">
        <ele>191.000</ele>
      </trkpt>
      <trkpt lat="44.983470000" lon="8.356240000">
        <ele>190.000</ele>
      </trkpt>
      <trkpt lat="44.983490000" lon="8.356280000">
        <ele>190.000</ele>
      </trkpt>
      <trkpt lat="44.983510000" lon="8.356310000">
        <ele>190.000</ele>
      </trkpt>
      <trkpt lat="44.983550000" lon="8.356340000">
        <ele>189.000</ele>
      </trkpt>
      <trkpt lat="44.983590000" lon="8.356350000">
        <ele>189.000</ele>
      </trkpt>
      <trkpt lat="44.983650000" lon="8.356360000">
        <ele>189.000</ele>
      </trkpt>
      <trkpt lat="44.983700000" lon="8.356340000">
        <ele>188.000</ele>
      </trkpt>
      <trkpt lat="44.983840000" lon="8.356260000">
        <ele>188.000</ele>
      </trkpt>
      <trkpt lat="44.984090000" lon="8.356120000">
        <ele>187.000</ele>
      </trkpt>
      <trkpt lat="44.984320000" lon="8.356050000">
        <ele>186.000</ele>
      </trkpt>
      <trkpt lat="44.984490000" lon="8.356010000">
        <ele>185.000</ele>
      </trkpt>
      <trkpt lat="44.984570000" lon="8.355920000">
        <ele>185.000</ele>
      </trkpt>
      <trkpt lat="44.984630000" lon="8.355810000">
        <ele>184.000</ele>
      </trkpt>
      <trkpt lat="44.984720000" lon="8.355530000">
        <ele>184.000</ele>
      </trkpt>
      <trkpt lat="44.984810000" lon="8.355210000">
        <ele>183.000</ele>
      </trkpt>
      <trkpt lat="44.984870000" lon="8.354920000">
        <ele>182.000</ele>
      </trkpt>
      <trkpt lat="44.984910000" lon="8.354810000">
        <ele>181.000</ele>
      </trkpt>
      <trkpt lat="44.984970000" lon="8.354690000">
        <ele>181.000</ele>
      </trkpt>
      <trkpt lat="44.985050000" lon="8.354640000">
        <ele>180.000</ele>
      </trkpt>
      <trkpt lat="44.985230000" lon="8.354590000">
        <ele>180.000</ele>
      </trkpt>
      <trkpt lat="44.985430000" lon="8.354500000">
        <ele>179.000</ele>
      </trkpt>
      <trkpt lat="44.985590000" lon="8.354310000">
        <ele>177.000</ele>
      </trkpt>
      <trkpt lat="44.985740000" lon="8.354060000">
        <ele>176.000</ele>
      </trkpt>
      <trkpt lat="44.985840000" lon="8.353830000">
        <ele>174.000</ele>
      </trkpt>
      <trkpt lat="44.985970000" lon="8.353570000">
        <ele>173.000</ele>
      </trkpt>
      <trkpt lat="44.986070000" lon="8.353460000">
        <ele>171.000</ele>
      </trkpt>
      <trkpt lat="44.986110000" lon="8.353420000">
        <ele>170.000</ele>
      </trkpt>
      <trkpt lat="44.986170000" lon="8.353390000">
        <ele>170.000</ele>
      </trkpt>
      <trkpt lat="44.986220000" lon="8.353370000">
        <ele>169.000</ele>
      </trkpt>
      <trkpt lat="44.986280000" lon="8.353370000">
        <ele>168.000</ele>
      </trkpt>
      <trkpt lat="44.986430000" lon="8.353400000">
        <ele>167.000</ele>
      </trkpt>
      <trkpt lat="44.986940000" lon="8.353630000">
        <ele>165.000</ele>
      </trkpt>
      <trkpt lat="44.986410000" lon="8.356130000">
        <ele>164.000</ele>
      </trkpt>
      <trkpt lat="44.986360000" lon="8.356390000">
        <ele>163.000</ele>
      </trkpt>
      <trkpt lat="44.986340000" lon="8.356570000">
        <ele>162.000</ele>
      </trkpt>
      <trkpt lat="44.986310000" lon="8.356790000">
        <ele>162.000</ele>
      </trkpt>
      <trkpt lat="44.986280000" lon="8.357140000">
        <ele>161.000</ele>
      </trkpt>
      <trkpt lat="44.986280000" lon="8.358590000">
        <ele>162.000</ele>
      </trkpt>
      <trkpt lat="44.986270000" lon="8.359450000">
        <ele>162.000</ele>
      </trkpt>
      <trkpt lat="44.986280000" lon="8.362080000">
        <ele>160.000</ele>
      </trkpt>
      <trkpt lat="44.986280000" lon="8.362080000">
        <ele>159.000</ele>
      </trkpt>
      <trkpt lat="44.986280000" lon="8.362940000">
        <ele>159.000</ele>
      </trkpt>
      <trkpt lat="44.986290000" lon="8.364660000">
        <ele>158.000</ele>
      </trkpt>
      <trkpt lat="44.986280000" lon="8.366150000">
        <ele>158.000</ele>
      </trkpt>
      <trkpt lat="44.986290000" lon="8.372780000">
        <ele>157.000</ele>
      </trkpt>
      <trkpt lat="44.986300000" lon="8.376510000">
        <ele>158.000</ele>
      </trkpt>
      <trkpt lat="44.986300000" lon="8.377070000">
        <ele>158.000</ele>
      </trkpt>
      <trkpt lat="44.986320000" lon="8.377320000">
        <ele>159.000</ele>
      </trkpt>
      <trkpt lat="44.986370000" lon="8.377650000">
        <ele>159.000</ele>
      </trkpt>
      <trkpt lat="44.986440000" lon="8.378030000">
        <ele>158.000</ele>
      </trkpt>
      <trkpt lat="44.986580000" lon="8.378400000">
        <ele>158.000</ele>
      </trkpt>
      <trkpt lat="44.986810000" lon="8.378920000">
        <ele>157.000</ele>
      </trkpt>
      <trkpt lat="44.987550000" lon="8.380530000">
        <ele>156.000</ele>
      </trkpt>
      <trkpt lat="44.988060000" lon="8.381620000">
        <ele>156.000</ele>
      </trkpt>
      <trkpt lat="44.988610000" lon="8.382800000">
        <ele>155.000</ele>
      </trkpt>
      <trkpt lat="44.989140000" lon="8.383940000">
        <ele>154.000</ele>
      </trkpt>
      <trkpt lat="44.989320000" lon="8.384250000">
        <ele>154.000</ele>
      </trkpt>
      <trkpt lat="44.989580000" lon="8.384610000">
        <ele>154.000</ele>
      </trkpt>
      <trkpt lat="44.989810000" lon="8.384870000">
        <ele>154.000</ele>
      </trkpt>
      <trkpt lat="44.990010000" lon="8.385050000">
        <ele>154.000</ele>
      </trkpt>
      <trkpt lat="44.990180000" lon="8.385190000">
        <ele>154.000</ele>
      </trkpt>
      <trkpt lat="44.992720000" lon="8.386560000">
        <ele>155.000</ele>
      </trkpt>
      <trkpt lat="44.993060000" lon="8.386780000">
        <ele>156.000</ele>
      </trkpt>
      <trkpt lat="44.993210000" lon="8.386900000">
        <ele>156.000</ele>
      </trkpt>
      <trkpt lat="44.993350000" lon="8.387040000">
        <ele>156.000</ele>
      </trkpt>
      <trkpt lat="44.993740000" lon="8.387570000">
        <ele>156.000</ele>
      </trkpt>
      <trkpt lat="44.994520000" lon="8.388710000">
        <ele>156.000</ele>
      </trkpt>
      <trkpt lat="44.994560000" lon="8.388760000">
        <ele>155.000</ele>
      </trkpt>
      <trkpt lat="44.994650000" lon="8.388890000">
        <ele>155.000</ele>
      </trkpt>
      <trkpt lat="44.994650000" lon="8.388900000">
        <ele>155.000</ele>
      </trkpt>
      <trkpt lat="44.994680000" lon="8.388950000">
        <ele>155.000</ele>
      </trkpt>
      <trkpt lat="44.994730000" lon="8.389020000">
        <ele>155.000</ele>
      </trkpt>
      <trkpt lat="44.994870000" lon="8.389190000">
        <ele>154.000</ele>
      </trkpt>
      <trkpt lat="44.994880000" lon="8.389210000">
        <ele>154.000</ele>
      </trkpt>
      <trkpt lat="44.994910000" lon="8.389250000">
        <ele>154.000</ele>
      </trkpt>
      <trkpt lat="44.994960000" lon="8.389300000">
        <ele>154.000</ele>
      </trkpt>
      <trkpt lat="44.995010000" lon="8.389360000">
        <ele>154.000</ele>
      </trkpt>
      <trkpt lat="44.995110000" lon="8.389440000">
        <ele>154.000</ele>
      </trkpt>
      <trkpt lat="44.995200000" lon="8.389500000">
        <ele>154.000</ele>
      </trkpt>
      <trkpt lat="44.995280000" lon="8.389540000">
        <ele>154.000</ele>
      </trkpt>
      <trkpt lat="44.995380000" lon="8.389570000">
        <ele>154.000</ele>
      </trkpt>
      <trkpt lat="44.995460000" lon="8.389590000">
        <ele>154.000</ele>
      </trkpt>
      <trkpt lat="44.995560000" lon="8.389590000">
        <ele>154.000</ele>
      </trkpt>
      <trkpt lat="44.995830000" lon="8.389600000">
        <ele>154.000</ele>
      </trkpt>
      <trkpt lat="44.996410000" lon="8.389540000">
        <ele>154.000</ele>
      </trkpt>
      <trkpt lat="44.997150000" lon="8.389470000">
        <ele>154.000</ele>
      </trkpt>
      <trkpt lat="44.998360000" lon="8.389360000">
        <ele>154.000</ele>
      </trkpt>
      <trkpt lat="44.999210000" lon="8.389290000">
        <ele>154.000</ele>
      </trkpt>
      <trkpt lat="44.999230000" lon="8.389300000">
        <ele>155.000</ele>
      </trkpt>
      <trkpt lat="44.999250000" lon="8.389310000">
        <ele>155.000</ele>
      </trkpt>
      <trkpt lat="44.999270000" lon="8.389330000">
        <ele>155.000</ele>
      </trkpt>
      <trkpt lat="44.999280000" lon="8.389360000">
        <ele>156.000</ele>
      </trkpt>
      <trkpt lat="44.999300000" lon="8.389380000">
        <ele>156.000</ele>
      </trkpt>
      <trkpt lat="44.999310000" lon="8.389400000">
        <ele>156.000</ele>
      </trkpt>
      <trkpt lat="44.999330000" lon="8.389410000">
        <ele>156.000</ele>
      </trkpt>
      <trkpt lat="44.999340000" lon="8.389410000">
        <ele>156.000</ele>
      </trkpt>
      <trkpt lat="44.999350000" lon="8.389410000">
        <ele>156.000</ele>
      </trkpt>
      <trkpt lat="44.999380000" lon="8.389410000">
        <ele>156.000</ele>
      </trkpt>
      <trkpt lat="44.999420000" lon="8.389390000">
        <ele>156.000</ele>
      </trkpt>
      <trkpt lat="44.999550000" lon="8.389340000">
        <ele>157.000</ele>
      </trkpt>
      <trkpt lat="44.999700000" lon="8.389300000">
        <ele>157.000</ele>
      </trkpt>
      <trkpt lat="44.999830000" lon="8.389260000">
        <ele>157.000</ele>
      </trkpt>
      <trkpt lat="44.999870000" lon="8.389260000">
        <ele>157.000</ele>
      </trkpt>
      <trkpt lat="44.999990000" lon="8.389230000">
        <ele>158.000</ele>
      </trkpt>
      <trkpt lat="45.000140000" lon="8.389210000">
        <ele>158.000</ele>
      </trkpt>
      <trkpt lat="45.000470000" lon="8.389180000">
        <ele>159.000</ele>
      </trkpt>
      <trkpt lat="45.003160000" lon="8.388930000">
        <ele>163.000</ele>
      </trkpt>
      <trkpt lat="45.003580000" lon="8.388890000">
        <ele>166.000</ele>
      </trkpt>
      <trkpt lat="45.004030000" lon="8.388820000">
        <ele>170.000</ele>
      </trkpt>
      <trkpt lat="45.004690000" lon="8.388590000">
        <ele>175.000</ele>
      </trkpt>
      <trkpt lat="45.005510000" lon="8.388190000">
        <ele>180.000</ele>
      </trkpt>
      <trkpt lat="45.005620000" lon="8.388130000">
        <ele>184.000</ele>
      </trkpt>
      <trkpt lat="45.006180000" lon="8.387850000">
        <ele>188.000</ele>
      </trkpt>
      <trkpt lat="45.008760000" lon="8.386600000">
        <ele>193.000</ele>
      </trkpt>
      <trkpt lat="45.008960000" lon="8.386510000">
        <ele>197.000</ele>
      </trkpt>
      <trkpt lat="45.009030000" lon="8.386510000">
        <ele>199.000</ele>
      </trkpt>
      <trkpt lat="45.009090000" lon="8.386510000">
        <ele>201.000</ele>
      </trkpt>
      <trkpt lat="45.009160000" lon="8.386520000">
        <ele>202.000</ele>
      </trkpt>
      <trkpt lat="45.009190000" lon="8.386530000">
        <ele>203.000</ele>
      </trkpt>
      <trkpt lat="45.009270000" lon="8.386550000">
        <ele>203.000</ele>
      </trkpt>
      <trkpt lat="45.009350000" lon="8.386580000">
        <ele>203.000</ele>
      </trkpt>
      <trkpt lat="45.009470000" lon="8.386620000">
        <ele>204.000</ele>
      </trkpt>
      <trkpt lat="45.009550000" lon="8.386670000">
        <ele>204.000</ele>
      </trkpt>
      <trkpt lat="45.009540000" lon="8.386720000">
        <ele>204.000</ele>
      </trkpt>
      <trkpt lat="45.009540000" lon="8.386770000">
        <ele>204.000</ele>
      </trkpt>
      <trkpt lat="45.009550000" lon="8.386820000">
        <ele>204.000</ele>
      </trkpt>
      <trkpt lat="45.009570000" lon="8.386860000">
        <ele>204.000</ele>
      </trkpt>
      <trkpt lat="45.009600000" lon="8.386900000">
        <ele>204.000</ele>
      </trkpt>
      <trkpt lat="45.009640000" lon="8.386910000">
        <ele>204.000</ele>
      </trkpt>
      <trkpt lat="45.009670000" lon="8.386910000">
        <ele>203.000</ele>
      </trkpt>
      <trkpt lat="45.009710000" lon="8.386890000">
        <ele>203.000</ele>
      </trkpt>
      <trkpt lat="45.009740000" lon="8.386860000">
        <ele>203.000</ele>
      </trkpt>
      <trkpt lat="45.009790000" lon="8.386900000">
        <ele>203.000</ele>
      </trkpt>
      <trkpt lat="45.009870000" lon="8.387020000">
        <ele>203.000</ele>
      </trkpt>
      <trkpt lat="45.009960000" lon="8.387180000">
        <ele>203.000</ele>
      </trkpt>
      <trkpt lat="45.010090000" lon="8.387500000">
        <ele>203.000</ele>
      </trkpt>
      <trkpt lat="45.010210000" lon="8.387840000">
        <ele>203.000</ele>
      </trkpt>
      <trkpt lat="45.010350000" lon="8.388170000">
        <ele>202.000</ele>
      </trkpt>
      <trkpt lat="45.010430000" lon="8.388290000">
        <ele>201.000</ele>
      </trkpt>
      <trkpt lat="45.010520000" lon="8.388420000">
        <ele>201.000</ele>
      </trkpt>
      <trkpt lat="45.010690000" lon="8.388600000">
        <ele>200.000</ele>
      </trkpt>
      <trkpt lat="45.010920000" lon="8.388760000">
        <ele>199.000</ele>
      </trkpt>
      <trkpt lat="45.011120000" lon="8.388830000">
        <ele>198.000</ele>
      </trkpt>
      <trkpt lat="45.011340000" lon="8.388870000">
        <ele>196.000</ele>
      </trkpt>
      <trkpt lat="45.011710000" lon="8.388860000">
        <ele>195.000</ele>
      </trkpt>
      <trkpt lat="45.016220000" lon="8.388480000">
        <ele>184.000</ele>
      </trkpt>
      <trkpt lat="45.016820000" lon="8.388440000">
        <ele>177.000</ele>
      </trkpt>
      <trkpt lat="45.017460000" lon="8.388390000">
        <ele>172.000</ele>
      </trkpt>
      <trkpt lat="45.017610000" lon="8.388390000">
        <ele>168.000</ele>
      </trkpt>
      <trkpt lat="45.017790000" lon="8.388400000">
        <ele>166.000</ele>
      </trkpt>
      <trkpt lat="45.018040000" lon="8.388450000">
        <ele>164.000</ele>
      </trkpt>
      <trkpt lat="45.018300000" lon="8.388570000">
        <ele>163.000</ele>
      </trkpt>
      <trkpt lat="45.018520000" lon="8.388720000">
        <ele>161.000</ele>
      </trkpt>
      <trkpt lat="45.018740000" lon="8.388930000">
        <ele>160.000</ele>
      </trkpt>
      <trkpt lat="45.018960000" lon="8.389240000">
        <ele>159.000</ele>
      </trkpt>
      <trkpt lat="45.019170000" lon="8.389640000">
        <ele>158.000</ele>
      </trkpt>
      <trkpt lat="45.019420000" lon="8.390290000">
        <ele>157.000</ele>
      </trkpt>
      <trkpt lat="45.019510000" lon="8.390720000">
        <ele>156.000</ele>
      </trkpt>
      <trkpt lat="45.019480000" lon="8.390800000">
        <ele>155.000</ele>
      </trkpt>
      <trkpt lat="45.019470000" lon="8.390900000">
        <ele>155.000</ele>
      </trkpt>
      <trkpt lat="45.019480000" lon="8.390990000">
        <ele>155.000</ele>
      </trkpt>
      <trkpt lat="45.019510000" lon="8.391070000">
        <ele>155.000</ele>
      </trkpt>
      <trkpt lat="45.019560000" lon="8.391140000">
        <ele>154.000</ele>
      </trkpt>
      <trkpt lat="45.019620000" lon="8.391180000">
        <ele>154.000</ele>
      </trkpt>
      <trkpt lat="45.019720000" lon="8.391500000">
        <ele>154.000</ele>
      </trkpt>
      <trkpt lat="45.020100000" lon="8.392840000">
        <ele>154.000</ele>
      </trkpt>
      <trkpt lat="45.022800000" lon="8.401910000">
        <ele>150.000</ele>
      </trkpt>
      <trkpt lat="45.023200000" lon="8.403230000">
        <ele>147.000</ele>
      </trkpt>
      <trkpt lat="45.023200000" lon="8.403230000">
        <ele>145.000</ele>
      </trkpt>
      <trkpt lat="45.023790000" lon="8.405190000">
        <ele>143.000</ele>
      </trkpt>
      <trkpt lat="45.024490000" lon="8.407600000">
        <ele>143.000</ele>
      </trkpt>
      <trkpt lat="45.026030000" lon="8.412790000">
        <ele>142.000</ele>
      </trkpt>
      <trkpt lat="45.026120000" lon="8.413000000">
        <ele>141.000</ele>
      </trkpt>
      <trkpt lat="45.026220000" lon="8.413190000">
        <ele>141.000</ele>
      </trkpt>
      <trkpt lat="45.026340000" lon="8.413350000">
        <ele>140.000</ele>
      </trkpt>
      <trkpt lat="45.026480000" lon="8.413510000">
        <ele>140.000</ele>
      </trkpt>
      <trkpt lat="45.027070000" lon="8.414170000">
        <ele>140.000</ele>
      </trkpt>
      <trkpt lat="45.027190000" lon="8.414300000">
        <ele>140.000</ele>
      </trkpt>
      <trkpt lat="45.028310000" lon="8.415620000">
        <ele>141.000</ele>
      </trkpt>
      <trkpt lat="45.028390000" lon="8.415710000">
        <ele>141.000</ele>
      </trkpt>
      <trkpt lat="45.032290000" lon="8.420070000">
        <ele>139.000</ele>
      </trkpt>
      <trkpt lat="45.032650000" lon="8.420500000">
        <ele>138.000</ele>
      </trkpt>
      <trkpt lat="45.035850000" lon="8.424100000">
        <ele>137.000</ele>
      </trkpt>
      <trkpt lat="45.037240000" lon="8.425630000">
        <ele>136.000</ele>
      </trkpt>
      <trkpt lat="45.040580000" lon="8.429410000">
        <ele>133.000</ele>
      </trkpt>
      <trkpt lat="45.040810000" lon="8.429710000">
        <ele>131.000</ele>
      </trkpt>
      <trkpt lat="45.040960000" lon="8.429960000">
        <ele>130.000</ele>
      </trkpt>
      <trkpt lat="45.041140000" lon="8.430300000">
        <ele>129.000</ele>
      </trkpt>
      <trkpt lat="45.042000000" lon="8.432090000">
        <ele>129.000</ele>
      </trkpt>
      <trkpt lat="45.043840000" lon="8.435870000">
        <ele>128.000</ele>
      </trkpt>
      <trkpt lat="45.046050000" lon="8.440390000">
        <ele>127.000</ele>
      </trkpt>
      <trkpt lat="45.046460000" lon="8.441250000">
        <ele>127.000</ele>
      </trkpt>
      <trkpt lat="45.046900000" lon="8.442170000">
        <ele>127.000</ele>
      </trkpt>
      <trkpt lat="45.047320000" lon="8.443040000">
        <ele>128.000</ele>
      </trkpt>
      <trkpt lat="45.047530000" lon="8.443450000">
        <ele>128.000</ele>
      </trkpt>
      <trkpt lat="45.047650000" lon="8.443660000">
        <ele>128.000</ele>
      </trkpt>
      <trkpt lat="45.047790000" lon="8.443890000">
        <ele>128.000</ele>
      </trkpt>
      <trkpt lat="45.047930000" lon="8.444100000">
        <ele>128.000</ele>
      </trkpt>
      <trkpt lat="45.048240000" lon="8.444520000">
        <ele>128.000</ele>
      </trkpt>
      <trkpt lat="45.049680000" lon="8.446480000">
        <ele>127.000</ele>
      </trkpt>
      <trkpt lat="45.050450000" lon="8.447500000">
        <ele>127.000</ele>
      </trkpt>
      <trkpt lat="45.051740000" lon="8.449230000">
        <ele>126.000</ele>
      </trkpt>
      <trkpt lat="45.051780000" lon="8.449280000">
        <ele>126.000</ele>
      </trkpt>
      <trkpt lat="45.053470000" lon="8.451540000">
        <ele>126.000</ele>
      </trkpt>
      <trkpt lat="45.054410000" lon="8.452790000">
        <ele>125.000</ele>
      </trkpt>
      <trkpt lat="45.055510000" lon="8.454280000">
        <ele>124.000</ele>
      </trkpt>
      <trkpt lat="45.058100000" lon="8.457770000">
        <ele>124.000</ele>
      </trkpt>
      <trkpt lat="45.059940000" lon="8.460240000">
        <ele>122.000</ele>
      </trkpt>
      <trkpt lat="45.062110000" lon="8.463160000">
        <ele>122.000</ele>
      </trkpt>
      <trkpt lat="45.063030000" lon="8.464390000">
        <ele>121.000</ele>
      </trkpt>
      <trkpt lat="45.063790000" lon="8.465400000">
        <ele>121.000</ele>
      </trkpt>
      <trkpt lat="45.064810000" lon="8.466750000">
        <ele>120.000</ele>
      </trkpt>
      <trkpt lat="45.065180000" lon="8.467240000">
        <ele>120.000</ele>
      </trkpt>
      <trkpt lat="45.065370000" lon="8.467390000">
        <ele>120.000</ele>
      </trkpt>
      <trkpt lat="45.065550000" lon="8.467530000">
        <ele>120.000</ele>
      </trkpt>
      <trkpt lat="45.065700000" lon="8.467600000">
        <ele>120.000</ele>
      </trkpt>
      <trkpt lat="45.065940000" lon="8.467700000">
        <ele>120.000</ele>
      </trkpt>
      <trkpt lat="45.066100000" lon="8.467730000">
        <ele>120.000</ele>
      </trkpt>
      <trkpt lat="45.066280000" lon="8.467750000">
        <ele>120.000</ele>
      </trkpt>
      <trkpt lat="45.066580000" lon="8.467740000">
        <ele>120.000</ele>
      </trkpt>
      <trkpt lat="45.068040000" lon="8.467770000">
        <ele>120.000</ele>
      </trkpt>
      <trkpt lat="45.068090000" lon="8.467770000">
        <ele>119.000</ele>
      </trkpt>
      <trkpt lat="45.070760000" lon="8.467980000">
        <ele>118.000</ele>
      </trkpt>
      <trkpt lat="45.076880000" lon="8.468450000">
        <ele>117.000</ele>
      </trkpt>
      <trkpt lat="45.077020000" lon="8.468460000">
        <ele>116.000</ele>
      </trkpt>
      <trkpt lat="45.080560000" lon="8.468730000">
        <ele>116.000</ele>
      </trkpt>
      <trkpt lat="45.084140000" lon="8.469000000">
        <ele>114.000</ele>
      </trkpt>
      <trkpt lat="45.085150000" lon="8.469080000">
        <ele>113.000</ele>
      </trkpt>
      <trkpt lat="45.085980000" lon="8.469110000">
        <ele>113.000</ele>
      </trkpt>
      <trkpt lat="45.086130000" lon="8.469040000">
        <ele>112.000</ele>
      </trkpt>
      <trkpt lat="45.086230000" lon="8.469010000">
        <ele>112.000</ele>
      </trkpt>
      <trkpt lat="45.086460000" lon="8.469020000">
        <ele>112.000</ele>
      </trkpt>
      <trkpt lat="45.086460000" lon="8.469060000">
        <ele>112.000</ele>
      </trkpt>
      <trkpt lat="45.086470000" lon="8.469110000">
        <ele>112.000</ele>
      </trkpt>
      <trkpt lat="45.086490000" lon="8.469160000">
        <ele>112.000</ele>
      </trkpt>
      <trkpt lat="45.086520000" lon="8.469190000">
        <ele>112.000</ele>
      </trkpt>
      <trkpt lat="45.086550000" lon="8.469220000">
        <ele>112.000</ele>
      </trkpt>
      <trkpt lat="45.086580000" lon="8.469240000">
        <ele>112.000</ele>
      </trkpt>
      <trkpt lat="45.086620000" lon="8.469240000">
        <ele>112.000</ele>
      </trkpt>
      <trkpt lat="45.086660000" lon="8.469240000">
        <ele>112.000</ele>
      </trkpt>
      <trkpt lat="45.086690000" lon="8.469220000">
        <ele>112.000</ele>
      </trkpt>
      <trkpt lat="45.086730000" lon="8.469190000">
        <ele>112.000</ele>
      </trkpt>
      <trkpt lat="45.086750000" lon="8.469140000">
        <ele>112.000</ele>
      </trkpt>
      <trkpt lat="45.086770000" lon="8.469090000">
        <ele>112.000</ele>
      </trkpt>
      <trkpt lat="45.086780000" lon="8.469030000">
        <ele>112.000</ele>
      </trkpt>
      <trkpt lat="45.086780000" lon="8.468970000">
        <ele>112.000</ele>
      </trkpt>
      <trkpt lat="45.086770000" lon="8.468910000">
        <ele>112.000</ele>
      </trkpt>
      <trkpt lat="45.086800000" lon="8.468640000">
        <ele>112.000</ele>
      </trkpt>
      <trkpt lat="45.086830000" lon="8.468590000">
        <ele>112.000</ele>
      </trkpt>
      <trkpt lat="45.087150000" lon="8.468040000">
        <ele>112.000</ele>
      </trkpt>
      <trkpt lat="45.089040000" lon="8.465300000">
        <ele>111.000</ele>
      </trkpt>
      <trkpt lat="45.089160000" lon="8.465130000">
        <ele>111.000</ele>
      </trkpt>
      <trkpt lat="45.089690000" lon="8.464370000">
        <ele>110.000</ele>
      </trkpt>
      <trkpt lat="45.089950000" lon="8.464020000">
        <ele>110.000</ele>
      </trkpt>
      <trkpt lat="45.090250000" lon="8.463700000">
        <ele>110.000</ele>
      </trkpt>
      <trkpt lat="45.090440000" lon="8.463550000">
        <ele>109.000</ele>
      </trkpt>
      <trkpt lat="45.091030000" lon="8.463070000">
        <ele>109.000</ele>
      </trkpt>
      <trkpt lat="45.091100000" lon="8.463000000">
        <ele>109.000</ele>
      </trkpt>
      <trkpt lat="45.091900000" lon="8.462360000">
        <ele>110.000</ele>
      </trkpt>
      <trkpt lat="45.093450000" lon="8.461050000">
        <ele>111.000</ele>
      </trkpt>
      <trkpt lat="45.094020000" lon="8.460600000">
        <ele>112.000</ele>
      </trkpt>
      <trkpt lat="45.094050000" lon="8.460570000">
        <ele>113.000</ele>
      </trkpt>
      <trkpt lat="45.094590000" lon="8.460130000">
        <ele>114.000</ele>
      </trkpt>
      <trkpt lat="45.095300000" lon="8.459430000">
        <ele>115.000</ele>
      </trkpt>
      <trkpt lat="45.096020000" lon="8.458560000">
        <ele>115.000</ele>
      </trkpt>
      <trkpt lat="45.097440000" lon="8.456700000">
        <ele>116.000</ele>
      </trkpt>
      <trkpt lat="45.097620000" lon="8.456460000">
        <ele>117.000</ele>
      </trkpt>
      <trkpt lat="45.098180000" lon="8.455730000">
        <ele>118.000</ele>
      </trkpt>
      <trkpt lat="45.098280000" lon="8.455590000">
        <ele>118.000</ele>
      </trkpt>
      <trkpt lat="45.098410000" lon="8.455420000">
        <ele>118.000</ele>
      </trkpt>
      <trkpt lat="45.099050000" lon="8.454590000">
        <ele>118.000</ele>
      </trkpt>
      <trkpt lat="45.099760000" lon="8.453660000">
        <ele>118.000</ele>
      </trkpt>
      <trkpt lat="45.099790000" lon="8.453610000">
        <ele>118.000</ele>
      </trkpt>
      <trkpt lat="45.100120000" lon="8.453220000">
        <ele>118.000</ele>
      </trkpt>
      <trkpt lat="45.100310000" lon="8.453070000">
        <ele>118.000</ele>
      </trkpt>
      <trkpt lat="45.100410000" lon="8.453030000">
        <ele>118.000</ele>
      </trkpt>
      <trkpt lat="45.100500000" lon="8.453010000">
        <ele>118.000</ele>
      </trkpt>
      <trkpt lat="45.100530000" lon="8.453000000">
        <ele>118.000</ele>
      </trkpt>
      <trkpt lat="45.100550000" lon="8.452990000">
        <ele>118.000</ele>
      </trkpt>
      <trkpt lat="45.100640000" lon="8.452980000">
        <ele>118.000</ele>
      </trkpt>
      <trkpt lat="45.100720000" lon="8.452960000">
        <ele>118.000</ele>
      </trkpt>
      <trkpt lat="45.100810000" lon="8.452930000">
        <ele>118.000</ele>
      </trkpt>
      <trkpt lat="45.100950000" lon="8.452900000">
        <ele>118.000</ele>
      </trkpt>
      <trkpt lat="45.101060000" lon="8.452880000">
        <ele>118.000</ele>
      </trkpt>
      <trkpt lat="45.101730000" lon="8.452740000">
        <ele>118.000</ele>
      </trkpt>
      <trkpt lat="45.102900000" lon="8.452500000">
        <ele>118.000</ele>
      </trkpt>
      <trkpt lat="45.104100000" lon="8.452260000">
        <ele>118.000</ele>
      </trkpt>
      <trkpt lat="45.105690000" lon="8.452040000">
        <ele>118.000</ele>
      </trkpt>
      <trkpt lat="45.106150000" lon="8.451980000">
        <ele>118.000</ele>
      </trkpt>
      <trkpt lat="45.106320000" lon="8.451970000">
        <ele>118.000</ele>
      </trkpt>
      <trkpt lat="45.107850000" lon="8.451860000">
        <ele>118.000</ele>
      </trkpt>
      <trkpt lat="45.108360000" lon="8.451840000">
        <ele>118.000</ele>
      </trkpt>
      <trkpt lat="45.108490000" lon="8.451840000">
        <ele>118.000</ele>
      </trkpt>
      <trkpt lat="45.108880000" lon="8.451810000">
        <ele>118.000</ele>
      </trkpt>
      <trkpt lat="45.109240000" lon="8.451790000">
        <ele>118.000</ele>
      </trkpt>
      <trkpt lat="45.110720000" lon="8.451720000">
        <ele>118.000</ele>
      </trkpt>
      <trkpt lat="45.112170000" lon="8.451640000">
        <ele>118.000</ele>
      </trkpt>
      <trkpt lat="45.112170000" lon="8.451640000">
        <ele>118.000</ele>
      </trkpt>
      <trkpt lat="45.113970000" lon="8.451550000">
        <ele>118.000</ele>
      </trkpt>
      <trkpt lat="45.114350000" lon="8.451530000">
        <ele>117.000</ele>
      </trkpt>
      <trkpt lat="45.114620000" lon="8.451490000">
        <ele>117.000</ele>
      </trkpt>
      <trkpt lat="45.114830000" lon="8.451470000">
        <ele>117.000</ele>
      </trkpt>
      <trkpt lat="45.114850000" lon="8.451470000">
        <ele>117.000</ele>
      </trkpt>
      <trkpt lat="45.115050000" lon="8.451460000">
        <ele>117.000</ele>
      </trkpt>
      <trkpt lat="45.115210000" lon="8.451470000">
        <ele>117.000</ele>
      </trkpt>
      <trkpt lat="45.115350000" lon="8.451470000">
        <ele>116.000</ele>
      </trkpt>
      <trkpt lat="45.115850000" lon="8.451460000">
        <ele>116.000</ele>
      </trkpt>
      <trkpt lat="45.115970000" lon="8.451450000">
        <ele>116.000</ele>
      </trkpt>
      <trkpt lat="45.116190000" lon="8.451430000">
        <ele>116.000</ele>
      </trkpt>
      <trkpt lat="45.116240000" lon="8.451420000">
        <ele>116.000</ele>
      </trkpt>
      <trkpt lat="45.116270000" lon="8.451420000">
        <ele>116.000</ele>
      </trkpt>
      <trkpt lat="45.116310000" lon="8.451410000">
        <ele>116.000</ele>
      </trkpt>
      <trkpt lat="45.117340000" lon="8.451350000">
        <ele>116.000</ele>
      </trkpt>
      <trkpt lat="45.118550000" lon="8.451290000">
        <ele>117.000</ele>
      </trkpt>
      <trkpt lat="45.119260000" lon="8.451270000">
        <ele>118.000</ele>
      </trkpt>
      <trkpt lat="45.119330000" lon="8.451260000">
        <ele>118.000</ele>
      </trkpt>
      <trkpt lat="45.119370000" lon="8.451250000">
        <ele>118.000</ele>
      </trkpt>
      <trkpt lat="45.119490000" lon="8.451250000">
        <ele>119.000</ele>
      </trkpt>
      <trkpt lat="45.119860000" lon="8.451220000">
        <ele>119.000</ele>
      </trkpt>
      <trkpt lat="45.119910000" lon="8.451210000">
        <ele>119.000</ele>
      </trkpt>
      <trkpt lat="45.120060000" lon="8.451200000">
        <ele>119.000</ele>
      </trkpt>
      <trkpt lat="45.120090000" lon="8.451190000">
        <ele>119.000</ele>
      </trkpt>
      <trkpt lat="45.120180000" lon="8.451200000">
        <ele>119.000</ele>
      </trkpt>
      <trkpt lat="45.120230000" lon="8.451200000">
        <ele>119.000</ele>
      </trkpt>
      <trkpt lat="45.120250000" lon="8.451220000">
        <ele>119.000</ele>
      </trkpt>
      <trkpt lat="45.120280000" lon="8.451220000">
        <ele>119.000</ele>
      </trkpt>
      <trkpt lat="45.120310000" lon="8.451220000">
        <ele>119.000</ele>
      </trkpt>
      <trkpt lat="45.120330000" lon="8.451200000">
        <ele>119.000</ele>
      </trkpt>
      <trkpt lat="45.120350000" lon="8.451180000">
        <ele>119.000</ele>
      </trkpt>
      <trkpt lat="45.120580000" lon="8.451160000">
        <ele>119.000</ele>
      </trkpt>
      <trkpt lat="45.120650000" lon="8.451150000">
        <ele>119.000</ele>
      </trkpt>
      <trkpt lat="45.120740000" lon="8.451150000">
        <ele>119.000</ele>
      </trkpt>
      <trkpt lat="45.121210000" lon="8.451130000">
        <ele>119.000</ele>
      </trkpt>
      <trkpt lat="45.121230000" lon="8.451120000">
        <ele>119.000</ele>
      </trkpt>
      <trkpt lat="45.121250000" lon="8.451120000">
        <ele>119.000</ele>
      </trkpt>
      <trkpt lat="45.121390000" lon="8.451130000">
        <ele>119.000</ele>
      </trkpt>
      <trkpt lat="45.121430000" lon="8.451120000">
        <ele>119.000</ele>
      </trkpt>
      <trkpt lat="45.121490000" lon="8.451130000">
        <ele>119.000</ele>
      </trkpt>
      <trkpt lat="45.121540000" lon="8.451150000">
        <ele>119.000</ele>
      </trkpt>
      <trkpt lat="45.121560000" lon="8.451170000">
        <ele>119.000</ele>
      </trkpt>
      <trkpt lat="45.121590000" lon="8.451170000">
        <ele>119.000</ele>
      </trkpt>
      <trkpt lat="45.121620000" lon="8.451160000">
        <ele>119.000</ele>
      </trkpt>
      <trkpt lat="45.121650000" lon="8.451140000">
        <ele>119.000</ele>
      </trkpt>
      <trkpt lat="45.121710000" lon="8.451100000">
        <ele>119.000</ele>
      </trkpt>
      <trkpt lat="45.121790000" lon="8.451100000">
        <ele>119.000</ele>
      </trkpt>
      <trkpt lat="45.121860000" lon="8.451100000">
        <ele>119.000</ele>
      </trkpt>
      <trkpt lat="45.121940000" lon="8.451090000">
        <ele>119.000</ele>
      </trkpt>
      <trkpt lat="45.121990000" lon="8.451100000">
        <ele>119.000</ele>
      </trkpt>
      <trkpt lat="45.122040000" lon="8.451100000">
        <ele>119.000</ele>
      </trkpt>
      <trkpt lat="45.122530000" lon="8.451080000">
        <ele>119.000</ele>
      </trkpt>
      <trkpt lat="45.122680000" lon="8.451070000">
        <ele>119.000</ele>
      </trkpt>
      <trkpt lat="45.122710000" lon="8.451070000">
        <ele>118.000</ele>
      </trkpt>
      <trkpt lat="45.122820000" lon="8.451070000">
        <ele>118.000</ele>
      </trkpt>
      <trkpt lat="45.123070000" lon="8.451050000">
        <ele>118.000</ele>
      </trkpt>
      <trkpt lat="45.123570000" lon="8.451020000">
        <ele>118.000</ele>
      </trkpt>
      <trkpt lat="45.123600000" lon="8.451020000">
        <ele>117.000</ele>
      </trkpt>
      <trkpt lat="45.123630000" lon="8.451020000">
        <ele>117.000</ele>
      </trkpt>
      <trkpt lat="45.123690000" lon="8.451050000">
        <ele>117.000</ele>
      </trkpt>
      <trkpt lat="45.123860000" lon="8.451040000">
        <ele>117.000</ele>
      </trkpt>
      <trkpt lat="45.123990000" lon="8.451040000">
        <ele>116.000</ele>
      </trkpt>
      <trkpt lat="45.124020000" lon="8.451040000">
        <ele>116.000</ele>
      </trkpt>
      <trkpt lat="45.124100000" lon="8.451090000">
        <ele>116.000</ele>
      </trkpt>
      <trkpt lat="45.124110000" lon="8.451140000">
        <ele>116.000</ele>
      </trkpt>
      <trkpt lat="45.124130000" lon="8.451180000">
        <ele>116.000</ele>
      </trkpt>
      <trkpt lat="45.124160000" lon="8.451210000">
        <ele>116.000</ele>
      </trkpt>
      <trkpt lat="45.124200000" lon="8.451230000">
        <ele>116.000</ele>
      </trkpt>
      <trkpt lat="45.124230000" lon="8.451230000">
        <ele>116.000</ele>
      </trkpt>
      <trkpt lat="45.124270000" lon="8.451210000">
        <ele>116.000</ele>
      </trkpt>
      <trkpt lat="45.124300000" lon="8.451190000">
        <ele>116.000</ele>
      </trkpt>
      <trkpt lat="45.124320000" lon="8.451140000">
        <ele>116.000</ele>
      </trkpt>
      <trkpt lat="45.124330000" lon="8.451100000">
        <ele>116.000</ele>
      </trkpt>
      <trkpt lat="45.124440000" lon="8.451020000">
        <ele>116.000</ele>
      </trkpt>
      <trkpt lat="45.124520000" lon="8.450990000">
        <ele>116.000</ele>
      </trkpt>
      <trkpt lat="45.124620000" lon="8.450970000">
        <ele>116.000</ele>
      </trkpt>
      <trkpt lat="45.124700000" lon="8.450940000">
        <ele>116.000</ele>
      </trkpt>
      <trkpt lat="45.124900000" lon="8.450930000">
        <ele>116.000</ele>
      </trkpt>
      <trkpt lat="45.125280000" lon="8.450910000">
        <ele>116.000</ele>
      </trkpt>
      <trkpt lat="45.125310000" lon="8.450910000">
        <ele>116.000</ele>
      </trkpt>
      <trkpt lat="45.125340000" lon="8.450910000">
        <ele>116.000</ele>
      </trkpt>
      <trkpt lat="45.125600000" lon="8.450900000">
        <ele>117.000</ele>
      </trkpt>
      <trkpt lat="45.126140000" lon="8.450880000">
        <ele>117.000</ele>
      </trkpt>
      <trkpt lat="45.126340000" lon="8.450870000">
        <ele>117.000</ele>
      </trkpt>
      <trkpt lat="45.126650000" lon="8.450860000">
        <ele>117.000</ele>
      </trkpt>
      <trkpt lat="45.126960000" lon="8.450840000">
        <ele>117.000</ele>
      </trkpt>
      <trkpt lat="45.127100000" lon="8.450840000">
        <ele>117.000</ele>
      </trkpt>
      <trkpt lat="45.127160000" lon="8.450830000">
        <ele>117.000</ele>
      </trkpt>
      <trkpt lat="45.127420000" lon="8.450820000">
        <ele>117.000</ele>
      </trkpt>
      <trkpt lat="45.128460000" lon="8.450740000">
        <ele>117.000</ele>
      </trkpt>
      <trkpt lat="45.128760000" lon="8.450710000">
        <ele>117.000</ele>
      </trkpt>
      <trkpt lat="45.128960000" lon="8.450730000">
        <ele>117.000</ele>
      </trkpt>
      <trkpt lat="45.129070000" lon="8.450740000">
        <ele>117.000</ele>
      </trkpt>
      <trkpt lat="45.129100000" lon="8.450780000">
        <ele>117.000</ele>
      </trkpt>
      <trkpt lat="45.129130000" lon="8.450800000">
        <ele>117.000</ele>
      </trkpt>
      <trkpt lat="45.129160000" lon="8.450810000">
        <ele>117.000</ele>
      </trkpt>
      <trkpt lat="45.129190000" lon="8.450800000">
        <ele>117.000</ele>
      </trkpt>
      <trkpt lat="45.129220000" lon="8.450780000">
        <ele>117.000</ele>
      </trkpt>
      <trkpt lat="45.129250000" lon="8.450750000">
        <ele>117.000</ele>
      </trkpt>
      <trkpt lat="45.129270000" lon="8.450710000">
        <ele>117.000</ele>
      </trkpt>
      <trkpt lat="45.129280000" lon="8.450670000">
        <ele>117.000</ele>
      </trkpt>
      <trkpt lat="45.129280000" lon="8.450620000">
        <ele>117.000</ele>
      </trkpt>
      <trkpt lat="45.129260000" lon="8.450580000">
        <ele>117.000</ele>
      </trkpt>
      <trkpt lat="45.129250000" lon="8.450540000">
        <ele>117.000</ele>
      </trkpt>
      <trkpt lat="45.129230000" lon="8.450520000">
        <ele>117.000</ele>
      </trkpt>
      <trkpt lat="45.129200000" lon="8.450500000">
        <ele>117.000</ele>
      </trkpt>
      <trkpt lat="45.129170000" lon="8.450490000">
        <ele>117.000</ele>
      </trkpt>
      <trkpt lat="45.129190000" lon="8.450340000">
        <ele>117.000</ele>
      </trkpt>
      <trkpt lat="45.129230000" lon="8.450270000">
        <ele>117.000</ele>
      </trkpt>
      <trkpt lat="45.129940000" lon="8.449240000">
        <ele>117.000</ele>
      </trkpt>
      <trkpt lat="45.130110000" lon="8.448990000">
        <ele>117.000</ele>
      </trkpt>
      <trkpt lat="45.130180000" lon="8.448930000">
        <ele>117.000</ele>
      </trkpt>
      <trkpt lat="45.130330000" lon="8.448830000">
        <ele>117.000</ele>
      </trkpt>
      <trkpt lat="45.130360000" lon="8.448810000">
        <ele>117.000</ele>
      </trkpt>
      <trkpt lat="45.130380000" lon="8.448790000">
        <ele>117.000</ele>
      </trkpt>
      <trkpt lat="45.130400000" lon="8.448750000">
        <ele>117.000</ele>
      </trkpt>
      <trkpt lat="45.130400000" lon="8.448710000">
        <ele>117.000</ele>
      </trkpt>
      <trkpt lat="45.130400000" lon="8.448670000">
        <ele>117.000</ele>
      </trkpt>
      <trkpt lat="45.130390000" lon="8.448630000">
        <ele>117.000</ele>
      </trkpt>
      <trkpt lat="45.130420000" lon="8.448520000">
        <ele>116.000</ele>
      </trkpt>
      <trkpt lat="45.130450000" lon="8.448490000">
        <ele>116.000</ele>
      </trkpt>
      <trkpt lat="45.130460000" lon="8.448460000">
        <ele>116.000</ele>
      </trkpt>
      <trkpt lat="45.130500000" lon="8.448400000">
        <ele>116.000</ele>
      </trkpt>
      <trkpt lat="45.132150000" lon="8.445970000">
        <ele>115.000</ele>
      </trkpt>
      <trkpt lat="45.132720000" lon="8.445130000">
        <ele>114.000</ele>
      </trkpt>
      <trkpt lat="45.132840000" lon="8.444960000">
        <ele>114.000</ele>
      </trkpt>
      <trkpt lat="45.132910000" lon="8.444830000">
        <ele>114.000</ele>
      </trkpt>
      <trkpt lat="45.132970000" lon="8.444720000">
        <ele>114.000</ele>
      </trkpt>
      <trkpt lat="45.133020000" lon="8.444660000">
        <ele>114.000</ele>
      </trkpt>
      <trkpt lat="45.133050000" lon="8.444630000">
        <ele>114.000</ele>
      </trkpt>
      <trkpt lat="45.133070000" lon="8.444630000">
        <ele>114.000</ele>
      </trkpt>
      <trkpt lat="45.133090000" lon="8.444620000">
        <ele>114.000</ele>
      </trkpt>
      <trkpt lat="45.133100000" lon="8.444600000">
        <ele>114.000</ele>
      </trkpt>
      <trkpt lat="45.133110000" lon="8.444580000">
        <ele>114.000</ele>
      </trkpt>
      <trkpt lat="45.133110000" lon="8.444550000">
        <ele>114.000</ele>
      </trkpt>
      <trkpt lat="45.133140000" lon="8.444560000">
        <ele>114.000</ele>
      </trkpt>
      <trkpt lat="45.133170000" lon="8.444570000">
        <ele>114.000</ele>
      </trkpt>
      <trkpt lat="45.133370000" lon="8.444700000">
        <ele>114.000</ele>
      </trkpt>
      <trkpt lat="45.133400000" lon="8.444720000">
        <ele>114.000</ele>
      </trkpt>
      <trkpt lat="45.133450000" lon="8.444750000">
        <ele>114.000</ele>
      </trkpt>
      <trkpt lat="45.133480000" lon="8.444770000">
        <ele>114.000</ele>
      </trkpt>
      <trkpt lat="45.133490000" lon="8.444790000">
        <ele>114.000</ele>
      </trkpt>
      <trkpt lat="45.133500000" lon="8.444810000">
        <ele>114.000</ele>
      </trkpt>
      <trkpt lat="45.133520000" lon="8.444830000">
        <ele>114.000</ele>
      </trkpt>
      <trkpt lat="45.133540000" lon="8.444830000">
        <ele>115.000</ele>
      </trkpt>
      <trkpt lat="45.133560000" lon="8.444830000">
        <ele>115.000</ele>
      </trkpt>
      <trkpt lat="45.133580000" lon="8.444820000">
        <ele>115.000</ele>
      </trkpt>
      <trkpt lat="45.133590000" lon="8.444790000">
        <ele>115.000</ele>
      </trkpt>
      <trkpt lat="45.133600000" lon="8.444770000">
        <ele>115.000</ele>
      </trkpt>
      <trkpt lat="45.133600000" lon="8.444740000">
        <ele>115.000</ele>
      </trkpt>
      <trkpt lat="45.133600000" lon="8.444710000">
        <ele>115.000</ele>
      </trkpt>
      <trkpt lat="45.133640000" lon="8.444580000">
        <ele>115.000</ele>
      </trkpt>
      <trkpt lat="45.133710000" lon="8.444520000">
        <ele>115.000</ele>
      </trkpt>
      <trkpt lat="45.133830000" lon="8.444440000">
        <ele>115.000</ele>
      </trkpt>
      <trkpt lat="45.133920000" lon="8.444400000">
        <ele>115.000</ele>
      </trkpt>
      <trkpt lat="45.134110000" lon="8.444360000">
        <ele>115.000</ele>
      </trkpt>
      <trkpt lat="45.134200000" lon="8.444350000">
        <ele>115.000</ele>
      </trkpt>
      <trkpt lat="45.134250000" lon="8.444350000">
        <ele>115.000</ele>
      </trkpt>
      <trkpt lat="45.134450000" lon="8.444340000">
        <ele>115.000</ele>
      </trkpt>
      <trkpt lat="45.134550000" lon="8.444420000">
        <ele>115.000</ele>
      </trkpt>
      <trkpt lat="45.134590000" lon="8.444440000">
        <ele>115.000</ele>
      </trkpt>
      <trkpt lat="45.134610000" lon="8.444470000">
        <ele>115.000</ele>
      </trkpt>
      <trkpt lat="45.134630000" lon="8.444490000">
        <ele>115.000</ele>
      </trkpt>
      <trkpt lat="45.134650000" lon="8.444500000">
        <ele>115.000</ele>
      </trkpt>
      <trkpt lat="45.134680000" lon="8.444500000">
        <ele>115.000</ele>
      </trkpt>
      <trkpt lat="45.134700000" lon="8.444490000">
        <ele>115.000</ele>
      </trkpt>
      <trkpt lat="45.134730000" lon="8.444470000">
        <ele>115.000</ele>
      </trkpt>
      <trkpt lat="45.134740000" lon="8.444430000">
        <ele>115.000</ele>
      </trkpt>
      <trkpt lat="45.134850000" lon="8.444330000">
        <ele>115.000</ele>
      </trkpt>
      <trkpt lat="45.134960000" lon="8.444310000">
        <ele>115.000</ele>
      </trkpt>
      <trkpt lat="45.135120000" lon="8.444290000">
        <ele>115.000</ele>
      </trkpt>
      <trkpt lat="45.135460000" lon="8.444280000">
        <ele>115.000</ele>
      </trkpt>
      <trkpt lat="45.135610000" lon="8.444270000">
        <ele>116.000</ele>
      </trkpt>
      <trkpt lat="45.135700000" lon="8.444290000">
        <ele>116.000</ele>
      </trkpt>
      <trkpt lat="45.135780000" lon="8.444350000">
        <ele>116.000</ele>
      </trkpt>
      <trkpt lat="45.135910000" lon="8.444440000">
        <ele>116.000</ele>
      </trkpt>
      <trkpt lat="45.135930000" lon="8.444470000">
        <ele>116.000</ele>
      </trkpt>
      <trkpt lat="45.135950000" lon="8.444490000">
        <ele>116.000</ele>
      </trkpt>
      <trkpt lat="45.135980000" lon="8.444500000">
        <ele>116.000</ele>
      </trkpt>
      <trkpt lat="45.136000000" lon="8.444500000">
        <ele>116.000</ele>
      </trkpt>
      <trkpt lat="45.136030000" lon="8.444490000">
        <ele>116.000</ele>
      </trkpt>
      <trkpt lat="45.136050000" lon="8.444470000">
        <ele>116.000</ele>
      </trkpt>
      <trkpt lat="45.136070000" lon="8.444450000">
        <ele>116.000</ele>
      </trkpt>
      <trkpt lat="45.136080000" lon="8.444420000">
        <ele>116.000</ele>
      </trkpt>
      <trkpt lat="45.136200000" lon="8.444390000">
        <ele>116.000</ele>
      </trkpt>
      <trkpt lat="45.136320000" lon="8.444340000">
        <ele>116.000</ele>
      </trkpt>
      <trkpt lat="45.136450000" lon="8.444380000">
        <ele>116.000</ele>
      </trkpt>
      <trkpt lat="45.136570000" lon="8.444400000">
        <ele>116.000</ele>
      </trkpt>
      <trkpt lat="45.136950000" lon="8.444500000">
        <ele>116.000</ele>
      </trkpt>
      <trkpt lat="45.137050000" lon="8.444520000">
        <ele>116.000</ele>
      </trkpt>
      <trkpt lat="45.137300000" lon="8.444570000">
        <ele>116.000</ele>
      </trkpt>
      <trkpt lat="45.137450000" lon="8.444610000">
        <ele>116.000</ele>
      </trkpt>
      <trkpt lat="45.137520000" lon="8.444640000">
        <ele>116.000</ele>
      </trkpt>
      <trkpt lat="45.137580000" lon="8.444680000">
        <ele>116.000</ele>
      </trkpt>
      <trkpt lat="45.137710000" lon="8.444810000">
        <ele>116.000</ele>
      </trkpt>
      <trkpt lat="45.137970000" lon="8.445160000">
        <ele>116.000</ele>
      </trkpt>
      <trkpt lat="45.138030000" lon="8.445240000">
        <ele>116.000</ele>
      </trkpt>
      <trkpt lat="45.138140000" lon="8.445380000">
        <ele>116.000</ele>
      </trkpt>
      <trkpt lat="45.138490000" lon="8.445850000">
        <ele>116.000</ele>
      </trkpt>
      <trkpt lat="45.138610000" lon="8.446000000">
        <ele>116.000</ele>
      </trkpt>
      <trkpt lat="45.138680000" lon="8.446100000">
        <ele>116.000</ele>
      </trkpt>
      <trkpt lat="45.138700000" lon="8.446150000">
        <ele>116.000</ele>
      </trkpt>
      <trkpt lat="45.138740000" lon="8.446280000">
        <ele>116.000</ele>
      </trkpt>
      <trkpt lat="45.138770000" lon="8.446390000">
        <ele>116.000</ele>
      </trkpt>
      <trkpt lat="45.138760000" lon="8.446430000">
        <ele>116.000</ele>
      </trkpt>
      <trkpt lat="45.138770000" lon="8.446470000">
        <ele>116.000</ele>
      </trkpt>
      <trkpt lat="45.138780000" lon="8.446500000">
        <ele>116.000</ele>
      </trkpt>
      <trkpt lat="45.138810000" lon="8.446530000">
        <ele>116.000</ele>
      </trkpt>
      <trkpt lat="45.138830000" lon="8.446540000">
        <ele>116.000</ele>
      </trkpt>
      <trkpt lat="45.138860000" lon="8.446540000">
        <ele>116.000</ele>
      </trkpt>
      <trkpt lat="45.138890000" lon="8.446540000">
        <ele>116.000</ele>
      </trkpt>
      <trkpt lat="45.138910000" lon="8.446520000">
        <ele>116.000</ele>
      </trkpt>
      <trkpt lat="45.139120000" lon="8.446480000">
        <ele>116.000</ele>
      </trkpt>
      <trkpt lat="45.139160000" lon="8.446490000">
        <ele>116.000</ele>
      </trkpt>
      <trkpt lat="45.139630000" lon="8.446670000">
        <ele>116.000</ele>
      </trkpt>
      <trkpt lat="45.139800000" lon="8.446760000">
        <ele>116.000</ele>
      </trkpt>
      <trkpt lat="45.139980000" lon="8.446890000">
        <ele>116.000</ele>
      </trkpt>
      <trkpt lat="45.140090000" lon="8.447030000">
        <ele>115.000</ele>
      </trkpt>
      <trkpt lat="45.140300000" lon="8.447440000">
        <ele>115.000</ele>
      </trkpt>
      <trkpt lat="45.140430000" lon="8.447810000">
        <ele>115.000</ele>
      </trkpt>
      <trkpt lat="45.140620000" lon="8.448250000">
        <ele>115.000</ele>
      </trkpt>
      <trkpt lat="45.140630000" lon="8.448300000">
        <ele>115.000</ele>
      </trkpt>
      <trkpt lat="45.140650000" lon="8.448340000">
        <ele>115.000</ele>
      </trkpt>
      <trkpt lat="45.140680000" lon="8.448380000">
        <ele>115.000</ele>
      </trkpt>
      <trkpt lat="45.140710000" lon="8.448390000">
        <ele>115.000</ele>
      </trkpt>
      <trkpt lat="45.140750000" lon="8.448390000">
        <ele>114.000</ele>
      </trkpt>
      <trkpt lat="45.140770000" lon="8.448380000">
        <ele>114.000</ele>
      </trkpt>
      <trkpt lat="45.140800000" lon="8.448350000">
        <ele>114.000</ele>
      </trkpt>
      <trkpt lat="45.140820000" lon="8.448330000">
        <ele>114.000</ele>
      </trkpt>
      <trkpt lat="45.140830000" lon="8.448300000">
        <ele>114.000</ele>
      </trkpt>
      <trkpt lat="45.140930000" lon="8.448200000">
        <ele>114.000</ele>
      </trkpt>
      <trkpt lat="45.142720000" lon="8.447160000">
        <ele>114.000</ele>
      </trkpt>
      <trkpt lat="45.142820000" lon="8.447110000">
        <ele>113.000</ele>
      </trkpt>
      <trkpt lat="45.142930000" lon="8.447090000">
        <ele>113.000</ele>
      </trkpt>
      <trkpt lat="45.143010000" lon="8.447080000">
        <ele>113.000</ele>
      </trkpt>
      <trkpt lat="45.143060000" lon="8.447110000">
        <ele>113.000</ele>
      </trkpt>
      <trkpt lat="45.143120000" lon="8.447110000">
        <ele>113.000</ele>
      </trkpt>
      <trkpt lat="45.143160000" lon="8.447090000">
        <ele>113.000</ele>
      </trkpt>
      <trkpt lat="45.143210000" lon="8.447030000">
        <ele>113.000</ele>
      </trkpt>
      <trkpt lat="45.143240000" lon="8.446950000">
        <ele>114.000</ele>
      </trkpt>
      <trkpt lat="45.143280000" lon="8.446910000">
        <ele>114.000</ele>
      </trkpt>
      <trkpt lat="45.143360000" lon="8.446840000">
        <ele>114.000</ele>
      </trkpt>
      <trkpt lat="45.143470000" lon="8.446750000">
        <ele>114.000</ele>
      </trkpt>
      <trkpt lat="45.144360000" lon="8.446230000">
        <ele>115.000</ele>
      </trkpt>
      <trkpt lat="45.145240000" lon="8.445740000">
        <ele>115.000</ele>
      </trkpt>
      <trkpt lat="45.145300000" lon="8.445700000">
        <ele>115.000</ele>
      </trkpt>
      <trkpt lat="45.145580000" lon="8.445540000">
        <ele>116.000</ele>
      </trkpt>
      <trkpt lat="45.146010000" lon="8.445300000">
        <ele>116.000</ele>
      </trkpt>
      <trkpt lat="45.146200000" lon="8.445190000">
        <ele>116.000</ele>
      </trkpt>
      <trkpt lat="45.146210000" lon="8.445200000">
        <ele>116.000</ele>
      </trkpt>
      <trkpt lat="45.146220000" lon="8.445210000">
        <ele>116.000</ele>
      </trkpt>
      <trkpt lat="45.146240000" lon="8.445210000">
        <ele>115.000</ele>
      </trkpt>
      <trkpt lat="45.146250000" lon="8.445200000">
        <ele>115.000</ele>
      </trkpt>
      <trkpt lat="45.146260000" lon="8.445190000">
        <ele>115.000</ele>
      </trkpt>
      <trkpt lat="45.146270000" lon="8.445180000">
        <ele>115.000</ele>
      </trkpt>
      <trkpt lat="45.146280000" lon="8.445160000">
        <ele>115.000</ele>
      </trkpt>
      <trkpt lat="45.146280000" lon="8.445140000">
        <ele>115.000</ele>
      </trkpt>
      <trkpt lat="45.146450000" lon="8.445060000">
        <ele>115.000</ele>
      </trkpt>
      <trkpt lat="45.146620000" lon="8.444960000">
        <ele>115.000</ele>
      </trkpt>
      <trkpt lat="45.146720000" lon="8.444900000">
        <ele>115.000</ele>
      </trkpt>
      <trkpt lat="45.147780000" lon="8.444330000">
        <ele>114.000</ele>
      </trkpt>
      <trkpt lat="45.147940000" lon="8.444250000">
        <ele>114.000</ele>
      </trkpt>
      <trkpt lat="45.149490000" lon="8.443380000">
        <ele>114.000</ele>
      </trkpt>
      <trkpt lat="45.149490000" lon="8.443380000">
        <ele>114.000</ele>
      </trkpt>
      <trkpt lat="45.149510000" lon="8.443370000">
        <ele>114.000</ele>
      </trkpt>
      <trkpt lat="45.149860000" lon="8.443150000">
        <ele>114.000</ele>
      </trkpt>
      <trkpt lat="45.150210000" lon="8.442910000">
        <ele>114.000</ele>
      </trkpt>
      <trkpt lat="45.150510000" lon="8.442640000">
        <ele>114.000</ele>
      </trkpt>
      <trkpt lat="45.150610000" lon="8.442530000">
        <ele>114.000</ele>
      </trkpt>
      <trkpt lat="45.150770000" lon="8.442370000">
        <ele>114.000</ele>
      </trkpt>
      <trkpt lat="45.151020000" lon="8.442080000">
        <ele>114.000</ele>
      </trkpt>
      <trkpt lat="45.151130000" lon="8.441910000">
        <ele>114.000</ele>
      </trkpt>
      <trkpt lat="45.151150000" lon="8.441880000">
        <ele>113.000</ele>
      </trkpt>
      <trkpt lat="45.151760000" lon="8.441000000">
        <ele>113.000</ele>
      </trkpt>
      <trkpt lat="45.151840000" lon="8.440880000">
        <ele>113.000</ele>
      </trkpt>
      <trkpt lat="45.151880000" lon="8.440830000">
        <ele>113.000</ele>
      </trkpt>
      <trkpt lat="45.151980000" lon="8.440760000">
        <ele>113.000</ele>
      </trkpt>
      <trkpt lat="45.152040000" lon="8.440730000">
        <ele>113.000</ele>
      </trkpt>
      <trkpt lat="45.152080000" lon="8.440710000">
        <ele>112.000</ele>
      </trkpt>
      <trkpt lat="45.152180000" lon="8.440680000">
        <ele>112.000</ele>
      </trkpt>
      <trkpt lat="45.152240000" lon="8.440670000">
        <ele>112.000</ele>
      </trkpt>
      <trkpt lat="45.152310000" lon="8.440670000">
        <ele>112.000</ele>
      </trkpt>
      <trkpt lat="45.152470000" lon="8.440740000">
        <ele>112.000</ele>
      </trkpt>
      <trkpt lat="45.152570000" lon="8.440800000">
        <ele>112.000</ele>
      </trkpt>
      <trkpt lat="45.152610000" lon="8.440840000">
        <ele>112.000</ele>
      </trkpt>
      <trkpt lat="45.152660000" lon="8.440890000">
        <ele>112.000</ele>
      </trkpt>
      <trkpt lat="45.152690000" lon="8.440930000">
        <ele>112.000</ele>
      </trkpt>
      <trkpt lat="45.152700000" lon="8.440950000">
        <ele>112.000</ele>
      </trkpt>
      <trkpt lat="45.152750000" lon="8.441050000">
        <ele>112.000</ele>
      </trkpt>
      <trkpt lat="45.152810000" lon="8.441200000">
        <ele>112.000</ele>
      </trkpt>
      <trkpt lat="45.153100000" lon="8.442440000">
        <ele>112.000</ele>
      </trkpt>
      <trkpt lat="45.153170000" lon="8.442710000">
        <ele>112.000</ele>
      </trkpt>
      <trkpt lat="45.153520000" lon="8.444200000">
        <ele>112.000</ele>
      </trkpt>
      <trkpt lat="45.153750000" lon="8.445150000">
        <ele>113.000</ele>
      </trkpt>
      <trkpt lat="45.153930000" lon="8.445810000">
        <ele>113.000</ele>
      </trkpt>
      <trkpt lat="45.154160000" lon="8.446520000">
        <ele>112.000</ele>
      </trkpt>
      <trkpt lat="45.154350000" lon="8.447010000">
        <ele>112.000</ele>
      </trkpt>
      <trkpt lat="45.154670000" lon="8.447810000">
        <ele>112.000</ele>
      </trkpt>
      <trkpt lat="45.155520000" lon="8.450070000">
        <ele>112.000</ele>
      </trkpt>
      <trkpt lat="45.155570000" lon="8.450190000">
        <ele>112.000</ele>
      </trkpt>
      <trkpt lat="45.155840000" lon="8.450860000">
        <ele>112.000</ele>
      </trkpt>
      <trkpt lat="45.155850000" lon="8.450880000">
        <ele>112.000</ele>
      </trkpt>
      <trkpt lat="45.155920000" lon="8.451060000">
        <ele>112.000</ele>
      </trkpt>
      <trkpt lat="45.157020000" lon="8.453850000">
        <ele>111.000</ele>
      </trkpt>
      <trkpt lat="45.158010000" lon="8.456290000">
        <ele>112.000</ele>
      </trkpt>
      <trkpt lat="45.158160000" lon="8.456640000">
        <ele>112.000</ele>
      </trkpt>
      <trkpt lat="45.158190000" lon="8.456700000">
        <ele>112.000</ele>
      </trkpt>
      <trkpt lat="45.158220000" lon="8.456780000">
        <ele>112.000</ele>
      </trkpt>
      <trkpt lat="45.158240000" lon="8.456840000">
        <ele>112.000</ele>
      </trkpt>
      <trkpt lat="45.158260000" lon="8.456930000">
        <ele>112.000</ele>
      </trkpt>
      <trkpt lat="45.158290000" lon="8.457070000">
        <ele>112.000</ele>
      </trkpt>
      <trkpt lat="45.158330000" lon="8.457250000">
        <ele>112.000</ele>
      </trkpt>
      <trkpt lat="45.158350000" lon="8.457320000">
        <ele>112.000</ele>
      </trkpt>
      <trkpt lat="45.158390000" lon="8.457490000">
        <ele>112.000</ele>
      </trkpt>
      <trkpt lat="45.158430000" lon="8.457630000">
        <ele>112.000</ele>
      </trkpt>
      <trkpt lat="45.158490000" lon="8.457690000">
        <ele>112.000</ele>
      </trkpt>
      <trkpt lat="45.158540000" lon="8.457750000">
        <ele>111.000</ele>
      </trkpt>
      <trkpt lat="45.158590000" lon="8.457780000">
        <ele>111.000</ele>
      </trkpt>
      <trkpt lat="45.158620000" lon="8.457790000">
        <ele>111.000</ele>
      </trkpt>
      <trkpt lat="45.158670000" lon="8.457790000">
        <ele>111.000</ele>
      </trkpt>
      <trkpt lat="45.158720000" lon="8.457780000">
        <ele>111.000</ele>
      </trkpt>
      <trkpt lat="45.158760000" lon="8.457770000">
        <ele>111.000</ele>
      </trkpt>
      <trkpt lat="45.158960000" lon="8.457730000">
        <ele>111.000</ele>
      </trkpt>
      <trkpt lat="45.159000000" lon="8.457720000">
        <ele>111.000</ele>
      </trkpt>
      <trkpt lat="45.159040000" lon="8.457720000">
        <ele>111.000</ele>
      </trkpt>
      <trkpt lat="45.159080000" lon="8.457730000">
        <ele>111.000</ele>
      </trkpt>
      <trkpt lat="45.159310000" lon="8.457810000">
        <ele>111.000</ele>
      </trkpt>
      <trkpt lat="45.161980000" lon="8.459560000">
        <ele>111.000</ele>
      </trkpt>
      <trkpt lat="45.163600000" lon="8.460640000">
        <ele>110.000</ele>
      </trkpt>
      <trkpt lat="45.165700000" lon="8.462040000">
        <ele>110.000</ele>
      </trkpt>
      <trkpt lat="45.165740000" lon="8.462060000">
        <ele>110.000</ele>
      </trkpt>
      <trkpt lat="45.165750000" lon="8.462070000">
        <ele>110.000</ele>
      </trkpt>
      <trkpt lat="45.166100000" lon="8.462290000">
        <ele>110.000</ele>
      </trkpt>
      <trkpt lat="45.166270000" lon="8.462420000">
        <ele>109.000</ele>
      </trkpt>
      <trkpt lat="45.166480000" lon="8.462610000">
        <ele>109.000</ele>
      </trkpt>
      <trkpt lat="45.166650000" lon="8.462800000">
        <ele>109.000</ele>
      </trkpt>
      <trkpt lat="45.166790000" lon="8.462980000">
        <ele>109.000</ele>
      </trkpt>
      <trkpt lat="45.167250000" lon="8.463670000">
        <ele>108.000</ele>
      </trkpt>
      <trkpt lat="45.167380000" lon="8.463870000">
        <ele>108.000</ele>
      </trkpt>
      <trkpt lat="45.167450000" lon="8.464040000">
        <ele>108.000</ele>
      </trkpt>
      <trkpt lat="45.167500000" lon="8.464130000">
        <ele>108.000</ele>
      </trkpt>
      <trkpt lat="45.167540000" lon="8.464220000">
        <ele>108.000</ele>
      </trkpt>
      <trkpt lat="45.167580000" lon="8.464340000">
        <ele>108.000</ele>
      </trkpt>
      <trkpt lat="45.167580000" lon="8.464380000">
        <ele>108.000</ele>
      </trkpt>
      <trkpt lat="45.167590000" lon="8.464440000">
        <ele>108.000</ele>
      </trkpt>
      <trkpt lat="45.167610000" lon="8.464480000">
        <ele>108.000</ele>
      </trkpt>
      <trkpt lat="45.167640000" lon="8.464520000">
        <ele>108.000</ele>
      </trkpt>
      <trkpt lat="45.167670000" lon="8.464550000">
        <ele>108.000</ele>
      </trkpt>
      <trkpt lat="45.167710000" lon="8.464560000">
        <ele>108.000</ele>
      </trkpt>
      <trkpt lat="45.167740000" lon="8.464560000">
        <ele>108.000</ele>
      </trkpt>
      <trkpt lat="45.167790000" lon="8.464600000">
        <ele>108.000</ele>
      </trkpt>
      <trkpt lat="45.167860000" lon="8.464670000">
        <ele>108.000</ele>
      </trkpt>
      <trkpt lat="45.167990000" lon="8.464800000">
        <ele>108.000</ele>
      </trkpt>
      <trkpt lat="45.169940000" lon="8.467780000">
        <ele>109.000</ele>
      </trkpt>
      <trkpt lat="45.171450000" lon="8.470060000">
        <ele>109.000</ele>
      </trkpt>
      <trkpt lat="45.171650000" lon="8.470310000">
        <ele>109.000</ele>
      </trkpt>
      <trkpt lat="45.171790000" lon="8.470460000">
        <ele>109.000</ele>
      </trkpt>
      <trkpt lat="45.171970000" lon="8.470630000">
        <ele>108.000</ele>
      </trkpt>
      <trkpt lat="45.172110000" lon="8.470740000">
        <ele>108.000</ele>
      </trkpt>
      <trkpt lat="45.172250000" lon="8.470840000">
        <ele>108.000</ele>
      </trkpt>
      <trkpt lat="45.172410000" lon="8.470930000">
        <ele>108.000</ele>
      </trkpt>
      <trkpt lat="45.172570000" lon="8.471010000">
        <ele>108.000</ele>
      </trkpt>
      <trkpt lat="45.172810000" lon="8.471110000">
        <ele>108.000</ele>
      </trkpt>
      <trkpt lat="45.173040000" lon="8.471170000">
        <ele>108.000</ele>
      </trkpt>
      <trkpt lat="45.173600000" lon="8.471280000">
        <ele>108.000</ele>
      </trkpt>
      <trkpt lat="45.174280000" lon="8.471410000">
        <ele>107.000</ele>
      </trkpt>
      <trkpt lat="45.175490000" lon="8.471640000">
        <ele>107.000</ele>
      </trkpt>
      <trkpt lat="45.175670000" lon="8.471670000">
        <ele>106.000</ele>
      </trkpt>
      <trkpt lat="45.176220000" lon="8.471780000">
        <ele>107.000</ele>
      </trkpt>
      <trkpt lat="45.177520000" lon="8.472030000">
        <ele>108.000</ele>
      </trkpt>
      <trkpt lat="45.178950000" lon="8.472320000">
        <ele>108.000</ele>
      </trkpt>
      <trkpt lat="45.180300000" lon="8.472570000">
        <ele>107.000</ele>
      </trkpt>
      <trkpt lat="45.180390000" lon="8.472590000">
        <ele>107.000</ele>
      </trkpt>
      <trkpt lat="45.180530000" lon="8.472640000">
        <ele>106.000</ele>
      </trkpt>
      <trkpt lat="45.180640000" lon="8.472690000">
        <ele>106.000</ele>
      </trkpt>
      <trkpt lat="45.180710000" lon="8.472750000">
        <ele>106.000</ele>
      </trkpt>
      <trkpt lat="45.180780000" lon="8.472860000">
        <ele>106.000</ele>
      </trkpt>
      <trkpt lat="45.180810000" lon="8.472930000">
        <ele>106.000</ele>
      </trkpt>
      <trkpt lat="45.180860000" lon="8.472990000">
        <ele>106.000</ele>
      </trkpt>
      <trkpt lat="45.180920000" lon="8.473020000">
        <ele>106.000</ele>
      </trkpt>
      <trkpt lat="45.180980000" lon="8.473020000">
        <ele>106.000</ele>
      </trkpt>
      <trkpt lat="45.181040000" lon="8.473000000">
        <ele>106.000</ele>
      </trkpt>
      <trkpt lat="45.181090000" lon="8.472950000">
        <ele>106.000</ele>
      </trkpt>
      <trkpt lat="45.181130000" lon="8.472880000">
        <ele>106.000</ele>
      </trkpt>
      <trkpt lat="45.181140000" lon="8.472860000">
        <ele>106.000</ele>
      </trkpt>
      <trkpt lat="45.181190000" lon="8.472810000">
        <ele>106.000</ele>
      </trkpt>
      <trkpt lat="45.181260000" lon="8.472780000">
        <ele>106.000</ele>
      </trkpt>
      <trkpt lat="45.181460000" lon="8.472780000">
        <ele>106.000</ele>
      </trkpt>
      <trkpt lat="45.181850000" lon="8.472870000">
        <ele>106.000</ele>
      </trkpt>
      <trkpt lat="45.186060000" lon="8.473680000">
        <ele>107.000</ele>
      </trkpt>
      <trkpt lat="45.186310000" lon="8.473720000">
        <ele>108.000</ele>
      </trkpt>
      <trkpt lat="45.186540000" lon="8.473750000">
        <ele>108.000</ele>
      </trkpt>
      <trkpt lat="45.186800000" lon="8.473750000">
        <ele>108.000</ele>
      </trkpt>
      <trkpt lat="45.187060000" lon="8.473720000">
        <ele>108.000</ele>
      </trkpt>
      <trkpt lat="45.187210000" lon="8.473700000">
        <ele>108.000</ele>
      </trkpt>
      <trkpt lat="45.187450000" lon="8.473640000">
        <ele>108.000</ele>
      </trkpt>
      <trkpt lat="45.187520000" lon="8.473610000">
        <ele>108.000</ele>
      </trkpt>
      <trkpt lat="45.187650000" lon="8.473570000">
        <ele>108.000</ele>
      </trkpt>
      <trkpt lat="45.187870000" lon="8.473460000">
        <ele>108.000</ele>
      </trkpt>
      <trkpt lat="45.188110000" lon="8.473330000">
        <ele>108.000</ele>
      </trkpt>
      <trkpt lat="45.188610000" lon="8.472960000">
        <ele>108.000</ele>
      </trkpt>
      <trkpt lat="45.190670000" lon="8.471440000">
        <ele>108.000</ele>
      </trkpt>
      <trkpt lat="45.190750000" lon="8.471370000">
        <ele>108.000</ele>
      </trkpt>
      <trkpt lat="45.190800000" lon="8.471330000">
        <ele>108.000</ele>
      </trkpt>
      <trkpt lat="45.192590000" lon="8.470000000">
        <ele>109.000</ele>
      </trkpt>
      <trkpt lat="45.194900000" lon="8.468280000">
        <ele>109.000</ele>
      </trkpt>
      <trkpt lat="45.201450000" lon="8.463400000">
        <ele>109.000</ele>
      </trkpt>
      <trkpt lat="45.201520000" lon="8.463350000">
        <ele>109.000</ele>
      </trkpt>
      <trkpt lat="45.202680000" lon="8.462490000">
        <ele>109.000</ele>
      </trkpt>
      <trkpt lat="45.205630000" lon="8.461160000">
        <ele>110.000</ele>
      </trkpt>
      <trkpt lat="45.205700000" lon="8.461120000">
        <ele>111.000</ele>
      </trkpt>
      <trkpt lat="45.207380000" lon="8.460390000">
        <ele>112.000</ele>
      </trkpt>
      <trkpt lat="45.208770000" lon="8.459750000">
        <ele>112.000</ele>
      </trkpt>
      <trkpt lat="45.210080000" lon="8.459150000">
        <ele>112.000</ele>
      </trkpt>
      <trkpt lat="45.215690000" lon="8.456610000">
        <ele>112.000</ele>
      </trkpt>
      <trkpt lat="45.216980000" lon="8.456030000">
        <ele>112.000</ele>
      </trkpt>
      <trkpt lat="45.217400000" lon="8.455850000">
        <ele>112.000</ele>
      </trkpt>
      <trkpt lat="45.218370000" lon="8.455420000">
        <ele>112.000</ele>
      </trkpt>
      <trkpt lat="45.218630000" lon="8.455340000">
        <ele>112.000</ele>
      </trkpt>
      <trkpt lat="45.218660000" lon="8.455340000">
        <ele>112.000</ele>
      </trkpt>
      <trkpt lat="45.218750000" lon="8.455310000">
        <ele>112.000</ele>
      </trkpt>
      <trkpt lat="45.218770000" lon="8.455300000">
        <ele>112.000</ele>
      </trkpt>
      <trkpt lat="45.219150000" lon="8.455260000">
        <ele>112.000</ele>
      </trkpt>
      <trkpt lat="45.219530000" lon="8.455270000">
        <ele>112.000</ele>
      </trkpt>
      <trkpt lat="45.219610000" lon="8.455280000">
        <ele>112.000</ele>
      </trkpt>
      <trkpt lat="45.219790000" lon="8.455310000">
        <ele>112.000</ele>
      </trkpt>
      <trkpt lat="45.219900000" lon="8.455330000">
        <ele>113.000</ele>
      </trkpt>
      <trkpt lat="45.220610000" lon="8.455590000">
        <ele>113.000</ele>
      </trkpt>
      <trkpt lat="45.220600000" lon="8.455650000">
        <ele>113.000</ele>
      </trkpt>
      <trkpt lat="45.220590000" lon="8.455710000">
        <ele>113.000</ele>
      </trkpt>
      <trkpt lat="45.220600000" lon="8.455770000">
        <ele>113.000</ele>
      </trkpt>
      <trkpt lat="45.220620000" lon="8.455820000">
        <ele>113.000</ele>
      </trkpt>
      <trkpt lat="45.220650000" lon="8.455870000">
        <ele>113.000</ele>
      </trkpt>
      <trkpt lat="45.220680000" lon="8.455910000">
        <ele>114.000</ele>
      </trkpt>
      <trkpt lat="45.220720000" lon="8.455940000">
        <ele>114.000</ele>
      </trkpt>
      <trkpt lat="45.220760000" lon="8.455950000">
        <ele>114.000</ele>
      </trkpt>
      <trkpt lat="45.220800000" lon="8.455950000">
        <ele>114.000</ele>
      </trkpt>
      <trkpt lat="45.220840000" lon="8.455940000">
        <ele>114.000</ele>
      </trkpt>
      <trkpt lat="45.220880000" lon="8.455910000">
        <ele>114.000</ele>
      </trkpt>
      <trkpt lat="45.220920000" lon="8.455870000">
        <ele>114.000</ele>
      </trkpt>
      <trkpt lat="45.220940000" lon="8.455820000">
        <ele>114.000</ele>
      </trkpt>
      <trkpt lat="45.221380000" lon="8.456190000">
        <ele>114.000</ele>
      </trkpt>
      <trkpt lat="45.223040000" lon="8.457680000">
        <ele>114.000</ele>
      </trkpt>
      <trkpt lat="45.224230000" lon="8.458740000">
        <ele>115.000</ele>
      </trkpt>
      <trkpt lat="45.225000000" lon="8.459430000">
        <ele>115.000</ele>
      </trkpt>
      <trkpt lat="45.225140000" lon="8.459550000">
        <ele>116.000</ele>
      </trkpt>
      <trkpt lat="45.227590000" lon="8.461730000">
        <ele>116.000</ele>
      </trkpt>
      <trkpt lat="45.228030000" lon="8.462130000">
        <ele>116.000</ele>
      </trkpt>
      <trkpt lat="45.228100000" lon="8.462270000">
        <ele>116.000</ele>
      </trkpt>
      <trkpt lat="45.228150000" lon="8.462390000">
        <ele>116.000</ele>
      </trkpt>
      <trkpt lat="45.228150000" lon="8.462450000">
        <ele>116.000</ele>
      </trkpt>
      <trkpt lat="45.228160000" lon="8.462520000">
        <ele>116.000</ele>
      </trkpt>
      <trkpt lat="45.228150000" lon="8.462600000">
        <ele>116.000</ele>
      </trkpt>
      <trkpt lat="45.228150000" lon="8.462680000">
        <ele>116.000</ele>
      </trkpt>
      <trkpt lat="45.228170000" lon="8.462770000">
        <ele>116.000</ele>
      </trkpt>
      <trkpt lat="45.228210000" lon="8.462840000">
        <ele>116.000</ele>
      </trkpt>
      <trkpt lat="45.228270000" lon="8.462890000">
        <ele>116.000</ele>
      </trkpt>
      <trkpt lat="45.228330000" lon="8.462920000">
        <ele>116.000</ele>
      </trkpt>
      <trkpt lat="45.228390000" lon="8.462920000">
        <ele>116.000</ele>
      </trkpt>
      <trkpt lat="45.228450000" lon="8.462890000">
        <ele>116.000</ele>
      </trkpt>
      <trkpt lat="45.228590000" lon="8.462890000">
        <ele>116.000</ele>
      </trkpt>
      <trkpt lat="45.228670000" lon="8.462910000">
        <ele>116.000</ele>
      </trkpt>
      <trkpt lat="45.228720000" lon="8.462940000">
        <ele>116.000</ele>
      </trkpt>
      <trkpt lat="45.228780000" lon="8.462970000">
        <ele>116.000</ele>
      </trkpt>
      <trkpt lat="45.228810000" lon="8.462990000">
        <ele>116.000</ele>
      </trkpt>
      <trkpt lat="45.229030000" lon="8.463100000">
        <ele>116.000</ele>
      </trkpt>
      <trkpt lat="45.229460000" lon="8.463280000">
        <ele>116.000</ele>
      </trkpt>
      <trkpt lat="45.229910000" lon="8.463490000">
        <ele>116.000</ele>
      </trkpt>
      <trkpt lat="45.230260000" lon="8.463590000">
        <ele>116.000</ele>
      </trkpt>
      <trkpt lat="45.230590000" lon="8.463640000">
        <ele>116.000</ele>
      </trkpt>
      <trkpt lat="45.230830000" lon="8.463670000">
        <ele>116.000</ele>
      </trkpt>
      <trkpt lat="45.230920000" lon="8.463670000">
        <ele>117.000</ele>
      </trkpt>
      <trkpt lat="45.231270000" lon="8.463650000">
        <ele>117.000</ele>
      </trkpt>
      <trkpt lat="45.231610000" lon="8.463580000">
        <ele>117.000</ele>
      </trkpt>
      <trkpt lat="45.231900000" lon="8.463490000">
        <ele>117.000</ele>
      </trkpt>
      <trkpt lat="45.232290000" lon="8.463330000">
        <ele>117.000</ele>
      </trkpt>
      <trkpt lat="45.232630000" lon="8.463130000">
        <ele>117.000</ele>
      </trkpt>
      <trkpt lat="45.232810000" lon="8.463000000">
        <ele>117.000</ele>
      </trkpt>
      <trkpt lat="45.233000000" lon="8.462850000">
        <ele>117.000</ele>
      </trkpt>
      <trkpt lat="45.233250000" lon="8.462610000">
        <ele>117.000</ele>
      </trkpt>
      <trkpt lat="45.233470000" lon="8.462370000">
        <ele>117.000</ele>
      </trkpt>
      <trkpt lat="45.234070000" lon="8.461700000">
        <ele>117.000</ele>
      </trkpt>
      <trkpt lat="45.234680000" lon="8.460990000">
        <ele>117.000</ele>
      </trkpt>
      <trkpt lat="45.236520000" lon="8.458870000">
        <ele>116.000</ele>
      </trkpt>
      <trkpt lat="45.236580000" lon="8.458800000">
        <ele>116.000</ele>
      </trkpt>
      <trkpt lat="45.236880000" lon="8.458450000">
        <ele>115.000</ele>
      </trkpt>
      <trkpt lat="45.237280000" lon="8.458030000">
        <ele>115.000</ele>
      </trkpt>
      <trkpt lat="45.237660000" lon="8.457730000">
        <ele>115.000</ele>
      </trkpt>
      <trkpt lat="45.238030000" lon="8.457520000">
        <ele>115.000</ele>
      </trkpt>
      <trkpt lat="45.238120000" lon="8.457480000">
        <ele>115.000</ele>
      </trkpt>
      <trkpt lat="45.238380000" lon="8.457380000">
        <ele>115.000</ele>
      </trkpt>
      <trkpt lat="45.238750000" lon="8.457280000">
        <ele>116.000</ele>
      </trkpt>
      <trkpt lat="45.239150000" lon="8.457240000">
        <ele>116.000</ele>
      </trkpt>
      <trkpt lat="45.239410000" lon="8.457240000">
        <ele>116.000</ele>
      </trkpt>
      <trkpt lat="45.239640000" lon="8.457260000">
        <ele>116.000</ele>
      </trkpt>
      <trkpt lat="45.240260000" lon="8.457430000">
        <ele>116.000</ele>
      </trkpt>
      <trkpt lat="45.242090000" lon="8.457950000">
        <ele>116.000</ele>
      </trkpt>
      <trkpt lat="45.242680000" lon="8.458120000">
        <ele>116.000</ele>
      </trkpt>
      <trkpt lat="45.242680000" lon="8.458120000">
        <ele>116.000</ele>
      </trkpt>
      <trkpt lat="45.243450000" lon="8.458340000">
        <ele>116.000</ele>
      </trkpt>
      <trkpt lat="45.247600000" lon="8.459540000">
        <ele>118.000</ele>
      </trkpt>
      <trkpt lat="45.248290000" lon="8.459720000">
        <ele>119.000</ele>
      </trkpt>
      <trkpt lat="45.249370000" lon="8.460040000">
        <ele>120.000</ele>
      </trkpt>
      <trkpt lat="45.252070000" lon="8.460820000">
        <ele>119.000</ele>
      </trkpt>
      <trkpt lat="45.252360000" lon="8.460900000">
        <ele>119.000</ele>
      </trkpt>
      <trkpt lat="45.253900000" lon="8.461320000">
        <ele>118.000</ele>
      </trkpt>
      <trkpt lat="45.253950000" lon="8.461340000">
        <ele>118.000</ele>
      </trkpt>
      <trkpt lat="45.254000000" lon="8.461350000">
        <ele>117.000</ele>
      </trkpt>
      <trkpt lat="45.254070000" lon="8.461370000">
        <ele>117.000</ele>
      </trkpt>
      <trkpt lat="45.254560000" lon="8.461510000">
        <ele>117.000</ele>
      </trkpt>
      <trkpt lat="45.255000000" lon="8.461720000">
        <ele>117.000</ele>
      </trkpt>
      <trkpt lat="45.255450000" lon="8.462050000">
        <ele>117.000</ele>
      </trkpt>
      <trkpt lat="45.255790000" lon="8.462360000">
        <ele>117.000</ele>
      </trkpt>
      <trkpt lat="45.256830000" lon="8.463340000">
        <ele>117.000</ele>
      </trkpt>
      <trkpt lat="45.257010000" lon="8.463500000">
        <ele>116.000</ele>
      </trkpt>
      <trkpt lat="45.257090000" lon="8.463570000">
        <ele>116.000</ele>
      </trkpt>
      <trkpt lat="45.257350000" lon="8.463740000">
        <ele>115.000</ele>
      </trkpt>
      <trkpt lat="45.257570000" lon="8.463840000">
        <ele>115.000</ele>
      </trkpt>
      <trkpt lat="45.257610000" lon="8.463860000">
        <ele>115.000</ele>
      </trkpt>
      <trkpt lat="45.257750000" lon="8.463900000">
        <ele>115.000</ele>
      </trkpt>
      <trkpt lat="45.257890000" lon="8.463950000">
        <ele>115.000</ele>
      </trkpt>
      <trkpt lat="45.257890000" lon="8.464000000">
        <ele>116.000</ele>
      </trkpt>
      <trkpt lat="45.257890000" lon="8.464050000">
        <ele>116.000</ele>
      </trkpt>
      <trkpt lat="45.257900000" lon="8.464100000">
        <ele>116.000</ele>
      </trkpt>
      <trkpt lat="45.257920000" lon="8.464150000">
        <ele>116.000</ele>
      </trkpt>
      <trkpt lat="45.257940000" lon="8.464180000">
        <ele>116.000</ele>
      </trkpt>
      <trkpt lat="45.257980000" lon="8.464210000">
        <ele>116.000</ele>
      </trkpt>
      <trkpt lat="45.258010000" lon="8.464230000">
        <ele>116.000</ele>
      </trkpt>
      <trkpt lat="45.258040000" lon="8.464230000">
        <ele>116.000</ele>
      </trkpt>
      <trkpt lat="45.258080000" lon="8.464220000">
        <ele>116.000</ele>
      </trkpt>
      <trkpt lat="45.258110000" lon="8.464200000">
        <ele>116.000</ele>
      </trkpt>
      <trkpt lat="45.258140000" lon="8.464180000">
        <ele>116.000</ele>
      </trkpt>
      <trkpt lat="45.258160000" lon="8.464140000">
        <ele>116.000</ele>
      </trkpt>
      <trkpt lat="45.258180000" lon="8.464100000">
        <ele>117.000</ele>
      </trkpt>
      <trkpt lat="45.258190000" lon="8.464050000">
        <ele>117.000</ele>
      </trkpt>
      <trkpt lat="45.258190000" lon="8.464000000">
        <ele>117.000</ele>
      </trkpt>
      <trkpt lat="45.258280000" lon="8.464000000">
        <ele>117.000</ele>
      </trkpt>
      <trkpt lat="45.258370000" lon="8.464000000">
        <ele>117.000</ele>
      </trkpt>
      <trkpt lat="45.258790000" lon="8.464000000">
        <ele>117.000</ele>
      </trkpt>
      <trkpt lat="45.259000000" lon="8.464000000">
        <ele>118.000</ele>
      </trkpt>
      <trkpt lat="45.259140000" lon="8.464000000">
        <ele>118.000</ele>
      </trkpt>
      <trkpt lat="45.262450000" lon="8.463920000">
        <ele>118.000</ele>
      </trkpt>
      <trkpt lat="45.262540000" lon="8.463920000">
        <ele>118.000</ele>
      </trkpt>
      <trkpt lat="45.262610000" lon="8.463910000">
        <ele>118.000</ele>
      </trkpt>
      <trkpt lat="45.263700000" lon="8.463890000">
        <ele>117.000</ele>
      </trkpt>
      <trkpt lat="45.267690000" lon="8.463790000">
        <ele>117.000</ele>
      </trkpt>
      <trkpt lat="45.269200000" lon="8.463750000">
        <ele>118.000</ele>
      </trkpt>
      <trkpt lat="45.270000000" lon="8.463730000">
        <ele>119.000</ele>
      </trkpt>
      <trkpt lat="45.270350000" lon="8.463720000">
        <ele>119.000</ele>
      </trkpt>
      <trkpt lat="45.270670000" lon="8.463710000">
        <ele>119.000</ele>
      </trkpt>
      <trkpt lat="45.272020000" lon="8.463670000">
        <ele>119.000</ele>
      </trkpt>
      <trkpt lat="45.273550000" lon="8.463620000">
        <ele>119.000</ele>
      </trkpt>
      <trkpt lat="45.275260000" lon="8.463560000">
        <ele>119.000</ele>
      </trkpt>
      <trkpt lat="45.275480000" lon="8.463550000">
        <ele>119.000</ele>
      </trkpt>
      <trkpt lat="45.276990000" lon="8.463490000">
        <ele>118.000</ele>
      </trkpt>
      <trkpt lat="45.277220000" lon="8.463490000">
        <ele>118.000</ele>
      </trkpt>
      <trkpt lat="45.277740000" lon="8.463470000">
        <ele>118.000</ele>
      </trkpt>
      <trkpt lat="45.278170000" lon="8.463460000">
        <ele>118.000</ele>
      </trkpt>
      <trkpt lat="45.278600000" lon="8.463440000">
        <ele>119.000</ele>
      </trkpt>
      <trkpt lat="45.278780000" lon="8.463440000">
        <ele>119.000</ele>
      </trkpt>
      <trkpt lat="45.279280000" lon="8.463420000">
        <ele>120.000</ele>
      </trkpt>
      <trkpt lat="45.279780000" lon="8.463380000">
        <ele>120.000</ele>
      </trkpt>
      <trkpt lat="45.280020000" lon="8.463330000">
        <ele>120.000</ele>
      </trkpt>
      <trkpt lat="45.280110000" lon="8.463300000">
        <ele>120.000</ele>
      </trkpt>
      <trkpt lat="45.280250000" lon="8.463240000">
        <ele>120.000</ele>
      </trkpt>
      <trkpt lat="45.280520000" lon="8.463080000">
        <ele>120.000</ele>
      </trkpt>
      <trkpt lat="45.281380000" lon="8.462540000">
        <ele>119.000</ele>
      </trkpt>
      <trkpt lat="45.282430000" lon="8.461790000">
        <ele>120.000</ele>
      </trkpt>
      <trkpt lat="45.282860000" lon="8.461470000">
        <ele>120.000</ele>
      </trkpt>
      <trkpt lat="45.283890000" lon="8.460510000">
        <ele>121.000</ele>
      </trkpt>
      <trkpt lat="45.284990000" lon="8.459500000">
        <ele>121.000</ele>
      </trkpt>
      <trkpt lat="45.286180000" lon="8.458400000">
        <ele>121.000</ele>
      </trkpt>
      <trkpt lat="45.286610000" lon="8.457960000">
        <ele>121.000</ele>
      </trkpt>
      <trkpt lat="45.286970000" lon="8.457540000">
        <ele>121.000</ele>
      </trkpt>
      <trkpt lat="45.287130000" lon="8.457360000">
        <ele>121.000</ele>
      </trkpt>
      <trkpt lat="45.287410000" lon="8.457000000">
        <ele>121.000</ele>
      </trkpt>
      <trkpt lat="45.287540000" lon="8.456830000">
        <ele>122.000</ele>
      </trkpt>
      <trkpt lat="45.287610000" lon="8.456730000">
        <ele>122.000</ele>
      </trkpt>
      <trkpt lat="45.288310000" lon="8.455770000">
        <ele>122.000</ele>
      </trkpt>
      <trkpt lat="45.289010000" lon="8.454820000">
        <ele>121.000</ele>
      </trkpt>
      <trkpt lat="45.289320000" lon="8.454390000">
        <ele>121.000</ele>
      </trkpt>
      <trkpt lat="45.289630000" lon="8.454160000">
        <ele>121.000</ele>
      </trkpt>
      <trkpt lat="45.289670000" lon="8.454170000">
        <ele>121.000</ele>
      </trkpt>
      <trkpt lat="45.289720000" lon="8.454160000">
        <ele>121.000</ele>
      </trkpt>
      <trkpt lat="45.289990000" lon="8.454250000">
        <ele>121.000</ele>
      </trkpt>
      <trkpt lat="45.290050000" lon="8.454270000">
        <ele>121.000</ele>
      </trkpt>
      <trkpt lat="45.290130000" lon="8.454260000">
        <ele>121.000</ele>
      </trkpt>
      <trkpt lat="45.290260000" lon="8.454190000">
        <ele>121.000</ele>
      </trkpt>
      <trkpt lat="45.292240000" lon="8.453200000">
        <ele>121.000</ele>
      </trkpt>
      <trkpt lat="45.292650000" lon="8.453000000">
        <ele>121.000</ele>
      </trkpt>
      <trkpt lat="45.292740000" lon="8.453010000">
        <ele>121.000</ele>
      </trkpt>
      <trkpt lat="45.292830000" lon="8.453040000">
        <ele>121.000</ele>
      </trkpt>
      <trkpt lat="45.292880000" lon="8.453070000">
        <ele>121.000</ele>
      </trkpt>
      <trkpt lat="45.292910000" lon="8.453110000">
        <ele>121.000</ele>
      </trkpt>
      <trkpt lat="45.292930000" lon="8.453160000">
        <ele>121.000</ele>
      </trkpt>
      <trkpt lat="45.292960000" lon="8.453210000">
        <ele>121.000</ele>
      </trkpt>
      <trkpt lat="45.293000000" lon="8.453230000">
        <ele>121.000</ele>
      </trkpt>
      <trkpt lat="45.293050000" lon="8.453250000">
        <ele>121.000</ele>
      </trkpt>
      <trkpt lat="45.293090000" lon="8.453240000">
        <ele>121.000</ele>
      </trkpt>
      <trkpt lat="45.293130000" lon="8.453220000">
        <ele>121.000</ele>
      </trkpt>
      <trkpt lat="45.293160000" lon="8.453180000">
        <ele>121.000</ele>
      </trkpt>
      <trkpt lat="45.293190000" lon="8.453140000">
        <ele>121.000</ele>
      </trkpt>
      <trkpt lat="45.293210000" lon="8.453090000">
        <ele>121.000</ele>
      </trkpt>
      <trkpt lat="45.293210000" lon="8.453030000">
        <ele>121.000</ele>
      </trkpt>
      <trkpt lat="45.293210000" lon="8.452980000">
        <ele>121.000</ele>
      </trkpt>
      <trkpt lat="45.293220000" lon="8.452900000">
        <ele>121.000</ele>
      </trkpt>
      <trkpt lat="45.293250000" lon="8.452800000">
        <ele>121.000</ele>
      </trkpt>
      <trkpt lat="45.293300000" lon="8.452720000">
        <ele>121.000</ele>
      </trkpt>
      <trkpt lat="45.293360000" lon="8.452650000">
        <ele>121.000</ele>
      </trkpt>
      <trkpt lat="45.295360000" lon="8.451640000">
        <ele>121.000</ele>
      </trkpt>
      <trkpt lat="45.295930000" lon="8.451280000">
        <ele>121.000</ele>
      </trkpt>
      <trkpt lat="45.300480000" lon="8.448390000">
        <ele>121.000</ele>
      </trkpt>
      <trkpt lat="45.301260000" lon="8.447900000">
        <ele>122.000</ele>
      </trkpt>
      <trkpt lat="45.301300000" lon="8.447880000">
        <ele>122.000</ele>
      </trkpt>
      <trkpt lat="45.301320000" lon="8.447860000">
        <ele>122.000</ele>
      </trkpt>
      <trkpt lat="45.301390000" lon="8.447850000">
        <ele>122.000</ele>
      </trkpt>
      <trkpt lat="45.301470000" lon="8.447810000">
        <ele>122.000</ele>
      </trkpt>
      <trkpt lat="45.301530000" lon="8.447800000">
        <ele>122.000</ele>
      </trkpt>
      <trkpt lat="45.301580000" lon="8.447800000">
        <ele>122.000</ele>
      </trkpt>
      <trkpt lat="45.301600000" lon="8.447810000">
        <ele>122.000</ele>
      </trkpt>
      <trkpt lat="45.301630000" lon="8.447810000">
        <ele>122.000</ele>
      </trkpt>
      <trkpt lat="45.301660000" lon="8.447810000">
        <ele>122.000</ele>
      </trkpt>
      <trkpt lat="45.301680000" lon="8.447790000">
        <ele>122.000</ele>
      </trkpt>
      <trkpt lat="45.301710000" lon="8.447760000">
        <ele>122.000</ele>
      </trkpt>
      <trkpt lat="45.301720000" lon="8.447730000">
        <ele>122.000</ele>
      </trkpt>
      <trkpt lat="45.301730000" lon="8.447710000">
        <ele>122.000</ele>
      </trkpt>
      <trkpt lat="45.301730000" lon="8.447680000">
        <ele>122.000</ele>
      </trkpt>
      <trkpt lat="45.301760000" lon="8.447630000">
        <ele>122.000</ele>
      </trkpt>
      <trkpt lat="45.301820000" lon="8.447570000">
        <ele>122.000</ele>
      </trkpt>
      <trkpt lat="45.301900000" lon="8.447490000">
        <ele>122.000</ele>
      </trkpt>
      <trkpt lat="45.301920000" lon="8.447470000">
        <ele>122.000</ele>
      </trkpt>
      <trkpt lat="45.302300000" lon="8.447220000">
        <ele>122.000</ele>
      </trkpt>
      <trkpt lat="45.302420000" lon="8.447140000">
        <ele>122.000</ele>
      </trkpt>
      <trkpt lat="45.302530000" lon="8.447060000">
        <ele>123.000</ele>
      </trkpt>
      <trkpt lat="45.302930000" lon="8.446790000">
        <ele>123.000</ele>
      </trkpt>
      <trkpt lat="45.303000000" lon="8.446730000">
        <ele>123.000</ele>
      </trkpt>
      <trkpt lat="45.303270000" lon="8.446550000">
        <ele>124.000</ele>
      </trkpt>
      <trkpt lat="45.303650000" lon="8.446230000">
        <ele>124.000</ele>
      </trkpt>
      <trkpt lat="45.303820000" lon="8.446080000">
        <ele>125.000</ele>
      </trkpt>
      <trkpt lat="45.304450000" lon="8.445540000">
        <ele>126.000</ele>
      </trkpt>
      <trkpt lat="45.305120000" lon="8.444980000">
        <ele>126.000</ele>
      </trkpt>
      <trkpt lat="45.305240000" lon="8.444880000">
        <ele>127.000</ele>
      </trkpt>
      <trkpt lat="45.305320000" lon="8.444810000">
        <ele>127.000</ele>
      </trkpt>
      <trkpt lat="45.305510000" lon="8.444650000">
        <ele>127.000</ele>
      </trkpt>
      <trkpt lat="45.305730000" lon="8.444450000">
        <ele>127.000</ele>
      </trkpt>
      <trkpt lat="45.305830000" lon="8.444370000">
        <ele>127.000</ele>
      </trkpt>
      <trkpt lat="45.305880000" lon="8.444320000">
        <ele>127.000</ele>
      </trkpt>
      <trkpt lat="45.305940000" lon="8.444270000">
        <ele>127.000</ele>
      </trkpt>
      <trkpt lat="45.306180000" lon="8.444070000">
        <ele>127.000</ele>
      </trkpt>
      <trkpt lat="45.306390000" lon="8.443890000">
        <ele>126.000</ele>
      </trkpt>
      <trkpt lat="45.306670000" lon="8.443640000">
        <ele>126.000</ele>
      </trkpt>
      <trkpt lat="45.306700000" lon="8.443620000">
        <ele>126.000</ele>
      </trkpt>
      <trkpt lat="45.307180000" lon="8.443200000">
        <ele>126.000</ele>
      </trkpt>
      <trkpt lat="45.307280000" lon="8.443120000">
        <ele>125.000</ele>
      </trkpt>
      <trkpt lat="45.308210000" lon="8.442330000">
        <ele>125.000</ele>
      </trkpt>
      <trkpt lat="45.308240000" lon="8.442310000">
        <ele>124.000</ele>
      </trkpt>
      <trkpt lat="45.308300000" lon="8.442260000">
        <ele>124.000</ele>
      </trkpt>
      <trkpt lat="45.308380000" lon="8.442190000">
        <ele>124.000</ele>
      </trkpt>
      <trkpt lat="45.308400000" lon="8.442180000">
        <ele>124.000</ele>
      </trkpt>
      <trkpt lat="45.308560000" lon="8.442030000">
        <ele>124.000</ele>
      </trkpt>
      <trkpt lat="45.308590000" lon="8.442010000">
        <ele>124.000</ele>
      </trkpt>
      <trkpt lat="45.308790000" lon="8.441830000">
        <ele>124.000</ele>
      </trkpt>
      <trkpt lat="45.309680000" lon="8.441080000">
        <ele>124.000</ele>
      </trkpt>
      <trkpt lat="45.310350000" lon="8.440490000">
        <ele>124.000</ele>
      </trkpt>
      <trkpt lat="45.310430000" lon="8.440400000">
        <ele>124.000</ele>
      </trkpt>
      <trkpt lat="45.310450000" lon="8.440380000">
        <ele>124.000</ele>
      </trkpt>
      <trkpt lat="45.310580000" lon="8.440230000">
        <ele>124.000</ele>
      </trkpt>
      <trkpt lat="45.310700000" lon="8.440090000">
        <ele>124.000</ele>
      </trkpt>
      <trkpt lat="45.310780000" lon="8.439990000">
        <ele>124.000</ele>
      </trkpt>
      <trkpt lat="45.310880000" lon="8.439860000">
        <ele>124.000</ele>
      </trkpt>
      <trkpt lat="45.311490000" lon="8.439110000">
        <ele>125.000</ele>
      </trkpt>
      <trkpt lat="45.311720000" lon="8.438820000">
        <ele>125.000</ele>
      </trkpt>
      <trkpt lat="45.311890000" lon="8.438600000">
        <ele>126.000</ele>
      </trkpt>
      <trkpt lat="45.311930000" lon="8.438550000">
        <ele>126.000</ele>
      </trkpt>
      <trkpt lat="45.312020000" lon="8.438440000">
        <ele>126.000</ele>
      </trkpt>
      <trkpt lat="45.312080000" lon="8.438360000">
        <ele>126.000</ele>
      </trkpt>
      <trkpt lat="45.312120000" lon="8.438300000">
        <ele>126.000</ele>
      </trkpt>
      <trkpt lat="45.312180000" lon="8.438240000">
        <ele>126.000</ele>
      </trkpt>
      <trkpt lat="45.312290000" lon="8.438090000">
        <ele>126.000</ele>
      </trkpt>
      <trkpt lat="45.312680000" lon="8.437590000">
        <ele>125.000</ele>
      </trkpt>
      <trkpt lat="45.312720000" lon="8.437540000">
        <ele>125.000</ele>
      </trkpt>
      <trkpt lat="45.313210000" lon="8.436920000">
        <ele>124.000</ele>
      </trkpt>
      <trkpt lat="45.313460000" lon="8.436610000">
        <ele>124.000</ele>
      </trkpt>
      <trkpt lat="45.313650000" lon="8.436360000">
        <ele>124.000</ele>
      </trkpt>
      <trkpt lat="45.313700000" lon="8.436300000">
        <ele>124.000</ele>
      </trkpt>
      <trkpt lat="45.313800000" lon="8.436180000">
        <ele>124.000</ele>
      </trkpt>
      <trkpt lat="45.313900000" lon="8.436050000">
        <ele>124.000</ele>
      </trkpt>
      <trkpt lat="45.313990000" lon="8.435940000">
        <ele>124.000</ele>
      </trkpt>
      <trkpt lat="45.314220000" lon="8.435640000">
        <ele>124.000</ele>
      </trkpt>
      <trkpt lat="45.314500000" lon="8.435270000">
        <ele>124.000</ele>
      </trkpt>
      <trkpt lat="45.314570000" lon="8.435180000">
        <ele>124.000</ele>
      </trkpt>
      <trkpt lat="45.314750000" lon="8.434930000">
        <ele>124.000</ele>
      </trkpt>
      <trkpt lat="45.315000000" lon="8.434580000">
        <ele>125.000</ele>
      </trkpt>
      <trkpt lat="45.315050000" lon="8.434510000">
        <ele>125.000</ele>
      </trkpt>
      <trkpt lat="45.315200000" lon="8.434310000">
        <ele>125.000</ele>
      </trkpt>
      <trkpt lat="45.315380000" lon="8.434050000">
        <ele>125.000</ele>
      </trkpt>
      <trkpt lat="45.315470000" lon="8.433930000">
        <ele>125.000</ele>
      </trkpt>
      <trkpt lat="45.315570000" lon="8.433790000">
        <ele>126.000</ele>
      </trkpt>
      <trkpt lat="45.315680000" lon="8.433640000">
        <ele>126.000</ele>
      </trkpt>
      <trkpt lat="45.315720000" lon="8.433590000">
        <ele>126.000</ele>
      </trkpt>
      <trkpt lat="45.315850000" lon="8.433410000">
        <ele>126.000</ele>
      </trkpt>
      <trkpt lat="45.316090000" lon="8.433080000">
        <ele>126.000</ele>
      </trkpt>
      <trkpt lat="45.316140000" lon="8.433000000">
        <ele>126.000</ele>
      </trkpt>
      <trkpt lat="45.316210000" lon="8.432910000">
        <ele>126.000</ele>
      </trkpt>
      <trkpt lat="45.316230000" lon="8.432880000">
        <ele>126.000</ele>
      </trkpt>
      <trkpt lat="45.316310000" lon="8.432770000">
        <ele>126.000</ele>
      </trkpt>
      <trkpt lat="45.316370000" lon="8.432700000">
        <ele>126.000</ele>
      </trkpt>
      <trkpt lat="45.316420000" lon="8.432620000">
        <ele>126.000</ele>
      </trkpt>
      <trkpt lat="45.316590000" lon="8.432380000">
        <ele>126.000</ele>
      </trkpt>
      <trkpt lat="45.316690000" lon="8.432250000">
        <ele>126.000</ele>
      </trkpt>
      <trkpt lat="45.316790000" lon="8.432110000">
        <ele>126.000</ele>
      </trkpt>
      <trkpt lat="45.316990000" lon="8.431830000">
        <ele>126.000</ele>
      </trkpt>
      <trkpt lat="45.317130000" lon="8.431630000">
        <ele>126.000</ele>
      </trkpt>
      <trkpt lat="45.317350000" lon="8.431390000">
        <ele>126.000</ele>
      </trkpt>
      <trkpt lat="45.317410000" lon="8.431330000">
        <ele>126.000</ele>
      </trkpt>
      <trkpt lat="45.317470000" lon="8.431280000">
        <ele>126.000</ele>
      </trkpt>
      <trkpt lat="45.317500000" lon="8.431260000">
        <ele>126.000</ele>
      </trkpt>
      <trkpt lat="45.317530000" lon="8.431270000">
        <ele>126.000</ele>
      </trkpt>
      <trkpt lat="45.317570000" lon="8.431290000">
        <ele>126.000</ele>
      </trkpt>
      <trkpt lat="45.317620000" lon="8.431330000">
        <ele>126.000</ele>
      </trkpt>
      <trkpt lat="45.317660000" lon="8.431380000">
        <ele>126.000</ele>
      </trkpt>
      <trkpt lat="45.317760000" lon="8.431490000">
        <ele>126.000</ele>
      </trkpt>
      <trkpt lat="45.317840000" lon="8.431570000">
        <ele>126.000</ele>
      </trkpt>
      <trkpt lat="45.317950000" lon="8.431730000">
        <ele>126.000</ele>
      </trkpt>
      <trkpt lat="45.318030000" lon="8.431840000">
        <ele>126.000</ele>
      </trkpt>
      <trkpt lat="45.318230000" lon="8.432120000">
        <ele>126.000</ele>
      </trkpt>
      <trkpt lat="45.318300000" lon="8.432220000">
        <ele>126.000</ele>
      </trkpt>
      <trkpt lat="45.318450000" lon="8.432430000">
        <ele>126.000</ele>
      </trkpt>
      <trkpt lat="45.319140000" lon="8.433360000">
        <ele>126.000</ele>
      </trkpt>
      <trkpt lat="45.319180000" lon="8.433390000">
        <ele>126.000</ele>
      </trkpt>
      <trkpt lat="45.319250000" lon="8.433470000">
        <ele>126.000</ele>
      </trkpt>
      <trkpt lat="45.319320000" lon="8.433540000">
        <ele>126.000</ele>
      </trkpt>
      <trkpt lat="45.319380000" lon="8.433600000">
        <ele>126.000</ele>
      </trkpt>
      <trkpt lat="45.319470000" lon="8.433690000">
        <ele>126.000</ele>
      </trkpt>
      <trkpt lat="45.319500000" lon="8.433740000">
        <ele>126.000</ele>
      </trkpt>
      <trkpt lat="45.319670000" lon="8.433950000">
        <ele>126.000</ele>
      </trkpt>
      <trkpt lat="45.319820000" lon="8.434130000">
        <ele>126.000</ele>
      </trkpt>
      <trkpt lat="45.319870000" lon="8.434180000">
        <ele>125.000</ele>
      </trkpt>
      <trkpt lat="45.320030000" lon="8.434350000">
        <ele>125.000</ele>
      </trkpt>
      <trkpt lat="45.320230000" lon="8.434550000">
        <ele>125.000</ele>
      </trkpt>
      <trkpt lat="45.320400000" lon="8.434680000">
        <ele>125.000</ele>
      </trkpt>
      <trkpt lat="45.320570000" lon="8.434790000">
        <ele>124.000</ele>
      </trkpt>
      <trkpt lat="45.320740000" lon="8.434880000">
        <ele>124.000</ele>
      </trkpt>
      <trkpt lat="45.320900000" lon="8.434950000">
        <ele>124.000</ele>
      </trkpt>
      <trkpt lat="45.321140000" lon="8.435020000">
        <ele>124.000</ele>
      </trkpt>
      <trkpt lat="45.321350000" lon="8.435070000">
        <ele>124.000</ele>
      </trkpt>
      <trkpt lat="45.321610000" lon="8.435110000">
        <ele>124.000</ele>
      </trkpt>
      <trkpt lat="45.321790000" lon="8.435110000">
        <ele>124.000</ele>
      </trkpt>
      <trkpt lat="45.322070000" lon="8.435090000">
        <ele>125.000</ele>
      </trkpt>
      <trkpt lat="45.322340000" lon="8.435080000">
        <ele>125.000</ele>
      </trkpt>
      <trkpt lat="45.322470000" lon="8.435070000">
        <ele>125.000</ele>
      </trkpt>
      <trkpt lat="45.322520000" lon="8.435070000">
        <ele>125.000</ele>
      </trkpt>
      <trkpt lat="45.322680000" lon="8.435060000">
        <ele>125.000</ele>
      </trkpt>
      <trkpt lat="45.322860000" lon="8.435050000">
        <ele>125.000</ele>
      </trkpt>
      <trkpt lat="45.323230000" lon="8.435020000">
        <ele>125.000</ele>
      </trkpt>
      <trkpt lat="45.323230000" lon="8.435020000">
        <ele>125.000</ele>
      </trkpt>
      <trkpt lat="45.323260000" lon="8.435020000">
        <ele>125.000</ele>
      </trkpt>
      <trkpt lat="45.323580000" lon="8.435000000">
        <ele>125.000</ele>
      </trkpt>
      <trkpt lat="45.323600000" lon="8.434990000">
        <ele>125.000</ele>
      </trkpt>
      <trkpt lat="45.324020000" lon="8.434970000">
        <ele>125.000</ele>
      </trkpt>
      <trkpt lat="45.324070000" lon="8.434960000">
        <ele>125.000</ele>
      </trkpt>
      <trkpt lat="45.324460000" lon="8.434930000">
        <ele>125.000</ele>
      </trkpt>
      <trkpt lat="45.324830000" lon="8.434910000">
        <ele>125.000</ele>
      </trkpt>
      <trkpt lat="45.324910000" lon="8.434900000">
        <ele>125.000</ele>
      </trkpt>
      <trkpt lat="45.324980000" lon="8.434900000">
        <ele>125.000</ele>
      </trkpt>
      <trkpt lat="45.325070000" lon="8.434890000">
        <ele>125.000</ele>
      </trkpt>
      <trkpt lat="45.325230000" lon="8.434910000">
        <ele>125.000</ele>
      </trkpt>
      <trkpt lat="45.325290000" lon="8.434920000">
        <ele>125.000</ele>
      </trkpt>
      <trkpt lat="45.325300000" lon="8.434940000">
        <ele>125.000</ele>
      </trkpt>
      <trkpt lat="45.325310000" lon="8.434960000">
        <ele>125.000</ele>
      </trkpt>
      <trkpt lat="45.325340000" lon="8.435040000">
        <ele>125.000</ele>
      </trkpt>
      <trkpt lat="45.325370000" lon="8.435180000">
        <ele>125.000</ele>
      </trkpt>
      <trkpt lat="45.325410000" lon="8.435340000">
        <ele>125.000</ele>
      </trkpt>
      <trkpt lat="45.325410000" lon="8.435380000">
        <ele>125.000</ele>
      </trkpt>
      <trkpt lat="45.325430000" lon="8.435650000">
        <ele>125.000</ele>
      </trkpt>
      <trkpt lat="45.325460000" lon="8.435850000">
        <ele>125.000</ele>
      </trkpt>
      <trkpt lat="45.325510000" lon="8.436420000">
        <ele>125.000</ele>
      </trkpt>
      <trkpt lat="45.325550000" lon="8.436770000">
        <ele>124.000</ele>
      </trkpt>
      <trkpt lat="45.325550000" lon="8.436790000">
        <ele>124.000</ele>
      </trkpt>
      <trkpt lat="45.325560000" lon="8.436840000">
        <ele>124.000</ele>
      </trkpt>
      <trkpt lat="45.325570000" lon="8.436920000">
        <ele>124.000</ele>
      </trkpt>
      <trkpt lat="45.325570000" lon="8.436980000">
        <ele>124.000</ele>
      </trkpt>
      <trkpt lat="45.325580000" lon="8.437030000">
        <ele>124.000</ele>
      </trkpt>
      <trkpt lat="45.325580000" lon="8.437060000">
        <ele>124.000</ele>
      </trkpt>
      <trkpt lat="45.326080000" lon="8.441840000">
        <ele>123.000</ele>
      </trkpt>
      <trkpt lat="45.326090000" lon="8.441870000">
        <ele>122.000</ele>
      </trkpt>
      <trkpt lat="45.326100000" lon="8.441940000">
        <ele>122.000</ele>
      </trkpt>
      <trkpt lat="45.326150000" lon="8.442280000">
        <ele>121.000</ele>
      </trkpt>
      <trkpt lat="45.326180000" lon="8.442610000">
        <ele>121.000</ele>
      </trkpt>
      <trkpt lat="45.326510000" lon="8.445810000">
        <ele>122.000</ele>
      </trkpt>
      <trkpt lat="45.326590000" lon="8.446190000">
        <ele>122.000</ele>
      </trkpt>
      <trkpt lat="45.326720000" lon="8.446490000">
        <ele>122.000</ele>
      </trkpt>
      <trkpt lat="45.326860000" lon="8.446690000">
        <ele>122.000</ele>
      </trkpt>
      <trkpt lat="45.326990000" lon="8.446810000">
        <ele>122.000</ele>
      </trkpt>
      <trkpt lat="45.327160000" lon="8.446920000">
        <ele>122.000</ele>
      </trkpt>
      <trkpt lat="45.329140000" lon="8.447690000">
        <ele>122.000</ele>
      </trkpt>
      <trkpt lat="45.329210000" lon="8.447720000">
        <ele>122.000</ele>
      </trkpt>
      <trkpt lat="45.329510000" lon="8.447840000">
        <ele>123.000</ele>
      </trkpt>
      <trkpt lat="45.329660000" lon="8.447900000">
        <ele>123.000</ele>
      </trkpt>
      <trkpt lat="45.331970000" lon="8.448800000">
        <ele>123.000</ele>
      </trkpt>
      <trkpt lat="45.334090000" lon="8.449640000">
        <ele>124.000</ele>
      </trkpt>
      <trkpt lat="45.334160000" lon="8.449660000">
        <ele>125.000</ele>
      </trkpt>
      <trkpt lat="45.335200000" lon="8.450070000">
        <ele>125.000</ele>
      </trkpt>
      <trkpt lat="45.335800000" lon="8.450310000">
        <ele>125.000</ele>
      </trkpt>
      <trkpt lat="45.335970000" lon="8.450370000">
        <ele>125.000</ele>
      </trkpt>
      <trkpt lat="45.336250000" lon="8.450480000">
        <ele>125.000</ele>
      </trkpt>
      <trkpt lat="45.336310000" lon="8.450500000">
        <ele>124.000</ele>
      </trkpt>
      <trkpt lat="45.336340000" lon="8.450520000">
        <ele>124.000</ele>
      </trkpt>
      <trkpt lat="45.336650000" lon="8.450640000">
        <ele>124.000</ele>
      </trkpt>
      <trkpt lat="45.337340000" lon="8.450900000">
        <ele>124.000</ele>
      </trkpt>
      <trkpt lat="45.337630000" lon="8.451010000">
        <ele>123.000</ele>
      </trkpt>
      <trkpt lat="45.338160000" lon="8.451210000">
        <ele>123.000</ele>
      </trkpt>
      <trkpt lat="45.338860000" lon="8.451490000">
        <ele>122.000</ele>
      </trkpt>
      <trkpt lat="45.338940000" lon="8.451520000">
        <ele>122.000</ele>
      </trkpt>
      <trkpt lat="45.340100000" lon="8.451970000">
        <ele>122.000</ele>
      </trkpt>
      <trkpt lat="45.340190000" lon="8.452010000">
        <ele>122.000</ele>
      </trkpt>
      <trkpt lat="45.340370000" lon="8.452130000">
        <ele>122.000</ele>
      </trkpt>
      <trkpt lat="45.340440000" lon="8.452190000">
        <ele>122.000</ele>
      </trkpt>
      <trkpt lat="45.340470000" lon="8.452200000">
        <ele>122.000</ele>
      </trkpt>
      <trkpt lat="45.340480000" lon="8.452290000">
        <ele>122.000</ele>
      </trkpt>
      <trkpt lat="45.340510000" lon="8.452360000">
        <ele>122.000</ele>
      </trkpt>
      <trkpt lat="45.340540000" lon="8.452400000">
        <ele>122.000</ele>
      </trkpt>
      <trkpt lat="45.340590000" lon="8.452430000">
        <ele>122.000</ele>
      </trkpt>
      <trkpt lat="45.340640000" lon="8.452450000">
        <ele>122.000</ele>
      </trkpt>
      <trkpt lat="45.340670000" lon="8.452440000">
        <ele>122.000</ele>
      </trkpt>
      <trkpt lat="45.340700000" lon="8.452430000">
        <ele>122.000</ele>
      </trkpt>
      <trkpt lat="45.340750000" lon="8.452400000">
        <ele>122.000</ele>
      </trkpt>
      <trkpt lat="45.340790000" lon="8.452350000">
        <ele>122.000</ele>
      </trkpt>
      <trkpt lat="45.340810000" lon="8.452300000">
        <ele>122.000</ele>
      </trkpt>
      <trkpt lat="45.340920000" lon="8.452240000">
        <ele>122.000</ele>
      </trkpt>
      <trkpt lat="45.341100000" lon="8.452200000">
        <ele>122.000</ele>
      </trkpt>
      <trkpt lat="45.341290000" lon="8.452210000">
        <ele>122.000</ele>
      </trkpt>
      <trkpt lat="45.343260000" lon="8.452260000">
        <ele>121.000</ele>
      </trkpt>
      <trkpt lat="45.344520000" lon="8.452300000">
        <ele>122.000</ele>
      </trkpt>
      <trkpt lat="45.344540000" lon="8.452300000">
        <ele>122.000</ele>
      </trkpt>
      <trkpt lat="45.344590000" lon="8.452300000">
        <ele>123.000</ele>
      </trkpt>
      <trkpt lat="45.344800000" lon="8.452300000">
        <ele>123.000</ele>
      </trkpt>
      <trkpt lat="45.344800000" lon="8.452300000">
        <ele>123.000</ele>
      </trkpt>
      <trkpt lat="45.345180000" lon="8.452300000">
        <ele>124.000</ele>
      </trkpt>
      <trkpt lat="45.345890000" lon="8.452330000">
        <ele>124.000</ele>
      </trkpt>
      <trkpt lat="45.346070000" lon="8.452330000">
        <ele>124.000</ele>
      </trkpt>
      <trkpt lat="45.346190000" lon="8.452350000">
        <ele>124.000</ele>
      </trkpt>
      <trkpt lat="45.346300000" lon="8.452400000">
        <ele>124.000</ele>
      </trkpt>
      <trkpt lat="45.346400000" lon="8.452470000">
        <ele>124.000</ele>
      </trkpt>
      <trkpt lat="45.346500000" lon="8.452570000">
        <ele>124.000</ele>
      </trkpt>
      <trkpt lat="45.346590000" lon="8.452690000">
        <ele>124.000</ele>
      </trkpt>
      <trkpt lat="45.346710000" lon="8.452840000">
        <ele>124.000</ele>
      </trkpt>
      <trkpt lat="45.347330000" lon="8.453640000">
        <ele>124.000</ele>
      </trkpt>
      <trkpt lat="45.347390000" lon="8.453720000">
        <ele>124.000</ele>
      </trkpt>
      <trkpt lat="45.347430000" lon="8.453770000">
        <ele>124.000</ele>
      </trkpt>
      <trkpt lat="45.347540000" lon="8.453910000">
        <ele>124.000</ele>
      </trkpt>
      <trkpt lat="45.347840000" lon="8.454290000">
        <ele>124.000</ele>
      </trkpt>
      <trkpt lat="45.348330000" lon="8.454920000">
        <ele>124.000</ele>
      </trkpt>
      <trkpt lat="45.348570000" lon="8.455220000">
        <ele>124.000</ele>
      </trkpt>
      <trkpt lat="45.348920000" lon="8.455680000">
        <ele>124.000</ele>
      </trkpt>
      <trkpt lat="45.349110000" lon="8.455910000">
        <ele>124.000</ele>
      </trkpt>
      <trkpt lat="45.349230000" lon="8.456070000">
        <ele>123.000</ele>
      </trkpt>
      <trkpt lat="45.350090000" lon="8.457180000">
        <ele>122.000</ele>
      </trkpt>
      <trkpt lat="45.350370000" lon="8.457540000">
        <ele>121.000</ele>
      </trkpt>
      <trkpt lat="45.351520000" lon="8.459040000">
        <ele>122.000</ele>
      </trkpt>
      <trkpt lat="45.351630000" lon="8.459160000">
        <ele>123.000</ele>
      </trkpt>
      <trkpt lat="45.351750000" lon="8.459310000">
        <ele>124.000</ele>
      </trkpt>
      <trkpt lat="45.351860000" lon="8.459450000">
        <ele>124.000</ele>
      </trkpt>
      <trkpt lat="45.351880000" lon="8.459480000">
        <ele>125.000</ele>
      </trkpt>
      <trkpt lat="45.351910000" lon="8.459500000">
        <ele>125.000</ele>
      </trkpt>
      <trkpt lat="45.352000000" lon="8.459650000">
        <ele>125.000</ele>
      </trkpt>
      <trkpt lat="45.352040000" lon="8.459710000">
        <ele>125.000</ele>
      </trkpt>
      <trkpt lat="45.352080000" lon="8.459760000">
        <ele>125.000</ele>
      </trkpt>
      <trkpt lat="45.352140000" lon="8.459840000">
        <ele>125.000</ele>
      </trkpt>
      <trkpt lat="45.352300000" lon="8.460000000">
        <ele>125.000</ele>
      </trkpt>
      <trkpt lat="45.352350000" lon="8.460080000">
        <ele>125.000</ele>
      </trkpt>
      <trkpt lat="45.352670000" lon="8.460500000">
        <ele>125.000</ele>
      </trkpt>
      <trkpt lat="45.353110000" lon="8.461060000">
        <ele>124.000</ele>
      </trkpt>
      <trkpt lat="45.353460000" lon="8.461510000">
        <ele>124.000</ele>
      </trkpt>
      <trkpt lat="45.353870000" lon="8.462040000">
        <ele>124.000</ele>
      </trkpt>
      <trkpt lat="45.354230000" lon="8.462490000">
        <ele>124.000</ele>
      </trkpt>
      <trkpt lat="45.354290000" lon="8.462560000">
        <ele>124.000</ele>
      </trkpt>
      <trkpt lat="45.355140000" lon="8.463670000">
        <ele>124.000</ele>
      </trkpt>
      <trkpt lat="45.355230000" lon="8.463780000">
        <ele>124.000</ele>
      </trkpt>
      <trkpt lat="45.355270000" lon="8.463830000">
        <ele>124.000</ele>
      </trkpt>
      <trkpt lat="45.355600000" lon="8.464240000">
        <ele>125.000</ele>
      </trkpt>
      <trkpt lat="45.356110000" lon="8.464890000">
        <ele>125.000</ele>
      </trkpt>
      <trkpt lat="45.356280000" lon="8.465090000">
        <ele>125.000</ele>
      </trkpt>
      <trkpt lat="45.356480000" lon="8.465360000">
        <ele>125.000</ele>
      </trkpt>
      <trkpt lat="45.356580000" lon="8.465480000">
        <ele>125.000</ele>
      </trkpt>
      <trkpt lat="45.356610000" lon="8.465520000">
        <ele>125.000</ele>
      </trkpt>
      <trkpt lat="45.356720000" lon="8.465650000">
        <ele>125.000</ele>
      </trkpt>
      <trkpt lat="45.356860000" lon="8.465810000">
        <ele>126.000</ele>
      </trkpt>
      <trkpt lat="45.356880000" lon="8.465830000">
        <ele>126.000</ele>
      </trkpt>
      <trkpt lat="45.357090000" lon="8.466010000">
        <ele>126.000</ele>
      </trkpt>
      <trkpt lat="45.357120000" lon="8.466040000">
        <ele>126.000</ele>
      </trkpt>
      <trkpt lat="45.357180000" lon="8.466090000">
        <ele>126.000</ele>
      </trkpt>
      <trkpt lat="45.357310000" lon="8.466160000">
        <ele>126.000</ele>
      </trkpt>
      <trkpt lat="45.357390000" lon="8.466200000">
        <ele>126.000</ele>
      </trkpt>
      <trkpt lat="45.357460000" lon="8.466240000">
        <ele>126.000</ele>
      </trkpt>
      <trkpt lat="45.357620000" lon="8.466360000">
        <ele>126.000</ele>
      </trkpt>
      <trkpt lat="45.357780000" lon="8.466530000">
        <ele>126.000</ele>
      </trkpt>
      <trkpt lat="45.357860000" lon="8.466650000">
        <ele>127.000</ele>
      </trkpt>
      <trkpt lat="45.358290000" lon="8.467610000">
        <ele>127.000</ele>
      </trkpt>
      <trkpt lat="45.358330000" lon="8.467710000">
        <ele>127.000</ele>
      </trkpt>
      <trkpt lat="45.358490000" lon="8.468070000">
        <ele>127.000</ele>
      </trkpt>
      <trkpt lat="45.358570000" lon="8.468220000">
        <ele>127.000</ele>
      </trkpt>
      <trkpt lat="45.358650000" lon="8.468340000">
        <ele>127.000</ele>
      </trkpt>
      <trkpt lat="45.358660000" lon="8.468370000">
        <ele>127.000</ele>
      </trkpt>
      <trkpt lat="45.358690000" lon="8.468420000">
        <ele>127.000</ele>
      </trkpt>
      <trkpt lat="45.358790000" lon="8.468550000">
        <ele>127.000</ele>
      </trkpt>
      <trkpt lat="45.359030000" lon="8.468820000">
        <ele>127.000</ele>
      </trkpt>
      <trkpt lat="45.359140000" lon="8.468930000">
        <ele>127.000</ele>
      </trkpt>
      <trkpt lat="45.359320000" lon="8.469100000">
        <ele>127.000</ele>
      </trkpt>
      <trkpt lat="45.359360000" lon="8.469220000">
        <ele>127.000</ele>
      </trkpt>
      <trkpt lat="45.359400000" lon="8.469360000">
        <ele>127.000</ele>
      </trkpt>
      <trkpt lat="45.359280000" lon="8.470730000">
        <ele>127.000</ele>
      </trkpt>
      <trkpt lat="45.359270000" lon="8.470820000">
        <ele>127.000</ele>
      </trkpt>
      <trkpt lat="45.359250000" lon="8.471050000">
        <ele>127.000</ele>
      </trkpt>
      <trkpt lat="45.359220000" lon="8.471550000">
        <ele>127.000</ele>
      </trkpt>
      <trkpt lat="45.359240000" lon="8.471820000">
        <ele>127.000</ele>
      </trkpt>
      <trkpt lat="45.359300000" lon="8.472080000">
        <ele>127.000</ele>
      </trkpt>
      <trkpt lat="45.359420000" lon="8.472350000">
        <ele>127.000</ele>
      </trkpt>
      <trkpt lat="45.359590000" lon="8.472600000">
        <ele>127.000</ele>
      </trkpt>
      <trkpt lat="45.359720000" lon="8.472800000">
        <ele>127.000</ele>
      </trkpt>
      <trkpt lat="45.359740000" lon="8.472830000">
        <ele>127.000</ele>
      </trkpt>
      <trkpt lat="45.359770000" lon="8.472890000">
        <ele>127.000</ele>
      </trkpt>
      <trkpt lat="45.360210000" lon="8.473580000">
        <ele>127.000</ele>
      </trkpt>
      <trkpt lat="45.360280000" lon="8.473690000">
        <ele>127.000</ele>
      </trkpt>
      <trkpt lat="45.360990000" lon="8.474790000">
        <ele>126.000</ele>
      </trkpt>
      <trkpt lat="45.360990000" lon="8.474790000">
        <ele>126.000</ele>
      </trkpt>
      <trkpt lat="45.361290000" lon="8.475260000">
        <ele>126.000</ele>
      </trkpt>
      <trkpt lat="45.361390000" lon="8.475400000">
        <ele>125.000</ele>
      </trkpt>
      <trkpt lat="45.362210000" lon="8.476670000">
        <ele>125.000</ele>
      </trkpt>
      <trkpt lat="45.362320000" lon="8.476810000">
        <ele>124.000</ele>
      </trkpt>
      <trkpt lat="45.362390000" lon="8.476860000">
        <ele>124.000</ele>
      </trkpt>
      <trkpt lat="45.362480000" lon="8.476890000">
        <ele>124.000</ele>
      </trkpt>
      <trkpt lat="45.362530000" lon="8.476890000">
        <ele>124.000</ele>
      </trkpt>
      <trkpt lat="45.362570000" lon="8.476910000">
        <ele>124.000</ele>
      </trkpt>
      <trkpt lat="45.362660000" lon="8.476890000">
        <ele>124.000</ele>
      </trkpt>
      <trkpt lat="45.362870000" lon="8.476900000">
        <ele>124.000</ele>
      </trkpt>
      <trkpt lat="45.363070000" lon="8.476860000">
        <ele>124.000</ele>
      </trkpt>
      <trkpt lat="45.363270000" lon="8.476720000">
        <ele>124.000</ele>
      </trkpt>
      <trkpt lat="45.363430000" lon="8.476570000">
        <ele>124.000</ele>
      </trkpt>
      <trkpt lat="45.363580000" lon="8.476340000">
        <ele>124.000</ele>
      </trkpt>
      <trkpt lat="45.363700000" lon="8.476100000">
        <ele>124.000</ele>
      </trkpt>
      <trkpt lat="45.363740000" lon="8.475950000">
        <ele>124.000</ele>
      </trkpt>
      <trkpt lat="45.363760000" lon="8.475810000">
        <ele>124.000</ele>
      </trkpt>
      <trkpt lat="45.363770000" lon="8.475690000">
        <ele>124.000</ele>
      </trkpt>
      <trkpt lat="45.363760000" lon="8.475530000">
        <ele>125.000</ele>
      </trkpt>
      <trkpt lat="45.363730000" lon="8.474860000">
        <ele>125.000</ele>
      </trkpt>
      <trkpt lat="45.363730000" lon="8.474380000">
        <ele>125.000</ele>
      </trkpt>
      <trkpt lat="45.363780000" lon="8.474180000">
        <ele>125.000</ele>
      </trkpt>
      <trkpt lat="45.363780000" lon="8.474040000">
        <ele>125.000</ele>
      </trkpt>
      <trkpt lat="45.363790000" lon="8.473700000">
        <ele>125.000</ele>
      </trkpt>
      <trkpt lat="45.363800000" lon="8.473530000">
        <ele>125.000</ele>
      </trkpt>
      <trkpt lat="45.363810000" lon="8.473460000">
        <ele>125.000</ele>
      </trkpt>
      <trkpt lat="45.363810000" lon="8.473400000">
        <ele>125.000</ele>
      </trkpt>
      <trkpt lat="45.363840000" lon="8.473100000">
        <ele>125.000</ele>
      </trkpt>
      <trkpt lat="45.363840000" lon="8.473100000">
        <ele>125.000</ele>
      </trkpt>
      <trkpt lat="45.363850000" lon="8.473000000">
        <ele>125.000</ele>
      </trkpt>
      <trkpt lat="45.363870000" lon="8.472810000">
        <ele>125.000</ele>
      </trkpt>
      <trkpt lat="45.363900000" lon="8.472590000">
        <ele>125.000</ele>
      </trkpt>
      <trkpt lat="45.363940000" lon="8.472330000">
        <ele>125.000</ele>
      </trkpt>
      <trkpt lat="45.364000000" lon="8.471960000">
        <ele>125.000</ele>
      </trkpt>
      <trkpt lat="45.364080000" lon="8.471570000">
        <ele>125.000</ele>
      </trkpt>
      <trkpt lat="45.364210000" lon="8.470920000">
        <ele>125.000</ele>
      </trkpt>
      <trkpt lat="45.364390000" lon="8.469990000">
        <ele>125.000</ele>
      </trkpt>
      <trkpt lat="45.364460000" lon="8.469640000">
        <ele>125.000</ele>
      </trkpt>
      <trkpt lat="45.364580000" lon="8.469040000">
        <ele>125.000</ele>
      </trkpt>
      <trkpt lat="45.364720000" lon="8.468320000">
        <ele>126.000</ele>
      </trkpt>
      <trkpt lat="45.364790000" lon="8.467880000">
        <ele>126.000</ele>
      </trkpt>
      <trkpt lat="45.364870000" lon="8.467260000">
        <ele>127.000</ele>
      </trkpt>
      <trkpt lat="45.364920000" lon="8.466750000">
        <ele>127.000</ele>
      </trkpt>
      <trkpt lat="45.364950000" lon="8.466270000">
        <ele>127.000</ele>
      </trkpt>
      <trkpt lat="45.364960000" lon="8.465770000">
        <ele>127.000</ele>
      </trkpt>
      <trkpt lat="45.364960000" lon="8.465370000">
        <ele>126.000</ele>
      </trkpt>
      <trkpt lat="45.364950000" lon="8.464980000">
        <ele>126.000</ele>
      </trkpt>
      <trkpt lat="45.364930000" lon="8.464630000">
        <ele>125.000</ele>
      </trkpt>
      <trkpt lat="45.364890000" lon="8.464200000">
        <ele>125.000</ele>
      </trkpt>
      <trkpt lat="45.364860000" lon="8.463880000">
        <ele>125.000</ele>
      </trkpt>
      <trkpt lat="45.364850000" lon="8.463450000">
        <ele>125.000</ele>
      </trkpt>
      <trkpt lat="45.364730000" lon="8.462780000">
        <ele>124.000</ele>
      </trkpt>
      <trkpt lat="45.364660000" lon="8.462460000">
        <ele>124.000</ele>
      </trkpt>
      <trkpt lat="45.364620000" lon="8.462250000">
        <ele>124.000</ele>
      </trkpt>
      <trkpt lat="45.364620000" lon="8.462110000">
        <ele>124.000</ele>
      </trkpt>
      <trkpt lat="45.364620000" lon="8.461960000">
        <ele>124.000</ele>
      </trkpt>
      <trkpt lat="45.364630000" lon="8.461850000">
        <ele>124.000</ele>
      </trkpt>
      <trkpt lat="45.364660000" lon="8.461770000">
        <ele>124.000</ele>
      </trkpt>
      <trkpt lat="45.364700000" lon="8.461670000">
        <ele>124.000</ele>
      </trkpt>
      <trkpt lat="45.364720000" lon="8.461640000">
        <ele>124.000</ele>
      </trkpt>
      <trkpt lat="45.364750000" lon="8.461600000">
        <ele>124.000</ele>
      </trkpt>
      <trkpt lat="45.364820000" lon="8.461530000">
        <ele>124.000</ele>
      </trkpt>
      <trkpt lat="45.364920000" lon="8.461440000">
        <ele>124.000</ele>
      </trkpt>
      <trkpt lat="45.364980000" lon="8.461420000">
        <ele>124.000</ele>
      </trkpt>
      <trkpt lat="45.365020000" lon="8.461420000">
        <ele>124.000</ele>
      </trkpt>
      <trkpt lat="45.365060000" lon="8.461420000">
        <ele>124.000</ele>
      </trkpt>
      <trkpt lat="45.365130000" lon="8.461420000">
        <ele>124.000</ele>
      </trkpt>
      <trkpt lat="45.365210000" lon="8.461480000">
        <ele>124.000</ele>
      </trkpt>
      <trkpt lat="45.365280000" lon="8.461540000">
        <ele>124.000</ele>
      </trkpt>
      <trkpt lat="45.365340000" lon="8.461620000">
        <ele>124.000</ele>
      </trkpt>
      <trkpt lat="45.365400000" lon="8.461730000">
        <ele>124.000</ele>
      </trkpt>
      <trkpt lat="45.365430000" lon="8.461860000">
        <ele>124.000</ele>
      </trkpt>
      <trkpt lat="45.365450000" lon="8.461990000">
        <ele>124.000</ele>
      </trkpt>
      <trkpt lat="45.365450000" lon="8.462130000">
        <ele>124.000</ele>
      </trkpt>
      <trkpt lat="45.365420000" lon="8.462260000">
        <ele>124.000</ele>
      </trkpt>
      <trkpt lat="45.365370000" lon="8.462390000">
        <ele>124.000</ele>
      </trkpt>
      <trkpt lat="45.365300000" lon="8.462510000">
        <ele>124.000</ele>
      </trkpt>
      <trkpt lat="45.365200000" lon="8.462620000">
        <ele>124.000</ele>
      </trkpt>
      <trkpt lat="45.365080000" lon="8.462700000">
        <ele>124.000</ele>
      </trkpt>
      <trkpt lat="45.364960000" lon="8.462750000">
        <ele>125.000</ele>
      </trkpt>
      <trkpt lat="45.364260000" lon="8.463030000">
        <ele>125.000</ele>
      </trkpt>
      <trkpt lat="45.364140000" lon="8.463080000">
        <ele>125.000</ele>
      </trkpt>
      <trkpt lat="45.364040000" lon="8.463100000">
        <ele>125.000</ele>
      </trkpt>
      <trkpt lat="45.363950000" lon="8.463110000">
        <ele>126.000</ele>
      </trkpt>
      <trkpt lat="45.363840000" lon="8.463100000">
        <ele>126.000</ele>
      </trkpt>
      <trkpt lat="45.363730000" lon="8.463050000">
        <ele>126.000</ele>
      </trkpt>
      <trkpt lat="45.363630000" lon="8.462970000">
        <ele>126.000</ele>
      </trkpt>
      <trkpt lat="45.363590000" lon="8.462930000">
        <ele>126.000</ele>
      </trkpt>
      <trkpt lat="45.363550000" lon="8.462870000">
        <ele>126.000</ele>
      </trkpt>
      <trkpt lat="45.363500000" lon="8.462790000">
        <ele>126.000</ele>
      </trkpt>
      <trkpt lat="45.363470000" lon="8.462710000">
        <ele>126.000</ele>
      </trkpt>
      <trkpt lat="45.363440000" lon="8.462580000">
        <ele>126.000</ele>
      </trkpt>
      <trkpt lat="45.363420000" lon="8.462450000">
        <ele>126.000</ele>
      </trkpt>
      <trkpt lat="45.363410000" lon="8.462290000">
        <ele>126.000</ele>
      </trkpt>
      <trkpt lat="45.363420000" lon="8.462160000">
        <ele>126.000</ele>
      </trkpt>
      <trkpt lat="45.363480000" lon="8.461930000">
        <ele>126.000</ele>
      </trkpt>
      <trkpt lat="45.363500000" lon="8.461880000">
        <ele>126.000</ele>
      </trkpt>
      <trkpt lat="45.363760000" lon="8.461230000">
        <ele>126.000</ele>
      </trkpt>
      <trkpt lat="45.363820000" lon="8.461050000">
        <ele>125.000</ele>
      </trkpt>
      <trkpt lat="45.363860000" lon="8.460910000">
        <ele>125.000</ele>
      </trkpt>
      <trkpt lat="45.363900000" lon="8.460800000">
        <ele>125.000</ele>
      </trkpt>
      <trkpt lat="45.363930000" lon="8.460670000">
        <ele>125.000</ele>
      </trkpt>
      <trkpt lat="45.363960000" lon="8.460580000">
        <ele>125.000</ele>
      </trkpt>
      <trkpt lat="45.363980000" lon="8.460570000">
        <ele>125.000</ele>
      </trkpt>
      <trkpt lat="45.364060000" lon="8.460590000">
        <ele>125.000</ele>
      </trkpt>
      <trkpt lat="45.364130000" lon="8.460620000">
        <ele>125.000</ele>
      </trkpt>
      <trkpt lat="45.364200000" lon="8.460660000">
        <ele>125.000</ele>
      </trkpt>
      <trkpt lat="45.364260000" lon="8.460700000">
        <ele>124.000</ele>
      </trkpt>
      <trkpt lat="45.364370000" lon="8.460760000">
        <ele>124.000</ele>
      </trkpt>
      <trkpt lat="45.365010000" lon="8.460900000">
        <ele>124.000</ele>
      </trkpt>
      <trkpt lat="45.365060000" lon="8.460910000">
        <ele>124.000</ele>
      </trkpt>
      <trkpt lat="45.365810000" lon="8.461080000">
        <ele>124.000</ele>
      </trkpt>
      <trkpt lat="45.366710000" lon="8.461290000">
        <ele>123.000</ele>
      </trkpt>
      <trkpt lat="45.366710000" lon="8.461290000">
        <ele>123.000</ele>
      </trkpt>
      <trkpt lat="45.366940000" lon="8.461350000">
        <ele>123.000</ele>
      </trkpt>
      <trkpt lat="45.367220000" lon="8.461400000">
        <ele>123.000</ele>
      </trkpt>
      <trkpt lat="45.368440000" lon="8.461680000">
        <ele>124.000</ele>
      </trkpt>
      <trkpt lat="45.370160000" lon="8.462060000">
        <ele>125.000</ele>
      </trkpt>
      <trkpt lat="45.370360000" lon="8.462090000">
        <ele>126.000</ele>
      </trkpt>
      <trkpt lat="45.370550000" lon="8.462130000">
        <ele>126.000</ele>
      </trkpt>
      <trkpt lat="45.370690000" lon="8.462170000">
        <ele>127.000</ele>
      </trkpt>
      <trkpt lat="45.370800000" lon="8.462170000">
        <ele>127.000</ele>
      </trkpt>
      <trkpt lat="45.370900000" lon="8.462150000">
        <ele>127.000</ele>
      </trkpt>
      <trkpt lat="45.370950000" lon="8.462140000">
        <ele>128.000</ele>
      </trkpt>
      <trkpt lat="45.371050000" lon="8.462110000">
        <ele>128.000</ele>
      </trkpt>
      <trkpt lat="45.371310000" lon="8.462010000">
        <ele>128.000</ele>
      </trkpt>
      <trkpt lat="45.372340000" lon="8.461630000">
        <ele>128.000</ele>
      </trkpt>
      <trkpt lat="45.372340000" lon="8.461630000">
        <ele>128.000</ele>
      </trkpt>
      <trkpt lat="45.374320000" lon="8.460900000">
        <ele>129.000</ele>
      </trkpt>
      <trkpt lat="45.378180000" lon="8.459470000">
        <ele>129.000</ele>
      </trkpt>
      <trkpt lat="45.378230000" lon="8.459450000">
        <ele>129.000</ele>
      </trkpt>
      <trkpt lat="45.378260000" lon="8.459440000">
        <ele>129.000</ele>
      </trkpt>
      <trkpt lat="45.379280000" lon="8.459070000">
        <ele>129.000</ele>
      </trkpt>
      <trkpt lat="45.379450000" lon="8.459020000">
        <ele>130.000</ele>
      </trkpt>
      <trkpt lat="45.379660000" lon="8.458980000">
        <ele>130.000</ele>
      </trkpt>
      <trkpt lat="45.381850000" lon="8.458720000">
        <ele>130.000</ele>
      </trkpt>
      <trkpt lat="45.382900000" lon="8.458620000">
        <ele>130.000</ele>
      </trkpt>
      <trkpt lat="45.385800000" lon="8.458320000">
        <ele>131.000</ele>
      </trkpt>
      <trkpt lat="45.387820000" lon="8.458110000">
        <ele>131.000</ele>
      </trkpt>
      <trkpt lat="45.388320000" lon="8.458050000">
        <ele>131.000</ele>
      </trkpt>
      <trkpt lat="45.388480000" lon="8.458060000">
        <ele>131.000</ele>
      </trkpt>
      <trkpt lat="45.388620000" lon="8.458090000">
        <ele>132.000</ele>
      </trkpt>
      <trkpt lat="45.388840000" lon="8.458180000">
        <ele>132.000</ele>
      </trkpt>
      <trkpt lat="45.388890000" lon="8.458210000">
        <ele>132.000</ele>
      </trkpt>
      <trkpt lat="45.388990000" lon="8.458250000">
        <ele>132.000</ele>
      </trkpt>
      <trkpt lat="45.389480000" lon="8.458520000">
        <ele>132.000</ele>
      </trkpt>
      <trkpt lat="45.390490000" lon="8.459050000">
        <ele>132.000</ele>
      </trkpt>
      <trkpt lat="45.390930000" lon="8.459280000">
        <ele>132.000</ele>
      </trkpt>
      <trkpt lat="45.391050000" lon="8.459340000">
        <ele>133.000</ele>
      </trkpt>
      <trkpt lat="45.391420000" lon="8.459560000">
        <ele>133.000</ele>
      </trkpt>
      <trkpt lat="45.391870000" lon="8.459800000">
        <ele>133.000</ele>
      </trkpt>
      <trkpt lat="45.391980000" lon="8.459860000">
        <ele>133.000</ele>
      </trkpt>
      <trkpt lat="45.392140000" lon="8.460010000">
        <ele>134.000</ele>
      </trkpt>
      <trkpt lat="45.392560000" lon="8.460370000">
        <ele>134.000</ele>
      </trkpt>
      <trkpt lat="45.392940000" lon="8.460710000">
        <ele>134.000</ele>
      </trkpt>
      <trkpt lat="45.393300000" lon="8.461030000">
        <ele>134.000</ele>
      </trkpt>
      <trkpt lat="45.393390000" lon="8.461110000">
        <ele>134.000</ele>
      </trkpt>
      <trkpt lat="45.394270000" lon="8.461890000">
        <ele>134.000</ele>
      </trkpt>
      <trkpt lat="45.394310000" lon="8.461930000">
        <ele>134.000</ele>
      </trkpt>
      <trkpt lat="45.394850000" lon="8.462410000">
        <ele>135.000</ele>
      </trkpt>
      <trkpt lat="45.395380000" lon="8.462870000">
        <ele>135.000</ele>
      </trkpt>
      <trkpt lat="45.395660000" lon="8.463130000">
        <ele>136.000</ele>
      </trkpt>
      <trkpt lat="45.396380000" lon="8.463770000">
        <ele>136.000</ele>
      </trkpt>
      <trkpt lat="45.396490000" lon="8.463830000">
        <ele>137.000</ele>
      </trkpt>
      <trkpt lat="45.396600000" lon="8.463850000">
        <ele>137.000</ele>
      </trkpt>
      <trkpt lat="45.396660000" lon="8.463850000">
        <ele>137.000</ele>
      </trkpt>
      <trkpt lat="45.396680000" lon="8.463860000">
        <ele>138.000</ele>
      </trkpt>
      <trkpt lat="45.396730000" lon="8.463860000">
        <ele>138.000</ele>
      </trkpt>
      <trkpt lat="45.396790000" lon="8.463870000">
        <ele>138.000</ele>
      </trkpt>
      <trkpt lat="45.397840000" lon="8.463960000">
        <ele>139.000</ele>
      </trkpt>
      <trkpt lat="45.397940000" lon="8.463970000">
        <ele>139.000</ele>
      </trkpt>
      <trkpt lat="45.398030000" lon="8.463950000">
        <ele>139.000</ele>
      </trkpt>
      <trkpt lat="45.398080000" lon="8.463940000">
        <ele>140.000</ele>
      </trkpt>
      <trkpt lat="45.398250000" lon="8.463880000">
        <ele>140.000</ele>
      </trkpt>
      <trkpt lat="45.398320000" lon="8.463860000">
        <ele>140.000</ele>
      </trkpt>
      <trkpt lat="45.398670000" lon="8.463750000">
        <ele>140.000</ele>
      </trkpt>
      <trkpt lat="45.399030000" lon="8.463660000">
        <ele>140.000</ele>
      </trkpt>
      <trkpt lat="45.399240000" lon="8.463590000">
        <ele>140.000</ele>
      </trkpt>
      <trkpt lat="45.399380000" lon="8.463540000">
        <ele>140.000</ele>
      </trkpt>
      <trkpt lat="45.399400000" lon="8.463540000">
        <ele>140.000</ele>
      </trkpt>
      <trkpt lat="45.399410000" lon="8.463540000">
        <ele>140.000</ele>
      </trkpt>
      <trkpt lat="45.399420000" lon="8.463560000">
        <ele>140.000</ele>
      </trkpt>
      <trkpt lat="45.399430000" lon="8.463580000">
        <ele>140.000</ele>
      </trkpt>
      <trkpt lat="45.399470000" lon="8.463830000">
        <ele>140.000</ele>
      </trkpt>
      <trkpt lat="45.399480000" lon="8.463880000">
        <ele>140.000</ele>
      </trkpt>
      <trkpt lat="45.399550000" lon="8.464270000">
        <ele>140.000</ele>
      </trkpt>
      <trkpt lat="45.399600000" lon="8.464570000">
        <ele>140.000</ele>
      </trkpt>
      <trkpt lat="45.399610000" lon="8.464590000">
        <ele>140.000</ele>
      </trkpt>
      <trkpt lat="45.399620000" lon="8.464590000">
        <ele>140.000</ele>
      </trkpt>
      <trkpt lat="45.399630000" lon="8.464590000">
        <ele>140.000</ele>
      </trkpt>
      <trkpt lat="45.399670000" lon="8.464580000">
        <ele>140.000</ele>
      </trkpt>
      <trkpt lat="45.400050000" lon="8.464450000">
        <ele>140.000</ele>
      </trkpt>
      <trkpt lat="45.400410000" lon="8.464340000">
        <ele>140.000</ele>
      </trkpt>
      <trkpt lat="45.400770000" lon="8.464210000">
        <ele>140.000</ele>
      </trkpt>
      <trkpt lat="45.400780000" lon="8.464210000">
        <ele>140.000</ele>
      </trkpt>
      <trkpt lat="45.400790000" lon="8.464200000">
        <ele>140.000</ele>
      </trkpt>
      <trkpt lat="45.400970000" lon="8.464130000">
        <ele>139.000</ele>
      </trkpt>
      <trkpt lat="45.401070000" lon="8.464090000">
        <ele>139.000</ele>
      </trkpt>
      <trkpt lat="45.401110000" lon="8.464070000">
        <ele>139.000</ele>
      </trkpt>
      <trkpt lat="45.401510000" lon="8.463950000">
        <ele>139.000</ele>
      </trkpt>
      <trkpt lat="45.401620000" lon="8.463920000">
        <ele>139.000</ele>
      </trkpt>
      <trkpt lat="45.401790000" lon="8.463870000">
        <ele>139.000</ele>
      </trkpt>
      <trkpt lat="45.401860000" lon="8.463860000">
        <ele>139.000</ele>
      </trkpt>
      <trkpt lat="45.402030000" lon="8.463820000">
        <ele>139.000</ele>
      </trkpt>
      <trkpt lat="45.402420000" lon="8.463720000">
        <ele>139.000</ele>
      </trkpt>
      <trkpt lat="45.402870000" lon="8.463600000">
        <ele>139.000</ele>
      </trkpt>
      <trkpt lat="45.403570000" lon="8.463420000">
        <ele>140.000</ele>
      </trkpt>
      <trkpt lat="45.403680000" lon="8.463390000">
        <ele>140.000</ele>
      </trkpt>
      <trkpt lat="45.404060000" lon="8.463300000">
        <ele>140.000</ele>
      </trkpt>
      <trkpt lat="45.404310000" lon="8.463230000">
        <ele>140.000</ele>
      </trkpt>
      <trkpt lat="45.404570000" lon="8.463160000">
        <ele>140.000</ele>
      </trkpt>
      <trkpt lat="45.405150000" lon="8.462990000">
        <ele>140.000</ele>
      </trkpt>
      <trkpt lat="45.405630000" lon="8.462830000">
        <ele>139.000</ele>
      </trkpt>
      <trkpt lat="45.405950000" lon="8.462730000">
        <ele>139.000</ele>
      </trkpt>
      <trkpt lat="45.406520000" lon="8.462560000">
        <ele>139.000</ele>
      </trkpt>
      <trkpt lat="45.406520000" lon="8.462550000">
        <ele>139.000</ele>
      </trkpt>
      <trkpt lat="45.406970000" lon="8.462420000">
        <ele>139.000</ele>
      </trkpt>
      <trkpt lat="45.409040000" lon="8.461770000">
        <ele>139.000</ele>
      </trkpt>
      <trkpt lat="45.410110000" lon="8.461450000">
        <ele>139.000</ele>
      </trkpt>
      <trkpt lat="45.410340000" lon="8.461380000">
        <ele>139.000</ele>
      </trkpt>
      <trkpt lat="45.410480000" lon="8.461380000">
        <ele>139.000</ele>
      </trkpt>
      <trkpt lat="45.410640000" lon="8.461420000">
        <ele>139.000</ele>
      </trkpt>
      <trkpt lat="45.410960000" lon="8.461540000">
        <ele>139.000</ele>
      </trkpt>
      <trkpt lat="45.413690000" lon="8.462730000">
        <ele>140.000</ele>
      </trkpt>
      <trkpt lat="45.415290000" lon="8.463440000">
        <ele>141.000</ele>
      </trkpt>
      <trkpt lat="45.415330000" lon="8.463460000">
        <ele>141.000</ele>
      </trkpt>
      <trkpt lat="45.415340000" lon="8.463460000">
        <ele>142.000</ele>
      </trkpt>
      <trkpt lat="45.416210000" lon="8.463830000">
        <ele>142.000</ele>
      </trkpt>
      <trkpt lat="45.417390000" lon="8.464350000">
        <ele>142.000</ele>
      </trkpt>
      <trkpt lat="45.417550000" lon="8.464390000">
        <ele>142.000</ele>
      </trkpt>
      <trkpt lat="45.417950000" lon="8.464360000">
        <ele>142.000</ele>
      </trkpt>
      <trkpt lat="45.426150000" lon="8.462890000">
        <ele>143.000</ele>
      </trkpt>
      <trkpt lat="45.427290000" lon="8.462680000">
        <ele>145.000</ele>
      </trkpt>
      <trkpt lat="45.427590000" lon="8.462680000">
        <ele>146.000</ele>
      </trkpt>
      <trkpt lat="45.427880000" lon="8.462760000">
        <ele>147.000</ele>
      </trkpt>
      <trkpt lat="45.428120000" lon="8.462870000">
        <ele>147.000</ele>
      </trkpt>
      <trkpt lat="45.428370000" lon="8.463060000">
        <ele>148.000</ele>
      </trkpt>
      <trkpt lat="45.429200000" lon="8.463760000">
        <ele>148.000</ele>
      </trkpt>
      <trkpt lat="45.429710000" lon="8.464190000">
        <ele>148.000</ele>
      </trkpt>
      <trkpt lat="45.430070000" lon="8.464620000">
        <ele>148.000</ele>
      </trkpt>
      <trkpt lat="45.430940000" lon="8.465670000">
        <ele>148.000</ele>
      </trkpt>
      <trkpt lat="45.431060000" lon="8.465810000">
        <ele>147.000</ele>
      </trkpt>
      <trkpt lat="45.431120000" lon="8.465890000">
        <ele>147.000</ele>
      </trkpt>
      <trkpt lat="45.432480000" lon="8.467540000">
        <ele>147.000</ele>
      </trkpt>
      <trkpt lat="45.432620000" lon="8.467710000">
        <ele>147.000</ele>
      </trkpt>
      <trkpt lat="45.432790000" lon="8.467830000">
        <ele>147.000</ele>
      </trkpt>
      <trkpt lat="45.432820000" lon="8.467850000">
        <ele>148.000</ele>
      </trkpt>
      <trkpt lat="45.432960000" lon="8.467900000">
        <ele>148.000</ele>
      </trkpt>
      <trkpt lat="45.433190000" lon="8.467910000">
        <ele>148.000</ele>
      </trkpt>
      <trkpt lat="45.433790000" lon="8.467940000">
        <ele>149.000</ele>
      </trkpt>
      <trkpt lat="45.434060000" lon="8.468050000">
        <ele>149.000</ele>
      </trkpt>
      <trkpt lat="45.434170000" lon="8.468090000">
        <ele>150.000</ele>
      </trkpt>
      <trkpt lat="45.434440000" lon="8.468240000">
        <ele>150.000</ele>
      </trkpt>
      <trkpt lat="45.434510000" lon="8.468280000">
        <ele>151.000</ele>
      </trkpt>
      <trkpt lat="45.434610000" lon="8.468330000">
        <ele>151.000</ele>
      </trkpt>
      <trkpt lat="45.435040000" lon="8.468450000">
        <ele>151.000</ele>
      </trkpt>
      <trkpt lat="45.435200000" lon="8.468470000">
        <ele>152.000</ele>
      </trkpt>
      <trkpt lat="45.435360000" lon="8.468460000">
        <ele>152.000</ele>
      </trkpt>
      <trkpt lat="45.435560000" lon="8.468440000">
        <ele>152.000</ele>
      </trkpt>
      <trkpt lat="45.435790000" lon="8.468380000">
        <ele>152.000</ele>
      </trkpt>
      <trkpt lat="45.435940000" lon="8.468340000">
        <ele>153.000</ele>
      </trkpt>
      <trkpt lat="45.436180000" lon="8.468200000">
        <ele>153.000</ele>
      </trkpt>
      <trkpt lat="45.436370000" lon="8.468090000">
        <ele>153.000</ele>
      </trkpt>
      <trkpt lat="45.436660000" lon="8.467900000">
        <ele>153.000</ele>
      </trkpt>
      <trkpt lat="45.436710000" lon="8.467830000">
        <ele>153.000</ele>
      </trkpt>
      <trkpt lat="45.436810000" lon="8.467690000">
        <ele>153.000</ele>
      </trkpt>
      <trkpt lat="45.436820000" lon="8.467680000">
        <ele>153.000</ele>
      </trkpt>
      <trkpt lat="45.436880000" lon="8.467590000">
        <ele>153.000</ele>
      </trkpt>
      <trkpt lat="45.437060000" lon="8.467450000">
        <ele>153.000</ele>
      </trkpt>
      <trkpt lat="45.437160000" lon="8.467440000">
        <ele>153.000</ele>
      </trkpt>
      <trkpt lat="45.437260000" lon="8.467470000">
        <ele>153.000</ele>
      </trkpt>
      <trkpt lat="45.437340000" lon="8.467520000">
        <ele>153.000</ele>
      </trkpt>
      <trkpt lat="45.437440000" lon="8.467570000">
        <ele>153.000</ele>
      </trkpt>
      <trkpt lat="45.437550000" lon="8.467580000">
        <ele>153.000</ele>
      </trkpt>
      <trkpt lat="45.437670000" lon="8.467560000">
        <ele>153.000</ele>
      </trkpt>
      <trkpt lat="45.437890000" lon="8.467480000">
        <ele>153.000</ele>
      </trkpt>
      <trkpt lat="45.439050000" lon="8.467050000">
        <ele>153.000</ele>
      </trkpt>
      <trkpt lat="45.439660000" lon="8.466810000">
        <ele>153.000</ele>
      </trkpt>
      <trkpt lat="45.439780000" lon="8.466770000">
        <ele>152.000</ele>
      </trkpt>
      <trkpt lat="45.439820000" lon="8.466760000">
        <ele>152.000</ele>
      </trkpt>
      <trkpt lat="45.439900000" lon="8.466740000">
        <ele>152.000</ele>
      </trkpt>
      <trkpt lat="45.440500000" lon="8.466500000">
        <ele>152.000</ele>
      </trkpt>
      <trkpt lat="45.440740000" lon="8.466410000">
        <ele>152.000</ele>
      </trkpt>
      <trkpt lat="45.440900000" lon="8.466340000">
        <ele>152.000</ele>
      </trkpt>
      <trkpt lat="45.441120000" lon="8.466270000">
        <ele>152.000</ele>
      </trkpt>
      <trkpt lat="45.441250000" lon="8.466220000">
        <ele>152.000</ele>
      </trkpt>
      <trkpt lat="45.441260000" lon="8.466210000">
        <ele>152.000</ele>
      </trkpt>
      <trkpt lat="45.441500000" lon="8.466120000">
        <ele>152.000</ele>
      </trkpt>
      <trkpt lat="45.441600000" lon="8.466090000">
        <ele>152.000</ele>
      </trkpt>
      <trkpt lat="45.442640000" lon="8.465840000">
        <ele>152.000</ele>
      </trkpt>
      <trkpt lat="45.443370000" lon="8.465670000">
        <ele>153.000</ele>
      </trkpt>
      <trkpt lat="45.443430000" lon="8.465660000">
        <ele>153.000</ele>
      </trkpt>
      <trkpt lat="45.445200000" lon="8.465240000">
        <ele>152.000</ele>
      </trkpt>
      <trkpt lat="45.445640000" lon="8.465130000">
        <ele>152.000</ele>
      </trkpt>
      <trkpt lat="45.446220000" lon="8.464990000">
        <ele>152.000</ele>
      </trkpt>
      <trkpt lat="45.446570000" lon="8.464910000">
        <ele>153.000</ele>
      </trkpt>
      <trkpt lat="45.446580000" lon="8.464910000">
        <ele>153.000</ele>
      </trkpt>
      <trkpt lat="45.446640000" lon="8.464890000">
        <ele>153.000</ele>
      </trkpt>
      <trkpt lat="45.446810000" lon="8.464850000">
        <ele>153.000</ele>
      </trkpt>
      <trkpt lat="45.447280000" lon="8.464740000">
        <ele>153.000</ele>
      </trkpt>
      <trkpt lat="45.447630000" lon="8.464660000">
        <ele>153.000</ele>
      </trkpt>
      <trkpt lat="45.448220000" lon="8.464520000">
        <ele>154.000</ele>
      </trkpt>
      <trkpt lat="45.449240000" lon="8.464280000">
        <ele>155.000</ele>
      </trkpt>
      <trkpt lat="45.450030000" lon="8.464090000">
        <ele>156.000</ele>
      </trkpt>
      <trkpt lat="45.450130000" lon="8.464060000">
        <ele>156.000</ele>
      </trkpt>
      <trkpt lat="45.450420000" lon="8.463990000">
        <ele>157.000</ele>
      </trkpt>
      <trkpt lat="45.450640000" lon="8.463970000">
        <ele>158.000</ele>
      </trkpt>
      <trkpt lat="45.451130000" lon="8.463970000">
        <ele>158.000</ele>
      </trkpt>
      <trkpt lat="45.451190000" lon="8.463970000">
        <ele>159.000</ele>
      </trkpt>
      <trkpt lat="45.451930000" lon="8.463930000">
        <ele>159.000</ele>
      </trkpt>
      <trkpt lat="45.452130000" lon="8.463930000">
        <ele>159.000</ele>
      </trkpt>
      <trkpt lat="45.452700000" lon="8.463940000">
        <ele>159.000</ele>
      </trkpt>
      <trkpt lat="45.452810000" lon="8.463940000">
        <ele>159.000</ele>
      </trkpt>
      <trkpt lat="45.453360000" lon="8.463920000">
        <ele>159.000</ele>
      </trkpt>
      <trkpt lat="45.453390000" lon="8.463920000">
        <ele>159.000</ele>
      </trkpt>
      <trkpt lat="45.453790000" lon="8.463900000">
        <ele>159.000</ele>
      </trkpt>
      <trkpt lat="45.453850000" lon="8.463900000">
        <ele>159.000</ele>
      </trkpt>
      <trkpt lat="45.453890000" lon="8.463890000">
        <ele>159.000</ele>
      </trkpt>
      <trkpt lat="45.454050000" lon="8.463880000">
        <ele>159.000</ele>
      </trkpt>
      <trkpt lat="45.454080000" lon="8.463880000">
        <ele>159.000</ele>
      </trkpt>
      <trkpt lat="45.454130000" lon="8.463880000">
        <ele>159.000</ele>
      </trkpt>
      <trkpt lat="45.454200000" lon="8.463880000">
        <ele>159.000</ele>
      </trkpt>
      <trkpt lat="45.455590000" lon="8.463820000">
        <ele>159.000</ele>
      </trkpt>
      <trkpt lat="45.455780000" lon="8.463820000">
        <ele>159.000</ele>
      </trkpt>
      <trkpt lat="45.455980000" lon="8.463810000">
        <ele>159.000</ele>
      </trkpt>
      <trkpt lat="45.456170000" lon="8.463810000">
        <ele>159.000</ele>
      </trkpt>
      <trkpt lat="45.456280000" lon="8.463800000">
        <ele>159.000</ele>
      </trkpt>
      <trkpt lat="45.456410000" lon="8.463800000">
        <ele>159.000</ele>
      </trkpt>
      <trkpt lat="45.456880000" lon="8.463790000">
        <ele>159.000</ele>
      </trkpt>
      <trkpt lat="45.457250000" lon="8.463780000">
        <ele>159.000</ele>
      </trkpt>
      <trkpt lat="45.457320000" lon="8.463780000">
        <ele>159.000</ele>
      </trkpt>
      <trkpt lat="45.457320000" lon="8.463780000">
        <ele>159.000</ele>
      </trkpt>
      <trkpt lat="45.457450000" lon="8.463770000">
        <ele>159.000</ele>
      </trkpt>
      <trkpt lat="45.457470000" lon="8.463770000">
        <ele>159.000</ele>
      </trkpt>
      <trkpt lat="45.457850000" lon="8.463760000">
        <ele>159.000</ele>
      </trkpt>
      <trkpt lat="45.458270000" lon="8.463770000">
        <ele>159.000</ele>
      </trkpt>
      <trkpt lat="45.458430000" lon="8.463780000">
        <ele>159.000</ele>
      </trkpt>
      <trkpt lat="45.458510000" lon="8.463790000">
        <ele>159.000</ele>
      </trkpt>
      <trkpt lat="45.458810000" lon="8.463820000">
        <ele>160.000</ele>
      </trkpt>
      <trkpt lat="45.458850000" lon="8.463830000">
        <ele>160.000</ele>
      </trkpt>
      <trkpt lat="45.458970000" lon="8.463840000">
        <ele>160.000</ele>
      </trkpt>
      <trkpt lat="45.459070000" lon="8.463880000">
        <ele>160.000</ele>
      </trkpt>
      <trkpt lat="45.459080000" lon="8.463890000">
        <ele>160.000</ele>
      </trkpt>
      <trkpt lat="45.459110000" lon="8.463910000">
        <ele>160.000</ele>
      </trkpt>
      <trkpt lat="45.459190000" lon="8.463970000">
        <ele>160.000</ele>
      </trkpt>
      <trkpt lat="45.459200000" lon="8.464020000">
        <ele>160.000</ele>
      </trkpt>
      <trkpt lat="45.459220000" lon="8.464060000">
        <ele>160.000</ele>
      </trkpt>
      <trkpt lat="45.459230000" lon="8.464070000">
        <ele>160.000</ele>
      </trkpt>
      <trkpt lat="45.459260000" lon="8.464110000">
        <ele>160.000</ele>
      </trkpt>
      <trkpt lat="45.459300000" lon="8.464140000">
        <ele>160.000</ele>
      </trkpt>
      <trkpt lat="45.459330000" lon="8.464150000">
        <ele>160.000</ele>
      </trkpt>
      <trkpt lat="45.459350000" lon="8.464150000">
        <ele>160.000</ele>
      </trkpt>
      <trkpt lat="45.459400000" lon="8.464140000">
        <ele>160.000</ele>
      </trkpt>
      <trkpt lat="45.459450000" lon="8.464100000">
        <ele>160.000</ele>
      </trkpt>
      <trkpt lat="45.459480000" lon="8.464060000">
        <ele>160.000</ele>
      </trkpt>
      <trkpt lat="45.459660000" lon="8.463980000">
        <ele>160.000</ele>
      </trkpt>
      <trkpt lat="45.459780000" lon="8.463940000">
        <ele>160.000</ele>
      </trkpt>
      <trkpt lat="45.461280000" lon="8.464150000">
        <ele>160.000</ele>
      </trkpt>
      <trkpt lat="45.461880000" lon="8.464230000">
        <ele>160.000</ele>
      </trkpt>
      <trkpt lat="45.461980000" lon="8.464240000">
        <ele>160.000</ele>
      </trkpt>
      <trkpt lat="45.462170000" lon="8.464270000">
        <ele>160.000</ele>
      </trkpt>
      <trkpt lat="45.462250000" lon="8.464300000">
        <ele>160.000</ele>
      </trkpt>
      <trkpt lat="45.462330000" lon="8.464360000">
        <ele>160.000</ele>
      </trkpt>
      <trkpt lat="45.462360000" lon="8.464430000">
        <ele>161.000</ele>
      </trkpt>
      <trkpt lat="45.462400000" lon="8.464490000">
        <ele>161.000</ele>
      </trkpt>
      <trkpt lat="45.462470000" lon="8.464550000">
        <ele>161.000</ele>
      </trkpt>
      <trkpt lat="45.462560000" lon="8.464580000">
        <ele>161.000</ele>
      </trkpt>
      <trkpt lat="45.462640000" lon="8.464570000">
        <ele>161.000</ele>
      </trkpt>
      <trkpt lat="45.462680000" lon="8.464550000">
        <ele>161.000</ele>
      </trkpt>
      <trkpt lat="45.462730000" lon="8.464520000">
        <ele>161.000</ele>
      </trkpt>
      <trkpt lat="45.462760000" lon="8.464480000">
        <ele>161.000</ele>
      </trkpt>
      <trkpt lat="45.462790000" lon="8.464420000">
        <ele>161.000</ele>
      </trkpt>
      <trkpt lat="45.462930000" lon="8.464360000">
        <ele>161.000</ele>
      </trkpt>
      <trkpt lat="45.463040000" lon="8.464330000">
        <ele>161.000</ele>
      </trkpt>
      <trkpt lat="45.463350000" lon="8.464310000">
        <ele>161.000</ele>
      </trkpt>
      <trkpt lat="45.464050000" lon="8.464410000">
        <ele>162.000</ele>
      </trkpt>
      <trkpt lat="45.464650000" lon="8.464490000">
        <ele>162.000</ele>
      </trkpt>
      <trkpt lat="45.465920000" lon="8.464670000">
        <ele>162.000</ele>
      </trkpt>
      <trkpt lat="45.466780000" lon="8.464800000">
        <ele>163.000</ele>
      </trkpt>
      <trkpt lat="45.466990000" lon="8.464830000">
        <ele>163.000</ele>
      </trkpt>
      <trkpt lat="45.467900000" lon="8.464970000">
        <ele>164.000</ele>
      </trkpt>
      <trkpt lat="45.468500000" lon="8.465050000">
        <ele>165.000</ele>
      </trkpt>
      <trkpt lat="45.468900000" lon="8.465210000">
        <ele>165.000</ele>
      </trkpt>
      <trkpt lat="45.468930000" lon="8.465240000">
        <ele>165.000</ele>
      </trkpt>
      <trkpt lat="45.468980000" lon="8.465280000">
        <ele>165.000</ele>
      </trkpt>
      <trkpt lat="45.469010000" lon="8.465360000">
        <ele>165.000</ele>
      </trkpt>
      <trkpt lat="45.469050000" lon="8.465440000">
        <ele>165.000</ele>
      </trkpt>
      <trkpt lat="45.469120000" lon="8.465500000">
        <ele>165.000</ele>
      </trkpt>
      <trkpt lat="45.469190000" lon="8.465540000">
        <ele>164.000</ele>
      </trkpt>
      <trkpt lat="45.469260000" lon="8.465540000">
        <ele>164.000</ele>
      </trkpt>
      <trkpt lat="45.469330000" lon="8.465520000">
        <ele>164.000</ele>
      </trkpt>
      <trkpt lat="45.469390000" lon="8.465480000">
        <ele>164.000</ele>
      </trkpt>
      <trkpt lat="45.469440000" lon="8.465420000">
        <ele>164.000</ele>
      </trkpt>
      <trkpt lat="45.469540000" lon="8.465350000">
        <ele>164.000</ele>
      </trkpt>
      <trkpt lat="45.469620000" lon="8.465290000">
        <ele>164.000</ele>
      </trkpt>
      <trkpt lat="45.469730000" lon="8.465270000">
        <ele>164.000</ele>
      </trkpt>
      <trkpt lat="45.469840000" lon="8.465290000">
        <ele>164.000</ele>
      </trkpt>
      <trkpt lat="45.469980000" lon="8.465310000">
        <ele>164.000</ele>
      </trkpt>
      <trkpt lat="45.470130000" lon="8.465330000">
        <ele>164.000</ele>
      </trkpt>
      <trkpt lat="45.470260000" lon="8.465330000">
        <ele>164.000</ele>
      </trkpt>
      <trkpt lat="45.470390000" lon="8.465320000">
        <ele>164.000</ele>
      </trkpt>
      <trkpt lat="45.470500000" lon="8.465290000">
        <ele>164.000</ele>
      </trkpt>
      <trkpt lat="45.470620000" lon="8.465240000">
        <ele>164.000</ele>
      </trkpt>
      <trkpt lat="45.470750000" lon="8.465170000">
        <ele>165.000</ele>
      </trkpt>
      <trkpt lat="45.472150000" lon="8.464390000">
        <ele>165.000</ele>
      </trkpt>
      <trkpt lat="45.472190000" lon="8.464370000">
        <ele>166.000</ele>
      </trkpt>
      <trkpt lat="45.472400000" lon="8.464250000">
        <ele>166.000</ele>
      </trkpt>
      <trkpt lat="45.472550000" lon="8.464200000">
        <ele>167.000</ele>
      </trkpt>
      <trkpt lat="45.472660000" lon="8.464170000">
        <ele>167.000</ele>
      </trkpt>
      <trkpt lat="45.472730000" lon="8.464160000">
        <ele>167.000</ele>
      </trkpt>
      <trkpt lat="45.472780000" lon="8.464150000">
        <ele>167.000</ele>
      </trkpt>
      <trkpt lat="45.473060000" lon="8.464130000">
        <ele>168.000</ele>
      </trkpt>
      <trkpt lat="45.473230000" lon="8.464110000">
        <ele>168.000</ele>
      </trkpt>
      <trkpt lat="45.473370000" lon="8.464090000">
        <ele>168.000</ele>
      </trkpt>
      <trkpt lat="45.473490000" lon="8.464060000">
        <ele>169.000</ele>
      </trkpt>
      <trkpt lat="45.474030000" lon="8.463890000">
        <ele>169.000</ele>
      </trkpt>
      <trkpt lat="45.474340000" lon="8.463770000">
        <ele>170.000</ele>
      </trkpt>
      <trkpt lat="45.474350000" lon="8.463770000">
        <ele>170.000</ele>
      </trkpt>
      <trkpt lat="45.474580000" lon="8.463670000">
        <ele>170.000</ele>
      </trkpt>
      <trkpt lat="45.474880000" lon="8.463540000">
        <ele>170.000</ele>
      </trkpt>
      <trkpt lat="45.475080000" lon="8.463480000">
        <ele>170.000</ele>
      </trkpt>
      <trkpt lat="45.475270000" lon="8.463380000">
        <ele>170.000</ele>
      </trkpt>
      <trkpt lat="45.475750000" lon="8.463100000">
        <ele>170.000</ele>
      </trkpt>
      <trkpt lat="45.476130000" lon="8.462890000">
        <ele>170.000</ele>
      </trkpt>
      <trkpt lat="45.476250000" lon="8.462820000">
        <ele>170.000</ele>
      </trkpt>
      <trkpt lat="45.476260000" lon="8.462820000">
        <ele>170.000</ele>
      </trkpt>
      <trkpt lat="45.476380000" lon="8.462750000">
        <ele>170.000</ele>
      </trkpt>
      <trkpt lat="45.476860000" lon="8.462470000">
        <ele>170.000</ele>
      </trkpt>
      <trkpt lat="45.476990000" lon="8.462400000">
        <ele>170.000</ele>
      </trkpt>
      <trkpt lat="45.477430000" lon="8.462220000">
        <ele>170.000</ele>
      </trkpt>
      <trkpt lat="45.478350000" lon="8.461910000">
        <ele>170.000</ele>
      </trkpt>
      <trkpt lat="45.478410000" lon="8.461880000">
        <ele>169.000</ele>
      </trkpt>
      <trkpt lat="45.478530000" lon="8.461830000">
        <ele>169.000</ele>
      </trkpt>
      <trkpt lat="45.478840000" lon="8.461660000">
        <ele>169.000</ele>
      </trkpt>
      <trkpt lat="45.478960000" lon="8.461580000">
        <ele>169.000</ele>
      </trkpt>
      <trkpt lat="45.479130000" lon="8.461530000">
        <ele>169.000</ele>
      </trkpt>
      <trkpt lat="45.479690000" lon="8.461300000">
        <ele>169.000</ele>
      </trkpt>
      <trkpt lat="45.480170000" lon="8.461130000">
        <ele>169.000</ele>
      </trkpt>
      <trkpt lat="45.480950000" lon="8.460920000">
        <ele>169.000</ele>
      </trkpt>
      <trkpt lat="45.481260000" lon="8.460840000">
        <ele>169.000</ele>
      </trkpt>
      <trkpt lat="45.482230000" lon="8.460590000">
        <ele>170.000</ele>
      </trkpt>
      <trkpt lat="45.482290000" lon="8.460580000">
        <ele>171.000</ele>
      </trkpt>
      <trkpt lat="45.482320000" lon="8.460570000">
        <ele>171.000</ele>
      </trkpt>
      <trkpt lat="45.482490000" lon="8.460510000">
        <ele>171.000</ele>
      </trkpt>
      <trkpt lat="45.483040000" lon="8.460370000">
        <ele>171.000</ele>
      </trkpt>
      <trkpt lat="45.483710000" lon="8.460190000">
        <ele>170.000</ele>
      </trkpt>
      <trkpt lat="45.483730000" lon="8.460180000">
        <ele>170.000</ele>
      </trkpt>
      <trkpt lat="45.483890000" lon="8.460140000">
        <ele>170.000</ele>
      </trkpt>
      <trkpt lat="45.483900000" lon="8.460140000">
        <ele>169.000</ele>
      </trkpt>
      <trkpt lat="45.483950000" lon="8.460130000">
        <ele>169.000</ele>
      </trkpt>
      <trkpt lat="45.484140000" lon="8.460080000">
        <ele>169.000</ele>
      </trkpt>
      <trkpt lat="45.484190000" lon="8.460060000">
        <ele>169.000</ele>
      </trkpt>
      <trkpt lat="45.484730000" lon="8.459930000">
        <ele>169.000</ele>
      </trkpt>
      <trkpt lat="45.484730000" lon="8.459930000">
        <ele>169.000</ele>
      </trkpt>
      <trkpt lat="45.485270000" lon="8.459790000">
        <ele>169.000</ele>
      </trkpt>
      <trkpt lat="45.489940000" lon="8.458540000">
        <ele>170.000</ele>
      </trkpt>
      <trkpt lat="45.489990000" lon="8.458530000">
        <ele>171.000</ele>
      </trkpt>
      <trkpt lat="45.493240000" lon="8.457670000">
        <ele>172.000</ele>
      </trkpt>
      <trkpt lat="45.493370000" lon="8.457660000">
        <ele>174.000</ele>
      </trkpt>
      <trkpt lat="45.493410000" lon="8.457660000">
        <ele>174.000</ele>
      </trkpt>
      <trkpt lat="45.493420000" lon="8.457660000">
        <ele>175.000</ele>
      </trkpt>
      <trkpt lat="45.493560000" lon="8.457640000">
        <ele>175.000</ele>
      </trkpt>
      <trkpt lat="45.493570000" lon="8.457640000">
        <ele>175.000</ele>
      </trkpt>
      <trkpt lat="45.493580000" lon="8.457650000">
        <ele>176.000</ele>
      </trkpt>
      <trkpt lat="45.493700000" lon="8.457750000">
        <ele>176.000</ele>
      </trkpt>
      <trkpt lat="45.493700000" lon="8.457760000">
        <ele>176.000</ele>
      </trkpt>
      <trkpt lat="45.493760000" lon="8.457820000">
        <ele>176.000</ele>
      </trkpt>
      <trkpt lat="45.493790000" lon="8.457840000">
        <ele>176.000</ele>
      </trkpt>
      <trkpt lat="45.493970000" lon="8.458100000">
        <ele>176.000</ele>
      </trkpt>
      <trkpt lat="45.494140000" lon="8.458400000">
        <ele>176.000</ele>
      </trkpt>
      <trkpt lat="45.494280000" lon="8.458620000">
        <ele>177.000</ele>
      </trkpt>
      <trkpt lat="45.494610000" lon="8.459010000">
        <ele>177.000</ele>
      </trkpt>
      <trkpt lat="45.494680000" lon="8.459090000">
        <ele>177.000</ele>
      </trkpt>
      <trkpt lat="45.494980000" lon="8.459450000">
        <ele>177.000</ele>
      </trkpt>
      <trkpt lat="45.494990000" lon="8.459460000">
        <ele>177.000</ele>
      </trkpt>
      <trkpt lat="45.495110000" lon="8.459600000">
        <ele>177.000</ele>
      </trkpt>
      <trkpt lat="45.495160000" lon="8.459660000">
        <ele>177.000</ele>
      </trkpt>
      <trkpt lat="45.495170000" lon="8.459670000">
        <ele>177.000</ele>
      </trkpt>
      <trkpt lat="45.495240000" lon="8.459760000">
        <ele>177.000</ele>
      </trkpt>
      <trkpt lat="45.495550000" lon="8.460130000">
        <ele>177.000</ele>
      </trkpt>
      <trkpt lat="45.495580000" lon="8.460160000">
        <ele>177.000</ele>
      </trkpt>
      <trkpt lat="45.496030000" lon="8.460690000">
        <ele>177.000</ele>
      </trkpt>
      <trkpt lat="45.496060000" lon="8.460730000">
        <ele>177.000</ele>
      </trkpt>
      <trkpt lat="45.496360000" lon="8.461090000">
        <ele>177.000</ele>
      </trkpt>
      <trkpt lat="45.496500000" lon="8.461270000">
        <ele>177.000</ele>
      </trkpt>
      <trkpt lat="45.496490000" lon="8.461300000">
        <ele>177.000</ele>
      </trkpt>
      <trkpt lat="45.496480000" lon="8.461330000">
        <ele>177.000</ele>
      </trkpt>
      <trkpt lat="45.496490000" lon="8.461370000">
        <ele>177.000</ele>
      </trkpt>
      <trkpt lat="45.496500000" lon="8.461390000">
        <ele>177.000</ele>
      </trkpt>
      <trkpt lat="45.496520000" lon="8.461410000">
        <ele>177.000</ele>
      </trkpt>
      <trkpt lat="45.496540000" lon="8.461420000">
        <ele>177.000</ele>
      </trkpt>
      <trkpt lat="45.496560000" lon="8.461420000">
        <ele>177.000</ele>
      </trkpt>
      <trkpt lat="45.496580000" lon="8.461420000">
        <ele>177.000</ele>
      </trkpt>
      <trkpt lat="45.496600000" lon="8.461400000">
        <ele>177.000</ele>
      </trkpt>
      <trkpt lat="45.496640000" lon="8.461470000">
        <ele>177.000</ele>
      </trkpt>
      <trkpt lat="45.497160000" lon="8.462240000">
        <ele>177.000</ele>
      </trkpt>
      <trkpt lat="45.498290000" lon="8.463980000">
        <ele>177.000</ele>
      </trkpt>
      <trkpt lat="45.498320000" lon="8.464030000">
        <ele>176.000</ele>
      </trkpt>
      <trkpt lat="45.498340000" lon="8.464060000">
        <ele>176.000</ele>
      </trkpt>
      <trkpt lat="45.498440000" lon="8.464210000">
        <ele>176.000</ele>
      </trkpt>
      <trkpt lat="45.498470000" lon="8.464260000">
        <ele>176.000</ele>
      </trkpt>
      <trkpt lat="45.498510000" lon="8.464310000">
        <ele>176.000</ele>
      </trkpt>
      <trkpt lat="45.499850000" lon="8.466350000">
        <ele>176.000</ele>
      </trkpt>
      <trkpt lat="45.500950000" lon="8.468030000">
        <ele>175.000</ele>
      </trkpt>
      <trkpt lat="45.500960000" lon="8.468040000">
        <ele>175.000</ele>
      </trkpt>
      <trkpt lat="45.500990000" lon="8.468090000">
        <ele>175.000</ele>
      </trkpt>
      <trkpt lat="45.502090000" lon="8.469750000">
        <ele>175.000</ele>
      </trkpt>
      <trkpt lat="45.503010000" lon="8.471160000">
        <ele>176.000</ele>
      </trkpt>
      <trkpt lat="45.503040000" lon="8.471210000">
        <ele>177.000</ele>
      </trkpt>
      <trkpt lat="45.503300000" lon="8.471610000">
        <ele>177.000</ele>
      </trkpt>
      <trkpt lat="45.503370000" lon="8.471710000">
        <ele>178.000</ele>
      </trkpt>
      <trkpt lat="45.504250000" lon="8.473100000">
        <ele>178.000</ele>
      </trkpt>
      <trkpt lat="45.504750000" lon="8.473860000">
        <ele>178.000</ele>
      </trkpt>
      <trkpt lat="45.505300000" lon="8.474720000">
        <ele>178.000</ele>
      </trkpt>
      <trkpt lat="45.505340000" lon="8.474770000">
        <ele>178.000</ele>
      </trkpt>
      <trkpt lat="45.505710000" lon="8.475340000">
        <ele>178.000</ele>
      </trkpt>
      <trkpt lat="45.505740000" lon="8.475390000">
        <ele>178.000</ele>
      </trkpt>
      <trkpt lat="45.505760000" lon="8.475410000">
        <ele>178.000</ele>
      </trkpt>
      <trkpt lat="45.505790000" lon="8.475470000">
        <ele>178.000</ele>
      </trkpt>
      <trkpt lat="45.506450000" lon="8.476480000">
        <ele>178.000</ele>
      </trkpt>
      <trkpt lat="45.506500000" lon="8.476560000">
        <ele>178.000</ele>
      </trkpt>
      <trkpt lat="45.506520000" lon="8.476590000">
        <ele>178.000</ele>
      </trkpt>
      <trkpt lat="45.507210000" lon="8.477650000">
        <ele>178.000</ele>
      </trkpt>
      <trkpt lat="45.508130000" lon="8.479060000">
        <ele>178.000</ele>
      </trkpt>
      <trkpt lat="45.508160000" lon="8.479110000">
        <ele>178.000</ele>
      </trkpt>
      <trkpt lat="45.508180000" lon="8.479130000">
        <ele>178.000</ele>
      </trkpt>
      <trkpt lat="45.509620000" lon="8.481360000">
        <ele>178.000</ele>
      </trkpt>
      <trkpt lat="45.510400000" lon="8.482560000">
        <ele>179.000</ele>
      </trkpt>
      <trkpt lat="45.510470000" lon="8.482670000">
        <ele>179.000</ele>
      </trkpt>
      <trkpt lat="45.510610000" lon="8.482880000">
        <ele>179.000</ele>
      </trkpt>
      <trkpt lat="45.510620000" lon="8.482890000">
        <ele>179.000</ele>
      </trkpt>
      <trkpt lat="45.510650000" lon="8.482940000">
        <ele>179.000</ele>
      </trkpt>
      <trkpt lat="45.512050000" lon="8.485100000">
        <ele>179.000</ele>
      </trkpt>
      <trkpt lat="45.512620000" lon="8.485980000">
        <ele>180.000</ele>
      </trkpt>
      <trkpt lat="45.513120000" lon="8.486740000">
        <ele>181.000</ele>
      </trkpt>
      <trkpt lat="45.513200000" lon="8.486880000">
        <ele>182.000</ele>
      </trkpt>
      <trkpt lat="45.513280000" lon="8.486990000">
        <ele>182.000</ele>
      </trkpt>
      <trkpt lat="45.513750000" lon="8.487740000">
        <ele>183.000</ele>
      </trkpt>
      <trkpt lat="45.513820000" lon="8.487880000">
        <ele>183.000</ele>
      </trkpt>
      <trkpt lat="45.513850000" lon="8.487950000">
        <ele>183.000</ele>
      </trkpt>
      <trkpt lat="45.513870000" lon="8.487980000">
        <ele>183.000</ele>
      </trkpt>
      <trkpt lat="45.514090000" lon="8.488600000">
        <ele>183.000</ele>
      </trkpt>
      <trkpt lat="45.514180000" lon="8.488840000">
        <ele>183.000</ele>
      </trkpt>
      <trkpt lat="45.514310000" lon="8.489200000">
        <ele>183.000</ele>
      </trkpt>
      <trkpt lat="45.514450000" lon="8.489510000">
        <ele>183.000</ele>
      </trkpt>
      <trkpt lat="45.514810000" lon="8.490440000">
        <ele>183.000</ele>
      </trkpt>
      <trkpt lat="45.514860000" lon="8.490570000">
        <ele>182.000</ele>
      </trkpt>
      <trkpt lat="45.514980000" lon="8.490860000">
        <ele>182.000</ele>
      </trkpt>
      <trkpt lat="45.515070000" lon="8.491090000">
        <ele>181.000</ele>
      </trkpt>
      <trkpt lat="45.515210000" lon="8.491310000">
        <ele>181.000</ele>
      </trkpt>
      <trkpt lat="45.515330000" lon="8.491490000">
        <ele>180.000</ele>
      </trkpt>
      <trkpt lat="45.515510000" lon="8.491690000">
        <ele>180.000</ele>
      </trkpt>
      <trkpt lat="45.515900000" lon="8.492130000">
        <ele>180.000</ele>
      </trkpt>
      <trkpt lat="45.516110000" lon="8.492380000">
        <ele>180.000</ele>
      </trkpt>
      <trkpt lat="45.516150000" lon="8.492440000">
        <ele>180.000</ele>
      </trkpt>
      <trkpt lat="45.516210000" lon="8.492520000">
        <ele>180.000</ele>
      </trkpt>
      <trkpt lat="45.516290000" lon="8.492670000">
        <ele>180.000</ele>
      </trkpt>
      <trkpt lat="45.516370000" lon="8.492820000">
        <ele>181.000</ele>
      </trkpt>
      <trkpt lat="45.517470000" lon="8.495310000">
        <ele>181.000</ele>
      </trkpt>
      <trkpt lat="45.517600000" lon="8.495580000">
        <ele>182.000</ele>
      </trkpt>
      <trkpt lat="45.517620000" lon="8.495640000">
        <ele>182.000</ele>
      </trkpt>
      <trkpt lat="45.517650000" lon="8.495700000">
        <ele>182.000</ele>
      </trkpt>
      <trkpt lat="45.518040000" lon="8.496590000">
        <ele>182.000</ele>
      </trkpt>
      <trkpt lat="45.518530000" lon="8.497710000">
        <ele>181.000</ele>
      </trkpt>
      <trkpt lat="45.519350000" lon="8.499560000">
        <ele>181.000</ele>
      </trkpt>
      <trkpt lat="45.519370000" lon="8.499620000">
        <ele>180.000</ele>
      </trkpt>
      <trkpt lat="45.519390000" lon="8.499650000">
        <ele>180.000</ele>
      </trkpt>
      <trkpt lat="45.519410000" lon="8.499710000">
        <ele>180.000</ele>
      </trkpt>
      <trkpt lat="45.519500000" lon="8.499910000">
        <ele>180.000</ele>
      </trkpt>
      <trkpt lat="45.519500000" lon="8.499910000">
        <ele>180.000</ele>
      </trkpt>
      <trkpt lat="45.520940000" lon="8.503170000">
        <ele>181.000</ele>
      </trkpt>
      <trkpt lat="45.520990000" lon="8.503280000">
        <ele>181.000</ele>
      </trkpt>
      <trkpt lat="45.521010000" lon="8.503330000">
        <ele>182.000</ele>
      </trkpt>
      <trkpt lat="45.521180000" lon="8.503720000">
        <ele>182.000</ele>
      </trkpt>
      <trkpt lat="45.521820000" lon="8.505180000">
        <ele>181.000</ele>
      </trkpt>
      <trkpt lat="45.522050000" lon="8.505680000">
        <ele>181.000</ele>
      </trkpt>
      <trkpt lat="45.522070000" lon="8.505730000">
        <ele>180.000</ele>
      </trkpt>
      <trkpt lat="45.522820000" lon="8.507430000">
        <ele>180.000</ele>
      </trkpt>
      <trkpt lat="45.523470000" lon="8.508910000">
        <ele>180.000</ele>
      </trkpt>
      <trkpt lat="45.523500000" lon="8.508970000">
        <ele>180.000</ele>
      </trkpt>
      <trkpt lat="45.523600000" lon="8.509190000">
        <ele>180.000</ele>
      </trkpt>
      <trkpt lat="45.523630000" lon="8.509250000">
        <ele>180.000</ele>
      </trkpt>
      <trkpt lat="45.524490000" lon="8.511180000">
        <ele>180.000</ele>
      </trkpt>
      <trkpt lat="45.524510000" lon="8.511250000">
        <ele>180.000</ele>
      </trkpt>
      <trkpt lat="45.524580000" lon="8.511390000">
        <ele>181.000</ele>
      </trkpt>
      <trkpt lat="45.524610000" lon="8.511460000">
        <ele>181.000</ele>
      </trkpt>
      <trkpt lat="45.524640000" lon="8.511540000">
        <ele>181.000</ele>
      </trkpt>
      <trkpt lat="45.524670000" lon="8.511600000">
        <ele>181.000</ele>
      </trkpt>
      <trkpt lat="45.524700000" lon="8.511680000">
        <ele>181.000</ele>
      </trkpt>
      <trkpt lat="45.525360000" lon="8.513180000">
        <ele>181.000</ele>
      </trkpt>
      <trkpt lat="45.525450000" lon="8.513320000">
        <ele>182.000</ele>
      </trkpt>
      <trkpt lat="45.525520000" lon="8.513390000">
        <ele>182.000</ele>
      </trkpt>
      <trkpt lat="45.525590000" lon="8.513460000">
        <ele>182.000</ele>
      </trkpt>
      <trkpt lat="45.525620000" lon="8.513390000">
        <ele>182.000</ele>
      </trkpt>
      <trkpt lat="45.527390000" lon="8.508960000">
        <ele>183.000</ele>
      </trkpt>
      <trkpt lat="45.528400000" lon="8.506350000">
        <ele>183.000</ele>
      </trkpt>
      <trkpt lat="45.528410000" lon="8.506340000">
        <ele>184.000</ele>
      </trkpt>
      <trkpt lat="45.528510000" lon="8.506130000">
        <ele>184.000</ele>
      </trkpt>
      <trkpt lat="45.528600000" lon="8.505980000">
        <ele>184.000</ele>
      </trkpt>
      <trkpt lat="45.528640000" lon="8.505910000">
        <ele>184.000</ele>
      </trkpt>
      <trkpt lat="45.528690000" lon="8.505830000">
        <ele>185.000</ele>
      </trkpt>
      <trkpt lat="45.528760000" lon="8.505840000">
        <ele>185.000</ele>
      </trkpt>
      <trkpt lat="45.528830000" lon="8.505830000">
        <ele>185.000</ele>
      </trkpt>
      <trkpt lat="45.528900000" lon="8.505790000">
        <ele>185.000</ele>
      </trkpt>
      <trkpt lat="45.529020000" lon="8.505770000">
        <ele>185.000</ele>
      </trkpt>
      <trkpt lat="45.529130000" lon="8.505810000">
        <ele>185.000</ele>
      </trkpt>
      <trkpt lat="45.529240000" lon="8.505870000">
        <ele>185.000</ele>
      </trkpt>
      <trkpt lat="45.531300000" lon="8.507660000">
        <ele>186.000</ele>
      </trkpt>
      <trkpt lat="45.531340000" lon="8.507700000">
        <ele>186.000</ele>
      </trkpt>
      <trkpt lat="45.531420000" lon="8.507770000">
        <ele>187.000</ele>
      </trkpt>
      <trkpt lat="45.531430000" lon="8.507780000">
        <ele>187.000</ele>
      </trkpt>
      <trkpt lat="45.531610000" lon="8.507930000">
        <ele>187.000</ele>
      </trkpt>
      <trkpt lat="45.531890000" lon="8.508180000">
        <ele>187.000</ele>
      </trkpt>
      <trkpt lat="45.532100000" lon="8.508380000">
        <ele>188.000</ele>
      </trkpt>
      <trkpt lat="45.532310000" lon="8.508560000">
        <ele>188.000</ele>
      </trkpt>
      <trkpt lat="45.532910000" lon="8.509090000">
        <ele>188.000</ele>
      </trkpt>
      <trkpt lat="45.533400000" lon="8.509520000">
        <ele>188.000</ele>
      </trkpt>
      <trkpt lat="45.533800000" lon="8.509860000">
        <ele>188.000</ele>
      </trkpt>
      <trkpt lat="45.534410000" lon="8.510380000">
        <ele>188.000</ele>
      </trkpt>
      <trkpt lat="45.535180000" lon="8.511060000">
        <ele>188.000</ele>
      </trkpt>
      <trkpt lat="45.535220000" lon="8.511090000">
        <ele>188.000</ele>
      </trkpt>
      <trkpt lat="45.535230000" lon="8.511110000">
        <ele>188.000</ele>
      </trkpt>
      <trkpt lat="45.535250000" lon="8.511120000">
        <ele>188.000</ele>
      </trkpt>
      <trkpt lat="45.535430000" lon="8.511280000">
        <ele>188.000</ele>
      </trkpt>
      <trkpt lat="45.535510000" lon="8.511360000">
        <ele>188.000</ele>
      </trkpt>
      <trkpt lat="45.535620000" lon="8.511480000">
        <ele>188.000</ele>
      </trkpt>
      <trkpt lat="45.535740000" lon="8.511610000">
        <ele>188.000</ele>
      </trkpt>
      <trkpt lat="45.535840000" lon="8.511740000">
        <ele>188.000</ele>
      </trkpt>
      <trkpt lat="45.536040000" lon="8.512030000">
        <ele>188.000</ele>
      </trkpt>
      <trkpt lat="45.536120000" lon="8.512180000">
        <ele>188.000</ele>
      </trkpt>
      <trkpt lat="45.536150000" lon="8.512240000">
        <ele>188.000</ele>
      </trkpt>
      <trkpt lat="45.536190000" lon="8.512310000">
        <ele>188.000</ele>
      </trkpt>
      <trkpt lat="45.536290000" lon="8.512520000">
        <ele>188.000</ele>
      </trkpt>
      <trkpt lat="45.536360000" lon="8.512680000">
        <ele>188.000</ele>
      </trkpt>
      <trkpt lat="45.536420000" lon="8.512850000">
        <ele>188.000</ele>
      </trkpt>
      <trkpt lat="45.536550000" lon="8.513280000">
        <ele>188.000</ele>
      </trkpt>
      <trkpt lat="45.536680000" lon="8.513700000">
        <ele>188.000</ele>
      </trkpt>
      <trkpt lat="45.537370000" lon="8.515970000">
        <ele>188.000</ele>
      </trkpt>
      <trkpt lat="45.537700000" lon="8.516980000">
        <ele>189.000</ele>
      </trkpt>
      <trkpt lat="45.537810000" lon="8.517190000">
        <ele>189.000</ele>
      </trkpt>
      <trkpt lat="45.537910000" lon="8.517340000">
        <ele>190.000</ele>
      </trkpt>
      <trkpt lat="45.538000000" lon="8.517440000">
        <ele>190.000</ele>
      </trkpt>
      <trkpt lat="45.538040000" lon="8.517480000">
        <ele>190.000</ele>
      </trkpt>
      <trkpt lat="45.538150000" lon="8.517570000">
        <ele>190.000</ele>
      </trkpt>
      <trkpt lat="45.538270000" lon="8.517630000">
        <ele>190.000</ele>
      </trkpt>
      <trkpt lat="45.538400000" lon="8.517670000">
        <ele>190.000</ele>
      </trkpt>
      <trkpt lat="45.538620000" lon="8.517680000">
        <ele>190.000</ele>
      </trkpt>
      <trkpt lat="45.539820000" lon="8.517590000">
        <ele>191.000</ele>
      </trkpt>
      <trkpt lat="45.541830000" lon="8.517450000">
        <ele>192.000</ele>
      </trkpt>
      <trkpt lat="45.542020000" lon="8.517440000">
        <ele>193.000</ele>
      </trkpt>
      <trkpt lat="45.543670000" lon="8.517330000">
        <ele>193.000</ele>
      </trkpt>
      <trkpt lat="45.547170000" lon="8.517110000">
        <ele>194.000</ele>
      </trkpt>
      <trkpt lat="45.548110000" lon="8.517050000">
        <ele>195.000</ele>
      </trkpt>
      <trkpt lat="45.548450000" lon="8.517030000">
        <ele>196.000</ele>
      </trkpt>
      <trkpt lat="45.548640000" lon="8.517010000">
        <ele>197.000</ele>
      </trkpt>
      <trkpt lat="45.548900000" lon="8.517000000">
        <ele>197.000</ele>
      </trkpt>
      <trkpt lat="45.549490000" lon="8.516980000">
        <ele>198.000</ele>
      </trkpt>
      <trkpt lat="45.553250000" lon="8.516860000">
        <ele>198.000</ele>
      </trkpt>
      <trkpt lat="45.556930000" lon="8.516740000">
        <ele>199.000</ele>
      </trkpt>
      <trkpt lat="45.557990000" lon="8.516710000">
        <ele>200.000</ele>
      </trkpt>
      <trkpt lat="45.557990000" lon="8.516710000">
        <ele>201.000</ele>
      </trkpt>
      <trkpt lat="45.558280000" lon="8.516700000">
        <ele>202.000</ele>
      </trkpt>
      <trkpt lat="45.558440000" lon="8.516730000">
        <ele>203.000</ele>
      </trkpt>
      <trkpt lat="45.558530000" lon="8.516780000">
        <ele>204.000</ele>
      </trkpt>
      <trkpt lat="45.558610000" lon="8.516870000">
        <ele>204.000</ele>
      </trkpt>
      <trkpt lat="45.558660000" lon="8.516920000">
        <ele>205.000</ele>
      </trkpt>
      <trkpt lat="45.558670000" lon="8.516960000">
        <ele>205.000</ele>
      </trkpt>
      <trkpt lat="45.558680000" lon="8.516990000">
        <ele>205.000</ele>
      </trkpt>
      <trkpt lat="45.558710000" lon="8.517010000">
        <ele>205.000</ele>
      </trkpt>
      <trkpt lat="45.558730000" lon="8.517030000">
        <ele>205.000</ele>
      </trkpt>
      <trkpt lat="45.558760000" lon="8.517040000">
        <ele>205.000</ele>
      </trkpt>
      <trkpt lat="45.558790000" lon="8.517040000">
        <ele>205.000</ele>
      </trkpt>
      <trkpt lat="45.558820000" lon="8.517030000">
        <ele>205.000</ele>
      </trkpt>
      <trkpt lat="45.558840000" lon="8.517010000">
        <ele>205.000</ele>
      </trkpt>
      <trkpt lat="45.558860000" lon="8.516990000">
        <ele>205.000</ele>
      </trkpt>
      <trkpt lat="45.558880000" lon="8.516950000">
        <ele>205.000</ele>
      </trkpt>
      <trkpt lat="45.558890000" lon="8.516920000">
        <ele>205.000</ele>
      </trkpt>
      <trkpt lat="45.558900000" lon="8.516880000">
        <ele>205.000</ele>
      </trkpt>
      <trkpt lat="45.558900000" lon="8.516840000">
        <ele>205.000</ele>
      </trkpt>
      <trkpt lat="45.558970000" lon="8.516700000">
        <ele>205.000</ele>
      </trkpt>
      <trkpt lat="45.559000000" lon="8.516680000">
        <ele>205.000</ele>
      </trkpt>
      <trkpt lat="45.559050000" lon="8.516670000">
        <ele>205.000</ele>
      </trkpt>
      <trkpt lat="45.559090000" lon="8.516670000">
        <ele>205.000</ele>
      </trkpt>
      <trkpt lat="45.559380000" lon="8.516680000">
        <ele>205.000</ele>
      </trkpt>
      <trkpt lat="45.561450000" lon="8.516790000">
        <ele>205.000</ele>
      </trkpt>
      <trkpt lat="45.570960000" lon="8.517240000">
        <ele>207.000</ele>
      </trkpt>
      <trkpt lat="45.571080000" lon="8.517310000">
        <ele>208.000</ele>
      </trkpt>
      <trkpt lat="45.571150000" lon="8.517340000">
        <ele>209.000</ele>
      </trkpt>
      <trkpt lat="45.571160000" lon="8.517380000">
        <ele>210.000</ele>
      </trkpt>
      <trkpt lat="45.571180000" lon="8.517410000">
        <ele>210.000</ele>
      </trkpt>
      <trkpt lat="45.571210000" lon="8.517430000">
        <ele>210.000</ele>
      </trkpt>
      <trkpt lat="45.571250000" lon="8.517450000">
        <ele>211.000</ele>
      </trkpt>
      <trkpt lat="45.571290000" lon="8.517440000">
        <ele>211.000</ele>
      </trkpt>
      <trkpt lat="45.571330000" lon="8.517420000">
        <ele>211.000</ele>
      </trkpt>
      <trkpt lat="45.571370000" lon="8.517390000">
        <ele>211.000</ele>
      </trkpt>
      <trkpt lat="45.571450000" lon="8.517320000">
        <ele>211.000</ele>
      </trkpt>
      <trkpt lat="45.571560000" lon="8.517270000">
        <ele>211.000</ele>
      </trkpt>
      <trkpt lat="45.571990000" lon="8.517290000">
        <ele>212.000</ele>
      </trkpt>
      <trkpt lat="45.572120000" lon="8.517300000">
        <ele>212.000</ele>
      </trkpt>
      <trkpt lat="45.573320000" lon="8.517350000">
        <ele>213.000</ele>
      </trkpt>
      <trkpt lat="45.573980000" lon="8.517310000">
        <ele>214.000</ele>
      </trkpt>
      <trkpt lat="45.574040000" lon="8.517310000">
        <ele>214.000</ele>
      </trkpt>
      <trkpt lat="45.574620000" lon="8.517210000">
        <ele>215.000</ele>
      </trkpt>
      <trkpt lat="45.574800000" lon="8.517200000">
        <ele>215.000</ele>
      </trkpt>
      <trkpt lat="45.574800000" lon="8.517230000">
        <ele>215.000</ele>
      </trkpt>
      <trkpt lat="45.574810000" lon="8.517260000">
        <ele>216.000</ele>
      </trkpt>
      <trkpt lat="45.574830000" lon="8.517280000">
        <ele>216.000</ele>
      </trkpt>
      <trkpt lat="45.574840000" lon="8.517300000">
        <ele>216.000</ele>
      </trkpt>
      <trkpt lat="45.574860000" lon="8.517310000">
        <ele>216.000</ele>
      </trkpt>
      <trkpt lat="45.574890000" lon="8.517310000">
        <ele>216.000</ele>
      </trkpt>
      <trkpt lat="45.574920000" lon="8.517300000">
        <ele>216.000</ele>
      </trkpt>
      <trkpt lat="45.574940000" lon="8.517280000">
        <ele>216.000</ele>
      </trkpt>
      <trkpt lat="45.574960000" lon="8.517240000">
        <ele>216.000</ele>
      </trkpt>
      <trkpt lat="45.574970000" lon="8.517200000">
        <ele>216.000</ele>
      </trkpt>
      <trkpt lat="45.574960000" lon="8.517160000">
        <ele>216.000</ele>
      </trkpt>
      <trkpt lat="45.575060000" lon="8.517150000">
        <ele>216.000</ele>
      </trkpt>
      <trkpt lat="45.575260000" lon="8.517120000">
        <ele>216.000</ele>
      </trkpt>
      <trkpt lat="45.575580000" lon="8.517050000">
        <ele>216.000</ele>
      </trkpt>
      <trkpt lat="45.576430000" lon="8.516940000">
        <ele>216.000</ele>
      </trkpt>
      <trkpt lat="45.576460000" lon="8.516940000">
        <ele>216.000</ele>
      </trkpt>
      <trkpt lat="45.577190000" lon="8.516820000">
        <ele>216.000</ele>
      </trkpt>
      <trkpt lat="45.577960000" lon="8.516700000">
        <ele>216.000</ele>
      </trkpt>
      <trkpt lat="45.578370000" lon="8.516570000">
        <ele>216.000</ele>
      </trkpt>
      <trkpt lat="45.578450000" lon="8.516540000">
        <ele>216.000</ele>
      </trkpt>
      <trkpt lat="45.578470000" lon="8.516530000">
        <ele>216.000</ele>
      </trkpt>
      <trkpt lat="45.578570000" lon="8.516490000">
        <ele>216.000</ele>
      </trkpt>
      <trkpt lat="45.578740000" lon="8.516410000">
        <ele>216.000</ele>
      </trkpt>
      <trkpt lat="45.578930000" lon="8.516300000">
        <ele>216.000</ele>
      </trkpt>
      <trkpt lat="45.579560000" lon="8.515850000">
        <ele>216.000</ele>
      </trkpt>
      <trkpt lat="45.582140000" lon="8.513950000">
        <ele>217.000</ele>
      </trkpt>
      <trkpt lat="45.582230000" lon="8.513890000">
        <ele>218.000</ele>
      </trkpt>
      <trkpt lat="45.582330000" lon="8.513820000">
        <ele>218.000</ele>
      </trkpt>
      <trkpt lat="45.588660000" lon="8.509130000">
        <ele>221.000</ele>
      </trkpt>
      <trkpt lat="45.592700000" lon="8.506120000">
        <ele>223.000</ele>
      </trkpt>
      <trkpt lat="45.594760000" lon="8.504600000">
        <ele>225.000</ele>
      </trkpt>
      <trkpt lat="45.599230000" lon="8.501290000">
        <ele>227.000</ele>
      </trkpt>
      <trkpt lat="45.599240000" lon="8.501280000">
        <ele>229.000</ele>
      </trkpt>
      <trkpt lat="45.599340000" lon="8.501210000">
        <ele>230.000</ele>
      </trkpt>
      <trkpt lat="45.602400000" lon="8.498940000">
        <ele>231.000</ele>
      </trkpt>
      <trkpt lat="45.602670000" lon="8.498770000">
        <ele>232.000</ele>
      </trkpt>
      <trkpt lat="45.602690000" lon="8.498790000">
        <ele>233.000</ele>
      </trkpt>
      <trkpt lat="45.602720000" lon="8.498810000">
        <ele>233.000</ele>
      </trkpt>
      <trkpt lat="45.602750000" lon="8.498810000">
        <ele>233.000</ele>
      </trkpt>
      <trkpt lat="45.602780000" lon="8.498790000">
        <ele>233.000</ele>
      </trkpt>
      <trkpt lat="45.602800000" lon="8.498770000">
        <ele>233.000</ele>
      </trkpt>
      <trkpt lat="45.602820000" lon="8.498740000">
        <ele>233.000</ele>
      </trkpt>
      <trkpt lat="45.602830000" lon="8.498710000">
        <ele>233.000</ele>
      </trkpt>
      <trkpt lat="45.602830000" lon="8.498670000">
        <ele>233.000</ele>
      </trkpt>
      <trkpt lat="45.602820000" lon="8.498640000">
        <ele>233.000</ele>
      </trkpt>
      <trkpt lat="45.604780000" lon="8.497180000">
        <ele>233.000</ele>
      </trkpt>
      <trkpt lat="45.605720000" lon="8.496500000">
        <ele>234.000</ele>
      </trkpt>
      <trkpt lat="45.606140000" lon="8.496240000">
        <ele>235.000</ele>
      </trkpt>
      <trkpt lat="45.606670000" lon="8.496000000">
        <ele>235.000</ele>
      </trkpt>
      <trkpt lat="45.607210000" lon="8.495880000">
        <ele>236.000</ele>
      </trkpt>
      <trkpt lat="45.607260000" lon="8.495870000">
        <ele>236.000</ele>
      </trkpt>
      <trkpt lat="45.610380000" lon="8.495200000">
        <ele>237.000</ele>
      </trkpt>
      <trkpt lat="45.610510000" lon="8.495160000">
        <ele>238.000</ele>
      </trkpt>
      <trkpt lat="45.610640000" lon="8.495130000">
        <ele>239.000</ele>
      </trkpt>
      <trkpt lat="45.611000000" lon="8.495020000">
        <ele>239.000</ele>
      </trkpt>
      <trkpt lat="45.611670000" lon="8.494720000">
        <ele>239.000</ele>
      </trkpt>
      <trkpt lat="45.611720000" lon="8.494700000">
        <ele>239.000</ele>
      </trkpt>
      <trkpt lat="45.611790000" lon="8.494670000">
        <ele>239.000</ele>
      </trkpt>
      <trkpt lat="45.612320000" lon="8.494360000">
        <ele>239.000</ele>
      </trkpt>
      <trkpt lat="45.612330000" lon="8.494380000">
        <ele>239.000</ele>
      </trkpt>
      <trkpt lat="45.612350000" lon="8.494400000">
        <ele>239.000</ele>
      </trkpt>
      <trkpt lat="45.612360000" lon="8.494410000">
        <ele>239.000</ele>
      </trkpt>
      <trkpt lat="45.612380000" lon="8.494410000">
        <ele>239.000</ele>
      </trkpt>
      <trkpt lat="45.612400000" lon="8.494410000">
        <ele>240.000</ele>
      </trkpt>
      <trkpt lat="45.612420000" lon="8.494390000">
        <ele>240.000</ele>
      </trkpt>
      <trkpt lat="45.612430000" lon="8.494370000">
        <ele>240.000</ele>
      </trkpt>
      <trkpt lat="45.612440000" lon="8.494350000">
        <ele>240.000</ele>
      </trkpt>
      <trkpt lat="45.612440000" lon="8.494320000">
        <ele>240.000</ele>
      </trkpt>
      <trkpt lat="45.612430000" lon="8.494290000">
        <ele>240.000</ele>
      </trkpt>
      <trkpt lat="45.613230000" lon="8.493710000">
        <ele>240.000</ele>
      </trkpt>
      <trkpt lat="45.613440000" lon="8.493530000">
        <ele>240.000</ele>
      </trkpt>
      <trkpt lat="45.613490000" lon="8.493470000">
        <ele>240.000</ele>
      </trkpt>
      <trkpt lat="45.614130000" lon="8.492890000">
        <ele>240.000</ele>
      </trkpt>
      <trkpt lat="45.615570000" lon="8.491520000">
        <ele>241.000</ele>
      </trkpt>
      <trkpt lat="45.615700000" lon="8.491400000">
        <ele>242.000</ele>
      </trkpt>
      <trkpt lat="45.615860000" lon="8.491250000">
        <ele>243.000</ele>
      </trkpt>
      <trkpt lat="45.617380000" lon="8.489810000">
        <ele>243.000</ele>
      </trkpt>
      <trkpt lat="45.617810000" lon="8.489270000">
        <ele>243.000</ele>
      </trkpt>
      <trkpt lat="45.618280000" lon="8.488590000">
        <ele>243.000</ele>
      </trkpt>
      <trkpt lat="45.618410000" lon="8.488460000">
        <ele>243.000</ele>
      </trkpt>
      <trkpt lat="45.618440000" lon="8.488420000">
        <ele>243.000</ele>
      </trkpt>
      <trkpt lat="45.618540000" lon="8.488300000">
        <ele>243.000</ele>
      </trkpt>
      <trkpt lat="45.619040000" lon="8.487910000">
        <ele>243.000</ele>
      </trkpt>
      <trkpt lat="45.619270000" lon="8.487800000">
        <ele>244.000</ele>
      </trkpt>
      <trkpt lat="45.619730000" lon="8.487590000">
        <ele>244.000</ele>
      </trkpt>
      <trkpt lat="45.619780000" lon="8.487570000">
        <ele>244.000</ele>
      </trkpt>
      <trkpt lat="45.619860000" lon="8.487530000">
        <ele>244.000</ele>
      </trkpt>
      <trkpt lat="45.620800000" lon="8.487130000">
        <ele>245.000</ele>
      </trkpt>
      <trkpt lat="45.620900000" lon="8.487120000">
        <ele>246.000</ele>
      </trkpt>
      <trkpt lat="45.621770000" lon="8.487010000">
        <ele>246.000</ele>
      </trkpt>
      <trkpt lat="45.623020000" lon="8.486930000">
        <ele>247.000</ele>
      </trkpt>
      <trkpt lat="45.624380000" lon="8.486840000">
        <ele>247.000</ele>
      </trkpt>
      <trkpt lat="45.626090000" lon="8.486700000">
        <ele>248.000</ele>
      </trkpt>
      <trkpt lat="45.626520000" lon="8.486620000">
        <ele>249.000</ele>
      </trkpt>
      <trkpt lat="45.627320000" lon="8.486380000">
        <ele>250.000</ele>
      </trkpt>
      <trkpt lat="45.627710000" lon="8.486280000">
        <ele>251.000</ele>
      </trkpt>
      <trkpt lat="45.628700000" lon="8.485900000">
        <ele>251.000</ele>
      </trkpt>
      <trkpt lat="45.629040000" lon="8.485680000">
        <ele>252.000</ele>
      </trkpt>
      <trkpt lat="45.629950000" lon="8.484960000">
        <ele>253.000</ele>
      </trkpt>
      <trkpt lat="45.631170000" lon="8.483930000">
        <ele>254.000</ele>
      </trkpt>
      <trkpt lat="45.631310000" lon="8.483830000">
        <ele>254.000</ele>
      </trkpt>
      <trkpt lat="45.632260000" lon="8.483070000">
        <ele>255.000</ele>
      </trkpt>
      <trkpt lat="45.632380000" lon="8.483030000">
        <ele>255.000</ele>
      </trkpt>
      <trkpt lat="45.632510000" lon="8.483060000">
        <ele>256.000</ele>
      </trkpt>
      <trkpt lat="45.632530000" lon="8.483070000">
        <ele>256.000</ele>
      </trkpt>
      <trkpt lat="45.632600000" lon="8.483150000">
        <ele>256.000</ele>
      </trkpt>
      <trkpt lat="45.632640000" lon="8.483220000">
        <ele>256.000</ele>
      </trkpt>
      <trkpt lat="45.632640000" lon="8.483280000">
        <ele>256.000</ele>
      </trkpt>
      <trkpt lat="45.632660000" lon="8.483500000">
        <ele>256.000</ele>
      </trkpt>
      <trkpt lat="45.632700000" lon="8.483640000">
        <ele>256.000</ele>
      </trkpt>
      <trkpt lat="45.632730000" lon="8.483740000">
        <ele>256.000</ele>
      </trkpt>
      <trkpt lat="45.632780000" lon="8.483830000">
        <ele>256.000</ele>
      </trkpt>
      <trkpt lat="45.632860000" lon="8.483910000">
        <ele>256.000</ele>
      </trkpt>
      <trkpt lat="45.632960000" lon="8.483970000">
        <ele>256.000</ele>
      </trkpt>
      <trkpt lat="45.633060000" lon="8.484000000">
        <ele>256.000</ele>
      </trkpt>
      <trkpt lat="45.633480000" lon="8.484040000">
        <ele>256.000</ele>
      </trkpt>
      <trkpt lat="45.633670000" lon="8.484110000">
        <ele>256.000</ele>
      </trkpt>
      <trkpt lat="45.633820000" lon="8.484250000">
        <ele>256.000</ele>
      </trkpt>
      <trkpt lat="45.635230000" lon="8.485940000">
        <ele>256.000</ele>
      </trkpt>
      <trkpt lat="45.635220000" lon="8.485960000">
        <ele>256.000</ele>
      </trkpt>
      <trkpt lat="45.635210000" lon="8.485990000">
        <ele>256.000</ele>
      </trkpt>
      <trkpt lat="45.635200000" lon="8.486020000">
        <ele>256.000</ele>
      </trkpt>
      <trkpt lat="45.635210000" lon="8.486060000">
        <ele>256.000</ele>
      </trkpt>
      <trkpt lat="45.635220000" lon="8.486080000">
        <ele>256.000</ele>
      </trkpt>
      <trkpt lat="45.635230000" lon="8.486110000">
        <ele>256.000</ele>
      </trkpt>
      <trkpt lat="45.635260000" lon="8.486130000">
        <ele>256.000</ele>
      </trkpt>
      <trkpt lat="45.635280000" lon="8.486140000">
        <ele>256.000</ele>
      </trkpt>
      <trkpt lat="45.635310000" lon="8.486130000">
        <ele>256.000</ele>
      </trkpt>
      <trkpt lat="45.635330000" lon="8.486120000">
        <ele>256.000</ele>
      </trkpt>
      <trkpt lat="45.635350000" lon="8.486090000">
        <ele>256.000</ele>
      </trkpt>
      <trkpt lat="45.636140000" lon="8.487000000">
        <ele>256.000</ele>
      </trkpt>
      <trkpt lat="45.636340000" lon="8.487240000">
        <ele>256.000</ele>
      </trkpt>
      <trkpt lat="45.636610000" lon="8.487470000">
        <ele>256.000</ele>
      </trkpt>
      <trkpt lat="45.636880000" lon="8.487570000">
        <ele>256.000</ele>
      </trkpt>
      <trkpt lat="45.637170000" lon="8.487550000">
        <ele>256.000</ele>
      </trkpt>
      <trkpt lat="45.637460000" lon="8.487430000">
        <ele>257.000</ele>
      </trkpt>
      <trkpt lat="45.638240000" lon="8.486810000">
        <ele>257.000</ele>
      </trkpt>
      <trkpt lat="45.638410000" lon="8.486680000">
        <ele>257.000</ele>
      </trkpt>
      <trkpt lat="45.638440000" lon="8.486660000">
        <ele>257.000</ele>
      </trkpt>
      <trkpt lat="45.638610000" lon="8.486520000">
        <ele>257.000</ele>
      </trkpt>
      <trkpt lat="45.638810000" lon="8.486370000">
        <ele>257.000</ele>
      </trkpt>
      <trkpt lat="45.639210000" lon="8.486060000">
        <ele>257.000</ele>
      </trkpt>
      <trkpt lat="45.639460000" lon="8.485870000">
        <ele>257.000</ele>
      </trkpt>
      <trkpt lat="45.639680000" lon="8.485710000">
        <ele>257.000</ele>
      </trkpt>
      <trkpt lat="45.639780000" lon="8.485640000">
        <ele>257.000</ele>
      </trkpt>
      <trkpt lat="45.640090000" lon="8.485440000">
        <ele>257.000</ele>
      </trkpt>
      <trkpt lat="45.640270000" lon="8.485300000">
        <ele>258.000</ele>
      </trkpt>
      <trkpt lat="45.640470000" lon="8.485140000">
        <ele>258.000</ele>
      </trkpt>
      <trkpt lat="45.640820000" lon="8.484830000">
        <ele>258.000</ele>
      </trkpt>
      <trkpt lat="45.640950000" lon="8.484780000">
        <ele>258.000</ele>
      </trkpt>
      <trkpt lat="45.641040000" lon="8.484760000">
        <ele>258.000</ele>
      </trkpt>
      <trkpt lat="45.641360000" lon="8.484680000">
        <ele>259.000</ele>
      </trkpt>
      <trkpt lat="45.641520000" lon="8.484650000">
        <ele>259.000</ele>
      </trkpt>
      <trkpt lat="45.641640000" lon="8.484560000">
        <ele>259.000</ele>
      </trkpt>
      <trkpt lat="45.641670000" lon="8.484530000">
        <ele>259.000</ele>
      </trkpt>
      <trkpt lat="45.641670000" lon="8.484650000">
        <ele>259.000</ele>
      </trkpt>
      <trkpt lat="45.641660000" lon="8.485040000">
        <ele>259.000</ele>
      </trkpt>
      <trkpt lat="45.641660000" lon="8.485130000">
        <ele>259.000</ele>
      </trkpt>
      <trkpt lat="45.641670000" lon="8.485330000">
        <ele>259.000</ele>
      </trkpt>
      <trkpt lat="45.641690000" lon="8.485460000">
        <ele>259.000</ele>
      </trkpt>
      <trkpt lat="45.641900000" lon="8.486800000">
        <ele>259.000</ele>
      </trkpt>
      <trkpt lat="45.641930000" lon="8.486960000">
        <ele>259.000</ele>
      </trkpt>
      <trkpt lat="45.641970000" lon="8.487100000">
        <ele>259.000</ele>
      </trkpt>
      <trkpt lat="45.642010000" lon="8.487200000">
        <ele>259.000</ele>
      </trkpt>
      <trkpt lat="45.642040000" lon="8.487250000">
        <ele>259.000</ele>
      </trkpt>
      <trkpt lat="45.642070000" lon="8.487320000">
        <ele>259.000</ele>
      </trkpt>
      <trkpt lat="45.642100000" lon="8.487380000">
        <ele>259.000</ele>
      </trkpt>
      <trkpt lat="45.642100000" lon="8.487380000">
        <ele>259.000</ele>
      </trkpt>
      <trkpt lat="45.642140000" lon="8.487440000">
        <ele>259.000</ele>
      </trkpt>
      <trkpt lat="45.642250000" lon="8.487560000">
        <ele>259.000</ele>
      </trkpt>
      <trkpt lat="45.643270000" lon="8.488650000">
        <ele>259.000</ele>
      </trkpt>
      <trkpt lat="45.643370000" lon="8.488780000">
        <ele>259.000</ele>
      </trkpt>
      <trkpt lat="45.643440000" lon="8.488920000">
        <ele>259.000</ele>
      </trkpt>
      <trkpt lat="45.643500000" lon="8.489070000">
        <ele>259.000</ele>
      </trkpt>
      <trkpt lat="45.643530000" lon="8.489210000">
        <ele>260.000</ele>
      </trkpt>
      <trkpt lat="45.643560000" lon="8.489380000">
        <ele>260.000</ele>
      </trkpt>
      <trkpt lat="45.643570000" lon="8.489570000">
        <ele>260.000</ele>
      </trkpt>
      <trkpt lat="45.643590000" lon="8.490350000">
        <ele>260.000</ele>
      </trkpt>
      <trkpt lat="45.643590000" lon="8.490430000">
        <ele>261.000</ele>
      </trkpt>
      <trkpt lat="45.643590000" lon="8.490440000">
        <ele>261.000</ele>
      </trkpt>
      <trkpt lat="45.643550000" lon="8.490660000">
        <ele>261.000</ele>
      </trkpt>
      <trkpt lat="45.643510000" lon="8.490760000">
        <ele>261.000</ele>
      </trkpt>
      <trkpt lat="45.643500000" lon="8.490780000">
        <ele>261.000</ele>
      </trkpt>
      <trkpt lat="45.643480000" lon="8.490800000">
        <ele>262.000</ele>
      </trkpt>
      <trkpt lat="45.643480000" lon="8.490810000">
        <ele>262.000</ele>
      </trkpt>
      <trkpt lat="45.643470000" lon="8.490840000">
        <ele>262.000</ele>
      </trkpt>
      <trkpt lat="45.643460000" lon="8.490860000">
        <ele>262.000</ele>
      </trkpt>
      <trkpt lat="45.643460000" lon="8.490890000">
        <ele>262.000</ele>
      </trkpt>
      <trkpt lat="45.643450000" lon="8.490910000">
        <ele>262.000</ele>
      </trkpt>
      <trkpt lat="45.643450000" lon="8.490940000">
        <ele>262.000</ele>
      </trkpt>
      <trkpt lat="45.643460000" lon="8.490960000">
        <ele>262.000</ele>
      </trkpt>
      <trkpt lat="45.643460000" lon="8.490980000">
        <ele>262.000</ele>
      </trkpt>
      <trkpt lat="45.643460000" lon="8.491010000">
        <ele>262.000</ele>
      </trkpt>
      <trkpt lat="45.643470000" lon="8.491030000">
        <ele>262.000</ele>
      </trkpt>
      <trkpt lat="45.643480000" lon="8.491050000">
        <ele>262.000</ele>
      </trkpt>
      <trkpt lat="45.643490000" lon="8.491070000">
        <ele>262.000</ele>
      </trkpt>
      <trkpt lat="45.643500000" lon="8.491090000">
        <ele>262.000</ele>
      </trkpt>
      <trkpt lat="45.643510000" lon="8.491100000">
        <ele>262.000</ele>
      </trkpt>
      <trkpt lat="45.643530000" lon="8.491120000">
        <ele>262.000</ele>
      </trkpt>
      <trkpt lat="45.643540000" lon="8.491130000">
        <ele>262.000</ele>
      </trkpt>
      <trkpt lat="45.643560000" lon="8.491140000">
        <ele>262.000</ele>
      </trkpt>
      <trkpt lat="45.643580000" lon="8.491150000">
        <ele>262.000</ele>
      </trkpt>
      <trkpt lat="45.643590000" lon="8.491150000">
        <ele>262.000</ele>
      </trkpt>
      <trkpt lat="45.643610000" lon="8.491150000">
        <ele>262.000</ele>
      </trkpt>
      <trkpt lat="45.643630000" lon="8.491150000">
        <ele>262.000</ele>
      </trkpt>
      <trkpt lat="45.643640000" lon="8.491140000">
        <ele>262.000</ele>
      </trkpt>
      <trkpt lat="45.643660000" lon="8.491140000">
        <ele>262.000</ele>
      </trkpt>
      <trkpt lat="45.643680000" lon="8.491130000">
        <ele>262.000</ele>
      </trkpt>
      <trkpt lat="45.643690000" lon="8.491110000">
        <ele>262.000</ele>
      </trkpt>
      <trkpt lat="45.643710000" lon="8.491100000">
        <ele>262.000</ele>
      </trkpt>
      <trkpt lat="45.643720000" lon="8.491080000">
        <ele>263.000</ele>
      </trkpt>
      <trkpt lat="45.643730000" lon="8.491060000">
        <ele>263.000</ele>
      </trkpt>
      <trkpt lat="45.643800000" lon="8.491020000">
        <ele>263.000</ele>
      </trkpt>
      <trkpt lat="45.643850000" lon="8.491000000">
        <ele>263.000</ele>
      </trkpt>
      <trkpt lat="45.644000000" lon="8.490990000">
        <ele>263.000</ele>
      </trkpt>
      <trkpt lat="45.644270000" lon="8.490990000">
        <ele>263.000</ele>
      </trkpt>
      <trkpt lat="45.644590000" lon="8.491070000">
        <ele>264.000</ele>
      </trkpt>
      <trkpt lat="45.645010000" lon="8.491220000">
        <ele>265.000</ele>
      </trkpt>
      <trkpt lat="45.645090000" lon="8.491260000">
        <ele>265.000</ele>
      </trkpt>
      <trkpt lat="45.645140000" lon="8.491270000">
        <ele>266.000</ele>
      </trkpt>
      <trkpt lat="45.645180000" lon="8.491290000">
        <ele>266.000</ele>
      </trkpt>
      <trkpt lat="45.646120000" lon="8.491650000">
        <ele>267.000</ele>
      </trkpt>
      <trkpt lat="45.648010000" lon="8.492420000">
        <ele>267.000</ele>
      </trkpt>
      <trkpt lat="45.648890000" lon="8.492790000">
        <ele>267.000</ele>
      </trkpt>
      <trkpt lat="45.649020000" lon="8.492850000">
        <ele>267.000</ele>
      </trkpt>
      <trkpt lat="45.649850000" lon="8.493180000">
        <ele>267.000</ele>
      </trkpt>
      <trkpt lat="45.650050000" lon="8.493260000">
        <ele>267.000</ele>
      </trkpt>
      <trkpt lat="45.650370000" lon="8.493390000">
        <ele>267.000</ele>
      </trkpt>
      <trkpt lat="45.650470000" lon="8.493440000">
        <ele>268.000</ele>
      </trkpt>
      <trkpt lat="45.650640000" lon="8.493500000">
        <ele>268.000</ele>
      </trkpt>
      <trkpt lat="45.650690000" lon="8.493520000">
        <ele>268.000</ele>
      </trkpt>
      <trkpt lat="45.651120000" lon="8.493670000">
        <ele>268.000</ele>
      </trkpt>
      <trkpt lat="45.651540000" lon="8.493850000">
        <ele>268.000</ele>
      </trkpt>
      <trkpt lat="45.651550000" lon="8.493850000">
        <ele>268.000</ele>
      </trkpt>
      <trkpt lat="45.651640000" lon="8.493890000">
        <ele>268.000</ele>
      </trkpt>
      <trkpt lat="45.651640000" lon="8.493890000">
        <ele>268.000</ele>
      </trkpt>
      <trkpt lat="45.651730000" lon="8.493930000">
        <ele>268.000</ele>
      </trkpt>
      <trkpt lat="45.652200000" lon="8.494110000">
        <ele>269.000</ele>
      </trkpt>
      <trkpt lat="45.652590000" lon="8.494250000">
        <ele>269.000</ele>
      </trkpt>
      <trkpt lat="45.652950000" lon="8.494370000">
        <ele>269.000</ele>
      </trkpt>
      <trkpt lat="45.652970000" lon="8.494370000">
        <ele>269.000</ele>
      </trkpt>
      <trkpt lat="45.653270000" lon="8.494440000">
        <ele>269.000</ele>
      </trkpt>
      <trkpt lat="45.653650000" lon="8.494510000">
        <ele>269.000</ele>
      </trkpt>
      <trkpt lat="45.654040000" lon="8.494530000">
        <ele>269.000</ele>
      </trkpt>
      <trkpt lat="45.654400000" lon="8.494540000">
        <ele>270.000</ele>
      </trkpt>
      <trkpt lat="45.654740000" lon="8.494520000">
        <ele>270.000</ele>
      </trkpt>
      <trkpt lat="45.655010000" lon="8.494480000">
        <ele>270.000</ele>
      </trkpt>
      <trkpt lat="45.655080000" lon="8.494470000">
        <ele>271.000</ele>
      </trkpt>
      <trkpt lat="45.655510000" lon="8.494390000">
        <ele>271.000</ele>
      </trkpt>
      <trkpt lat="45.655830000" lon="8.494300000">
        <ele>271.000</ele>
      </trkpt>
      <trkpt lat="45.656130000" lon="8.494190000">
        <ele>271.000</ele>
      </trkpt>
      <trkpt lat="45.656590000" lon="8.494020000">
        <ele>272.000</ele>
      </trkpt>
      <trkpt lat="45.656680000" lon="8.493990000">
        <ele>272.000</ele>
      </trkpt>
      <trkpt lat="45.657710000" lon="8.493610000">
        <ele>272.000</ele>
      </trkpt>
      <trkpt lat="45.658580000" lon="8.493280000">
        <ele>273.000</ele>
      </trkpt>
      <trkpt lat="45.659430000" lon="8.492920000">
        <ele>273.000</ele>
      </trkpt>
      <trkpt lat="45.659810000" lon="8.492710000">
        <ele>274.000</ele>
      </trkpt>
      <trkpt lat="45.659830000" lon="8.492750000">
        <ele>275.000</ele>
      </trkpt>
      <trkpt lat="45.659860000" lon="8.492790000">
        <ele>275.000</ele>
      </trkpt>
      <trkpt lat="45.659900000" lon="8.492810000">
        <ele>275.000</ele>
      </trkpt>
      <trkpt lat="45.659940000" lon="8.492810000">
        <ele>275.000</ele>
      </trkpt>
      <trkpt lat="45.659970000" lon="8.492790000">
        <ele>275.000</ele>
      </trkpt>
      <trkpt lat="45.660010000" lon="8.492760000">
        <ele>276.000</ele>
      </trkpt>
      <trkpt lat="45.660030000" lon="8.492720000">
        <ele>276.000</ele>
      </trkpt>
      <trkpt lat="45.660040000" lon="8.492670000">
        <ele>276.000</ele>
      </trkpt>
      <trkpt lat="45.660050000" lon="8.492610000">
        <ele>276.000</ele>
      </trkpt>
      <trkpt lat="45.660250000" lon="8.492570000">
        <ele>276.000</ele>
      </trkpt>
      <trkpt lat="45.660560000" lon="8.492520000">
        <ele>276.000</ele>
      </trkpt>
      <trkpt lat="45.661700000" lon="8.492040000">
        <ele>277.000</ele>
      </trkpt>
      <trkpt lat="45.662210000" lon="8.491830000">
        <ele>277.000</ele>
      </trkpt>
      <trkpt lat="45.662500000" lon="8.491700000">
        <ele>277.000</ele>
      </trkpt>
      <trkpt lat="45.662740000" lon="8.491590000">
        <ele>277.000</ele>
      </trkpt>
      <trkpt lat="45.663080000" lon="8.491390000">
        <ele>277.000</ele>
      </trkpt>
      <trkpt lat="45.663430000" lon="8.491200000">
        <ele>277.000</ele>
      </trkpt>
      <trkpt lat="45.663750000" lon="8.490990000">
        <ele>277.000</ele>
      </trkpt>
      <trkpt lat="45.664040000" lon="8.490790000">
        <ele>277.000</ele>
      </trkpt>
      <trkpt lat="45.665610000" lon="8.489740000">
        <ele>279.000</ele>
      </trkpt>
      <trkpt lat="45.666820000" lon="8.488910000">
        <ele>280.000</ele>
      </trkpt>
      <trkpt lat="45.666820000" lon="8.488910000">
        <ele>281.000</ele>
      </trkpt>
      <trkpt lat="45.667280000" lon="8.488590000">
        <ele>281.000</ele>
      </trkpt>
      <trkpt lat="45.667330000" lon="8.488560000">
        <ele>282.000</ele>
      </trkpt>
      <trkpt lat="45.667420000" lon="8.488500000">
        <ele>282.000</ele>
      </trkpt>
      <trkpt lat="45.668970000" lon="8.487430000">
        <ele>283.000</ele>
      </trkpt>
      <trkpt lat="45.669970000" lon="8.486750000">
        <ele>283.000</ele>
      </trkpt>
      <trkpt lat="45.670520000" lon="8.486370000">
        <ele>284.000</ele>
      </trkpt>
      <trkpt lat="45.670960000" lon="8.486070000">
        <ele>284.000</ele>
      </trkpt>
      <trkpt lat="45.671380000" lon="8.485780000">
        <ele>284.000</ele>
      </trkpt>
      <trkpt lat="45.672370000" lon="8.485100000">
        <ele>285.000</ele>
      </trkpt>
      <trkpt lat="45.672600000" lon="8.484960000">
        <ele>285.000</ele>
      </trkpt>
      <trkpt lat="45.673000000" lon="8.484780000">
        <ele>286.000</ele>
      </trkpt>
      <trkpt lat="45.673300000" lon="8.484660000">
        <ele>286.000</ele>
      </trkpt>
      <trkpt lat="45.673580000" lon="8.484580000">
        <ele>286.000</ele>
      </trkpt>
      <trkpt lat="45.673910000" lon="8.484520000">
        <ele>286.000</ele>
      </trkpt>
      <trkpt lat="45.674310000" lon="8.484500000">
        <ele>286.000</ele>
      </trkpt>
      <trkpt lat="45.674530000" lon="8.484520000">
        <ele>286.000</ele>
      </trkpt>
      <trkpt lat="45.674630000" lon="8.484560000">
        <ele>286.000</ele>
      </trkpt>
      <trkpt lat="45.674730000" lon="8.484670000">
        <ele>287.000</ele>
      </trkpt>
      <trkpt lat="45.674820000" lon="8.484800000">
        <ele>287.000</ele>
      </trkpt>
      <trkpt lat="45.674890000" lon="8.484890000">
        <ele>287.000</ele>
      </trkpt>
      <trkpt lat="45.674980000" lon="8.484950000">
        <ele>287.000</ele>
      </trkpt>
      <trkpt lat="45.675070000" lon="8.485000000">
        <ele>287.000</ele>
      </trkpt>
      <trkpt lat="45.675160000" lon="8.485020000">
        <ele>287.000</ele>
      </trkpt>
      <trkpt lat="45.675270000" lon="8.485020000">
        <ele>287.000</ele>
      </trkpt>
      <trkpt lat="45.675390000" lon="8.484980000">
        <ele>287.000</ele>
      </trkpt>
      <trkpt lat="45.675490000" lon="8.484910000">
        <ele>287.000</ele>
      </trkpt>
      <trkpt lat="45.675590000" lon="8.484820000">
        <ele>287.000</ele>
      </trkpt>
      <trkpt lat="45.675660000" lon="8.484690000">
        <ele>287.000</ele>
      </trkpt>
      <trkpt lat="45.675720000" lon="8.484550000">
        <ele>287.000</ele>
      </trkpt>
      <trkpt lat="45.675880000" lon="8.484400000">
        <ele>287.000</ele>
      </trkpt>
      <trkpt lat="45.676060000" lon="8.484270000">
        <ele>287.000</ele>
      </trkpt>
      <trkpt lat="45.676430000" lon="8.484070000">
        <ele>288.000</ele>
      </trkpt>
      <trkpt lat="45.676680000" lon="8.483970000">
        <ele>288.000</ele>
      </trkpt>
      <trkpt lat="45.676960000" lon="8.483860000">
        <ele>288.000</ele>
      </trkpt>
      <trkpt lat="45.677250000" lon="8.483720000">
        <ele>288.000</ele>
      </trkpt>
      <trkpt lat="45.677510000" lon="8.483580000">
        <ele>289.000</ele>
      </trkpt>
      <trkpt lat="45.677770000" lon="8.483420000">
        <ele>289.000</ele>
      </trkpt>
      <trkpt lat="45.677960000" lon="8.483300000">
        <ele>289.000</ele>
      </trkpt>
      <trkpt lat="45.678280000" lon="8.483080000">
        <ele>289.000</ele>
      </trkpt>
      <trkpt lat="45.679030000" lon="8.482540000">
        <ele>290.000</ele>
      </trkpt>
      <trkpt lat="45.679120000" lon="8.482480000">
        <ele>290.000</ele>
      </trkpt>
      <trkpt lat="45.679790000" lon="8.482000000">
        <ele>290.000</ele>
      </trkpt>
      <trkpt lat="45.680620000" lon="8.481410000">
        <ele>291.000</ele>
      </trkpt>
      <trkpt lat="45.681010000" lon="8.481130000">
        <ele>291.000</ele>
      </trkpt>
      <trkpt lat="45.681430000" lon="8.480820000">
        <ele>292.000</ele>
      </trkpt>
      <trkpt lat="45.681910000" lon="8.480480000">
        <ele>293.000</ele>
      </trkpt>
      <trkpt lat="45.681970000" lon="8.480440000">
        <ele>293.000</ele>
      </trkpt>
      <trkpt lat="45.681970000" lon="8.480430000">
        <ele>293.000</ele>
      </trkpt>
      <trkpt lat="45.682460000" lon="8.480090000">
        <ele>294.000</ele>
      </trkpt>
      <trkpt lat="45.683310000" lon="8.479480000">
        <ele>294.000</ele>
      </trkpt>
      <trkpt lat="45.683930000" lon="8.479030000">
        <ele>294.000</ele>
      </trkpt>
      <trkpt lat="45.684520000" lon="8.478570000">
        <ele>295.000</ele>
      </trkpt>
      <trkpt lat="45.684900000" lon="8.478240000">
        <ele>296.000</ele>
      </trkpt>
      <trkpt lat="45.685470000" lon="8.477750000">
        <ele>297.000</ele>
      </trkpt>
      <trkpt lat="45.685700000" lon="8.477540000">
        <ele>297.000</ele>
      </trkpt>
      <trkpt lat="45.686920000" lon="8.476490000">
        <ele>298.000</ele>
      </trkpt>
      <trkpt lat="45.686980000" lon="8.476440000">
        <ele>298.000</ele>
      </trkpt>
      <trkpt lat="45.687060000" lon="8.476370000">
        <ele>298.000</ele>
      </trkpt>
      <trkpt lat="45.688410000" lon="8.475190000">
        <ele>298.000</ele>
      </trkpt>
      <trkpt lat="45.688910000" lon="8.474750000">
        <ele>299.000</ele>
      </trkpt>
      <trkpt lat="45.689400000" lon="8.474320000">
        <ele>299.000</ele>
      </trkpt>
      <trkpt lat="45.690000000" lon="8.473790000">
        <ele>299.000</ele>
      </trkpt>
      <trkpt lat="45.690110000" lon="8.473690000">
        <ele>300.000</ele>
      </trkpt>
      <trkpt lat="45.690190000" lon="8.473600000">
        <ele>300.000</ele>
      </trkpt>
      <trkpt lat="45.690300000" lon="8.473470000">
        <ele>300.000</ele>
      </trkpt>
      <trkpt lat="45.690580000" lon="8.473060000">
        <ele>300.000</ele>
      </trkpt>
      <trkpt lat="45.690580000" lon="8.473060000">
        <ele>300.000</ele>
      </trkpt>
      <trkpt lat="45.690840000" lon="8.472690000">
        <ele>300.000</ele>
      </trkpt>
      <trkpt lat="45.691620000" lon="8.471540000">
        <ele>300.000</ele>
      </trkpt>
      <trkpt lat="45.691900000" lon="8.471140000">
        <ele>300.000</ele>
      </trkpt>
      <trkpt lat="45.692050000" lon="8.470930000">
        <ele>301.000</ele>
      </trkpt>
      <trkpt lat="45.692300000" lon="8.470570000">
        <ele>301.000</ele>
      </trkpt>
      <trkpt lat="45.692810000" lon="8.469820000">
        <ele>301.000</ele>
      </trkpt>
      <trkpt lat="45.692950000" lon="8.469610000">
        <ele>302.000</ele>
      </trkpt>
      <trkpt lat="45.692970000" lon="8.469580000">
        <ele>302.000</ele>
      </trkpt>
      <trkpt lat="45.693180000" lon="8.469390000">
        <ele>303.000</ele>
      </trkpt>
      <trkpt lat="45.693200000" lon="8.469400000">
        <ele>303.000</ele>
      </trkpt>
      <trkpt lat="45.693210000" lon="8.469390000">
        <ele>303.000</ele>
      </trkpt>
      <trkpt lat="45.693230000" lon="8.469380000">
        <ele>303.000</ele>
      </trkpt>
      <trkpt lat="45.693250000" lon="8.469360000">
        <ele>303.000</ele>
      </trkpt>
      <trkpt lat="45.693270000" lon="8.469330000">
        <ele>303.000</ele>
      </trkpt>
      <trkpt lat="45.693280000" lon="8.469300000">
        <ele>303.000</ele>
      </trkpt>
      <trkpt lat="45.693280000" lon="8.469280000">
        <ele>303.000</ele>
      </trkpt>
      <trkpt lat="45.693280000" lon="8.469260000">
        <ele>303.000</ele>
      </trkpt>
      <trkpt lat="45.693270000" lon="8.469240000">
        <ele>303.000</ele>
      </trkpt>
      <trkpt lat="45.693270000" lon="8.469220000">
        <ele>303.000</ele>
      </trkpt>
      <trkpt lat="45.693260000" lon="8.469190000">
        <ele>303.000</ele>
      </trkpt>
      <trkpt lat="45.693240000" lon="8.469170000">
        <ele>303.000</ele>
      </trkpt>
      <trkpt lat="45.693220000" lon="8.469160000">
        <ele>303.000</ele>
      </trkpt>
      <trkpt lat="45.693210000" lon="8.469150000">
        <ele>303.000</ele>
      </trkpt>
      <trkpt lat="45.693190000" lon="8.469150000">
        <ele>303.000</ele>
      </trkpt>
      <trkpt lat="45.693060000" lon="8.468930000">
        <ele>303.000</ele>
      </trkpt>
      <trkpt lat="45.693060000" lon="8.468900000">
        <ele>303.000</ele>
      </trkpt>
      <trkpt lat="45.692460000" lon="8.467550000">
        <ele>303.000</ele>
      </trkpt>
      <trkpt lat="45.691990000" lon="8.466480000">
        <ele>303.000</ele>
      </trkpt>
      <trkpt lat="45.691970000" lon="8.466440000">
        <ele>303.000</ele>
      </trkpt>
      <trkpt lat="45.691900000" lon="8.466270000">
        <ele>303.000</ele>
      </trkpt>
      <trkpt lat="45.691790000" lon="8.465940000">
        <ele>303.000</ele>
      </trkpt>
      <trkpt lat="45.691770000" lon="8.465660000">
        <ele>303.000</ele>
      </trkpt>
      <trkpt lat="45.691770000" lon="8.465500000">
        <ele>303.000</ele>
      </trkpt>
      <trkpt lat="45.691800000" lon="8.465360000">
        <ele>303.000</ele>
      </trkpt>
      <trkpt lat="45.691850000" lon="8.465100000">
        <ele>303.000</ele>
      </trkpt>
      <trkpt lat="45.691890000" lon="8.465000000">
        <ele>303.000</ele>
      </trkpt>
      <trkpt lat="45.691900000" lon="8.464980000">
        <ele>303.000</ele>
      </trkpt>
      <trkpt lat="45.691920000" lon="8.464960000">
        <ele>303.000</ele>
      </trkpt>
      <trkpt lat="45.691990000" lon="8.464870000">
        <ele>303.000</ele>
      </trkpt>
      <trkpt lat="45.692150000" lon="8.464610000">
        <ele>303.000</ele>
      </trkpt>
      <trkpt lat="45.692260000" lon="8.464420000">
        <ele>303.000</ele>
      </trkpt>
      <trkpt lat="45.693140000" lon="8.463080000">
        <ele>302.000</ele>
      </trkpt>
      <trkpt lat="45.693830000" lon="8.462010000">
        <ele>302.000</ele>
      </trkpt>
      <trkpt lat="45.694160000" lon="8.461610000">
        <ele>302.000</ele>
      </trkpt>
      <trkpt lat="45.694290000" lon="8.461460000">
        <ele>302.000</ele>
      </trkpt>
      <trkpt lat="45.694350000" lon="8.461370000">
        <ele>302.000</ele>
      </trkpt>
      <trkpt lat="45.694480000" lon="8.461210000">
        <ele>302.000</ele>
      </trkpt>
      <trkpt lat="45.694920000" lon="8.460650000">
        <ele>303.000</ele>
      </trkpt>
      <trkpt lat="45.695100000" lon="8.460490000">
        <ele>303.000</ele>
      </trkpt>
      <trkpt lat="45.695310000" lon="8.460350000">
        <ele>304.000</ele>
      </trkpt>
      <trkpt lat="45.695470000" lon="8.460270000">
        <ele>304.000</ele>
      </trkpt>
      <trkpt lat="45.695750000" lon="8.460180000">
        <ele>305.000</ele>
      </trkpt>
      <trkpt lat="45.696000000" lon="8.460110000">
        <ele>306.000</ele>
      </trkpt>
      <trkpt lat="45.696000000" lon="8.460110000">
        <ele>306.000</ele>
      </trkpt>
      <trkpt lat="45.696250000" lon="8.460030000">
        <ele>307.000</ele>
      </trkpt>
      <trkpt lat="45.696530000" lon="8.459950000">
        <ele>307.000</ele>
      </trkpt>
      <trkpt lat="45.697080000" lon="8.459780000">
        <ele>307.000</ele>
      </trkpt>
      <trkpt lat="45.697210000" lon="8.459750000">
        <ele>307.000</ele>
      </trkpt>
      <trkpt lat="45.697320000" lon="8.459690000">
        <ele>307.000</ele>
      </trkpt>
      <trkpt lat="45.697460000" lon="8.459660000">
        <ele>307.000</ele>
      </trkpt>
      <trkpt lat="45.697530000" lon="8.459700000">
        <ele>307.000</ele>
      </trkpt>
      <trkpt lat="45.697550000" lon="8.459710000">
        <ele>307.000</ele>
      </trkpt>
      <trkpt lat="45.697580000" lon="8.459710000">
        <ele>307.000</ele>
      </trkpt>
      <trkpt lat="45.697600000" lon="8.459700000">
        <ele>307.000</ele>
      </trkpt>
      <trkpt lat="45.697620000" lon="8.459690000">
        <ele>307.000</ele>
      </trkpt>
      <trkpt lat="45.697640000" lon="8.459660000">
        <ele>307.000</ele>
      </trkpt>
      <trkpt lat="45.697650000" lon="8.459630000">
        <ele>307.000</ele>
      </trkpt>
      <trkpt lat="45.697650000" lon="8.459590000">
        <ele>307.000</ele>
      </trkpt>
      <trkpt lat="45.697650000" lon="8.459550000">
        <ele>307.000</ele>
      </trkpt>
      <trkpt lat="45.697670000" lon="8.459470000">
        <ele>307.000</ele>
      </trkpt>
      <trkpt lat="45.697700000" lon="8.459420000">
        <ele>307.000</ele>
      </trkpt>
      <trkpt lat="45.697740000" lon="8.459390000">
        <ele>307.000</ele>
      </trkpt>
      <trkpt lat="45.697750000" lon="8.459350000">
        <ele>307.000</ele>
      </trkpt>
      <trkpt lat="45.697760000" lon="8.459350000">
        <ele>307.000</ele>
      </trkpt>
      <trkpt lat="45.698000000" lon="8.459210000">
        <ele>307.000</ele>
      </trkpt>
      <trkpt lat="45.698080000" lon="8.459180000">
        <ele>308.000</ele>
      </trkpt>
      <trkpt lat="45.698190000" lon="8.459160000">
        <ele>308.000</ele>
      </trkpt>
      <trkpt lat="45.698790000" lon="8.459080000">
        <ele>308.000</ele>
      </trkpt>
      <trkpt lat="45.698880000" lon="8.459060000">
        <ele>308.000</ele>
      </trkpt>
      <trkpt lat="45.698930000" lon="8.459040000">
        <ele>308.000</ele>
      </trkpt>
      <trkpt lat="45.698970000" lon="8.459020000">
        <ele>308.000</ele>
      </trkpt>
      <trkpt lat="45.699090000" lon="8.458920000">
        <ele>308.000</ele>
      </trkpt>
      <trkpt lat="45.699280000" lon="8.458770000">
        <ele>308.000</ele>
      </trkpt>
      <trkpt lat="45.699450000" lon="8.458660000">
        <ele>308.000</ele>
      </trkpt>
      <trkpt lat="45.699530000" lon="8.458610000">
        <ele>308.000</ele>
      </trkpt>
      <trkpt lat="45.699610000" lon="8.458580000">
        <ele>308.000</ele>
      </trkpt>
      <trkpt lat="45.699670000" lon="8.458570000">
        <ele>308.000</ele>
      </trkpt>
      <trkpt lat="45.699760000" lon="8.458560000">
        <ele>308.000</ele>
      </trkpt>
      <trkpt lat="45.699840000" lon="8.458570000">
        <ele>308.000</ele>
      </trkpt>
      <trkpt lat="45.699890000" lon="8.458590000">
        <ele>309.000</ele>
      </trkpt>
      <trkpt lat="45.700000000" lon="8.458640000">
        <ele>309.000</ele>
      </trkpt>
      <trkpt lat="45.700150000" lon="8.458740000">
        <ele>309.000</ele>
      </trkpt>
      <trkpt lat="45.700920000" lon="8.459300000">
        <ele>310.000</ele>
      </trkpt>
      <trkpt lat="45.701310000" lon="8.459590000">
        <ele>311.000</ele>
      </trkpt>
      <trkpt lat="45.701440000" lon="8.459700000">
        <ele>312.000</ele>
      </trkpt>
      <trkpt lat="45.701490000" lon="8.459810000">
        <ele>312.000</ele>
      </trkpt>
      <trkpt lat="45.701520000" lon="8.459920000">
        <ele>313.000</ele>
      </trkpt>
      <trkpt lat="45.701550000" lon="8.460010000">
        <ele>313.000</ele>
      </trkpt>
      <trkpt lat="45.701540000" lon="8.460050000">
        <ele>313.000</ele>
      </trkpt>
      <trkpt lat="45.701540000" lon="8.460080000">
        <ele>313.000</ele>
      </trkpt>
      <trkpt lat="45.701550000" lon="8.460120000">
        <ele>313.000</ele>
      </trkpt>
      <trkpt lat="45.701570000" lon="8.460140000">
        <ele>313.000</ele>
      </trkpt>
      <trkpt lat="45.701580000" lon="8.460160000">
        <ele>313.000</ele>
      </trkpt>
      <trkpt lat="45.701590000" lon="8.460170000">
        <ele>313.000</ele>
      </trkpt>
      <trkpt lat="45.701630000" lon="8.460250000">
        <ele>313.000</ele>
      </trkpt>
      <trkpt lat="45.701690000" lon="8.460380000">
        <ele>313.000</ele>
      </trkpt>
      <trkpt lat="45.701760000" lon="8.460520000">
        <ele>313.000</ele>
      </trkpt>
      <trkpt lat="45.701800000" lon="8.460620000">
        <ele>313.000</ele>
      </trkpt>
      <trkpt lat="45.701860000" lon="8.460740000">
        <ele>313.000</ele>
      </trkpt>
      <trkpt lat="45.702210000" lon="8.461370000">
        <ele>313.000</ele>
      </trkpt>
      <trkpt lat="45.702200000" lon="8.461400000">
        <ele>313.000</ele>
      </trkpt>
      <trkpt lat="45.702200000" lon="8.461420000">
        <ele>313.000</ele>
      </trkpt>
      <trkpt lat="45.702200000" lon="8.461450000">
        <ele>313.000</ele>
      </trkpt>
      <trkpt lat="45.702200000" lon="8.461470000">
        <ele>313.000</ele>
      </trkpt>
      <trkpt lat="45.702220000" lon="8.461490000">
        <ele>313.000</ele>
      </trkpt>
      <trkpt lat="45.702230000" lon="8.461500000">
        <ele>313.000</ele>
      </trkpt>
      <trkpt lat="45.702250000" lon="8.461510000">
        <ele>313.000</ele>
      </trkpt>
      <trkpt lat="45.702260000" lon="8.461510000">
        <ele>313.000</ele>
      </trkpt>
      <trkpt lat="45.702280000" lon="8.461500000">
        <ele>313.000</ele>
      </trkpt>
      <trkpt lat="45.702300000" lon="8.461550000">
        <ele>313.000</ele>
      </trkpt>
      <trkpt lat="45.702630000" lon="8.462120000">
        <ele>313.000</ele>
      </trkpt>
      <trkpt lat="45.702870000" lon="8.462320000">
        <ele>313.000</ele>
      </trkpt>
      <trkpt lat="45.703280000" lon="8.462670000">
        <ele>313.000</ele>
      </trkpt>
      <trkpt lat="45.703340000" lon="8.462720000">
        <ele>313.000</ele>
      </trkpt>
      <trkpt lat="45.703570000" lon="8.462920000">
        <ele>313.000</ele>
      </trkpt>
      <trkpt lat="45.703610000" lon="8.462950000">
        <ele>313.000</ele>
      </trkpt>
      <trkpt lat="45.703680000" lon="8.463020000">
        <ele>313.000</ele>
      </trkpt>
      <trkpt lat="45.703740000" lon="8.463070000">
        <ele>312.000</ele>
      </trkpt>
      <trkpt lat="45.704290000" lon="8.463620000">
        <ele>312.000</ele>
      </trkpt>
      <trkpt lat="45.704320000" lon="8.463650000">
        <ele>312.000</ele>
      </trkpt>
      <trkpt lat="45.704500000" lon="8.463830000">
        <ele>312.000</ele>
      </trkpt>
      <trkpt lat="45.704570000" lon="8.463870000">
        <ele>312.000</ele>
      </trkpt>
      <trkpt lat="45.704640000" lon="8.463920000">
        <ele>312.000</ele>
      </trkpt>
      <trkpt lat="45.704630000" lon="8.463940000">
        <ele>312.000</ele>
      </trkpt>
      <trkpt lat="45.704630000" lon="8.463970000">
        <ele>312.000</ele>
      </trkpt>
      <trkpt lat="45.704630000" lon="8.464000000">
        <ele>312.000</ele>
      </trkpt>
      <trkpt lat="45.704630000" lon="8.464030000">
        <ele>312.000</ele>
      </trkpt>
      <trkpt lat="45.704640000" lon="8.464060000">
        <ele>312.000</ele>
      </trkpt>
      <trkpt lat="45.704660000" lon="8.464080000">
        <ele>312.000</ele>
      </trkpt>
      <trkpt lat="45.704680000" lon="8.464090000">
        <ele>312.000</ele>
      </trkpt>
      <trkpt lat="45.704710000" lon="8.464090000">
        <ele>312.000</ele>
      </trkpt>
      <trkpt lat="45.704730000" lon="8.464080000">
        <ele>312.000</ele>
      </trkpt>
      <trkpt lat="45.704750000" lon="8.464060000">
        <ele>312.000</ele>
      </trkpt>
      <trkpt lat="45.704860000" lon="8.464290000">
        <ele>312.000</ele>
      </trkpt>
      <trkpt lat="45.704910000" lon="8.464520000">
        <ele>312.000</ele>
      </trkpt>
      <trkpt lat="45.704770000" lon="8.465340000">
        <ele>312.000</ele>
      </trkpt>
      <trkpt lat="45.704770000" lon="8.465500000">
        <ele>312.000</ele>
      </trkpt>
      <trkpt lat="45.704750000" lon="8.465700000">
        <ele>312.000</ele>
      </trkpt>
      <trkpt lat="45.704730000" lon="8.466310000">
        <ele>313.000</ele>
      </trkpt>
      <trkpt lat="45.704710000" lon="8.466770000">
        <ele>313.000</ele>
      </trkpt>
      <trkpt lat="45.704650000" lon="8.468110000">
        <ele>313.000</ele>
      </trkpt>
      <trkpt lat="45.704620000" lon="8.468100000">
        <ele>314.000</ele>
      </trkpt>
      <trkpt lat="45.704590000" lon="8.468100000">
        <ele>314.000</ele>
      </trkpt>
      <trkpt lat="45.704560000" lon="8.468110000">
        <ele>314.000</ele>
      </trkpt>
      <trkpt lat="45.704540000" lon="8.468130000">
        <ele>314.000</ele>
      </trkpt>
      <trkpt lat="45.704520000" lon="8.468170000">
        <ele>314.000</ele>
      </trkpt>
      <trkpt lat="45.704510000" lon="8.468200000">
        <ele>314.000</ele>
      </trkpt>
      <trkpt lat="45.704510000" lon="8.468240000">
        <ele>314.000</ele>
      </trkpt>
      <trkpt lat="45.704520000" lon="8.468280000">
        <ele>314.000</ele>
      </trkpt>
      <trkpt lat="45.704530000" lon="8.468320000">
        <ele>315.000</ele>
      </trkpt>
      <trkpt lat="45.704560000" lon="8.468350000">
        <ele>315.000</ele>
      </trkpt>
      <trkpt lat="45.704580000" lon="8.468360000">
        <ele>315.000</ele>
      </trkpt>
      <trkpt lat="45.704610000" lon="8.468370000">
        <ele>315.000</ele>
      </trkpt>
      <trkpt lat="45.704640000" lon="8.468360000">
        <ele>315.000</ele>
      </trkpt>
      <trkpt lat="45.704660000" lon="8.468330000">
        <ele>315.000</ele>
      </trkpt>
      <trkpt lat="45.704680000" lon="8.468300000">
        <ele>315.000</ele>
      </trkpt>
      <trkpt lat="45.704720000" lon="8.468410000">
        <ele>315.000</ele>
      </trkpt>
      <trkpt lat="45.704750000" lon="8.468460000">
        <ele>315.000</ele>
      </trkpt>
      <trkpt lat="45.704800000" lon="8.468520000">
        <ele>315.000</ele>
      </trkpt>
      <trkpt lat="45.704900000" lon="8.468580000">
        <ele>315.000</ele>
      </trkpt>
      <trkpt lat="45.705590000" lon="8.469000000">
        <ele>315.000</ele>
      </trkpt>
      <trkpt lat="45.705870000" lon="8.469170000">
        <ele>315.000</ele>
      </trkpt>
      <trkpt lat="45.707020000" lon="8.469700000">
        <ele>316.000</ele>
      </trkpt>
      <trkpt lat="45.707450000" lon="8.469870000">
        <ele>316.000</ele>
      </trkpt>
      <trkpt lat="45.707640000" lon="8.469980000">
        <ele>316.000</ele>
      </trkpt>
      <trkpt lat="45.707820000" lon="8.470120000">
        <ele>316.000</ele>
      </trkpt>
      <trkpt lat="45.708390000" lon="8.470730000">
        <ele>316.000</ele>
      </trkpt>
      <trkpt lat="45.708520000" lon="8.470870000">
        <ele>316.000</ele>
      </trkpt>
      <trkpt lat="45.708660000" lon="8.471020000">
        <ele>316.000</ele>
      </trkpt>
      <trkpt lat="45.708680000" lon="8.471050000">
        <ele>316.000</ele>
      </trkpt>
      <trkpt lat="45.708870000" lon="8.471260000">
        <ele>316.000</ele>
      </trkpt>
      <trkpt lat="45.709070000" lon="8.471480000">
        <ele>316.000</ele>
      </trkpt>
      <trkpt lat="45.709150000" lon="8.471580000">
        <ele>316.000</ele>
      </trkpt>
      <trkpt lat="45.709160000" lon="8.471600000">
        <ele>316.000</ele>
      </trkpt>
      <trkpt lat="45.709160000" lon="8.471610000">
        <ele>316.000</ele>
      </trkpt>
      <trkpt lat="45.709170000" lon="8.471630000">
        <ele>316.000</ele>
      </trkpt>
      <trkpt lat="45.709180000" lon="8.471640000">
        <ele>316.000</ele>
      </trkpt>
      <trkpt lat="45.709200000" lon="8.471650000">
        <ele>316.000</ele>
      </trkpt>
      <trkpt lat="45.709210000" lon="8.471660000">
        <ele>316.000</ele>
      </trkpt>
      <trkpt lat="45.709220000" lon="8.471660000">
        <ele>316.000</ele>
      </trkpt>
      <trkpt lat="45.709250000" lon="8.471700000">
        <ele>316.000</ele>
      </trkpt>
      <trkpt lat="45.709400000" lon="8.471870000">
        <ele>316.000</ele>
      </trkpt>
      <trkpt lat="45.709590000" lon="8.472080000">
        <ele>316.000</ele>
      </trkpt>
      <trkpt lat="45.710460000" lon="8.473060000">
        <ele>316.000</ele>
      </trkpt>
      <trkpt lat="45.710570000" lon="8.473190000">
        <ele>317.000</ele>
      </trkpt>
      <trkpt lat="45.710640000" lon="8.473270000">
        <ele>317.000</ele>
      </trkpt>
      <trkpt lat="45.710670000" lon="8.473300000">
        <ele>317.000</ele>
      </trkpt>
      <trkpt lat="45.710810000" lon="8.473460000">
        <ele>318.000</ele>
      </trkpt>
      <trkpt lat="45.711040000" lon="8.473730000">
        <ele>319.000</ele>
      </trkpt>
      <trkpt lat="45.711370000" lon="8.474090000">
        <ele>320.000</ele>
      </trkpt>
      <trkpt lat="45.711400000" lon="8.474120000">
        <ele>321.000</ele>
      </trkpt>
      <trkpt lat="45.711770000" lon="8.474560000">
        <ele>322.000</ele>
      </trkpt>
      <trkpt lat="45.711940000" lon="8.474780000">
        <ele>324.000</ele>
      </trkpt>
      <trkpt lat="45.711970000" lon="8.474810000">
        <ele>325.000</ele>
      </trkpt>
      <trkpt lat="45.712090000" lon="8.475020000">
        <ele>325.000</ele>
      </trkpt>
      <trkpt lat="45.712230000" lon="8.475280000">
        <ele>326.000</ele>
      </trkpt>
      <trkpt lat="45.712320000" lon="8.475560000">
        <ele>327.000</ele>
      </trkpt>
      <trkpt lat="45.712580000" lon="8.476370000">
        <ele>327.000</ele>
      </trkpt>
      <trkpt lat="45.712770000" lon="8.476990000">
        <ele>328.000</ele>
      </trkpt>
      <trkpt lat="45.713130000" lon="8.478190000">
        <ele>329.000</ele>
      </trkpt>
      <trkpt lat="45.713320000" lon="8.478810000">
        <ele>330.000</ele>
      </trkpt>
      <trkpt lat="45.713520000" lon="8.479450000">
        <ele>331.000</ele>
      </trkpt>
      <trkpt lat="45.713570000" lon="8.479870000">
        <ele>331.000</ele>
      </trkpt>
      <trkpt lat="45.713570000" lon="8.480050000">
        <ele>331.000</ele>
      </trkpt>
      <trkpt lat="45.713550000" lon="8.480250000">
        <ele>331.000</ele>
      </trkpt>
      <trkpt lat="45.713520000" lon="8.480450000">
        <ele>331.000</ele>
      </trkpt>
      <trkpt lat="45.713470000" lon="8.480620000">
        <ele>331.000</ele>
      </trkpt>
      <trkpt lat="45.713430000" lon="8.480670000">
        <ele>331.000</ele>
      </trkpt>
      <trkpt lat="45.713380000" lon="8.480740000">
        <ele>331.000</ele>
      </trkpt>
      <trkpt lat="45.713340000" lon="8.480820000">
        <ele>331.000</ele>
      </trkpt>
      <trkpt lat="45.713310000" lon="8.480900000">
        <ele>331.000</ele>
      </trkpt>
      <trkpt lat="45.713290000" lon="8.480990000">
        <ele>331.000</ele>
      </trkpt>
      <trkpt lat="45.713270000" lon="8.481080000">
        <ele>331.000</ele>
      </trkpt>
      <trkpt lat="45.713260000" lon="8.481160000">
        <ele>331.000</ele>
      </trkpt>
      <trkpt lat="45.713260000" lon="8.481240000">
        <ele>331.000</ele>
      </trkpt>
      <trkpt lat="45.713260000" lon="8.481340000">
        <ele>331.000</ele>
      </trkpt>
      <trkpt lat="45.713270000" lon="8.481430000">
        <ele>331.000</ele>
      </trkpt>
      <trkpt lat="45.713290000" lon="8.481520000">
        <ele>331.000</ele>
      </trkpt>
      <trkpt lat="45.713310000" lon="8.481610000">
        <ele>331.000</ele>
      </trkpt>
      <trkpt lat="45.713340000" lon="8.481690000">
        <ele>331.000</ele>
      </trkpt>
      <trkpt lat="45.713380000" lon="8.481760000">
        <ele>331.000</ele>
      </trkpt>
      <trkpt lat="45.713420000" lon="8.481820000">
        <ele>331.000</ele>
      </trkpt>
      <trkpt lat="45.713460000" lon="8.481880000">
        <ele>331.000</ele>
      </trkpt>
      <trkpt lat="45.713520000" lon="8.481940000">
        <ele>331.000</ele>
      </trkpt>
      <trkpt lat="45.713580000" lon="8.481980000">
        <ele>331.000</ele>
      </trkpt>
      <trkpt lat="45.713640000" lon="8.482020000">
        <ele>331.000</ele>
      </trkpt>
      <trkpt lat="45.713700000" lon="8.482040000">
        <ele>330.000</ele>
      </trkpt>
      <trkpt lat="45.713850000" lon="8.482150000">
        <ele>330.000</ele>
      </trkpt>
      <trkpt lat="45.713980000" lon="8.482360000">
        <ele>330.000</ele>
      </trkpt>
      <trkpt lat="45.714260000" lon="8.482950000">
        <ele>330.000</ele>
      </trkpt>
      <trkpt lat="45.714270000" lon="8.482970000">
        <ele>330.000</ele>
      </trkpt>
      <trkpt lat="45.714390000" lon="8.483200000">
        <ele>330.000</ele>
      </trkpt>
      <trkpt lat="45.714500000" lon="8.483410000">
        <ele>330.000</ele>
      </trkpt>
      <trkpt lat="45.714620000" lon="8.483570000">
        <ele>330.000</ele>
      </trkpt>
      <trkpt lat="45.714720000" lon="8.483710000">
        <ele>330.000</ele>
      </trkpt>
      <trkpt lat="45.714840000" lon="8.483860000">
        <ele>330.000</ele>
      </trkpt>
      <trkpt lat="45.715160000" lon="8.484190000">
        <ele>330.000</ele>
      </trkpt>
      <trkpt lat="45.715200000" lon="8.484230000">
        <ele>330.000</ele>
      </trkpt>
      <trkpt lat="45.715300000" lon="8.484330000">
        <ele>330.000</ele>
      </trkpt>
      <trkpt lat="45.715600000" lon="8.484610000">
        <ele>330.000</ele>
      </trkpt>
      <trkpt lat="45.716630000" lon="8.485650000">
        <ele>330.000</ele>
      </trkpt>
      <trkpt lat="45.716990000" lon="8.485990000">
        <ele>331.000</ele>
      </trkpt>
      <trkpt lat="45.717650000" lon="8.486660000">
        <ele>331.000</ele>
      </trkpt>
      <trkpt lat="45.719030000" lon="8.488010000">
        <ele>333.000</ele>
      </trkpt>
      <trkpt lat="45.719420000" lon="8.488380000">
        <ele>334.000</ele>
      </trkpt>
      <trkpt lat="45.719710000" lon="8.488670000">
        <ele>335.000</ele>
      </trkpt>
      <trkpt lat="45.719720000" lon="8.488680000">
        <ele>336.000</ele>
      </trkpt>
      <trkpt lat="45.719750000" lon="8.488710000">
        <ele>336.000</ele>
      </trkpt>
      <trkpt lat="45.719790000" lon="8.488750000">
        <ele>337.000</ele>
      </trkpt>
      <trkpt lat="45.720050000" lon="8.489090000">
        <ele>337.000</ele>
      </trkpt>
      <trkpt lat="45.720110000" lon="8.489190000">
        <ele>337.000</ele>
      </trkpt>
      <trkpt lat="45.720110000" lon="8.489210000">
        <ele>337.000</ele>
      </trkpt>
      <trkpt lat="45.720120000" lon="8.489240000">
        <ele>338.000</ele>
      </trkpt>
      <trkpt lat="45.720130000" lon="8.489260000">
        <ele>338.000</ele>
      </trkpt>
      <trkpt lat="45.720150000" lon="8.489280000">
        <ele>338.000</ele>
      </trkpt>
      <trkpt lat="45.720160000" lon="8.489300000">
        <ele>338.000</ele>
      </trkpt>
      <trkpt lat="45.720180000" lon="8.489310000">
        <ele>338.000</ele>
      </trkpt>
      <trkpt lat="45.720190000" lon="8.489320000">
        <ele>338.000</ele>
      </trkpt>
      <trkpt lat="45.720210000" lon="8.489330000">
        <ele>338.000</ele>
      </trkpt>
      <trkpt lat="45.720230000" lon="8.489330000">
        <ele>338.000</ele>
      </trkpt>
      <trkpt lat="45.720250000" lon="8.489320000">
        <ele>338.000</ele>
      </trkpt>
      <trkpt lat="45.720270000" lon="8.489320000">
        <ele>338.000</ele>
      </trkpt>
      <trkpt lat="45.720330000" lon="8.489350000">
        <ele>338.000</ele>
      </trkpt>
      <trkpt lat="45.720700000" lon="8.489650000">
        <ele>338.000</ele>
      </trkpt>
      <trkpt lat="45.721160000" lon="8.490100000">
        <ele>339.000</ele>
      </trkpt>
      <trkpt lat="45.721300000" lon="8.490240000">
        <ele>339.000</ele>
      </trkpt>
      <trkpt lat="45.721370000" lon="8.490310000">
        <ele>339.000</ele>
      </trkpt>
      <trkpt lat="45.722120000" lon="8.491050000">
        <ele>340.000</ele>
      </trkpt>
      <trkpt lat="45.722500000" lon="8.491430000">
        <ele>340.000</ele>
      </trkpt>
      <trkpt lat="45.722700000" lon="8.491630000">
        <ele>341.000</ele>
      </trkpt>
      <trkpt lat="45.722740000" lon="8.491660000">
        <ele>341.000</ele>
      </trkpt>
      <trkpt lat="45.723340000" lon="8.492250000">
        <ele>342.000</ele>
      </trkpt>
      <trkpt lat="45.723440000" lon="8.492370000">
        <ele>343.000</ele>
      </trkpt>
      <trkpt lat="45.723660000" lon="8.492540000">
        <ele>343.000</ele>
      </trkpt>
      <trkpt lat="45.723720000" lon="8.492620000">
        <ele>344.000</ele>
      </trkpt>
      <trkpt lat="45.723720000" lon="8.492640000">
        <ele>344.000</ele>
      </trkpt>
      <trkpt lat="45.723730000" lon="8.492650000">
        <ele>345.000</ele>
      </trkpt>
      <trkpt lat="45.723740000" lon="8.492670000">
        <ele>345.000</ele>
      </trkpt>
      <trkpt lat="45.723750000" lon="8.492680000">
        <ele>345.000</ele>
      </trkpt>
      <trkpt lat="45.723770000" lon="8.492690000">
        <ele>345.000</ele>
      </trkpt>
      <trkpt lat="45.723830000" lon="8.492770000">
        <ele>345.000</ele>
      </trkpt>
      <trkpt lat="45.724240000" lon="8.493150000">
        <ele>346.000</ele>
      </trkpt>
      <trkpt lat="45.724400000" lon="8.493300000">
        <ele>346.000</ele>
      </trkpt>
      <trkpt lat="45.724440000" lon="8.493340000">
        <ele>346.000</ele>
      </trkpt>
      <trkpt lat="45.724920000" lon="8.493820000">
        <ele>346.000</ele>
      </trkpt>
      <trkpt lat="45.725270000" lon="8.494160000">
        <ele>347.000</ele>
      </trkpt>
      <trkpt lat="45.725630000" lon="8.494520000">
        <ele>347.000</ele>
      </trkpt>
      <trkpt lat="45.726200000" lon="8.495080000">
        <ele>347.000</ele>
      </trkpt>
      <trkpt lat="45.726460000" lon="8.495340000">
        <ele>347.000</ele>
      </trkpt>
      <trkpt lat="45.726500000" lon="8.495370000">
        <ele>347.000</ele>
      </trkpt>
      <trkpt lat="45.726550000" lon="8.495420000">
        <ele>347.000</ele>
      </trkpt>
      <trkpt lat="45.726710000" lon="8.495580000">
        <ele>347.000</ele>
      </trkpt>
      <trkpt lat="45.726940000" lon="8.495810000">
        <ele>346.000</ele>
      </trkpt>
      <trkpt lat="45.727300000" lon="8.496160000">
        <ele>346.000</ele>
      </trkpt>
      <trkpt lat="45.727540000" lon="8.496390000">
        <ele>345.000</ele>
      </trkpt>
      <trkpt lat="45.728130000" lon="8.496980000">
        <ele>344.000</ele>
      </trkpt>
      <trkpt lat="45.728420000" lon="8.497260000">
        <ele>344.000</ele>
      </trkpt>
      <trkpt lat="45.728780000" lon="8.497620000">
        <ele>344.000</ele>
      </trkpt>
      <trkpt lat="45.729330000" lon="8.498150000">
        <ele>344.000</ele>
      </trkpt>
      <trkpt lat="45.729390000" lon="8.498200000">
        <ele>344.000</ele>
      </trkpt>
      <trkpt lat="45.731020000" lon="8.499800000">
        <ele>345.000</ele>
      </trkpt>
      <trkpt lat="45.731150000" lon="8.499920000">
        <ele>346.000</ele>
      </trkpt>
      <trkpt lat="45.731270000" lon="8.500040000">
        <ele>346.000</ele>
      </trkpt>
      <trkpt lat="45.732400000" lon="8.501160000">
        <ele>349.000</ele>
      </trkpt>
      <trkpt lat="45.732650000" lon="8.501420000">
        <ele>351.000</ele>
      </trkpt>
      <trkpt lat="45.732820000" lon="8.501620000">
        <ele>352.000</ele>
      </trkpt>
      <trkpt lat="45.732990000" lon="8.501860000">
        <ele>354.000</ele>
      </trkpt>
      <trkpt lat="45.733170000" lon="8.502130000">
        <ele>355.000</ele>
      </trkpt>
      <trkpt lat="45.733360000" lon="8.502410000">
        <ele>356.000</ele>
      </trkpt>
      <trkpt lat="45.733470000" lon="8.502600000">
        <ele>357.000</ele>
      </trkpt>
      <trkpt lat="45.734320000" lon="8.503890000">
        <ele>359.000</ele>
      </trkpt>
      <trkpt lat="45.734550000" lon="8.504240000">
        <ele>361.000</ele>
      </trkpt>
      <trkpt lat="45.735460000" lon="8.505710000">
        <ele>364.000</ele>
      </trkpt>
      <trkpt lat="45.735600000" lon="8.505920000">
        <ele>366.000</ele>
      </trkpt>
      <trkpt lat="45.735810000" lon="8.506240000">
        <ele>366.000</ele>
      </trkpt>
      <trkpt lat="45.736900000" lon="8.507880000">
        <ele>364.000</ele>
      </trkpt>
      <trkpt lat="45.737100000" lon="8.508190000">
        <ele>362.000</ele>
      </trkpt>
      <trkpt lat="45.738510000" lon="8.510230000">
        <ele>356.000</ele>
      </trkpt>
      <trkpt lat="45.738770000" lon="8.510600000">
        <ele>351.000</ele>
      </trkpt>
      <trkpt lat="45.738800000" lon="8.510640000">
        <ele>348.000</ele>
      </trkpt>
      <trkpt lat="45.739060000" lon="8.511040000">
        <ele>345.000</ele>
      </trkpt>
      <trkpt lat="45.739260000" lon="8.511290000">
        <ele>343.000</ele>
      </trkpt>
      <trkpt lat="45.739520000" lon="8.511550000">
        <ele>340.000</ele>
      </trkpt>
      <trkpt lat="45.739720000" lon="8.511720000">
        <ele>338.000</ele>
      </trkpt>
      <trkpt lat="45.739790000" lon="8.511780000">
        <ele>337.000</ele>
      </trkpt>
      <trkpt lat="45.740070000" lon="8.511960000">
        <ele>336.000</ele>
      </trkpt>
      <trkpt lat="45.740700000" lon="8.512320000">
        <ele>333.000</ele>
      </trkpt>
      <trkpt lat="45.740880000" lon="8.512460000">
        <ele>331.000</ele>
      </trkpt>
      <trkpt lat="45.741080000" lon="8.512620000">
        <ele>328.000</ele>
      </trkpt>
      <trkpt lat="45.741320000" lon="8.512860000">
        <ele>326.000</ele>
      </trkpt>
      <trkpt lat="45.741570000" lon="8.513190000">
        <ele>324.000</ele>
      </trkpt>
      <trkpt lat="45.741750000" lon="8.513490000">
        <ele>322.000</ele>
      </trkpt>
      <trkpt lat="45.741910000" lon="8.513810000">
        <ele>320.000</ele>
      </trkpt>
      <trkpt lat="45.741990000" lon="8.513990000">
        <ele>318.000</ele>
      </trkpt>
      <trkpt lat="45.742010000" lon="8.514060000">
        <ele>317.000</ele>
      </trkpt>
      <trkpt lat="45.743030000" lon="8.516950000">
        <ele>310.000</ele>
      </trkpt>
      <trkpt lat="45.743030000" lon="8.516950000">
        <ele>305.000</ele>
      </trkpt>
      <trkpt lat="45.743100000" lon="8.517130000">
        <ele>302.000</ele>
      </trkpt>
      <trkpt lat="45.743140000" lon="8.517250000">
        <ele>300.000</ele>
      </trkpt>
      <trkpt lat="45.743230000" lon="8.517500000">
        <ele>299.000</ele>
      </trkpt>
      <trkpt lat="45.743390000" lon="8.517910000">
        <ele>298.000</ele>
      </trkpt>
      <trkpt lat="45.743580000" lon="8.518260000">
        <ele>297.000</ele>
      </trkpt>
      <trkpt lat="45.743680000" lon="8.518460000">
        <ele>296.000</ele>
      </trkpt>
      <trkpt lat="45.743860000" lon="8.518800000">
        <ele>296.000</ele>
      </trkpt>
      <trkpt lat="45.744060000" lon="8.519180000">
        <ele>295.000</ele>
      </trkpt>
      <trkpt lat="45.744340000" lon="8.519720000">
        <ele>295.000</ele>
      </trkpt>
      <trkpt lat="45.744610000" lon="8.520230000">
        <ele>295.000</ele>
      </trkpt>
      <trkpt lat="45.744660000" lon="8.520320000">
        <ele>295.000</ele>
      </trkpt>
      <trkpt lat="45.745030000" lon="8.521030000">
        <ele>295.000</ele>
      </trkpt>
      <trkpt lat="45.745070000" lon="8.521100000">
        <ele>295.000</ele>
      </trkpt>
      <trkpt lat="45.745130000" lon="8.521240000">
        <ele>295.000</ele>
      </trkpt>
      <trkpt lat="45.745270000" lon="8.521500000">
        <ele>295.000</ele>
      </trkpt>
      <trkpt lat="45.745330000" lon="8.521610000">
        <ele>295.000</ele>
      </trkpt>
      <trkpt lat="45.745410000" lon="8.521760000">
        <ele>294.000</ele>
      </trkpt>
      <trkpt lat="45.745540000" lon="8.522030000">
        <ele>294.000</ele>
      </trkpt>
      <trkpt lat="45.745630000" lon="8.522200000">
        <ele>294.000</ele>
      </trkpt>
      <trkpt lat="45.745820000" lon="8.522580000">
        <ele>294.000</ele>
      </trkpt>
      <trkpt lat="45.746070000" lon="8.523070000">
        <ele>294.000</ele>
      </trkpt>
      <trkpt lat="45.746730000" lon="8.524380000">
        <ele>294.000</ele>
      </trkpt>
      <trkpt lat="45.746790000" lon="8.524490000">
        <ele>294.000</ele>
      </trkpt>
      <trkpt lat="45.746860000" lon="8.524610000">
        <ele>294.000</ele>
      </trkpt>
      <trkpt lat="45.746880000" lon="8.524680000">
        <ele>294.000</ele>
      </trkpt>
      <trkpt lat="45.746940000" lon="8.524910000">
        <ele>294.000</ele>
      </trkpt>
      <trkpt lat="45.746930000" lon="8.524920000">
        <ele>294.000</ele>
      </trkpt>
      <trkpt lat="45.746920000" lon="8.524950000">
        <ele>294.000</ele>
      </trkpt>
      <trkpt lat="45.746910000" lon="8.524990000">
        <ele>294.000</ele>
      </trkpt>
      <trkpt lat="45.746920000" lon="8.525020000">
        <ele>294.000</ele>
      </trkpt>
      <trkpt lat="45.746920000" lon="8.525060000">
        <ele>294.000</ele>
      </trkpt>
      <trkpt lat="45.746940000" lon="8.525090000">
        <ele>294.000</ele>
      </trkpt>
      <trkpt lat="45.746960000" lon="8.525100000">
        <ele>294.000</ele>
      </trkpt>
      <trkpt lat="45.746980000" lon="8.525120000">
        <ele>294.000</ele>
      </trkpt>
      <trkpt lat="45.747000000" lon="8.525120000">
        <ele>294.000</ele>
      </trkpt>
      <trkpt lat="45.747150000" lon="8.525260000">
        <ele>294.000</ele>
      </trkpt>
      <trkpt lat="45.747220000" lon="8.525350000">
        <ele>294.000</ele>
      </trkpt>
      <trkpt lat="45.747290000" lon="8.525450000">
        <ele>294.000</ele>
      </trkpt>
      <trkpt lat="45.747480000" lon="8.525830000">
        <ele>294.000</ele>
      </trkpt>
      <trkpt lat="45.747710000" lon="8.526280000">
        <ele>294.000</ele>
      </trkpt>
      <trkpt lat="45.747790000" lon="8.526430000">
        <ele>294.000</ele>
      </trkpt>
      <trkpt lat="45.747960000" lon="8.526750000">
        <ele>294.000</ele>
      </trkpt>
      <trkpt lat="45.747990000" lon="8.526810000">
        <ele>294.000</ele>
      </trkpt>
      <trkpt lat="45.748030000" lon="8.526890000">
        <ele>294.000</ele>
      </trkpt>
      <trkpt lat="45.748350000" lon="8.527520000">
        <ele>294.000</ele>
      </trkpt>
      <trkpt lat="45.748450000" lon="8.527700000">
        <ele>294.000</ele>
      </trkpt>
      <trkpt lat="45.748600000" lon="8.528000000">
        <ele>294.000</ele>
      </trkpt>
      <trkpt lat="45.748760000" lon="8.528300000">
        <ele>294.000</ele>
      </trkpt>
      <trkpt lat="45.748870000" lon="8.528540000">
        <ele>294.000</ele>
      </trkpt>
      <trkpt lat="45.748920000" lon="8.528630000">
        <ele>294.000</ele>
      </trkpt>
      <trkpt lat="45.748980000" lon="8.528770000">
        <ele>295.000</ele>
      </trkpt>
      <trkpt lat="45.749020000" lon="8.528910000">
        <ele>295.000</ele>
      </trkpt>
      <trkpt lat="45.749070000" lon="8.529060000">
        <ele>295.000</ele>
      </trkpt>
      <trkpt lat="45.749120000" lon="8.529300000">
        <ele>295.000</ele>
      </trkpt>
      <trkpt lat="45.749140000" lon="8.529490000">
        <ele>295.000</ele>
      </trkpt>
      <trkpt lat="45.749130000" lon="8.529590000">
        <ele>295.000</ele>
      </trkpt>
      <trkpt lat="45.749130000" lon="8.529620000">
        <ele>296.000</ele>
      </trkpt>
      <trkpt lat="45.749120000" lon="8.529690000">
        <ele>296.000</ele>
      </trkpt>
      <trkpt lat="45.749110000" lon="8.529770000">
        <ele>296.000</ele>
      </trkpt>
      <trkpt lat="45.749100000" lon="8.529780000">
        <ele>296.000</ele>
      </trkpt>
      <trkpt lat="45.749040000" lon="8.530030000">
        <ele>296.000</ele>
      </trkpt>
      <trkpt lat="45.749040000" lon="8.530050000">
        <ele>296.000</ele>
      </trkpt>
      <trkpt lat="45.749000000" lon="8.530210000">
        <ele>296.000</ele>
      </trkpt>
      <trkpt lat="45.748990000" lon="8.530230000">
        <ele>296.000</ele>
      </trkpt>
      <trkpt lat="45.748960000" lon="8.530530000">
        <ele>297.000</ele>
      </trkpt>
      <trkpt lat="45.748960000" lon="8.531110000">
        <ele>297.000</ele>
      </trkpt>
      <trkpt lat="45.748970000" lon="8.531660000">
        <ele>296.000</ele>
      </trkpt>
      <trkpt lat="45.748950000" lon="8.537700000">
        <ele>288.000</ele>
      </trkpt>
      <trkpt lat="45.748950000" lon="8.537990000">
        <ele>283.000</ele>
      </trkpt>
      <trkpt lat="45.748960000" lon="8.538180000">
        <ele>279.000</ele>
      </trkpt>
      <trkpt lat="45.748980000" lon="8.538320000">
        <ele>276.000</ele>
      </trkpt>
      <trkpt lat="45.749030000" lon="8.538490000">
        <ele>275.000</ele>
      </trkpt>
      <trkpt lat="45.749130000" lon="8.538640000">
        <ele>273.000</ele>
      </trkpt>
      <trkpt lat="45.749250000" lon="8.538710000">
        <ele>272.000</ele>
      </trkpt>
      <trkpt lat="45.749360000" lon="8.538740000">
        <ele>271.000</ele>
      </trkpt>
      <trkpt lat="45.749470000" lon="8.538710000">
        <ele>271.000</ele>
      </trkpt>
      <trkpt lat="45.749550000" lon="8.538660000">
        <ele>270.000</ele>
      </trkpt>
      <trkpt lat="45.749640000" lon="8.538540000">
        <ele>270.000</ele>
      </trkpt>
      <trkpt lat="45.749690000" lon="8.538400000">
        <ele>269.000</ele>
      </trkpt>
      <trkpt lat="45.750060000" lon="8.537270000">
        <ele>268.000</ele>
      </trkpt>
      <trkpt lat="45.750170000" lon="8.537020000">
        <ele>266.000</ele>
      </trkpt>
      <trkpt lat="45.750310000" lon="8.536870000">
        <ele>265.000</ele>
      </trkpt>
      <trkpt lat="45.750460000" lon="8.536750000">
        <ele>263.000</ele>
      </trkpt>
      <trkpt lat="45.750630000" lon="8.536720000">
        <ele>261.000</ele>
      </trkpt>
      <trkpt lat="45.750800000" lon="8.536750000">
        <ele>259.000</ele>
      </trkpt>
      <trkpt lat="45.750960000" lon="8.536820000">
        <ele>258.000</ele>
      </trkpt>
      <trkpt lat="45.751110000" lon="8.536900000">
        <ele>256.000</ele>
      </trkpt>
      <trkpt lat="45.751230000" lon="8.537020000">
        <ele>254.000</ele>
      </trkpt>
      <trkpt lat="45.751310000" lon="8.537200000">
        <ele>252.000</ele>
      </trkpt>
      <trkpt lat="45.751360000" lon="8.537380000">
        <ele>251.000</ele>
      </trkpt>
      <trkpt lat="45.751390000" lon="8.537580000">
        <ele>249.000</ele>
      </trkpt>
      <trkpt lat="45.751410000" lon="8.537790000">
        <ele>248.000</ele>
      </trkpt>
      <trkpt lat="45.751450000" lon="8.538170000">
        <ele>246.000</ele>
      </trkpt>
      <trkpt lat="45.751520000" lon="8.538490000">
        <ele>244.000</ele>
      </trkpt>
      <trkpt lat="45.751620000" lon="8.538780000">
        <ele>243.000</ele>
      </trkpt>
      <trkpt lat="45.751760000" lon="8.539100000">
        <ele>241.000</ele>
      </trkpt>
      <trkpt lat="45.751990000" lon="8.539570000">
        <ele>239.000</ele>
      </trkpt>
      <trkpt lat="45.752140000" lon="8.539870000">
        <ele>238.000</ele>
      </trkpt>
      <trkpt lat="45.752150000" lon="8.539900000">
        <ele>236.000</ele>
      </trkpt>
      <trkpt lat="45.752790000" lon="8.541290000">
        <ele>233.000</ele>
      </trkpt>
      <trkpt lat="45.752830000" lon="8.541390000">
        <ele>231.000</ele>
      </trkpt>
      <trkpt lat="45.752920000" lon="8.541570000">
        <ele>229.000</ele>
      </trkpt>
      <trkpt lat="45.753390000" lon="8.542420000">
        <ele>228.000</ele>
      </trkpt>
      <trkpt lat="45.753720000" lon="8.542960000">
        <ele>227.000</ele>
      </trkpt>
      <trkpt lat="45.754070000" lon="8.543540000">
        <ele>226.000</ele>
      </trkpt>
      <trkpt lat="45.754230000" lon="8.543830000">
        <ele>225.000</ele>
      </trkpt>
      <trkpt lat="45.754330000" lon="8.544040000">
        <ele>224.000</ele>
      </trkpt>
      <trkpt lat="45.754410000" lon="8.544260000">
        <ele>224.000</ele>
      </trkpt>
      <trkpt lat="45.754490000" lon="8.544510000">
        <ele>223.000</ele>
      </trkpt>
      <trkpt lat="45.754530000" lon="8.544880000">
        <ele>222.000</ele>
      </trkpt>
      <trkpt lat="45.754550000" lon="8.544990000">
        <ele>221.000</ele>
      </trkpt>
      <trkpt lat="45.754520000" lon="8.545000000">
        <ele>221.000</ele>
      </trkpt>
      <trkpt lat="45.754500000" lon="8.545020000">
        <ele>220.000</ele>
      </trkpt>
      <trkpt lat="45.754490000" lon="8.545040000">
        <ele>220.000</ele>
      </trkpt>
      <trkpt lat="45.754480000" lon="8.545080000">
        <ele>220.000</ele>
      </trkpt>
      <trkpt lat="45.754480000" lon="8.545090000">
        <ele>220.000</ele>
      </trkpt>
      <trkpt lat="45.754480000" lon="8.545110000">
        <ele>220.000</ele>
      </trkpt>
      <trkpt lat="45.754480000" lon="8.545140000">
        <ele>220.000</ele>
      </trkpt>
      <trkpt lat="45.754500000" lon="8.545170000">
        <ele>219.000</ele>
      </trkpt>
      <trkpt lat="45.754510000" lon="8.545190000">
        <ele>219.000</ele>
      </trkpt>
      <trkpt lat="45.754540000" lon="8.545200000">
        <ele>219.000</ele>
      </trkpt>
      <trkpt lat="45.754550000" lon="8.545200000">
        <ele>219.000</ele>
      </trkpt>
      <trkpt lat="45.754510000" lon="8.545600000">
        <ele>219.000</ele>
      </trkpt>
      <trkpt lat="45.754460000" lon="8.546110000">
        <ele>218.000</ele>
      </trkpt>
      <trkpt lat="45.754410000" lon="8.546580000">
        <ele>217.000</ele>
      </trkpt>
      <trkpt lat="45.754400000" lon="8.546760000">
        <ele>217.000</ele>
      </trkpt>
      <trkpt lat="45.754400000" lon="8.546940000">
        <ele>217.000</ele>
      </trkpt>
      <trkpt lat="45.754400000" lon="8.546980000">
        <ele>217.000</ele>
      </trkpt>
      <trkpt lat="45.754410000" lon="8.547120000">
        <ele>216.000</ele>
      </trkpt>
      <trkpt lat="45.754450000" lon="8.547450000">
        <ele>216.000</ele>
      </trkpt>
      <trkpt lat="45.754480000" lon="8.547570000">
        <ele>216.000</ele>
      </trkpt>
      <trkpt lat="45.754450000" lon="8.547570000">
        <ele>216.000</ele>
      </trkpt>
      <trkpt lat="45.754420000" lon="8.547590000">
        <ele>216.000</ele>
      </trkpt>
      <trkpt lat="45.754400000" lon="8.547620000">
        <ele>216.000</ele>
      </trkpt>
      <trkpt lat="45.754390000" lon="8.547660000">
        <ele>216.000</ele>
      </trkpt>
      <trkpt lat="45.754390000" lon="8.547700000">
        <ele>216.000</ele>
      </trkpt>
      <trkpt lat="45.754400000" lon="8.547740000">
        <ele>216.000</ele>
      </trkpt>
      <trkpt lat="45.754420000" lon="8.547770000">
        <ele>216.000</ele>
      </trkpt>
      <trkpt lat="45.754440000" lon="8.547800000">
        <ele>216.000</ele>
      </trkpt>
      <trkpt lat="45.754470000" lon="8.547810000">
        <ele>216.000</ele>
      </trkpt>
      <trkpt lat="45.754500000" lon="8.547800000">
        <ele>216.000</ele>
      </trkpt>
      <trkpt lat="45.754520000" lon="8.547790000">
        <ele>216.000</ele>
      </trkpt>
      <trkpt lat="45.754550000" lon="8.547890000">
        <ele>216.000</ele>
      </trkpt>
      <trkpt lat="45.754550000" lon="8.547930000">
        <ele>216.000</ele>
      </trkpt>
      <trkpt lat="45.754600000" lon="8.548140000">
        <ele>216.000</ele>
      </trkpt>
      <trkpt lat="45.754650000" lon="8.548380000">
        <ele>216.000</ele>
      </trkpt>
      <trkpt lat="45.754670000" lon="8.548490000">
        <ele>216.000</ele>
      </trkpt>
      <trkpt lat="45.754740000" lon="8.548780000">
        <ele>215.000</ele>
      </trkpt>
      <trkpt lat="45.754870000" lon="8.549400000">
        <ele>215.000</ele>
      </trkpt>
      <trkpt lat="45.754890000" lon="8.549470000">
        <ele>215.000</ele>
      </trkpt>
      <trkpt lat="45.754970000" lon="8.549870000">
        <ele>215.000</ele>
      </trkpt>
      <trkpt lat="45.755000000" lon="8.550010000">
        <ele>215.000</ele>
      </trkpt>
      <trkpt lat="45.755070000" lon="8.550320000">
        <ele>214.000</ele>
      </trkpt>
      <trkpt lat="45.755100000" lon="8.550430000">
        <ele>214.000</ele>
      </trkpt>
      <trkpt lat="45.755170000" lon="8.550660000">
        <ele>214.000</ele>
      </trkpt>
      <trkpt lat="45.755180000" lon="8.550680000">
        <ele>214.000</ele>
      </trkpt>
      <trkpt lat="45.755220000" lon="8.550810000">
        <ele>214.000</ele>
      </trkpt>
      <trkpt lat="45.755280000" lon="8.550980000">
        <ele>214.000</ele>
      </trkpt>
      <trkpt lat="45.755320000" lon="8.551100000">
        <ele>214.000</ele>
      </trkpt>
      <trkpt lat="45.755340000" lon="8.551170000">
        <ele>214.000</ele>
      </trkpt>
      <trkpt lat="45.755360000" lon="8.551230000">
        <ele>213.000</ele>
      </trkpt>
      <trkpt lat="45.755420000" lon="8.551420000">
        <ele>213.000</ele>
      </trkpt>
      <trkpt lat="45.755460000" lon="8.551530000">
        <ele>213.000</ele>
      </trkpt>
      <trkpt lat="45.755580000" lon="8.551880000">
        <ele>213.000</ele>
      </trkpt>
      <trkpt lat="45.755660000" lon="8.552120000">
        <ele>213.000</ele>
      </trkpt>
      <trkpt lat="45.755770000" lon="8.552490000">
        <ele>213.000</ele>
      </trkpt>
      <trkpt lat="45.755780000" lon="8.552530000">
        <ele>213.000</ele>
      </trkpt>
      <trkpt lat="45.755820000" lon="8.552760000">
        <ele>212.000</ele>
      </trkpt>
      <trkpt lat="45.755840000" lon="8.552860000">
        <ele>212.000</ele>
      </trkpt>
      <trkpt lat="45.755870000" lon="8.553070000">
        <ele>212.000</ele>
      </trkpt>
      <trkpt lat="45.755900000" lon="8.553320000">
        <ele>212.000</ele>
      </trkpt>
      <trkpt lat="45.755920000" lon="8.553500000">
        <ele>212.000</ele>
      </trkpt>
      <trkpt lat="45.756010000" lon="8.553780000">
        <ele>212.000</ele>
      </trkpt>
      <trkpt lat="45.756030000" lon="8.553800000">
        <ele>211.000</ele>
      </trkpt>
      <trkpt lat="45.756110000" lon="8.553930000">
        <ele>211.000</ele>
      </trkpt>
      <trkpt lat="45.756140000" lon="8.553960000">
        <ele>211.000</ele>
      </trkpt>
      <trkpt lat="45.756240000" lon="8.554060000">
        <ele>211.000</ele>
      </trkpt>
      <trkpt lat="45.756450000" lon="8.554160000">
        <ele>210.000</ele>
      </trkpt>
      <trkpt lat="45.756500000" lon="8.554180000">
        <ele>210.000</ele>
      </trkpt>
      <trkpt lat="45.757020000" lon="8.554330000">
        <ele>210.000</ele>
      </trkpt>
      <trkpt lat="45.757070000" lon="8.554340000">
        <ele>209.000</ele>
      </trkpt>
      <trkpt lat="45.757200000" lon="8.554390000">
        <ele>209.000</ele>
      </trkpt>
      <trkpt lat="45.757330000" lon="8.554450000">
        <ele>209.000</ele>
      </trkpt>
      <trkpt lat="45.757420000" lon="8.554550000">
        <ele>208.000</ele>
      </trkpt>
      <trkpt lat="45.757460000" lon="8.554590000">
        <ele>208.000</ele>
      </trkpt>
      <trkpt lat="45.757600000" lon="8.554830000">
        <ele>208.000</ele>
      </trkpt>
      <trkpt lat="45.757660000" lon="8.555030000">
        <ele>208.000</ele>
      </trkpt>
      <trkpt lat="45.757730000" lon="8.555240000">
        <ele>208.000</ele>
      </trkpt>
      <trkpt lat="45.757740000" lon="8.555340000">
        <ele>208.000</ele>
      </trkpt>
      <trkpt lat="45.757740000" lon="8.555380000">
        <ele>208.000</ele>
      </trkpt>
      <trkpt lat="45.757740000" lon="8.555400000">
        <ele>208.000</ele>
      </trkpt>
      <trkpt lat="45.757740000" lon="8.555410000">
        <ele>208.000</ele>
      </trkpt>
      <trkpt lat="45.757730000" lon="8.555430000">
        <ele>208.000</ele>
      </trkpt>
      <trkpt lat="45.757740000" lon="8.555460000">
        <ele>208.000</ele>
      </trkpt>
      <trkpt lat="45.757750000" lon="8.555490000">
        <ele>208.000</ele>
      </trkpt>
      <trkpt lat="45.757770000" lon="8.555510000">
        <ele>209.000</ele>
      </trkpt>
      <trkpt lat="45.757790000" lon="8.555520000">
        <ele>209.000</ele>
      </trkpt>
      <trkpt lat="45.757810000" lon="8.555530000">
        <ele>209.000</ele>
      </trkpt>
      <trkpt lat="45.757820000" lon="8.555520000">
        <ele>209.000</ele>
      </trkpt>
      <trkpt lat="45.757840000" lon="8.555510000">
        <ele>209.000</ele>
      </trkpt>
      <trkpt lat="45.757850000" lon="8.555490000">
        <ele>209.000</ele>
      </trkpt>
      <trkpt lat="45.757860000" lon="8.555470000">
        <ele>209.000</ele>
      </trkpt>
      <trkpt lat="45.757870000" lon="8.555440000">
        <ele>209.000</ele>
      </trkpt>
      <trkpt lat="45.757870000" lon="8.555410000">
        <ele>209.000</ele>
      </trkpt>
      <trkpt lat="45.757910000" lon="8.555380000">
        <ele>209.000</ele>
      </trkpt>
      <trkpt lat="45.757930000" lon="8.555370000">
        <ele>209.000</ele>
      </trkpt>
      <trkpt lat="45.758220000" lon="8.555150000">
        <ele>209.000</ele>
      </trkpt>
      <trkpt lat="45.758250000" lon="8.555130000">
        <ele>209.000</ele>
      </trkpt>
      <trkpt lat="45.758610000" lon="8.554760000">
        <ele>209.000</ele>
      </trkpt>
      <trkpt lat="45.758830000" lon="8.554520000">
        <ele>210.000</ele>
      </trkpt>
      <trkpt lat="45.758840000" lon="8.554540000">
        <ele>210.000</ele>
      </trkpt>
      <trkpt lat="45.758850000" lon="8.554560000">
        <ele>210.000</ele>
      </trkpt>
      <trkpt lat="45.758860000" lon="8.554570000">
        <ele>210.000</ele>
      </trkpt>
      <trkpt lat="45.758880000" lon="8.554570000">
        <ele>210.000</ele>
      </trkpt>
      <trkpt lat="45.758900000" lon="8.554560000">
        <ele>211.000</ele>
      </trkpt>
      <trkpt lat="45.758910000" lon="8.554550000">
        <ele>211.000</ele>
      </trkpt>
      <trkpt lat="45.758920000" lon="8.554530000">
        <ele>211.000</ele>
      </trkpt>
      <trkpt lat="45.758920000" lon="8.554510000">
        <ele>211.000</ele>
      </trkpt>
      <trkpt lat="45.758920000" lon="8.554480000">
        <ele>211.000</ele>
      </trkpt>
      <trkpt lat="45.758910000" lon="8.554470000">
        <ele>211.000</ele>
      </trkpt>
      <trkpt lat="45.759550000" lon="8.553990000">
        <ele>212.000</ele>
      </trkpt>
      <trkpt lat="45.759800000" lon="8.553780000">
        <ele>212.000</ele>
      </trkpt>
      <trkpt lat="45.760070000" lon="8.553580000">
        <ele>213.000</ele>
      </trkpt>
      <trkpt lat="45.760180000" lon="8.553500000">
        <ele>214.000</ele>
      </trkpt>
      <trkpt lat="45.760420000" lon="8.553310000">
        <ele>214.000</ele>
      </trkpt>
      <trkpt lat="45.760430000" lon="8.553330000">
        <ele>215.000</ele>
      </trkpt>
      <trkpt lat="45.760450000" lon="8.553340000">
        <ele>215.000</ele>
      </trkpt>
      <trkpt lat="45.760470000" lon="8.553350000">
        <ele>215.000</ele>
      </trkpt>
      <trkpt lat="45.760480000" lon="8.553340000">
        <ele>215.000</ele>
      </trkpt>
      <trkpt lat="45.760500000" lon="8.553330000">
        <ele>215.000</ele>
      </trkpt>
      <trkpt lat="45.760510000" lon="8.553310000">
        <ele>215.000</ele>
      </trkpt>
      <trkpt lat="45.760520000" lon="8.553290000">
        <ele>216.000</ele>
      </trkpt>
      <trkpt lat="45.760580000" lon="8.553310000">
        <ele>216.000</ele>
      </trkpt>
      <trkpt lat="45.760640000" lon="8.553370000">
        <ele>216.000</ele>
      </trkpt>
      <trkpt lat="45.760630000" lon="8.553400000">
        <ele>216.000</ele>
      </trkpt>
      <trkpt lat="45.760630000" lon="8.553430000">
        <ele>216.000</ele>
      </trkpt>
      <trkpt lat="45.760640000" lon="8.553460000">
        <ele>216.000</ele>
      </trkpt>
      <trkpt lat="45.760650000" lon="8.553480000">
        <ele>216.000</ele>
      </trkpt>
      <trkpt lat="45.760670000" lon="8.553500000">
        <ele>216.000</ele>
      </trkpt>
      <trkpt lat="45.760690000" lon="8.553500000">
        <ele>216.000</ele>
      </trkpt>
      <trkpt lat="45.760710000" lon="8.553500000">
        <ele>216.000</ele>
      </trkpt>
      <trkpt lat="45.760730000" lon="8.553490000">
        <ele>216.000</ele>
      </trkpt>
      <trkpt lat="45.760740000" lon="8.553470000">
        <ele>216.000</ele>
      </trkpt>
      <trkpt lat="45.760750000" lon="8.553450000">
        <ele>216.000</ele>
      </trkpt>
      <trkpt lat="45.760760000" lon="8.553420000">
        <ele>216.000</ele>
      </trkpt>
      <trkpt lat="45.760760000" lon="8.553390000">
        <ele>216.000</ele>
      </trkpt>
      <trkpt lat="45.760810000" lon="8.553390000">
        <ele>216.000</ele>
      </trkpt>
      <trkpt lat="45.760960000" lon="8.553360000">
        <ele>216.000</ele>
      </trkpt>
      <trkpt lat="45.760990000" lon="8.553360000">
        <ele>216.000</ele>
      </trkpt>
      <trkpt lat="45.761130000" lon="8.553340000">
        <ele>217.000</ele>
      </trkpt>
      <trkpt lat="45.761150000" lon="8.553340000">
        <ele>217.000</ele>
      </trkpt>
      <trkpt lat="45.761150000" lon="8.553340000">
        <ele>217.000</ele>
      </trkpt>
      <trkpt lat="45.761210000" lon="8.553330000">
        <ele>217.000</ele>
      </trkpt>
      <trkpt lat="45.761250000" lon="8.553330000">
        <ele>217.000</ele>
      </trkpt>
      <trkpt lat="45.761310000" lon="8.553340000">
        <ele>217.000</ele>
      </trkpt>
      <trkpt lat="45.761340000" lon="8.553350000">
        <ele>217.000</ele>
      </trkpt>
      <trkpt lat="45.761370000" lon="8.553390000">
        <ele>217.000</ele>
      </trkpt>
      <trkpt lat="45.761420000" lon="8.553450000">
        <ele>217.000</ele>
      </trkpt>
      <trkpt lat="45.761460000" lon="8.553530000">
        <ele>217.000</ele>
      </trkpt>
      <trkpt lat="45.761540000" lon="8.553700000">
        <ele>217.000</ele>
      </trkpt>
      <trkpt lat="45.761530000" lon="8.553730000">
        <ele>217.000</ele>
      </trkpt>
      <trkpt lat="45.761530000" lon="8.553750000">
        <ele>217.000</ele>
      </trkpt>
      <trkpt lat="45.761530000" lon="8.553770000">
        <ele>218.000</ele>
      </trkpt>
      <trkpt lat="45.761530000" lon="8.553790000">
        <ele>218.000</ele>
      </trkpt>
      <trkpt lat="45.761540000" lon="8.553800000">
        <ele>218.000</ele>
      </trkpt>
      <trkpt lat="45.761550000" lon="8.553820000">
        <ele>218.000</ele>
      </trkpt>
      <trkpt lat="45.761560000" lon="8.553820000">
        <ele>218.000</ele>
      </trkpt>
      <trkpt lat="45.761570000" lon="8.553830000">
        <ele>218.000</ele>
      </trkpt>
      <trkpt lat="45.761590000" lon="8.553830000">
        <ele>218.000</ele>
      </trkpt>
      <trkpt lat="45.761600000" lon="8.553820000">
        <ele>218.000</ele>
      </trkpt>
      <trkpt lat="45.761860000" lon="8.554460000">
        <ele>218.000</ele>
      </trkpt>
      <trkpt lat="45.762110000" lon="8.555040000">
        <ele>218.000</ele>
      </trkpt>
      <trkpt lat="45.762410000" lon="8.555770000">
        <ele>218.000</ele>
      </trkpt>
      <trkpt lat="45.762560000" lon="8.556110000">
        <ele>217.000</ele>
      </trkpt>
      <trkpt lat="45.762600000" lon="8.556200000">
        <ele>217.000</ele>
      </trkpt>
      <trkpt lat="45.762580000" lon="8.556210000">
        <ele>217.000</ele>
      </trkpt>
      <trkpt lat="45.762570000" lon="8.556220000">
        <ele>216.000</ele>
      </trkpt>
      <trkpt lat="45.762560000" lon="8.556240000">
        <ele>216.000</ele>
      </trkpt>
      <trkpt lat="45.762550000" lon="8.556260000">
        <ele>216.000</ele>
      </trkpt>
      <trkpt lat="45.762550000" lon="8.556280000">
        <ele>216.000</ele>
      </trkpt>
      <trkpt lat="45.762550000" lon="8.556310000">
        <ele>216.000</ele>
      </trkpt>
      <trkpt lat="45.762570000" lon="8.556330000">
        <ele>216.000</ele>
      </trkpt>
      <trkpt lat="45.762580000" lon="8.556340000">
        <ele>216.000</ele>
      </trkpt>
      <trkpt lat="45.762590000" lon="8.556350000">
        <ele>216.000</ele>
      </trkpt>
      <trkpt lat="45.762610000" lon="8.556350000">
        <ele>216.000</ele>
      </trkpt>
      <trkpt lat="45.762630000" lon="8.556340000">
        <ele>216.000</ele>
      </trkpt>
      <trkpt lat="45.762640000" lon="8.556330000">
        <ele>216.000</ele>
      </trkpt>
      <trkpt lat="45.762650000" lon="8.556310000">
        <ele>216.000</ele>
      </trkpt>
      <trkpt lat="45.762700000" lon="8.556370000">
        <ele>216.000</ele>
      </trkpt>
      <trkpt lat="45.762800000" lon="8.556490000">
        <ele>216.000</ele>
      </trkpt>
      <trkpt lat="45.762880000" lon="8.556570000">
        <ele>216.000</ele>
      </trkpt>
      <trkpt lat="45.762910000" lon="8.556600000">
        <ele>216.000</ele>
      </trkpt>
      <trkpt lat="45.763000000" lon="8.556630000">
        <ele>216.000</ele>
      </trkpt>
      <trkpt lat="45.763080000" lon="8.556650000">
        <ele>216.000</ele>
      </trkpt>
      <trkpt lat="45.763260000" lon="8.556680000">
        <ele>216.000</ele>
      </trkpt>
      <trkpt lat="45.763400000" lon="8.556700000">
        <ele>216.000</ele>
      </trkpt>
      <trkpt lat="45.763620000" lon="8.556730000">
        <ele>217.000</ele>
      </trkpt>
      <trkpt lat="45.763940000" lon="8.556800000">
        <ele>217.000</ele>
      </trkpt>
      <trkpt lat="45.764080000" lon="8.556850000">
        <ele>217.000</ele>
      </trkpt>
      <trkpt lat="45.764170000" lon="8.556860000">
        <ele>218.000</ele>
      </trkpt>
      <trkpt lat="45.764290000" lon="8.556810000">
        <ele>218.000</ele>
      </trkpt>
      <trkpt lat="45.764410000" lon="8.556760000">
        <ele>218.000</ele>
      </trkpt>
      <trkpt lat="45.764480000" lon="8.556700000">
        <ele>219.000</ele>
      </trkpt>
      <trkpt lat="45.764650000" lon="8.556580000">
        <ele>219.000</ele>
      </trkpt>
      <trkpt lat="45.764940000" lon="8.556370000">
        <ele>219.000</ele>
      </trkpt>
      <trkpt lat="45.765100000" lon="8.556200000">
        <ele>218.000</ele>
      </trkpt>
      <trkpt lat="45.765190000" lon="8.556080000">
        <ele>217.000</ele>
      </trkpt>
      <trkpt lat="45.765250000" lon="8.555960000">
        <ele>217.000</ele>
      </trkpt>
      <trkpt lat="45.765630000" lon="8.554800000">
        <ele>215.000</ele>
      </trkpt>
      <trkpt lat="45.765640000" lon="8.554770000">
        <ele>214.000</ele>
      </trkpt>
      <trkpt lat="45.765650000" lon="8.554740000">
        <ele>213.000</ele>
      </trkpt>
      <trkpt lat="45.765670000" lon="8.554650000">
        <ele>212.000</ele>
      </trkpt>
      <trkpt lat="45.765910000" lon="8.553930000">
        <ele>210.000</ele>
      </trkpt>
      <trkpt lat="45.766090000" lon="8.553490000">
        <ele>209.000</ele>
      </trkpt>
      <trkpt lat="45.766290000" lon="8.553250000">
        <ele>208.000</ele>
      </trkpt>
      <trkpt lat="45.766810000" lon="8.552620000">
        <ele>207.000</ele>
      </trkpt>
      <trkpt lat="45.766880000" lon="8.552550000">
        <ele>206.000</ele>
      </trkpt>
      <trkpt lat="45.767070000" lon="8.552350000">
        <ele>205.000</ele>
      </trkpt>
      <trkpt lat="45.767190000" lon="8.552180000">
        <ele>205.000</ele>
      </trkpt>
      <trkpt lat="45.767260000" lon="8.552100000">
        <ele>204.000</ele>
      </trkpt>
      <trkpt lat="45.767960000" lon="8.550830000">
        <ele>205.000</ele>
      </trkpt>
      <trkpt lat="45.768670000" lon="8.549540000">
        <ele>206.000</ele>
      </trkpt>
      <trkpt lat="45.768670000" lon="8.549540000">
        <ele>206.000</ele>
      </trkpt>
      <trkpt lat="45.768700000" lon="8.549490000">
        <ele>207.000</ele>
      </trkpt>
      <trkpt lat="45.768790000" lon="8.549320000">
        <ele>207.000</ele>
      </trkpt>
      <trkpt lat="45.769180000" lon="8.548620000">
        <ele>207.000</ele>
      </trkpt>
      <trkpt lat="45.769700000" lon="8.548040000">
        <ele>207.000</ele>
      </trkpt>
      <trkpt lat="45.769870000" lon="8.547870000">
        <ele>207.000</ele>
      </trkpt>
      <trkpt lat="45.770670000" lon="8.546770000">
        <ele>207.000</ele>
      </trkpt>
      <trkpt lat="45.770930000" lon="8.546440000">
        <ele>208.000</ele>
      </trkpt>
      <trkpt lat="45.771250000" lon="8.546080000">
        <ele>208.000</ele>
      </trkpt>
      <trkpt lat="45.771710000" lon="8.545610000">
        <ele>208.000</ele>
      </trkpt>
      <trkpt lat="45.771940000" lon="8.545400000">
        <ele>209.000</ele>
      </trkpt>
      <trkpt lat="45.772180000" lon="8.545250000">
        <ele>209.000</ele>
      </trkpt>
      <trkpt lat="45.772800000" lon="8.545010000">
        <ele>208.000</ele>
      </trkpt>
      <trkpt lat="45.773950000" lon="8.544540000">
        <ele>206.000</ele>
      </trkpt>
      <trkpt lat="45.774080000" lon="8.544460000">
        <ele>205.000</ele>
      </trkpt>
      <trkpt lat="45.774230000" lon="8.544310000">
        <ele>204.000</ele>
      </trkpt>
      <trkpt lat="45.774390000" lon="8.544130000">
        <ele>204.000</ele>
      </trkpt>
      <trkpt lat="45.774440000" lon="8.544070000">
        <ele>204.000</ele>
      </trkpt>
      <trkpt lat="45.774710000" lon="8.543770000">
        <ele>204.000</ele>
      </trkpt>
      <trkpt lat="45.775550000" lon="8.543150000">
        <ele>204.000</ele>
      </trkpt>
      <trkpt lat="45.776390000" lon="8.542540000">
        <ele>206.000</ele>
      </trkpt>
      <trkpt lat="45.776640000" lon="8.542410000">
        <ele>207.000</ele>
      </trkpt>
      <trkpt lat="45.776880000" lon="8.542340000">
        <ele>209.000</ele>
      </trkpt>
      <trkpt lat="45.777250000" lon="8.542310000">
        <ele>210.000</ele>
      </trkpt>
      <trkpt lat="45.779380000" lon="8.542100000">
        <ele>207.000</ele>
      </trkpt>
      <trkpt lat="45.780590000" lon="8.541990000">
        <ele>206.000</ele>
      </trkpt>
      <trkpt lat="45.780880000" lon="8.541950000">
        <ele>205.000</ele>
      </trkpt>
      <trkpt lat="45.781670000" lon="8.541820000">
        <ele>205.000</ele>
      </trkpt>
      <trkpt lat="45.783290000" lon="8.541490000">
        <ele>205.000</ele>
      </trkpt>
      <trkpt lat="45.783430000" lon="8.541440000">
        <ele>205.000</ele>
      </trkpt>
      <trkpt lat="45.783550000" lon="8.541370000">
        <ele>205.000</ele>
      </trkpt>
      <trkpt lat="45.784040000" lon="8.540940000">
        <ele>205.000</ele>
      </trkpt>
      <trkpt lat="45.784260000" lon="8.540820000">
        <ele>205.000</ele>
      </trkpt>
      <trkpt lat="45.784580000" lon="8.540740000">
        <ele>204.000</ele>
      </trkpt>
      <trkpt lat="45.784870000" lon="8.540670000">
        <ele>204.000</ele>
      </trkpt>
      <trkpt lat="45.785350000" lon="8.540550000">
        <ele>204.000</ele>
      </trkpt>
      <trkpt lat="45.785590000" lon="8.540530000">
        <ele>203.000</ele>
      </trkpt>
      <trkpt lat="45.785980000" lon="8.540490000">
        <ele>204.000</ele>
      </trkpt>
      <trkpt lat="45.786250000" lon="8.540390000">
        <ele>204.000</ele>
      </trkpt>
      <trkpt lat="45.786500000" lon="8.540280000">
        <ele>204.000</ele>
      </trkpt>
      <trkpt lat="45.786700000" lon="8.540190000">
        <ele>205.000</ele>
      </trkpt>
      <trkpt lat="45.787060000" lon="8.540040000">
        <ele>206.000</ele>
      </trkpt>
      <trkpt lat="45.787330000" lon="8.539970000">
        <ele>206.000</ele>
      </trkpt>
      <trkpt lat="45.787370000" lon="8.539960000">
        <ele>207.000</ele>
      </trkpt>
      <trkpt lat="45.787690000" lon="8.539950000">
        <ele>207.000</ele>
      </trkpt>
      <trkpt lat="45.787930000" lon="8.539990000">
        <ele>207.000</ele>
      </trkpt>
      <trkpt lat="45.788120000" lon="8.540050000">
        <ele>208.000</ele>
      </trkpt>
      <trkpt lat="45.788550000" lon="8.540200000">
        <ele>208.000</ele>
      </trkpt>
      <trkpt lat="45.788590000" lon="8.540210000">
        <ele>208.000</ele>
      </trkpt>
      <trkpt lat="45.788770000" lon="8.540280000">
        <ele>209.000</ele>
      </trkpt>
      <trkpt lat="45.788900000" lon="8.540290000">
        <ele>209.000</ele>
      </trkpt>
      <trkpt lat="45.788920000" lon="8.540290000">
        <ele>209.000</ele>
      </trkpt>
      <trkpt lat="45.788960000" lon="8.540290000">
        <ele>209.000</ele>
      </trkpt>
      <trkpt lat="45.789010000" lon="8.540270000">
        <ele>209.000</ele>
      </trkpt>
      <trkpt lat="45.789050000" lon="8.540250000">
        <ele>209.000</ele>
      </trkpt>
      <trkpt lat="45.789090000" lon="8.540230000">
        <ele>209.000</ele>
      </trkpt>
      <trkpt lat="45.789110000" lon="8.540210000">
        <ele>209.000</ele>
      </trkpt>
      <trkpt lat="45.789430000" lon="8.540030000">
        <ele>209.000</ele>
      </trkpt>
      <trkpt lat="45.789470000" lon="8.540010000">
        <ele>209.000</ele>
      </trkpt>
      <trkpt lat="45.789760000" lon="8.539840000">
        <ele>208.000</ele>
      </trkpt>
      <trkpt lat="45.789770000" lon="8.539830000">
        <ele>208.000</ele>
      </trkpt>
      <trkpt lat="45.789900000" lon="8.539750000">
        <ele>208.000</ele>
      </trkpt>
      <trkpt lat="45.789960000" lon="8.539720000">
        <ele>207.000</ele>
      </trkpt>
      <trkpt lat="45.790430000" lon="8.539450000">
        <ele>207.000</ele>
      </trkpt>
      <trkpt lat="45.790500000" lon="8.539440000">
        <ele>206.000</ele>
      </trkpt>
      <trkpt lat="45.790600000" lon="8.539420000">
        <ele>206.000</ele>
      </trkpt>
      <trkpt lat="45.790730000" lon="8.539460000">
        <ele>205.000</ele>
      </trkpt>
      <trkpt lat="45.790970000" lon="8.539520000">
        <ele>205.000</ele>
      </trkpt>
      <trkpt lat="45.791040000" lon="8.539540000">
        <ele>204.000</ele>
      </trkpt>
      <trkpt lat="45.791160000" lon="8.539550000">
        <ele>204.000</ele>
      </trkpt>
      <trkpt lat="45.791250000" lon="8.539530000">
        <ele>204.000</ele>
      </trkpt>
      <trkpt lat="45.792370000" lon="8.539070000">
        <ele>203.000</ele>
      </trkpt>
      <trkpt lat="45.792980000" lon="8.538830000">
        <ele>203.000</ele>
      </trkpt>
      <trkpt lat="45.793320000" lon="8.538690000">
        <ele>202.000</ele>
      </trkpt>
      <trkpt lat="45.793630000" lon="8.538570000">
        <ele>202.000</ele>
      </trkpt>
      <trkpt lat="45.794110000" lon="8.538380000">
        <ele>202.000</ele>
      </trkpt>
      <trkpt lat="45.794160000" lon="8.538360000">
        <ele>201.000</ele>
      </trkpt>
      <trkpt lat="45.794450000" lon="8.538240000">
        <ele>201.000</ele>
      </trkpt>
      <trkpt lat="45.794490000" lon="8.538230000">
        <ele>201.000</ele>
      </trkpt>
      <trkpt lat="45.795030000" lon="8.538010000">
        <ele>201.000</ele>
      </trkpt>
      <trkpt lat="45.795070000" lon="8.537990000">
        <ele>201.000</ele>
      </trkpt>
      <trkpt lat="45.795170000" lon="8.537950000">
        <ele>201.000</ele>
      </trkpt>
      <trkpt lat="45.795200000" lon="8.537940000">
        <ele>201.000</ele>
      </trkpt>
      <trkpt lat="45.795700000" lon="8.537740000">
        <ele>201.000</ele>
      </trkpt>
      <trkpt lat="45.796110000" lon="8.537580000">
        <ele>201.000</ele>
      </trkpt>
      <trkpt lat="45.796140000" lon="8.537570000">
        <ele>201.000</ele>
      </trkpt>
      <trkpt lat="45.796300000" lon="8.537510000">
        <ele>201.000</ele>
      </trkpt>
      <trkpt lat="45.796510000" lon="8.537480000">
        <ele>201.000</ele>
      </trkpt>
      <trkpt lat="45.796620000" lon="8.537500000">
        <ele>201.000</ele>
      </trkpt>
      <trkpt lat="45.796680000" lon="8.537500000">
        <ele>201.000</ele>
      </trkpt>
      <trkpt lat="45.796760000" lon="8.537520000">
        <ele>201.000</ele>
      </trkpt>
      <trkpt lat="45.797150000" lon="8.537600000">
        <ele>201.000</ele>
      </trkpt>
      <trkpt lat="45.797330000" lon="8.537590000">
        <ele>201.000</ele>
      </trkpt>
      <trkpt lat="45.797830000" lon="8.537440000">
        <ele>201.000</ele>
      </trkpt>
      <trkpt lat="45.798080000" lon="8.537360000">
        <ele>201.000</ele>
      </trkpt>
      <trkpt lat="45.798490000" lon="8.537240000">
        <ele>201.000</ele>
      </trkpt>
      <trkpt lat="45.798740000" lon="8.537200000">
        <ele>201.000</ele>
      </trkpt>
      <trkpt lat="45.798740000" lon="8.537200000">
        <ele>201.000</ele>
      </trkpt>
      <trkpt lat="45.798760000" lon="8.537200000">
        <ele>201.000</ele>
      </trkpt>
      <trkpt lat="45.799010000" lon="8.537220000">
        <ele>201.000</ele>
      </trkpt>
      <trkpt lat="45.799300000" lon="8.537350000">
        <ele>202.000</ele>
      </trkpt>
      <trkpt lat="45.799480000" lon="8.537420000">
        <ele>202.000</ele>
      </trkpt>
      <trkpt lat="45.799560000" lon="8.537460000">
        <ele>202.000</ele>
      </trkpt>
      <trkpt lat="45.799840000" lon="8.537580000">
        <ele>203.000</ele>
      </trkpt>
      <trkpt lat="45.800110000" lon="8.537720000">
        <ele>203.000</ele>
      </trkpt>
      <trkpt lat="45.801660000" lon="8.538520000">
        <ele>205.000</ele>
      </trkpt>
      <trkpt lat="45.802040000" lon="8.538850000">
        <ele>207.000</ele>
      </trkpt>
      <trkpt lat="45.802230000" lon="8.539010000">
        <ele>208.000</ele>
      </trkpt>
      <trkpt lat="45.802580000" lon="8.539320000">
        <ele>210.000</ele>
      </trkpt>
      <trkpt lat="45.802860000" lon="8.539580000">
        <ele>212.000</ele>
      </trkpt>
      <trkpt lat="45.803210000" lon="8.539890000">
        <ele>213.000</ele>
      </trkpt>
      <trkpt lat="45.803660000" lon="8.540290000">
        <ele>213.000</ele>
      </trkpt>
      <trkpt lat="45.803830000" lon="8.540400000">
        <ele>213.000</ele>
      </trkpt>
      <trkpt lat="45.803930000" lon="8.540450000">
        <ele>213.000</ele>
      </trkpt>
      <trkpt lat="45.803960000" lon="8.540460000">
        <ele>213.000</ele>
      </trkpt>
      <trkpt lat="45.804090000" lon="8.540500000">
        <ele>212.000</ele>
      </trkpt>
      <trkpt lat="45.804280000" lon="8.540520000">
        <ele>212.000</ele>
      </trkpt>
      <trkpt lat="45.804380000" lon="8.540530000">
        <ele>211.000</ele>
      </trkpt>
      <trkpt lat="45.804880000" lon="8.540550000">
        <ele>210.000</ele>
      </trkpt>
      <trkpt lat="45.805030000" lon="8.540560000">
        <ele>209.000</ele>
      </trkpt>
      <trkpt lat="45.805210000" lon="8.540560000">
        <ele>208.000</ele>
      </trkpt>
      <trkpt lat="45.805910000" lon="8.540600000">
        <ele>207.000</ele>
      </trkpt>
      <trkpt lat="45.806160000" lon="8.540640000">
        <ele>206.000</ele>
      </trkpt>
      <trkpt lat="45.806320000" lon="8.540720000">
        <ele>206.000</ele>
      </trkpt>
      <trkpt lat="45.806560000" lon="8.540940000">
        <ele>206.000</ele>
      </trkpt>
      <trkpt lat="45.806730000" lon="8.541150000">
        <ele>205.000</ele>
      </trkpt>
      <trkpt lat="45.806890000" lon="8.541450000">
        <ele>205.000</ele>
      </trkpt>
      <trkpt lat="45.806980000" lon="8.541690000">
        <ele>204.000</ele>
      </trkpt>
      <trkpt lat="45.807200000" lon="8.542530000">
        <ele>204.000</ele>
      </trkpt>
      <trkpt lat="45.807270000" lon="8.542750000">
        <ele>203.000</ele>
      </trkpt>
      <trkpt lat="45.807360000" lon="8.542920000">
        <ele>203.000</ele>
      </trkpt>
      <trkpt lat="45.807470000" lon="8.543050000">
        <ele>203.000</ele>
      </trkpt>
      <trkpt lat="45.807580000" lon="8.543130000">
        <ele>202.000</ele>
      </trkpt>
      <trkpt lat="45.807790000" lon="8.543210000">
        <ele>202.000</ele>
      </trkpt>
      <trkpt lat="45.807890000" lon="8.543250000">
        <ele>202.000</ele>
      </trkpt>
      <trkpt lat="45.808320000" lon="8.543400000">
        <ele>203.000</ele>
      </trkpt>
      <trkpt lat="45.808680000" lon="8.543540000">
        <ele>204.000</ele>
      </trkpt>
      <trkpt lat="45.808880000" lon="8.543570000">
        <ele>205.000</ele>
      </trkpt>
      <trkpt lat="45.809070000" lon="8.543560000">
        <ele>205.000</ele>
      </trkpt>
      <trkpt lat="45.809610000" lon="8.543460000">
        <ele>207.000</ele>
      </trkpt>
      <trkpt lat="45.809870000" lon="8.543410000">
        <ele>207.000</ele>
      </trkpt>
      <trkpt lat="45.810190000" lon="8.543340000">
        <ele>208.000</ele>
      </trkpt>
      <trkpt lat="45.810750000" lon="8.543300000">
        <ele>207.000</ele>
      </trkpt>
      <trkpt lat="45.810840000" lon="8.543320000">
        <ele>207.000</ele>
      </trkpt>
      <trkpt lat="45.810910000" lon="8.543330000">
        <ele>207.000</ele>
      </trkpt>
      <trkpt lat="45.811030000" lon="8.543390000">
        <ele>207.000</ele>
      </trkpt>
      <trkpt lat="45.811240000" lon="8.543500000">
        <ele>206.000</ele>
      </trkpt>
      <trkpt lat="45.812040000" lon="8.544000000">
        <ele>205.000</ele>
      </trkpt>
      <trkpt lat="45.812210000" lon="8.544160000">
        <ele>205.000</ele>
      </trkpt>
      <trkpt lat="45.812340000" lon="8.544340000">
        <ele>205.000</ele>
      </trkpt>
      <trkpt lat="45.812520000" lon="8.544490000">
        <ele>206.000</ele>
      </trkpt>
      <trkpt lat="45.813180000" lon="8.544770000">
        <ele>207.000</ele>
      </trkpt>
      <trkpt lat="45.813560000" lon="8.544860000">
        <ele>208.000</ele>
      </trkpt>
      <trkpt lat="45.813810000" lon="8.544910000">
        <ele>210.000</ele>
      </trkpt>
      <trkpt lat="45.814210000" lon="8.545030000">
        <ele>210.000</ele>
      </trkpt>
      <trkpt lat="45.814370000" lon="8.545120000">
        <ele>210.000</ele>
      </trkpt>
      <trkpt lat="45.814660000" lon="8.545360000">
        <ele>210.000</ele>
      </trkpt>
      <trkpt lat="45.815380000" lon="8.546050000">
        <ele>209.000</ele>
      </trkpt>
      <trkpt lat="45.816080000" lon="8.546940000">
        <ele>207.000</ele>
      </trkpt>
      <trkpt lat="45.816180000" lon="8.547140000">
        <ele>206.000</ele>
      </trkpt>
      <trkpt lat="45.816240000" lon="8.547250000">
        <ele>205.000</ele>
      </trkpt>
      <trkpt lat="45.816260000" lon="8.547300000">
        <ele>204.000</ele>
      </trkpt>
      <trkpt lat="45.816330000" lon="8.547470000">
        <ele>204.000</ele>
      </trkpt>
      <trkpt lat="45.816400000" lon="8.547740000">
        <ele>204.000</ele>
      </trkpt>
      <trkpt lat="45.816410000" lon="8.547780000">
        <ele>203.000</ele>
      </trkpt>
      <trkpt lat="45.816450000" lon="8.548160000">
        <ele>203.000</ele>
      </trkpt>
      <trkpt lat="45.816480000" lon="8.548370000">
        <ele>203.000</ele>
      </trkpt>
      <trkpt lat="45.816530000" lon="8.548660000">
        <ele>203.000</ele>
      </trkpt>
      <trkpt lat="45.816630000" lon="8.548910000">
        <ele>202.000</ele>
      </trkpt>
      <trkpt lat="45.816670000" lon="8.548970000">
        <ele>202.000</ele>
      </trkpt>
      <trkpt lat="45.817010000" lon="8.549470000">
        <ele>202.000</ele>
      </trkpt>
      <trkpt lat="45.817040000" lon="8.549500000">
        <ele>202.000</ele>
      </trkpt>
      <trkpt lat="45.817590000" lon="8.550300000">
        <ele>202.000</ele>
      </trkpt>
      <trkpt lat="45.817810000" lon="8.550630000">
        <ele>203.000</ele>
      </trkpt>
      <trkpt lat="45.818160000" lon="8.551180000">
        <ele>204.000</ele>
      </trkpt>
      <trkpt lat="45.818600000" lon="8.551840000">
        <ele>205.000</ele>
      </trkpt>
      <trkpt lat="45.818620000" lon="8.551870000">
        <ele>205.000</ele>
      </trkpt>
      <trkpt lat="45.818880000" lon="8.552240000">
        <ele>206.000</ele>
      </trkpt>
      <trkpt lat="45.818910000" lon="8.552280000">
        <ele>206.000</ele>
      </trkpt>
      <trkpt lat="45.819020000" lon="8.552440000">
        <ele>206.000</ele>
      </trkpt>
      <trkpt lat="45.819720000" lon="8.553520000">
        <ele>207.000</ele>
      </trkpt>
      <trkpt lat="45.819920000" lon="8.553820000">
        <ele>208.000</ele>
      </trkpt>
      <trkpt lat="45.820730000" lon="8.555070000">
        <ele>209.000</ele>
      </trkpt>
      <trkpt lat="45.821120000" lon="8.555630000">
        <ele>210.000</ele>
      </trkpt>
      <trkpt lat="45.821490000" lon="8.556200000">
        <ele>211.000</ele>
      </trkpt>
      <trkpt lat="45.821520000" lon="8.556240000">
        <ele>211.000</ele>
      </trkpt>
      <trkpt lat="45.821550000" lon="8.556270000">
        <ele>212.000</ele>
      </trkpt>
      <trkpt lat="45.822340000" lon="8.557470000">
        <ele>213.000</ele>
      </trkpt>
      <trkpt lat="45.822400000" lon="8.557570000">
        <ele>214.000</ele>
      </trkpt>
      <trkpt lat="45.822840000" lon="8.558250000">
        <ele>215.000</ele>
      </trkpt>
      <trkpt lat="45.823500000" lon="8.559250000">
        <ele>216.000</ele>
      </trkpt>
      <trkpt lat="45.823530000" lon="8.559310000">
        <ele>216.000</ele>
      </trkpt>
      <trkpt lat="45.823740000" lon="8.559620000">
        <ele>216.000</ele>
      </trkpt>
      <trkpt lat="45.824130000" lon="8.560210000">
        <ele>216.000</ele>
      </trkpt>
      <trkpt lat="45.824170000" lon="8.560260000">
        <ele>216.000</ele>
      </trkpt>
      <trkpt lat="45.824240000" lon="8.560390000">
        <ele>216.000</ele>
      </trkpt>
      <trkpt lat="45.824570000" lon="8.560910000">
        <ele>216.000</ele>
      </trkpt>
      <trkpt lat="45.824640000" lon="8.561000000">
        <ele>216.000</ele>
      </trkpt>
      <trkpt lat="45.824750000" lon="8.561180000">
        <ele>215.000</ele>
      </trkpt>
      <trkpt lat="45.824800000" lon="8.561240000">
        <ele>215.000</ele>
      </trkpt>
      <trkpt lat="45.824800000" lon="8.561250000">
        <ele>215.000</ele>
      </trkpt>
      <trkpt lat="45.825190000" lon="8.561840000">
        <ele>214.000</ele>
      </trkpt>
      <trkpt lat="45.825660000" lon="8.562570000">
        <ele>213.000</ele>
      </trkpt>
      <trkpt lat="45.825700000" lon="8.562640000">
        <ele>213.000</ele>
      </trkpt>
      <trkpt lat="45.825790000" lon="8.562780000">
        <ele>212.000</ele>
      </trkpt>
      <trkpt lat="45.825840000" lon="8.562870000">
        <ele>212.000</ele>
      </trkpt>
      <trkpt lat="45.826460000" lon="8.563790000">
        <ele>212.000</ele>
      </trkpt>
      <trkpt lat="45.826480000" lon="8.563810000">
        <ele>212.000</ele>
      </trkpt>
      <trkpt lat="45.826560000" lon="8.563940000">
        <ele>213.000</ele>
      </trkpt>
      <trkpt lat="45.826650000" lon="8.564080000">
        <ele>213.000</ele>
      </trkpt>
      <trkpt lat="45.826720000" lon="8.564180000">
        <ele>213.000</ele>
      </trkpt>
      <trkpt lat="45.826970000" lon="8.564540000">
        <ele>213.000</ele>
      </trkpt>
      <trkpt lat="45.826990000" lon="8.564570000">
        <ele>213.000</ele>
      </trkpt>
      <trkpt lat="45.827060000" lon="8.564670000">
        <ele>213.000</ele>
      </trkpt>
      <trkpt lat="45.827180000" lon="8.564860000">
        <ele>213.000</ele>
      </trkpt>
      <trkpt lat="45.827760000" lon="8.565740000">
        <ele>210.000</ele>
      </trkpt>
      <trkpt lat="45.827900000" lon="8.565910000">
        <ele>209.000</ele>
      </trkpt>
      <trkpt lat="45.828000000" lon="8.566000000">
        <ele>207.000</ele>
      </trkpt>
      <trkpt lat="45.828120000" lon="8.566060000">
        <ele>206.000</ele>
      </trkpt>
      <trkpt lat="45.828270000" lon="8.566070000">
        <ele>205.000</ele>
      </trkpt>
      <trkpt lat="45.828420000" lon="8.566030000">
        <ele>204.000</ele>
      </trkpt>
      <trkpt lat="45.828590000" lon="8.565930000">
        <ele>203.000</ele>
      </trkpt>
      <trkpt lat="45.828630000" lon="8.565910000">
        <ele>203.000</ele>
      </trkpt>
      <trkpt lat="45.828820000" lon="8.565800000">
        <ele>202.000</ele>
      </trkpt>
      <trkpt lat="45.828900000" lon="8.565750000">
        <ele>202.000</ele>
      </trkpt>
      <trkpt lat="45.828970000" lon="8.565720000">
        <ele>202.000</ele>
      </trkpt>
      <trkpt lat="45.829190000" lon="8.565540000">
        <ele>202.000</ele>
      </trkpt>
      <trkpt lat="45.829430000" lon="8.565360000">
        <ele>202.000</ele>
      </trkpt>
      <trkpt lat="45.829590000" lon="8.565230000">
        <ele>203.000</ele>
      </trkpt>
      <trkpt lat="45.829780000" lon="8.565100000">
        <ele>203.000</ele>
      </trkpt>
      <trkpt lat="45.829880000" lon="8.565060000">
        <ele>203.000</ele>
      </trkpt>
      <trkpt lat="45.830020000" lon="8.565010000">
        <ele>203.000</ele>
      </trkpt>
      <trkpt lat="45.830190000" lon="8.564960000">
        <ele>203.000</ele>
      </trkpt>
      <trkpt lat="45.830280000" lon="8.564940000">
        <ele>203.000</ele>
      </trkpt>
      <trkpt lat="45.830330000" lon="8.564930000">
        <ele>203.000</ele>
      </trkpt>
      <trkpt lat="45.830440000" lon="8.564900000">
        <ele>203.000</ele>
      </trkpt>
      <trkpt lat="45.830540000" lon="8.564900000">
        <ele>204.000</ele>
      </trkpt>
      <trkpt lat="45.830740000" lon="8.564930000">
        <ele>204.000</ele>
      </trkpt>
      <trkpt lat="45.830840000" lon="8.564970000">
        <ele>204.000</ele>
      </trkpt>
      <trkpt lat="45.830930000" lon="8.565050000">
        <ele>204.000</ele>
      </trkpt>
      <trkpt lat="45.831090000" lon="8.565230000">
        <ele>204.000</ele>
      </trkpt>
      <trkpt lat="45.831400000" lon="8.565560000">
        <ele>204.000</ele>
      </trkpt>
      <trkpt lat="45.831800000" lon="8.566000000">
        <ele>204.000</ele>
      </trkpt>
      <trkpt lat="45.831850000" lon="8.566060000">
        <ele>204.000</ele>
      </trkpt>
      <trkpt lat="45.832040000" lon="8.566270000">
        <ele>205.000</ele>
      </trkpt>
      <trkpt lat="45.832600000" lon="8.566900000">
        <ele>206.000</ele>
      </trkpt>
      <trkpt lat="45.833040000" lon="8.567380000">
        <ele>208.000</ele>
      </trkpt>
      <trkpt lat="45.833370000" lon="8.567760000">
        <ele>209.000</ele>
      </trkpt>
      <trkpt lat="45.834220000" lon="8.568680000">
        <ele>210.000</ele>
      </trkpt>
      <trkpt lat="45.834350000" lon="8.568800000">
        <ele>210.000</ele>
      </trkpt>
      <trkpt lat="45.834650000" lon="8.569000000">
        <ele>210.000</ele>
      </trkpt>
      <trkpt lat="45.835170000" lon="8.569320000">
        <ele>209.000</ele>
      </trkpt>
      <trkpt lat="45.835370000" lon="8.569470000">
        <ele>209.000</ele>
      </trkpt>
      <trkpt lat="45.835650000" lon="8.569730000">
        <ele>208.000</ele>
      </trkpt>
      <trkpt lat="45.835750000" lon="8.569860000">
        <ele>208.000</ele>
      </trkpt>
      <trkpt lat="45.835970000" lon="8.570160000">
        <ele>207.000</ele>
      </trkpt>
      <trkpt lat="45.835980000" lon="8.570170000">
        <ele>207.000</ele>
      </trkpt>
      <trkpt lat="45.836090000" lon="8.570320000">
        <ele>206.000</ele>
      </trkpt>
      <trkpt lat="45.836330000" lon="8.570660000">
        <ele>206.000</ele>
      </trkpt>
      <trkpt lat="45.836530000" lon="8.570880000">
        <ele>205.000</ele>
      </trkpt>
      <trkpt lat="45.836710000" lon="8.571040000">
        <ele>205.000</ele>
      </trkpt>
      <trkpt lat="45.836840000" lon="8.571120000">
        <ele>204.000</ele>
      </trkpt>
      <trkpt lat="45.836860000" lon="8.571130000">
        <ele>204.000</ele>
      </trkpt>
      <trkpt lat="45.837100000" lon="8.571240000">
        <ele>204.000</ele>
      </trkpt>
      <trkpt lat="45.837390000" lon="8.571430000">
        <ele>204.000</ele>
      </trkpt>
      <trkpt lat="45.837560000" lon="8.571530000">
        <ele>203.000</ele>
      </trkpt>
      <trkpt lat="45.837570000" lon="8.571540000">
        <ele>203.000</ele>
      </trkpt>
      <trkpt lat="45.837720000" lon="8.571620000">
        <ele>203.000</ele>
      </trkpt>
      <trkpt lat="45.837820000" lon="8.571690000">
        <ele>203.000</ele>
      </trkpt>
      <trkpt lat="45.837860000" lon="8.571720000">
        <ele>203.000</ele>
      </trkpt>
      <trkpt lat="45.837960000" lon="8.571800000">
        <ele>203.000</ele>
      </trkpt>
      <trkpt lat="45.838220000" lon="8.572020000">
        <ele>203.000</ele>
      </trkpt>
      <trkpt lat="45.838960000" lon="8.572700000">
        <ele>203.000</ele>
      </trkpt>
      <trkpt lat="45.839110000" lon="8.572840000">
        <ele>203.000</ele>
      </trkpt>
      <trkpt lat="45.839350000" lon="8.573050000">
        <ele>203.000</ele>
      </trkpt>
      <trkpt lat="45.839550000" lon="8.573200000">
        <ele>203.000</ele>
      </trkpt>
      <trkpt lat="45.839610000" lon="8.573230000">
        <ele>203.000</ele>
      </trkpt>
      <trkpt lat="45.839780000" lon="8.573320000">
        <ele>203.000</ele>
      </trkpt>
      <trkpt lat="45.839920000" lon="8.573370000">
        <ele>203.000</ele>
      </trkpt>
      <trkpt lat="45.840250000" lon="8.573500000">
        <ele>203.000</ele>
      </trkpt>
      <trkpt lat="45.840580000" lon="8.573610000">
        <ele>203.000</ele>
      </trkpt>
      <trkpt lat="45.840780000" lon="8.573620000">
        <ele>203.000</ele>
      </trkpt>
      <trkpt lat="45.840930000" lon="8.573600000">
        <ele>203.000</ele>
      </trkpt>
      <trkpt lat="45.841140000" lon="8.573550000">
        <ele>204.000</ele>
      </trkpt>
      <trkpt lat="45.841360000" lon="8.573510000">
        <ele>204.000</ele>
      </trkpt>
      <trkpt lat="45.841900000" lon="8.573380000">
        <ele>204.000</ele>
      </trkpt>
      <trkpt lat="45.842690000" lon="8.573180000">
        <ele>205.000</ele>
      </trkpt>
      <trkpt lat="45.843070000" lon="8.573050000">
        <ele>205.000</ele>
      </trkpt>
      <trkpt lat="45.843260000" lon="8.572960000">
        <ele>205.000</ele>
      </trkpt>
      <trkpt lat="45.843420000" lon="8.572890000">
        <ele>205.000</ele>
      </trkpt>
      <trkpt lat="45.844240000" lon="8.572500000">
        <ele>205.000</ele>
      </trkpt>
      <trkpt lat="45.844390000" lon="8.572450000">
        <ele>205.000</ele>
      </trkpt>
      <trkpt lat="45.844570000" lon="8.572440000">
        <ele>205.000</ele>
      </trkpt>
      <trkpt lat="45.844940000" lon="8.572440000">
        <ele>205.000</ele>
      </trkpt>
      <trkpt lat="45.845070000" lon="8.572430000">
        <ele>206.000</ele>
      </trkpt>
      <trkpt lat="45.845220000" lon="8.572400000">
        <ele>206.000</ele>
      </trkpt>
      <trkpt lat="45.845300000" lon="8.572350000">
        <ele>207.000</ele>
      </trkpt>
      <trkpt lat="45.847220000" lon="8.571350000">
        <ele>210.000</ele>
      </trkpt>
      <trkpt lat="45.847790000" lon="8.571040000">
        <ele>211.000</ele>
      </trkpt>
      <trkpt lat="45.848150000" lon="8.570970000">
        <ele>211.000</ele>
      </trkpt>
      <trkpt lat="45.848150000" lon="8.570970000">
        <ele>211.000</ele>
      </trkpt>
      <trkpt lat="45.848770000" lon="8.570840000">
        <ele>209.000</ele>
      </trkpt>
      <trkpt lat="45.849110000" lon="8.570770000">
        <ele>208.000</ele>
      </trkpt>
      <trkpt lat="45.849690000" lon="8.570440000">
        <ele>207.000</ele>
      </trkpt>
      <trkpt lat="45.850670000" lon="8.569890000">
        <ele>207.000</ele>
      </trkpt>
      <trkpt lat="45.851060000" lon="8.569810000">
        <ele>207.000</ele>
      </trkpt>
      <trkpt lat="45.852080000" lon="8.569780000">
        <ele>207.000</ele>
      </trkpt>
      <trkpt lat="45.852770000" lon="8.569610000">
        <ele>207.000</ele>
      </trkpt>
      <trkpt lat="45.853010000" lon="8.569550000">
        <ele>207.000</ele>
      </trkpt>
      <trkpt lat="45.853590000" lon="8.569400000">
        <ele>206.000</ele>
      </trkpt>
      <trkpt lat="45.854030000" lon="8.569260000">
        <ele>205.000</ele>
      </trkpt>
      <trkpt lat="45.854110000" lon="8.569240000">
        <ele>205.000</ele>
      </trkpt>
      <trkpt lat="45.854990000" lon="8.568960000">
        <ele>204.000</ele>
      </trkpt>
      <trkpt lat="45.855040000" lon="8.568940000">
        <ele>203.000</ele>
      </trkpt>
      <trkpt lat="45.855360000" lon="8.568840000">
        <ele>203.000</ele>
      </trkpt>
      <trkpt lat="45.855910000" lon="8.568660000">
        <ele>204.000</ele>
      </trkpt>
      <trkpt lat="45.855990000" lon="8.568640000">
        <ele>204.000</ele>
      </trkpt>
      <trkpt lat="45.856160000" lon="8.568580000">
        <ele>205.000</ele>
      </trkpt>
      <trkpt lat="45.856450000" lon="8.568490000">
        <ele>206.000</ele>
      </trkpt>
      <trkpt lat="45.856830000" lon="8.568400000">
        <ele>207.000</ele>
      </trkpt>
      <trkpt lat="45.857540000" lon="8.568320000">
        <ele>207.000</ele>
      </trkpt>
      <trkpt lat="45.858330000" lon="8.568230000">
        <ele>208.000</ele>
      </trkpt>
      <trkpt lat="45.858650000" lon="8.568200000">
        <ele>208.000</ele>
      </trkpt>
      <trkpt lat="45.859010000" lon="8.568120000">
        <ele>208.000</ele>
      </trkpt>
      <trkpt lat="45.859500000" lon="8.567980000">
        <ele>208.000</ele>
      </trkpt>
      <trkpt lat="45.859870000" lon="8.567880000">
        <ele>208.000</ele>
      </trkpt>
      <trkpt lat="45.861140000" lon="8.567520000">
        <ele>207.000</ele>
      </trkpt>
      <trkpt lat="45.861420000" lon="8.567450000">
        <ele>206.000</ele>
      </trkpt>
      <trkpt lat="45.862050000" lon="8.567440000">
        <ele>206.000</ele>
      </trkpt>
      <trkpt lat="45.862070000" lon="8.567430000">
        <ele>205.000</ele>
      </trkpt>
      <trkpt lat="45.862160000" lon="8.567430000">
        <ele>205.000</ele>
      </trkpt>
      <trkpt lat="45.862770000" lon="8.567420000">
        <ele>205.000</ele>
      </trkpt>
      <trkpt lat="45.863210000" lon="8.567370000">
        <ele>204.000</ele>
      </trkpt>
      <trkpt lat="45.863600000" lon="8.567320000">
        <ele>204.000</ele>
      </trkpt>
      <trkpt lat="45.863920000" lon="8.567290000">
        <ele>204.000</ele>
      </trkpt>
      <trkpt lat="45.864740000" lon="8.567190000">
        <ele>205.000</ele>
      </trkpt>
      <trkpt lat="45.865020000" lon="8.567070000">
        <ele>205.000</ele>
      </trkpt>
      <trkpt lat="45.865350000" lon="8.566840000">
        <ele>206.000</ele>
      </trkpt>
      <trkpt lat="45.866000000" lon="8.566400000">
        <ele>205.000</ele>
      </trkpt>
      <trkpt lat="45.866440000" lon="8.566090000">
        <ele>205.000</ele>
      </trkpt>
      <trkpt lat="45.866810000" lon="8.565850000">
        <ele>204.000</ele>
      </trkpt>
      <trkpt lat="45.867340000" lon="8.565610000">
        <ele>204.000</ele>
      </trkpt>
      <trkpt lat="45.868410000" lon="8.565210000">
        <ele>204.000</ele>
      </trkpt>
      <trkpt lat="45.869370000" lon="8.564850000">
        <ele>205.000</ele>
      </trkpt>
      <trkpt lat="45.869490000" lon="8.564800000">
        <ele>205.000</ele>
      </trkpt>
      <trkpt lat="45.870160000" lon="8.564490000">
        <ele>205.000</ele>
      </trkpt>
      <trkpt lat="45.870240000" lon="8.564460000">
        <ele>204.000</ele>
      </trkpt>
      <trkpt lat="45.870400000" lon="8.564380000">
        <ele>204.000</ele>
      </trkpt>
      <trkpt lat="45.870820000" lon="8.564190000">
        <ele>203.000</ele>
      </trkpt>
      <trkpt lat="45.870950000" lon="8.564120000">
        <ele>202.000</ele>
      </trkpt>
      <trkpt lat="45.871090000" lon="8.563980000">
        <ele>202.000</ele>
      </trkpt>
      <trkpt lat="45.871380000" lon="8.563540000">
        <ele>201.000</ele>
      </trkpt>
      <trkpt lat="45.871540000" lon="8.563290000">
        <ele>201.000</ele>
      </trkpt>
      <trkpt lat="45.871740000" lon="8.563090000">
        <ele>201.000</ele>
      </trkpt>
      <trkpt lat="45.871900000" lon="8.562980000">
        <ele>201.000</ele>
      </trkpt>
      <trkpt lat="45.872260000" lon="8.562780000">
        <ele>202.000</ele>
      </trkpt>
      <trkpt lat="45.872910000" lon="8.562420000">
        <ele>202.000</ele>
      </trkpt>
      <trkpt lat="45.873230000" lon="8.562160000">
        <ele>202.000</ele>
      </trkpt>
      <trkpt lat="45.873730000" lon="8.561410000">
        <ele>202.000</ele>
      </trkpt>
      <trkpt lat="45.873890000" lon="8.561190000">
        <ele>202.000</ele>
      </trkpt>
      <trkpt lat="45.873990000" lon="8.561090000">
        <ele>202.000</ele>
      </trkpt>
      <trkpt lat="45.874130000" lon="8.560940000">
        <ele>202.000</ele>
      </trkpt>
      <trkpt lat="45.875150000" lon="8.560000000">
        <ele>202.000</ele>
      </trkpt>
      <trkpt lat="45.875380000" lon="8.559770000">
        <ele>202.000</ele>
      </trkpt>
      <trkpt lat="45.876320000" lon="8.558860000">
        <ele>202.000</ele>
      </trkpt>
      <trkpt lat="45.877050000" lon="8.558180000">
        <ele>203.000</ele>
      </trkpt>
      <trkpt lat="45.877260000" lon="8.557940000">
        <ele>203.000</ele>
      </trkpt>
      <trkpt lat="45.877950000" lon="8.556900000">
        <ele>203.000</ele>
      </trkpt>
      <trkpt lat="45.878010000" lon="8.556810000">
        <ele>203.000</ele>
      </trkpt>
      <trkpt lat="45.878190000" lon="8.556570000">
        <ele>203.000</ele>
      </trkpt>
      <trkpt lat="45.878530000" lon="8.556170000">
        <ele>203.000</ele>
      </trkpt>
      <trkpt lat="45.878930000" lon="8.555780000">
        <ele>203.000</ele>
      </trkpt>
      <trkpt lat="45.879010000" lon="8.555680000">
        <ele>203.000</ele>
      </trkpt>
      <trkpt lat="45.879080000" lon="8.555580000">
        <ele>203.000</ele>
      </trkpt>
      <trkpt lat="45.879130000" lon="8.555470000">
        <ele>203.000</ele>
      </trkpt>
      <trkpt lat="45.879200000" lon="8.555320000">
        <ele>203.000</ele>
      </trkpt>
      <trkpt lat="45.879490000" lon="8.554610000">
        <ele>203.000</ele>
      </trkpt>
      <trkpt lat="45.879580000" lon="8.554430000">
        <ele>203.000</ele>
      </trkpt>
      <trkpt lat="45.880290000" lon="8.553230000">
        <ele>202.000</ele>
      </trkpt>
      <trkpt lat="45.880370000" lon="8.553080000">
        <ele>202.000</ele>
      </trkpt>
      <trkpt lat="45.880650000" lon="8.552590000">
        <ele>203.000</ele>
      </trkpt>
      <trkpt lat="45.880700000" lon="8.552510000">
        <ele>204.000</ele>
      </trkpt>
      <trkpt lat="45.880750000" lon="8.552420000">
        <ele>205.000</ele>
      </trkpt>
      <trkpt lat="45.880780000" lon="8.552330000">
        <ele>205.000</ele>
      </trkpt>
      <trkpt lat="45.880810000" lon="8.552240000">
        <ele>206.000</ele>
      </trkpt>
      <trkpt lat="45.880830000" lon="8.552130000">
        <ele>207.000</ele>
      </trkpt>
      <trkpt lat="45.881050000" lon="8.550870000">
        <ele>209.000</ele>
      </trkpt>
      <trkpt lat="45.881060000" lon="8.550800000">
        <ele>210.000</ele>
      </trkpt>
      <trkpt lat="45.881230000" lon="8.549910000">
        <ele>210.000</ele>
      </trkpt>
      <trkpt lat="45.881280000" lon="8.549700000">
        <ele>210.000</ele>
      </trkpt>
      <trkpt lat="45.881300000" lon="8.549610000">
        <ele>210.000</ele>
      </trkpt>
      <trkpt lat="45.881340000" lon="8.549500000">
        <ele>210.000</ele>
      </trkpt>
      <trkpt lat="45.881400000" lon="8.549350000">
        <ele>210.000</ele>
      </trkpt>
      <trkpt lat="45.881850000" lon="8.548370000">
        <ele>208.000</ele>
      </trkpt>
      <trkpt lat="45.881910000" lon="8.548250000">
        <ele>207.000</ele>
      </trkpt>
      <trkpt lat="45.882160000" lon="8.547680000">
        <ele>207.000</ele>
      </trkpt>
      <trkpt lat="45.882300000" lon="8.547370000">
        <ele>206.000</ele>
      </trkpt>
      <trkpt lat="45.882490000" lon="8.547010000">
        <ele>206.000</ele>
      </trkpt>
      <trkpt lat="45.882710000" lon="8.546690000">
        <ele>206.000</ele>
      </trkpt>
      <trkpt lat="45.882800000" lon="8.546550000">
        <ele>206.000</ele>
      </trkpt>
      <trkpt lat="45.882860000" lon="8.546440000">
        <ele>206.000</ele>
      </trkpt>
      <trkpt lat="45.882890000" lon="8.546350000">
        <ele>206.000</ele>
      </trkpt>
      <trkpt lat="45.882920000" lon="8.546270000">
        <ele>206.000</ele>
      </trkpt>
      <trkpt lat="45.882940000" lon="8.546200000">
        <ele>206.000</ele>
      </trkpt>
      <trkpt lat="45.882960000" lon="8.546080000">
        <ele>205.000</ele>
      </trkpt>
      <trkpt lat="45.882980000" lon="8.545960000">
        <ele>205.000</ele>
      </trkpt>
      <trkpt lat="45.883000000" lon="8.545790000">
        <ele>205.000</ele>
      </trkpt>
      <trkpt lat="45.883090000" lon="8.544990000">
        <ele>205.000</ele>
      </trkpt>
      <trkpt lat="45.883230000" lon="8.543810000">
        <ele>204.000</ele>
      </trkpt>
      <trkpt lat="45.883310000" lon="8.543140000">
        <ele>203.000</ele>
      </trkpt>
      <trkpt lat="45.883320000" lon="8.543060000">
        <ele>203.000</ele>
      </trkpt>
      <trkpt lat="45.883340000" lon="8.542980000">
        <ele>202.000</ele>
      </trkpt>
      <trkpt lat="45.883360000" lon="8.542900000">
        <ele>202.000</ele>
      </trkpt>
      <trkpt lat="45.883670000" lon="8.542170000">
        <ele>203.000</ele>
      </trkpt>
      <trkpt lat="45.883710000" lon="8.542070000">
        <ele>204.000</ele>
      </trkpt>
      <trkpt lat="45.883920000" lon="8.541570000">
        <ele>204.000</ele>
      </trkpt>
      <trkpt lat="45.884050000" lon="8.541240000">
        <ele>205.000</ele>
      </trkpt>
      <trkpt lat="45.884090000" lon="8.541150000">
        <ele>206.000</ele>
      </trkpt>
      <trkpt lat="45.884120000" lon="8.541060000">
        <ele>207.000</ele>
      </trkpt>
      <trkpt lat="45.884320000" lon="8.540500000">
        <ele>208.000</ele>
      </trkpt>
      <trkpt lat="45.884350000" lon="8.540400000">
        <ele>208.000</ele>
      </trkpt>
      <trkpt lat="45.884390000" lon="8.540300000">
        <ele>208.000</ele>
      </trkpt>
      <trkpt lat="45.884470000" lon="8.540040000">
        <ele>208.000</ele>
      </trkpt>
      <trkpt lat="45.884570000" lon="8.539760000">
        <ele>208.000</ele>
      </trkpt>
      <trkpt lat="45.884600000" lon="8.539650000">
        <ele>208.000</ele>
      </trkpt>
      <trkpt lat="45.884620000" lon="8.539580000">
        <ele>208.000</ele>
      </trkpt>
      <trkpt lat="45.884970000" lon="8.538350000">
        <ele>206.000</ele>
      </trkpt>
      <trkpt lat="45.885050000" lon="8.538100000">
        <ele>205.000</ele>
      </trkpt>
      <trkpt lat="45.885200000" lon="8.537530000">
        <ele>205.000</ele>
      </trkpt>
      <trkpt lat="45.885220000" lon="8.537450000">
        <ele>204.000</ele>
      </trkpt>
      <trkpt lat="45.885380000" lon="8.536860000">
        <ele>204.000</ele>
      </trkpt>
      <trkpt lat="45.885570000" lon="8.536280000">
        <ele>204.000</ele>
      </trkpt>
      <trkpt lat="45.885710000" lon="8.535860000">
        <ele>203.000</ele>
      </trkpt>
      <trkpt lat="45.885750000" lon="8.535760000">
        <ele>203.000</ele>
      </trkpt>
      <trkpt lat="45.885880000" lon="8.535410000">
        <ele>203.000</ele>
      </trkpt>
      <trkpt lat="45.886100000" lon="8.534860000">
        <ele>203.000</ele>
      </trkpt>
      <trkpt lat="45.886320000" lon="8.534400000">
        <ele>202.000</ele>
      </trkpt>
      <trkpt lat="45.886550000" lon="8.533970000">
        <ele>202.000</ele>
      </trkpt>
      <trkpt lat="45.886620000" lon="8.533850000">
        <ele>202.000</ele>
      </trkpt>
      <trkpt lat="45.886850000" lon="8.533490000">
        <ele>202.000</ele>
      </trkpt>
      <trkpt lat="45.887440000" lon="8.532570000">
        <ele>201.000</ele>
      </trkpt>
      <trkpt lat="45.887640000" lon="8.532250000">
        <ele>201.000</ele>
      </trkpt>
      <trkpt lat="45.887730000" lon="8.532110000">
        <ele>201.000</ele>
      </trkpt>
      <trkpt lat="45.887890000" lon="8.531860000">
        <ele>202.000</ele>
      </trkpt>
      <trkpt lat="45.888200000" lon="8.531370000">
        <ele>202.000</ele>
      </trkpt>
      <trkpt lat="45.888310000" lon="8.531160000">
        <ele>203.000</ele>
      </trkpt>
      <trkpt lat="45.888370000" lon="8.530970000">
        <ele>203.000</ele>
      </trkpt>
      <trkpt lat="45.888420000" lon="8.530730000">
        <ele>204.000</ele>
      </trkpt>
      <trkpt lat="45.888430000" lon="8.530600000">
        <ele>204.000</ele>
      </trkpt>
      <trkpt lat="45.888430000" lon="8.530540000">
        <ele>205.000</ele>
      </trkpt>
      <trkpt lat="45.888440000" lon="8.530470000">
        <ele>205.000</ele>
      </trkpt>
      <trkpt lat="45.888350000" lon="8.528580000">
        <ele>207.000</ele>
      </trkpt>
      <trkpt lat="45.888310000" lon="8.527680000">
        <ele>210.000</ele>
      </trkpt>
      <trkpt lat="45.888280000" lon="8.527220000">
        <ele>211.000</ele>
      </trkpt>
      <trkpt lat="45.888240000" lon="8.526360000">
        <ele>213.000</ele>
      </trkpt>
      <trkpt lat="45.888220000" lon="8.525930000">
        <ele>214.000</ele>
      </trkpt>
      <trkpt lat="45.888210000" lon="8.525790000">
        <ele>215.000</ele>
      </trkpt>
      <trkpt lat="45.888210000" lon="8.525700000">
        <ele>215.000</ele>
      </trkpt>
      <trkpt lat="45.888200000" lon="8.525550000">
        <ele>215.000</ele>
      </trkpt>
      <trkpt lat="45.888190000" lon="8.525380000">
        <ele>216.000</ele>
      </trkpt>
      <trkpt lat="45.888200000" lon="8.525250000">
        <ele>216.000</ele>
      </trkpt>
      <trkpt lat="45.888220000" lon="8.525090000">
        <ele>216.000</ele>
      </trkpt>
      <trkpt lat="45.888300000" lon="8.524840000">
        <ele>216.000</ele>
      </trkpt>
      <trkpt lat="45.888690000" lon="8.523960000">
        <ele>215.000</ele>
      </trkpt>
      <trkpt lat="45.888770000" lon="8.523780000">
        <ele>213.000</ele>
      </trkpt>
      <trkpt lat="45.889250000" lon="8.522710000">
        <ele>211.000</ele>
      </trkpt>
      <trkpt lat="45.889340000" lon="8.522510000">
        <ele>209.000</ele>
      </trkpt>
      <trkpt lat="45.890110000" lon="8.520800000">
        <ele>207.000</ele>
      </trkpt>
      <trkpt lat="45.890270000" lon="8.520440000">
        <ele>206.000</ele>
      </trkpt>
      <trkpt lat="45.890570000" lon="8.519740000">
        <ele>205.000</ele>
      </trkpt>
      <trkpt lat="45.890710000" lon="8.519510000">
        <ele>205.000</ele>
      </trkpt>
      <trkpt lat="45.890920000" lon="8.519290000">
        <ele>205.000</ele>
      </trkpt>
      <trkpt lat="45.891480000" lon="8.518910000">
        <ele>205.000</ele>
      </trkpt>
      <trkpt lat="45.891770000" lon="8.518720000">
        <ele>206.000</ele>
      </trkpt>
      <trkpt lat="45.891820000" lon="8.518700000">
        <ele>206.000</ele>
      </trkpt>
      <trkpt lat="45.892320000" lon="8.518350000">
        <ele>206.000</ele>
      </trkpt>
      <trkpt lat="45.892330000" lon="8.518350000">
        <ele>207.000</ele>
      </trkpt>
      <trkpt lat="45.892660000" lon="8.518140000">
        <ele>207.000</ele>
      </trkpt>
      <trkpt lat="45.892740000" lon="8.518070000">
        <ele>207.000</ele>
      </trkpt>
      <trkpt lat="45.892820000" lon="8.518000000">
        <ele>207.000</ele>
      </trkpt>
      <trkpt lat="45.892880000" lon="8.517940000">
        <ele>207.000</ele>
      </trkpt>
      <trkpt lat="45.892940000" lon="8.517850000">
        <ele>208.000</ele>
      </trkpt>
      <trkpt lat="45.892990000" lon="8.517730000">
        <ele>208.000</ele>
      </trkpt>
      <trkpt lat="45.893090000" lon="8.517450000">
        <ele>208.000</ele>
      </trkpt>
      <trkpt lat="45.893240000" lon="8.516910000">
        <ele>208.000</ele>
      </trkpt>
      <trkpt lat="45.893330000" lon="8.516650000">
        <ele>208.000</ele>
      </trkpt>
      <trkpt lat="45.893410000" lon="8.516500000">
        <ele>208.000</ele>
      </trkpt>
      <trkpt lat="45.893500000" lon="8.516360000">
        <ele>208.000</ele>
      </trkpt>
      <trkpt lat="45.893590000" lon="8.516240000">
        <ele>209.000</ele>
      </trkpt>
      <trkpt lat="45.893990000" lon="8.515900000">
        <ele>209.000</ele>
      </trkpt>
      <trkpt lat="45.894090000" lon="8.515820000">
        <ele>209.000</ele>
      </trkpt>
      <trkpt lat="45.894390000" lon="8.515550000">
        <ele>209.000</ele>
      </trkpt>
      <trkpt lat="45.894820000" lon="8.515290000">
        <ele>209.000</ele>
      </trkpt>
      <trkpt lat="45.895280000" lon="8.515080000">
        <ele>209.000</ele>
      </trkpt>
      <trkpt lat="45.895910000" lon="8.514740000">
        <ele>209.000</ele>
      </trkpt>
      <trkpt lat="45.896050000" lon="8.514640000">
        <ele>208.000</ele>
      </trkpt>
      <trkpt lat="45.896210000" lon="8.514500000">
        <ele>208.000</ele>
      </trkpt>
      <trkpt lat="45.896350000" lon="8.514360000">
        <ele>208.000</ele>
      </trkpt>
      <trkpt lat="45.896820000" lon="8.513930000">
        <ele>207.000</ele>
      </trkpt>
      <trkpt lat="45.897900000" lon="8.512910000">
        <ele>207.000</ele>
      </trkpt>
      <trkpt lat="45.899050000" lon="8.511650000">
        <ele>206.000</ele>
      </trkpt>
      <trkpt lat="45.899530000" lon="8.510900000">
        <ele>206.000</ele>
      </trkpt>
      <trkpt lat="45.899860000" lon="8.510420000">
        <ele>206.000</ele>
      </trkpt>
      <trkpt lat="45.900120000" lon="8.510040000">
        <ele>206.000</ele>
      </trkpt>
      <trkpt lat="45.900330000" lon="8.509820000">
        <ele>206.000</ele>
      </trkpt>
      <trkpt lat="45.901440000" lon="8.508960000">
        <ele>205.000</ele>
      </trkpt>
      <trkpt lat="45.901630000" lon="8.508830000">
        <ele>204.000</ele>
      </trkpt>
      <trkpt lat="45.901710000" lon="8.508800000">
        <ele>204.000</ele>
      </trkpt>
      <trkpt lat="45.902200000" lon="8.508580000">
        <ele>203.000</ele>
      </trkpt>
      <trkpt lat="45.903190000" lon="8.508140000">
        <ele>202.000</ele>
      </trkpt>
      <trkpt lat="45.903330000" lon="8.508070000">
        <ele>202.000</ele>
      </trkpt>
      <trkpt lat="45.903890000" lon="8.507820000">
        <ele>201.000</ele>
      </trkpt>
      <trkpt lat="45.903960000" lon="8.507770000">
        <ele>201.000</ele>
      </trkpt>
      <trkpt lat="45.904070000" lon="8.507630000">
        <ele>201.000</ele>
      </trkpt>
      <trkpt lat="45.904200000" lon="8.507380000">
        <ele>201.000</ele>
      </trkpt>
      <trkpt lat="45.904250000" lon="8.507270000">
        <ele>201.000</ele>
      </trkpt>
      <trkpt lat="45.904360000" lon="8.506980000">
        <ele>201.000</ele>
      </trkpt>
      <trkpt lat="45.904550000" lon="8.506470000">
        <ele>201.000</ele>
      </trkpt>
      <trkpt lat="45.904650000" lon="8.506200000">
        <ele>201.000</ele>
      </trkpt>
      <trkpt lat="45.904750000" lon="8.506000000">
        <ele>201.000</ele>
      </trkpt>
      <trkpt lat="45.904870000" lon="8.505820000">
        <ele>201.000</ele>
      </trkpt>
      <trkpt lat="45.905030000" lon="8.505690000">
        <ele>201.000</ele>
      </trkpt>
      <trkpt lat="45.905190000" lon="8.505610000">
        <ele>201.000</ele>
      </trkpt>
      <trkpt lat="45.905420000" lon="8.505570000">
        <ele>201.000</ele>
      </trkpt>
      <trkpt lat="45.905440000" lon="8.505570000">
        <ele>202.000</ele>
      </trkpt>
      <trkpt lat="45.905520000" lon="8.505570000">
        <ele>202.000</ele>
      </trkpt>
      <trkpt lat="45.907180000" lon="8.505490000">
        <ele>202.000</ele>
      </trkpt>
      <trkpt lat="45.907250000" lon="8.505480000">
        <ele>202.000</ele>
      </trkpt>
      <trkpt lat="45.907860000" lon="8.505450000">
        <ele>202.000</ele>
      </trkpt>
      <trkpt lat="45.908140000" lon="8.505460000">
        <ele>203.000</ele>
      </trkpt>
      <trkpt lat="45.908340000" lon="8.505480000">
        <ele>203.000</ele>
      </trkpt>
      <trkpt lat="45.908430000" lon="8.505490000">
        <ele>203.000</ele>
      </trkpt>
      <trkpt lat="45.908590000" lon="8.505530000">
        <ele>203.000</ele>
      </trkpt>
      <trkpt lat="45.908910000" lon="8.505590000">
        <ele>203.000</ele>
      </trkpt>
      <trkpt lat="45.908980000" lon="8.505600000">
        <ele>203.000</ele>
      </trkpt>
      <trkpt lat="45.909160000" lon="8.505630000">
        <ele>203.000</ele>
      </trkpt>
      <trkpt lat="45.909380000" lon="8.505630000">
        <ele>204.000</ele>
      </trkpt>
      <trkpt lat="45.909650000" lon="8.505550000">
        <ele>204.000</ele>
      </trkpt>
      <trkpt lat="45.909780000" lon="8.505480000">
        <ele>204.000</ele>
      </trkpt>
      <trkpt lat="45.910000000" lon="8.505260000">
        <ele>204.000</ele>
      </trkpt>
      <trkpt lat="45.910100000" lon="8.505150000">
        <ele>204.000</ele>
      </trkpt>
      <trkpt lat="45.910200000" lon="8.505010000">
        <ele>205.000</ele>
      </trkpt>
      <trkpt lat="45.910370000" lon="8.504790000">
        <ele>205.000</ele>
      </trkpt>
      <trkpt lat="45.910700000" lon="8.504360000">
        <ele>205.000</ele>
      </trkpt>
      <trkpt lat="45.910960000" lon="8.504020000">
        <ele>205.000</ele>
      </trkpt>
      <trkpt lat="45.911100000" lon="8.503830000">
        <ele>206.000</ele>
      </trkpt>
      <trkpt lat="45.911250000" lon="8.503640000">
        <ele>206.000</ele>
      </trkpt>
      <trkpt lat="45.911500000" lon="8.503310000">
        <ele>206.000</ele>
      </trkpt>
      <trkpt lat="45.911570000" lon="8.503210000">
        <ele>207.000</ele>
      </trkpt>
      <trkpt lat="45.911850000" lon="8.502870000">
        <ele>207.000</ele>
      </trkpt>
      <trkpt lat="45.912010000" lon="8.502730000">
        <ele>207.000</ele>
      </trkpt>
      <trkpt lat="45.912190000" lon="8.502580000">
        <ele>208.000</ele>
      </trkpt>
      <trkpt lat="45.912310000" lon="8.502520000">
        <ele>208.000</ele>
      </trkpt>
      <trkpt lat="45.912370000" lon="8.502480000">
        <ele>208.000</ele>
      </trkpt>
      <trkpt lat="45.912390000" lon="8.502480000">
        <ele>209.000</ele>
      </trkpt>
      <trkpt lat="45.912420000" lon="8.502470000">
        <ele>209.000</ele>
      </trkpt>
      <trkpt lat="45.912440000" lon="8.502450000">
        <ele>209.000</ele>
      </trkpt>
      <trkpt lat="45.912460000" lon="8.502420000">
        <ele>209.000</ele>
      </trkpt>
      <trkpt lat="45.912470000" lon="8.502380000">
        <ele>209.000</ele>
      </trkpt>
      <trkpt lat="45.912520000" lon="8.502310000">
        <ele>209.000</ele>
      </trkpt>
      <trkpt lat="45.912560000" lon="8.502280000">
        <ele>209.000</ele>
      </trkpt>
      <trkpt lat="45.913130000" lon="8.501830000">
        <ele>210.000</ele>
      </trkpt>
      <trkpt lat="45.913280000" lon="8.501750000">
        <ele>211.000</ele>
      </trkpt>
      <trkpt lat="45.913420000" lon="8.501710000">
        <ele>211.000</ele>
      </trkpt>
      <trkpt lat="45.913550000" lon="8.501700000">
        <ele>212.000</ele>
      </trkpt>
      <trkpt lat="45.913650000" lon="8.501710000">
        <ele>212.000</ele>
      </trkpt>
      <trkpt lat="45.913940000" lon="8.501720000">
        <ele>212.000</ele>
      </trkpt>
      <trkpt lat="45.914130000" lon="8.501730000">
        <ele>212.000</ele>
      </trkpt>
      <trkpt lat="45.914180000" lon="8.501730000">
        <ele>212.000</ele>
      </trkpt>
      <trkpt lat="45.914790000" lon="8.501740000">
        <ele>211.000</ele>
      </trkpt>
      <trkpt lat="45.915340000" lon="8.501760000">
        <ele>210.000</ele>
      </trkpt>
      <trkpt lat="45.915500000" lon="8.501770000">
        <ele>208.000</ele>
      </trkpt>
      <trkpt lat="45.915680000" lon="8.501740000">
        <ele>207.000</ele>
      </trkpt>
      <trkpt lat="45.915840000" lon="8.501630000">
        <ele>206.000</ele>
      </trkpt>
      <trkpt lat="45.916000000" lon="8.501490000">
        <ele>205.000</ele>
      </trkpt>
      <trkpt lat="45.916150000" lon="8.501290000">
        <ele>204.000</ele>
      </trkpt>
      <trkpt lat="45.916300000" lon="8.501050000">
        <ele>204.000</ele>
      </trkpt>
      <trkpt lat="45.916440000" lon="8.500810000">
        <ele>203.000</ele>
      </trkpt>
      <trkpt lat="45.916590000" lon="8.500430000">
        <ele>203.000</ele>
      </trkpt>
      <trkpt lat="45.916720000" lon="8.500010000">
        <ele>203.000</ele>
      </trkpt>
      <trkpt lat="45.917100000" lon="8.498750000">
        <ele>202.000</ele>
      </trkpt>
      <trkpt lat="45.917170000" lon="8.498570000">
        <ele>201.000</ele>
      </trkpt>
      <trkpt lat="45.917380000" lon="8.498200000">
        <ele>201.000</ele>
      </trkpt>
      <trkpt lat="45.917690000" lon="8.497740000">
        <ele>200.000</ele>
      </trkpt>
      <trkpt lat="45.918060000" lon="8.497190000">
        <ele>200.000</ele>
      </trkpt>
      <trkpt lat="45.918120000" lon="8.497110000">
        <ele>200.000</ele>
      </trkpt>
      <trkpt lat="45.918160000" lon="8.497040000">
        <ele>199.000</ele>
      </trkpt>
      <trkpt lat="45.918470000" lon="8.496590000">
        <ele>199.000</ele>
      </trkpt>
      <trkpt lat="45.918670000" lon="8.496290000">
        <ele>199.000</ele>
      </trkpt>
      <trkpt lat="45.918800000" lon="8.496020000">
        <ele>199.000</ele>
      </trkpt>
      <trkpt lat="45.918820000" lon="8.495950000">
        <ele>199.000</ele>
      </trkpt>
      <trkpt lat="45.918850000" lon="8.495980000">
        <ele>200.000</ele>
      </trkpt>
      <trkpt lat="45.918880000" lon="8.495990000">
        <ele>200.000</ele>
      </trkpt>
      <trkpt lat="45.918910000" lon="8.495990000">
        <ele>200.000</ele>
      </trkpt>
      <trkpt lat="45.918940000" lon="8.495970000">
        <ele>200.000</ele>
      </trkpt>
      <trkpt lat="45.918970000" lon="8.495930000">
        <ele>200.000</ele>
      </trkpt>
      <trkpt lat="45.918980000" lon="8.495890000">
        <ele>200.000</ele>
      </trkpt>
      <trkpt lat="45.918980000" lon="8.495850000">
        <ele>200.000</ele>
      </trkpt>
      <trkpt lat="45.918980000" lon="8.495810000">
        <ele>200.000</ele>
      </trkpt>
      <trkpt lat="45.918970000" lon="8.495770000">
        <ele>200.000</ele>
      </trkpt>
      <trkpt lat="45.919030000" lon="8.495700000">
        <ele>200.000</ele>
      </trkpt>
      <trkpt lat="45.919600000" lon="8.494970000">
        <ele>201.000</ele>
      </trkpt>
      <trkpt lat="45.920400000" lon="8.493940000">
        <ele>202.000</ele>
      </trkpt>
      <trkpt lat="45.920550000" lon="8.493740000">
        <ele>203.000</ele>
      </trkpt>
      <trkpt lat="45.920650000" lon="8.493610000">
        <ele>203.000</ele>
      </trkpt>
      <trkpt lat="45.921390000" lon="8.492690000">
        <ele>203.000</ele>
      </trkpt>
      <trkpt lat="45.921600000" lon="8.492410000">
        <ele>203.000</ele>
      </trkpt>
      <trkpt lat="45.922380000" lon="8.491430000">
        <ele>203.000</ele>
      </trkpt>
      <trkpt lat="45.922590000" lon="8.491160000">
        <ele>203.000</ele>
      </trkpt>
      <trkpt lat="45.923250000" lon="8.490310000">
        <ele>203.000</ele>
      </trkpt>
      <trkpt lat="45.923910000" lon="8.489320000">
        <ele>204.000</ele>
      </trkpt>
      <trkpt lat="45.924750000" lon="8.487810000">
        <ele>204.000</ele>
      </trkpt>
      <trkpt lat="45.925090000" lon="8.487210000">
        <ele>204.000</ele>
      </trkpt>
      <trkpt lat="45.925260000" lon="8.486900000">
        <ele>204.000</ele>
      </trkpt>
      <trkpt lat="45.925480000" lon="8.486490000">
        <ele>204.000</ele>
      </trkpt>
      <trkpt lat="45.925810000" lon="8.485470000">
        <ele>204.000</ele>
      </trkpt>
      <trkpt lat="45.925980000" lon="8.484980000">
        <ele>204.000</ele>
      </trkpt>
      <trkpt lat="45.926130000" lon="8.484560000">
        <ele>205.000</ele>
      </trkpt>
      <trkpt lat="45.926180000" lon="8.484480000">
        <ele>206.000</ele>
      </trkpt>
      <trkpt lat="45.926720000" lon="8.483680000">
        <ele>208.000</ele>
      </trkpt>
      <trkpt lat="45.926800000" lon="8.483560000">
        <ele>209.000</ele>
      </trkpt>
      <trkpt lat="45.926920000" lon="8.483350000">
        <ele>211.000</ele>
      </trkpt>
      <trkpt lat="45.927000000" lon="8.483220000">
        <ele>212.000</ele>
      </trkpt>
      <trkpt lat="45.928070000" lon="8.480560000">
        <ele>217.000</ele>
      </trkpt>
      <trkpt lat="45.928350000" lon="8.480200000">
        <ele>219.000</ele>
      </trkpt>
      <trkpt lat="45.928740000" lon="8.479800000">
        <ele>220.000</ele>
      </trkpt>
      <trkpt lat="45.928770000" lon="8.479770000">
        <ele>219.000</ele>
      </trkpt>
      <trkpt lat="45.929000000" lon="8.479510000">
        <ele>219.000</ele>
      </trkpt>
      <trkpt lat="45.929090000" lon="8.479450000">
        <ele>218.000</ele>
      </trkpt>
      <trkpt lat="45.929120000" lon="8.479430000">
        <ele>217.000</ele>
      </trkpt>
      <trkpt lat="45.929130000" lon="8.479440000">
        <ele>216.000</ele>
      </trkpt>
      <trkpt lat="45.929160000" lon="8.479440000">
        <ele>216.000</ele>
      </trkpt>
      <trkpt lat="45.929180000" lon="8.479440000">
        <ele>216.000</ele>
      </trkpt>
      <trkpt lat="45.929200000" lon="8.479420000">
        <ele>215.000</ele>
      </trkpt>
      <trkpt lat="45.929220000" lon="8.479400000">
        <ele>215.000</ele>
      </trkpt>
      <trkpt lat="45.929230000" lon="8.479370000">
        <ele>215.000</ele>
      </trkpt>
      <trkpt lat="45.929230000" lon="8.479340000">
        <ele>215.000</ele>
      </trkpt>
      <trkpt lat="45.929340000" lon="8.479290000">
        <ele>214.000</ele>
      </trkpt>
      <trkpt lat="45.929600000" lon="8.479170000">
        <ele>213.000</ele>
      </trkpt>
      <trkpt lat="45.929700000" lon="8.479140000">
        <ele>212.000</ele>
      </trkpt>
      <trkpt lat="45.929870000" lon="8.479120000">
        <ele>211.000</ele>
      </trkpt>
      <trkpt lat="45.929910000" lon="8.479130000">
        <ele>210.000</ele>
      </trkpt>
      <trkpt lat="45.930060000" lon="8.479160000">
        <ele>210.000</ele>
      </trkpt>
      <trkpt lat="45.930320000" lon="8.479230000">
        <ele>209.000</ele>
      </trkpt>
      <trkpt lat="45.930610000" lon="8.479340000">
        <ele>208.000</ele>
      </trkpt>
      <trkpt lat="45.930860000" lon="8.479480000">
        <ele>207.000</ele>
      </trkpt>
      <trkpt lat="45.931050000" lon="8.479580000">
        <ele>206.000</ele>
      </trkpt>
      <trkpt lat="45.931580000" lon="8.479900000">
        <ele>204.000</ele>
      </trkpt>
      <trkpt lat="45.931720000" lon="8.479990000">
        <ele>203.000</ele>
      </trkpt>
      <trkpt lat="45.931850000" lon="8.480070000">
        <ele>203.000</ele>
      </trkpt>
      <trkpt lat="45.932030000" lon="8.480180000">
        <ele>202.000</ele>
      </trkpt>
      <trkpt lat="45.932500000" lon="8.480470000">
        <ele>201.000</ele>
      </trkpt>
      <trkpt lat="45.932560000" lon="8.480510000">
        <ele>201.000</ele>
      </trkpt>
      <trkpt lat="45.932680000" lon="8.480580000">
        <ele>201.000</ele>
      </trkpt>
      <trkpt lat="45.933020000" lon="8.480790000">
        <ele>200.000</ele>
      </trkpt>
      <trkpt lat="45.933570000" lon="8.481140000">
        <ele>200.000</ele>
      </trkpt>
      <trkpt lat="45.934620000" lon="8.481780000">
        <ele>199.000</ele>
      </trkpt>
      <trkpt lat="45.935130000" lon="8.482100000">
        <ele>199.000</ele>
      </trkpt>
      <trkpt lat="45.935280000" lon="8.482210000">
        <ele>198.000</ele>
      </trkpt>
      <trkpt lat="45.935420000" lon="8.482270000">
        <ele>198.000</ele>
      </trkpt>
      <trkpt lat="45.936040000" lon="8.482630000">
        <ele>198.000</ele>
      </trkpt>
      <trkpt lat="45.937040000" lon="8.483230000">
        <ele>198.000</ele>
      </trkpt>
      <trkpt lat="45.938140000" lon="8.483890000">
        <ele>198.000</ele>
      </trkpt>
      <trkpt lat="45.938170000" lon="8.483910000">
        <ele>198.000</ele>
      </trkpt>
      <trkpt lat="45.938170000" lon="8.483910000">
        <ele>198.000</ele>
      </trkpt>
      <trkpt lat="45.938850000" lon="8.484320000">
        <ele>198.000</ele>
      </trkpt>
      <trkpt lat="45.939500000" lon="8.484710000">
        <ele>198.000</ele>
      </trkpt>
      <trkpt lat="45.941340000" lon="8.485840000">
        <ele>198.000</ele>
      </trkpt>
      <trkpt lat="45.942490000" lon="8.486580000">
        <ele>197.000</ele>
      </trkpt>
      <trkpt lat="45.942670000" lon="8.486710000">
        <ele>196.000</ele>
      </trkpt>
      <trkpt lat="45.942790000" lon="8.486790000">
        <ele>195.000</ele>
      </trkpt>
      <trkpt lat="45.942960000" lon="8.486920000">
        <ele>195.000</ele>
      </trkpt>
      <trkpt lat="45.943080000" lon="8.487000000">
        <ele>194.000</ele>
      </trkpt>
      <trkpt lat="45.943130000" lon="8.487040000">
        <ele>194.000</ele>
      </trkpt>
      <trkpt lat="45.943770000" lon="8.487510000">
        <ele>194.000</ele>
      </trkpt>
      <trkpt lat="45.944480000" lon="8.488070000">
        <ele>195.000</ele>
      </trkpt>
      <trkpt lat="45.945250000" lon="8.488700000">
        <ele>195.000</ele>
      </trkpt>
      <trkpt lat="45.945510000" lon="8.488960000">
        <ele>196.000</ele>
      </trkpt>
      <trkpt lat="45.945570000" lon="8.489010000">
        <ele>196.000</ele>
      </trkpt>
      <trkpt lat="45.945580000" lon="8.489040000">
        <ele>197.000</ele>
      </trkpt>
      <trkpt lat="45.945600000" lon="8.489070000">
        <ele>197.000</ele>
      </trkpt>
      <trkpt lat="45.945670000" lon="8.489240000">
        <ele>197.000</ele>
      </trkpt>
      <trkpt lat="45.945720000" lon="8.489360000">
        <ele>197.000</ele>
      </trkpt>
      <trkpt lat="45.945740000" lon="8.489400000">
        <ele>197.000</ele>
      </trkpt>
      <trkpt lat="45.945800000" lon="8.489680000">
        <ele>198.000</ele>
      </trkpt>
      <trkpt lat="45.945810000" lon="8.489730000">
        <ele>198.000</ele>
      </trkpt>
      <trkpt lat="45.945820000" lon="8.489850000">
        <ele>198.000</ele>
      </trkpt>
      <trkpt lat="45.945830000" lon="8.489960000">
        <ele>198.000</ele>
      </trkpt>
      <trkpt lat="45.945830000" lon="8.490070000">
        <ele>198.000</ele>
      </trkpt>
      <trkpt lat="45.945810000" lon="8.490190000">
        <ele>198.000</ele>
      </trkpt>
      <trkpt lat="45.945770000" lon="8.490650000">
        <ele>199.000</ele>
      </trkpt>
      <trkpt lat="45.945760000" lon="8.490820000">
        <ele>199.000</ele>
      </trkpt>
      <trkpt lat="45.945800000" lon="8.490930000">
        <ele>199.000</ele>
      </trkpt>
      <trkpt lat="45.945850000" lon="8.491010000">
        <ele>199.000</ele>
      </trkpt>
      <trkpt lat="45.945890000" lon="8.491030000">
        <ele>200.000</ele>
      </trkpt>
      <trkpt lat="45.945950000" lon="8.491030000">
        <ele>200.000</ele>
      </trkpt>
      <trkpt lat="45.946050000" lon="8.490970000">
        <ele>200.000</ele>
      </trkpt>
      <trkpt lat="45.946080000" lon="8.490920000">
        <ele>201.000</ele>
      </trkpt>
      <trkpt lat="45.946100000" lon="8.490870000">
        <ele>201.000</ele>
      </trkpt>
      <trkpt lat="45.946140000" lon="8.490770000">
        <ele>201.000</ele>
      </trkpt>
      <trkpt lat="45.946180000" lon="8.490680000">
        <ele>202.000</ele>
      </trkpt>
      <trkpt lat="45.946210000" lon="8.490590000">
        <ele>202.000</ele>
      </trkpt>
      <trkpt lat="45.946280000" lon="8.490380000">
        <ele>203.000</ele>
      </trkpt>
      <trkpt lat="45.946360000" lon="8.490210000">
        <ele>203.000</ele>
      </trkpt>
      <trkpt lat="45.946440000" lon="8.490070000">
        <ele>204.000</ele>
      </trkpt>
      <trkpt lat="45.946530000" lon="8.489990000">
        <ele>205.000</ele>
      </trkpt>
      <trkpt lat="45.946620000" lon="8.489960000">
        <ele>205.000</ele>
      </trkpt>
      <trkpt lat="45.946700000" lon="8.489970000">
        <ele>206.000</ele>
      </trkpt>
      <trkpt lat="45.946990000" lon="8.490090000">
        <ele>207.000</ele>
      </trkpt>
      <trkpt lat="45.947250000" lon="8.490200000">
        <ele>208.000</ele>
      </trkpt>
      <trkpt lat="45.947320000" lon="8.490240000">
        <ele>209.000</ele>
      </trkpt>
      <trkpt lat="45.947330000" lon="8.490260000">
        <ele>210.000</ele>
      </trkpt>
      <trkpt lat="45.947360000" lon="8.490310000">
        <ele>210.000</ele>
      </trkpt>
      <trkpt lat="45.947380000" lon="8.490400000">
        <ele>211.000</ele>
      </trkpt>
      <trkpt lat="45.947380000" lon="8.490450000">
        <ele>212.000</ele>
      </trkpt>
      <trkpt lat="45.947370000" lon="8.490510000">
        <ele>212.000</ele>
      </trkpt>
      <trkpt lat="45.947350000" lon="8.490560000">
        <ele>212.000</ele>
      </trkpt>
      <trkpt lat="45.947310000" lon="8.490610000">
        <ele>213.000</ele>
      </trkpt>
      <trkpt lat="45.947250000" lon="8.490640000">
        <ele>213.000</ele>
      </trkpt>
      <trkpt lat="45.947190000" lon="8.490670000">
        <ele>214.000</ele>
      </trkpt>
      <trkpt lat="45.947140000" lon="8.490710000">
        <ele>214.000</ele>
      </trkpt>
      <trkpt lat="45.947090000" lon="8.490750000">
        <ele>215.000</ele>
      </trkpt>
      <trkpt lat="45.947050000" lon="8.490820000">
        <ele>215.000</ele>
      </trkpt>
      <trkpt lat="45.947030000" lon="8.490940000">
        <ele>216.000</ele>
      </trkpt>
      <trkpt lat="45.947010000" lon="8.491740000">
        <ele>218.000</ele>
      </trkpt>
      <trkpt lat="45.946970000" lon="8.492460000">
        <ele>220.000</ele>
      </trkpt>
      <trkpt lat="45.946830000" lon="8.493150000">
        <ele>223.000</ele>
      </trkpt>
      <trkpt lat="45.946780000" lon="8.493340000">
        <ele>225.000</ele>
      </trkpt>
      <trkpt lat="45.946770000" lon="8.493460000">
        <ele>227.000</ele>
      </trkpt>
      <trkpt lat="45.946800000" lon="8.493560000">
        <ele>228.000</ele>
      </trkpt>
      <trkpt lat="45.946850000" lon="8.493580000">
        <ele>229.000</ele>
      </trkpt>
      <trkpt lat="45.946920000" lon="8.493600000">
        <ele>230.000</ele>
      </trkpt>
      <trkpt lat="45.947000000" lon="8.493580000">
        <ele>231.000</ele>
      </trkpt>
      <trkpt lat="45.947060000" lon="8.493500000">
        <ele>231.000</ele>
      </trkpt>
      <trkpt lat="45.947160000" lon="8.493210000">
        <ele>232.000</ele>
      </trkpt>
      <trkpt lat="45.947440000" lon="8.492400000">
        <ele>234.000</ele>
      </trkpt>
      <trkpt lat="45.947520000" lon="8.492260000">
        <ele>236.000</ele>
      </trkpt>
      <trkpt lat="45.947580000" lon="8.492230000">
        <ele>238.000</ele>
      </trkpt>
      <trkpt lat="45.947680000" lon="8.492210000">
        <ele>239.000</ele>
      </trkpt>
      <trkpt lat="45.947790000" lon="8.492300000">
        <ele>241.000</ele>
      </trkpt>
      <trkpt lat="45.947830000" lon="8.492450000">
        <ele>243.000</ele>
      </trkpt>
      <trkpt lat="45.947870000" lon="8.493110000">
        <ele>246.000</ele>
      </trkpt>
      <trkpt lat="45.947970000" lon="8.493420000">
        <ele>249.000</ele>
      </trkpt>
      <trkpt lat="45.948120000" lon="8.493790000">
        <ele>252.000</ele>
      </trkpt>
      <trkpt lat="45.948240000" lon="8.494210000">
        <ele>256.000</ele>
      </trkpt>
      <trkpt lat="45.948480000" lon="8.495910000">
        <ele>261.000</ele>
      </trkpt>
      <trkpt lat="45.948500000" lon="8.496030000">
        <ele>265.000</ele>
      </trkpt>
      <trkpt lat="45.948780000" lon="8.498180000">
        <ele>271.000</ele>
      </trkpt>
      <trkpt lat="45.948800000" lon="8.498510000">
        <ele>275.000</ele>
      </trkpt>
      <trkpt lat="45.948930000" lon="8.500200000">
        <ele>282.000</ele>
      </trkpt>
      <trkpt lat="45.949100000" lon="8.501990000">
        <ele>290.000</ele>
      </trkpt>
      <trkpt lat="45.949170000" lon="8.502640000">
        <ele>296.000</ele>
      </trkpt>
      <trkpt lat="45.949240000" lon="8.504300000">
        <ele>303.000</ele>
      </trkpt>
      <trkpt lat="45.949180000" lon="8.506750000">
        <ele>310.000</ele>
      </trkpt>
      <trkpt lat="45.949270000" lon="8.507490000">
        <ele>316.000</ele>
      </trkpt>
      <trkpt lat="45.949400000" lon="8.508390000">
        <ele>319.000</ele>
      </trkpt>
      <trkpt lat="45.949370000" lon="8.508660000">
        <ele>321.000</ele>
      </trkpt>
      <trkpt lat="45.949200000" lon="8.509480000">
        <ele>323.000</ele>
      </trkpt>
      <trkpt lat="45.949180000" lon="8.509830000">
        <ele>325.000</ele>
      </trkpt>
      <trkpt lat="45.949510000" lon="8.511160000">
        <ele>327.000</ele>
      </trkpt>
      <trkpt lat="45.949520000" lon="8.511240000">
        <ele>329.000</ele>
      </trkpt>
      <trkpt lat="45.949600000" lon="8.511880000">
        <ele>330.000</ele>
      </trkpt>
      <trkpt lat="45.949640000" lon="8.512530000">
        <ele>332.000</ele>
      </trkpt>
      <trkpt lat="45.949640000" lon="8.512560000">
        <ele>333.000</ele>
      </trkpt>
      <trkpt lat="45.949640000" lon="8.512660000">
        <ele>334.000</ele>
      </trkpt>
      <trkpt lat="45.949630000" lon="8.513120000">
        <ele>335.000</ele>
      </trkpt>
      <trkpt lat="45.949630000" lon="8.513300000">
        <ele>336.000</ele>
      </trkpt>
      <trkpt lat="45.949630000" lon="8.513860000">
        <ele>336.000</ele>
      </trkpt>
      <trkpt lat="45.949630000" lon="8.513870000">
        <ele>337.000</ele>
      </trkpt>
      <trkpt lat="45.949660000" lon="8.515220000">
        <ele>338.000</ele>
      </trkpt>
      <trkpt lat="45.949580000" lon="8.515700000">
        <ele>338.000</ele>
      </trkpt>
      <trkpt lat="45.949490000" lon="8.516180000">
        <ele>338.000</ele>
      </trkpt>
      <trkpt lat="45.949540000" lon="8.517370000">
        <ele>337.000</ele>
      </trkpt>
      <trkpt lat="45.949600000" lon="8.518010000">
        <ele>336.000</ele>
      </trkpt>
      <trkpt lat="45.949820000" lon="8.521070000">
        <ele>330.000</ele>
      </trkpt>
      <trkpt lat="45.950330000" lon="8.523200000">
        <ele>325.000</ele>
      </trkpt>
      <trkpt lat="45.950650000" lon="8.524620000">
        <ele>320.000</ele>
      </trkpt>
      <trkpt lat="45.951180000" lon="8.526190000">
        <ele>314.000</ele>
      </trkpt>
      <trkpt lat="45.951310000" lon="8.526560000">
        <ele>309.000</ele>
      </trkpt>
      <trkpt lat="45.951350000" lon="8.526880000">
        <ele>305.000</ele>
      </trkpt>
      <trkpt lat="45.951370000" lon="8.527270000">
        <ele>301.000</ele>
      </trkpt>
      <trkpt lat="45.951350000" lon="8.527660000">
        <ele>299.000</ele>
      </trkpt>
      <trkpt lat="45.951370000" lon="8.527960000">
        <ele>297.000</ele>
      </trkpt>
      <trkpt lat="45.951450000" lon="8.528140000">
        <ele>295.000</ele>
      </trkpt>
      <trkpt lat="45.951570000" lon="8.528150000">
        <ele>294.000</ele>
      </trkpt>
      <trkpt lat="45.951660000" lon="8.528090000">
        <ele>293.000</ele>
      </trkpt>
      <trkpt lat="45.951750000" lon="8.527860000">
        <ele>292.000</ele>
      </trkpt>
      <trkpt lat="45.951820000" lon="8.527340000">
        <ele>292.000</ele>
      </trkpt>
      <trkpt lat="45.951910000" lon="8.526930000">
        <ele>291.000</ele>
      </trkpt>
      <trkpt lat="45.952010000" lon="8.526540000">
        <ele>290.000</ele>
      </trkpt>
      <trkpt lat="45.952310000" lon="8.525170000">
        <ele>286.000</ele>
      </trkpt>
      <trkpt lat="45.952520000" lon="8.524530000">
        <ele>282.000</ele>
      </trkpt>
      <trkpt lat="45.952640000" lon="8.524370000">
        <ele>279.000</ele>
      </trkpt>
      <trkpt lat="45.952890000" lon="8.524260000">
        <ele>276.000</ele>
      </trkpt>
      <trkpt lat="45.953020000" lon="8.524250000">
        <ele>274.000</ele>
      </trkpt>
      <trkpt lat="45.953380000" lon="8.524240000">
        <ele>272.000</ele>
      </trkpt>
      <trkpt lat="45.953960000" lon="8.524220000">
        <ele>271.000</ele>
      </trkpt>
      <trkpt lat="45.953960000" lon="8.524220000">
        <ele>269.000</ele>
      </trkpt>
      <trkpt lat="45.954350000" lon="8.524200000">
        <ele>268.000</ele>
      </trkpt>
      <trkpt lat="45.954740000" lon="8.524190000">
        <ele>267.000</ele>
      </trkpt>
      <trkpt lat="45.954910000" lon="8.524190000">
        <ele>266.000</ele>
      </trkpt>
      <trkpt lat="45.954930000" lon="8.524180000">
        <ele>265.000</ele>
      </trkpt>
      <trkpt lat="45.954970000" lon="8.524190000">
        <ele>265.000</ele>
      </trkpt>
      <trkpt lat="45.955110000" lon="8.524220000">
        <ele>264.000</ele>
      </trkpt>
      <trkpt lat="45.955160000" lon="8.524230000">
        <ele>264.000</ele>
      </trkpt>
      <trkpt lat="45.955670000" lon="8.524360000">
        <ele>263.000</ele>
      </trkpt>
      <trkpt lat="45.955930000" lon="8.524450000">
        <ele>262.000</ele>
      </trkpt>
      <trkpt lat="45.956110000" lon="8.524500000">
        <ele>261.000</ele>
      </trkpt>
      <trkpt lat="45.956300000" lon="8.524600000">
        <ele>260.000</ele>
      </trkpt>
      <trkpt lat="45.956340000" lon="8.524630000">
        <ele>259.000</ele>
      </trkpt>
      <trkpt lat="45.956490000" lon="8.524790000">
        <ele>259.000</ele>
      </trkpt>
      <trkpt lat="45.956570000" lon="8.524920000">
        <ele>258.000</ele>
      </trkpt>
      <trkpt lat="45.956670000" lon="8.525130000">
        <ele>258.000</ele>
      </trkpt>
      <trkpt lat="45.956750000" lon="8.525420000">
        <ele>258.000</ele>
      </trkpt>
      <trkpt lat="45.956770000" lon="8.525610000">
        <ele>258.000</ele>
      </trkpt>
      <trkpt lat="45.956790000" lon="8.525820000">
        <ele>257.000</ele>
      </trkpt>
      <trkpt lat="45.956740000" lon="8.526190000">
        <ele>257.000</ele>
      </trkpt>
      <trkpt lat="45.956610000" lon="8.526970000">
        <ele>257.000</ele>
      </trkpt>
      <trkpt lat="45.956570000" lon="8.527340000">
        <ele>257.000</ele>
      </trkpt>
      <trkpt lat="45.956530000" lon="8.527910000">
        <ele>257.000</ele>
      </trkpt>
      <trkpt lat="45.956520000" lon="8.528720000">
        <ele>258.000</ele>
      </trkpt>
      <trkpt lat="45.956500000" lon="8.529800000">
        <ele>260.000</ele>
      </trkpt>
      <trkpt lat="45.956430000" lon="8.530300000">
        <ele>262.000</ele>
      </trkpt>
      <trkpt lat="45.956190000" lon="8.530750000">
        <ele>263.000</ele>
      </trkpt>
      <trkpt lat="45.955700000" lon="8.531440000">
        <ele>262.000</ele>
      </trkpt>
      <trkpt lat="45.955470000" lon="8.531900000">
        <ele>261.000</ele>
      </trkpt>
      <trkpt lat="45.955440000" lon="8.532070000">
        <ele>260.000</ele>
      </trkpt>
      <trkpt lat="45.955420000" lon="8.532240000">
        <ele>259.000</ele>
      </trkpt>
      <trkpt lat="45.955430000" lon="8.532610000">
        <ele>258.000</ele>
      </trkpt>
      <trkpt lat="45.955420000" lon="8.533130000">
        <ele>257.000</ele>
      </trkpt>
      <trkpt lat="45.955390000" lon="8.533420000">
        <ele>257.000</ele>
      </trkpt>
      <trkpt lat="45.955270000" lon="8.534570000">
        <ele>256.000</ele>
      </trkpt>
      <trkpt lat="45.955020000" lon="8.536710000">
        <ele>254.000</ele>
      </trkpt>
      <trkpt lat="45.954890000" lon="8.537970000">
        <ele>253.000</ele>
      </trkpt>
      <trkpt lat="45.954740000" lon="8.539350000">
        <ele>252.000</ele>
      </trkpt>
      <trkpt lat="45.954740000" lon="8.539350000">
        <ele>251.000</ele>
      </trkpt>
      <trkpt lat="45.954720000" lon="8.539560000">
        <ele>250.000</ele>
      </trkpt>
      <trkpt lat="45.954640000" lon="8.540330000">
        <ele>250.000</ele>
      </trkpt>
      <trkpt lat="45.954620000" lon="8.540520000">
        <ele>249.000</ele>
      </trkpt>
      <trkpt lat="45.954530000" lon="8.541330000">
        <ele>248.000</ele>
      </trkpt>
      <trkpt lat="45.954530000" lon="8.541380000">
        <ele>248.000</ele>
      </trkpt>
      <trkpt lat="45.954460000" lon="8.542040000">
        <ele>247.000</ele>
      </trkpt>
      <trkpt lat="45.954440000" lon="8.542220000">
        <ele>247.000</ele>
      </trkpt>
      <trkpt lat="45.954430000" lon="8.542260000">
        <ele>247.000</ele>
      </trkpt>
      <trkpt lat="45.954400000" lon="8.542400000">
        <ele>247.000</ele>
      </trkpt>
      <trkpt lat="45.954400000" lon="8.542410000">
        <ele>247.000</ele>
      </trkpt>
      <trkpt lat="45.954390000" lon="8.542530000">
        <ele>247.000</ele>
      </trkpt>
      <trkpt lat="45.954400000" lon="8.542660000">
        <ele>247.000</ele>
      </trkpt>
      <trkpt lat="45.954400000" lon="8.542720000">
        <ele>248.000</ele>
      </trkpt>
      <trkpt lat="45.954380000" lon="8.542750000">
        <ele>248.000</ele>
      </trkpt>
      <trkpt lat="45.954360000" lon="8.542790000">
        <ele>248.000</ele>
      </trkpt>
      <trkpt lat="45.954360000" lon="8.542830000">
        <ele>249.000</ele>
      </trkpt>
      <trkpt lat="45.954360000" lon="8.542870000">
        <ele>249.000</ele>
      </trkpt>
      <trkpt lat="45.954380000" lon="8.542910000">
        <ele>249.000</ele>
      </trkpt>
      <trkpt lat="45.954400000" lon="8.542940000">
        <ele>249.000</ele>
      </trkpt>
      <trkpt lat="45.954430000" lon="8.542950000">
        <ele>249.000</ele>
      </trkpt>
      <trkpt lat="45.954460000" lon="8.542950000">
        <ele>250.000</ele>
      </trkpt>
      <trkpt lat="45.954480000" lon="8.542930000">
        <ele>250.000</ele>
      </trkpt>
      <trkpt lat="45.954510000" lon="8.542910000">
        <ele>250.000</ele>
      </trkpt>
      <trkpt lat="45.954520000" lon="8.542880000">
        <ele>250.000</ele>
      </trkpt>
      <trkpt lat="45.954530000" lon="8.542840000">
        <ele>250.000</ele>
      </trkpt>
      <trkpt lat="45.954520000" lon="8.542800000">
        <ele>250.000</ele>
      </trkpt>
      <trkpt lat="45.954520000" lon="8.542770000">
        <ele>251.000</ele>
      </trkpt>
      <trkpt lat="45.954500000" lon="8.542750000">
        <ele>251.000</ele>
      </trkpt>
      <trkpt lat="45.954490000" lon="8.542730000">
        <ele>251.000</ele>
      </trkpt>
      <trkpt lat="45.954470000" lon="8.542710000">
        <ele>251.000</ele>
      </trkpt>
      <trkpt lat="45.954520000" lon="8.542520000">
        <ele>251.000</ele>
      </trkpt>
      <trkpt lat="45.954570000" lon="8.542300000">
        <ele>252.000</ele>
      </trkpt>
      <trkpt lat="45.955010000" lon="8.540650000">
        <ele>255.000</ele>
      </trkpt>
      <trkpt lat="45.955180000" lon="8.539970000">
        <ele>258.000</ele>
      </trkpt>
      <trkpt lat="45.955360000" lon="8.539510000">
        <ele>261.000</ele>
      </trkpt>
      <trkpt lat="45.956070000" lon="8.538120000">
        <ele>265.000</ele>
      </trkpt>
      <trkpt lat="45.956250000" lon="8.537760000">
        <ele>269.000</ele>
      </trkpt>
      <trkpt lat="45.956320000" lon="8.537630000">
        <ele>271.000</ele>
      </trkpt>
      <trkpt lat="45.956530000" lon="8.537170000">
        <ele>273.000</ele>
      </trkpt>
      <trkpt lat="45.956630000" lon="8.536920000">
        <ele>275.000</ele>
      </trkpt>
      <trkpt lat="45.956730000" lon="8.536570000">
        <ele>277.000</ele>
      </trkpt>
      <trkpt lat="45.957040000" lon="8.535150000">
        <ele>279.000</ele>
      </trkpt>
      <trkpt lat="45.957090000" lon="8.534920000">
        <ele>281.000</ele>
      </trkpt>
      <trkpt lat="45.957110000" lon="8.534820000">
        <ele>282.000</ele>
      </trkpt>
      <trkpt lat="45.957110000" lon="8.534820000">
        <ele>282.000</ele>
      </trkpt>
      <trkpt lat="45.957390000" lon="8.533370000">
        <ele>284.000</ele>
      </trkpt>
      <trkpt lat="45.957470000" lon="8.532940000">
        <ele>285.000</ele>
      </trkpt>
      <trkpt lat="45.957700000" lon="8.531760000">
        <ele>286.000</ele>
      </trkpt>
      <trkpt lat="45.957740000" lon="8.531560000">
        <ele>287.000</ele>
      </trkpt>
      <trkpt lat="45.957750000" lon="8.531360000">
        <ele>288.000</ele>
      </trkpt>
      <trkpt lat="45.957750000" lon="8.531170000">
        <ele>289.000</ele>
      </trkpt>
      <trkpt lat="45.957770000" lon="8.531160000">
        <ele>289.000</ele>
      </trkpt>
      <trkpt lat="45.957800000" lon="8.531130000">
        <ele>290.000</ele>
      </trkpt>
      <trkpt lat="45.957810000" lon="8.531090000">
        <ele>290.000</ele>
      </trkpt>
      <trkpt lat="45.957820000" lon="8.531050000">
        <ele>290.000</ele>
      </trkpt>
      <trkpt lat="45.957810000" lon="8.531010000">
        <ele>290.000</ele>
      </trkpt>
      <trkpt lat="45.957860000" lon="8.530940000">
        <ele>291.000</ele>
      </trkpt>
      <trkpt lat="45.957890000" lon="8.530880000">
        <ele>291.000</ele>
      </trkpt>
      <trkpt lat="45.958020000" lon="8.530210000">
        <ele>292.000</ele>
      </trkpt>
      <trkpt lat="45.958060000" lon="8.530060000">
        <ele>292.000</ele>
      </trkpt>
      <trkpt lat="45.958220000" lon="8.529180000">
        <ele>294.000</ele>
      </trkpt>
      <trkpt lat="45.958230000" lon="8.529140000">
        <ele>295.000</ele>
      </trkpt>
      <trkpt lat="45.958310000" lon="8.528820000">
        <ele>296.000</ele>
      </trkpt>
      <trkpt lat="45.958300000" lon="8.528470000">
        <ele>297.000</ele>
      </trkpt>
      <trkpt lat="45.958290000" lon="8.527940000">
        <ele>298.000</ele>
      </trkpt>
      <trkpt lat="45.958280000" lon="8.527910000">
        <ele>299.000</ele>
      </trkpt>
      <trkpt lat="45.958290000" lon="8.527830000">
        <ele>300.000</ele>
      </trkpt>
      <trkpt lat="45.958290000" lon="8.527780000">
        <ele>300.000</ele>
      </trkpt>
      <trkpt lat="45.958300000" lon="8.527740000">
        <ele>301.000</ele>
      </trkpt>
      <trkpt lat="45.958310000" lon="8.527730000">
        <ele>301.000</ele>
      </trkpt>
      <trkpt lat="45.958330000" lon="8.527600000">
        <ele>301.000</ele>
      </trkpt>
      <trkpt lat="45.958320000" lon="8.527460000">
        <ele>302.000</ele>
      </trkpt>
      <trkpt lat="45.958270000" lon="8.527270000">
        <ele>302.000</ele>
      </trkpt>
      <trkpt lat="45.958220000" lon="8.527120000">
        <ele>303.000</ele>
      </trkpt>
      <trkpt lat="45.958190000" lon="8.527030000">
        <ele>303.000</ele>
      </trkpt>
      <trkpt lat="45.958170000" lon="8.526990000">
        <ele>304.000</ele>
      </trkpt>
      <trkpt lat="45.958140000" lon="8.526900000">
        <ele>304.000</ele>
      </trkpt>
      <trkpt lat="45.958070000" lon="8.526650000">
        <ele>304.000</ele>
      </trkpt>
      <trkpt lat="45.958040000" lon="8.526570000">
        <ele>305.000</ele>
      </trkpt>
      <trkpt lat="45.957970000" lon="8.526310000">
        <ele>305.000</ele>
      </trkpt>
      <trkpt lat="45.957940000" lon="8.526220000">
        <ele>305.000</ele>
      </trkpt>
      <trkpt lat="45.957930000" lon="8.526100000">
        <ele>305.000</ele>
      </trkpt>
      <trkpt lat="45.957930000" lon="8.526070000">
        <ele>305.000</ele>
      </trkpt>
      <trkpt lat="45.957980000" lon="8.525540000">
        <ele>304.000</ele>
      </trkpt>
      <trkpt lat="45.957980000" lon="8.525430000">
        <ele>304.000</ele>
      </trkpt>
      <trkpt lat="45.957980000" lon="8.525420000">
        <ele>304.000</ele>
      </trkpt>
      <trkpt lat="45.957990000" lon="8.525260000">
        <ele>304.000</ele>
      </trkpt>
      <trkpt lat="45.957980000" lon="8.525200000">
        <ele>304.000</ele>
      </trkpt>
      <trkpt lat="45.957970000" lon="8.525160000">
        <ele>303.000</ele>
      </trkpt>
      <trkpt lat="45.957950000" lon="8.525060000">
        <ele>303.000</ele>
      </trkpt>
      <trkpt lat="45.957990000" lon="8.524980000">
        <ele>303.000</ele>
      </trkpt>
      <trkpt lat="45.958030000" lon="8.524830000">
        <ele>303.000</ele>
      </trkpt>
      <trkpt lat="45.958080000" lon="8.524700000">
        <ele>303.000</ele>
      </trkpt>
      <trkpt lat="45.958100000" lon="8.524650000">
        <ele>303.000</ele>
      </trkpt>
      <trkpt lat="45.958170000" lon="8.524510000">
        <ele>302.000</ele>
      </trkpt>
      <trkpt lat="45.958350000" lon="8.524240000">
        <ele>302.000</ele>
      </trkpt>
      <trkpt lat="45.958580000" lon="8.524050000">
        <ele>303.000</ele>
      </trkpt>
      <trkpt lat="45.958730000" lon="8.523990000">
        <ele>304.000</ele>
      </trkpt>
      <trkpt lat="45.958870000" lon="8.523900000">
        <ele>305.000</ele>
      </trkpt>
      <trkpt lat="45.958960000" lon="8.523790000">
        <ele>307.000</ele>
      </trkpt>
      <trkpt lat="45.959050000" lon="8.523610000">
        <ele>308.000</ele>
      </trkpt>
      <trkpt lat="45.959280000" lon="8.523060000">
        <ele>311.000</ele>
      </trkpt>
      <trkpt lat="45.959420000" lon="8.522850000">
        <ele>313.000</ele>
      </trkpt>
      <trkpt lat="45.960010000" lon="8.522290000">
        <ele>318.000</ele>
      </trkpt>
      <trkpt lat="45.961160000" lon="8.521880000">
        <ele>324.000</ele>
      </trkpt>
      <trkpt lat="45.961560000" lon="8.521860000">
        <ele>329.000</ele>
      </trkpt>
      <trkpt lat="45.962520000" lon="8.521430000">
        <ele>336.000</ele>
      </trkpt>
      <trkpt lat="45.963070000" lon="8.521300000">
        <ele>341.000</ele>
      </trkpt>
      <trkpt lat="45.963350000" lon="8.521240000">
        <ele>346.000</ele>
      </trkpt>
      <trkpt lat="45.963460000" lon="8.521170000">
        <ele>349.000</ele>
      </trkpt>
      <trkpt lat="45.963530000" lon="8.521060000">
        <ele>352.000</ele>
      </trkpt>
      <trkpt lat="45.963560000" lon="8.520870000">
        <ele>354.000</ele>
      </trkpt>
      <trkpt lat="45.963580000" lon="8.520650000">
        <ele>355.000</ele>
      </trkpt>
      <trkpt lat="45.963610000" lon="8.520550000">
        <ele>357.000</ele>
      </trkpt>
      <trkpt lat="45.963680000" lon="8.520370000">
        <ele>358.000</ele>
      </trkpt>
      <trkpt lat="45.963910000" lon="8.519690000">
        <ele>360.000</ele>
      </trkpt>
      <trkpt lat="45.963970000" lon="8.519570000">
        <ele>362.000</ele>
      </trkpt>
      <trkpt lat="45.964110000" lon="8.519440000">
        <ele>363.000</ele>
      </trkpt>
      <trkpt lat="45.964260000" lon="8.519360000">
        <ele>365.000</ele>
      </trkpt>
      <trkpt lat="45.964410000" lon="8.519270000">
        <ele>366.000</ele>
      </trkpt>
      <trkpt lat="45.964740000" lon="8.519070000">
        <ele>368.000</ele>
      </trkpt>
      <trkpt lat="45.964870000" lon="8.518710000">
        <ele>370.000</ele>
      </trkpt>
      <trkpt lat="45.964880000" lon="8.518650000">
        <ele>372.000</ele>
      </trkpt>
      <trkpt lat="45.964890000" lon="8.518560000">
        <ele>373.000</ele>
      </trkpt>
      <trkpt lat="45.964950000" lon="8.518190000">
        <ele>374.000</ele>
      </trkpt>
      <trkpt lat="45.964960000" lon="8.517610000">
        <ele>376.000</ele>
      </trkpt>
      <trkpt lat="45.964960000" lon="8.516200000">
        <ele>380.000</ele>
      </trkpt>
      <trkpt lat="45.965050000" lon="8.516140000">
        <ele>383.000</ele>
      </trkpt>
      <trkpt lat="45.965120000" lon="8.516040000">
        <ele>385.000</ele>
      </trkpt>
      <trkpt lat="45.965140000" lon="8.515890000">
        <ele>386.000</ele>
      </trkpt>
      <trkpt lat="45.965120000" lon="8.515480000">
        <ele>388.000</ele>
      </trkpt>
      <trkpt lat="45.965120000" lon="8.514910000">
        <ele>390.000</ele>
      </trkpt>
      <trkpt lat="45.965140000" lon="8.514420000">
        <ele>393.000</ele>
      </trkpt>
      <trkpt lat="45.965190000" lon="8.513940000">
        <ele>395.000</ele>
      </trkpt>
      <trkpt lat="45.965250000" lon="8.513400000">
        <ele>397.000</ele>
      </trkpt>
      <trkpt lat="45.965310000" lon="8.513210000">
        <ele>400.000</ele>
      </trkpt>
      <trkpt lat="45.965590000" lon="8.512390000">
        <ele>403.000</ele>
      </trkpt>
      <trkpt lat="45.965660000" lon="8.512220000">
        <ele>405.000</ele>
      </trkpt>
      <trkpt lat="45.965690000" lon="8.512200000">
        <ele>407.000</ele>
      </trkpt>
      <trkpt lat="45.965720000" lon="8.512170000">
        <ele>409.000</ele>
      </trkpt>
      <trkpt lat="45.965810000" lon="8.512160000">
        <ele>410.000</ele>
      </trkpt>
      <trkpt lat="45.965910000" lon="8.512230000">
        <ele>412.000</ele>
      </trkpt>
      <trkpt lat="45.965970000" lon="8.512310000">
        <ele>413.000</ele>
      </trkpt>
      <trkpt lat="45.966010000" lon="8.512480000">
        <ele>415.000</ele>
      </trkpt>
      <trkpt lat="45.966070000" lon="8.512770000">
        <ele>417.000</ele>
      </trkpt>
      <trkpt lat="45.966120000" lon="8.512980000">
        <ele>420.000</ele>
      </trkpt>
      <trkpt lat="45.966200000" lon="8.513290000">
        <ele>423.000</ele>
      </trkpt>
      <trkpt lat="45.966270000" lon="8.513720000">
        <ele>426.000</ele>
      </trkpt>
      <trkpt lat="45.966340000" lon="8.514080000">
        <ele>430.000</ele>
      </trkpt>
      <trkpt lat="45.966430000" lon="8.514480000">
        <ele>434.000</ele>
      </trkpt>
      <trkpt lat="45.966470000" lon="8.514800000">
        <ele>437.000</ele>
      </trkpt>
      <trkpt lat="45.966520000" lon="8.515180000">
        <ele>440.000</ele>
      </trkpt>
      <trkpt lat="45.966610000" lon="8.515520000">
        <ele>442.000</ele>
      </trkpt>
      <trkpt lat="45.966690000" lon="8.515890000">
        <ele>444.000</ele>
      </trkpt>
      <trkpt lat="45.966810000" lon="8.516340000">
        <ele>446.000</ele>
      </trkpt>
      <trkpt lat="45.966850000" lon="8.516670000">
        <ele>447.000</ele>
      </trkpt>
      <trkpt lat="45.966860000" lon="8.516930000">
        <ele>449.000</ele>
      </trkpt>
      <trkpt lat="45.966890000" lon="8.517180000">
        <ele>450.000</ele>
      </trkpt>
      <trkpt lat="45.966970000" lon="8.517540000">
        <ele>452.000</ele>
      </trkpt>
      <trkpt lat="45.967100000" lon="8.517810000">
        <ele>455.000</ele>
      </trkpt>
      <trkpt lat="45.967230000" lon="8.518020000">
        <ele>458.000</ele>
      </trkpt>
      <trkpt lat="45.967330000" lon="8.518160000">
        <ele>461.000</ele>
      </trkpt>
      <trkpt lat="45.967370000" lon="8.518210000">
        <ele>463.000</ele>
      </trkpt>
      <trkpt lat="45.967420000" lon="8.518240000">
        <ele>465.000</ele>
      </trkpt>
      <trkpt lat="45.967480000" lon="8.518240000">
        <ele>466.000</ele>
      </trkpt>
      <trkpt lat="45.967530000" lon="8.518220000">
        <ele>468.000</ele>
      </trkpt>
      <trkpt lat="45.967610000" lon="8.518190000">
        <ele>469.000</ele>
      </trkpt>
      <trkpt lat="45.967670000" lon="8.518130000">
        <ele>470.000</ele>
      </trkpt>
      <trkpt lat="45.967680000" lon="8.518120000">
        <ele>471.000</ele>
      </trkpt>
      <trkpt lat="45.967730000" lon="8.518040000">
        <ele>472.000</ele>
      </trkpt>
      <trkpt lat="45.967770000" lon="8.517840000">
        <ele>474.000</ele>
      </trkpt>
      <trkpt lat="45.967800000" lon="8.517550000">
        <ele>476.000</ele>
      </trkpt>
      <trkpt lat="45.967780000" lon="8.517180000">
        <ele>479.000</ele>
      </trkpt>
      <trkpt lat="45.967780000" lon="8.517040000">
        <ele>481.000</ele>
      </trkpt>
      <trkpt lat="45.967800000" lon="8.516990000">
        <ele>483.000</ele>
      </trkpt>
      <trkpt lat="45.967840000" lon="8.516970000">
        <ele>484.000</ele>
      </trkpt>
      <trkpt lat="45.967880000" lon="8.516970000">
        <ele>485.000</ele>
      </trkpt>
      <trkpt lat="45.967920000" lon="8.516990000">
        <ele>485.000</ele>
      </trkpt>
      <trkpt lat="45.967950000" lon="8.517100000">
        <ele>486.000</ele>
      </trkpt>
      <trkpt lat="45.968040000" lon="8.517370000">
        <ele>487.000</ele>
      </trkpt>
      <trkpt lat="45.968240000" lon="8.518050000">
        <ele>489.000</ele>
      </trkpt>
      <trkpt lat="45.968270000" lon="8.518220000">
        <ele>491.000</ele>
      </trkpt>
      <trkpt lat="45.968300000" lon="8.518440000">
        <ele>493.000</ele>
      </trkpt>
      <trkpt lat="45.968340000" lon="8.518750000">
        <ele>495.000</ele>
      </trkpt>
      <trkpt lat="45.968370000" lon="8.518940000">
        <ele>496.000</ele>
      </trkpt>
      <trkpt lat="45.968410000" lon="8.519050000">
        <ele>497.000</ele>
      </trkpt>
      <trkpt lat="45.968450000" lon="8.519100000">
        <ele>498.000</ele>
      </trkpt>
      <trkpt lat="45.968510000" lon="8.519120000">
        <ele>499.000</ele>
      </trkpt>
      <trkpt lat="45.968550000" lon="8.519120000">
        <ele>500.000</ele>
      </trkpt>
      <trkpt lat="45.968600000" lon="8.519040000">
        <ele>501.000</ele>
      </trkpt>
      <trkpt lat="45.968620000" lon="8.518950000">
        <ele>502.000</ele>
      </trkpt>
      <trkpt lat="45.968630000" lon="8.518820000">
        <ele>502.000</ele>
      </trkpt>
      <trkpt lat="45.968630000" lon="8.518640000">
        <ele>503.000</ele>
      </trkpt>
      <trkpt lat="45.968640000" lon="8.518500000">
        <ele>504.000</ele>
      </trkpt>
      <trkpt lat="45.968750000" lon="8.518090000">
        <ele>506.000</ele>
      </trkpt>
      <trkpt lat="45.968830000" lon="8.517630000">
        <ele>509.000</ele>
      </trkpt>
      <trkpt lat="45.968870000" lon="8.517400000">
        <ele>511.000</ele>
      </trkpt>
      <trkpt lat="45.968900000" lon="8.517310000">
        <ele>512.000</ele>
      </trkpt>
      <trkpt lat="45.968950000" lon="8.517270000">
        <ele>514.000</ele>
      </trkpt>
      <trkpt lat="45.969020000" lon="8.517260000">
        <ele>515.000</ele>
      </trkpt>
      <trkpt lat="45.969100000" lon="8.517290000">
        <ele>516.000</ele>
      </trkpt>
      <trkpt lat="45.969250000" lon="8.517360000">
        <ele>517.000</ele>
      </trkpt>
      <trkpt lat="45.969420000" lon="8.517400000">
        <ele>519.000</ele>
      </trkpt>
      <trkpt lat="45.969620000" lon="8.517430000">
        <ele>520.000</ele>
      </trkpt>
      <trkpt lat="45.969770000" lon="8.517430000">
        <ele>522.000</ele>
      </trkpt>
      <trkpt lat="45.969870000" lon="8.517390000">
        <ele>523.000</ele>
      </trkpt>
      <trkpt lat="45.969960000" lon="8.517280000">
        <ele>524.000</ele>
      </trkpt>
      <trkpt lat="45.970000000" lon="8.517200000">
        <ele>526.000</ele>
      </trkpt>
      <trkpt lat="45.970010000" lon="8.517080000">
        <ele>527.000</ele>
      </trkpt>
      <trkpt lat="45.970020000" lon="8.516830000">
        <ele>528.000</ele>
      </trkpt>
      <trkpt lat="45.970010000" lon="8.516440000">
        <ele>529.000</ele>
      </trkpt>
      <trkpt lat="45.969980000" lon="8.516050000">
        <ele>532.000</ele>
      </trkpt>
      <trkpt lat="45.969950000" lon="8.515590000">
        <ele>534.000</ele>
      </trkpt>
      <trkpt lat="45.969900000" lon="8.515180000">
        <ele>536.000</ele>
      </trkpt>
      <trkpt lat="45.969860000" lon="8.514890000">
        <ele>539.000</ele>
      </trkpt>
      <trkpt lat="45.969860000" lon="8.514720000">
        <ele>541.000</ele>
      </trkpt>
      <trkpt lat="45.969880000" lon="8.514520000">
        <ele>542.000</ele>
      </trkpt>
      <trkpt lat="45.969890000" lon="8.514390000">
        <ele>543.000</ele>
      </trkpt>
      <trkpt lat="45.969900000" lon="8.514250000">
        <ele>545.000</ele>
      </trkpt>
      <trkpt lat="45.969920000" lon="8.514040000">
        <ele>546.000</ele>
      </trkpt>
      <trkpt lat="45.969930000" lon="8.513770000">
        <ele>547.000</ele>
      </trkpt>
      <trkpt lat="45.969950000" lon="8.513700000">
        <ele>548.000</ele>
      </trkpt>
      <trkpt lat="45.969980000" lon="8.513660000">
        <ele>549.000</ele>
      </trkpt>
      <trkpt lat="45.970030000" lon="8.513660000">
        <ele>549.000</ele>
      </trkpt>
      <trkpt lat="45.970060000" lon="8.513660000">
        <ele>550.000</ele>
      </trkpt>
      <trkpt lat="45.970100000" lon="8.513690000">
        <ele>550.000</ele>
      </trkpt>
      <trkpt lat="45.970120000" lon="8.513710000">
        <ele>551.000</ele>
      </trkpt>
      <trkpt lat="45.970140000" lon="8.513780000">
        <ele>551.000</ele>
      </trkpt>
      <trkpt lat="45.970140000" lon="8.513880000">
        <ele>552.000</ele>
      </trkpt>
      <trkpt lat="45.970130000" lon="8.514030000">
        <ele>552.000</ele>
      </trkpt>
      <trkpt lat="45.970130000" lon="8.514230000">
        <ele>553.000</ele>
      </trkpt>
      <trkpt lat="45.970170000" lon="8.514360000">
        <ele>554.000</ele>
      </trkpt>
      <trkpt lat="45.970260000" lon="8.514490000">
        <ele>555.000</ele>
      </trkpt>
      <trkpt lat="45.970360000" lon="8.514580000">
        <ele>556.000</ele>
      </trkpt>
      <trkpt lat="45.970440000" lon="8.514690000">
        <ele>557.000</ele>
      </trkpt>
      <trkpt lat="45.970550000" lon="8.514840000">
        <ele>558.000</ele>
      </trkpt>
      <trkpt lat="45.970610000" lon="8.514890000">
        <ele>560.000</ele>
      </trkpt>
      <trkpt lat="45.970690000" lon="8.514910000">
        <ele>561.000</ele>
      </trkpt>
      <trkpt lat="45.970740000" lon="8.514920000">
        <ele>562.000</ele>
      </trkpt>
      <trkpt lat="45.970850000" lon="8.514900000">
        <ele>563.000</ele>
      </trkpt>
      <trkpt lat="45.970870000" lon="8.514930000">
        <ele>564.000</ele>
      </trkpt>
      <trkpt lat="45.970910000" lon="8.514990000">
        <ele>565.000</ele>
      </trkpt>
      <trkpt lat="45.970960000" lon="8.515100000">
        <ele>566.000</ele>
      </trkpt>
      <trkpt lat="45.971090000" lon="8.515520000">
        <ele>568.000</ele>
      </trkpt>
      <trkpt lat="45.971160000" lon="8.515850000">
        <ele>570.000</ele>
      </trkpt>
      <trkpt lat="45.971240000" lon="8.516110000">
        <ele>572.000</ele>
      </trkpt>
      <trkpt lat="45.971270000" lon="8.516190000">
        <ele>574.000</ele>
      </trkpt>
      <trkpt lat="45.971340000" lon="8.516350000">
        <ele>576.000</ele>
      </trkpt>
      <trkpt lat="45.971390000" lon="8.516480000">
        <ele>577.000</ele>
      </trkpt>
      <trkpt lat="45.971460000" lon="8.516500000">
        <ele>578.000</ele>
      </trkpt>
      <trkpt lat="45.971540000" lon="8.516500000">
        <ele>579.000</ele>
      </trkpt>
      <trkpt lat="45.971560000" lon="8.516750000">
        <ele>579.000</ele>
      </trkpt>
      <trkpt lat="45.971580000" lon="8.516940000">
        <ele>580.000</ele>
      </trkpt>
      <trkpt lat="45.971580000" lon="8.517050000">
        <ele>580.000</ele>
      </trkpt>
      <trkpt lat="45.971580000" lon="8.517100000">
        <ele>580.000</ele>
      </trkpt>
      <trkpt lat="45.971580000" lon="8.517130000">
        <ele>580.000</ele>
      </trkpt>
      <trkpt lat="45.971560000" lon="8.517430000">
        <ele>580.000</ele>
      </trkpt>
      <trkpt lat="45.971490000" lon="8.517890000">
        <ele>581.000</ele>
      </trkpt>
      <trkpt lat="45.971470000" lon="8.518160000">
        <ele>581.000</ele>
      </trkpt>
      <trkpt lat="45.971460000" lon="8.518280000">
        <ele>581.000</ele>
      </trkpt>
      <trkpt lat="45.971440000" lon="8.518500000">
        <ele>581.000</ele>
      </trkpt>
      <trkpt lat="45.971390000" lon="8.519050000">
        <ele>582.000</ele>
      </trkpt>
      <trkpt lat="45.971350000" lon="8.519470000">
        <ele>582.000</ele>
      </trkpt>
      <trkpt lat="45.971340000" lon="8.519660000">
        <ele>582.000</ele>
      </trkpt>
      <trkpt lat="45.971260000" lon="8.520330000">
        <ele>582.000</ele>
      </trkpt>
      <trkpt lat="45.971160000" lon="8.520860000">
        <ele>582.000</ele>
      </trkpt>
      <trkpt lat="45.971160000" lon="8.520860000">
        <ele>582.000</ele>
      </trkpt>
      <trkpt lat="45.971160000" lon="8.520860000">
        <ele>582.000</ele>
      </trkpt>
      <trkpt lat="45.971210000" lon="8.521540000">
        <ele>582.000</ele>
      </trkpt>
      <trkpt lat="45.971260000" lon="8.521970000">
        <ele>582.000</ele>
      </trkpt>
      <trkpt lat="45.971310000" lon="8.522530000">
        <ele>583.000</ele>
      </trkpt>
      <trkpt lat="45.971390000" lon="8.522990000">
        <ele>583.000</ele>
      </trkpt>
      <trkpt lat="45.971450000" lon="8.523440000">
        <ele>583.000</ele>
      </trkpt>
      <trkpt lat="45.971470000" lon="8.523790000">
        <ele>583.000</ele>
      </trkpt>
      <trkpt lat="45.971440000" lon="8.524000000">
        <ele>583.000</ele>
      </trkpt>
      <trkpt lat="45.971390000" lon="8.524330000">
        <ele>583.000</ele>
      </trkpt>
      <trkpt lat="45.971380000" lon="8.524470000">
        <ele>583.000</ele>
      </trkpt>
      <trkpt lat="45.971370000" lon="8.524570000">
        <ele>583.000</ele>
      </trkpt>
      <trkpt lat="45.971380000" lon="8.524640000">
        <ele>583.000</ele>
      </trkpt>
      <trkpt lat="45.971390000" lon="8.524930000">
        <ele>583.000</ele>
      </trkpt>
      <trkpt lat="45.971390000" lon="8.525040000">
        <ele>583.000</ele>
      </trkpt>
      <trkpt lat="45.971380000" lon="8.525100000">
        <ele>583.000</ele>
      </trkpt>
      <trkpt lat="45.971380000" lon="8.525420000">
        <ele>583.000</ele>
      </trkpt>
      <trkpt lat="45.971370000" lon="8.525800000">
        <ele>583.000</ele>
      </trkpt>
      <trkpt lat="45.971380000" lon="8.526170000">
        <ele>583.000</ele>
      </trkpt>
      <trkpt lat="45.971400000" lon="8.526520000">
        <ele>583.000</ele>
      </trkpt>
      <trkpt lat="45.971450000" lon="8.526900000">
        <ele>583.000</ele>
      </trkpt>
      <trkpt lat="45.971590000" lon="8.527400000">
        <ele>583.000</ele>
      </trkpt>
      <trkpt lat="45.971700000" lon="8.527770000">
        <ele>584.000</ele>
      </trkpt>
      <trkpt lat="45.971740000" lon="8.527980000">
        <ele>584.000</ele>
      </trkpt>
      <trkpt lat="45.971730000" lon="8.528170000">
        <ele>585.000</ele>
      </trkpt>
      <trkpt lat="45.971730000" lon="8.528290000">
        <ele>585.000</ele>
      </trkpt>
      <trkpt lat="45.971730000" lon="8.528930000">
        <ele>586.000</ele>
      </trkpt>
      <trkpt lat="45.971730000" lon="8.529300000">
        <ele>587.000</ele>
      </trkpt>
      <trkpt lat="45.971740000" lon="8.529600000">
        <ele>587.000</ele>
      </trkpt>
      <trkpt lat="45.971790000" lon="8.529850000">
        <ele>588.000</ele>
      </trkpt>
      <trkpt lat="45.971890000" lon="8.530160000">
        <ele>589.000</ele>
      </trkpt>
      <trkpt lat="45.971950000" lon="8.530400000">
        <ele>589.000</ele>
      </trkpt>
      <trkpt lat="45.971970000" lon="8.530700000">
        <ele>590.000</ele>
      </trkpt>
      <trkpt lat="45.971990000" lon="8.531060000">
        <ele>590.000</ele>
      </trkpt>
      <trkpt lat="45.972020000" lon="8.531330000">
        <ele>590.000</ele>
      </trkpt>
      <trkpt lat="45.972140000" lon="8.531860000">
        <ele>591.000</ele>
      </trkpt>
      <trkpt lat="45.972240000" lon="8.532430000">
        <ele>591.000</ele>
      </trkpt>
      <trkpt lat="45.972280000" lon="8.532730000">
        <ele>591.000</ele>
      </trkpt>
      <trkpt lat="45.972290000" lon="8.532770000">
        <ele>591.000</ele>
      </trkpt>
      <trkpt lat="45.972310000" lon="8.533670000">
        <ele>589.000</ele>
      </trkpt>
      <trkpt lat="45.972290000" lon="8.534040000">
        <ele>586.000</ele>
      </trkpt>
      <trkpt lat="45.972260000" lon="8.534230000">
        <ele>583.000</ele>
      </trkpt>
      <trkpt lat="45.972180000" lon="8.534360000">
        <ele>581.000</ele>
      </trkpt>
      <trkpt lat="45.972160000" lon="8.534390000">
        <ele>580.000</ele>
      </trkpt>
      <trkpt lat="45.972140000" lon="8.534420000">
        <ele>578.000</ele>
      </trkpt>
      <trkpt lat="45.972060000" lon="8.534530000">
        <ele>577.000</ele>
      </trkpt>
      <trkpt lat="45.971900000" lon="8.534590000">
        <ele>576.000</ele>
      </trkpt>
      <trkpt lat="45.971750000" lon="8.534570000">
        <ele>574.000</ele>
      </trkpt>
      <trkpt lat="45.971610000" lon="8.534590000">
        <ele>572.000</ele>
      </trkpt>
      <trkpt lat="45.971510000" lon="8.534710000">
        <ele>571.000</ele>
      </trkpt>
      <trkpt lat="45.971480000" lon="8.534900000">
        <ele>569.000</ele>
      </trkpt>
      <trkpt lat="45.971490000" lon="8.535640000">
        <ele>568.000</ele>
      </trkpt>
      <trkpt lat="45.971470000" lon="8.535800000">
        <ele>566.000</ele>
      </trkpt>
      <trkpt lat="45.971410000" lon="8.535970000">
        <ele>565.000</ele>
      </trkpt>
      <trkpt lat="45.971310000" lon="8.536080000">
        <ele>564.000</ele>
      </trkpt>
      <trkpt lat="45.971180000" lon="8.536110000">
        <ele>563.000</ele>
      </trkpt>
      <trkpt lat="45.971070000" lon="8.536080000">
        <ele>562.000</ele>
      </trkpt>
      <trkpt lat="45.970990000" lon="8.536020000">
        <ele>561.000</ele>
      </trkpt>
      <trkpt lat="45.970970000" lon="8.535960000">
        <ele>561.000</ele>
      </trkpt>
      <trkpt lat="45.970920000" lon="8.535860000">
        <ele>560.000</ele>
      </trkpt>
      <trkpt lat="45.970890000" lon="8.535530000">
        <ele>559.000</ele>
      </trkpt>
      <trkpt lat="45.970890000" lon="8.535470000">
        <ele>559.000</ele>
      </trkpt>
      <trkpt lat="45.970860000" lon="8.535180000">
        <ele>558.000</ele>
      </trkpt>
      <trkpt lat="45.970750000" lon="8.534230000">
        <ele>556.000</ele>
      </trkpt>
      <trkpt lat="45.970590000" lon="8.533440000">
        <ele>553.000</ele>
      </trkpt>
      <trkpt lat="45.970520000" lon="8.533290000">
        <ele>551.000</ele>
      </trkpt>
      <trkpt lat="45.970450000" lon="8.533320000">
        <ele>549.000</ele>
      </trkpt>
      <trkpt lat="45.970390000" lon="8.533470000">
        <ele>548.000</ele>
      </trkpt>
      <trkpt lat="45.970400000" lon="8.534740000">
        <ele>545.000</ele>
      </trkpt>
      <trkpt lat="45.970390000" lon="8.535180000">
        <ele>542.000</ele>
      </trkpt>
      <trkpt lat="45.970390000" lon="8.535250000">
        <ele>540.000</ele>
      </trkpt>
      <trkpt lat="45.970380000" lon="8.535860000">
        <ele>537.000</ele>
      </trkpt>
      <trkpt lat="45.970360000" lon="8.536120000">
        <ele>535.000</ele>
      </trkpt>
      <trkpt lat="45.970310000" lon="8.536210000">
        <ele>534.000</ele>
      </trkpt>
      <trkpt lat="45.970250000" lon="8.536210000">
        <ele>532.000</ele>
      </trkpt>
      <trkpt lat="45.970180000" lon="8.536130000">
        <ele>531.000</ele>
      </trkpt>
      <trkpt lat="45.970160000" lon="8.535830000">
        <ele>530.000</ele>
      </trkpt>
      <trkpt lat="45.970120000" lon="8.535390000">
        <ele>529.000</ele>
      </trkpt>
      <trkpt lat="45.970100000" lon="8.535230000">
        <ele>527.000</ele>
      </trkpt>
      <trkpt lat="45.970090000" lon="8.535200000">
        <ele>526.000</ele>
      </trkpt>
      <trkpt lat="45.970090000" lon="8.535190000">
        <ele>526.000</ele>
      </trkpt>
      <trkpt lat="45.969900000" lon="8.534730000">
        <ele>524.000</ele>
      </trkpt>
      <trkpt lat="45.969630000" lon="8.533600000">
        <ele>521.000</ele>
      </trkpt>
      <trkpt lat="45.969590000" lon="8.533270000">
        <ele>518.000</ele>
      </trkpt>
      <trkpt lat="45.969630000" lon="8.532900000">
        <ele>516.000</ele>
      </trkpt>
      <trkpt lat="45.969650000" lon="8.532650000">
        <ele>514.000</ele>
      </trkpt>
      <trkpt lat="45.969600000" lon="8.532580000">
        <ele>512.000</ele>
      </trkpt>
      <trkpt lat="45.969530000" lon="8.532620000">
        <ele>511.000</ele>
      </trkpt>
      <trkpt lat="45.969480000" lon="8.532800000">
        <ele>510.000</ele>
      </trkpt>
      <trkpt lat="45.969320000" lon="8.534230000">
        <ele>506.000</ele>
      </trkpt>
      <trkpt lat="45.969270000" lon="8.534820000">
        <ele>503.000</ele>
      </trkpt>
      <trkpt lat="45.969260000" lon="8.534890000">
        <ele>500.000</ele>
      </trkpt>
      <trkpt lat="45.969220000" lon="8.535360000">
        <ele>498.000</ele>
      </trkpt>
      <trkpt lat="45.969050000" lon="8.536350000">
        <ele>494.000</ele>
      </trkpt>
      <trkpt lat="45.968970000" lon="8.536820000">
        <ele>492.000</ele>
      </trkpt>
      <trkpt lat="45.968960000" lon="8.537050000">
        <ele>489.000</ele>
      </trkpt>
      <trkpt lat="45.968990000" lon="8.537250000">
        <ele>488.000</ele>
      </trkpt>
      <trkpt lat="45.969230000" lon="8.537940000">
        <ele>485.000</ele>
      </trkpt>
      <trkpt lat="45.969240000" lon="8.538140000">
        <ele>483.000</ele>
      </trkpt>
      <trkpt lat="45.969130000" lon="8.539450000">
        <ele>479.000</ele>
      </trkpt>
      <trkpt lat="45.969130000" lon="8.539550000">
        <ele>477.000</ele>
      </trkpt>
      <trkpt lat="45.969140000" lon="8.539670000">
        <ele>475.000</ele>
      </trkpt>
      <trkpt lat="45.969290000" lon="8.540500000">
        <ele>472.000</ele>
      </trkpt>
      <trkpt lat="45.969630000" lon="8.541880000">
        <ele>467.000</ele>
      </trkpt>
      <trkpt lat="45.969690000" lon="8.542290000">
        <ele>463.000</ele>
      </trkpt>
      <trkpt lat="45.969710000" lon="8.543240000">
        <ele>458.000</ele>
      </trkpt>
      <trkpt lat="45.969750000" lon="8.543530000">
        <ele>455.000</ele>
      </trkpt>
      <trkpt lat="45.969850000" lon="8.544010000">
        <ele>451.000</ele>
      </trkpt>
      <trkpt lat="45.970020000" lon="8.544470000">
        <ele>448.000</ele>
      </trkpt>
      <trkpt lat="45.970040000" lon="8.544670000">
        <ele>445.000</ele>
      </trkpt>
      <trkpt lat="45.970060000" lon="8.544980000">
        <ele>443.000</ele>
      </trkpt>
      <trkpt lat="45.970150000" lon="8.545380000">
        <ele>441.000</ele>
      </trkpt>
      <trkpt lat="45.970180000" lon="8.545480000">
        <ele>439.000</ele>
      </trkpt>
      <trkpt lat="45.970180000" lon="8.545570000">
        <ele>437.000</ele>
      </trkpt>
      <trkpt lat="45.970150000" lon="8.545620000">
        <ele>436.000</ele>
      </trkpt>
      <trkpt lat="45.970110000" lon="8.545660000">
        <ele>435.000</ele>
      </trkpt>
      <trkpt lat="45.970060000" lon="8.545640000">
        <ele>435.000</ele>
      </trkpt>
      <trkpt lat="45.970040000" lon="8.545600000">
        <ele>434.000</ele>
      </trkpt>
      <trkpt lat="45.969990000" lon="8.545390000">
        <ele>434.000</ele>
      </trkpt>
      <trkpt lat="45.969880000" lon="8.544820000">
        <ele>433.000</ele>
      </trkpt>
      <trkpt lat="45.969830000" lon="8.544590000">
        <ele>432.000</ele>
      </trkpt>
      <trkpt lat="45.969160000" lon="8.542990000">
        <ele>429.000</ele>
      </trkpt>
      <trkpt lat="45.968980000" lon="8.542280000">
        <ele>427.000</ele>
      </trkpt>
      <trkpt lat="45.968920000" lon="8.542170000">
        <ele>425.000</ele>
      </trkpt>
      <trkpt lat="45.968870000" lon="8.542110000">
        <ele>424.000</ele>
      </trkpt>
      <trkpt lat="45.968810000" lon="8.542120000">
        <ele>423.000</ele>
      </trkpt>
      <trkpt lat="45.968790000" lon="8.542180000">
        <ele>423.000</ele>
      </trkpt>
      <trkpt lat="45.968780000" lon="8.542280000">
        <ele>422.000</ele>
      </trkpt>
      <trkpt lat="45.968810000" lon="8.542370000">
        <ele>422.000</ele>
      </trkpt>
      <trkpt lat="45.969290000" lon="8.544040000">
        <ele>420.000</ele>
      </trkpt>
      <trkpt lat="45.969390000" lon="8.544670000">
        <ele>417.000</ele>
      </trkpt>
      <trkpt lat="45.969410000" lon="8.545010000">
        <ele>415.000</ele>
      </trkpt>
      <trkpt lat="45.969440000" lon="8.545380000">
        <ele>412.000</ele>
      </trkpt>
      <trkpt lat="45.969450000" lon="8.545440000">
        <ele>410.000</ele>
      </trkpt>
      <trkpt lat="45.969460000" lon="8.545690000">
        <ele>408.000</ele>
      </trkpt>
      <trkpt lat="45.969490000" lon="8.545860000">
        <ele>406.000</ele>
      </trkpt>
      <trkpt lat="45.969570000" lon="8.546280000">
        <ele>404.000</ele>
      </trkpt>
      <trkpt lat="45.969700000" lon="8.546950000">
        <ele>401.000</ele>
      </trkpt>
      <trkpt lat="45.969840000" lon="8.547460000">
        <ele>397.000</ele>
      </trkpt>
      <trkpt lat="45.969820000" lon="8.547520000">
        <ele>394.000</ele>
      </trkpt>
      <trkpt lat="45.969820000" lon="8.547530000">
        <ele>392.000</ele>
      </trkpt>
      <trkpt lat="45.969790000" lon="8.547570000">
        <ele>391.000</ele>
      </trkpt>
      <trkpt lat="45.969750000" lon="8.547570000">
        <ele>390.000</ele>
      </trkpt>
      <trkpt lat="45.969710000" lon="8.547570000">
        <ele>389.000</ele>
      </trkpt>
      <trkpt lat="45.969670000" lon="8.547530000">
        <ele>388.000</ele>
      </trkpt>
      <trkpt lat="45.969520000" lon="8.547090000">
        <ele>386.000</ele>
      </trkpt>
      <trkpt lat="45.969440000" lon="8.546960000">
        <ele>384.000</ele>
      </trkpt>
      <trkpt lat="45.969360000" lon="8.546890000">
        <ele>382.000</ele>
      </trkpt>
      <trkpt lat="45.969240000" lon="8.546890000">
        <ele>381.000</ele>
      </trkpt>
      <trkpt lat="45.969150000" lon="8.546890000">
        <ele>379.000</ele>
      </trkpt>
      <trkpt lat="45.968730000" lon="8.546890000">
        <ele>376.000</ele>
      </trkpt>
      <trkpt lat="45.968560000" lon="8.546900000">
        <ele>374.000</ele>
      </trkpt>
      <trkpt lat="45.968450000" lon="8.546860000">
        <ele>372.000</ele>
      </trkpt>
      <trkpt lat="45.968210000" lon="8.546740000">
        <ele>370.000</ele>
      </trkpt>
      <trkpt lat="45.968130000" lon="8.546700000">
        <ele>368.000</ele>
      </trkpt>
      <trkpt lat="45.967630000" lon="8.546440000">
        <ele>366.000</ele>
      </trkpt>
      <trkpt lat="45.967230000" lon="8.546340000">
        <ele>364.000</ele>
      </trkpt>
      <trkpt lat="45.967040000" lon="8.546320000">
        <ele>362.000</ele>
      </trkpt>
      <trkpt lat="45.966820000" lon="8.546370000">
        <ele>360.000</ele>
      </trkpt>
      <trkpt lat="45.966680000" lon="8.546400000">
        <ele>358.000</ele>
      </trkpt>
      <trkpt lat="45.966580000" lon="8.546380000">
        <ele>357.000</ele>
      </trkpt>
      <trkpt lat="45.966510000" lon="8.546320000">
        <ele>355.000</ele>
      </trkpt>
      <trkpt lat="45.966380000" lon="8.545890000">
        <ele>352.000</ele>
      </trkpt>
      <trkpt lat="45.966340000" lon="8.545600000">
        <ele>350.000</ele>
      </trkpt>
      <trkpt lat="45.966240000" lon="8.545350000">
        <ele>347.000</ele>
      </trkpt>
      <trkpt lat="45.966090000" lon="8.545170000">
        <ele>344.000</ele>
      </trkpt>
      <trkpt lat="45.965960000" lon="8.545080000">
        <ele>342.000</ele>
      </trkpt>
      <trkpt lat="45.965860000" lon="8.545040000">
        <ele>340.000</ele>
      </trkpt>
      <trkpt lat="45.965660000" lon="8.545020000">
        <ele>337.000</ele>
      </trkpt>
      <trkpt lat="45.965240000" lon="8.545030000">
        <ele>334.000</ele>
      </trkpt>
      <trkpt lat="45.965110000" lon="8.545060000">
        <ele>331.000</ele>
      </trkpt>
      <trkpt lat="45.965110000" lon="8.545060000">
        <ele>329.000</ele>
      </trkpt>
      <trkpt lat="45.964930000" lon="8.545110000">
        <ele>327.000</ele>
      </trkpt>
      <trkpt lat="45.964740000" lon="8.545110000">
        <ele>325.000</ele>
      </trkpt>
      <trkpt lat="45.964570000" lon="8.545040000">
        <ele>323.000</ele>
      </trkpt>
      <trkpt lat="45.964000000" lon="8.544840000">
        <ele>320.000</ele>
      </trkpt>
      <trkpt lat="45.963410000" lon="8.544930000">
        <ele>316.000</ele>
      </trkpt>
      <trkpt lat="45.963320000" lon="8.545100000">
        <ele>313.000</ele>
      </trkpt>
      <trkpt lat="45.963100000" lon="8.545450000">
        <ele>311.000</ele>
      </trkpt>
      <trkpt lat="45.962990000" lon="8.545580000">
        <ele>309.000</ele>
      </trkpt>
      <trkpt lat="45.962840000" lon="8.545640000">
        <ele>308.000</ele>
      </trkpt>
      <trkpt lat="45.962870000" lon="8.545850000">
        <ele>307.000</ele>
      </trkpt>
      <trkpt lat="45.962720000" lon="8.546020000">
        <ele>306.000</ele>
      </trkpt>
      <trkpt lat="45.962180000" lon="8.546670000">
        <ele>305.000</ele>
      </trkpt>
      <trkpt lat="45.962000000" lon="8.546870000">
        <ele>304.000</ele>
      </trkpt>
      <trkpt lat="45.961780000" lon="8.546920000">
        <ele>303.000</ele>
      </trkpt>
      <trkpt lat="45.961670000" lon="8.546910000">
        <ele>303.000</ele>
      </trkpt>
      <trkpt lat="45.961610000" lon="8.546890000">
        <ele>302.000</ele>
      </trkpt>
      <trkpt lat="45.961410000" lon="8.546750000">
        <ele>302.000</ele>
      </trkpt>
      <trkpt lat="45.961100000" lon="8.546500000">
        <ele>301.000</ele>
      </trkpt>
      <trkpt lat="45.961050000" lon="8.546460000">
        <ele>301.000</ele>
      </trkpt>
      <trkpt lat="45.960740000" lon="8.546210000">
        <ele>300.000</ele>
      </trkpt>
      <trkpt lat="45.960380000" lon="8.545920000">
        <ele>300.000</ele>
      </trkpt>
      <trkpt lat="45.960200000" lon="8.545770000">
        <ele>299.000</ele>
      </trkpt>
      <trkpt lat="45.959850000" lon="8.545510000">
        <ele>298.000</ele>
      </trkpt>
      <trkpt lat="45.959600000" lon="8.545330000">
        <ele>297.000</ele>
      </trkpt>
      <trkpt lat="45.959440000" lon="8.545610000">
        <ele>296.000</ele>
      </trkpt>
      <trkpt lat="45.959050000" lon="8.546450000">
        <ele>295.000</ele>
      </trkpt>
      <trkpt lat="45.958840000" lon="8.546860000">
        <ele>293.000</ele>
      </trkpt>
      <trkpt lat="45.958710000" lon="8.547010000">
        <ele>291.000</ele>
      </trkpt>
      <trkpt lat="45.958590000" lon="8.547040000">
        <ele>290.000</ele>
      </trkpt>
      <trkpt lat="45.958430000" lon="8.547070000">
        <ele>289.000</ele>
      </trkpt>
      <trkpt lat="45.957980000" lon="8.547100000">
        <ele>287.000</ele>
      </trkpt>
      <trkpt lat="45.957810000" lon="8.547120000">
        <ele>285.000</ele>
      </trkpt>
      <trkpt lat="45.957790000" lon="8.547120000">
        <ele>284.000</ele>
      </trkpt>
      <trkpt lat="45.957630000" lon="8.547180000">
        <ele>283.000</ele>
      </trkpt>
      <trkpt lat="45.957510000" lon="8.547260000">
        <ele>282.000</ele>
      </trkpt>
      <trkpt lat="45.957420000" lon="8.547390000">
        <ele>281.000</ele>
      </trkpt>
      <trkpt lat="45.957300000" lon="8.547670000">
        <ele>280.000</ele>
      </trkpt>
      <trkpt lat="45.957140000" lon="8.548050000">
        <ele>279.000</ele>
      </trkpt>
      <trkpt lat="45.957030000" lon="8.548300000">
        <ele>277.000</ele>
      </trkpt>
      <trkpt lat="45.956930000" lon="8.548390000">
        <ele>276.000</ele>
      </trkpt>
      <trkpt lat="45.956840000" lon="8.548420000">
        <ele>275.000</ele>
      </trkpt>
      <trkpt lat="45.956760000" lon="8.548400000">
        <ele>274.000</ele>
      </trkpt>
      <trkpt lat="45.956530000" lon="8.548250000">
        <ele>272.000</ele>
      </trkpt>
      <trkpt lat="45.956370000" lon="8.548130000">
        <ele>271.000</ele>
      </trkpt>
      <trkpt lat="45.956200000" lon="8.548000000">
        <ele>270.000</ele>
      </trkpt>
      <trkpt lat="45.956090000" lon="8.547900000">
        <ele>269.000</ele>
      </trkpt>
      <trkpt lat="45.956040000" lon="8.547810000">
        <ele>268.000</ele>
      </trkpt>
      <trkpt lat="45.955960000" lon="8.547700000">
        <ele>267.000</ele>
      </trkpt>
      <trkpt lat="45.955920000" lon="8.547470000">
        <ele>266.000</ele>
      </trkpt>
      <trkpt lat="45.955970000" lon="8.546990000">
        <ele>265.000</ele>
      </trkpt>
      <trkpt lat="45.956000000" lon="8.546680000">
        <ele>264.000</ele>
      </trkpt>
      <trkpt lat="45.956080000" lon="8.546090000">
        <ele>263.000</ele>
      </trkpt>
      <trkpt lat="45.956090000" lon="8.545840000">
        <ele>263.000</ele>
      </trkpt>
      <trkpt lat="45.956040000" lon="8.545520000">
        <ele>262.000</ele>
      </trkpt>
      <trkpt lat="45.955930000" lon="8.545310000">
        <ele>261.000</ele>
      </trkpt>
      <trkpt lat="45.955790000" lon="8.545140000">
        <ele>260.000</ele>
      </trkpt>
      <trkpt lat="45.955620000" lon="8.545030000">
        <ele>259.000</ele>
      </trkpt>
      <trkpt lat="45.955470000" lon="8.545020000">
        <ele>258.000</ele>
      </trkpt>
      <trkpt lat="45.955310000" lon="8.545040000">
        <ele>258.000</ele>
      </trkpt>
      <trkpt lat="45.955170000" lon="8.545120000">
        <ele>257.000</ele>
      </trkpt>
      <trkpt lat="45.954980000" lon="8.545230000">
        <ele>256.000</ele>
      </trkpt>
      <trkpt lat="45.954640000" lon="8.545430000">
        <ele>255.000</ele>
      </trkpt>
      <trkpt lat="45.954320000" lon="8.545620000">
        <ele>253.000</ele>
      </trkpt>
      <trkpt lat="45.954210000" lon="8.545660000">
        <ele>252.000</ele>
      </trkpt>
      <trkpt lat="45.954130000" lon="8.545680000">
        <ele>251.000</ele>
      </trkpt>
      <trkpt lat="45.954070000" lon="8.545680000">
        <ele>250.000</ele>
      </trkpt>
      <trkpt lat="45.954010000" lon="8.545660000">
        <ele>250.000</ele>
      </trkpt>
      <trkpt lat="45.953960000" lon="8.545580000">
        <ele>249.000</ele>
      </trkpt>
      <trkpt lat="45.953920000" lon="8.545510000">
        <ele>249.000</ele>
      </trkpt>
      <trkpt lat="45.953900000" lon="8.545470000">
        <ele>248.000</ele>
      </trkpt>
      <trkpt lat="45.953900000" lon="8.545430000">
        <ele>248.000</ele>
      </trkpt>
      <trkpt lat="45.953890000" lon="8.545400000">
        <ele>248.000</ele>
      </trkpt>
      <trkpt lat="45.953880000" lon="8.545370000">
        <ele>248.000</ele>
      </trkpt>
      <trkpt lat="45.953870000" lon="8.545350000">
        <ele>248.000</ele>
      </trkpt>
      <trkpt lat="45.953840000" lon="8.545330000">
        <ele>247.000</ele>
      </trkpt>
      <trkpt lat="45.953820000" lon="8.545320000">
        <ele>247.000</ele>
      </trkpt>
      <trkpt lat="45.953790000" lon="8.545330000">
        <ele>247.000</ele>
      </trkpt>
      <trkpt lat="45.953760000" lon="8.545350000">
        <ele>247.000</ele>
      </trkpt>
      <trkpt lat="45.953750000" lon="8.545380000">
        <ele>247.000</ele>
      </trkpt>
      <trkpt lat="45.953740000" lon="8.545410000">
        <ele>247.000</ele>
      </trkpt>
      <trkpt lat="45.953730000" lon="8.545450000">
        <ele>247.000</ele>
      </trkpt>
      <trkpt lat="45.953740000" lon="8.545490000">
        <ele>246.000</ele>
      </trkpt>
      <trkpt lat="45.953650000" lon="8.545490000">
        <ele>246.000</ele>
      </trkpt>
      <trkpt lat="45.953140000" lon="8.545220000">
        <ele>245.000</ele>
      </trkpt>
      <trkpt lat="45.953000000" lon="8.545160000">
        <ele>244.000</ele>
      </trkpt>
      <trkpt lat="45.952850000" lon="8.545150000">
        <ele>243.000</ele>
      </trkpt>
      <trkpt lat="45.952710000" lon="8.545210000">
        <ele>243.000</ele>
      </trkpt>
      <trkpt lat="45.952600000" lon="8.545310000">
        <ele>242.000</ele>
      </trkpt>
      <trkpt lat="45.952520000" lon="8.545440000">
        <ele>242.000</ele>
      </trkpt>
      <trkpt lat="45.952370000" lon="8.545900000">
        <ele>241.000</ele>
      </trkpt>
      <trkpt lat="45.952310000" lon="8.546090000">
        <ele>241.000</ele>
      </trkpt>
      <trkpt lat="45.952280000" lon="8.546210000">
        <ele>241.000</ele>
      </trkpt>
      <trkpt lat="45.952250000" lon="8.546330000">
        <ele>241.000</ele>
      </trkpt>
      <trkpt lat="45.951840000" lon="8.547310000">
        <ele>241.000</ele>
      </trkpt>
      <trkpt lat="45.951720000" lon="8.547610000">
        <ele>241.000</ele>
      </trkpt>
      <trkpt lat="45.951620000" lon="8.547800000">
        <ele>241.000</ele>
      </trkpt>
      <trkpt lat="45.951350000" lon="8.548140000">
        <ele>241.000</ele>
      </trkpt>
      <trkpt lat="45.950690000" lon="8.548770000">
        <ele>240.000</ele>
      </trkpt>
      <trkpt lat="45.950630000" lon="8.548840000">
        <ele>239.000</ele>
      </trkpt>
      <trkpt lat="45.950450000" lon="8.549030000">
        <ele>238.000</ele>
      </trkpt>
      <trkpt lat="45.950180000" lon="8.549310000">
        <ele>237.000</ele>
      </trkpt>
      <trkpt lat="45.950110000" lon="8.549380000">
        <ele>237.000</ele>
      </trkpt>
      <trkpt lat="45.949910000" lon="8.549590000">
        <ele>236.000</ele>
      </trkpt>
      <trkpt lat="45.949830000" lon="8.549670000">
        <ele>236.000</ele>
      </trkpt>
      <trkpt lat="45.949370000" lon="8.550130000">
        <ele>235.000</ele>
      </trkpt>
      <trkpt lat="45.949170000" lon="8.550330000">
        <ele>235.000</ele>
      </trkpt>
      <trkpt lat="45.948740000" lon="8.550790000">
        <ele>235.000</ele>
      </trkpt>
      <trkpt lat="45.948430000" lon="8.551130000">
        <ele>234.000</ele>
      </trkpt>
      <trkpt lat="45.948300000" lon="8.551320000">
        <ele>234.000</ele>
      </trkpt>
      <trkpt lat="45.948270000" lon="8.551390000">
        <ele>234.000</ele>
      </trkpt>
      <trkpt lat="45.948170000" lon="8.551500000">
        <ele>234.000</ele>
      </trkpt>
      <trkpt lat="45.948150000" lon="8.551510000">
        <ele>233.000</ele>
      </trkpt>
      <trkpt lat="45.948130000" lon="8.551530000">
        <ele>233.000</ele>
      </trkpt>
      <trkpt lat="45.948120000" lon="8.551530000">
        <ele>233.000</ele>
      </trkpt>
      <trkpt lat="45.948110000" lon="8.551560000">
        <ele>233.000</ele>
      </trkpt>
      <trkpt lat="45.948100000" lon="8.551580000">
        <ele>233.000</ele>
      </trkpt>
      <trkpt lat="45.948100000" lon="8.551590000">
        <ele>233.000</ele>
      </trkpt>
      <trkpt lat="45.948100000" lon="8.551610000">
        <ele>233.000</ele>
      </trkpt>
      <trkpt lat="45.948100000" lon="8.551630000">
        <ele>233.000</ele>
      </trkpt>
      <trkpt lat="45.948100000" lon="8.551650000">
        <ele>233.000</ele>
      </trkpt>
      <trkpt lat="45.948110000" lon="8.551660000">
        <ele>233.000</ele>
      </trkpt>
      <trkpt lat="45.948050000" lon="8.551780000">
        <ele>233.000</ele>
      </trkpt>
      <trkpt lat="45.948010000" lon="8.551880000">
        <ele>233.000</ele>
      </trkpt>
      <trkpt lat="45.947980000" lon="8.551930000">
        <ele>233.000</ele>
      </trkpt>
      <trkpt lat="45.947310000" lon="8.553190000">
        <ele>232.000</ele>
      </trkpt>
      <trkpt lat="45.947280000" lon="8.553240000">
        <ele>232.000</ele>
      </trkpt>
      <trkpt lat="45.946670000" lon="8.554360000">
        <ele>232.000</ele>
      </trkpt>
      <trkpt lat="45.946590000" lon="8.554480000">
        <ele>232.000</ele>
      </trkpt>
      <trkpt lat="45.946570000" lon="8.554520000">
        <ele>232.000</ele>
      </trkpt>
      <trkpt lat="45.946530000" lon="8.554590000">
        <ele>232.000</ele>
      </trkpt>
      <trkpt lat="45.946510000" lon="8.554570000">
        <ele>232.000</ele>
      </trkpt>
      <trkpt lat="45.946490000" lon="8.554560000">
        <ele>232.000</ele>
      </trkpt>
      <trkpt lat="45.946470000" lon="8.554550000">
        <ele>232.000</ele>
      </trkpt>
      <trkpt lat="45.946440000" lon="8.554560000">
        <ele>232.000</ele>
      </trkpt>
      <trkpt lat="45.946420000" lon="8.554580000">
        <ele>232.000</ele>
      </trkpt>
      <trkpt lat="45.946400000" lon="8.554610000">
        <ele>232.000</ele>
      </trkpt>
      <trkpt lat="45.946400000" lon="8.554650000">
        <ele>232.000</ele>
      </trkpt>
      <trkpt lat="45.946400000" lon="8.554690000">
        <ele>232.000</ele>
      </trkpt>
      <trkpt lat="45.946350000" lon="8.554720000">
        <ele>232.000</ele>
      </trkpt>
      <trkpt lat="45.946160000" lon="8.554860000">
        <ele>232.000</ele>
      </trkpt>
      <trkpt lat="45.945940000" lon="8.555020000">
        <ele>232.000</ele>
      </trkpt>
      <trkpt lat="45.945620000" lon="8.555180000">
        <ele>231.000</ele>
      </trkpt>
      <trkpt lat="45.945500000" lon="8.555250000">
        <ele>231.000</ele>
      </trkpt>
      <trkpt lat="45.945400000" lon="8.555310000">
        <ele>230.000</ele>
      </trkpt>
      <trkpt lat="45.945260000" lon="8.555380000">
        <ele>230.000</ele>
      </trkpt>
      <trkpt lat="45.945250000" lon="8.555390000">
        <ele>230.000</ele>
      </trkpt>
      <trkpt lat="45.945040000" lon="8.555490000">
        <ele>229.000</ele>
      </trkpt>
      <trkpt lat="45.944510000" lon="8.555760000">
        <ele>229.000</ele>
      </trkpt>
      <trkpt lat="45.944470000" lon="8.555780000">
        <ele>228.000</ele>
      </trkpt>
      <trkpt lat="45.944380000" lon="8.555830000">
        <ele>228.000</ele>
      </trkpt>
      <trkpt lat="45.944010000" lon="8.556010000">
        <ele>227.000</ele>
      </trkpt>
      <trkpt lat="45.943720000" lon="8.556150000">
        <ele>226.000</ele>
      </trkpt>
      <trkpt lat="45.943550000" lon="8.556170000">
        <ele>225.000</ele>
      </trkpt>
      <trkpt lat="45.943380000" lon="8.556130000">
        <ele>225.000</ele>
      </trkpt>
      <trkpt lat="45.943260000" lon="8.556100000">
        <ele>224.000</ele>
      </trkpt>
      <trkpt lat="45.943210000" lon="8.556090000">
        <ele>224.000</ele>
      </trkpt>
      <trkpt lat="45.942670000" lon="8.555950000">
        <ele>223.000</ele>
      </trkpt>
      <trkpt lat="45.942320000" lon="8.555890000">
        <ele>222.000</ele>
      </trkpt>
      <trkpt lat="45.941990000" lon="8.555950000">
        <ele>221.000</ele>
      </trkpt>
      <trkpt lat="45.941700000" lon="8.556070000">
        <ele>220.000</ele>
      </trkpt>
      <trkpt lat="45.941700000" lon="8.556070000">
        <ele>220.000</ele>
      </trkpt>
      <trkpt lat="45.941670000" lon="8.556080000">
        <ele>219.000</ele>
      </trkpt>
      <trkpt lat="45.941030000" lon="8.556500000">
        <ele>219.000</ele>
      </trkpt>
      <trkpt lat="45.941010000" lon="8.556510000">
        <ele>218.000</ele>
      </trkpt>
      <trkpt lat="45.940920000" lon="8.556520000">
        <ele>218.000</ele>
      </trkpt>
      <trkpt lat="45.940880000" lon="8.556510000">
        <ele>217.000</ele>
      </trkpt>
      <trkpt lat="45.940860000" lon="8.556490000">
        <ele>217.000</ele>
      </trkpt>
      <trkpt lat="45.940840000" lon="8.556480000">
        <ele>217.000</ele>
      </trkpt>
      <trkpt lat="45.940820000" lon="8.556470000">
        <ele>217.000</ele>
      </trkpt>
      <trkpt lat="45.940800000" lon="8.556480000">
        <ele>217.000</ele>
      </trkpt>
      <trkpt lat="45.940770000" lon="8.556490000">
        <ele>216.000</ele>
      </trkpt>
      <trkpt lat="45.940750000" lon="8.556510000">
        <ele>216.000</ele>
      </trkpt>
      <trkpt lat="45.940740000" lon="8.556550000">
        <ele>216.000</ele>
      </trkpt>
      <trkpt lat="45.940730000" lon="8.556580000">
        <ele>216.000</ele>
      </trkpt>
      <trkpt lat="45.940730000" lon="8.556620000">
        <ele>216.000</ele>
      </trkpt>
      <trkpt lat="45.940650000" lon="8.556730000">
        <ele>216.000</ele>
      </trkpt>
      <trkpt lat="45.940600000" lon="8.556750000">
        <ele>216.000</ele>
      </trkpt>
      <trkpt lat="45.940210000" lon="8.557000000">
        <ele>215.000</ele>
      </trkpt>
      <trkpt lat="45.939760000" lon="8.557360000">
        <ele>215.000</ele>
      </trkpt>
      <trkpt lat="45.939340000" lon="8.557720000">
        <ele>215.000</ele>
      </trkpt>
      <trkpt lat="45.939260000" lon="8.557750000">
        <ele>214.000</ele>
      </trkpt>
      <trkpt lat="45.939200000" lon="8.557780000">
        <ele>214.000</ele>
      </trkpt>
      <trkpt lat="45.939180000" lon="8.557770000">
        <ele>214.000</ele>
      </trkpt>
      <trkpt lat="45.939160000" lon="8.557770000">
        <ele>214.000</ele>
      </trkpt>
      <trkpt lat="45.939140000" lon="8.557780000">
        <ele>214.000</ele>
      </trkpt>
      <trkpt lat="45.939120000" lon="8.557800000">
        <ele>214.000</ele>
      </trkpt>
      <trkpt lat="45.939110000" lon="8.557820000">
        <ele>214.000</ele>
      </trkpt>
      <trkpt lat="45.938990000" lon="8.557950000">
        <ele>214.000</ele>
      </trkpt>
      <trkpt lat="45.938570000" lon="8.558290000">
        <ele>214.000</ele>
      </trkpt>
      <trkpt lat="45.937690000" lon="8.558990000">
        <ele>213.000</ele>
      </trkpt>
      <trkpt lat="45.937550000" lon="8.559160000">
        <ele>213.000</ele>
      </trkpt>
      <trkpt lat="45.937130000" lon="8.559750000">
        <ele>212.000</ele>
      </trkpt>
      <trkpt lat="45.937090000" lon="8.559810000">
        <ele>211.000</ele>
      </trkpt>
      <trkpt lat="45.936560000" lon="8.560720000">
        <ele>211.000</ele>
      </trkpt>
      <trkpt lat="45.936330000" lon="8.561220000">
        <ele>210.000</ele>
      </trkpt>
      <trkpt lat="45.936150000" lon="8.561660000">
        <ele>209.000</ele>
      </trkpt>
      <trkpt lat="45.936130000" lon="8.561700000">
        <ele>208.000</ele>
      </trkpt>
      <trkpt lat="45.935870000" lon="8.562420000">
        <ele>207.000</ele>
      </trkpt>
      <trkpt lat="45.935750000" lon="8.562810000">
        <ele>207.000</ele>
      </trkpt>
      <trkpt lat="45.935600000" lon="8.563410000">
        <ele>206.000</ele>
      </trkpt>
      <trkpt lat="45.935480000" lon="8.564200000">
        <ele>205.000</ele>
      </trkpt>
      <trkpt lat="45.935330000" lon="8.565120000">
        <ele>205.000</ele>
      </trkpt>
      <trkpt lat="45.935210000" lon="8.565510000">
        <ele>204.000</ele>
      </trkpt>
      <trkpt lat="45.935090000" lon="8.565900000">
        <ele>204.000</ele>
      </trkpt>
      <trkpt lat="45.935020000" lon="8.565970000">
        <ele>204.000</ele>
      </trkpt>
      <trkpt lat="45.934990000" lon="8.566030000">
        <ele>203.000</ele>
      </trkpt>
      <trkpt lat="45.934970000" lon="8.566030000">
        <ele>203.000</ele>
      </trkpt>
      <trkpt lat="45.934940000" lon="8.566030000">
        <ele>203.000</ele>
      </trkpt>
      <trkpt lat="45.934880000" lon="8.566030000">
        <ele>203.000</ele>
      </trkpt>
      <trkpt lat="45.934830000" lon="8.565990000">
        <ele>203.000</ele>
      </trkpt>
      <trkpt lat="45.934340000" lon="8.565560000">
        <ele>203.000</ele>
      </trkpt>
      <trkpt lat="45.934280000" lon="8.565470000">
        <ele>203.000</ele>
      </trkpt>
      <trkpt lat="45.934240000" lon="8.565410000">
        <ele>203.000</ele>
      </trkpt>
      <trkpt lat="45.934240000" lon="8.565390000">
        <ele>203.000</ele>
      </trkpt>
      <trkpt lat="45.934230000" lon="8.565360000">
        <ele>203.000</ele>
      </trkpt>
      <trkpt lat="45.934210000" lon="8.565330000">
        <ele>203.000</ele>
      </trkpt>
      <trkpt lat="45.934180000" lon="8.565310000">
        <ele>203.000</ele>
      </trkpt>
      <trkpt lat="45.934150000" lon="8.565310000">
        <ele>203.000</ele>
      </trkpt>
      <trkpt lat="45.934140000" lon="8.565320000">
        <ele>203.000</ele>
      </trkpt>
      <trkpt lat="45.934130000" lon="8.565330000">
        <ele>203.000</ele>
      </trkpt>
      <trkpt lat="45.934110000" lon="8.565350000">
        <ele>203.000</ele>
      </trkpt>
      <trkpt lat="45.934100000" lon="8.565380000">
        <ele>203.000</ele>
      </trkpt>
      <trkpt lat="45.934090000" lon="8.565420000">
        <ele>202.000</ele>
      </trkpt>
      <trkpt lat="45.934100000" lon="8.565460000">
        <ele>202.000</ele>
      </trkpt>
      <trkpt lat="45.934110000" lon="8.565500000">
        <ele>202.000</ele>
      </trkpt>
      <trkpt lat="45.934120000" lon="8.565690000">
        <ele>202.000</ele>
      </trkpt>
      <trkpt lat="45.934020000" lon="8.566190000">
        <ele>202.000</ele>
      </trkpt>
      <trkpt lat="45.933750000" lon="8.566740000">
        <ele>201.000</ele>
      </trkpt>
      <trkpt lat="45.933280000" lon="8.567740000">
        <ele>200.000</ele>
      </trkpt>
      <trkpt lat="45.933050000" lon="8.568210000">
        <ele>200.000</ele>
      </trkpt>
      <trkpt lat="45.933050000" lon="8.568210000">
        <ele>199.000</ele>
      </trkpt>
      <trkpt lat="45.932830000" lon="8.568690000">
        <ele>198.000</ele>
      </trkpt>
      <trkpt lat="45.932650000" lon="8.569050000">
        <ele>198.000</ele>
      </trkpt>
      <trkpt lat="45.932470000" lon="8.569390000">
        <ele>197.000</ele>
      </trkpt>
      <trkpt lat="45.932330000" lon="8.569680000">
        <ele>197.000</ele>
      </trkpt>
      <trkpt lat="45.932240000" lon="8.569860000">
        <ele>196.000</ele>
      </trkpt>
      <trkpt lat="45.932130000" lon="8.570080000">
        <ele>196.000</ele>
      </trkpt>
      <trkpt lat="45.932110000" lon="8.570120000">
        <ele>196.000</ele>
      </trkpt>
      <trkpt lat="45.932080000" lon="8.570140000">
        <ele>196.000</ele>
      </trkpt>
      <trkpt lat="45.932050000" lon="8.570140000">
        <ele>197.000</ele>
      </trkpt>
      <trkpt lat="45.932020000" lon="8.570140000">
        <ele>197.000</ele>
      </trkpt>
      <trkpt lat="45.931990000" lon="8.570120000">
        <ele>197.000</ele>
      </trkpt>
      <trkpt lat="45.931950000" lon="8.570090000">
        <ele>197.000</ele>
      </trkpt>
      <trkpt lat="45.931800000" lon="8.569990000">
        <ele>197.000</ele>
      </trkpt>
      <trkpt lat="45.931750000" lon="8.569950000">
        <ele>197.000</ele>
      </trkpt>
      <trkpt lat="45.931710000" lon="8.569940000">
        <ele>198.000</ele>
      </trkpt>
      <trkpt lat="45.931680000" lon="8.569950000">
        <ele>198.000</ele>
      </trkpt>
      <trkpt lat="45.931640000" lon="8.569960000">
        <ele>198.000</ele>
      </trkpt>
      <trkpt lat="45.931610000" lon="8.569980000">
        <ele>198.000</ele>
      </trkpt>
      <trkpt lat="45.931590000" lon="8.570010000">
        <ele>198.000</ele>
      </trkpt>
      <trkpt lat="45.931550000" lon="8.570060000">
        <ele>199.000</ele>
      </trkpt>
      <trkpt lat="45.931500000" lon="8.570090000">
        <ele>199.000</ele>
      </trkpt>
      <trkpt lat="45.931470000" lon="8.570110000">
        <ele>199.000</ele>
      </trkpt>
      <trkpt lat="45.931430000" lon="8.570120000">
        <ele>199.000</ele>
      </trkpt>
      <trkpt lat="45.930630000" lon="8.569330000">
        <ele>201.000</ele>
      </trkpt>
      <trkpt lat="45.930040000" lon="8.568760000">
        <ele>201.000</ele>
      </trkpt>
      <trkpt lat="45.930010000" lon="8.568730000">
        <ele>202.000</ele>
      </trkpt>
      <trkpt lat="45.929920000" lon="8.568640000">
        <ele>202.000</ele>
      </trkpt>
      <trkpt lat="45.929880000" lon="8.568600000">
        <ele>202.000</ele>
      </trkpt>
      <trkpt lat="45.929800000" lon="8.568530000">
        <ele>202.000</ele>
      </trkpt>
      <trkpt lat="45.929320000" lon="8.568080000">
        <ele>202.000</ele>
      </trkpt>
      <trkpt lat="45.929000000" lon="8.567760000">
        <ele>201.000</ele>
      </trkpt>
      <trkpt lat="45.928960000" lon="8.567730000">
        <ele>201.000</ele>
      </trkpt>
      <trkpt lat="45.928950000" lon="8.567710000">
        <ele>201.000</ele>
      </trkpt>
      <trkpt lat="45.928650000" lon="8.567400000">
        <ele>201.000</ele>
      </trkpt>
      <trkpt lat="45.927980000" lon="8.566740000">
        <ele>200.000</ele>
      </trkpt>
      <trkpt lat="45.927520000" lon="8.566010000">
        <ele>200.000</ele>
      </trkpt>
      <trkpt lat="45.927410000" lon="8.565880000">
        <ele>200.000</ele>
      </trkpt>
      <trkpt lat="45.927350000" lon="8.565760000">
        <ele>200.000</ele>
      </trkpt>
      <trkpt lat="45.927320000" lon="8.565690000">
        <ele>200.000</ele>
      </trkpt>
      <trkpt lat="45.927290000" lon="8.565630000">
        <ele>200.000</ele>
      </trkpt>
      <trkpt lat="45.927270000" lon="8.565600000">
        <ele>200.000</ele>
      </trkpt>
      <trkpt lat="45.927250000" lon="8.565580000">
        <ele>200.000</ele>
      </trkpt>
      <trkpt lat="45.927230000" lon="8.565580000">
        <ele>200.000</ele>
      </trkpt>
      <trkpt lat="45.927170000" lon="8.565580000">
        <ele>200.000</ele>
      </trkpt>
      <trkpt lat="45.927120000" lon="8.565600000">
        <ele>201.000</ele>
      </trkpt>
      <trkpt lat="45.927080000" lon="8.565640000">
        <ele>201.000</ele>
      </trkpt>
      <trkpt lat="45.927040000" lon="8.565660000">
        <ele>201.000</ele>
      </trkpt>
      <trkpt lat="45.926950000" lon="8.565720000">
        <ele>201.000</ele>
      </trkpt>
      <trkpt lat="45.926840000" lon="8.565770000">
        <ele>201.000</ele>
      </trkpt>
      <trkpt lat="45.926290000" lon="8.565740000">
        <ele>202.000</ele>
      </trkpt>
      <trkpt lat="45.926120000" lon="8.565740000">
        <ele>202.000</ele>
      </trkpt>
      <trkpt lat="45.925880000" lon="8.565730000">
        <ele>203.000</ele>
      </trkpt>
      <trkpt lat="45.925350000" lon="8.565730000">
        <ele>204.000</ele>
      </trkpt>
      <trkpt lat="45.924480000" lon="8.565700000">
        <ele>207.000</ele>
      </trkpt>
      <trkpt lat="45.923860000" lon="8.564990000">
        <ele>211.000</ele>
      </trkpt>
      <trkpt lat="45.923540000" lon="8.564650000">
        <ele>214.000</ele>
      </trkpt>
      <trkpt lat="45.923480000" lon="8.564610000">
        <ele>217.000</ele>
      </trkpt>
      <trkpt lat="45.923430000" lon="8.564570000">
        <ele>218.000</ele>
      </trkpt>
      <trkpt lat="45.923280000" lon="8.564510000">
        <ele>220.000</ele>
      </trkpt>
      <trkpt lat="45.921910000" lon="8.563770000">
        <ele>224.000</ele>
      </trkpt>
      <trkpt lat="45.921620000" lon="8.563540000">
        <ele>225.000</ele>
      </trkpt>
      <trkpt lat="45.921050000" lon="8.563080000">
        <ele>224.000</ele>
      </trkpt>
      <trkpt lat="45.920270000" lon="8.562350000">
        <ele>221.000</ele>
      </trkpt>
      <trkpt lat="45.920160000" lon="8.562240000">
        <ele>218.000</ele>
      </trkpt>
      <trkpt lat="45.920060000" lon="8.562150000">
        <ele>216.000</ele>
      </trkpt>
      <trkpt lat="45.919500000" lon="8.561620000">
        <ele>214.000</ele>
      </trkpt>
      <trkpt lat="45.919160000" lon="8.561340000">
        <ele>213.000</ele>
      </trkpt>
      <trkpt lat="45.919040000" lon="8.561240000">
        <ele>212.000</ele>
      </trkpt>
      <trkpt lat="45.918850000" lon="8.561200000">
        <ele>211.000</ele>
      </trkpt>
      <trkpt lat="45.918200000" lon="8.561160000">
        <ele>209.000</ele>
      </trkpt>
      <trkpt lat="45.916700000" lon="8.561080000">
        <ele>209.000</ele>
      </trkpt>
      <trkpt lat="45.916190000" lon="8.561040000">
        <ele>210.000</ele>
      </trkpt>
      <trkpt lat="45.916040000" lon="8.560990000">
        <ele>210.000</ele>
      </trkpt>
      <trkpt lat="45.915990000" lon="8.560960000">
        <ele>210.000</ele>
      </trkpt>
      <trkpt lat="45.915920000" lon="8.560920000">
        <ele>210.000</ele>
      </trkpt>
      <trkpt lat="45.915850000" lon="8.560810000">
        <ele>209.000</ele>
      </trkpt>
      <trkpt lat="45.915820000" lon="8.560720000">
        <ele>209.000</ele>
      </trkpt>
      <trkpt lat="45.915810000" lon="8.560520000">
        <ele>209.000</ele>
      </trkpt>
      <trkpt lat="45.915820000" lon="8.560250000">
        <ele>209.000</ele>
      </trkpt>
      <trkpt lat="45.915850000" lon="8.560090000">
        <ele>208.000</ele>
      </trkpt>
      <trkpt lat="45.916290000" lon="8.559490000">
        <ele>207.000</ele>
      </trkpt>
      <trkpt lat="45.916790000" lon="8.558740000">
        <ele>206.000</ele>
      </trkpt>
      <trkpt lat="45.917280000" lon="8.558010000">
        <ele>205.000</ele>
      </trkpt>
      <trkpt lat="45.917340000" lon="8.557930000">
        <ele>205.000</ele>
      </trkpt>
      <trkpt lat="45.917890000" lon="8.557260000">
        <ele>206.000</ele>
      </trkpt>
      <trkpt lat="45.918130000" lon="8.556970000">
        <ele>206.000</ele>
      </trkpt>
      <trkpt lat="45.918630000" lon="8.556430000">
        <ele>207.000</ele>
      </trkpt>
      <trkpt lat="45.919070000" lon="8.556140000">
        <ele>207.000</ele>
      </trkpt>
      <trkpt lat="45.919320000" lon="8.556010000">
        <ele>208.000</ele>
      </trkpt>
      <trkpt lat="45.919410000" lon="8.555960000">
        <ele>208.000</ele>
      </trkpt>
      <trkpt lat="45.919560000" lon="8.555870000">
        <ele>208.000</ele>
      </trkpt>
      <trkpt lat="45.920100000" lon="8.555560000">
        <ele>209.000</ele>
      </trkpt>
      <trkpt lat="45.920210000" lon="8.555490000">
        <ele>209.000</ele>
      </trkpt>
      <trkpt lat="45.920440000" lon="8.555290000">
        <ele>209.000</ele>
      </trkpt>
      <trkpt lat="45.920440000" lon="8.555290000">
        <ele>208.000</ele>
      </trkpt>
      <trkpt lat="45.920590000" lon="8.554890000">
        <ele>208.000</ele>
      </trkpt>
      <trkpt lat="45.920570000" lon="8.554880000">
        <ele>208.000</ele>
      </trkpt>
      <trkpt lat="45.920630000" lon="8.554680000">
        <ele>207.000</ele>
      </trkpt>
      <trkpt lat="45.920690000" lon="8.554450000">
        <ele>207.000</ele>
      </trkpt>
      <trkpt lat="45.920860000" lon="8.553880000">
        <ele>206.000</ele>
      </trkpt>
      <trkpt lat="45.921010000" lon="8.553330000">
        <ele>205.000</ele>
      </trkpt>
      <trkpt lat="45.921030000" lon="8.553260000">
        <ele>204.000</ele>
      </trkpt>
      <trkpt lat="45.921070000" lon="8.553150000">
        <ele>203.000</ele>
      </trkpt>
      <trkpt lat="45.921100000" lon="8.553040000">
        <ele>203.000</ele>
      </trkpt>
      <trkpt lat="45.921180000" lon="8.552660000">
        <ele>203.000</ele>
      </trkpt>
      <trkpt lat="45.921320000" lon="8.551740000">
        <ele>202.000</ele>
      </trkpt>
      <trkpt lat="45.921320000" lon="8.551600000">
        <ele>202.000</ele>
      </trkpt>
    </trkseg>
  </trk>
</gpx>
