<?xml version='1.0' encoding='UTF-8'?>
<gpx version="1.1"
  creator="GPXmagic"
  xmlns="http://www.topografix.com/GPX/1/1"
  xmlns:rgt="http://www.rgtcycling.com/XML/GpxExtensions/v1"
  xmlns:xsi="http://www.w3.org/2001/XMLSchema-instance" xsi:schemaLocation="http://www.topografix.com/GPX/1/1
  http://www.topografix.com/GPX/1/1/gpx.xsd">
  <metadata>
    <name>Smoothed with GPXmagic</name>
    <author>
      <link href="https://www.stepwiserefinement.co.uk">
        <text>GPXmagic v3</text>
        <type>text/html</type>
      </link>
    </author>
  </metadata>
<trk>  <name>La&#32;Cumbre&#32;Peak&#32;CA</name>
<trkseg>
<trkpt lat="34.45200045283589" lon="-119.77635922084572"><ele>64.26798107269205</ele></trkpt>
<trkpt lat="34.4520449719989" lon="-119.77673476012102"><ele>65.8012732456349</ele></trkpt>
<trkpt lat="34.4520774529838" lon="-119.77697593410302"><ele>67.0003722936187</ele></trkpt>
<trkpt lat="34.4521997251238" lon="-119.777786998982"><ele>71.3915699104531</ele></trkpt>
<trkpt lat="34.4522705540799" lon="-119.77818069940999"><ele>73.5738884987631</ele></trkpt>
<trkpt lat="34.452360540944895" lon="-119.77855087971105"><ele>75.645622319469</ele></trkpt>
<trkpt lat="34.4524605169917" lon="-119.778900295903"><ele>77.6255138943793</ele></trkpt>
<trkpt lat="34.452650321518" lon="-119.77946100318799"><ele>80.8492076111307</ele></trkpt>
<trkpt lat="34.4529380910374" lon="-119.78031448575803"><ele>85.1797152717662</ele></trkpt>
<trkpt lat="34.4530304901527" lon="-119.78060309422503"><ele>86.1190805147383</ele></trkpt>
<trkpt lat="34.4530887694356" lon="-119.780845126825"><ele>86.4961141142531</ele></trkpt>
<trkpt lat="34.4531207826068" lon="-119.78102667244002"><ele>86.6185589471149</ele></trkpt>
<trkpt lat="34.4531492972742" lon="-119.78126034745301"><ele>86.5629931178592</ele></trkpt>
<trkpt lat="34.45315903248951" lon="-119.78150330565603"><ele>86.2687832613389</ele></trkpt>
<trkpt lat="34.453150383387" lon="-119.78170015632404"><ele>85.8701227453932</ele></trkpt>
<trkpt lat="34.45310712978031" lon="-119.78211933403301"><ele>84.5067917387208</ele></trkpt>
<trkpt lat="34.4530491962636" lon="-119.78235947031003"><ele>83.3597728344095</ele></trkpt>
<trkpt lat="34.4529912178839" lon="-119.78255360709798"><ele>82.2535444608031</ele></trkpt>
<trkpt lat="34.4528910559566" lon="-119.782835802528"><ele>80.442966474557</ele></trkpt>
<trkpt lat="34.4528447419377" lon="-119.782949373997"><ele>79.6752429274933</ele></trkpt>
<trkpt lat="34.4521595677307" lon="-119.784592365511"><ele>68.6078076881461</ele></trkpt>
<trkpt lat="34.4520484304356" lon="-119.784901046581"><ele>66.5338964229994</ele></trkpt>
<trkpt lat="34.4519735034944" lon="-119.785192767869"><ele>64.6849063735695</ele></trkpt>
<trkpt lat="34.4519249067034" lon="-119.78549575634501"><ele>62.8230144326752</ele></trkpt>
<trkpt lat="34.4519033585949" lon="-119.78585536938503"><ele>60.7972303216646</ele></trkpt>
<trkpt lat="34.4519068112153" lon="-119.78604033739"><ele>59.8624311002225</ele></trkpt>
<trkpt lat="34.4519202286527" lon="-119.78622541546"><ele>59.047028659251</ele></trkpt>
<trkpt lat="34.4520087743922" lon="-119.786915564574"><ele>56.8356850035618</ele></trkpt>
<trkpt lat="34.4520095058979" lon="-119.78734588267903"><ele>55.8765326116947</ele></trkpt>
<trkpt lat="34.4519993322423" lon="-119.787556215047"><ele>55.4936179197229</ele></trkpt>
<trkpt lat="34.4519603986145" lon="-119.787806363698"><ele>54.9963566888847</ele></trkpt>
<trkpt lat="34.4519266469402" lon="-119.78795867824398"><ele>54.6559708461788</ele></trkpt>
<trkpt lat="34.4518705313578" lon="-119.788127348791"><ele>54.2712602491181</ele></trkpt>
<trkpt lat="34.4517613207798" lon="-119.788425211945"><ele>53.5896124459259</ele></trkpt>
<trkpt lat="34.4515516517032" lon="-119.78889644365603"><ele>52.4332774979542</ele></trkpt>
<trkpt lat="34.4514891656537" lon="-119.78905310316"><ele>52.0541992494426</ele></trkpt>
<trkpt lat="34.4514106391771" lon="-119.789309046"><ele>51.5302724650006</ele></trkpt>
<trkpt lat="34.4513800487303" lon="-119.789453215298"><ele>51.2840962970871</ele></trkpt>
<trkpt lat="34.4513163130324" lon="-119.79002939410698"><ele>50.5858178428468</ele></trkpt>
<trkpt lat="34.451321012861094" lon="-119.79027190790399"><ele>50.2394413574148</ele></trkpt>
<trkpt lat="34.4513508494465" lon="-119.790580808373"><ele>49.7759927854269</ele></trkpt>
<trkpt lat="34.4515192560337" lon="-119.79151127295502"><ele>48.8403727243027</ele></trkpt>
<trkpt lat="34.4515494116436" lon="-119.79184765552002"><ele>47.9375206278189</ele></trkpt>
<trkpt lat="34.4515592124446" lon="-119.79210267584202"><ele>47.309210242841</ele></trkpt>
<trkpt lat="34.4515379980168" lon="-119.79266614157605"><ele>46.8471727692484</ele></trkpt>
<trkpt lat="34.4515319995261" lon="-119.79301408428601"><ele>47.1664024690022</ele></trkpt>
<trkpt lat="34.4515200479992" lon="-119.793719879567"><ele>48.2592908108884</ele></trkpt>
<trkpt lat="34.45151143080621" lon="-119.794431428125"><ele>47.9877858649355</ele></trkpt>
<trkpt lat="34.4515100004468" lon="-119.79466857093702"><ele>47.482068806277</ele></trkpt>
<trkpt lat="34.45151000215059" lon="-119.79526177401704"><ele>45.3032160440314</ele></trkpt>
<trkpt lat="34.4515031886519" lon="-119.79588975049501"><ele>42.4564215125514</ele></trkpt>
<trkpt lat="34.4514926439946" lon="-119.796101244445"><ele>41.5614984272473</ele></trkpt>
<trkpt lat="34.4515100454094" lon="-119.796178218089"><ele>41.2899779318893</ele></trkpt>
<trkpt lat="34.4515904846261" lon="-119.79621850666102"><ele>41.0646811140201</ele></trkpt>
<trkpt lat="34.4517692694516" lon="-119.796206756367"><ele>40.7754935225586</ele></trkpt>
<trkpt lat="34.452092085545" lon="-119.796201541669"><ele>40.5810320784256</ele></trkpt>
<trkpt lat="34.4528924095696" lon="-119.796190682206"><ele>40.7996496511202</ele></trkpt>
<trkpt lat="34.4532368687131" lon="-119.79620943083003"><ele>40.9692829251195</ele></trkpt>
<trkpt lat="34.4542714464078" lon="-119.796209885605"><ele>41.4102643600726</ele></trkpt>
<trkpt lat="34.4549500000001" lon="-119.79620000000402"><ele>42.0368072937415</ele></trkpt>
<trkpt lat="34.4555328571432" lon="-119.796191428608"><ele>42.8464579190646</ele></trkpt>
<trkpt lat="34.4563102727143" lon="-119.796180115739"><ele>44.4017569951077</ele></trkpt>
<trkpt lat="34.456976113969496" lon="-119.796176689028"><ele>45.5169462860159</ele></trkpt>
<trkpt lat="34.4570700974969" lon="-119.79614954622902"><ele>45.6916592532066</ele></trkpt>
<trkpt lat="34.4572545852798" lon="-119.796061376045"><ele>46.1095655178327</ele></trkpt>
<trkpt lat="34.4576119223058" lon="-119.79580959777601"><ele>47.2546788277212</ele></trkpt>
<trkpt lat="34.457986789724494" lon="-119.79558761049597"><ele>48.2578908301521</ele></trkpt>
<trkpt lat="34.45808535629461" lon="-119.79554121514003"><ele>48.4482323791466</ele></trkpt>
<trkpt lat="34.4581903426349" lon="-119.79551470861502"><ele>48.5927601086033</ele></trkpt>
<trkpt lat="34.4583685154495" lon="-119.795503241557"><ele>48.7358428313557</ele></trkpt>
<trkpt lat="34.4587869045679" lon="-119.79542089856301"><ele>48.8988478258049</ele></trkpt>
<trkpt lat="34.4590258167392" lon="-119.79539090993303"><ele>49.0979760599072</ele></trkpt>
<trkpt lat="34.459275087770706" lon="-119.795400535237"><ele>50.1760687230147</ele></trkpt>
<trkpt lat="34.4596335988651" lon="-119.795461329463"><ele>52.7834286711344</ele></trkpt>
<trkpt lat="34.4599615009847" lon="-119.79555136808003"><ele>55.6455979348094</ele></trkpt>
<trkpt lat="34.4600697805737" lon="-119.795594250423"><ele>56.6947940010269</ele></trkpt>
<trkpt lat="34.4601482687904" lon="-119.795643228544"><ele>57.5668496741993</ele></trkpt>
<trkpt lat="34.460261699162906" lon="-119.79574626835698"><ele>58.9786080219856</ele></trkpt>
<trkpt lat="34.46054171669" lon="-119.79609212135401"><ele>62.8651445101099</ele></trkpt>
<trkpt lat="34.460641895148306" lon="-119.79620946599603"><ele>64.1530508716683</ele></trkpt>
<trkpt lat="34.4607200657207" lon="-119.796276948211"><ele>64.990801779811</ele></trkpt>
<trkpt lat="34.4608225240831" lon="-119.79633697891101"><ele>66.029610892612</ele></trkpt>
<trkpt lat="34.4609721256768" lon="-119.796370804627"><ele>67.5147878776022</ele></trkpt>
<trkpt lat="34.4611833556069" lon="-119.79637838941002"><ele>69.4872287601774</ele></trkpt>
<trkpt lat="34.4617409678658" lon="-119.79632009316002"><ele>74.3835542857411</ele></trkpt>
<trkpt lat="34.4622155515018" lon="-119.796277614123"><ele>78.9336141013197</ele></trkpt>
<trkpt lat="34.4623398839408" lon="-119.79627625352097"><ele>80.3094218013718</ele></trkpt>
<trkpt lat="34.4624692626568" lon="-119.796313938189"><ele>81.9743719024958</ele></trkpt>
<trkpt lat="34.46254534133049" lon="-119.79636804191101"><ele>83.0986420775798</ele></trkpt>
<trkpt lat="34.4626374044922" lon="-119.79647719045798"><ele>84.6969120281757</ele></trkpt>
<trkpt lat="34.46282291382991" lon="-119.79678760610103"><ele>87.9619020908203</ele></trkpt>
<trkpt lat="34.4629499106783" lon="-119.79693823404499"><ele>89.6188985514169</ele></trkpt>
<trkpt lat="34.4631000658619" lon="-119.79709038995303"><ele>91.6251840119616</ele></trkpt>
<trkpt lat="34.46320621555731" lon="-119.79722321264201"><ele>92.9403104309904</ele></trkpt>
<trkpt lat="34.463299205279895" lon="-119.79743649523803"><ele>94.5305202762072</ele></trkpt>
<trkpt lat="34.4635171479239" lon="-119.79804103155801"><ele>99.146674625621</ele></trkpt>
<trkpt lat="34.4635564152275" lon="-119.798161269797"><ele>99.9951945841461</ele></trkpt>
<trkpt lat="34.4635818193053" lon="-119.79829973627801"><ele>100.866423114668</ele></trkpt>
<trkpt lat="34.4635970008157" lon="-119.798450035257"><ele>101.59350876957</ele></trkpt>
<trkpt lat="34.4635822167764" lon="-119.79885917876697"><ele>102.712379017485</ele></trkpt>
<trkpt lat="34.4635936557813" lon="-119.799028923563"><ele>103.374555204206</ele></trkpt>
<trkpt lat="34.463637302216206" lon="-119.799218696284"><ele>104.591237328023</ele></trkpt>
<trkpt lat="34.4636935715336" lon="-119.79940862742998"><ele>106.195023689874</ele></trkpt>
<trkpt lat="34.4637422161963" lon="-119.79950341297302"><ele>107.106860387708</ele></trkpt>
<trkpt lat="34.463799258827095" lon="-119.799586546312"><ele>107.981040721011</ele></trkpt>
<trkpt lat="34.4640193338178" lon="-119.79984926003297"><ele>110.900852590929</ele></trkpt>
<trkpt lat="34.4642258001816" lon="-119.80009478115404"><ele>112.9047678182</ele></trkpt>
<trkpt lat="34.464353174062" lon="-119.800201771523"><ele>113.584056630775</ele></trkpt>
<trkpt lat="34.464556014703" lon="-119.800310517871"><ele>113.997313943425</ele></trkpt>
<trkpt lat="34.4649091201789" lon="-119.80041383600103"><ele>114.276086058293</ele></trkpt>
<trkpt lat="34.4651180487032" lon="-119.80053254510402"><ele>114.514026151899</ele></trkpt>
<trkpt lat="34.4652457243946" lon="-119.800626432493"><ele>114.794128520838</ele></trkpt>
<trkpt lat="34.4654391359671" lon="-119.80082790948302"><ele>115.236873560689</ele></trkpt>
<trkpt lat="34.465751649539" lon="-119.80110169345703"><ele>115.998682509236</ele></trkpt>
<trkpt lat="34.465899141329" lon="-119.80123004332897"><ele>116.826300756527</ele></trkpt>
<trkpt lat="34.4661744930171" lon="-119.801470204784"><ele>119.490705536695</ele></trkpt>
<trkpt lat="34.4662840669624" lon="-119.80159828418903"><ele>121.023128012278</ele></trkpt>
<trkpt lat="34.4663439661303" lon="-119.801704920107"><ele>122.104132196272</ele></trkpt>
<trkpt lat="34.4665241542901" lon="-119.80209525773601"><ele>125.461915130447</ele></trkpt>
<trkpt lat="34.4666248640438" lon="-119.802254088771"><ele>126.619569986869</ele></trkpt>
<trkpt lat="34.4667172486754" lon="-119.80236621065899"><ele>127.552905996392</ele></trkpt>
<trkpt lat="34.4668098551932" lon="-119.80245516379001"><ele>128.49516530939</ele></trkpt>
<trkpt lat="34.4668870781899" lon="-119.80250414181997"><ele>129.242569117174</ele></trkpt>
<trkpt lat="34.467052653413994" lon="-119.80255601444"><ele>130.764816551908</ele></trkpt>
<trkpt lat="34.46715181498679" lon="-119.80257059319598"><ele>131.678995692516</ele></trkpt>
<trkpt lat="34.467248646635" lon="-119.80255614032004"><ele>132.578193004929</ele></trkpt>
<trkpt lat="34.467345538922295" lon="-119.802505148203"><ele>133.537615257304</ele></trkpt>
<trkpt lat="34.4673867039945" lon="-119.80246619704502"><ele>133.992438515551</ele></trkpt>
<trkpt lat="34.4675529626811" lon="-119.80225425813201"><ele>135.89560782838</ele></trkpt>
<trkpt lat="34.4678383603783" lon="-119.802033632761"><ele>138.918505083124</ele></trkpt>
<trkpt lat="34.467939105492896" lon="-119.80194554738502"><ele>140.279132755846</ele></trkpt>
<trkpt lat="34.4681174767993" lon="-119.80174130697701"><ele>143.14479976927</ele></trkpt>
<trkpt lat="34.46819438449139" lon="-119.801583542541"><ele>144.846992200095</ele></trkpt>
<trkpt lat="34.4682536580692" lon="-119.801495889289"><ele>145.828411660047</ele></trkpt>
<trkpt lat="34.4683328619749" lon="-119.801409431877"><ele>146.882142318537</ele></trkpt>
<trkpt lat="34.4684281536071" lon="-119.80133102525903"><ele>148.00893858162</ele></trkpt>
<trkpt lat="34.4686778920736" lon="-119.80105725635003"><ele>150.882889876693</ele></trkpt>
<trkpt lat="34.468777354961" lon="-119.80092239497003"><ele>152.173018404139</ele></trkpt>
<trkpt lat="34.4689125870896" lon="-119.800784070091"><ele>153.730115411054</ele></trkpt>
<trkpt lat="34.4690199699764" lon="-119.80072459699498"><ele>154.796808527889</ele></trkpt>
<trkpt lat="34.4693842117354" lon="-119.80063132213503"><ele>158.203998716409</ele></trkpt>
<trkpt lat="34.4696700035964" lon="-119.800520571922"><ele>161.257708827666</ele></trkpt>
<trkpt lat="34.4697549999678" lon="-119.80050332811699"><ele>162.051702945719</ele></trkpt>
<trkpt lat="34.46982496518701" lon="-119.80051137546599"><ele>162.700069107601</ele></trkpt>
<trkpt lat="34.4699603772553" lon="-119.80055413311003"><ele>163.991846792876</ele></trkpt>
<trkpt lat="34.4702517981779" lon="-119.80068313368002"><ele>167.304421690328</ele></trkpt>
<trkpt lat="34.47040235230529" lon="-119.80078141872703"><ele>169.199955848447</ele></trkpt>
<trkpt lat="34.4705492211816" lon="-119.800949989023"><ele>171.274026211042</ele></trkpt>
<trkpt lat="34.4706345211087" lon="-119.80107625833799"><ele>172.42443526532</ele></trkpt>
<trkpt lat="34.470674534304706" lon="-119.80116546031601"><ele>173.098715082136</ele></trkpt>
<trkpt lat="34.4707104247514" lon="-119.80130374635"><ele>174.072410198052</ele></trkpt>
<trkpt lat="34.4707208755148" lon="-119.80144527312001"><ele>174.973791568934</ele></trkpt>
<trkpt lat="34.47070111109609" lon="-119.80171267156297"><ele>176.439698698758</ele></trkpt>
<trkpt lat="34.4707155094379" lon="-119.801889482706"><ele>177.29673978465</ele></trkpt>
<trkpt lat="34.4707444092908" lon="-119.80198503283698"><ele>177.807286970943</ele></trkpt>
<trkpt lat="34.470803239869106" lon="-119.80211421702303"><ele>178.634705570283</ele></trkpt>
<trkpt lat="34.4708581400702" lon="-119.80216337354202"><ele>179.127948142805</ele></trkpt>
<trkpt lat="34.47093016202031" lon="-119.802175977155"><ele>179.642884706599</ele></trkpt>
<trkpt lat="34.4710478920629" lon="-119.80216109413303"><ele>180.46191614454</ele></trkpt>
<trkpt lat="34.4712398881618" lon="-119.80209544544802"><ele>181.85665191871</ele></trkpt>
<trkpt lat="34.4713693698192" lon="-119.80207446493799"><ele>182.767343500042</ele></trkpt>
<trkpt lat="34.4715292867823" lon="-119.80210347719803"><ele>183.951730368815</ele></trkpt>
<trkpt lat="34.4717016118105" lon="-119.802218430111"><ele>185.675162675909</ele></trkpt>
<trkpt lat="34.4718030383497" lon="-119.80232475211399"><ele>187.045245801542</ele></trkpt>
<trkpt lat="34.4718428414389" lon="-119.80235198827003"><ele>187.540007222554</ele></trkpt>
<trkpt lat="34.4719093434434" lon="-119.802363029645"><ele>188.285062954973</ele></trkpt>
<trkpt lat="34.4719835190271" lon="-119.80233379628699"><ele>189.152723604114</ele></trkpt>
<trkpt lat="34.4720265081467" lon="-119.80229610022202"><ele>189.730803397638</ele></trkpt>
<trkpt lat="34.4720894182127" lon="-119.802189115598"><ele>190.866891404019</ele></trkpt>
<trkpt lat="34.472217860835" lon="-119.80189680862901"><ele>193.539331305193</ele></trkpt>
<trkpt lat="34.4727027756368" lon="-119.80104670613798"><ele>201.60964472198</ele></trkpt>
<trkpt lat="34.4729191834185" lon="-119.800722929623"><ele>204.534459412087</ele></trkpt>
<trkpt lat="34.4731285618005" lon="-119.80047245529805"><ele>206.969710769039</ele></trkpt>
<trkpt lat="34.47330249218929" lon="-119.80029814826202"><ele>208.993328279848</ele></trkpt>
<trkpt lat="34.47364915259" lon="-119.79998621401003"><ele>213.084775368057</ele></trkpt>
<trkpt lat="34.47379148379509" lon="-119.799896582938"><ele>214.626605123372</ele></trkpt>
<trkpt lat="34.4738425594036" lon="-119.79988408877301"><ele>215.117110070354</ele></trkpt>
<trkpt lat="34.4742196380285" lon="-119.79983182442801"><ele>218.399094229831</ele></trkpt>
<trkpt lat="34.474347019157" lon="-119.799773331429"><ele>219.455039044507</ele></trkpt>
<trkpt lat="34.4743962264849" lon="-119.799726188129"><ele>219.911113148091</ele></trkpt>
<trkpt lat="34.4744454887345" lon="-119.799646537486"><ele>220.490280448644</ele></trkpt>
<trkpt lat="34.4745126503764" lon="-119.79945271207501"><ele>221.701573802652</ele></trkpt>
<trkpt lat="34.4745865634661" lon="-119.79929974519501"><ele>222.827437874926</ele></trkpt>
<trkpt lat="34.4746442047087" lon="-119.79922096333902"><ele>223.589341930117</ele></trkpt>
<trkpt lat="34.4747701834159" lon="-119.799145360738"><ele>224.943771591548</ele></trkpt>
<trkpt lat="34.4749499594864" lon="-119.79910622223804"><ele>226.681721368911</ele></trkpt>
<trkpt lat="34.4750787045752" lon="-119.79904741301203"><ele>227.909890902249</ele></trkpt>
<trkpt lat="34.4752817068824" lon="-119.79890143183"><ele>230.023922625526</ele></trkpt>
<trkpt lat="34.475422417721" lon="-119.79882899603501"><ele>231.476252166251</ele></trkpt>
<trkpt lat="34.4756293871002" lon="-119.79876857195701"><ele>233.515313357991</ele></trkpt>
<trkpt lat="34.4757091575207" lon="-119.79873525604"><ele>234.260626230547</ele></trkpt>
<trkpt lat="34.475784474226" lon="-119.79868161740202"><ele>234.987241265955</ele></trkpt>
<trkpt lat="34.4758760753021" lon="-119.79857893640501"><ele>235.998992274643</ele></trkpt>
<trkpt lat="34.475929305122" lon="-119.79846797618302"><ele>236.860186251619</ele></trkpt>
<trkpt lat="34.47595669613389" lon="-119.79837906552599"><ele>237.471363338325</ele></trkpt>
<trkpt lat="34.475989789170704" lon="-119.79816550949897"><ele>238.754565149584</ele></trkpt>
<trkpt lat="34.4760266977385" lon="-119.797852737019"><ele>241.051102977564</ele></trkpt>
<trkpt lat="34.476049636171204" lon="-119.79772655201803"><ele>241.958117481581</ele></trkpt>
<trkpt lat="34.4760904953815" lon="-119.79764626483903"><ele>242.746181133447</ele></trkpt>
<trkpt lat="34.476140535287996" lon="-119.797590694835"><ele>243.507271323453</ele></trkpt>
<trkpt lat="34.4762705374549" lon="-119.79751410935303"><ele>245.247605704179</ele></trkpt>
<trkpt lat="34.47640589102979" lon="-119.79748743985702"><ele>246.901073161501</ele></trkpt>
<trkpt lat="34.4765894525889" lon="-119.79747866136002"><ele>249.040485187364</ele></trkpt>
<trkpt lat="34.4772193616802" lon="-119.79738742394001"><ele>256.146426893151</ele></trkpt>
<trkpt lat="34.4773188203329" lon="-119.797358888533"><ele>257.281448120034</ele></trkpt>
<trkpt lat="34.4774253826224" lon="-119.79728854910299"><ele>258.599600439091</ele></trkpt>
<trkpt lat="34.477485850486" lon="-119.797194191237"><ele>259.637814069144</ele></trkpt>
<trkpt lat="34.4775747109515" lon="-119.79694312178498"><ele>261.904976219849</ele></trkpt>
<trkpt lat="34.4776416692584" lon="-119.79684114654097"><ele>263.077360615531</ele></trkpt>
<trkpt lat="34.477698450875" lon="-119.796781779977"><ele>263.956609557987</ele></trkpt>
<trkpt lat="34.4777724452635" lon="-119.796727859929"><ele>265.018258637439</ele></trkpt>
<trkpt lat="34.4779665557308" lon="-119.79663310115899"><ele>267.556983501148</ele></trkpt>
<trkpt lat="34.4780075217918" lon="-119.79659685623102"><ele>268.139724437672</ele></trkpt>
<trkpt lat="34.4780543358068" lon="-119.79650786260201"><ele>269.128565526653</ele></trkpt>
<trkpt lat="34.4780562077909" lon="-119.79639009510903"><ele>270.218927343954</ele></trkpt>
<trkpt lat="34.4780080493957" lon="-119.79615014214602"><ele>272.43361641065</ele></trkpt>
<trkpt lat="34.4780063772797" lon="-119.796039340794"><ele>273.41456648086</ele></trkpt>
<trkpt lat="34.47802233083971" lon="-119.795951346217"><ele>274.21250991424</ele></trkpt>
<trkpt lat="34.4780784089177" lon="-119.795779051196"><ele>275.86921336569</ele></trkpt>
<trkpt lat="34.4782042108186" lon="-119.79552997297"><ele>278.571997681174</ele></trkpt>
<trkpt lat="34.4782841145584" lon="-119.79543413582901"><ele>279.898992453173</ele></trkpt>
<trkpt lat="34.4783480882633" lon="-119.795401094858"><ele>280.79908062637</ele></trkpt>
<trkpt lat="34.4783981925144" lon="-119.795400553547"><ele>281.462056453846</ele></trkpt>
<trkpt lat="34.4784823865178" lon="-119.795467705179"><ele>282.729530682866</ele></trkpt>
<trkpt lat="34.4785543779939" lon="-119.795610187616"><ele>284.156951592303</ele></trkpt>
<trkpt lat="34.4786722496711" lon="-119.79598401737502"><ele>287.027866106669</ele></trkpt>
<trkpt lat="34.4787084220352" lon="-119.796074243812"><ele>287.653959315598</ele></trkpt>
<trkpt lat="34.4788990193526" lon="-119.796419081589"><ele>290.14819585489</ele></trkpt>
<trkpt lat="34.4790112368708" lon="-119.79668374910798"><ele>291.971438892451</ele></trkpt>
<trkpt lat="34.4792664017731" lon="-119.797364173562"><ele>296.260953646839</ele></trkpt>
<trkpt lat="34.4793257921916" lon="-119.79747834658305"><ele>297.07608432278</ele></trkpt>
<trkpt lat="34.479401245212" lon="-119.79758478827002"><ele>297.872590639493</ele></trkpt>
<trkpt lat="34.479544226023" lon="-119.79772201969301"><ele>298.914405713637</ele></trkpt>
<trkpt lat="34.4796438381375" lon="-119.79778446618002"><ele>299.448669806153</ele></trkpt>
<trkpt lat="34.4797348312815" lon="-119.79782385291301"><ele>299.880445401788</ele></trkpt>
<trkpt lat="34.4798201866801" lon="-119.79784263348297"><ele>300.272396310175</ele></trkpt>
<trkpt lat="34.4800196639992" lon="-119.797817033847"><ele>301.21220087897</ele></trkpt>
<trkpt lat="34.4803084305983" lon="-119.79775002869499"><ele>302.796261577496</ele></trkpt>
<trkpt lat="34.48101058729449" lon="-119.79754925325402"><ele>307.359004008178</ele></trkpt>
<trkpt lat="34.4812044294769" lon="-119.797479739493"><ele>308.630116020963</ele></trkpt>
<trkpt lat="34.48150848277629" lon="-119.79740372030399"><ele>310.774832108303</ele></trkpt>
<trkpt lat="34.4816193105083" lon="-119.797399208992"><ele>311.550701706191</ele></trkpt>
<trkpt lat="34.4816845265596" lon="-119.79742188325604"><ele>311.979873909329</ele></trkpt>
<trkpt lat="34.4817617985152" lon="-119.79748449831597"><ele>312.481345816227</ele></trkpt>
<trkpt lat="34.481900810791" lon="-119.797641537662"><ele>313.320481701979</ele></trkpt>
<trkpt lat="34.4820522292158" lon="-119.79784107860603"><ele>314.101661911884</ele></trkpt>
<trkpt lat="34.4821261817046" lon="-119.797913292624"><ele>314.395499401569</ele></trkpt>
<trkpt lat="34.4822049968976" lon="-119.797964045092"><ele>314.719896424796</ele></trkpt>
<trkpt lat="34.482324882464" lon="-119.79798981402097"><ele>315.349657537172</ele></trkpt>
<trkpt lat="34.4824097663859" lon="-119.79797340194601"><ele>315.928079942343</ele></trkpt>
<trkpt lat="34.4826371048903" lon="-119.79785208165401"><ele>318.041032577912</ele></trkpt>
<trkpt lat="34.4827418424629" lon="-119.79780034194202"><ele>319.308603025212</ele></trkpt>
<trkpt lat="34.4828397283303" lon="-119.79777093661801"><ele>320.55516990332</ele></trkpt>
<trkpt lat="34.483152989205294" lon="-119.79771998242504"><ele>324.782539130184</ele></trkpt>
<trkpt lat="34.4833315832804" lon="-119.797699043502"><ele>327.115373807835</ele></trkpt>
<trkpt lat="34.48354699471551" lon="-119.79765489891001"><ele>330.02481827312</ele></trkpt>
<trkpt lat="34.4836398656375" lon="-119.79773321403002"><ele>331.694753908423</ele></trkpt>
<trkpt lat="34.4835818225461" lon="-119.79780454766797"><ele>332.791970944291</ele></trkpt>
<trkpt lat="34.4834507826846" lon="-119.79786792798104"><ele>334.720650835414</ele></trkpt>
<trkpt lat="34.4833531858962" lon="-119.79794380595597"><ele>336.405337237399</ele></trkpt>
<trkpt lat="34.4833248584536" lon="-119.798001530748"><ele>337.281947893423</ele></trkpt>
<trkpt lat="34.4833205779934" lon="-119.79806352962605"><ele>338.13647820419</ele></trkpt>
<trkpt lat="34.483362255361996" lon="-119.79813575420401"><ele>339.390635272703</ele></trkpt>
<trkpt lat="34.48345098242729" lon="-119.798165545603"><ele>340.912294016025</ele></trkpt>
<trkpt lat="34.483610148178" lon="-119.798126141723"><ele>343.31510401251</ele></trkpt>
<trkpt lat="34.48369494557459" lon="-119.798071379475"><ele>344.595172473138</ele></trkpt>
<trkpt lat="34.483824737993" lon="-119.797944752729"><ele>346.687581512929</ele></trkpt>
<trkpt lat="34.4839722728408" lon="-119.79778100974298"><ele>349.139303239444</ele></trkpt>
<trkpt lat="34.4840988396079" lon="-119.79767853325201"><ele>350.969104801502</ele></trkpt>
<trkpt lat="34.484450905922" lon="-119.79751009524001"><ele>355.699238297999</ele></trkpt>
<trkpt lat="34.4847230540708" lon="-119.79739740260301"><ele>359.18272904475</ele></trkpt>
<trkpt lat="34.4848785379535" lon="-119.79731367940701"><ele>361.174679435864</ele></trkpt>
<trkpt lat="34.4850265469559" lon="-119.79720737036799"><ele>363.142775789481</ele></trkpt>
<trkpt lat="34.485161341391596" lon="-119.79721063159397"><ele>364.863034200027</ele></trkpt>
<trkpt lat="34.4851166117733" lon="-119.797353835902"><ele>366.274770544818</ele></trkpt>
<trkpt lat="34.4849433397333" lon="-119.797535094457"><ele>368.364629937406</ele></trkpt>
<trkpt lat="34.4848747506612" lon="-119.797618334661"><ele>369.397407360466</ele></trkpt>
<trkpt lat="34.48483225470321" lon="-119.797711018588"><ele>370.483329062896</ele></trkpt>
<trkpt lat="34.48483401558789" lon="-119.797829047225"><ele>371.840372913751</ele></trkpt>
<trkpt lat="34.4848926560091" lon="-119.79790548930102"><ele>373.053937498866</ele></trkpt>
<trkpt lat="34.48497037018551" lon="-119.79793555997703"><ele>374.15228845678</ele></trkpt>
<trkpt lat="34.48505074004681" lon="-119.797930273109"><ele>375.136451262758</ele></trkpt>
<trkpt lat="34.4852108405405" lon="-119.79790148200101"><ele>376.99271945252</ele></trkpt>
<trkpt lat="34.4853549747126" lon="-119.797857498072"><ele>378.872209718602</ele></trkpt>
<trkpt lat="34.485630532294806" lon="-119.79773131029198"><ele>382.203745435991</ele></trkpt>
<trkpt lat="34.4860000869344" lon="-119.79763549851899"><ele>385.966133043738</ele></trkpt>
<trkpt lat="34.48605453678109" lon="-119.79761288059102"><ele>386.518002494501</ele></trkpt>
<trkpt lat="34.4861577627651" lon="-119.79754494918804"><ele>387.636577051721</ele></trkpt>
<trkpt lat="34.486266969401306" lon="-119.797451026659"><ele>388.906180853052</ele></trkpt>
<trkpt lat="34.4864798180483" lon="-119.797221547304"><ele>391.645925395249</ele></trkpt>
<trkpt lat="34.486642421519" lon="-119.79707909610401"><ele>393.374289610465</ele></trkpt>
<trkpt lat="34.4867859583973" lon="-119.796973541562"><ele>394.700080236125</ele></trkpt>
<trkpt lat="34.487092534344" lon="-119.79678837434702"><ele>397.520268068193</ele></trkpt>
<trkpt lat="34.4873569445961" lon="-119.79662453771304"><ele>400.17844004396</ele></trkpt>
<trkpt lat="34.487650934207" lon="-119.796421540298"><ele>403.334078945429</ele></trkpt>
<trkpt lat="34.487831318085" lon="-119.796323871055"><ele>405.207444041305</ele></trkpt>
<trkpt lat="34.48790036283" lon="-119.796303369953"><ele>405.876967496563</ele></trkpt>
<trkpt lat="34.48805042473331" lon="-119.79629644753201"><ele>407.383997427491</ele></trkpt>
<trkpt lat="34.4882997304801" lon="-119.796325567924"><ele>410.276197414137</ele></trkpt>
<trkpt lat="34.488458209390494" lon="-119.796295480686"><ele>412.114151486051</ele></trkpt>
<trkpt lat="34.4885707520393" lon="-119.79621911350002"><ele>413.434734667424</ele></trkpt>
<trkpt lat="34.4888052870023" lon="-119.79599355313401"><ele>416.008124564267</ele></trkpt>
<trkpt lat="34.4888632528973" lon="-119.79594604237"><ele>416.567127141497</ele></trkpt>
<trkpt lat="34.4890017630186" lon="-119.795892768141"><ele>417.679535761266</ele></trkpt>
<trkpt lat="34.48908510565" lon="-119.795887403342"><ele>418.248342528664</ele></trkpt>
<trkpt lat="34.4891652977706" lon="-119.79590665517001"><ele>418.73284894155</ele></trkpt>
<trkpt lat="34.48953160054191" lon="-119.796089735019"><ele>420.740230469327</ele></trkpt>
<trkpt lat="34.4896350668945" lon="-119.79613511068399"><ele>421.20761586104</ele></trkpt>
<trkpt lat="34.4898135512678" lon="-119.796180457037"><ele>421.936689438489</ele></trkpt>
<trkpt lat="34.48988343847431" lon="-119.796181811829"><ele>422.235888732876</ele></trkpt>
<trkpt lat="34.4899931704257" lon="-119.79615539628502"><ele>422.76306852082</ele></trkpt>
<trkpt lat="34.490073652324995" lon="-119.79608807218504"><ele>423.24788752942</ele></trkpt>
<trkpt lat="34.4901621336207" lon="-119.79596970010103"><ele>423.85414309502</ele></trkpt>
<trkpt lat="34.4902648879843" lon="-119.795862883555"><ele>424.386206617731</ele></trkpt>
<trkpt lat="34.4903303517097" lon="-119.795820778675"><ele>424.644554450779</ele></trkpt>
<trkpt lat="34.4904772912434" lon="-119.79575078214502"><ele>425.16789481392</ele></trkpt>
<trkpt lat="34.4908784165126" lon="-119.79560607695603"><ele>426.530438175404</ele></trkpt>
<trkpt lat="34.49108979006811" lon="-119.795516210717"><ele>427.107116722477</ele></trkpt>
<trkpt lat="34.49129359807121" lon="-119.795384743401"><ele>428.037548441612</ele></trkpt>
<trkpt lat="34.4914710391768" lon="-119.79527605585702"><ele>429.945069908687</ele></trkpt>
<trkpt lat="34.4915548834871" lon="-119.79523209187101"><ele>431.127945010027</ele></trkpt>
<trkpt lat="34.4916606863234" lon="-119.79519584004402"><ele>432.716614411875</ele></trkpt>
<trkpt lat="34.4917204443338" lon="-119.795188728774"><ele>433.602210184743</ele></trkpt>
<trkpt lat="34.4920020526124" lon="-119.795178008605"><ele>438.009251619399</ele></trkpt>
<trkpt lat="34.492153487468" lon="-119.79515061664398"><ele>440.106067484969</ele></trkpt>
<trkpt lat="34.4922474513336" lon="-119.79511407585701"><ele>441.403857060048</ele></trkpt>
<trkpt lat="34.4923206983491" lon="-119.79506170728403"><ele>442.513463242288</ele></trkpt>
<trkpt lat="34.4925440585589" lon="-119.79487788139903"><ele>446.340385374836</ele></trkpt>
<trkpt lat="34.4929105768546" lon="-119.794654455519"><ele>452.39283964586</ele></trkpt>
<trkpt lat="34.4930982415106" lon="-119.79456492443697"><ele>455.299989906129</ele></trkpt>
<trkpt lat="34.4931538532333" lon="-119.79451390882203"><ele>456.304220731845</ele></trkpt>
<trkpt lat="34.4931800955231" lon="-119.79444819394402"><ele>457.170663615186</ele></trkpt>
<trkpt lat="34.4931539597255" lon="-119.794324528695"><ele>458.692875250622</ele></trkpt>
<trkpt lat="34.4930961698982" lon="-119.79423458270101"><ele>460.069328395147</ele></trkpt>
<trkpt lat="34.4930581091579" lon="-119.794139172203"><ele>461.40728969406</ele></trkpt>
<trkpt lat="34.4930234176104" lon="-119.79398324701702"><ele>463.41776504337</ele></trkpt>
<trkpt lat="34.4929709807293" lon="-119.79390055052703"><ele>464.629031453674</ele></trkpt>
<trkpt lat="34.4928729118083" lon="-119.79386278312201"><ele>465.970573005067</ele></trkpt>
<trkpt lat="34.4927865022755" lon="-119.79387157961304"><ele>467.037294567612</ele></trkpt>
<trkpt lat="34.492580226475" lon="-119.793928168857"><ele>469.52940621269</ele></trkpt>
<trkpt lat="34.4923697327916" lon="-119.79394585497802"><ele>471.844055066725</ele></trkpt>
<trkpt lat="34.4922338861093" lon="-119.793918489005"><ele>473.263065288238</ele></trkpt>
<trkpt lat="34.4921132223955" lon="-119.79385475207899"><ele>474.565094655632</ele></trkpt>
<trkpt lat="34.4919480374859" lon="-119.79368446452601"><ele>476.571426431216</ele></trkpt>
<trkpt lat="34.4917718731009" lon="-119.79355702328301"><ele>478.379815280702</ele></trkpt>
<trkpt lat="34.4916679507835" lon="-119.793463881134"><ele>479.599394046878</ele></trkpt>
<trkpt lat="34.4915985463469" lon="-119.79342205598799"><ele>480.395874791201</ele></trkpt>
<trkpt lat="34.4915099275308" lon="-119.79340241623004"><ele>481.39046376702</ele></trkpt>
<trkpt lat="34.491301106319" lon="-119.793409067941"><ele>483.814910440629</ele></trkpt>
<trkpt lat="34.491189901323" lon="-119.793402836363"><ele>485.065046102677</ele></trkpt>
<trkpt lat="34.4910790277816" lon="-119.793356152163"><ele>486.324274604607</ele></trkpt>
<trkpt lat="34.4910306126399" lon="-119.793285479043"><ele>487.119615268477</ele></trkpt>
<trkpt lat="34.4910227433546" lon="-119.79320993886601"><ele>487.759362294413</ele></trkpt>
<trkpt lat="34.4910756621748" lon="-119.79262852609402"><ele>492.719679477384</ele></trkpt>
<trkpt lat="34.49112365259399" lon="-119.792330051871"><ele>495.697273779733</ele></trkpt>
<trkpt lat="34.491202785759505" lon="-119.79206843011602"><ele>498.492173182265</ele></trkpt>
<trkpt lat="34.4911960877255" lon="-119.79196131869202"><ele>499.53900844561</ele></trkpt>
<trkpt lat="34.4911372904751" lon="-119.79185267309002"><ele>500.711086175483</ele></trkpt>
<trkpt lat="34.491041540123" lon="-119.79175967875504"><ele>502.000130347008</ele></trkpt>
<trkpt lat="34.4909167243116" lon="-119.791674321098"><ele>503.670427155126</ele></trkpt>
<trkpt lat="34.4907208539273" lon="-119.791593104168"><ele>506.179881971173</ele></trkpt>
<trkpt lat="34.49065012593" lon="-119.791534359239"><ele>507.408469257579</ele></trkpt>
<trkpt lat="34.4906096701681" lon="-119.791464780781"><ele>508.471446630087</ele></trkpt>
<trkpt lat="34.4905667022165" lon="-119.79127372194401"><ele>511.096410752938</ele></trkpt>
<trkpt lat="34.49056731311901" lon="-119.79118044953"><ele>512.436591005372</ele></trkpt>
<trkpt lat="34.490616928413" lon="-119.79107398775498"><ele>514.283743421196</ele></trkpt>
<trkpt lat="34.4906845466235" lon="-119.791051695618"><ele>515.574264071173</ele></trkpt>
<trkpt lat="34.4907797551057" lon="-119.791093328023"><ele>517.256843987563</ele></trkpt>
<trkpt lat="34.4909595109535" lon="-119.791208833347"><ele>520.072168469819</ele></trkpt>
<trkpt lat="34.4912726170649" lon="-119.79132157450599"><ele>523.972191549383</ele></trkpt>
<trkpt lat="34.4913178227323" lon="-119.79132752943704"><ele>524.493556410795</ele></trkpt>
<trkpt lat="34.4916134108533" lon="-119.79133284993901"><ele>527.577312373044</ele></trkpt>
<trkpt lat="34.4916989845799" lon="-119.791356331441"><ele>528.439978027351</ele></trkpt>
<trkpt lat="34.4917498248529" lon="-119.79139185193"><ele>529.004686920389</ele></trkpt>
<trkpt lat="34.4917919725851" lon="-119.79147436371201"><ele>529.764753821508</ele></trkpt>
<trkpt lat="34.4918186747592" lon="-119.791615627328"><ele>530.881263551755</ele></trkpt>
<trkpt lat="34.491858165698" lon="-119.791721978535"><ele>531.801308419309</ele></trkpt>
<trkpt lat="34.4918936616971" lon="-119.79176256697399"><ele>532.269108980367</ele></trkpt>
<trkpt lat="34.4919727571613" lon="-119.79180335723002"><ele>533.086526774967</ele></trkpt>
<trkpt lat="34.4921998486952" lon="-119.791864081572"><ele>535.327922840706</ele></trkpt>
<trkpt lat="34.4922978236423" lon="-119.79191420488497"><ele>536.463302386806</ele></trkpt>
<trkpt lat="34.4923894701641" lon="-119.791992173692"><ele>537.704258010434</ele></trkpt>
<trkpt lat="34.492495025767" lon="-119.79210291930701"><ele>539.290713512168</ele></trkpt>
<trkpt lat="34.4926648818209" lon="-119.79225062298204"><ele>541.945714644662</ele></trkpt>
<trkpt lat="34.4927932682387" lon="-119.792370747311"><ele>544.044949422729</ele></trkpt>
<trkpt lat="34.4929052658799" lon="-119.79236851714701"><ele>545.472485199871</ele></trkpt>
<trkpt lat="34.492905428959595" lon="-119.79226984859899"><ele>546.440606742813</ele></trkpt>
<trkpt lat="34.4928679357837" lon="-119.792195950312"><ele>547.33010920226</ele></trkpt>
<trkpt lat="34.4927803058003" lon="-119.79206905589103"><ele>548.959252905476</ele></trkpt>
<trkpt lat="34.4927326311981" lon="-119.79196890308"><ele>550.094601068708</ele></trkpt>
<trkpt lat="34.4926763576374" lon="-119.791731474582"><ele>552.607999590736</ele></trkpt>
<trkpt lat="34.49265722555041" lon="-119.79167886605902"><ele>553.203704081209</ele></trkpt>
<trkpt lat="34.4926040212537" lon="-119.791608100507"><ele>554.203797567557</ele></trkpt>
<trkpt lat="34.4924340073766" lon="-119.79148438247"><ele>556.671394201409</ele></trkpt>
<trkpt lat="34.4923911275842" lon="-119.791415126092"><ele>557.563690184221</ele></trkpt>
<trkpt lat="34.4923820893334" lon="-119.79134167604005"><ele>558.322668373991</ele></trkpt>
<trkpt lat="34.49240860392089" lon="-119.791170626414"><ele>560.055517262632</ele></trkpt>
<trkpt lat="34.4924759562491" lon="-119.791008199926"><ele>561.73494981956</ele></trkpt>
<trkpt lat="34.492511814626" lon="-119.79084360140502"><ele>563.297965052247</ele></trkpt>
<trkpt lat="34.4924876876575" lon="-119.79071233025799"><ele>564.601243958166</ele></trkpt>
<trkpt lat="34.4924349919618" lon="-119.79063726281399"><ele>565.584621130567</ele></trkpt>
<trkpt lat="34.4923892457136" lon="-119.790603250665"><ele>566.244204000051</ele></trkpt>
<trkpt lat="34.49224256985201" lon="-119.790528797168"><ele>568.2625853934</ele></trkpt>
<trkpt lat="34.4921692634649" lon="-119.79047483454704"><ele>569.401735640277</ele></trkpt>
<trkpt lat="34.4921333531105" lon="-119.790428165709"><ele>570.117520433581</ele></trkpt>
<trkpt lat="34.4920941468453" lon="-119.790338211225"><ele>571.288657565537</ele></trkpt>
<trkpt lat="34.4920839136352" lon="-119.790260478913"><ele>572.211183139552</ele></trkpt>
<trkpt lat="34.4920958484639" lon="-119.790193076951"><ele>573.017936978137</ele></trkpt>
<trkpt lat="34.4921369638059" lon="-119.79012910176401"><ele>573.944646745059</ele></trkpt>
<trkpt lat="34.4922306814341" lon="-119.79010253701904"><ele>575.186011118594</ele></trkpt>
<trkpt lat="34.492307487483" lon="-119.79011227069799"><ele>576.070949556412</ele></trkpt>
<trkpt lat="34.492480206047" lon="-119.79015649149198"><ele>577.929995005966</ele></trkpt>
<trkpt lat="34.4925297321045" lon="-119.79016075788802"><ele>578.456447136365</ele></trkpt>
<trkpt lat="34.4926033408798" lon="-119.79014038540001"><ele>579.288964270845</ele></trkpt>
<trkpt lat="34.4926477078021" lon="-119.790106417832"><ele>579.884332737463</ele></trkpt>
<trkpt lat="34.4927908675758" lon="-119.78993591065301"><ele>582.272800544663</ele></trkpt>
<trkpt lat="34.49289073367171" lon="-119.789862471135"><ele>583.754472558446</ele></trkpt>
<trkpt lat="34.493035665297" lon="-119.78981063793702"><ele>585.725332158386</ele></trkpt>
<trkpt lat="34.4931871297994" lon="-119.78969302718403"><ele>588.360166825132</ele></trkpt>
<trkpt lat="34.4932847859148" lon="-119.78974928876703"><ele>590.375925539959</ele></trkpt>
<trkpt lat="34.493274583134" lon="-119.78981666610301"><ele>591.215860690847</ele></trkpt>
<trkpt lat="34.4931743590701" lon="-119.78996098069501"><ele>593.113268721308</ele></trkpt>
<trkpt lat="34.4931348542937" lon="-119.790025142929"><ele>593.77304775194</ele></trkpt>
<trkpt lat="34.4930608826872" lon="-119.790183407513"><ele>595.143894378858</ele></trkpt>
<trkpt lat="34.4930354660674" lon="-119.79029044806602"><ele>595.955835271005</ele></trkpt>
<trkpt lat="34.4930617396192" lon="-119.79041656223498"><ele>596.938362658198</ele></trkpt>
<trkpt lat="34.4931915636058" lon="-119.79063783351502"><ele>599.121502675104</ele></trkpt>
<trkpt lat="34.4932734760673" lon="-119.790728099363"><ele>600.230963133995</ele></trkpt>
<trkpt lat="34.493550146555705" lon="-119.79091456664403"><ele>603.571403620991</ele></trkpt>
<trkpt lat="34.4937305147648" lon="-119.79100857421402"><ele>605.761344376476</ele></trkpt>
<trkpt lat="34.4938886360778" lon="-119.791075078177"><ele>607.625390761702</ele></trkpt>
<trkpt lat="34.4940097325877" lon="-119.79109472853204"><ele>608.912712183786</ele></trkpt>
<trkpt lat="34.4941697181796" lon="-119.79107782278398"><ele>610.471826507004</ele></trkpt>
<trkpt lat="34.4942392673798" lon="-119.79109253102901"><ele>611.125597740865</ele></trkpt>
<trkpt lat="34.4943091606204" lon="-119.79112875447105"><ele>611.817442102877</ele></trkpt>
<trkpt lat="34.4944430308459" lon="-119.79123254495498"><ele>613.270355274151</ele></trkpt>
<trkpt lat="34.4945653671816" lon="-119.791251493562"><ele>614.488520083315</ele></trkpt>
<trkpt lat="34.4946972910971" lon="-119.791211872589"><ele>615.899279785216</ele></trkpt>
<trkpt lat="34.4947480916184" lon="-119.791186112698"><ele>616.455856488239</ele></trkpt>
<trkpt lat="34.4948590354474" lon="-119.791101362293"><ele>617.630874792828</ele></trkpt>
<trkpt lat="34.4948918421197" lon="-119.79106141892798"><ele>617.991093136727</ele></trkpt>
<trkpt lat="34.4949387305113" lon="-119.79095288638301"><ele>618.728845433335</ele></trkpt>
<trkpt lat="34.49496185641729" lon="-119.790812837565"><ele>619.640199575261</ele></trkpt>
<trkpt lat="34.4949672854673" lon="-119.79064262948802"><ele>620.860049282765</ele></trkpt>
<trkpt lat="34.4949558838305" lon="-119.790520364807"><ele>621.723570094548</ele></trkpt>
<trkpt lat="34.49489328368399" lon="-119.79024951467204"><ele>623.312403627647</ele></trkpt>
<trkpt lat="34.494892982232" lon="-119.790174660214"><ele>623.668285153439</ele></trkpt>
<trkpt lat="34.494952829111" lon="-119.79006235494398"><ele>624.311722655128</ele></trkpt>
<trkpt lat="34.4950755682978" lon="-119.78995432521201"><ele>625.346230623682</ele></trkpt>
<trkpt lat="34.4952212234997" lon="-119.78987890634997"><ele>626.75520057661</ele></trkpt>
<trkpt lat="34.495481632587" lon="-119.789767853491"><ele>629.996440696646</ele></trkpt>
<trkpt lat="34.495668558247004" lon="-119.78971940866201"><ele>631.992564843606</ele></trkpt>
<trkpt lat="34.4957411520599" lon="-119.789692071238"><ele>632.761442397312</ele></trkpt>
<trkpt lat="34.495859225392394" lon="-119.789628115301"><ele>634.049453017149</ele></trkpt>
<trkpt lat="34.4959937715759" lon="-119.78954018701204"><ele>635.639471738077</ele></trkpt>
<trkpt lat="34.4960510121361" lon="-119.78951433823303"><ele>636.334673257907</ele></trkpt>
<trkpt lat="34.4961193981961" lon="-119.78951001803699"><ele>637.167504123138</ele></trkpt>
<trkpt lat="34.49616786121479" lon="-119.789526334323"><ele>637.80694391234</ele></trkpt>
<trkpt lat="34.4963304213053" lon="-119.789628269218"><ele>640.192524019108</ele></trkpt>
<trkpt lat="34.4964261958026" lon="-119.78965711497601"><ele>641.345541881157</ele></trkpt>
<trkpt lat="34.4965578466102" lon="-119.78965942566103"><ele>642.597751936302</ele></trkpt>
<trkpt lat="34.4969620225494" lon="-119.78963137701702"><ele>645.807531319628</ele></trkpt>
<trkpt lat="34.4971026690703" lon="-119.789606163618"><ele>646.919830483344</ele></trkpt>
<trkpt lat="34.4971976931817" lon="-119.78956852097501"><ele>647.753335537636</ele></trkpt>
<trkpt lat="34.4972889997938" lon="-119.78950612609101"><ele>648.719623782377</ele></trkpt>
<trkpt lat="34.4973385929559" lon="-119.789457628647"><ele>649.377929482569</ele></trkpt>
<trkpt lat="34.4974737055395" lon="-119.789294801786"><ele>651.74867524736</ele></trkpt>
<trkpt lat="34.497535675575804" lon="-119.78925416615301"><ele>652.756696884227</ele></trkpt>
<trkpt lat="34.4975981573656" lon="-119.78923736552801"><ele>653.6991014298</ele></trkpt>
<trkpt lat="34.4977665973155" lon="-119.78922241998804"><ele>656.163003850731</ele></trkpt>
<trkpt lat="34.4979199874195" lon="-119.789232256224"><ele>658.190654659139</ele></trkpt>
<trkpt lat="34.49800945338961" lon="-119.78925270708105"><ele>659.28164419717</ele></trkpt>
<trkpt lat="34.4980929785726" lon="-119.78929410725699"><ele>660.344334626088</ele></trkpt>
<trkpt lat="34.4982055855314" lon="-119.789383610558"><ele>661.977899912426</ele></trkpt>
<trkpt lat="34.4982827785626" lon="-119.78947472991001"><ele>663.324291466367</ele></trkpt>
<trkpt lat="34.4983532103998" lon="-119.789527384284"><ele>664.376791068134</ele></trkpt>
<trkpt lat="34.4983945892231" lon="-119.78953601168999"><ele>664.905305785008</ele></trkpt>
<trkpt lat="34.498919139543595" lon="-119.789510527783"><ele>671.63853894338</ele></trkpt>
<trkpt lat="34.499387341413" lon="-119.789508895935"><ele>677.63931697964</ele></trkpt>
<trkpt lat="34.4996000137691" lon="-119.78946954632602"><ele>680.54008581526</ele></trkpt>
<trkpt lat="34.4998657844133" lon="-119.78940045645703"><ele>683.889651538053</ele></trkpt>
<trkpt lat="34.5000000932228" lon="-119.78940417949103"><ele>685.469716982501</ele></trkpt>
<trkpt lat="34.5000862078043" lon="-119.789447334963"><ele>686.466132390875</ele></trkpt>
<trkpt lat="34.5001746011187" lon="-119.78951586525298"><ele>687.43823540451</ele></trkpt>
<trkpt lat="34.5002191507564" lon="-119.789571699694"><ele>687.961913008839</ele></trkpt>
<trkpt lat="34.50030145978689" lon="-119.78970654572798"><ele>689.058654823559</ele></trkpt>
<trkpt lat="34.5003553494617" lon="-119.789759888847"><ele>689.672853401239</ele></trkpt>
<trkpt lat="34.500507556329" lon="-119.78982446326401"><ele>691.233444020069</ele></trkpt>
<trkpt lat="34.5005888249772" lon="-119.78987359575403"><ele>692.005833907384</ele></trkpt>
<trkpt lat="34.5007247903093" lon="-119.78999769493001"><ele>692.955422086362</ele></trkpt>
<trkpt lat="34.50097051537001" lon="-119.790227226972"><ele>693.960347196994</ele></trkpt>
<trkpt lat="34.5010362678618" lon="-119.79026562535002"><ele>694.116352637136</ele></trkpt>
<trkpt lat="34.5010882841216" lon="-119.790269405161"><ele>694.241429597003</ele></trkpt>
<trkpt lat="34.501155287513" lon="-119.79022556167"><ele>694.49277156239</ele></trkpt>
<trkpt lat="34.5011892993331" lon="-119.79014135386801"><ele>694.876246924305</ele></trkpt>
<trkpt lat="34.5011862300113" lon="-119.790060638498"><ele>695.328979695861</ele></trkpt>
<trkpt lat="34.5011459426021" lon="-119.789888434424"><ele>696.731071515578</ele></trkpt>
<trkpt lat="34.5011424218019" lon="-119.789780408351"><ele>697.774251541432</ele></trkpt>
<trkpt lat="34.5011710907632" lon="-119.78932208459904"><ele>702.654903577268</ele></trkpt>
<trkpt lat="34.50118866142849" lon="-119.78924241673803"><ele>703.552674395638</ele></trkpt>
<trkpt lat="34.501220173274" lon="-119.789184759567"><ele>704.297829497166</ele></trkpt>
<trkpt lat="34.5013005504695" lon="-119.789135656669"><ele>705.410605666399</ele></trkpt>
<trkpt lat="34.50154849017639" lon="-119.789100273987"><ele>707.80984754818</ele></trkpt>
<trkpt lat="34.50165181129889" lon="-119.789067512329"><ele>708.64673182511</ele></trkpt>
<trkpt lat="34.50171952078849" lon="-119.78902567780499"><ele>709.225491005957</ele></trkpt>
<trkpt lat="34.5019430021544" lon="-119.78884171191201"><ele>711.521325314612</ele></trkpt>
<trkpt lat="34.5020812516171" lon="-119.78876390695304"><ele>713.083769729434</ele></trkpt>
<trkpt lat="34.5022534896051" lon="-119.788709634029"><ele>715.082210253577</ele></trkpt>
<trkpt lat="34.502390940238705" lon="-119.78867480691498"><ele>716.748966714608</ele></trkpt>
<trkpt lat="34.5025988899099" lon="-119.788674064878"><ele>719.39626622479</ele></trkpt>
<trkpt lat="34.502667029213306" lon="-119.78865251811001"><ele>720.329184834078</ele></trkpt>
<trkpt lat="34.5028119299649" lon="-119.78857491196604"><ele>722.277653247401</ele></trkpt>
<trkpt lat="34.5028856265502" lon="-119.788477057883"><ele>723.332931688702</ele></trkpt>
<trkpt lat="34.5029671982553" lon="-119.78824723790797"><ele>724.723988434072</ele></trkpt>
<trkpt lat="34.5030012971252" lon="-119.788171297867"><ele>725.210928154208</ele></trkpt>
<trkpt lat="34.5030670193175" lon="-119.78806899140905"><ele>726.072440849699</ele></trkpt>
<trkpt lat="34.5031330178834" lon="-119.788006520503"><ele>726.891465822773</ele></trkpt>
<trkpt lat="34.5033351758658" lon="-119.78786417254598"><ele>729.781217721477</ele></trkpt>
<trkpt lat="34.5034451874589" lon="-119.78776292281299"><ele>731.680535534945</ele></trkpt>
<trkpt lat="34.5035196912715" lon="-119.787677348569"><ele>733.271472678579</ele></trkpt>
<trkpt lat="34.5036534104948" lon="-119.78749415108601"><ele>736.360505757283</ele></trkpt>
<trkpt lat="34.5036981018999" lon="-119.78745563988298"><ele>737.119925177049</ele></trkpt>
<trkpt lat="34.5037593845677" lon="-119.78743601037205"><ele>737.920027305212</ele></trkpt>
<trkpt lat="34.5039134489111" lon="-119.78745389798301"><ele>739.438864741187</ele></trkpt>
<trkpt lat="34.5042030757152" lon="-119.78756175370401"><ele>741.33059765123</ele></trkpt>
<trkpt lat="34.50523862661497" lon="-119.78811004729734"><ele>752.189548701951</ele></trkpt>
<trkpt lat="34.505320963814334" lon="-119.78815401853232"><ele>753.3522830433074</ele></trkpt>
<trkpt lat="34.50542749767844" lon="-119.78819458774072"><ele>754.790501551247</ele></trkpt>
<trkpt lat="34.50550283936081" lon="-119.78825270165693"><ele>755.9405596294966</ele></trkpt>
<trkpt lat="34.50552884573926" lon="-119.7882953104478"><ele>756.4796670394662</ele></trkpt>
<trkpt lat="34.50541669407875" lon="-119.78840558543224"><ele>758.6605280239464</ele></trkpt>
<trkpt lat="34.50537688120051" lon="-119.78856601155942"><ele>760.6843052684412</ele></trkpt>
<trkpt lat="34.505485247588105" lon="-119.78859125150213"><ele>762.0806222166625</ele></trkpt>
<trkpt lat="34.5056050453345" lon="-119.788672928209"><ele>763.811378697717</ele></trkpt>
<trkpt lat="34.5059801922999" lon="-119.78897765533"><ele>767.824401537532</ele></trkpt>
<trkpt lat="34.506087907144995" lon="-119.789096432526"><ele>769.22038403028</ele></trkpt>
<trkpt lat="34.5061710312573" lon="-119.789154856265"><ele>770.156492197598</ele></trkpt>
<trkpt lat="34.5063014858684" lon="-119.789192246601"><ele>771.396700307071</ele></trkpt>
<trkpt lat="34.5063763562917" lon="-119.78924485079501"><ele>772.172141231336</ele></trkpt>
<trkpt lat="34.50642512547391" lon="-119.78932332831104"><ele>772.896394221777</ele></trkpt>
<trkpt lat="34.5064946036483" lon="-119.78959279703403"><ele>775.094531853782</ele></trkpt>
<trkpt lat="34.5065942483211" lon="-119.789917965133"><ele>778.266689895471</ele></trkpt>
<trkpt lat="34.5066560433429" lon="-119.790010116393"><ele>779.470742997305</ele></trkpt>
<trkpt lat="34.5067224269649" lon="-119.79003903205701"><ele>780.364285537065</ele></trkpt>
<trkpt lat="34.50682428446941" lon="-119.79005790550903"><ele>781.665440326439</ele></trkpt>
<trkpt lat="34.5068783095531" lon="-119.79011134073403"><ele>782.39877332926</ele></trkpt>
<trkpt lat="34.5068134864353" lon="-119.79022267585401"><ele>783.69420105316</ele></trkpt>
<trkpt lat="34.5067249420312" lon="-119.79026022956299"><ele>784.876171617219</ele></trkpt>
<trkpt lat="34.5065883472501" lon="-119.790356012686"><ele>786.810651483874</ele></trkpt>
<trkpt lat="34.5065204147517" lon="-119.79036770931002"><ele>787.640291776689</ele></trkpt>
<trkpt lat="34.5064324136354" lon="-119.79033476071503"><ele>788.750302428641</ele></trkpt>
<trkpt lat="34.5063084340822" lon="-119.79022312969404"><ele>790.573178204899</ele></trkpt>
<trkpt lat="34.5062052111259" lon="-119.790168763236"><ele>791.905581504959</ele></trkpt>
<trkpt lat="34.5060522426719" lon="-119.79013870271"><ele>793.741192946409</ele></trkpt>
<trkpt lat="34.505881933991496" lon="-119.790037265723"><ele>795.869155250811</ele></trkpt>
<trkpt lat="34.5058002361853" lon="-119.79000252764502"><ele>796.715880775538</ele></trkpt>
<trkpt lat="34.5057134751456" lon="-119.78998423212302"><ele>797.509887558553</ele></trkpt>
<trkpt lat="34.5056249790217" lon="-119.78998989131402"><ele>798.303509588018</ele></trkpt>
<trkpt lat="34.5054909935502" lon="-119.79003882794905"><ele>799.6500584662</ele></trkpt>
<trkpt lat="34.50537707462421" lon="-119.790137524577"><ele>801.066777403848</ele></trkpt>
<trkpt lat="34.5052365220871" lon="-119.79030512009297"><ele>803.37049019674</ele></trkpt>
<trkpt lat="34.50512967239389" lon="-119.790475252742"><ele>805.100774419243</ele></trkpt>
<trkpt lat="34.5050765253229" lon="-119.790592283605"><ele>806.134598209278</ele></trkpt>
<trkpt lat="34.5050372311678" lon="-119.79074233583098"><ele>807.309477848373</ele></trkpt>
<trkpt lat="34.5050013316129" lon="-119.79106411897601"><ele>809.522841041403</ele></trkpt>
<trkpt lat="34.5049988431961" lon="-119.79117560274896"><ele>810.233564095486</ele></trkpt>
<trkpt lat="34.5050130470545" lon="-119.79128661591902"><ele>810.905794244411</ele></trkpt>
<trkpt lat="34.5050340128373" lon="-119.79135233806801"><ele>811.291671345387</ele></trkpt>
<trkpt lat="34.5051563613054" lon="-119.79159298060202"><ele>812.260520314714</ele></trkpt>
<trkpt lat="34.50525508024529" lon="-119.79173531532498"><ele>812.155273284318</ele></trkpt>
<trkpt lat="34.5054516781294" lon="-119.791946524659"><ele>810.684548537393</ele></trkpt>
<trkpt lat="34.5055125090182" lon="-119.79199305317204"><ele>810.108073789207</ele></trkpt>
<trkpt lat="34.50567678283219" lon="-119.79209204558504"><ele>808.5447929072</ele></trkpt>
<trkpt lat="34.5057592980921" lon="-119.79216421350701"><ele>807.723994702384</ele></trkpt>
<trkpt lat="34.5058122022949" lon="-119.79224136459"><ele>807.147420027092</ele></trkpt>
<trkpt lat="34.505837740011" lon="-119.79230636436205"><ele>806.7954383895</ele></trkpt>
<trkpt lat="34.5059080663529" lon="-119.79257096046204"><ele>805.789966556942</ele></trkpt>
<trkpt lat="34.5059408410768" lon="-119.792664445202"><ele>805.545220678386</ele></trkpt>
<trkpt lat="34.506011556511" lon="-119.792799566439"><ele>805.352150975201</ele></trkpt>
<trkpt lat="34.5061092882901" lon="-119.792947376848"><ele>805.48925899104</ele></trkpt>
<trkpt lat="34.506201943272" lon="-119.793057505115"><ele>805.908695636921</ele></trkpt>
<trkpt lat="34.5063110216369" lon="-119.79312721721901"><ele>806.520169461168</ele></trkpt>
<trkpt lat="34.50639370873681" lon="-119.79315315976798"><ele>806.998295754481</ele></trkpt>
<trkpt lat="34.5066100968241" lon="-119.79318987245499"><ele>808.049427293434</ele></trkpt>
<trkpt lat="34.5067185494829" lon="-119.79326232417502"><ele>808.49671925716</ele></trkpt>
<trkpt lat="34.5067735393517" lon="-119.79334606008702"><ele>808.808879509337</ele></trkpt>
<trkpt lat="34.5068359442461" lon="-119.79352711457399"><ele>809.382734042982</ele></trkpt>
<trkpt lat="34.506911309184595" lon="-119.793901868124"><ele>810.014174475882</ele></trkpt>
<trkpt lat="34.5069631767151" lon="-119.79405896427104"><ele>810.028529752014</ele></trkpt>
<trkpt lat="34.5070058301984" lon="-119.79413139448603"><ele>810.017000062572</ele></trkpt>
<trkpt lat="34.50708182925799" lon="-119.794220796301"><ele>810.004304076198</ele></trkpt>
<trkpt lat="34.5074607098651" lon="-119.794581569646"><ele>809.989334207733</ele></trkpt>
<trkpt lat="34.50772647179599" lon="-119.794866380908"><ele>810.471587885302</ele></trkpt>
<trkpt lat="34.50798310960239" lon="-119.79515463068701"><ele>811.481056615822</ele></trkpt>
<trkpt lat="34.5080525254896" lon="-119.79522571894998"><ele>811.706387880524</ele></trkpt>
<trkpt lat="34.508348178340306" lon="-119.79542798817302"><ele>812.802575827899</ele></trkpt>
<trkpt lat="34.508540023939" lon="-119.795598499967"><ele>814.777424391166</ele></trkpt>
<trkpt lat="34.508584472952" lon="-119.79562750631801"><ele>815.349571109247</ele></trkpt>
<trkpt lat="34.5087235802612" lon="-119.79568447886402"><ele>817.21821152137</ele></trkpt>
<trkpt lat="34.5088305075208" lon="-119.79568797774103"><ele>818.699688248471</ele></trkpt>
<trkpt lat="34.508965666181595" lon="-119.795636996273"><ele>820.671466887077</ele></trkpt>
<trkpt lat="34.5091952697766" lon="-119.79550625645399"><ele>824.060413140734</ele></trkpt>
<trkpt lat="34.5092844246762" lon="-119.795477525639"><ele>825.171183805023</ele></trkpt>
<trkpt lat="34.5095559424955" lon="-119.795460035155"><ele>827.49932596355</ele></trkpt>
<trkpt lat="34.5099671292415" lon="-119.795440555613"><ele>829.906048107212</ele></trkpt>
<trkpt lat="34.51009122262539" lon="-119.79545090160202"><ele>830.633448612565</ele></trkpt>
<trkpt lat="34.5102001622007" lon="-119.795480667398"><ele>831.270788843477</ele></trkpt>
<trkpt lat="34.5105190042572" lon="-119.79560831269998"><ele>833.178259287231</ele></trkpt>
<trkpt lat="34.5106627722002" lon="-119.79563759314897"><ele>833.839225967547</ele></trkpt>
<trkpt lat="34.5109467950211" lon="-119.79562965628"><ele>834.481730068656</ele></trkpt>
<trkpt lat="34.5111593902386" lon="-119.79562250938199"><ele>834.065195898666</ele></trkpt>
<trkpt lat="34.5113576132671" lon="-119.795651607065"><ele>833.89769636976</ele></trkpt>
<trkpt lat="34.5114650397836" lon="-119.79570058952203"><ele>834.363915299186</ele></trkpt>
<trkpt lat="34.5117399642584" lon="-119.79589990137605"><ele>837.686936888304</ele></trkpt>
<trkpt lat="34.5119790524167" lon="-119.796039098093"><ele>841.464477819271</ele></trkpt>
<trkpt lat="34.51206095336351" lon="-119.796076198613"><ele>842.553492476639</ele></trkpt>
<trkpt lat="34.512259503008" lon="-119.79613061125502"><ele>844.841113375177</ele></trkpt>
<trkpt lat="34.5125203021157" lon="-119.796218095475"><ele>847.167089202437</ele></trkpt>
<trkpt lat="34.51286959094611" lon="-119.79627194420598"><ele>848.057002850039</ele></trkpt>
<trkpt lat="34.5130348462694" lon="-119.796328808151"><ele>848.020556839887</ele></trkpt>
<trkpt lat="34.51314485281" lon="-119.79638415287403"><ele>847.838166625413</ele></trkpt>
<trkpt lat="34.5132470663724" lon="-119.796461078686"><ele>847.580613458942</ele></trkpt>
<trkpt lat="34.5133522173029" lon="-119.796575463154"><ele>847.369372804232</ele></trkpt>
<trkpt lat="34.5134354873107" lon="-119.796711466158"><ele>847.456459345404</ele></trkpt>
<trkpt lat="34.51348056360091" lon="-119.796851601565"><ele>847.800304521797</ele></trkpt>
<trkpt lat="34.5135257535868" lon="-119.797029824881"><ele>848.336797197334</ele></trkpt>
<trkpt lat="34.5136238877142" lon="-119.79708056258498"><ele>848.613847047263</ele></trkpt>
<trkpt lat="34.5136635503142" lon="-119.79699502185198"><ele>848.821041619954</ele></trkpt>
<trkpt lat="34.5136877610114" lon="-119.79682094087701"><ele>849.234814823581</ele></trkpt>
<trkpt lat="34.5137313548243" lon="-119.796641182492"><ele>849.719920342385</ele></trkpt>
<trkpt lat="34.513774758504" lon="-119.796523114106"><ele>850.171273008153</ele></trkpt>
<trkpt lat="34.513831980042" lon="-119.79644409088303"><ele>850.629808879121</ele></trkpt>
<trkpt lat="34.5139255892211" lon="-119.79639167667203"><ele>851.232527277082</ele></trkpt>
<trkpt lat="34.5140203624374" lon="-119.796375186227"><ele>851.777870397046</ele></trkpt>
<trkpt lat="34.5143664621252" lon="-119.796336167933"><ele>853.5473113267</ele></trkpt>
<trkpt lat="34.51454938607951" lon="-119.796267196843"><ele>854.157595479483</ele></trkpt>
<trkpt lat="34.514606705674304" lon="-119.796219311804"><ele>854.230983037311</ele></trkpt>
<trkpt lat="34.5146689279518" lon="-119.796096279217"><ele>854.134925397258</ele></trkpt>
<trkpt lat="34.5147216569393" lon="-119.795934062476"><ele>853.846614266837</ele></trkpt>
<trkpt lat="34.5147636373093" lon="-119.79585379415805"><ele>853.755388623999</ele></trkpt>
<trkpt lat="34.51479961601189" lon="-119.79581793693998"><ele>853.750441222211</ele></trkpt>
<trkpt lat="34.5148700216105" lon="-119.795792540845"><ele>853.82026170087</ele></trkpt>
<trkpt lat="34.5149210306521" lon="-119.795795219612"><ele>853.91371102062</ele></trkpt>
<trkpt lat="34.51498506970359" lon="-119.79583533244003"><ele>854.083661797397</ele></trkpt>
<trkpt lat="34.51501874717059" lon="-119.79590086980802"><ele>854.245916465312</ele></trkpt>
<trkpt lat="34.5150569583809" lon="-119.79607211019601"><ele>854.667594716354</ele></trkpt>
<trkpt lat="34.5151220985111" lon="-119.796449438295"><ele>856.04346075475</ele></trkpt>
<trkpt lat="34.51516358612669" lon="-119.79658734671"><ele>856.792849887615</ele></trkpt>
<trkpt lat="34.5152117841111" lon="-119.79666714382601"><ele>857.433969806357</ele></trkpt>
<trkpt lat="34.5153042553044" lon="-119.79672535967002"><ele>858.371255233176</ele></trkpt>
<trkpt lat="34.5153970385946" lon="-119.79670305696098"><ele>859.240576061961</ele></trkpt>
<trkpt lat="34.515484377721" lon="-119.796589607369"><ele>860.411905193918</ele></trkpt>
<trkpt lat="34.5155340543535" lon="-119.79645593806704"><ele>861.589834364426</ele></trkpt>
<trkpt lat="34.5156239298088" lon="-119.796184080679"><ele>864.315937074261</ele></trkpt>
<trkpt lat="34.5156843159991" lon="-119.796064330196"><ele>865.666114504084</ele></trkpt>
<trkpt lat="34.5157195674942" lon="-119.796028591062"><ele>866.212297504424</ele></trkpt>
<trkpt lat="34.515799032942" lon="-119.796002436196"><ele>867.205166431484</ele></trkpt>
<trkpt lat="34.5159454749652" lon="-119.79599347391704"><ele>868.956434723187</ele></trkpt>
<trkpt lat="34.5160495763362" lon="-119.795945728879"><ele>870.245442557178</ele></trkpt>
<trkpt lat="34.5160721067086" lon="-119.79585891772001"><ele>871.038731193638</ele></trkpt>
<trkpt lat="34.5160371545691" lon="-119.795777641107"><ele>871.717842769548</ele></trkpt>
<trkpt lat="34.5159859772502" lon="-119.795714180276"><ele>872.279383931314</ele></trkpt>
<trkpt lat="34.5158783034781" lon="-119.79561343385598"><ele>873.224580695257</ele></trkpt>
<trkpt lat="34.51578194247091" lon="-119.795559105636"><ele>873.984770000929</ele></trkpt>
<trkpt lat="34.515582973023" lon="-119.79548346992998"><ele>875.56638260596</ele></trkpt>
<trkpt lat="34.5155041375478" lon="-119.79540213499202"><ele>876.339222905925</ele></trkpt>
<trkpt lat="34.51548366244629" lon="-119.79532947149104"><ele>876.784930707634</ele></trkpt>
<trkpt lat="34.515491018980406" lon="-119.79519499843398"><ele>877.529886171409</ele></trkpt>
<trkpt lat="34.5155440948797" lon="-119.79501245558602"><ele>878.544719464153</ele></trkpt>
<trkpt lat="34.51557163869519" lon="-119.794844722658"><ele>879.401300077982</ele></trkpt>
<trkpt lat="34.5155657207539" lon="-119.794778054104"><ele>879.708511263585</ele></trkpt>
<trkpt lat="34.51553283783599" lon="-119.79472110214"><ele>880.004916378987</ele></trkpt>
<trkpt lat="34.5154201653926" lon="-119.79468289118401"><ele>880.541898621046</ele></trkpt>
<trkpt lat="34.51510971292739" lon="-119.79468982129802"><ele>881.993891873023</ele></trkpt>
<trkpt lat="34.5148370454465" lon="-119.79470663786398"><ele>883.714989189499</ele></trkpt>
<trkpt lat="34.5147711324291" lon="-119.79470035207603"><ele>884.102214943137</ele></trkpt>
<trkpt lat="34.5147163575421" lon="-119.79465875168901"><ele>884.48187057807</ele></trkpt>
<trkpt lat="34.51468918291539" lon="-119.794573698469"><ele>884.899535442678</ele></trkpt>
<trkpt lat="34.5146748830713" lon="-119.79447236886602"><ele>885.324708375999</ele></trkpt>
<trkpt lat="34.5146465291809" lon="-119.79439156527398"><ele>885.65108676556</ele></trkpt>
<trkpt lat="34.5145563661016" lon="-119.794268645558"><ele>886.211989709124</ele></trkpt>
<trkpt lat="34.5144472241631" lon="-119.79418313094199"><ele>886.760487435095</ele></trkpt>
<trkpt lat="34.51434060922119" lon="-119.79412410505802"><ele>887.282380199396</ele></trkpt>
<trkpt lat="34.5142805447297" lon="-119.79406902742899"><ele>887.634162677611</ele></trkpt>
<trkpt lat="34.5140509800012" lon="-119.79376021817902"><ele>889.527560293376</ele></trkpt>
<trkpt lat="34.5140187176853" lon="-119.79370048259702"><ele>889.858036201148</ele></trkpt>
<trkpt lat="34.5140016303942" lon="-119.79357723865"><ele>890.37718055357</ele></trkpt>
<trkpt lat="34.5140093873847" lon="-119.79350693347901"><ele>890.618849605297</ele></trkpt>
<trkpt lat="34.5140506156406" lon="-119.793413119406"><ele>890.899716809364</ele></trkpt>
<trkpt lat="34.51411240047871" lon="-119.79332954656503"><ele>891.084423615998</ele></trkpt>
<trkpt lat="34.5142203534006" lon="-119.79323579525101"><ele>891.179263440685</ele></trkpt>
<trkpt lat="34.5144089317567" lon="-119.79312905782601"><ele>891.167300537241</ele></trkpt>
<trkpt lat="34.5145042139757" lon="-119.79303323241402"><ele>891.257137397678</ele></trkpt>
<trkpt lat="34.514563078973296" lon="-119.79292445146498"><ele>891.390364402661</ele></trkpt>
<trkpt lat="34.5147742823661" lon="-119.79244880770999"><ele>891.915322596702</ele></trkpt>
<trkpt lat="34.5148077689888" lon="-119.79238883236098"><ele>891.975458326062</ele></trkpt>
<trkpt lat="34.5149105421667" lon="-119.79227471626704"><ele>892.149058023906</ele></trkpt>
<trkpt lat="34.5150712438613" lon="-119.792174044008"><ele>892.486706862505</ele></trkpt>
<trkpt lat="34.5151502223791" lon="-119.79215328324202"><ele>892.692537720538</ele></trkpt>
<trkpt lat="34.515214628611" lon="-119.792161582581"><ele>892.890182535115</ele></trkpt>
<trkpt lat="34.515289745506706" lon="-119.79219601687498"><ele>893.189892507666</ele></trkpt>
<trkpt lat="34.5154195486692" lon="-119.79229319399901"><ele>893.962756941468</ele></trkpt>
<trkpt lat="34.51572072830561" lon="-119.79260700228198"><ele>896.778272962168</ele></trkpt>
<trkpt lat="34.515782322959694" lon="-119.792653050914"><ele>897.362326772977</ele></trkpt>
<trkpt lat="34.5158733299705" lon="-119.792668661677"><ele>898.100965028357</ele></trkpt>
<trkpt lat="34.516019909222" lon="-119.79265428218899"><ele>899.1855090353</ele></trkpt>
<trkpt lat="34.5161690530182" lon="-119.79266606129701"><ele>900.20257797401</ele></trkpt>
<trkpt lat="34.5162712993269" lon="-119.792734786639"><ele>901.008173370229</ele></trkpt>
<trkpt lat="34.5163304293628" lon="-119.792837807504"><ele>901.701675101522</ele></trkpt>
<trkpt lat="34.5163655847656" lon="-119.79292363720197"><ele>902.203042351797</ele></trkpt>
<trkpt lat="34.5163888922891" lon="-119.793026281696"><ele>902.706930133101</ele></trkpt>
<trkpt lat="34.5164232245594" lon="-119.79311805359299"><ele>903.120608824542</ele></trkpt>
<trkpt lat="34.5165171012794" lon="-119.793222176989"><ele>903.638128100661</ele></trkpt>
<trkpt lat="34.5166446588379" lon="-119.79330462291303"><ele>904.119189763247</ele></trkpt>
<trkpt lat="34.5167576206342" lon="-119.793394715032"><ele>904.575469520107</ele></trkpt>
<trkpt lat="34.5168228533533" lon="-119.793460373111"><ele>904.894985094763</ele></trkpt>
<trkpt lat="34.5169121239126" lon="-119.793572374286"><ele>905.451534911163</ele></trkpt>
<trkpt lat="34.5171631194485" lon="-119.79393040976801"><ele>907.585093275932</ele></trkpt>
<trkpt lat="34.51728631520841" lon="-119.79405857858998"><ele>908.57184457898</ele></trkpt>
<trkpt lat="34.5173714012288" lon="-119.79410291261803"><ele>909.126753026127</ele></trkpt>
<trkpt lat="34.517455406848" lon="-119.79412562027201"><ele>909.603224573741</ele></trkpt>
<trkpt lat="34.517645363377" lon="-119.79414364934402"><ele>910.445327080507</ele></trkpt>
<trkpt lat="34.5178267966899" lon="-119.79411654912599"><ele>911.056407710451</ele></trkpt>
<trkpt lat="34.5179257942832" lon="-119.79408127412697"><ele>911.353767505645</ele></trkpt>
<trkpt lat="34.5180693639271" lon="-119.79400185408703"><ele>911.639400534724</ele></trkpt>
<trkpt lat="34.5181393596616" lon="-119.79393217367299"><ele>911.703489721289</ele></trkpt>
<trkpt lat="34.5182421881451" lon="-119.79371338723003"><ele>911.670599873635</ele></trkpt>
<trkpt lat="34.5183447307354" lon="-119.793534993952"><ele>911.658172637028</ele></trkpt>
<trkpt lat="34.5184051964119" lon="-119.793398654809"><ele>911.903673758883</ele></trkpt>
<trkpt lat="34.51849982871461" lon="-119.79304239643201"><ele>913.413678709985</ele></trkpt>
<trkpt lat="34.5185640550567" lon="-119.792895739802"><ele>914.231795811882</ele></trkpt>
<trkpt lat="34.5186567706838" lon="-119.79275495148899"><ele>915.124699741315</ele></trkpt>
<trkpt lat="34.5188692777563" lon="-119.79246268126602"><ele>917.242538976667</ele></trkpt>
<trkpt lat="34.5189152490385" lon="-119.792386228136"><ele>917.767542710489</ele></trkpt>
<trkpt lat="34.5189435200227" lon="-119.792298781483"><ele>918.327830640278</ele></trkpt>
<trkpt lat="34.5189343719876" lon="-119.79221831051102"><ele>918.839310615722</ele></trkpt>
<trkpt lat="34.5188750702246" lon="-119.79214919334999"><ele>919.476297785917</ele></trkpt>
<trkpt lat="34.518742528431495" lon="-119.79205623315703"><ele>920.625340433352</ele></trkpt>
<trkpt lat="34.5186759301898" lon="-119.79197159363503"><ele>921.334969701977</ele></trkpt>
<trkpt lat="34.5186535223538" lon="-119.791880017494"><ele>921.926843361953</ele></trkpt>
<trkpt lat="34.5186576823539" lon="-119.79177788745099"><ele>922.599991835495</ele></trkpt>
<trkpt lat="34.51868543144149" lon="-119.791653793652"><ele>923.513818736832</ele></trkpt>
<trkpt lat="34.5187232953011" lon="-119.79158209827301"><ele>924.130557025293</ele></trkpt>
<trkpt lat="34.5187951734305" lon="-119.79150643610602"><ele>924.930624289093</ele></trkpt>
<trkpt lat="34.5189149059804" lon="-119.791422276258"><ele>925.975715628576</ele></trkpt>
<trkpt lat="34.5189622981376" lon="-119.791319470862"><ele>926.661807328074</ele></trkpt>
<trkpt lat="34.518937162923" lon="-119.79118193474501"><ele>927.435014801615</ele></trkpt>
<trkpt lat="34.5188754756213" lon="-119.79101333681797"><ele>928.48461169121</ele></trkpt>
<trkpt lat="34.51887303760069" lon="-119.790891184425"><ele>929.249772863213</ele></trkpt>
<trkpt lat="34.5189226127875" lon="-119.79079309982701"><ele>930.005627950374</ele></trkpt>
<trkpt lat="34.5191378368178" lon="-119.790586386294"><ele>932.15219943699</ele></trkpt>
<trkpt lat="34.51918024136499" lon="-119.79052213384702"><ele>932.654528156269</ele></trkpt>
<trkpt lat="34.5191992959386" lon="-119.79041236603801"><ele>933.324146094864</ele></trkpt>
<trkpt lat="34.5191996852055" lon="-119.790223625983"><ele>934.448859504302</ele></trkpt>
<trkpt lat="34.5191837608432" lon="-119.79002469259103"><ele>935.670401318362</ele></trkpt>
<trkpt lat="34.5191293335329" lon="-119.78982040773504"><ele>936.884383088483</ele></trkpt>
<trkpt lat="34.5190934424372" lon="-119.78974270625201"><ele>937.353394706504</ele></trkpt>
<trkpt lat="34.5190146300778" lon="-119.78966052584201"><ele>938.009978712155</ele></trkpt>
<trkpt lat="34.5187617561919" lon="-119.789488694617"><ele>940.048718217355</ele></trkpt>
<trkpt lat="34.5187124976138" lon="-119.78944163086703"><ele>940.555815976267</ele></trkpt>
<trkpt lat="34.5186754803175" lon="-119.78936812737702"><ele>941.146407182997</ele></trkpt>
<trkpt lat="34.518667927148606" lon="-119.789266518498"><ele>941.842196882657</ele></trkpt>
<trkpt lat="34.5187017480413" lon="-119.789171119"><ele>942.512943549816</ele></trkpt>
<trkpt lat="34.518832818168704" lon="-119.788963377518"><ele>943.946839123545</ele></trkpt>
<trkpt lat="34.518902559066" lon="-119.788782840537"><ele>944.984141772133</ele></trkpt>
<trkpt lat="34.5189465502731" lon="-119.788711535176"><ele>945.466542129837</ele></trkpt>
<trkpt lat="34.5190005071718" lon="-119.78865489376001"><ele>945.936356084225</ele></trkpt>
<trkpt lat="34.5192622594253" lon="-119.788426065477"><ele>948.227302969091</ele></trkpt>
<trkpt lat="34.519393302609494" lon="-119.78827156440701"><ele>949.51574141763</ele></trkpt>
<trkpt lat="34.5195018808671" lon="-119.788092389491"><ele>950.730078601638</ele></trkpt>
<trkpt lat="34.519537713048" lon="-119.78795003434401"><ele>951.464371268494</ele></trkpt>
<trkpt lat="34.51953221686839" lon="-119.787850566623"><ele>951.94763183342</ele></trkpt>
<trkpt lat="34.5194755413343" lon="-119.787709613722"><ele>952.735197656721</ele></trkpt>
<trkpt lat="34.5193132740758" lon="-119.78745676654604"><ele>954.287428218516</ele></trkpt>
<trkpt lat="34.51925615497021" lon="-119.78730100100502"><ele>955.155736978619</ele></trkpt>
<trkpt lat="34.5192203474382" lon="-119.787231772555"><ele>955.596410101358</ele></trkpt>
<trkpt lat="34.5191474881753" lon="-119.787153712213"><ele>956.26242982161</ele></trkpt>
<trkpt lat="34.5189277347067" lon="-119.78701287149704"><ele>958.187488888738</ele></trkpt>
<trkpt lat="34.5188448319927" lon="-119.78694170908001"><ele>959.11012250741</ele></trkpt>
<trkpt lat="34.5187844285726" lon="-119.786849209083"><ele>959.980341391197</ele></trkpt>
<trkpt lat="34.5187613484488" lon="-119.78676367659"><ele>960.602163182308</ele></trkpt>
<trkpt lat="34.5187617054839" lon="-119.786696410999"><ele>961.040720046324</ele></trkpt>
<trkpt lat="34.5187826990826" lon="-119.786628966489"><ele>961.477613259058</ele></trkpt>
<trkpt lat="34.5188730280656" lon="-119.786447614414"><ele>962.495577030498</ele></trkpt>
<trkpt lat="34.5188861028917" lon="-119.78635268965598"><ele>962.832089693968</ele></trkpt>
<trkpt lat="34.518876203982295" lon="-119.786281226651"><ele>963.039631237173</ele></trkpt>
<trkpt lat="34.5188256743984" lon="-119.78617480284403"><ele>963.325528546003</ele></trkpt>
<trkpt lat="34.5186315228807" lon="-119.78594774568803"><ele>964.02541459182</ele></trkpt>
<trkpt lat="34.5185525740376" lon="-119.785817495495"><ele>964.44940910844</ele></trkpt>
<trkpt lat="34.5185293832345" lon="-119.785726660401"><ele>964.698870854764</ele></trkpt>
<trkpt lat="34.518532762513" lon="-119.785620967267"><ele>964.950245243483</ele></trkpt>
<trkpt lat="34.5185666401399" lon="-119.78553013579204"><ele>965.146086230023</ele></trkpt>
<trkpt lat="34.5186098597207" lon="-119.78547264953299"><ele>965.269988629819</ele></trkpt>
<trkpt lat="34.5188546765243" lon="-119.785190292054"><ele>965.842441245915</ele></trkpt>
<trkpt lat="34.518942041936" lon="-119.785041602031"><ele>966.141849426304</ele></trkpt>
<trkpt lat="34.5189765551666" lon="-119.784938566861"><ele>966.312218233163</ele></trkpt>
<trkpt lat="34.5189933154772" lon="-119.78480372480904"><ele>966.48774490609</ele></trkpt>
<trkpt lat="34.518965101774505" lon="-119.78468365314903"><ele>966.628893084599</ele></trkpt>
<trkpt lat="34.5188728183662" lon="-119.78452869640898"><ele>966.816015442918</ele></trkpt>
<trkpt lat="34.5188442785323" lon="-119.784418326812"><ele>966.917373382777</ele></trkpt>
<trkpt lat="34.5188423679303" lon="-119.78434496199698"><ele>966.983165061251</ele></trkpt>
<trkpt lat="34.5188580489582" lon="-119.78425074793502"><ele>967.072772820149</ele></trkpt>
<trkpt lat="34.518886446802" lon="-119.78417510212901"><ele>967.150159592846</ele></trkpt>
<trkpt lat="34.5189904553545" lon="-119.78403272279404"><ele>967.316949802699</ele></trkpt>
<trkpt lat="34.519024772585894" lon="-119.78396754845201"><ele>967.389037272335</ele></trkpt>
<trkpt lat="34.5190363752664" lon="-119.78389930065804"><ele>967.463820721488</ele></trkpt>
<trkpt lat="34.51901255387429" lon="-119.783758094082"><ele>967.664682293797</ele></trkpt>
<trkpt lat="34.5189290994568" lon="-119.783556033775"><ele>968.109807021853</ele></trkpt>
<trkpt lat="34.518865680119504" lon="-119.78345881334701"><ele>968.427943867645</ele></trkpt>
<trkpt lat="34.5187985557098" lon="-119.78338640032403"><ele>968.772700414616</ele></trkpt>
<trkpt lat="34.51862273559679" lon="-119.78324785639302"><ele>969.802479775076</ele></trkpt>
<trkpt lat="34.5184739405988" lon="-119.78309630898899"><ele>970.864577119884</ele></trkpt>
<trkpt lat="34.5183077472239" lon="-119.78294406030801"><ele>972.009798271978</ele></trkpt>
<trkpt lat="34.518219527980506" lon="-119.78289181547702"><ele>972.558247920451</ele></trkpt>
<trkpt lat="34.5180866295813" lon="-119.78283472441"><ele>973.363953962449</ele></trkpt>
<trkpt lat="34.5176334454844" lon="-119.78273026862801"><ele>976.263706932398</ele></trkpt>
<trkpt lat="34.517513802753804" lon="-119.78269262930698"><ele>977.123758354607</ele></trkpt>
<trkpt lat="34.5173815632372" lon="-119.782627798241"><ele>978.137623409875</ele></trkpt>
<trkpt lat="34.5173239604721" lon="-119.78256650771"><ele>978.719317135775</ele></trkpt>
<trkpt lat="34.51729368291531" lon="-119.78243938962603"><ele>979.562864373199</ele></trkpt>
<trkpt lat="34.5172988803188" lon="-119.78215223001797"><ele>981.247584041025</ele></trkpt>
<trkpt lat="34.5172583226392" lon="-119.781498139719"><ele>985.178193524265</ele></trkpt>
<trkpt lat="34.5171990482021" lon="-119.780816449356"><ele>989.244478060412</ele></trkpt>
<trkpt lat="34.5171593313847" lon="-119.78035070032001"><ele>991.622446077691</ele></trkpt>
<trkpt lat="34.5171411063811" lon="-119.7802493588"><ele>992.200509315411</ele></trkpt>
<trkpt lat="34.5171123413441" lon="-119.780168149978"><ele>992.708438103467</ele></trkpt>
<trkpt lat="34.5170299459504" lon="-119.78002448013402"><ele>993.76367642322</ele></trkpt>
<trkpt lat="34.5169654257393" lon="-119.779937739894"><ele>994.532397719357</ele></trkpt>
<trkpt lat="34.5168545811604" lon="-119.77983255714399"><ele>995.800345797161</ele></trkpt>
<trkpt lat="34.5165925418091" lon="-119.77960198346203"><ele>999.208574728272</ele></trkpt>
<trkpt lat="34.516327734155" lon="-119.779352719823"><ele>1002.8027315157</ele></trkpt>
<trkpt lat="34.5161647926394" lon="-119.77919479246604"><ele>1004.81697927552</ele></trkpt>
<trkpt lat="34.515971328404405" lon="-119.77900048490002"><ele>1006.66938492012</ele></trkpt>
<trkpt lat="34.5158479478081" lon="-119.778853984614"><ele>1007.42028871545</ele></trkpt>
<trkpt lat="34.5157063286964" lon="-119.77873196187798"><ele>1008.10244197749</ele></trkpt>
<trkpt lat="34.5156006713827" lon="-119.77866169328098"><ele>1008.66722834752</ele></trkpt>
<trkpt lat="34.515150567317505" lon="-119.77843962596002"><ele>1011.73678056271</ele></trkpt>
<trkpt lat="34.5146692450739" lon="-119.778139932633"><ele>1016.01610163764</ele></trkpt>
<trkpt lat="34.5142909213178" lon="-119.777929682224"><ele>1018.72016935701</ele></trkpt>
<trkpt lat="34.5139156663969" lon="-119.77765748542903"><ele>1019.85850997843</ele></trkpt>
<trkpt lat="34.513547390064495" lon="-119.77741386704803"><ele>1021.57392102943</ele></trkpt>
<trkpt lat="34.5134703279219" lon="-119.77734948714098"><ele>1022.16245357235</ele></trkpt>
<trkpt lat="34.5132309781298" lon="-119.777088430765"><ele>1025.26138104245</ele></trkpt>
<trkpt lat="34.5129283643496" lon="-119.776680686948"><ele>1030.29161111097</ele></trkpt>
<trkpt lat="34.5127388325662" lon="-119.77636400414599"><ele>1033.23585830287</ele></trkpt>
<trkpt lat="34.5126090908524" lon="-119.77610673965799"><ele>1035.41950310629</ele></trkpt>
<trkpt lat="34.5124531809514" lon="-119.77571593602"><ele>1038.64144885592</ele></trkpt>
<trkpt lat="34.5123383088091" lon="-119.77534321826103"><ele>1041.79166934586</ele></trkpt>
<trkpt lat="34.5122931777658" lon="-119.77518157632299"><ele>1043.05902910276</ele></trkpt>
<trkpt lat="34.5121732351366" lon="-119.774837774123"><ele>1046.21579860226</ele></trkpt>
<trkpt lat="34.51211165323151" lon="-119.77471382571301"><ele>1047.33879332067</ele></trkpt>
<trkpt lat="34.511949447545" lon="-119.77450007646803"><ele>1049.64733044195</ele></trkpt>
<trkpt lat="34.5116773816694" lon="-119.774203270133"><ele>1053.06439641158</ele></trkpt>
<trkpt lat="34.511615650628194" lon="-119.774158617784"><ele>1053.6361656536</ele></trkpt>
<trkpt lat="34.5114587396346" lon="-119.77408656683698"><ele>1054.84781290768</ele></trkpt>
<trkpt lat="34.5113375201021" lon="-119.774010420563"><ele>1055.79144355908</ele></trkpt>
<trkpt lat="34.5112801733529" lon="-119.77394960361599"><ele>1056.33756841883</ele></trkpt>
<trkpt lat="34.5111619442158" lon="-119.773756757487"><ele>1057.9067041304</ele></trkpt>
<trkpt lat="34.5110165861707" lon="-119.773406640513"><ele>1060.94851585464</ele></trkpt>
<trkpt lat="34.5109656386773" lon="-119.77329758320198"><ele>1061.98896737644</ele></trkpt>
<trkpt lat="34.5108771563242" lon="-119.773173895084"><ele>1063.29658799936</ele></trkpt>
<trkpt lat="34.5107309312305" lon="-119.773047266573"><ele>1064.8747527057</ele></trkpt>
<trkpt lat="34.5105495620613" lon="-119.772853405572"><ele>1066.94696616011</ele></trkpt>
<trkpt lat="34.5104659593257" lon="-119.77278887129303"><ele>1067.75580867785</ele></trkpt>
<trkpt lat="34.5103897980017" lon="-119.77275664701799"><ele>1068.39673813396</ele></trkpt>
<trkpt lat="34.5101516797215" lon="-119.772711797687"><ele>1070.17744966282</ele></trkpt>
<trkpt lat="34.509992696893" lon="-119.77269873291701"><ele>1071.27732302842</ele></trkpt>
<trkpt lat="34.5098990577618" lon="-119.772678534581"><ele>1071.88149638507</ele></trkpt>
<trkpt lat="34.5097336719811" lon="-119.772620366338"><ele>1072.83906201395</ele></trkpt>
<trkpt lat="34.509433594027996" lon="-119.772467791585"><ele>1074.4465783497</ele></trkpt>
<trkpt lat="34.5093723755517" lon="-119.772443553319"><ele>1074.81060216111</ele></trkpt>
<trkpt lat="34.5091261446931" lon="-119.77238890471104"><ele>1076.49210536188</ele></trkpt>
<trkpt lat="34.509045409107195" lon="-119.77236324326502"><ele>1077.07018483884</ele></trkpt>
<trkpt lat="34.508940897988104" lon="-119.772300038658"><ele>1077.86674051581</ele></trkpt>
<trkpt lat="34.5085978512504" lon="-119.77204509926904"><ele>1080.57471410936</ele></trkpt>
<trkpt lat="34.5084419448041" lon="-119.77189786471202"><ele>1081.61478263605</ele></trkpt>
<trkpt lat="34.5083845766737" lon="-119.771788502687"><ele>1081.93607266521</ele></trkpt>
<trkpt lat="34.5083524751024" lon="-119.771564917692"><ele>1082.12783311966</ele></trkpt>
<trkpt lat="34.50835023629941" lon="-119.77140033055001"><ele>1082.081524119</ele></trkpt>
<trkpt lat="34.5083698932292" lon="-119.771239392058"><ele>1081.91308207817</ele></trkpt>
<trkpt lat="34.508379901691" lon="-119.77102074038301"><ele>1081.66750508312</ele></trkpt>
<trkpt lat="34.5083768392485" lon="-119.770910148052"><ele>1081.59695802958</ele></trkpt>
<trkpt lat="34.5083541254362" lon="-119.770808872416"><ele>1081.5472045704</ele></trkpt>
<trkpt lat="34.5082742154977" lon="-119.770597481218"><ele>1081.25501003802</ele></trkpt>
<trkpt lat="34.5082590789509" lon="-119.77051021037504"><ele>1080.98196681262</ele></trkpt>
<trkpt lat="34.5082585850503" lon="-119.77041569652398"><ele>1080.57075777076</ele></trkpt>
<trkpt lat="34.50830416461691" lon="-119.770277301305"><ele>1079.73188374862</ele></trkpt>
<trkpt lat="34.5085307966049" lon="-119.76985639026599"><ele>1076.29172869174</ele></trkpt>
<trkpt lat="34.5087007706573" lon="-119.76939578335703"><ele>1073.14137379921</ele></trkpt>
<trkpt lat="34.5087842522426" lon="-119.769099898757"><ele>1071.32205979109</ele></trkpt>
<trkpt lat="34.50878721466329" lon="-119.769016384013"><ele>1070.83559364966</ele></trkpt>
<trkpt lat="34.5087632651996" lon="-119.76893858367403"><ele>1070.41550883867</ele></trkpt>
<trkpt lat="34.5087097653339" lon="-119.76888065019303"><ele>1070.03534312155</ele></trkpt>
<trkpt lat="34.5086207863922" lon="-119.76886591945302"><ele>1069.64369664835</ele></trkpt>
<trkpt lat="34.5085458655511" lon="-119.76890304145697"><ele>1069.36081088448</ele></trkpt>
<trkpt lat="34.5083881537665" lon="-119.769035254615"><ele>1068.61718774024</ele></trkpt>
<trkpt lat="34.5082810292739" lon="-119.76908681543999"><ele>1067.97469766009</ele></trkpt>
<trkpt lat="34.508168045321" lon="-119.76911751717603"><ele>1067.21201776684</ele></trkpt>
<trkpt lat="34.508024390882206" lon="-119.76912706137298"><ele>1066.13645631673</ele></trkpt>
<trkpt lat="34.5078971374432" lon="-119.769107470021"><ele>1065.16455507764</ele></trkpt>
<trkpt lat="34.5077596104905" lon="-119.769055119153"><ele>1063.92358633156</ele></trkpt>
<trkpt lat="34.5076298715492" lon="-119.76897136636697"><ele>1062.59554630072</ele></trkpt>
<trkpt lat="34.5075857191832" lon="-119.76892355422001"><ele>1062.04320239941</ele></trkpt>
<trkpt lat="34.5075075967702" lon="-119.76877963881503"><ele>1060.78460135145</ele></trkpt>
<trkpt lat="34.5074148774335" lon="-119.76866083192805"><ele>1059.76224432244</ele></trkpt>
<trkpt lat="34.5073297470007" lon="-119.76862577172103"><ele>1059.12583449243</ele></trkpt>
<trkpt lat="34.5072643836333" lon="-119.76862562387203"><ele>1058.67569409267</ele></trkpt>
<trkpt lat="34.5071334132171" lon="-119.76864647892498"><ele>1057.65044717278</ele></trkpt>
<trkpt lat="34.5069760765066" lon="-119.76865861196899"><ele>1056.04927978021</ele></trkpt>
<trkpt lat="34.5068725711337" lon="-119.768647143655"><ele>1055.08899297546</ele></trkpt>
<trkpt lat="34.5067800464945" lon="-119.76861522112799"><ele>1054.22492468247</ele></trkpt>
<trkpt lat="34.5067016040795" lon="-119.76855864687701"><ele>1053.36985114241</ele></trkpt>
<trkpt lat="34.5066134033291" lon="-119.768466260617"><ele>1052.27224690305</ele></trkpt>
<trkpt lat="34.50642738149519" lon="-119.768162233874"><ele>1049.3458754153</ele></trkpt>
<trkpt lat="34.506121407284" lon="-119.76779860677104"><ele>1045.38914583555</ele></trkpt>
<trkpt lat="34.5060387372507" lon="-119.76767914522101"><ele>1044.29477756347</ele></trkpt>
<trkpt lat="34.5059996786017" lon="-119.76759213524201"><ele>1043.59754461882</ele></trkpt>
<trkpt lat="34.505983956598" lon="-119.76750881814802"><ele>1042.99819791578</ele></trkpt>
<trkpt lat="34.5059767174443" lon="-119.76731462200404"><ele>1041.58739335427</ele></trkpt>
<trkpt lat="34.5059924323148" lon="-119.767158482244"><ele>1040.32655892392</ele></trkpt>
<trkpt lat="34.5060332947019" lon="-119.766986809592"><ele>1039.04296333498</ele></trkpt>
<trkpt lat="34.50608091116519" lon="-119.76687110007501"><ele>1038.11816089369</ele></trkpt>
<trkpt lat="34.5061308713457" lon="-119.766814088684"><ele>1037.48840076079</ele></trkpt>
<trkpt lat="34.506222167917" lon="-119.76676159570201"><ele>1036.52970773152</ele></trkpt>
<trkpt lat="34.5064544765424" lon="-119.76667018518802"><ele>1033.9958900895</ele></trkpt>
<trkpt lat="34.5065929748569" lon="-119.76662592797801"><ele>1032.50432642933</ele></trkpt>
<trkpt lat="34.5066584779133" lon="-119.76659547030403"><ele>1031.80312922854</ele></trkpt>
<trkpt lat="34.5068399728729" lon="-119.76645707129602"><ele>1029.83923397387</ele></trkpt>
<trkpt lat="34.5069323818913" lon="-119.766355363583"><ele>1028.73390211807</ele></trkpt>
<trkpt lat="34.5070525200992" lon="-119.76617197063703"><ele>1027.29608786718</ele></trkpt>
<trkpt lat="34.5071093784471" lon="-119.76602916497403"><ele>1026.40624105666</ele></trkpt>
<trkpt lat="34.507146535627" lon="-119.76583842678497"><ele>1025.13169127746</ele></trkpt>
<trkpt lat="34.5071476106948" lon="-119.76565707637"><ele>1023.71371434934</ele></trkpt>
<trkpt lat="34.5071192269508" lon="-119.76538434552698"><ele>1021.37231837757</ele></trkpt>
<trkpt lat="34.50702519817539" lon="-119.765021860456"><ele>1018.46745905999</ele></trkpt>
<trkpt lat="34.5069516069076" lon="-119.76483785822101"><ele>1017.20989415368</ele></trkpt>
<trkpt lat="34.5069134496009" lon="-119.764658990792"><ele>1016.054836038</ele></trkpt>
<trkpt lat="34.506923178065" lon="-119.764552470353"><ele>1015.33026016156</ele></trkpt>
<trkpt lat="34.5069814566557" lon="-119.764338282096"><ele>1013.84011244071</ele></trkpt>
<trkpt lat="34.5070599882235" lon="-119.764143406327"><ele>1012.60272131971</ele></trkpt>
<trkpt lat="34.5072396924358" lon="-119.76351999236698"><ele>1008.63085845668</ele></trkpt>
<trkpt lat="34.5072995617943" lon="-119.76327352207103"><ele>1006.79718273489</ele></trkpt>
<trkpt lat="34.5073522336259" lon="-119.763126306007"><ele>1005.58156259254</ele></trkpt>
<trkpt lat="34.5073669647898" lon="-119.763031260632"><ele>1004.93828996647</ele></trkpt>
<trkpt lat="34.5073679228749" lon="-119.76293186374399"><ele>1004.35363532814</ele></trkpt>
<trkpt lat="34.5073472658512" lon="-119.762824088169"><ele>1003.74769115652</ele></trkpt>
<trkpt lat="34.50731069598861" lon="-119.76274791640303"><ele>1003.27928961621</ele></trkpt>
<trkpt lat="34.507206724936495" lon="-119.762604720634"><ele>1002.25205030466</ele></trkpt>
<trkpt lat="34.5070716584633" lon="-119.76245828935001"><ele>1001.07467678325</ele></trkpt>
<trkpt lat="34.5069757353533" lon="-119.76232949466302"><ele>1000.35167046378</ele></trkpt>
<trkpt lat="34.5069311973158" lon="-119.76222298437399"><ele>1000.07444441811</ele></trkpt>
<trkpt lat="34.5068946023272" lon="-119.76205029160501"><ele>1000.08188104199</ele></trkpt>
<trkpt lat="34.506861846616" lon="-119.76186538475002"><ele>1000.54186149715</ele></trkpt>
<trkpt lat="34.5068508219965" lon="-119.76173781254903"><ele>1001.02185663183</ele></trkpt>
<trkpt lat="34.5068593813064" lon="-119.76105222466204"><ele>1003.83193873647</ele></trkpt>
<trkpt lat="34.50683051708851" lon="-119.760553706812"><ele>1003.82610312462</ele></trkpt>
<trkpt lat="34.50683665260949" lon="-119.76000046821804"><ele>1000.83609626696</ele></trkpt>
<trkpt lat="34.5067730040767" lon="-119.75953966623"><ele>997.726185880449</ele></trkpt>
<trkpt lat="34.5067702381981" lon="-119.75928337403204"><ele>995.812634887733</ele></trkpt>
<trkpt lat="34.50677686872369" lon="-119.759000766896"><ele>993.807342639209</ele></trkpt>
<trkpt lat="34.50675714964021" lon="-119.758879393183"><ele>992.994881422074</ele></trkpt>
<trkpt lat="34.5066934521277" lon="-119.75865932809305"><ele>991.519789176826</ele></trkpt>
<trkpt lat="34.5066750447475" lon="-119.758547132867"><ele>990.818187939679</ele></trkpt>
<trkpt lat="34.50668828431319" lon="-119.75840242098201"><ele>989.918239125319</ele></trkpt>
<trkpt lat="34.5067571520808" lon="-119.758158302877"><ele>988.203895882265</ele></trkpt>
<trkpt lat="34.5067779343836" lon="-119.75801824958604"><ele>987.244768647229</ele></trkpt>
<trkpt lat="34.50677830061319" lon="-119.757297171028"><ele>982.414900975297</ele></trkpt>
<trkpt lat="34.506752358218904" lon="-119.757060124835"><ele>980.717592475941</ele></trkpt>
<trkpt lat="34.50675211939159" lon="-119.756950248249"><ele>979.916487188807</ele></trkpt>
<trkpt lat="34.5067724730019" lon="-119.756809981607"><ele>978.867494804383</ele></trkpt>
<trkpt lat="34.5068364284479" lon="-119.75658466666204"><ele>977.070186458837</ele></trkpt>
<trkpt lat="34.5069047691455" lon="-119.75641776170802"><ele>975.41796059385</ele></trkpt>
<trkpt lat="34.5069790890429" lon="-119.75626632029304"><ele>973.852223959393</ele></trkpt>
<trkpt lat="34.5069891409648" lon="-119.75618633938"><ele>973.070506294997</ele></trkpt>
<trkpt lat="34.5069435413787" lon="-119.756066568263"><ele>971.724158201521</ele></trkpt>
<trkpt lat="34.506795726923094" lon="-119.755938604536"><ele>969.593571419257</ele></trkpt>
<trkpt lat="34.50674159206851" lon="-119.755874706353"><ele>968.766799247996</ele></trkpt>
<trkpt lat="34.5066959169152" lon="-119.755789198946"><ele>967.889885124241</ele></trkpt>
<trkpt lat="34.5066046145929" lon="-119.75556910821504"><ele>965.921805102874</ele></trkpt>
<trkpt lat="34.5065674143415" lon="-119.755502422064"><ele>965.317345953859</ele></trkpt>
<trkpt lat="34.5065075606883" lon="-119.75544879820102"><ele>964.655876109836</ele></trkpt>
<trkpt lat="34.50643281478641" lon="-119.75544231698902"><ele>964.004502008305</ele></trkpt>
<trkpt lat="34.5063322517705" lon="-119.755467471235"><ele>963.135250571594</ele></trkpt>
<trkpt lat="34.5062592540885" lon="-119.75544962869101"><ele>962.519857753997</ele></trkpt>
<trkpt lat="34.506202352568" lon="-119.755392785588"><ele>961.953015360634</ele></trkpt>
<trkpt lat="34.5060242433909" lon="-119.755163807164"><ele>959.729030906703</ele></trkpt>
<trkpt lat="34.5058266515785" lon="-119.754949778366"><ele>957.166232693442</ele></trkpt>
<trkpt lat="34.505707050035" lon="-119.754856055146"><ele>955.676869855151</ele></trkpt>
<trkpt lat="34.5054819925348" lon="-119.75474063383697"><ele>953.01689058708</ele></trkpt>
<trkpt lat="34.5052553953589" lon="-119.754648208961"><ele>950.683607225164</ele></trkpt>
<trkpt lat="34.5051335984796" lon="-119.754561611578"><ele>949.209929397028</ele></trkpt>
<trkpt lat="34.50508287853211" lon="-119.754508064121"><ele>948.478112286136</ele></trkpt>
<trkpt lat="34.5049483730215" lon="-119.754341234064"><ele>946.329677497552</ele></trkpt>
<trkpt lat="34.5047487950795" lon="-119.75415431564201"><ele>943.773450923217</ele></trkpt>
<trkpt lat="34.50466583631971" lon="-119.75403705229701"><ele>942.696653007193</ele></trkpt>
<trkpt lat="34.504643279488405" lon="-119.753959092077"><ele>942.201335682897</ele></trkpt>
<trkpt lat="34.5046444005349" lon="-119.753830561011"><ele>941.512954254701</ele></trkpt>
<trkpt lat="34.50468067811" lon="-119.75371856138203"><ele>940.920047097964</ele></trkpt>
<trkpt lat="34.5047625113623" lon="-119.753552384209"><ele>939.991858461858</ele></trkpt>
<trkpt lat="34.5050051164606" lon="-119.753208128977"><ele>937.782097573019</ele></trkpt>
<trkpt lat="34.505117834914" lon="-119.75305303957003"><ele>937.034475461072</ele></trkpt>
<trkpt lat="34.5052301573112" lon="-119.75294416343999"><ele>936.962543788323</ele></trkpt>
<trkpt lat="34.5053987015763" lon="-119.75283644195201"><ele>937.949985891526</ele></trkpt>
<trkpt lat="34.5054825355895" lon="-119.752758325666"><ele>938.837564005981</ele></trkpt>
<trkpt lat="34.5055344857513" lon="-119.75268687514999"><ele>939.473367921849</ele></trkpt>
<trkpt lat="34.5056230862452" lon="-119.75253474272702"><ele>940.53507474208</ele></trkpt>
<trkpt lat="34.5057137167148" lon="-119.752361049181"><ele>941.819476971518</ele></trkpt>
<trkpt lat="34.5057880560897" lon="-119.75218124457399"><ele>943.01928022705</ele></trkpt>
<trkpt lat="34.5058481225353" lon="-119.75196615668501"><ele>944.488979216996</ele></trkpt>
<trkpt lat="34.5059008803818" lon="-119.75166612901998"><ele>946.548101410581</ele></trkpt>
<trkpt lat="34.5059094304897" lon="-119.751519016172"><ele>947.548049258059</ele></trkpt>
<trkpt lat="34.5058823477969" lon="-119.751269728544"><ele>949.295594012006</ele></trkpt>
<trkpt lat="34.50583363023911" lon="-119.751029437428"><ele>950.881260260891</ele></trkpt>
<trkpt lat="34.5058224914685" lon="-119.75083797362001"><ele>952.106886749439</ele></trkpt>
<trkpt lat="34.5058291298271" lon="-119.75063681341399"><ele>953.379714879269</ele></trkpt>
<trkpt lat="34.5058506319239" lon="-119.75045214616"><ele>954.645020819951</ele></trkpt>
<trkpt lat="34.5058691250498" lon="-119.750228708737"><ele>955.699404488945</ele></trkpt>
<trkpt lat="34.5058696200724" lon="-119.74989926809698"><ele>956.710984253868</ele></trkpt>
<trkpt lat="34.5058591670649" lon="-119.74958181747698"><ele>957.797580086697</ele></trkpt>
<trkpt lat="34.505820130743" lon="-119.74924331797801"><ele>959.270055659852</ele></trkpt>
<trkpt lat="34.5057187727962" lon="-119.74859692003001"><ele>959.982619566173</ele></trkpt>
<trkpt lat="34.5055411142163" lon="-119.74782999870504"><ele>961.133780358022</ele></trkpt>
<trkpt lat="34.5054912224601" lon="-119.74761125074497"><ele>961.80343453729</ele></trkpt>
<trkpt lat="34.5054607011617" lon="-119.74736789369203"><ele>963.277123451026</ele></trkpt>
<trkpt lat="34.50543979355929" lon="-119.74681325265301"><ele>967.447977350019</ele></trkpt>
<trkpt lat="34.505409628492" lon="-119.746432126688"><ele>970.210014499426</ele></trkpt>
<trkpt lat="34.5053561234284" lon="-119.74614722684504"><ele>973.300390682449</ele></trkpt>
<trkpt lat="34.5052739750664" lon="-119.745866793156"><ele>975.857006504555</ele></trkpt>
<trkpt lat="34.50521449769311" lon="-119.74573377887305"><ele>976.964169382771</ele></trkpt>
<trkpt lat="34.5051423987559" lon="-119.74560273767301"><ele>978.012484881355</ele></trkpt>
<trkpt lat="34.5050773097701" lon="-119.74551379525501"><ele>978.775038441214</ele></trkpt>
<trkpt lat="34.5048814865166" lon="-119.74533449631498"><ele>980.910166840681</ele></trkpt>
<trkpt lat="34.5048359073423" lon="-119.74528446626603"><ele>981.549633755973</ele></trkpt>
<trkpt lat="34.5047977718726" lon="-119.74517929263999"><ele>982.570554310931</ele></trkpt>
<trkpt lat="34.504809027155204" lon="-119.745116042613"><ele>983.089533046808</ele></trkpt>
<trkpt lat="34.50487131891881" lon="-119.74505372020703"><ele>983.710938900379</ele></trkpt>
<trkpt lat="34.5049820176772" lon="-119.74501278017402"><ele>984.19028936262</ele></trkpt>
<trkpt lat="34.50509402156061" lon="-119.744990366962"><ele>984.427601045474</ele></trkpt>
<trkpt lat="34.5055058392682" lon="-119.74488089263501"><ele>986.022762482006</ele></trkpt>
<trkpt lat="34.5056418367857" lon="-119.74482158085802"><ele>986.684101558022</ele></trkpt>
<trkpt lat="34.5058249468064" lon="-119.74469611646201"><ele>987.473144097833</ele></trkpt>
<trkpt lat="34.5058737715504" lon="-119.74464870158198"><ele>987.661258729804</ele></trkpt>
<trkpt lat="34.50592091979069" lon="-119.744563578963"><ele>987.891926990191</ele></trkpt>
<trkpt lat="34.5059249026043" lon="-119.744505642529"><ele>988.023103419541</ele></trkpt>
<trkpt lat="34.505889729764" lon="-119.74440006253502"><ele>988.326245817987</ele></trkpt>
<trkpt lat="34.5058350964106" lon="-119.744336330187"><ele>988.629574000866</ele></trkpt>
<trkpt lat="34.5056418522338" lon="-119.74418823979501"><ele>989.768152433887</ele></trkpt>
<trkpt lat="34.505577315735" lon="-119.74412933987203"><ele>990.209483012961</ele></trkpt>
<trkpt lat="34.50552613282671" lon="-119.74405593269503"><ele>990.645694972374</ele></trkpt>
<trkpt lat="34.5054977581556" lon="-119.74397374134001"><ele>991.039961147969</ele></trkpt>
<trkpt lat="34.5054525456638" lon="-119.743696401395"><ele>992.159625082052</ele></trkpt>
<trkpt lat="34.5054338894778" lon="-119.743286744178"><ele>993.53163472445</ele></trkpt>
<trkpt lat="34.5054380289372" lon="-119.74318404958697"><ele>993.834164733429</ele></trkpt>
<trkpt lat="34.505457315068305" lon="-119.74304916398101"><ele>994.221967938083</ele></trkpt>
<trkpt lat="34.5054772221007" lon="-119.742822215894"><ele>994.812411732886</ele></trkpt>
<trkpt lat="34.505534781704" lon="-119.742684736498"><ele>995.103931393054</ele></trkpt>
<trkpt lat="34.5055822918059" lon="-119.742633674336"><ele>995.166820576393</ele></trkpt>
<trkpt lat="34.5056505018867" lon="-119.74259281256"><ele>995.132257817074</ele></trkpt>
<trkpt lat="34.5057674631428" lon="-119.742566096694"><ele>994.808629275758</ele></trkpt>
<trkpt lat="34.5059208916665" lon="-119.742594752324"><ele>994.053167507932</ele></trkpt>
<trkpt lat="34.5060144833301" lon="-119.742591752315"><ele>993.550014594069</ele></trkpt>
<trkpt lat="34.5060780357091" lon="-119.74255994744802"><ele>993.190838256359</ele></trkpt>
<trkpt lat="34.5062778265401" lon="-119.742390247772"><ele>992.061309591829</ele></trkpt>
<trkpt lat="34.5063817207836" lon="-119.742308201025"><ele>991.706182313942</ele></trkpt>
<trkpt lat="34.506443322252" lon="-119.742235128775"><ele>991.587126429549</ele></trkpt>
<trkpt lat="34.5064676898396" lon="-119.74215773287598"><ele>991.56199223268</ele></trkpt>
<trkpt lat="34.5064466112628" lon="-119.74205673776801"><ele>991.609741363625</ele></trkpt>
<trkpt lat="34.5063866008244" lon="-119.74197410047"><ele>991.743177860484</ele></trkpt>
<trkpt lat="34.5062487369917" lon="-119.74185574802001"><ele>992.178886501238</ele></trkpt>
<trkpt lat="34.5060860686539" lon="-119.74172848218001"><ele>992.97714422642</ele></trkpt>
<trkpt lat="34.5060100178278" lon="-119.74168410840701"><ele>993.352734983928</ele></trkpt>
<trkpt lat="34.5059201481551" lon="-119.741653832848"><ele>993.841584833592</ele></trkpt>
<trkpt lat="34.5057204927979" lon="-119.74163130295602"><ele>995.123653838752</ele></trkpt>
<trkpt lat="34.5056498902136" lon="-119.741596971833"><ele>995.608919746467</ele></trkpt>
<trkpt lat="34.5056102555504" lon="-119.74154282607903"><ele>995.970557495793</ele></trkpt>
<trkpt lat="34.5055264387131" lon="-119.74136824596802"><ele>996.942832795711</ele></trkpt>
<trkpt lat="34.5054256220414" lon="-119.74119681308201"><ele>997.987317466547</ele></trkpt>
<trkpt lat="34.505388520236" lon="-119.741066157573"><ele>998.582228430449</ele></trkpt>
<trkpt lat="34.5053882286876" lon="-119.74097229944098"><ele>998.902310151339</ele></trkpt>
<trkpt lat="34.5054307135096" lon="-119.740880937052"><ele>999.183627328556</ele></trkpt>
<trkpt lat="34.5054917220062" lon="-119.74080064895801"><ele>999.378848805204</ele></trkpt>
<trkpt lat="34.50559214453891" lon="-119.740703813105"><ele>999.459214187158</ele></trkpt>
<trkpt lat="34.5057162156031" lon="-119.74061558886699"><ele>999.345203573508</ele></trkpt>
<trkpt lat="34.5057480095784" lon="-119.740563944776"><ele>999.279872478207</ele></trkpt>
<trkpt lat="34.5057581993239" lon="-119.740496594013"><ele>999.213705527683</ele></trkpt>
<trkpt lat="34.5057158095658" lon="-119.74038415758798"><ele>999.15907913318</ele></trkpt>
<trkpt lat="34.5055827606216" lon="-119.74023216472702"><ele>999.521795473115</ele></trkpt>
<trkpt lat="34.5054028479443" lon="-119.739996681875"><ele>1000.94668660739</ele></trkpt>
<trkpt lat="34.5053659965862" lon="-119.73991765697"><ele>1001.42235059654</ele></trkpt>
<trkpt lat="34.5053467110827" lon="-119.73981667460501"><ele>1001.96975614214</ele></trkpt>
<trkpt lat="34.5053493648277" lon="-119.739723590532"><ele>1002.44705482798</ele></trkpt>
<trkpt lat="34.50538123291539" lon="-119.73963108281"><ele>1002.92280466615</ele></trkpt>
<trkpt lat="34.50552724226829" lon="-119.73939761244502"><ele>1004.10466645012</ele></trkpt>
<trkpt lat="34.5056206699455" lon="-119.73919518749"><ele>1005.09758232687</ele></trkpt>
<trkpt lat="34.505656271973" lon="-119.738990318626"><ele>1006.09066486664</ele></trkpt>
<trkpt lat="34.5056450747059" lon="-119.73883058890503"><ele>1006.86338287208</ele></trkpt>
<trkpt lat="34.5056051974597" lon="-119.73874220645101"><ele>1007.33307428257</ele></trkpt>
<trkpt lat="34.5055072482082" lon="-119.738670803753"><ele>1007.95497870327</ele></trkpt>
<trkpt lat="34.505361066979795" lon="-119.738640951968"><ele>1008.71464870574</ele></trkpt>
<trkpt lat="34.5052959969944" lon="-119.73859405095001"><ele>1009.12101735901</ele></trkpt>
<trkpt lat="34.5052726199799" lon="-119.73853862453103"><ele>1009.40656123486</ele></trkpt>
<trkpt lat="34.5052348348902" lon="-119.73836203880398"><ele>1010.30104376556</ele></trkpt>
<trkpt lat="34.5051720272505" lon="-119.73819448880802"><ele>1011.22094976071</ele></trkpt>
<trkpt lat="34.5051573503492" lon="-119.73811973456102"><ele>1011.57748711742</ele></trkpt>
<trkpt lat="34.505171867246" lon="-119.737969563394"><ele>1012.20678236309</ele></trkpt>
<trkpt lat="34.5052596091666" lon="-119.737635118484"><ele>1013.51506852184</ele></trkpt>
<trkpt lat="34.5053642383655" lon="-119.737386668526"><ele>1014.61878950047</ele></trkpt>
<trkpt lat="34.5054603520428" lon="-119.737218994999"><ele>1015.47388552099</ele></trkpt>
<trkpt lat="34.5055158766582" lon="-119.73706883757903"><ele>1016.17373101081</ele></trkpt>
<trkpt lat="34.505511149998995" lon="-119.73695570471803"><ele>1016.59290719969</ele></trkpt>
<trkpt lat="34.505468439082705" lon="-119.736891213871"><ele>1016.85006489498</ele></trkpt>
<trkpt lat="34.5054073407966" lon="-119.736835580282"><ele>1017.11312990057</ele></trkpt>
<trkpt lat="34.505314716453" lon="-119.736779476825"><ele>1017.46876503641</ele></trkpt>
<trkpt lat="34.5052606752655" lon="-119.73672253569303"><ele>1017.73486424024</ele></trkpt>
<trkpt lat="34.5052402624104" lon="-119.736639101655"><ele>1018.02286006685</ele></trkpt>
<trkpt lat="34.5052463280159" lon="-119.73657889095098"><ele>1018.23404403757</ele></trkpt>
<trkpt lat="34.505319149859794" lon="-119.73625696879398"><ele>1019.55152308499</ele></trkpt>
<trkpt lat="34.5053216882813" lon="-119.73621133808099"><ele>1019.74804452079</ele></trkpt>
<trkpt lat="34.5052957849311" lon="-119.73613868804505"><ele>1020.10663113359</ele></trkpt>
<trkpt lat="34.5052544095695" lon="-119.73609469600001"><ele>1020.4241533298</ele></trkpt>
<trkpt lat="34.5051348869812" lon="-119.73600588014499"><ele>1021.32493109522</ele></trkpt>
<trkpt lat="34.5050438502131" lon="-119.735909426126"><ele>1022.17825971374</ele></trkpt>
<trkpt lat="34.50500968972181" lon="-119.735809416066"><ele>1022.78668084324</ele></trkpt>
<trkpt lat="34.5050131570683" lon="-119.735737603699"><ele>1023.14542647192</ele></trkpt>
<trkpt lat="34.5050593608091" lon="-119.735586927383"><ele>1023.79711196572</ele></trkpt>
<trkpt lat="34.50516031350361" lon="-119.73536364167802"><ele>1024.63385196119</ele></trkpt>
<trkpt lat="34.505191592085595" lon="-119.73522707557001"><ele>1025.17495232688</ele></trkpt>
<trkpt lat="34.5051737345944" lon="-119.735069335964"><ele>1025.88230214999</ele></trkpt>
<trkpt lat="34.5051746659017" lon="-119.734991644889"><ele>1026.26357590026</ele></trkpt>
<trkpt lat="34.5051968090947" lon="-119.73489882173"><ele>1026.75581515747</ele></trkpt>
<trkpt lat="34.505263299553" lon="-119.734761732485"><ele>1027.55791530865</ele></trkpt>
<trkpt lat="34.5052772100566" lon="-119.73466664371604"><ele>1028.03836989636</ele></trkpt>
<trkpt lat="34.5052339765955" lon="-119.73456588027"><ele>1028.59469560349</ele></trkpt>
<trkpt lat="34.5051695798946" lon="-119.73447095405601"><ele>1029.20332723499</ele></trkpt>
<trkpt lat="34.5051279829833" lon="-119.73436877195802"><ele>1029.78940056043</ele></trkpt>
<trkpt lat="34.5051227624081" lon="-119.734287606123"><ele>1030.21382817957</ele></trkpt>
<trkpt lat="34.5051403721199" lon="-119.73420728175299"><ele>1030.64375650805</ele></trkpt>
<trkpt lat="34.505225802295" lon="-119.734019246489"><ele>1031.66423046933</ele></trkpt>
<trkpt lat="34.50528653373931" lon="-119.733858501747"><ele>1032.40349332706</ele></trkpt>
<trkpt lat="34.5053096290985" lon="-119.733699226282"><ele>1033.05939703567</ele></trkpt>
<trkpt lat="34.5053030812047" lon="-119.73357134561101"><ele>1033.5743786836</ele></trkpt>
<trkpt lat="34.505262862899" lon="-119.733409135819"><ele>1034.25404535236</ele></trkpt>
<trkpt lat="34.5051009871896" lon="-119.733046291566"><ele>1036.03503822611</ele></trkpt>
<trkpt lat="34.5050362576759" lon="-119.73294468443497"><ele>1036.65533031058</ele></trkpt>
<trkpt lat="34.5049476670354" lon="-119.73287937251405"><ele>1037.39233968721</ele></trkpt>
<trkpt lat="34.504899818809704" lon="-119.732869932807"><ele>1037.78432410177</ele></trkpt>
<trkpt lat="34.5048218578649" lon="-119.732893769622"><ele>1038.50292809204</ele></trkpt>
<trkpt lat="34.50467346489959" lon="-119.73299658256701"><ele>1040.20437892999</ele></trkpt>
<trkpt lat="34.50455051828549" lon="-119.733036815468"><ele>1041.49539576226</ele></trkpt>
<trkpt lat="34.504460436902995" lon="-119.73302650473101"><ele>1042.35812805652</ele></trkpt>
<trkpt lat="34.5043807952882" lon="-119.73299501728398"><ele>1043.11766227433</ele></trkpt>
<trkpt lat="34.5041988195271" lon="-119.73287267892904"><ele>1044.90748422318</ele></trkpt>
<trkpt lat="34.5041203781673" lon="-119.732833938066"><ele>1045.6240341047</ele></trkpt>
<trkpt lat="34.5040016854755" lon="-119.732805553816"><ele>1046.6761636545</ele></trkpt>
<trkpt lat="34.5038903526087" lon="-119.732804111752"><ele>1047.68920225184</ele></trkpt>
<trkpt lat="34.5038182921716" lon="-119.73282058899501"><ele>1048.36723230339</ele></trkpt>
<trkpt lat="34.5036905226385" lon="-119.73287540836"><ele>1049.65023031886</ele></trkpt>
<trkpt lat="34.5033830300329" lon="-119.73304799978803"><ele>1052.94360119626</ele></trkpt>
<trkpt lat="34.5032410453733" lon="-119.73309754671001"><ele>1054.5179972931</ele></trkpt>
<trkpt lat="34.5030878534469" lon="-119.73317307699999"><ele>1056.06706016178</ele></trkpt>
<trkpt lat="34.5029871137634" lon="-119.73319091959803"><ele>1056.99772760651</ele></trkpt>
<trkpt lat="34.50292276973539" lon="-119.73316425596303"><ele>1057.62790960933</ele></trkpt>
<trkpt lat="34.5028055724297" lon="-119.73304004596105"><ele>1059.11768512891</ele></trkpt>
<trkpt lat="34.5027440561729" lon="-119.732998829804"><ele>1059.80782284148</ele></trkpt>
<trkpt lat="34.5026665572184" lon="-119.73297850613699"><ele>1060.57995508388</ele></trkpt>
<trkpt lat="34.5025826012875" lon="-119.73298393602803"><ele>1061.38544784822</ele></trkpt>
<trkpt lat="34.5023897866623" lon="-119.73306994007397"><ele>1063.28311778525</ele></trkpt>
<trkpt lat="34.5022613406391" lon="-119.733113927857"><ele>1064.51890920236</ele></trkpt>
<trkpt lat="34.5021520513182" lon="-119.73319315325004"><ele>1065.78949890418</ele></trkpt>
<trkpt lat="34.5020273506634" lon="-119.73335597018502"><ele>1067.7855256922</ele></trkpt>
<trkpt lat="34.5019861034972" lon="-119.733388440403"><ele>1068.34212144818</ele></trkpt>
<trkpt lat="34.5018860978645" lon="-119.73338223186299"><ele>1069.48932635403</ele></trkpt>
<trkpt lat="34.501730410844104" lon="-119.733308517389"><ele>1071.27420901093</ele></trkpt>
<trkpt lat="34.5016555510256" lon="-119.73326305941299"><ele>1072.0944260176</ele></trkpt>
<trkpt lat="34.5015234318169" lon="-119.733155513559"><ele>1073.46921657425</ele></trkpt>
<trkpt lat="34.5014318272493" lon="-119.733061633727"><ele>1074.43064337468</ele></trkpt>
<trkpt lat="34.5013326114632" lon="-119.73292268688301"><ele>1075.55981821343</ele></trkpt>
<trkpt lat="34.5012155387554" lon="-119.73279204223799"><ele>1076.60593687862</ele></trkpt>
<trkpt lat="34.5011725979157" lon="-119.73276579421204"><ele>1076.95361818343</ele></trkpt>
<trkpt lat="34.50110568436919" lon="-119.732779576363"><ele>1077.48887209665</ele></trkpt>
<trkpt lat="34.5010735249099" lon="-119.73282653153201"><ele>1077.88193363116</ele></trkpt>
<trkpt lat="34.5010487088756" lon="-119.732910751349"><ele>1078.44994252809</ele></trkpt>
<trkpt lat="34.5010066717772" lon="-119.73316020882199"><ele>1080.15488791612</ele></trkpt>
<trkpt lat="34.5009662863339" lon="-119.733247809512"><ele>1080.85315014781</ele></trkpt>
<trkpt lat="34.50093048043199" lon="-119.73326777338"><ele>1081.18393510075</ele></trkpt>
<trkpt lat="34.500841058595" lon="-119.733265668217"><ele>1081.9667796874</ele></trkpt>
<trkpt lat="34.5007803386123" lon="-119.733223804553"><ele>1082.61496906605</ele></trkpt>
<trkpt lat="34.5007471504588" lon="-119.733160663884"><ele>1083.19291946731</ele></trkpt>
<trkpt lat="34.5006836767731" lon="-119.73294946833501"><ele>1084.91116217918</ele></trkpt>
<trkpt lat="34.50061170994061" lon="-119.732616332765"><ele>1087.54829115594</ele></trkpt>
<trkpt lat="34.500579771886" lon="-119.73230159413204"><ele>1090.03815763708</ele></trkpt>
<trkpt lat="34.500561549588596" lon="-119.732011565818"><ele>1092.23863947431</ele></trkpt>
<trkpt lat="34.5005473441299" lon="-119.73188817880397"><ele>1093.2036619296</ele></trkpt>
<trkpt lat="34.500503673055" lon="-119.73166997423797"><ele>1094.92185504671</ele></trkpt>
<trkpt lat="34.5004913376514" lon="-119.73143999514402"><ele>1096.67109315487</ele></trkpt>
<trkpt lat="34.500496696163204" lon="-119.73136196227802"><ele>1097.23153738975</ele></trkpt>
<trkpt lat="34.5005244341784" lon="-119.73128063364103"><ele>1097.8223225187</ele></trkpt>
<trkpt lat="34.5005623934261" lon="-119.73122437871602"><ele>1098.27340667436</ele></trkpt>
<trkpt lat="34.5006671004825" lon="-119.731116640934"><ele>1099.24657453577</ele></trkpt>
<trkpt lat="34.500764581674005" lon="-119.730956087051"><ele>1100.58126592041</ele></trkpt>
<trkpt lat="34.5007859444402" lon="-119.73084977271301"><ele>1101.45878485762</ele></trkpt>
<trkpt lat="34.5007726686374" lon="-119.73048932792503"><ele>1104.51990672053</ele></trkpt>
<trkpt lat="34.5007831212284" lon="-119.73036923104902"><ele>1105.40671780116</ele></trkpt>
<trkpt lat="34.5008176742447" lon="-119.73020050635999"><ele>1106.60166536134</ele></trkpt>
<trkpt lat="34.5008225918612" lon="-119.73006512101303"><ele>1107.63321117314</ele></trkpt>
<trkpt lat="34.5007578013949" lon="-119.72982109912101"><ele>1109.77948223007</ele></trkpt>
<trkpt lat="34.500653742357" lon="-119.72955861551603"><ele>1112.09249783424</ele></trkpt>
<trkpt lat="34.5006277389916" lon="-119.72941962652001"><ele>1113.43159413603</ele></trkpt>
<trkpt lat="34.50064596014299" lon="-119.72931275549003"><ele>1114.54831681636</ele></trkpt>
<trkpt lat="34.5007525932471" lon="-119.72909671102498"><ele>1117.06451223647</ele></trkpt>
<trkpt lat="34.500776650246195" lon="-119.728998913307"><ele>1118.04876920089</ele></trkpt>
<trkpt lat="34.5007683844955" lon="-119.728901036267"><ele>1118.98629187839</ele></trkpt>
<trkpt lat="34.500722355884406" lon="-119.72871858208303"><ele>1120.78350224383</ele></trkpt>
<trkpt lat="34.500695956894" lon="-119.72853483683701"><ele>1122.53087887232</ele></trkpt>
<trkpt lat="34.5006965821838" lon="-119.72843973475703"><ele>1123.40475002782</ele></trkpt>
<trkpt lat="34.500722709848" lon="-119.72831951590298"><ele>1124.4876284218</ele></trkpt>
<trkpt lat="34.500776065937806" lon="-119.728169713344"><ele>1125.88846433291</ele></trkpt>
<trkpt lat="34.5008206943268" lon="-119.72801411240704"><ele>1127.40072470155</ele></trkpt>
<trkpt lat="34.500881639512706" lon="-119.727668176374"><ele>1130.46356442313</ele></trkpt>
<trkpt lat="34.5009999537652" lon="-119.72726396730302"><ele>1134.4399221355</ele></trkpt>
<trkpt lat="34.5011029683799" lon="-119.72702858917697"><ele>1137.12474102329</ele></trkpt>
<trkpt lat="34.5011869497859" lon="-119.726768222032"><ele>1140.1993690604</ele></trkpt>
<trkpt lat="34.5012055619928" lon="-119.72663923288998"><ele>1141.89455791892</ele></trkpt>
<trkpt lat="34.5011998135948" lon="-119.72645003562197"><ele>1144.35213292384</ele></trkpt>
<trkpt lat="34.5011896354733" lon="-119.726355490763"><ele>1145.44422211964</ele></trkpt>
<trkpt lat="34.5010703806291" lon="-119.72586023131"><ele>1150.03989140706</ele></trkpt>
<trkpt lat="34.5010506760589" lon="-119.72570592018499"><ele>1151.14431763497</ele></trkpt>
<trkpt lat="34.50104654236641" lon="-119.725409328664"><ele>1152.78816136655</ele></trkpt>
<trkpt lat="34.501029470046" lon="-119.72529016779501"><ele>1153.56898436998</ele></trkpt>
<trkpt lat="34.5009963267713" lon="-119.72517382294498"><ele>1154.55509131426</ele></trkpt>
<trkpt lat="34.5008839752775" lon="-119.724958839129"><ele>1157.05671488214</ele></trkpt>
<trkpt lat="34.5008644590487" lon="-119.72487926748904"><ele>1157.84439238464</ele></trkpt>
<trkpt lat="34.50086396410771" lon="-119.724799953453"><ele>1158.5200860141</ele></trkpt>
<trkpt lat="34.5009031621097" lon="-119.72469393366299"><ele>1159.36334434633</ele></trkpt>
<trkpt lat="34.5010880699281" lon="-119.724488191334"><ele>1161.0806284687</ele></trkpt>
<trkpt lat="34.50115655209" lon="-119.72436810262"><ele>1161.79275302067</ele></trkpt>
<trkpt lat="34.5012774468906" lon="-119.72394962483901"><ele>1163.22029884637</ele></trkpt>
<trkpt lat="34.5013813266789" lon="-119.72363006886499"><ele>1164.13426393745</ele></trkpt>
<trkpt lat="34.5014157331442" lon="-119.72355148033199"><ele>1164.3576548267</ele></trkpt>
<trkpt lat="34.5015048197477" lon="-119.723399807228"><ele>1164.83043047919</ele></trkpt>
<trkpt lat="34.5015577021382" lon="-119.72323243616299"><ele>1165.24710246299</ele></trkpt>
<trkpt lat="34.5015951082798" lon="-119.72300422021404"><ele>1165.74094894083</ele></trkpt>
<trkpt lat="34.501604486555195" lon="-119.72287328781502"><ele>1166.06683600435</ele></trkpt>
<trkpt lat="34.5015938830583" lon="-119.72277766292801"><ele>1166.34576799455</ele></trkpt>
<trkpt lat="34.5015647537569" lon="-119.722646950707"><ele>1166.80362964819</ele></trkpt>
<trkpt lat="34.5015273359822" lon="-119.72254171064101"><ele>1167.27323422521</ele></trkpt>
<trkpt lat="34.5014465544321" lon="-119.72236460424902"><ele>1168.54953544448</ele></trkpt>
<trkpt lat="34.501271327339" lon="-119.722061714152"><ele>1172.69415596889</ele></trkpt>
<trkpt lat="34.5012340440535" lon="-119.721978347603"><ele>1173.76681299538</ele></trkpt>
<trkpt lat="34.5010884488791" lon="-119.721432655975"><ele>1180.43574577165</ele></trkpt>
<trkpt lat="34.5009889966348" lon="-119.72103692612502"><ele>1184.75792386431</ele></trkpt>
<trkpt lat="34.50094718315879" lon="-119.72090599395399"><ele>1185.9919392882</ele></trkpt>
<trkpt lat="34.5008637621989" lon="-119.72072802456204"><ele>1187.55488243415</ele></trkpt>
<trkpt lat="34.5007774205516" lon="-119.72056261739301"><ele>1189.2205755134</ele></trkpt>
<trkpt lat="34.5007428469794" lon="-119.72046733320998"><ele>1190.07248923014</ele></trkpt>
<trkpt lat="34.50062631967399" lon="-119.72004195776502"><ele>1193.51624265788</ele></trkpt>
<trkpt lat="34.5004711103941" lon="-119.71971187340199"><ele>1195.98597361106</ele></trkpt>
<trkpt lat="34.500379051258" lon="-119.71949549601503"><ele>1197.76720220556</ele></trkpt>
<trkpt lat="34.50032010564211" lon="-119.719400624374"><ele>1198.49979722836</ele></trkpt>
<trkpt lat="34.50016174026211" lon="-119.71924924383602"><ele>1199.6905718767</ele></trkpt>
<trkpt lat="34.49995180344819" lon="-119.71903547092397"><ele>1200.83122498667</ele></trkpt>
<trkpt lat="34.49988289243999" lon="-119.718983954434"><ele>1201.14502094266</ele></trkpt>
<trkpt lat="34.4997008181055" lon="-119.71887613036998"><ele>1201.89067334436</ele></trkpt>
<trkpt lat="34.4996406187798" lon="-119.71882413563998"><ele>1202.13514276501</ele></trkpt>
<trkpt lat="34.4995481364932" lon="-119.718673319156"><ele>1202.6045553707</ele></trkpt>
<trkpt lat="34.4993570408351" lon="-119.71814105908201"><ele>1204.36165113682</ele></trkpt>
<trkpt lat="34.4993128077472" lon="-119.718019846428"><ele>1204.285676728</ele></trkpt>
<trkpt lat="34.49925959734891" lon="-119.71791587331101"><ele>1203.69200681572</ele></trkpt>
<trkpt lat="34.4991053488357" lon="-119.71765485899401"><ele>1200.78738412483</ele></trkpt>
<trkpt lat="34.4989976542157" lon="-119.71750370178802"><ele>1199.20076403222</ele></trkpt>
<trkpt lat="34.4989174129901" lon="-119.717439024403"><ele>1198.31985862778</ele></trkpt>
<trkpt lat="34.4987407602652" lon="-119.71734086337702"><ele>1196.27221535252</ele></trkpt>
<trkpt lat="34.4983003764207" lon="-119.717128756648"><ele>1190.52643806828</ele></trkpt>
<trkpt lat="34.4979722393071" lon="-119.71691234522599"><ele>1187.29017036486</ele></trkpt>
<trkpt lat="34.49776683370159" lon="-119.71681238449001"><ele>1186.85346395358</ele></trkpt>
<trkpt lat="34.497522552372" lon="-119.71669919412801"><ele>1187.38955427433</ele></trkpt>
<trkpt lat="34.4974071927181" lon="-119.716632455899"><ele>1187.86601384915</ele></trkpt>
<trkpt lat="34.4973472022726" lon="-119.71658411108"><ele>1188.21320676188</ele></trkpt>
<trkpt lat="34.4972496513334" lon="-119.71646387422798"><ele>1189.01978446275</ele></trkpt>
<trkpt lat="34.497131520779" lon="-119.71628565094802"><ele>1190.33251742526</ele></trkpt>
<trkpt lat="34.4968952633485" lon="-119.71588946616299"><ele>1191.68882570297</ele></trkpt>
<trkpt lat="34.4967162949027" lon="-119.71558415720402"><ele>1192.15940375083</ele></trkpt>
<trkpt lat="34.4965201073216" lon="-119.71537444498003"><ele>1192.27064398942</ele></trkpt>
<trkpt lat="34.4963471177473" lon="-119.715176415065"><ele>1192.09535390909</ele></trkpt>
<trkpt lat="34.4958896141413" lon="-119.714518905697"><ele>1190.17354794185</ele></trkpt>
<trkpt lat="34.4957889882117" lon="-119.71438770615"><ele>1189.87196065678</ele></trkpt>
<trkpt lat="34.4957137338003" lon="-119.71431901115201"><ele>1189.75904772026</ele></trkpt>
<trkpt lat="34.4955126361159" lon="-119.71416947451704"><ele>1189.40900418145</ele></trkpt>
<trkpt lat="34.4954475837074" lon="-119.71408561239002"><ele>1189.02365205851</ele></trkpt>
<trkpt lat="34.4953936451297" lon="-119.71389556897903"><ele>1187.97050268053</ele></trkpt>
<trkpt lat="34.495318681609795" lon="-119.71342964455903"><ele>1184.67041148764</ele></trkpt>
<trkpt lat="34.495212445777206" lon="-119.713028613602"><ele>1180.87299729509</ele></trkpt>
<trkpt lat="34.4951596598291" lon="-119.71271703651905"><ele>1177.88979032408</ele></trkpt>
<trkpt lat="34.4951447724328" lon="-119.71252285719301"><ele>1176.42562942004</ele></trkpt>
<trkpt lat="34.495118458120096" lon="-119.71238147838"><ele>1175.46973127992</ele></trkpt>
<trkpt lat="34.4950189405955" lon="-119.712055219747"><ele>1173.45878526679</ele></trkpt>
<trkpt lat="34.4949602740981" lon="-119.71180686465902"><ele>1172.14220158427</ele></trkpt>
<trkpt lat="34.4949456875617" lon="-119.71169697581904"><ele>1171.53430884095</ele></trkpt>
<trkpt lat="34.4949418072586" lon="-119.71157589594299"><ele>1170.81318252876</ele></trkpt>
<trkpt lat="34.494969915761" lon="-119.711385622125"><ele>1169.54636657464</ele></trkpt>
<trkpt lat="34.495055690711" lon="-119.71106863560797"><ele>1167.18826617098</ele></trkpt>
<trkpt lat="34.4950789458703" lon="-119.71082667279701"><ele>1165.37644402143</ele></trkpt>
<trkpt lat="34.4951090172632" lon="-119.71065256452398"><ele>1163.86175110321</ele></trkpt>
<trkpt lat="34.49515287428991" lon="-119.71049388449501"><ele>1162.47039911996</ele></trkpt>
<trkpt lat="34.4952778856673" lon="-119.71019374521302"><ele>1159.81412659304</ele></trkpt>
<trkpt lat="34.49539480317189" lon="-119.70980347202402"><ele>1156.51584719272</ele></trkpt>
<trkpt lat="34.4954196676318" lon="-119.709655904381"><ele>1155.50264243329</ele></trkpt>
<trkpt lat="34.4954175521044" lon="-119.70950109385605"><ele>1154.69259910603</ele></trkpt>
<trkpt lat="34.4953930878842" lon="-119.709373558552"><ele>1154.10010517467</ele></trkpt>
<trkpt lat="34.4953662050069" lon="-119.70931340547898"><ele>1153.79665001528</ele></trkpt>
<trkpt lat="34.4952146940937" lon="-119.709049151828"><ele>1152.40935258562</ele></trkpt>
<trkpt lat="34.495154514344094" lon="-119.708902637157"><ele>1151.73928279522</ele></trkpt>
<trkpt lat="34.4951399873449" lon="-119.70881949665599"><ele>1151.39780656335</ele></trkpt>
<trkpt lat="34.4951449590551" lon="-119.708741849113"><ele>1151.0862713184</ele></trkpt>
<trkpt lat="34.4951726153389" lon="-119.70865902199901"><ele>1150.73249196057</ele></trkpt>
<trkpt lat="34.49529917039559" lon="-119.70844742529898"><ele>1149.70242256406</ele></trkpt>
<trkpt lat="34.495369442523604" lon="-119.70826608860501"><ele>1148.94120565518</ele></trkpt>
<trkpt lat="34.495397761725" lon="-119.70812328428198"><ele>1148.44798939117</ele></trkpt>
<trkpt lat="34.4954095421537" lon="-119.70794380561102"><ele>1147.82898977144</ele></trkpt>
<trkpt lat="34.4953977034106" lon="-119.707791582406"><ele>1147.30671009361</ele></trkpt>
<trkpt lat="34.49537435845231" lon="-119.707703061373"><ele>1146.93202907649</ele></trkpt>
<trkpt lat="34.4953160570152" lon="-119.707613159562"><ele>1146.38662570017</ele></trkpt>
<trkpt lat="34.4952665464315" lon="-119.70757034757702"><ele>1146.00011837701</ele></trkpt>
<trkpt lat="34.4950847408698" lon="-119.70744567685199"><ele>1144.44576278851</ele></trkpt>
<trkpt lat="34.494796185141304" lon="-119.70722447043305"><ele>1141.89314619963</ele></trkpt>
<trkpt lat="34.4946860585061" lon="-119.707120389337"><ele>1140.62512542416</ele></trkpt>
<trkpt lat="34.4945870341273" lon="-119.70700545144403"><ele>1139.35172687553</ele></trkpt>
<trkpt lat="34.4944681047341" lon="-119.70681924282898"><ele>1137.6971145229</ele></trkpt>
<trkpt lat="34.494418219703" lon="-119.706699535541"><ele>1136.77355064902</ele></trkpt>
<trkpt lat="34.494370938932" lon="-119.70648904951099"><ele>1135.3866095197</ele></trkpt>
<trkpt lat="34.4943625840337" lon="-119.70639728013401"><ele>1134.76775343557</ele></trkpt>
<trkpt lat="34.4943716761754" lon="-119.70630328150399"><ele>1134.08226962252</ele></trkpt>
<trkpt lat="34.4944019243841" lon="-119.706213485412"><ele>1133.33850583535</ele></trkpt>
<trkpt lat="34.4945163543831" lon="-119.70601744488403"><ele>1131.44738001795</ele></trkpt>
<trkpt lat="34.4945584286075" lon="-119.70590774750103"><ele>1130.50439425736</ele></trkpt>
<trkpt lat="34.4945848933141" lon="-119.705769892423"><ele>1129.40223227043</ele></trkpt>
<trkpt lat="34.49457637157751" lon="-119.70567294599698"><ele>1128.61607389711</ele></trkpt>
<trkpt lat="34.4945316540902" lon="-119.705558591928"><ele>1127.51692264361</ele></trkpt>
<trkpt lat="34.4944010439978" lon="-119.70536689113202"><ele>1125.17368909419</ele></trkpt>
<trkpt lat="34.494363418879395" lon="-119.70529434524897"><ele>1124.37550591692</ele></trkpt>
<trkpt lat="34.4941681785896" lon="-119.70480121795397"><ele>1119.68179468663</ele></trkpt>
<trkpt lat="34.4940572183531" lon="-119.704592412438"><ele>1117.58423970266</ele></trkpt>
<trkpt lat="34.4939776853873" lon="-119.704493429863"><ele>1116.41215928109</ele></trkpt>
<trkpt lat="34.4937575249056" lon="-119.70430382049"><ele>1113.65275414575</ele></trkpt>
<trkpt lat="34.4936781804114" lon="-119.70419849000704"><ele>1112.43444503028</ele></trkpt>
<trkpt lat="34.493597794684106" lon="-119.704013939912"><ele>1110.68400602794</ele></trkpt>
<trkpt lat="34.4934048550849" lon="-119.70345876492301"><ele>1105.7389146195</ele></trkpt>
<trkpt lat="34.49336633988639" lon="-119.703228306074"><ele>1103.64313961482</ele></trkpt>
<trkpt lat="34.4933705227872" lon="-119.70306895161902"><ele>1102.18234097876</ele></trkpt>
<trkpt lat="34.4933930642973" lon="-119.70295191581697"><ele>1101.1256008178</ele></trkpt>
<trkpt lat="34.493474057278" lon="-119.702721136359"><ele>1099.06570276713</ele></trkpt>
<trkpt lat="34.4935129077889" lon="-119.702560963037"><ele>1097.75572487561</ele></trkpt>
<trkpt lat="34.4935161292872" lon="-119.702452910781"><ele>1096.92807909351</ele></trkpt>
<trkpt lat="34.4934636487771" lon="-119.702100576554"><ele>1094.16287555278</ele></trkpt>
<trkpt lat="34.4934576177165" lon="-119.701920336425"><ele>1092.65614578169</ele></trkpt>
<trkpt lat="34.4934415481219" lon="-119.701799936914"><ele>1091.66059122691</ele></trkpt>
<trkpt lat="34.4934151842923" lon="-119.701717418179"><ele>1090.95698351347</ele></trkpt>
<trkpt lat="34.4933440995241" lon="-119.701573478594"><ele>1089.63337369201</ele></trkpt>
<trkpt lat="34.49330653746569" lon="-119.701447360284"><ele>1088.5389909195</ele></trkpt>
<trkpt lat="34.4933192040004" lon="-119.70137427276302"><ele>1087.91154850498</ele></trkpt>
<trkpt lat="34.4933771483584" lon="-119.70126430924401"><ele>1086.80453294276</ele></trkpt>
<trkpt lat="34.4934853481845" lon="-119.701114313823"><ele>1085.12950505347</ele></trkpt>
<trkpt lat="34.4936232041158" lon="-119.700744626143"><ele>1081.82471880965</ele></trkpt>
<trkpt lat="34.4936882947145" lon="-119.700626771233"><ele>1080.56340059854</ele></trkpt>
<trkpt lat="34.493791613371094" lon="-119.70054942014801"><ele>1079.10096618124</ele></trkpt>
<trkpt lat="34.4938826181039" lon="-119.70052698192703"><ele>1077.93120596198</ele></trkpt>
<trkpt lat="34.4940502054389" lon="-119.70052325083701"><ele>1075.80813417041</ele></trkpt>
<trkpt lat="34.494117986058" lon="-119.70053591288402"><ele>1074.94053216689</ele></trkpt>
<trkpt lat="34.4943301457847" lon="-119.70063568877"><ele>1072.04582506676</ele></trkpt>
<trkpt lat="34.4946113343808" lon="-119.70071349353901"><ele>1068.43871213427</ele></trkpt>
<trkpt lat="34.494786703728806" lon="-119.70079597390499"><ele>1065.86083745017</ele></trkpt>
<trkpt lat="34.49488197400401" lon="-119.70090587205499"><ele>1063.85932286661</ele></trkpt>
<trkpt lat="34.4949160691943" lon="-119.70100103948401"><ele>1062.53275691145</ele></trkpt>
<trkpt lat="34.49495314271719" lon="-119.701178946347"><ele>1060.29865005306</ele></trkpt>
<trkpt lat="34.4950212304267" lon="-119.70127672985"><ele>1058.94256589513</ele></trkpt>
<trkpt lat="34.49508731841729" lon="-119.70130839244099"><ele>1058.16373164136</ele></trkpt>
<trkpt lat="34.4953188518448" lon="-119.70133681438702"><ele>1056.0511697358</ele></trkpt>
<trkpt lat="34.495511400921" lon="-119.701412105644"><ele>1054.17988837486</ele></trkpt>
<trkpt lat="34.4955972298692" lon="-119.701409295605"><ele>1053.29510811396</ele></trkpt>
<trkpt lat="34.49567789077361" lon="-119.70134687266601"><ele>1052.28392918642</ele></trkpt>
<trkpt lat="34.4957933041523" lon="-119.701179638784"><ele>1050.47181555307</ele></trkpt>
<trkpt lat="34.4959427674074" lon="-119.70093022674"><ele>1047.83126574098</ele></trkpt>
<trkpt lat="34.49603750556301" lon="-119.700717492347"><ele>1045.96747811388</ele></trkpt>
<trkpt lat="34.4960800180263" lon="-119.70053458134697"><ele>1044.55726321731</ele></trkpt>
<trkpt lat="34.49609778287" lon="-119.70020395778303"><ele>1042.33190319085</ele></trkpt>
<trkpt lat="34.4961269832119" lon="-119.700056523991"><ele>1041.28310313671</ele></trkpt>
<trkpt lat="34.4962522117139" lon="-119.69964104325403"><ele>1037.84101828447</ele></trkpt>
<trkpt lat="34.4962780078997" lon="-119.699498820472"><ele>1036.88697830625</ele></trkpt>
<trkpt lat="34.4962713056669" lon="-119.699361773444"><ele>1036.24439484242</ele></trkpt>
<trkpt lat="34.49624044345279" lon="-119.69925085187299"><ele>1035.98271761129</ele></trkpt>
<trkpt lat="34.4961658200546" lon="-119.699124751814"><ele>1036.09240451422</ele></trkpt>
<trkpt lat="34.4960835961751" lon="-119.69906988959603"><ele>1036.45269221887</ele></trkpt>
<trkpt lat="34.495913981988195" lon="-119.699015511927"><ele>1037.46806499302</ele></trkpt>
<trkpt lat="34.4958071360617" lon="-119.698961243096"><ele>1038.17817959019</ele></trkpt>
<trkpt lat="34.4957077321439" lon="-119.698865724026"><ele>1038.92853517577</ele></trkpt>
<trkpt lat="34.49566350523" lon="-119.69879672860402"><ele>1039.35641711561</ele></trkpt>
<trkpt lat="34.495569006516" lon="-119.69856876337899"><ele>1040.66124835167</ele></trkpt>
<trkpt lat="34.4955343692753" lon="-119.698467854292"><ele>1041.23697277875</ele></trkpt>
<trkpt lat="34.4955008848273" lon="-119.69825968041098"><ele>1042.40356735402</ele></trkpt>
<trkpt lat="34.4954933600169" lon="-119.69815985967801"><ele>1042.99035120894</ele></trkpt>
<trkpt lat="34.4955172665171" lon="-119.69776116707098"><ele>1045.49147106373</ele></trkpt>
<trkpt lat="34.49556715709561" lon="-119.697489412222"><ele>1047.47130766419</ele></trkpt>
<trkpt lat="34.495574573270105" lon="-119.69740755746604"><ele>1048.10044845889</ele></trkpt>
<trkpt lat="34.49556415772761" lon="-119.697298157017"><ele>1048.97124203006</ele></trkpt>
<trkpt lat="34.4955091477181" lon="-119.69707109958901"><ele>1050.9079764483</ele></trkpt>
<trkpt lat="34.4954406655438" lon="-119.69691704221701"><ele>1052.3059321563</ele></trkpt>
<trkpt lat="34.4953136799227" lon="-119.69675590236898"><ele>1053.82727844237</ele></trkpt>
<trkpt lat="34.4952625812079" lon="-119.696649320354"><ele>1054.53438237279</ele></trkpt>
<trkpt lat="34.4952409611204" lon="-119.69652451028499"><ele>1055.21059662336</ele></trkpt>
<trkpt lat="34.4952471466396" lon="-119.696338912924"><ele>1056.07831727806</ele></trkpt>
<trkpt lat="34.4952344651805" lon="-119.696202349701"><ele>1056.6392308666</ele></trkpt>
<trkpt lat="34.4952034205984" lon="-119.69611638463999"><ele>1057.0007178796</ele></trkpt>
<trkpt lat="34.49514571104031" lon="-119.696015317316"><ele>1057.45220136688</ele></trkpt>
<trkpt lat="34.4950379466965" lon="-119.69590929402898"><ele>1058.01847512766</ele></trkpt>
<trkpt lat="34.4949986753705" lon="-119.695851941477"><ele>1058.24861974032</ele></trkpt>
<trkpt lat="34.494857416874" lon="-119.695494410507"><ele>1059.46874930304</ele></trkpt>
<trkpt lat="34.494811346469405" lon="-119.69539435453001"><ele>1059.80360762938</ele></trkpt>
<trkpt lat="34.4946393585967" lon="-119.695108998851"><ele>1060.26129493899</ele></trkpt>
<trkpt lat="34.4945482957937" lon="-119.69486238438904"><ele>1060.41486409792</ele></trkpt>
<trkpt lat="34.4944859272454" lon="-119.69475567128899"><ele>1060.62111463683</ele></trkpt>
<trkpt lat="34.4944190877667" lon="-119.69469953505099"><ele>1060.75956261481</ele></trkpt>
<trkpt lat="34.494319356050305" lon="-119.69464233469202"><ele>1060.89413952191</ele></trkpt>
<trkpt lat="34.4941653934911" lon="-119.694568513469"><ele>1060.99972889738</ele></trkpt>
<trkpt lat="34.494055928282606" lon="-119.694481651844"><ele>1061.08867597711</ele></trkpt>
<trkpt lat="34.4939938803457" lon="-119.69440629757102"><ele>1061.18926604017</ele></trkpt>
<trkpt lat="34.4939065790423" lon="-119.69423176222101"><ele>1061.42857001753</ele></trkpt>
<trkpt lat="34.4938531617911" lon="-119.694163174191"><ele>1061.51949302493</ele></trkpt>
<trkpt lat="34.4937959159614" lon="-119.694127780847"><ele>1061.57225019737</ele></trkpt>
<trkpt lat="34.49357225897471" lon="-119.69405444746704"><ele>1061.63533539194</ele></trkpt>
<trkpt lat="34.493487938648" lon="-119.693982426328"><ele>1061.66656893222</ele></trkpt>
<trkpt lat="34.4934551984946" lon="-119.693904305608"><ele>1061.7090498088</ele></trkpt>
<trkpt lat="34.493403327652494" lon="-119.69367914145803"><ele>1061.87599876691</ele></trkpt>
<trkpt lat="34.4933739803903" lon="-119.69330545919698"><ele>1062.15090963168</ele></trkpt>
<trkpt lat="34.4933634930478" lon="-119.69324905538299"><ele>1062.19067836465</ele></trkpt>
<trkpt lat="34.49328816333669" lon="-119.69314219823299"><ele>1062.29960564352</ele></trkpt>
<trkpt lat="34.4931606110315" lon="-119.69304681347303"><ele>1062.48687029975</ele></trkpt>
<trkpt lat="34.493077433951" lon="-119.69296881185304"><ele>1062.65757858054</ele></trkpt>
<trkpt lat="34.4928913445853" lon="-119.69270128193003"><ele>1063.22902002494</ele></trkpt>
<trkpt lat="34.4926669868257" lon="-119.692331325362"><ele>1063.75339326346</ele></trkpt>
<trkpt lat="34.4925717328971" lon="-119.692133815251"><ele>1063.93363618806</ele></trkpt>
<trkpt lat="34.492536251728495" lon="-119.69204158853998"><ele>1064.0229957479</ele></trkpt>
<trkpt lat="34.4924392560601" lon="-119.69171944488902"><ele>1064.37917362236</ele></trkpt>
<trkpt lat="34.4922579593564" lon="-119.69131675321"><ele>1064.68692261477</ele></trkpt>
<trkpt lat="34.4921305913031" lon="-119.69110165839703"><ele>1064.87587589438</ele></trkpt>
<trkpt lat="34.4919645681502" lon="-119.69087537156699"><ele>1064.94257500229</ele></trkpt>
<trkpt lat="34.4917709009238" lon="-119.690682248525"><ele>1064.42399849355</ele></trkpt>
<trkpt lat="34.4912975007945" lon="-119.690297498199"><ele>1061.74767385828</ele></trkpt>
<trkpt lat="34.4911415133924" lon="-119.69017175820697"><ele>1060.51509879197</ele></trkpt>
<trkpt lat="34.4906886361302" lon="-119.68984737692098"><ele>1054.78034239614</ele></trkpt>
<trkpt lat="34.4904721961774" lon="-119.68964144243401"><ele>1051.57901545405</ele></trkpt>
<trkpt lat="34.4903618358678" lon="-119.68952005543501"><ele>1049.67167884234</ele></trkpt>
<trkpt lat="34.4902526150734" lon="-119.68937674616102"><ele>1047.5810297186</ele></trkpt>
<trkpt lat="34.4901586441048" lon="-119.689165608074"><ele>1044.9742574044</ele></trkpt>
<trkpt lat="34.4901337316131" lon="-119.68907858111102"><ele>1044.02987708821</ele></trkpt>
<trkpt lat="34.4900891434863" lon="-119.68873122283202"><ele>1040.6769498409</ele></trkpt>
<trkpt lat="34.4899532908889" lon="-119.688072182915"><ele>1034.2519900022</ele></trkpt>
<trkpt lat="34.4899260910404" lon="-119.68795220290905"><ele>1033.10036142611</ele></trkpt>
<trkpt lat="34.4898619604038" lon="-119.68775277748901"><ele>1031.24163029825</ele></trkpt>
<trkpt lat="34.4898139574501" lon="-119.687657823273"><ele>1030.23355535891</ele></trkpt>
<trkpt lat="34.48970930845681" lon="-119.687607161108"><ele>1028.92298613129</ele></trkpt>
<trkpt lat="34.4894560807932" lon="-119.68759298715"><ele>1025.53050438749</ele></trkpt>
<trkpt lat="34.4892812700568" lon="-119.68753564597597"><ele>1023.36059965049</ele></trkpt>
<trkpt lat="34.4891869336739" lon="-119.687475832857"><ele>1022.20389179177</ele></trkpt>
<trkpt lat="34.4885976115025" lon="-119.68706990560597"><ele>1015.11221983926</ele></trkpt>
<trkpt lat="34.48845350197491" lon="-119.686986716854"><ele>1013.47138857746</ele></trkpt>
<trkpt lat="34.4883560137918" lon="-119.68689642458399"><ele>1012.17594360396</ele></trkpt>
<trkpt lat="34.4883001892448" lon="-119.686816952839"><ele>1011.28813159825</ele></trkpt>
<trkpt lat="34.4880985421486" lon="-119.68646515731001"><ele>1007.6457627096</ele></trkpt>
<trkpt lat="34.487924680274" lon="-119.68610589768905"><ele>1004.06654065552</ele></trkpt>
<trkpt lat="34.487873818645596" lon="-119.686031601119"><ele>1003.17319862043</ele></trkpt>
<trkpt lat="34.4878156707329" lon="-119.68597410655701"><ele>1002.28548077776</ele></trkpt>
<trkpt lat="34.4877443216596" lon="-119.68594107295799"><ele>1001.33778659608</ele></trkpt>
<trkpt lat="34.4876696196347" lon="-119.685931000641"><ele>1000.38371351256</ele></trkpt>
<trkpt lat="34.487421630621" lon="-119.68591612089799"><ele>997.188467770919</ele></trkpt>
<trkpt lat="34.487317214881" lon="-119.685878498602"><ele>995.805921694754</ele></trkpt>
<trkpt lat="34.4872339158173" lon="-119.685786071775"><ele>994.482698241855</ele></trkpt>
<trkpt lat="34.4871386085424" lon="-119.685586253338"><ele>992.575930174521</ele></trkpt>
<trkpt lat="34.48710201164031" lon="-119.68552779610197"><ele>991.976871967276</ele></trkpt>
<trkpt lat="34.487027911005605" lon="-119.68545475217903"><ele>990.972136675003</ele></trkpt>
<trkpt lat="34.48695483886989" lon="-119.68541168500599"><ele>990.069391146559</ele></trkpt>
<trkpt lat="34.486695607874005" lon="-119.685303123262"><ele>986.931432617145</ele></trkpt>
<trkpt lat="34.4862780652564" lon="-119.68517918686403"><ele>981.89960237419</ele></trkpt>
<trkpt lat="34.4855394809166" lon="-119.684941665516"><ele>973.358730198153</ele></trkpt>
<trkpt lat="34.485382266334796" lon="-119.684931665864"><ele>971.569091072192</ele></trkpt>
<trkpt lat="34.4852379479648" lon="-119.68494952037501"><ele>970.015974240072</ele></trkpt>
<trkpt lat="34.4851160225792" lon="-119.684982845659"><ele>968.682129330924</ele></trkpt>
<trkpt lat="34.4848179528242" lon="-119.68512789158702"><ele>965.532390081548</ele></trkpt>
<trkpt lat="34.4846979473838" lon="-119.685166701951"><ele>964.473874637073</ele></trkpt>
<trkpt lat="34.4846316208369" lon="-119.68516318216199"><ele>963.890412986157</ele></trkpt>
<trkpt lat="34.4845705572064" lon="-119.685138306355"><ele>963.299049310907</ele></trkpt>
<trkpt lat="34.4844813129579" lon="-119.685068538124"><ele>962.249844843461</ele></trkpt>
<trkpt lat="34.4844389570876" lon="-119.68498689011203"><ele>961.398183464703</ele></trkpt>
<trkpt lat="34.4844307196062" lon="-119.684893967308"><ele>960.539072240899</ele></trkpt>
<trkpt lat="34.48443741732571" lon="-119.684654111358"><ele>958.25624103631</ele></trkpt>
<trkpt lat="34.484433612595396" lon="-119.684555854385"><ele>957.35065815427</ele></trkpt>
<trkpt lat="34.4844084967044" lon="-119.684424630987"><ele>956.203228286021</ele></trkpt>
<trkpt lat="34.4843749398855" lon="-119.684313118368"><ele>955.284815885302</ele></trkpt>
<trkpt lat="34.4843276506887" lon="-119.68422745980597"><ele>954.544625886438</ele></trkpt>
<trkpt lat="34.4842408692147" lon="-119.68412087578803"><ele>953.502271264899</ele></trkpt>
<trkpt lat="34.48412860564421" lon="-119.68406685915801"><ele>952.399951620489</ele></trkpt>
<trkpt lat="34.484005207039" lon="-119.68405359870502"><ele>951.192750171761</ele></trkpt>
<trkpt lat="34.4837892154245" lon="-119.68406729074201"><ele>949.148579380615</ele></trkpt>
<trkpt lat="34.4836431517702" lon="-119.684062916035"><ele>947.988265200053</ele></trkpt>
<trkpt lat="34.4835532300964" lon="-119.68404878449398"><ele>947.359848652839</ele></trkpt>
<trkpt lat="34.4833903358174" lon="-119.683994837706"><ele>946.325348049778</ele></trkpt>
<trkpt lat="34.4833097745889" lon="-119.68397666834903"><ele>945.869864715473</ele></trkpt>
<trkpt lat="34.4831918629876" lon="-119.68397098816803"><ele>945.2514869673</ele></trkpt>
<trkpt lat="34.483080729354" lon="-119.683984109847"><ele>944.695900792036</ele></trkpt>
<trkpt lat="34.4829598574814" lon="-119.68403927913403"><ele>944.049273634831</ele></trkpt>
<trkpt lat="34.4828776289601" lon="-119.684114746834"><ele>943.47234326146</ele></trkpt>
<trkpt lat="34.4828111486005" lon="-119.684222781962"><ele>942.762001741045</ele></trkpt>
<trkpt lat="34.4826837097315" lon="-119.684496345251"><ele>940.767405010907</ele></trkpt>
<trkpt lat="34.4826341437035" lon="-119.68458664755097"><ele>939.916192305782</ele></trkpt>
<trkpt lat="34.4825460191783" lon="-119.68469334510601"><ele>938.50055458932</ele></trkpt>
<trkpt lat="34.4824631978915" lon="-119.68474265269002"><ele>937.30318429414</ele></trkpt>
<trkpt lat="34.48235213046479" lon="-119.684778260452"><ele>935.765832091355</ele></trkpt>
<trkpt lat="34.4822825200703" lon="-119.684787435122"><ele>934.851682083472</ele></trkpt>
<trkpt lat="34.48216916053" lon="-119.684779236162"><ele>933.420866183247</ele></trkpt>
<trkpt lat="34.4819115415931" lon="-119.68474269716003"><ele>930.089540659343</ele></trkpt>
<trkpt lat="34.481849323927" lon="-119.68474412538903"><ele>929.278186856062</ele></trkpt>
<trkpt lat="34.4817518478339" lon="-119.68477292369003"><ele>928.032933156733</ele></trkpt>
<trkpt lat="34.4816296450814" lon="-119.68484056154898"><ele>926.540425553897</ele></trkpt>
<trkpt lat="34.4814873341265" lon="-119.684888867255"><ele>924.991543881071</ele></trkpt>
<trkpt lat="34.48138113876211" lon="-119.68489285297902"><ele>923.807923270086</ele></trkpt>
<trkpt lat="34.4813198553635" lon="-119.684867042856"><ele>923.034305503524</ele></trkpt>
<trkpt lat="34.4812131420832" lon="-119.68475860281599"><ele>921.250467234271</ele></trkpt>
<trkpt lat="34.481137037468" lon="-119.684631991752"><ele>919.470769380465</ele></trkpt>
<trkpt lat="34.4810919540193" lon="-119.68451833578"><ele>918.017117537714</ele></trkpt>
<trkpt lat="34.4810583406827" lon="-119.68435076708602"><ele>916.09098614257</ele></trkpt>
<trkpt lat="34.4810535488841" lon="-119.68426995126198"><ele>915.205443614788</ele></trkpt>
<trkpt lat="34.4810734331236" lon="-119.68412207350104"><ele>913.619898287062</ele></trkpt>
<trkpt lat="34.48114978969329" lon="-119.68391381159401"><ele>911.336735996388</ele></trkpt>
<trkpt lat="34.48120523037709" lon="-119.68380155412498"><ele>910.032159569987</ele></trkpt>
<trkpt lat="34.4812569620793" lon="-119.68373618819602"><ele>909.155634125698</ele></trkpt>
<trkpt lat="34.4814150516462" lon="-119.68358161825803"><ele>906.973983843277</ele></trkpt>
<trkpt lat="34.48151812892459" lon="-119.68342669951299"><ele>905.10512661951</ele></trkpt>
<trkpt lat="34.4815926697942" lon="-119.683262604764"><ele>903.044631958309</ele></trkpt>
<trkpt lat="34.4816625240713" lon="-119.683165951389"><ele>901.551804113948</ele></trkpt>
<trkpt lat="34.4818416777143" lon="-119.68302102245602"><ele>898.795506630061</ele></trkpt>
<trkpt lat="34.4819533783021" lon="-119.682950780375"><ele>897.349167071756</ele></trkpt>
<trkpt lat="34.4820425249061" lon="-119.682915011357"><ele>896.312088172931</ele></trkpt>
<trkpt lat="34.4822756253132" lon="-119.68284341062"><ele>893.627741024674</ele></trkpt>
<trkpt lat="34.4823490167164" lon="-119.68279816551701"><ele>892.634998574914</ele></trkpt>
<trkpt lat="34.4825482744956" lon="-119.682616293004"><ele>889.547134759238</ele></trkpt>
<trkpt lat="34.4826165349763" lon="-119.68254603828403"><ele>888.469409682731</ele></trkpt>
<trkpt lat="34.4826864783731" lon="-119.682440692296"><ele>887.126942827093</ele></trkpt>
<trkpt lat="34.4827814091875" lon="-119.68227430037302"><ele>884.893417296559</ele></trkpt>
<trkpt lat="34.482867935139" lon="-119.68219425492599"><ele>883.178939188046</ele></trkpt>
<trkpt lat="34.4829404329327" lon="-119.68217258588801"><ele>881.931291284668</ele></trkpt>
<trkpt lat="34.483019791294" lon="-119.682175080877"><ele>880.601777513272</ele></trkpt>
<trkpt lat="34.4831064845651" lon="-119.68219750229"><ele>879.151426799176</ele></trkpt>
<trkpt lat="34.4833447774267" lon="-119.68228067427403"><ele>875.452467098375</ele></trkpt>
<trkpt lat="34.483409645318396" lon="-119.68228873758801"><ele>874.585121549797</ele></trkpt>
<trkpt lat="34.4834891444022" lon="-119.68227396925602"><ele>873.581007529163</ele></trkpt>
<trkpt lat="34.4836662449677" lon="-119.682172534099"><ele>871.37122092989</ele></trkpt>
<trkpt lat="34.4843052912491" lon="-119.68177448223598"><ele>862.681902570407</ele></trkpt>
<trkpt lat="34.4843632224511" lon="-119.68172094079799"><ele>861.864150234003</ele></trkpt>
<trkpt lat="34.4844175878076" lon="-119.68163405711802"><ele>860.841694437215</ele></trkpt>
<trkpt lat="34.4844491914208" lon="-119.68150244787505"><ele>859.44081932268</ele></trkpt>
<trkpt lat="34.4844481979965" lon="-119.681435133398"><ele>858.71977985066</ele></trkpt>
<trkpt lat="34.4844191160327" lon="-119.68126009168404"><ele>856.842962931253</ele></trkpt>
<trkpt lat="34.4843966754682" lon="-119.68117148738904"><ele>855.940447859506</ele></trkpt>
<trkpt lat="34.4843532298247" lon="-119.68107713758103"><ele>854.937740506637</ele></trkpt>
<trkpt lat="34.4842417901033" lon="-119.68096195412"><ele>853.329400323119</ele></trkpt>
<trkpt lat="34.4840979848768" lon="-119.680858910233"><ele>851.515046978911</ele></trkpt>
<trkpt lat="34.48396540216461" lon="-119.68079779580802"><ele>849.968613196937</ele></trkpt>
<trkpt lat="34.4838600012575" lon="-119.68078111953"><ele>848.739594987802</ele></trkpt>
<trkpt lat="34.4836550872705" lon="-119.680790576575"><ele>846.16939487502</ele></trkpt>
<trkpt lat="34.4833151172591" lon="-119.680836606071"><ele>841.869071633154</ele></trkpt>
<trkpt lat="34.4832114662382" lon="-119.680873650717"><ele>840.56269650714</ele></trkpt>
<trkpt lat="34.4829747383112" lon="-119.68101555685601"><ele>838.182510785984</ele></trkpt>
<trkpt lat="34.482792080615496" lon="-119.681089744127"><ele>837.754344628957</ele></trkpt>
<trkpt lat="34.4824994345401" lon="-119.68122897619901"><ele>838.544172830316</ele></trkpt>
<trkpt lat="34.4820030309343" lon="-119.681368797325"><ele>839.792176185636</ele></trkpt>
<trkpt lat="34.4817575914101" lon="-119.68141010674098"><ele>839.73640432687</ele></trkpt>
<trkpt lat="34.481223420224794" lon="-119.681469336557"><ele>837.939030885909</ele></trkpt>
<trkpt lat="34.4810846491333" lon="-119.681468313586"><ele>837.159543960025</ele></trkpt>
<trkpt lat="34.4808892045841" lon="-119.681431671751"><ele>835.7954786845</ele></trkpt>
<trkpt lat="34.480611545968095" lon="-119.68142928553598"><ele>833.828803515835</ele></trkpt>
<trkpt lat="34.4804004169467" lon="-119.681406988779"><ele>832.101146672711</ele></trkpt>
<trkpt lat="34.48023075690699" lon="-119.68136650674002"><ele>830.548557504581</ele></trkpt>
<trkpt lat="34.4801826679995" lon="-119.68134460908803"><ele>830.031440876656</ele></trkpt>
<trkpt lat="34.48009048272661" lon="-119.681274051507"><ele>828.84290734433</ele></trkpt>
<trkpt lat="34.4799797287635" lon="-119.681153062347"><ele>827.160233728258</ele></trkpt>
<trkpt lat="34.4798876164414" lon="-119.68107194451198"><ele>825.917711621284</ele></trkpt>
<trkpt lat="34.4798017934496" lon="-119.68102191885698"><ele>824.878619197918</ele></trkpt>
<trkpt lat="34.4796856063232" lon="-119.680978797055"><ele>823.527745894411</ele></trkpt>
<trkpt lat="34.4795851028865" lon="-119.68097550407201"><ele>822.491098843073</ele></trkpt>
<trkpt lat="34.4794510164963" lon="-119.680991749797"><ele>821.275200061417</ele></trkpt>
<trkpt lat="34.4790812301134" lon="-119.681079135394"><ele>817.950905158623</ele></trkpt>
<trkpt lat="34.4789124737603" lon="-119.68108732736802"><ele>816.156382887179</ele></trkpt>
<trkpt lat="34.47881112824779" lon="-119.681064601392"><ele>814.936664924385</ele></trkpt>
<trkpt lat="34.4785318318995" lon="-119.680956248868"><ele>811.397129589316</ele></trkpt>
<trkpt lat="34.4784665679523" lon="-119.68091114752002"><ele>810.49436517043</ele></trkpt>
<trkpt lat="34.4784292785522" lon="-119.680833480424"><ele>809.617462196952</ele></trkpt>
<trkpt lat="34.4784223387891" lon="-119.680730335119"><ele>808.662618741473</ele></trkpt>
<trkpt lat="34.47844738171269" lon="-119.680403662217"><ele>806.210265924088</ele></trkpt>
<trkpt lat="34.4784121572166" lon="-119.68027836838102"><ele>805.477768051617</ele></trkpt>
<trkpt lat="34.478368176453" lon="-119.68023369839004"><ele>805.13213491452</ele></trkpt>
<trkpt lat="34.4782646706594" lon="-119.68019622471601"><ele>804.484619657192</ele></trkpt>
<trkpt lat="34.4781260522634" lon="-119.68018001570302"><ele>803.54892318679</ele></trkpt>
<trkpt lat="34.47805381947549" lon="-119.680142917978"><ele>802.929847235278</ele></trkpt>
<trkpt lat="34.4780074495973" lon="-119.68008875321202"><ele>802.388905081154</ele></trkpt>
<trkpt lat="34.4778593114274" lon="-119.679880820083"><ele>800.428745438652</ele></trkpt>
<trkpt lat="34.4776205749493" lon="-119.679604727931"><ele>797.893513398599</ele></trkpt>
<trkpt lat="34.4775692225215" lon="-119.67955348621803"><ele>797.409970868171</ele></trkpt>
<trkpt lat="34.477500880483" lon="-119.67951211385702"><ele>796.861205543193</ele></trkpt>
<trkpt lat="34.4774124779919" lon="-119.679511249033"><ele>796.235585906712</ele></trkpt>
<trkpt lat="34.4773659633852" lon="-119.67953548807299"><ele>795.890987722665</ele></trkpt>
<trkpt lat="34.4771591604579" lon="-119.679695148682"><ele>794.351342986717</ele></trkpt>
<trkpt lat="34.4770690112804" lon="-119.679726174007"><ele>793.811024359088</ele></trkpt>
<trkpt lat="34.4769832574886" lon="-119.67972601572001"><ele>793.349134562193</ele></trkpt>
<trkpt lat="34.4768994471972" lon="-119.67970900427301"><ele>792.923179890556</ele></trkpt>
<trkpt lat="34.4768220974967" lon="-119.679675502828"><ele>792.512722383961</ele></trkpt>
<trkpt lat="34.4767519698009" lon="-119.679614982905"><ele>792.015758041744</ele></trkpt>
<trkpt lat="34.476660038054" lon="-119.67951232482103"><ele>791.037926567992</ele></trkpt>
<trkpt lat="34.476566428675" lon="-119.67943058511801"><ele>789.896668286029</ele></trkpt>
<trkpt lat="34.4764952597461" lon="-119.67940013645699"><ele>789.104527682338</ele></trkpt>
<trkpt lat="34.4764254643411" lon="-119.679393412011"><ele>788.361874431495</ele></trkpt>
<trkpt lat="34.4763628659361" lon="-119.679409265972"><ele>787.676246244187</ele></trkpt>
<trkpt lat="34.47628327269909" lon="-119.67947420618698"><ele>786.635591354808</ele></trkpt>
<trkpt lat="34.4761941285635" lon="-119.67957719389501"><ele>785.268349278158</ele></trkpt>
<trkpt lat="34.47610250042369" lon="-119.67958890840698"><ele>784.182105158342</ele></trkpt>
<trkpt lat="34.4760196205008" lon="-119.67952625481301"><ele>783.042541227142</ele></trkpt>
<trkpt lat="34.4758314074544" lon="-119.679236708537"><ele>780.065341015141</ele></trkpt>
<trkpt lat="34.4757385188382" lon="-119.67911045561704"><ele>778.954861028331</ele></trkpt>
<trkpt lat="34.475659540682" lon="-119.67902587517703"><ele>778.116803419634</ele></trkpt>
<trkpt lat="34.47556907289871" lon="-119.67895429098002"><ele>777.205669252708</ele></trkpt>
<trkpt lat="34.4754880278176" lon="-119.678912855119"><ele>776.425566409316</ele></trkpt>
<trkpt lat="34.4754000894993" lon="-119.678888610316"><ele>775.612397843342</ele></trkpt>
<trkpt lat="34.4752873363502" lon="-119.678895326652"><ele>774.593474873407</ele></trkpt>
<trkpt lat="34.475207036106504" lon="-119.67895528196503"><ele>773.743407968645</ele></trkpt>
<trkpt lat="34.47514818833561" lon="-119.67904707910702"><ele>772.880365081268</ele></trkpt>
<trkpt lat="34.4749929618241" lon="-119.679372124811"><ele>770.024649216066</ele></trkpt>
<trkpt lat="34.4749228401523" lon="-119.679607886804"><ele>768.173175393808</ele></trkpt>
<trkpt lat="34.4746184017968" lon="-119.68044737196901"><ele>761.183840526032</ele></trkpt>
<trkpt lat="34.474565924972" lon="-119.68054579543802"><ele>760.320086694468</ele></trkpt>
<trkpt lat="34.474451369960505" lon="-119.68067924772105"><ele>758.843429401089</ele></trkpt>
<trkpt lat="34.4744127870593" lon="-119.680737420716"><ele>758.294569311641</ele></trkpt>
<trkpt lat="34.4743728753727" lon="-119.68083450292903"><ele>757.567070309606</ele></trkpt>
<trkpt lat="34.4742977103135" lon="-119.681061612872"><ele>756.241912061465</ele></trkpt>
<trkpt lat="34.4742654231614" lon="-119.681131354103"><ele>755.860480612205</ele></trkpt>
<trkpt lat="34.474202133515" lon="-119.68121618939298"><ele>755.295923206083</ele></trkpt>
<trkpt lat="34.4741474207153" lon="-119.681259641373"><ele>754.857292466365</ele></trkpt>
<trkpt lat="34.4740894988472" lon="-119.68127303118303"><ele>754.41437666267</ele></trkpt>
<trkpt lat="34.4739700539417" lon="-119.681260127258"><ele>753.375831112732</ele></trkpt>
<trkpt lat="34.4738528390205" lon="-119.68122204168102"><ele>752.191460078763</ele></trkpt>
<trkpt lat="34.4737230990473" lon="-119.681157490356"><ele>750.769765933796</ele></trkpt>
<trkpt lat="34.473674544807295" lon="-119.681120485066"><ele>750.201083626133</ele></trkpt>
<trkpt lat="34.4735707705118" lon="-119.68101332811099"><ele>748.926971393159</ele></trkpt>
<trkpt lat="34.4734932490434" lon="-119.68089768070405"><ele>747.876281417293</ele></trkpt>
<trkpt lat="34.4734618675433" lon="-119.68080614232603"><ele>747.237861184047</ele></trkpt>
<trkpt lat="34.4733898404028" lon="-119.680489696425"><ele>745.028973917927</ele></trkpt>
<trkpt lat="34.473338881020894" lon="-119.68032804118805"><ele>743.77182361737</ele></trkpt>
<trkpt lat="34.4731771795515" lon="-119.67999199527503"><ele>740.80320509655</ele></trkpt>
<trkpt lat="34.47310406305251" lon="-119.67988456486604"><ele>739.719008988794</ele></trkpt>
<trkpt lat="34.4729680239633" lon="-119.679728858631"><ele>737.887716981726</ele></trkpt>
<trkpt lat="34.4726822730383" lon="-119.67944843262"><ele>734.070902988476</ele></trkpt>
<trkpt lat="34.4725921009131" lon="-119.679314037613"><ele>732.545905496363</ele></trkpt>
<trkpt lat="34.4725637332429" lon="-119.67921835192202"><ele>731.628558067669</ele></trkpt>
<trkpt lat="34.4725320516494" lon="-119.67892205292"><ele>728.916193220117</ele></trkpt>
<trkpt lat="34.4724918960071" lon="-119.678699973524"><ele>726.926007440139</ele></trkpt>
<trkpt lat="34.47243263008299" lon="-119.67853683842301"><ele>725.206340692806</ele></trkpt>
<trkpt lat="34.472371925838395" lon="-119.678422453509"><ele>724.001480722205</ele></trkpt>
<trkpt lat="34.4723096055048" lon="-119.678327961448"><ele>722.913664148061</ele></trkpt>
<trkpt lat="34.472259595462" lon="-119.67828361861201"><ele>722.206805641278</ele></trkpt>
<trkpt lat="34.4721258167788" lon="-119.67822318961099"><ele>720.587138915212</ele></trkpt>
<trkpt lat="34.4719915499926" lon="-119.67819079908199"><ele>719.090690212639</ele></trkpt>
<trkpt lat="34.4717374104373" lon="-119.67817470461702"><ele>716.504587788489</ele></trkpt>
<trkpt lat="34.4715799317678" lon="-119.67817116580603"><ele>715.085789496847</ele></trkpt>
<trkpt lat="34.4715027873888" lon="-119.67818498077003"><ele>714.352528794356</ele></trkpt>
<trkpt lat="34.4714063717212" lon="-119.67824747093802"><ele>713.265492813802</ele></trkpt>
<trkpt lat="34.4713354294764" lon="-119.678347957543"><ele>712.163927726776</ele></trkpt>
<trkpt lat="34.4712625247847" lon="-119.67849202421199"><ele>710.781311098257</ele></trkpt>
<trkpt lat="34.4711096950411" lon="-119.67893845916798"><ele>706.941773056235</ele></trkpt>
<trkpt lat="34.47096964277879" lon="-119.679259988839"><ele>703.944605486496</ele></trkpt>
<trkpt lat="34.4708227570378" lon="-119.679563892761"><ele>701.170350455626</ele></trkpt>
<trkpt lat="34.4707276726992" lon="-119.679708329308"><ele>699.566260522176</ele></trkpt>
<trkpt lat="34.470621891973" lon="-119.679845332732"><ele>698.146346208558</ele></trkpt>
<trkpt lat="34.4705497846798" lon="-119.67988984200105"><ele>697.40037381561</ele></trkpt>
<trkpt lat="34.4704432297616" lon="-119.67988882392197"><ele>696.364100653485</ele></trkpt>
<trkpt lat="34.4703434433448" lon="-119.67982353751503"><ele>695.22860807898</ele></trkpt>
<trkpt lat="34.4702031744869" lon="-119.679649094272"><ele>693.203019376625</ele></trkpt>
<trkpt lat="34.4701293379285" lon="-119.679516198966"><ele>691.8815194105</ele></trkpt>
<trkpt lat="34.4701073888268" lon="-119.679448873323"><ele>691.277326212735</ele></trkpt>
<trkpt lat="34.4701127748094" lon="-119.679346328475"><ele>690.379016997447</ele></trkpt>
<trkpt lat="34.47016890683841" lon="-119.679250617111"><ele>689.292338651733</ele></trkpt>
<trkpt lat="34.4702354031966" lon="-119.67921875666102"><ele>688.47744598964</ele></trkpt>
<trkpt lat="34.4703008257665" lon="-119.67921395840001"><ele>687.744467710763</ele></trkpt>
<trkpt lat="34.4704745567667" lon="-119.67922417646398"><ele>685.893073155887</ele></trkpt>
<trkpt lat="34.4705688215833" lon="-119.67919679762399"><ele>684.899432219234</ele></trkpt>
<trkpt lat="34.470619229231" lon="-119.67915841662702"><ele>684.301012958497</ele></trkpt>
<trkpt lat="34.4706683209757" lon="-119.67909398350703"><ele>683.574692630489</ele></trkpt>
<trkpt lat="34.47069562547351" lon="-119.67902593572202"><ele>682.945285291672</ele></trkpt>
<trkpt lat="34.4707040813238" lon="-119.678880720329"><ele>681.717852642437</ele></trkpt>
<trkpt lat="34.4706601634434" lon="-119.678684825352"><ele>680.045356720235</ele></trkpt>
<trkpt lat="34.470542290896" lon="-119.67838116949498"><ele>677.289358062172</ele></trkpt>
<trkpt lat="34.4705035261066" lon="-119.67821478166199"><ele>675.751741441527</ele></trkpt>
<trkpt lat="34.47051408502201" lon="-119.67805409713203"><ele>674.343388507683</ele></trkpt>
<trkpt lat="34.4704973208062" lon="-119.677900134624"><ele>673.052961910728</ele></trkpt>
<trkpt lat="34.470471209166" lon="-119.67785011059601"><ele>672.571916338943</ele></trkpt>
<trkpt lat="34.4704057698331" lon="-119.677801896647"><ele>671.827314475666</ele></trkpt>
<trkpt lat="34.4702818197495" lon="-119.67780331061402"><ele>670.65429995686</ele></trkpt>
<trkpt lat="34.4701931270167" lon="-119.67783412107102"><ele>669.814743673333</ele></trkpt>
<trkpt lat="34.470038318004306" lon="-119.67791608997702"><ele>668.287207645711</ele></trkpt>
<trkpt lat="34.4699533798894" lon="-119.677934733767"><ele>667.451914323444</ele></trkpt>
<trkpt lat="34.4698829558681" lon="-119.67791749257003"><ele>666.720802837141</ele></trkpt>
<trkpt lat="34.4697852024574" lon="-119.677843609927"><ele>665.516505397288</ele></trkpt>
<trkpt lat="34.4697462499742" lon="-119.67778535245202"><ele>664.881896427191</ele></trkpt>
<trkpt lat="34.46963277703751" lon="-119.677578807797"><ele>662.875186353478</ele></trkpt>
<trkpt lat="34.4695435727603" lon="-119.677488356771"><ele>661.748564798358</ele></trkpt>
<trkpt lat="34.4694317230368" lon="-119.67746116432501"><ele>660.613552719946</ele></trkpt>
<trkpt lat="34.4691697920755" lon="-119.677479788844"><ele>657.921970461851</ele></trkpt>
<trkpt lat="34.46909073165519" lon="-119.677474556606"><ele>657.085662828022</ele></trkpt>
<trkpt lat="34.4689974473836" lon="-119.67743514916098"><ele>656.024312775405</ele></trkpt>
<trkpt lat="34.4688204075843" lon="-119.677321687112"><ele>653.901903814522</ele></trkpt>
<trkpt lat="34.4687282095679" lon="-119.677273133907"><ele>652.890116877863</ele></trkpt>
<trkpt lat="34.4683326174215" lon="-119.677150530851"><ele>649.109624388393</ele></trkpt>
<trkpt lat="34.46811271377619" lon="-119.67707079061398"><ele>647.30651906905</ele></trkpt>
<trkpt lat="34.4678310177239" lon="-119.67690821740102"><ele>644.621932947807</ele></trkpt>
<trkpt lat="34.4677471349582" lon="-119.67681299657599"><ele>643.022970516046</ele></trkpt>
<trkpt lat="34.4677166666994" lon="-119.676737486596"><ele>642.003433018994</ele></trkpt>
<trkpt lat="34.4677038347573" lon="-119.67662325958801"><ele>640.733957737471</ele></trkpt>
<trkpt lat="34.4677136447049" lon="-119.676472903407"><ele>639.373500963405</ele></trkpt>
<trkpt lat="34.4677958341575" lon="-119.675666847748"><ele>633.472337705629</ele></trkpt>
<trkpt lat="34.4678139791018" lon="-119.67558697833402"><ele>632.887436911656</ele></trkpt>
<trkpt lat="34.4678766608242" lon="-119.67549170076701"><ele>631.947598790709</ele></trkpt>
<trkpt lat="34.4679617768067" lon="-119.675423962064"><ele>630.991920157795</ele></trkpt>
<trkpt lat="34.4681609875614" lon="-119.67531850365599"><ele>628.993109090868</ele></trkpt>
<trkpt lat="34.4682237639988" lon="-119.675277606763"><ele>628.331215167023</ele></trkpt>
<trkpt lat="34.4684068184397" lon="-119.67509046928801"><ele>626.149864580016</ele></trkpt>
<trkpt lat="34.4685164297687" lon="-119.67501283556001"><ele>625.03007546615</ele></trkpt>
<trkpt lat="34.468750008865506" lon="-119.674910107252"><ele>622.889232412279</ele></trkpt>
<trkpt lat="34.468995603797104" lon="-119.67481323224702"><ele>620.838728794962</ele></trkpt>
<trkpt lat="34.4691406160036" lon="-119.67474608355299"><ele>619.872445117366</ele></trkpt>
<trkpt lat="34.4691955229477" lon="-119.67468619146602"><ele>619.479872769097</ele></trkpt>
<trkpt lat="34.4692169207233" lon="-119.674592593044"><ele>619.075353025284</ele></trkpt>
<trkpt lat="34.46918809749231" lon="-119.67443243904505"><ele>618.338548032384</ele></trkpt>
<trkpt lat="34.4691382037613" lon="-119.67431069473699"><ele>617.556723347003</ele></trkpt>
<trkpt lat="34.4690876932375" lon="-119.674217730193"><ele>616.798828700552</ele></trkpt>
<trkpt lat="34.4690269823105" lon="-119.67413247458104"><ele>615.968812339559</ele></trkpt>
<trkpt lat="34.468850102159294" lon="-119.67395897292502"><ele>613.886826634843</ele></trkpt>
<trkpt lat="34.4686689128702" lon="-119.673747404453"><ele>611.53325832602</ele></trkpt>
<trkpt lat="34.4685388470004" lon="-119.67354619356003"><ele>609.777948396505</ele></trkpt>
<trkpt lat="34.4683475503127" lon="-119.673171810342"><ele>606.962134924542</ele></trkpt>
<trkpt lat="34.468267497682" lon="-119.6729796933"><ele>605.601233303773</ele></trkpt>
<trkpt lat="34.4682396713125" lon="-119.672890172644"><ele>604.971399380168</ele></trkpt>
<trkpt lat="34.4681672177051" lon="-119.67258111132998"><ele>602.77453851122</ele></trkpt>
<trkpt lat="34.468136609388" lon="-119.67250376835801"><ele>602.15815613513</ele></trkpt>
<trkpt lat="34.4680772873984" lon="-119.67242233967997"><ele>601.333185495452</ele></trkpt>
<trkpt lat="34.4680258999436" lon="-119.672378347643"><ele>600.727601377144</ele></trkpt>
<trkpt lat="34.467902943878" lon="-119.67230784045601"><ele>599.392216232594</ele></trkpt>
<trkpt lat="34.4678353270948" lon="-119.67228340804101"><ele>598.724368265179</ele></trkpt>
<trkpt lat="34.4675947610008" lon="-119.672226266111"><ele>596.61659856364</ele></trkpt>
<trkpt lat="34.46751546336159" lon="-119.67219362154"><ele>595.910895661115</ele></trkpt>
<trkpt lat="34.4674400869497" lon="-119.67213430368204"><ele>595.118937837944</ele></trkpt>
<trkpt lat="34.467392799934295" lon="-119.67203742711601"><ele>594.268686859326</ele></trkpt>
<trkpt lat="34.4672846060866" lon="-119.67155589001699"><ele>590.985004762904</ele></trkpt>
<trkpt lat="34.4672226765389" lon="-119.67136939207101"><ele>590.195271170532</ele></trkpt>
<trkpt lat="34.46720708970451" lon="-119.671256174787"><ele>589.867308884542</ele></trkpt>
<trkpt lat="34.4672329422558" lon="-119.67109122778503"><ele>589.493068945604</ele></trkpt>
<trkpt lat="34.4672827780861" lon="-119.67096208043901"><ele>589.24685137909</ele></trkpt>
<trkpt lat="34.4673532765945" lon="-119.67086340906803"><ele>589.047068304179</ele></trkpt>
<trkpt lat="34.4675093166427" lon="-119.670727788168"><ele>588.741608670562</ele></trkpt>
<trkpt lat="34.4675782426687" lon="-119.670648405774"><ele>588.607142380157</ele></trkpt>
<trkpt lat="34.4676190835961" lon="-119.670566221676"><ele>588.478662375617</ele></trkpt>
<trkpt lat="34.4676550733904" lon="-119.670448528051"><ele>588.263039177054</ele></trkpt>
<trkpt lat="34.4676686319552" lon="-119.67025479131601"><ele>587.855937421995</ele></trkpt>
<trkpt lat="34.46766016953891" lon="-119.66972598298499"><ele>586.830939189933</ele></trkpt>
<trkpt lat="34.4676577275358" lon="-119.66931227598899"><ele>586.285674332105</ele></trkpt>
<trkpt lat="34.467631869473195" lon="-119.66920706264601"><ele>585.990182552697</ele></trkpt>
<trkpt lat="34.4675652390842" lon="-119.669157595264"><ele>585.561434502035</ele></trkpt>
<trkpt lat="34.4675040879109" lon="-119.669186172252"><ele>585.070534121639</ele></trkpt>
<trkpt lat="34.4674743985986" lon="-119.669270946202"><ele>584.402078278631</ele></trkpt>
<trkpt lat="34.4674688970355" lon="-119.66935592557199"><ele>583.74279688001</ele></trkpt>
<trkpt lat="34.467459552958" lon="-119.66991174507702"><ele>579.371537002525</ele></trkpt>
<trkpt lat="34.4674381364755" lon="-119.670225466284"><ele>577.575526368273</ele></trkpt>
<trkpt lat="34.4674059184007" lon="-119.67039720721203"><ele>576.586486985083</ele></trkpt>
<trkpt lat="34.4673379137477" lon="-119.670516708239"><ele>575.630827367157</ele></trkpt>
<trkpt lat="34.4672774908104" lon="-119.67056521520898"><ele>575.006920760039</ele></trkpt>
<trkpt lat="34.467141342461" lon="-119.670651984804"><ele>573.630478450203</ele></trkpt>
<trkpt lat="34.467082588316" lon="-119.67072202783798"><ele>572.892981433124</ele></trkpt>
<trkpt lat="34.467016457850406" lon="-119.670846019801"><ele>571.805221343788</ele></trkpt>
<trkpt lat="34.466990989686295" lon="-119.67092506329"><ele>571.179016859939</ele></trkpt>
<trkpt lat="34.4669523652384" lon="-119.671100608409"><ele>569.866700263212</ele></trkpt>
<trkpt lat="34.4669090066205" lon="-119.67134341959402"><ele>568.214646323534</ele></trkpt>
<trkpt lat="34.466918300923396" lon="-119.67146295658401"><ele>567.414637439048</ele></trkpt>
<trkpt lat="34.4669994298098" lon="-119.67172097902899"><ele>565.466759607029</ele></trkpt>
<trkpt lat="34.46700846823539" lon="-119.671848264724"><ele>564.536916090467</ele></trkpt>
<trkpt lat="34.4669844453871" lon="-119.671987864984"><ele>563.499043646464</ele></trkpt>
<trkpt lat="34.466913810082" lon="-119.67214561943703"><ele>562.178336183081</ele></trkpt>
<trkpt lat="34.466878414037" lon="-119.67228307242702"><ele>561.064643984072</ele></trkpt>
<trkpt lat="34.46688021401349" lon="-119.672360679447"><ele>560.450072823151</ele></trkpt>
<trkpt lat="34.4668998668224" lon="-119.67244621582202"><ele>559.746183710491</ele></trkpt>
<trkpt lat="34.4669624585053" lon="-119.67262741821203"><ele>558.208030579184</ele></trkpt>
<trkpt lat="34.4669897881949" lon="-119.672680406196"><ele>557.72295808559</ele></trkpt>
<trkpt lat="34.4670610420091" lon="-119.67276799960402"><ele>556.773227411873</ele></trkpt>
<trkpt lat="34.4672087512472" lon="-119.67289696948698"><ele>555.074578017841</ele></trkpt>
<trkpt lat="34.4672405031017" lon="-119.672938687704"><ele>554.623296140957</ele></trkpt>
<trkpt lat="34.4672637883481" lon="-119.673011198943"><ele>553.980691658643</ele></trkpt>
<trkpt lat="34.46725958813549" lon="-119.673068161576"><ele>553.492406810008</ele></trkpt>
<trkpt lat="34.467217543939306" lon="-119.67314602846801"><ele>552.659440051383</ele></trkpt>
<trkpt lat="34.4671669276981" lon="-119.673188564696"><ele>551.977990201535</ele></trkpt>
<trkpt lat="34.4669973934729" lon="-119.67329780944503"><ele>549.934180239071</ele></trkpt>
<trkpt lat="34.4669166955982" lon="-119.67338366129805"><ele>548.949060305566</ele></trkpt>
<trkpt lat="34.4667994461197" lon="-119.67357628960201"><ele>547.476693392739</ele></trkpt>
<trkpt lat="34.4667540640872" lon="-119.67362810799303"><ele>547.033412354496</ele></trkpt>
<trkpt lat="34.4666686286933" lon="-119.673643655571"><ele>546.352486040436</ele></trkpt>
<trkpt lat="34.46659650150801" lon="-119.67358868186199"><ele>545.614137156704</ele></trkpt>
<trkpt lat="34.466551600781" lon="-119.673522354284"><ele>544.959237954079</ele></trkpt>
<trkpt lat="34.4662916271691" lon="-119.672912643062"><ele>539.484468427064</ele></trkpt>
<trkpt lat="34.466103084515694" lon="-119.67236119128003"><ele>535.738216805133</ele></trkpt>
<trkpt lat="34.46604858484671" lon="-119.67224409631001"><ele>534.847949290381</ele></trkpt>
<trkpt lat="34.4659579634158" lon="-119.67215699384805"><ele>533.745628472385</ele></trkpt>
<trkpt lat="34.4658733391746" lon="-119.672143645167"><ele>532.863886122222</ele></trkpt>
<trkpt lat="34.4658129339152" lon="-119.67216476771199"><ele>532.216861391552</ele></trkpt>
<trkpt lat="34.4656818754362" lon="-119.672273689579"><ele>530.666075536669</ele></trkpt>
<trkpt lat="34.4655987628753" lon="-119.67240062371305"><ele>529.430725859111</ele></trkpt>
<trkpt lat="34.4655650373168" lon="-119.672492165215"><ele>528.69548254651</ele></trkpt>
<trkpt lat="34.4655387918212" lon="-119.672679318979"><ele>527.37391680356</ele></trkpt>
<trkpt lat="34.4655090915066" lon="-119.673294195289"><ele>523.231856942296</ele></trkpt>
<trkpt lat="34.4654887182336" lon="-119.67350949080799"><ele>521.978530074587</ele></trkpt>
<trkpt lat="34.465456936829" lon="-119.67360809109398"><ele>521.349530059057</ele></trkpt>
<trkpt lat="34.4653560143016" lon="-119.67375220877899"><ele>520.168941384963</ele></trkpt>
<trkpt lat="34.4651494727119" lon="-119.673986565622"><ele>517.749388157558</ele></trkpt>
<trkpt lat="34.4650778606182" lon="-119.674045650453"><ele>517.111888550296</ele></trkpt>
<trkpt lat="34.4649798104383" lon="-119.67407958046101"><ele>516.265090819592</ele></trkpt>
<trkpt lat="34.4649220633198" lon="-119.674073658393"><ele>515.749753487871</ele></trkpt>
<trkpt lat="34.4648411948391" lon="-119.67403610086804"><ele>514.948223369903</ele></trkpt>
<trkpt lat="34.46470733536499" lon="-119.67393884720103"><ele>513.424382190428</ele></trkpt>
<trkpt lat="34.464649455361695" lon="-119.67391615356401"><ele>512.805030993928</ele></trkpt>
<trkpt lat="34.4645845786803" lon="-119.67392696495799"><ele>512.131406434075</ele></trkpt>
<trkpt lat="34.4645482865238" lon="-119.67397441335703"><ele>511.594619016423</ele></trkpt>
<trkpt lat="34.4645406464537" lon="-119.674046889998"><ele>511.030446305659</ele></trkpt>
<trkpt lat="34.4645602861011" lon="-119.67413483045202"><ele>510.413604639775</ele></trkpt>
<trkpt lat="34.4647858316189" lon="-119.67464466457997"><ele>507.255292188271</ele></trkpt>
<trkpt lat="34.4648251922422" lon="-119.674751846084"><ele>506.644930979246</ele></trkpt>
<trkpt lat="34.4648709835185" lon="-119.674976779123"><ele>505.208436559244</ele></trkpt>
<trkpt lat="34.464872003079" lon="-119.675048840015"><ele>504.702820461688</ele></trkpt>
<trkpt lat="34.464847142132" lon="-119.67517821005504"><ele>503.703876864325</ele></trkpt>
<trkpt lat="34.4647786680119" lon="-119.675303758914"><ele>502.518888226959</ele></trkpt>
<trkpt lat="34.4646305995471" lon="-119.67543229321498"><ele>500.858387694697</ele></trkpt>
<trkpt lat="34.4644809824601" lon="-119.675542214861"><ele>499.236718520381</ele></trkpt>
<trkpt lat="34.464390883212104" lon="-119.675622958705"><ele>498.213097194036</ele></trkpt>
<trkpt lat="34.46430678484711" lon="-119.67572363843702"><ele>497.062023392112</ele></trkpt>
<trkpt lat="34.4642401854736" lon="-119.67582692042002"><ele>495.965010900817</ele></trkpt>
<trkpt lat="34.464211393103696" lon="-119.67589535104501"><ele>495.341109723828</ele></trkpt>
<trkpt lat="34.4641712029699" lon="-119.67604473909005"><ele>494.114350297249</ele></trkpt>
<trkpt lat="34.4641112348241" lon="-119.676414317759"><ele>491.044816784813</ele></trkpt>
<trkpt lat="34.4640938929692" lon="-119.676486735538"><ele>490.447425973253</ele></trkpt>
<trkpt lat="34.4640395243684" lon="-119.67660276132504"><ele>489.338333510662</ele></trkpt>
<trkpt lat="34.4639846952387" lon="-119.67668145975404"><ele>488.496461303914</ele></trkpt>
<trkpt lat="34.463937084217406" lon="-119.676723581812"><ele>487.945320011942</ele></trkpt>
<trkpt lat="34.4638632615576" lon="-119.676754827648"><ele>487.260220218988</ele></trkpt>
<trkpt lat="34.4637894343093" lon="-119.67676516630301"><ele>486.657813524623</ele></trkpt>
<trkpt lat="34.4635999671865" lon="-119.67674793917304"><ele>485.294766290444</ele></trkpt>
<trkpt lat="34.4633802503857" lon="-119.67670420668297"><ele>483.935356581294</ele></trkpt>
<trkpt lat="34.4633015689172" lon="-119.676707437962"><ele>483.448626486625</ele></trkpt>
<trkpt lat="34.463243564046" lon="-119.67674531759602"><ele>483.008606370618</ele></trkpt>
<trkpt lat="34.4631633515719" lon="-119.67686731248"><ele>482.11194904582</ele></trkpt>
<trkpt lat="34.4631137801758" lon="-119.676920640356"><ele>481.653115905404</ele></trkpt>
<trkpt lat="34.4630551164054" lon="-119.676952257471"><ele>481.222603803975</ele></trkpt>
<trkpt lat="34.4628870313281" lon="-119.67695351887498"><ele>480.167703914781</ele></trkpt>
<trkpt lat="34.4628086269006" lon="-119.67692825786303"><ele>479.692932661441</ele></trkpt>
<trkpt lat="34.4625472276147" lon="-119.67675441231003"><ele>478.147962370612</ele></trkpt>
<trkpt lat="34.4624327871935" lon="-119.67670070366002"><ele>477.51146348003</ele></trkpt>
<trkpt lat="34.4623274193971" lon="-119.67667310217101"><ele>476.888220231029</ele></trkpt>
<trkpt lat="34.4622422243096" lon="-119.676679765916"><ele>476.345083275586</ele></trkpt>
<trkpt lat="34.4621627173359" lon="-119.676742862036"><ele>475.70615316207</ele></trkpt>
<trkpt lat="34.462048830631495" lon="-119.676925856785"><ele>474.556165095736</ele></trkpt>
<trkpt lat="34.4619712824297" lon="-119.67701982302"><ele>474.030985407907</ele></trkpt>
<trkpt lat="34.4618959455137" lon="-119.67709313694"><ele>473.633837682184</ele></trkpt>
<trkpt lat="34.4617188505257" lon="-119.67722938112703"><ele>472.847486006967</ele></trkpt>
<trkpt lat="34.461077152059595" lon="-119.67758703905803"><ele>470.467562593098</ele></trkpt>
<trkpt lat="34.4609298832386" lon="-119.67764602737202"><ele>469.963998576779</ele></trkpt>
<trkpt lat="34.4607204160483" lon="-119.67766766783501"><ele>469.166573679284</ele></trkpt>
<trkpt lat="34.4606489311096" lon="-119.67768394527303"><ele>468.85354214222</ele></trkpt>
<trkpt lat="34.4605766691866" lon="-119.67772050434603"><ele>468.513252303774</ele></trkpt>
<trkpt lat="34.4605020251527" lon="-119.67783403860399"><ele>468.042272531051</ele></trkpt>
<trkpt lat="34.4604573625444" lon="-119.677982872953"><ele>467.632699253508</ele></trkpt>
<trkpt lat="34.4604570602669" lon="-119.678057217745"><ele>467.454524607908</ele></trkpt>
<trkpt lat="34.4604897439952" lon="-119.67816377236399"><ele>467.122477268006</ele></trkpt>
<trkpt lat="34.46053217799489" lon="-119.678227651392"><ele>466.7937921163</ele></trkpt>
<trkpt lat="34.4606106723401" lon="-119.678299030182"><ele>466.176397801956</ele></trkpt>
<trkpt lat="34.4607105310394" lon="-119.678354260232"><ele>465.449086375893</ele></trkpt>
<trkpt lat="34.4610746898863" lon="-119.67849130898699"><ele>463.623632260479</ele></trkpt>
<trkpt lat="34.46141581196339" lon="-119.67860896074302"><ele>460.889658706579</ele></trkpt>
<trkpt lat="34.46157879079951" lon="-119.67871912024599"><ele>459.29871522817</ele></trkpt>
<trkpt lat="34.4616937902571" lon="-119.678869267245"><ele>457.892360472428</ele></trkpt>
<trkpt lat="34.4617275232821" lon="-119.67895508722002"><ele>457.249478795401</ele></trkpt>
<trkpt lat="34.461742117115" lon="-119.67905172981"><ele>456.58574677026</ele></trkpt>
<trkpt lat="34.4617625071349" lon="-119.67936929923403"><ele>454.466966067846</ele></trkpt>
<trkpt lat="34.461789035186506" lon="-119.67951395067901"><ele>453.544978110004</ele></trkpt>
<trkpt lat="34.4618316977318" lon="-119.679608046279"><ele>452.872726714311</ele></trkpt>
<trkpt lat="34.46187060932" lon="-119.679660761043"><ele>452.408428172452</ele></trkpt>
<trkpt lat="34.4619685113681" lon="-119.679737976498"><ele>451.355711519829</ele></trkpt>
<trkpt lat="34.4620714279138" lon="-119.67976579958399"><ele>450.244843960911</ele></trkpt>
<trkpt lat="34.462467409013996" lon="-119.67974143939898"><ele>445.825427207369</ele></trkpt>
<trkpt lat="34.4626647621908" lon="-119.67974972042002"><ele>444.158992715601</ele></trkpt>
<trkpt lat="34.4627406197796" lon="-119.67976346920301"><ele>443.524410921591</ele></trkpt>
<trkpt lat="34.462868507266" lon="-119.67980590736603"><ele>442.345436657647</ele></trkpt>
<trkpt lat="34.4629773647349" lon="-119.67986315933999"><ele>441.240923839907</ele></trkpt>
<trkpt lat="34.4630322687732" lon="-119.679908400955"><ele>440.632511108925</ele></trkpt>
<trkpt lat="34.4630814328837" lon="-119.679975725302"><ele>439.977821144502</ele></trkpt>
<trkpt lat="34.4630936726663" lon="-119.680021271325"><ele>439.647853996704</ele></trkpt>
<trkpt lat="34.4630865455329" lon="-119.68011871714903"><ele>439.016703087393</ele></trkpt>
<trkpt lat="34.4630658671249" lon="-119.680177523931"><ele>438.641409960254</ele></trkpt>
<trkpt lat="34.463011328172996" lon="-119.680265139916"><ele>438.056189301452</ele></trkpt>
<trkpt lat="34.46270324710311" lon="-119.68065990121401"><ele>435.225685003814</ele></trkpt>
<trkpt lat="34.4626330991677" lon="-119.680791397277"><ele>434.273609728457</ele></trkpt>
<trkpt lat="34.4626185756835" lon="-119.680859996462"><ele>433.791412638713</ele></trkpt>
<trkpt lat="34.4626193834045" lon="-119.68099888259401"><ele>432.787204433126</ele></trkpt>
<trkpt lat="34.4626531058801" lon="-119.68124397652703"><ele>430.943626450005</ele></trkpt>
<trkpt lat="34.4626513931964" lon="-119.68137049519902"><ele>430.014952281762</ele></trkpt>
<trkpt lat="34.4626327377515" lon="-119.68149441083601"><ele>429.123288386775</ele></trkpt>
<trkpt lat="34.4625868293706" lon="-119.68167987549"><ele>427.838858166797</ele></trkpt>
<trkpt lat="34.4625375448656" lon="-119.68178805766601"><ele>427.107951231312</ele></trkpt>
<trkpt lat="34.4624876763631" lon="-119.68185624596299"><ele>426.610734842083</ele></trkpt>
<trkpt lat="34.4623841051026" lon="-119.681936355571"><ele>425.82191321447</ele></trkpt>
<trkpt lat="34.4622292715493" lon="-119.682018517767"><ele>424.721150020329</ele></trkpt>
<trkpt lat="34.4619894550424" lon="-119.68211158085198"><ele>423.094750491349</ele></trkpt>
<trkpt lat="34.4619453104186" lon="-119.682137733045"><ele>422.765028856869</ele></trkpt>
<trkpt lat="34.4618860396197" lon="-119.68220373079998"><ele>422.229293158544</ele></trkpt>
<trkpt lat="34.4617936288866" lon="-119.68235299707098"><ele>421.250304444885</ele></trkpt>
<trkpt lat="34.4616281960612" lon="-119.68259148867902"><ele>419.632846381471</ele></trkpt>
<trkpt lat="34.4612414167814" lon="-119.683038755139"><ele>416.448671698343</ele></trkpt>
<trkpt lat="34.46107362224179" lon="-119.68326324243102"><ele>414.837875494269</ele></trkpt>
<trkpt lat="34.4610031174412" lon="-119.68340210037599"><ele>414.009749294615</ele></trkpt>
<trkpt lat="34.4609675626749" lon="-119.68351174492798"><ele>413.433537733066</ele></trkpt>
<trkpt lat="34.4609629784059" lon="-119.683570203466"><ele>413.156394061511</ele></trkpt>
<trkpt lat="34.4609847241725" lon="-119.683663745299"><ele>412.718449534789</ele></trkpt>
<trkpt lat="34.4610235482367" lon="-119.68372626069502"><ele>412.389502906065</ele></trkpt>
<trkpt lat="34.4611053567214" lon="-119.68380154346701"><ele>411.886718075456</ele></trkpt>
<trkpt lat="34.461295434775" lon="-119.68392736695802"><ele>410.852364603384</ele></trkpt>
<trkpt lat="34.4613818933872" lon="-119.68400434048"><ele>410.317961290366</ele></trkpt>
<trkpt lat="34.4614179769705" lon="-119.68407015288702"><ele>409.96943780646</ele></trkpt>
<trkpt lat="34.4614336601606" lon="-119.684186458754"><ele>409.389481190178</ele></trkpt>
<trkpt lat="34.4613887148815" lon="-119.684337179531"><ele>408.447596006324</ele></trkpt>
<trkpt lat="34.4612924647883" lon="-119.68451220168498"><ele>406.962777155746</ele></trkpt>
<trkpt lat="34.4612271870076" lon="-119.68469318526903"><ele>405.459854988427</ele></trkpt>
<trkpt lat="34.4611982213507" lon="-119.68482807347502"><ele>404.449203621711</ele></trkpt>
<trkpt lat="34.4611702526935" lon="-119.68505086490502"><ele>402.920005220509</ele></trkpt>
<trkpt lat="34.4610845170346" lon="-119.68531145702897"><ele>400.892540689525</ele></trkpt>
<trkpt lat="34.4610670551091" lon="-119.68540022611901"><ele>400.197418988463</ele></trkpt>
<trkpt lat="34.4610731010181" lon="-119.685489765102"><ele>399.514183774516</ele></trkpt>
<trkpt lat="34.461136177491" lon="-119.68557711620402"><ele>398.66899168373</ele></trkpt>
<trkpt lat="34.4612263523831" lon="-119.685629210847"><ele>397.898009712524</ele></trkpt>
<trkpt lat="34.4616075549392" lon="-119.68580233695104"><ele>395.243378041569</ele></trkpt>
<trkpt lat="34.4616810340951" lon="-119.685856645946"><ele>394.628663129247</ele></trkpt>
<trkpt lat="34.461724506017" lon="-119.68593230002598"><ele>394.028242038655</ele></trkpt>
<trkpt lat="34.4617369507503" lon="-119.686010264572"><ele>393.484185651794</ele></trkpt>
<trkpt lat="34.461718719675" lon="-119.68615652176105"><ele>392.453004315213</ele></trkpt>
<trkpt lat="34.46169210529611" lon="-119.686236313825"><ele>391.890242122242</ele></trkpt>
<trkpt lat="34.4615973442267" lon="-119.686416916554"><ele>390.664178230285</ele></trkpt>
<trkpt lat="34.46141452123911" lon="-119.686700408055"><ele>388.92954821583</ele></trkpt>
<trkpt lat="34.4613806060784" lon="-119.68680140930599"><ele>388.437168317697</ele></trkpt>
<trkpt lat="34.4614027445598" lon="-119.68691130996501"><ele>387.878900197178</ele></trkpt>
<trkpt lat="34.4614703162044" lon="-119.687017631129"><ele>387.182628635197</ele></trkpt>
<trkpt lat="34.4615398976966" lon="-119.68709805872302"><ele>386.514312556557</ele></trkpt>
<trkpt lat="34.4617747750569" lon="-119.68732816227498"><ele>384.094140906025</ele></trkpt>
<trkpt lat="34.4618201994855" lon="-119.68739234805898"><ele>383.499017904153</ele></trkpt>
<trkpt lat="34.461844749066" lon="-119.68751907454"><ele>382.575795689911</ele></trkpt>
<trkpt lat="34.4618256124752" lon="-119.687596787197"><ele>382.06472543144</ele></trkpt>
<trkpt lat="34.4617927669818" lon="-119.68764951188902"><ele>381.694579109156</ele></trkpt>
<trkpt lat="34.461720851345895" lon="-119.68771697400202"><ele>381.164676342011</ele></trkpt>
<trkpt lat="34.4616547785996" lon="-119.68776050787902"><ele>380.786949530997</ele></trkpt>
<trkpt lat="34.461431259932" lon="-119.68784134200803"><ele>379.611743278331</ele></trkpt>
<trkpt lat="34.4613707790736" lon="-119.68787175725801"><ele>379.183461992879</ele></trkpt>
<trkpt lat="34.461276898589894" lon="-119.68796719430101"><ele>378.220540833297</ele></trkpt>
<trkpt lat="34.46119595891069" lon="-119.688100319527"><ele>377.068021286857</ele></trkpt>
<trkpt lat="34.4611264938307" lon="-119.68818516144401"><ele>376.298130759637</ele></trkpt>
<trkpt lat="34.4609971114749" lon="-119.68825776935499"><ele>375.331368149646</ele></trkpt>
<trkpt lat="34.4607095321517" lon="-119.68833945115499"><ele>373.43604004149</ele></trkpt>
<trkpt lat="34.4605951347449" lon="-119.688352666428"><ele>372.562490674223</ele></trkpt>
<trkpt lat="34.460480703225194" lon="-119.68831762737103"><ele>371.571812929122</ele></trkpt>
<trkpt lat="34.4604061250653" lon="-119.688270626826"><ele>370.834935930188</ele></trkpt>
<trkpt lat="34.4602773398404" lon="-119.688140817718"><ele>369.330304036634</ele></trkpt>
<trkpt lat="34.4601794190202" lon="-119.6880755646"><ele>368.264435412872</ele></trkpt>
<trkpt lat="34.4600709480067" lon="-119.688076595985"><ele>367.139448573394</ele></trkpt>
<trkpt lat="34.4599737166979" lon="-119.688144799706"><ele>365.827943820844</ele></trkpt>
<trkpt lat="34.4598691089506" lon="-119.68828346682503"><ele>363.7961772382</ele></trkpt>
<trkpt lat="34.45975845883131" lon="-119.688352223092"><ele>362.152752915179</ele></trkpt>
<trkpt lat="34.4596579234676" lon="-119.688370426986"><ele>360.956080522969</ele></trkpt>
<trkpt lat="34.4591070258876" lon="-119.68838719514399"><ele>355.392840631445</ele></trkpt>
<trkpt lat="34.4590361390639" lon="-119.688374784161"><ele>354.743072137917</ele></trkpt>
<trkpt lat="34.4589511496481" lon="-119.688311386794"><ele>353.859574855613</ele></trkpt>
<trkpt lat="34.4588048040887" lon="-119.68812881242599"><ele>352.085962125055</ele></trkpt>
<trkpt lat="34.45872811363961" lon="-119.688075961192"><ele>351.260672952879</ele></trkpt>
<trkpt lat="34.458610240401505" lon="-119.688065369171"><ele>350.019528165862</ele></trkpt>
<trkpt lat="34.4584040643465" lon="-119.68811427083502"><ele>347.70578495308</ele></trkpt>
<trkpt lat="34.4582794018078" lon="-119.68811233535601"><ele>346.42546765671</ele></trkpt>
<trkpt lat="34.458196432521795" lon="-119.688098087396"><ele>345.586353616217</ele></trkpt>
<trkpt lat="34.4580651166512" lon="-119.68805724561699"><ele>344.130735877275</ele></trkpt>
<trkpt lat="34.4579324323399" lon="-119.687990490835"><ele>342.536769023495</ele></trkpt>
<trkpt lat="34.457819117104" lon="-119.68790990301504"><ele>341.250049357325</ele></trkpt>
<trkpt lat="34.4577250470633" lon="-119.68782202412403"><ele>340.082938838876</ele></trkpt>
<trkpt lat="34.45767818889911" lon="-119.68776167012201"><ele>339.376275114178</ele></trkpt>
<trkpt lat="34.4575547871903" lon="-119.687566242941"><ele>337.110275503522</ele></trkpt>
<trkpt lat="34.4574974165235" lon="-119.68751967887599"><ele>336.241520377341</ele></trkpt>
<trkpt lat="34.457415186458" lon="-119.68751138126602"><ele>335.153327745599</ele></trkpt>
<trkpt lat="34.4572685417689" lon="-119.68755347698396"><ele>333.168111589358</ele></trkpt>
<trkpt lat="34.4571807019408" lon="-119.687552180897"><ele>332.07930714279</ele></trkpt>
<trkpt lat="34.457125537078" lon="-119.68753270503201"><ele>331.405940294564</ele></trkpt>
<trkpt lat="34.4569858855846" lon="-119.68745563779702"><ele>329.675223486624</ele></trkpt>
<trkpt lat="34.4569225434346" lon="-119.687449133867"><ele>328.944731085072</ele></trkpt>
<trkpt lat="34.4568598403899" lon="-119.68747770343697"><ele>328.148770940634</ele></trkpt>
<trkpt lat="34.4567871575694" lon="-119.687600800663"><ele>326.621378034444</ele></trkpt>
<trkpt lat="34.4567306313158" lon="-119.68778756773501"><ele>324.695133466018</ele></trkpt>
<trkpt lat="34.4566778668701" lon="-119.68786684117403"><ele>323.763289747689</ele></trkpt>
<trkpt lat="34.4565888811323" lon="-119.68792700277601"><ele>322.682862291728</ele></trkpt>
<trkpt lat="34.4562662059646" lon="-119.68803690932099"><ele>319.261073443801</ele></trkpt>
<trkpt lat="34.456212476422" lon="-119.688064492611"><ele>318.675528517829</ele></trkpt>
<trkpt lat="34.4561164751612" lon="-119.688146271854"><ele>317.494494468873</ele></trkpt>
<trkpt lat="34.4560715522584" lon="-119.68821143054804"><ele>316.778097886157</ele></trkpt>
<trkpt lat="34.4559672954787" lon="-119.68847611628398"><ele>314.259287707119</ele></trkpt>
<trkpt lat="34.4559188485141" lon="-119.68856101686698"><ele>313.417606235702</ele></trkpt>
<trkpt lat="34.4558387191207" lon="-119.68867158316698"><ele>312.273368967913</ele></trkpt>
<trkpt lat="34.4556922615374" lon="-119.688811183991"><ele>310.484347426061</ele></trkpt>
<trkpt lat="34.4555354179476" lon="-119.68890631955104"><ele>308.92370648942</ele></trkpt>
<trkpt lat="34.4553922400049" lon="-119.688957453913"><ele>307.513284641242</ele></trkpt>
<trkpt lat="34.4552453286721" lon="-119.688979101878"><ele>306.107792251527</ele></trkpt>
<trkpt lat="34.4550872678113" lon="-119.68896998252701"><ele>304.720807468948</ele></trkpt>
<trkpt lat="34.454702142915295" lon="-119.688881302379"><ele>301.191861706988</ele></trkpt>
<trkpt lat="34.454593089372" lon="-119.68887040463002"><ele>300.165240032029</ele></trkpt>
<trkpt lat="34.4544470378061" lon="-119.68887248155399"><ele>298.694070842243</ele></trkpt>
<trkpt lat="34.4543405677281" lon="-119.68889308603605"><ele>297.698044991513</ele></trkpt>
<trkpt lat="34.4541861041874" lon="-119.688958057844"><ele>296.143146635229</ele></trkpt>
<trkpt lat="34.4539360149574" lon="-119.68911150572401"><ele>293.448962478474</ele></trkpt>
<trkpt lat="34.4538003493806" lon="-119.689152897348"><ele>292.186765016813</ele></trkpt>
<trkpt lat="34.4536596890117" lon="-119.68913576341302"><ele>290.930853988551</ele></trkpt>
<trkpt lat="34.4535252199448" lon="-119.68908687564002"><ele>289.677076172864</ele></trkpt>
<trkpt lat="34.4533894357229" lon="-119.689022858589"><ele>288.361511714187</ele></trkpt>
<trkpt lat="34.4533002564139" lon="-119.689011103612"><ele>287.558796066622</ele></trkpt>
<trkpt lat="34.45253041975581" lon="-119.689040320045"><ele>280.854980902779</ele></trkpt>
<trkpt lat="34.4520997957422" lon="-119.689079415463"><ele>278.504627178193</ele></trkpt>
<trkpt lat="34.45189537979011" lon="-119.68908135973203"><ele>277.767732002214</ele></trkpt>
<trkpt lat="34.4518254936513" lon="-119.689093131153"><ele>277.521810586706</ele></trkpt>
<trkpt lat="34.45173450870709" lon="-119.68915425200605"><ele>277.137219563435</ele></trkpt>
<trkpt lat="34.4516919417527" lon="-119.689222053749"><ele>276.855599091313</ele></trkpt>
<trkpt lat="34.4514982504116" lon="-119.689666849393"><ele>274.468937493821</ele></trkpt>
<trkpt lat="34.4514159354853" lon="-119.689781024643"><ele>273.758737531991</ele></trkpt>
<trkpt lat="34.4513366824111" lon="-119.68981095698204"><ele>273.329123067008</ele></trkpt>
<trkpt lat="34.45122010418401" lon="-119.68982802817405"><ele>272.740507493547</ele></trkpt>
<trkpt lat="34.4510315821195" lon="-119.68984045785699"><ele>271.655376104079</ele></trkpt>
<trkpt lat="34.450920275778" lon="-119.689872660686"><ele>270.928195875605</ele></trkpt>
<trkpt lat="34.4508160440145" lon="-119.689925784642"><ele>270.138374964473</ele></trkpt>
<trkpt lat="34.4505109259151" lon="-119.69009417952098"><ele>267.48248334424</ele></trkpt>
<trkpt lat="34.4504441937665" lon="-119.690153926573"><ele>266.792405959577</ele></trkpt>
<trkpt lat="34.4503990124965" lon="-119.690223007163"><ele>266.187416290216</ele></trkpt>
<trkpt lat="34.4503392010151" lon="-119.690371886626"><ele>265.114913525777</ele></trkpt>
<trkpt lat="34.4503139584002" lon="-119.69050115351901"><ele>264.30708706514</ele></trkpt>
<trkpt lat="34.4503159536646" lon="-119.690586259583"><ele>263.802612181719</ele></trkpt>
<trkpt lat="34.4503506002425" lon="-119.69078993358505"><ele>262.58549901494</ele></trkpt>
<trkpt lat="34.45035497042069" lon="-119.69090780504699"><ele>261.859789594229</ele></trkpt>
<trkpt lat="34.4503434757338" lon="-119.690952082915"><ele>261.559229090988</ele></trkpt>
<trkpt lat="34.4502789802207" lon="-119.69106414745903"><ele>260.609929873563</ele></trkpt>
<trkpt lat="34.4501370298317" lon="-119.691272104302"><ele>258.457443272844</ele></trkpt>
<trkpt lat="34.4501070433094" lon="-119.691356670625"><ele>257.661074278319</ele></trkpt>
<trkpt lat="34.4500647782476" lon="-119.69154570491705"><ele>255.908442753797</ele></trkpt>
<trkpt lat="34.4500289438961" lon="-119.691639265425"><ele>254.95959958035</ele></trkpt>
<trkpt lat="34.4499822231244" lon="-119.691713117847"><ele>254.097718123841</ele></trkpt>
<trkpt lat="34.4498911847915" lon="-119.69181256225502"><ele>252.72395333552</ele></trkpt>
<trkpt lat="34.4498239873101" lon="-119.691911022807"><ele>251.536771342753</ele></trkpt>
<trkpt lat="34.4497651460101" lon="-119.69208868610401"><ele>249.759321594637</ele></trkpt>
<trkpt lat="34.4497401085387" lon="-119.69221116297904"><ele>248.63004405262</ele></trkpt>
<trkpt lat="34.4497255699059" lon="-119.69248902248702"><ele>246.263060850497</ele></trkpt>
<trkpt lat="34.44971075283401" lon="-119.69256029837403"><ele>245.644768068956</ele></trkpt>
<trkpt lat="34.44965714610619" lon="-119.69264675678903"><ele>244.730433069302</ele></trkpt>
<trkpt lat="34.4495531821916" lon="-119.692735675526"><ele>243.467582752582</ele></trkpt>
<trkpt lat="34.449467183399" lon="-119.69286598577997"><ele>242.147364301284</ele></trkpt>
<trkpt lat="34.4494322602296" lon="-119.69300206376403"><ele>241.066519944053</ele></trkpt>
<trkpt lat="34.4493926205096" lon="-119.69328908844602"><ele>238.832840888734</ele></trkpt>
<trkpt lat="34.4493663131679" lon="-119.693367099195"><ele>238.128399852964</ele></trkpt>
<trkpt lat="34.4493310738143" lon="-119.69341968119302"><ele>237.538985068254</ele></trkpt>
<trkpt lat="34.44914138492021" lon="-119.693583193882"><ele>235.117685800549</ele></trkpt>
<trkpt lat="34.4490035232829" lon="-119.69368236095"><ele>233.894647389552</ele></trkpt>
<trkpt lat="34.4488863633305" lon="-119.693813954176"><ele>233.052163155546</ele></trkpt>
<trkpt lat="34.4488633174576" lon="-119.69383125977797"><ele>232.914386980146</ele></trkpt>
<trkpt lat="34.448793908323296" lon="-119.69383560980198"><ele>232.525853842123</ele></trkpt>
<trkpt lat="34.4486995694296" lon="-119.69381319992502"><ele>231.866166313872</ele></trkpt>
<trkpt lat="34.448378000015595" lon="-119.69376199979203"><ele>228.906319583564</ele></trkpt>
<trkpt lat="34.4478879896921" lon="-119.693690605354"><ele>224.048480899399</ele></trkpt>
<trkpt lat="34.4477232737414" lon="-119.693680982993"><ele>222.383522039021</ele></trkpt>
<trkpt lat="34.4474873012922" lon="-119.69369696940099"><ele>219.839329695241</ele></trkpt>
<trkpt lat="34.44732164924719" lon="-119.693732240409"><ele>218.127543492264</ele></trkpt>
<trkpt lat="34.4471522873454" lon="-119.69380476317701"><ele>216.283608375968</ele></trkpt>
<trkpt lat="34.4470762772768" lon="-119.69386490344903"><ele>215.381356211958</ele></trkpt>
<trkpt lat="34.4468196039724" lon="-119.69409096238299"><ele>212.166482711316</ele></trkpt>
<trkpt lat="34.4464548411231" lon="-119.69444510642101"><ele>207.654508620886</ele></trkpt>
<trkpt lat="34.4463316651655" lon="-119.69454513340402"><ele>206.142287057922</ele></trkpt>
<trkpt lat="34.4460250725771" lon="-119.69473691262503"><ele>203.598339910392</ele></trkpt>
<trkpt lat="34.4458636573749" lon="-119.694839579708"><ele>202.931767806096</ele></trkpt>
<trkpt lat="34.445667738945495" lon="-119.69498093238197"><ele>202.712977999171</ele></trkpt>
<trkpt lat="34.4456462215435" lon="-119.69501280616802"><ele>202.685005274117</ele></trkpt>
<trkpt lat="34.4456039916854" lon="-119.69517757133802"><ele>202.501429203925</ele></trkpt>
<trkpt lat="34.445460986515705" lon="-119.69562677944602"><ele>201.628961925591</ele></trkpt>
<trkpt lat="34.44539743663509" lon="-119.695795391638"><ele>201.143545931482</ele></trkpt>
<trkpt lat="34.4451023773683" lon="-119.696435367693"><ele>199.137253390199</ele></trkpt>
<trkpt lat="34.44505005452551" lon="-119.696590795464"><ele>198.594931552221</ele></trkpt>
<trkpt lat="34.44496970023701" lon="-119.697007867604"><ele>196.826708687545</ele></trkpt>
<trkpt lat="34.4449515222643" lon="-119.69718922012098"><ele>195.930953251976</ele></trkpt>
<trkpt lat="34.444950624978006" lon="-119.697390379024"><ele>194.860674098212</ele></trkpt>
<trkpt lat="34.4449667255006" lon="-119.69780366163403"><ele>192.380319764865</ele></trkpt>
<trkpt lat="34.4449571950718" lon="-119.697898753106"><ele>191.702802032281</ele></trkpt>
<trkpt lat="34.4449222538502" lon="-119.697996283639"><ele>190.887706491641</ele></trkpt>
<trkpt lat="34.4448694241032" lon="-119.69806922775902"><ele>190.111463787895</ele></trkpt>
<trkpt lat="34.4447703561523" lon="-119.69812975782801"><ele>189.011014375797</ele></trkpt>
<trkpt lat="34.4447047448907" lon="-119.698133216465"><ele>188.364426339757</ele></trkpt>
<trkpt lat="34.4446076097911" lon="-119.698101211918"><ele>187.374811056161</ele></trkpt>
<trkpt lat="34.444399449370096" lon="-119.69796471330501"><ele>185.174254475304</ele></trkpt>
<trkpt lat="34.444319081354706" lon="-119.69793314232"><ele>184.51524474697</ele></trkpt>
<trkpt lat="34.4442561504944" lon="-119.697925954747"><ele>184.094831180234</ele></trkpt>
<trkpt lat="34.4441872763023" lon="-119.697944859402"><ele>183.700047745217</ele></trkpt>
<trkpt lat="34.4440962232858" lon="-119.69803457669202"><ele>183.169478939308</ele></trkpt>
<trkpt lat="34.444066976124" lon="-119.698172700472"><ele>182.698268365418</ele></trkpt>
<trkpt lat="34.444078613541194" lon="-119.698263655725"><ele>182.380431464667</ele></trkpt>
<trkpt lat="34.444156894350904" lon="-119.698550592967"><ele>181.178364565727</ele></trkpt>
<trkpt lat="34.4442117406254" lon="-119.69884622512299"><ele>179.665077379222</ele></trkpt>
<trkpt lat="34.444259974160595" lon="-119.699048504214"><ele>178.62795737633</ele></trkpt>
<trkpt lat="34.4443506110382" lon="-119.699380540006"><ele>176.904879770816</ele></trkpt>
<trkpt lat="34.4445164012648" lon="-119.699901597994"><ele>174.19796130242</ele></trkpt>
<trkpt lat="34.4445724111006" lon="-119.70003254614905"><ele>173.382364283283</ele></trkpt>
<trkpt lat="34.4447329468669" lon="-119.70016387172298"><ele>171.955369149113</ele></trkpt>
<trkpt lat="34.444951414" lon="-119.700355388503"><ele>169.917297667617</ele></trkpt>
<trkpt lat="34.44507720045999" lon="-119.70047841969902"><ele>168.984563702547</ele></trkpt>
<trkpt lat="34.44516393700369" lon="-119.70060565603002"><ele>168.326893011486</ele></trkpt>
<trkpt lat="34.445206211814" lon="-119.70071142728501"><ele>167.889298714851</ele></trkpt>
<trkpt lat="34.4452714423041" lon="-119.70099888547999"><ele>166.864861958123</ele></trkpt>
<trkpt lat="34.4453407352119" lon="-119.701209433028"><ele>166.218699407434</ele></trkpt>
<trkpt lat="34.445417558844404" lon="-119.70136133814201"><ele>165.834990286945</ele></trkpt>
<trkpt lat="34.445446130006296" lon="-119.701441641921"><ele>165.690439342192</ele></trkpt>
<trkpt lat="34.4454565665105" lon="-119.70159908823501"><ele>165.478025196748</ele></trkpt>
<trkpt lat="34.4454061329897" lon="-119.70192547574801"><ele>164.977794500114</ele></trkpt>
<trkpt lat="34.4453949412758" lon="-119.702040635504"><ele>164.67252608866</ele></trkpt>
<trkpt lat="34.445418330915" lon="-119.70225388993299"><ele>163.902189348729</ele></trkpt>
<trkpt lat="34.44562055669179" lon="-119.703159839852"><ele>160.065499921905</ele></trkpt>
<trkpt lat="34.4457697762351" lon="-119.70364000314699"><ele>157.90165274348</ele></trkpt>
<trkpt lat="34.4459395830265" lon="-119.70424980706998"><ele>154.742235840679</ele></trkpt>
<trkpt lat="34.4460815283857" lon="-119.70488299937003"><ele>151.611274512719</ele></trkpt>
<trkpt lat="34.4461791715551" lon="-119.705199108779"><ele>150.005099319141</ele></trkpt>
<trkpt lat="34.4463784585961" lon="-119.705995562267"><ele>146.070041598832</ele></trkpt>
<trkpt lat="34.446399378235" lon="-119.70614483686197"><ele>145.302309995865</ele></trkpt>
<trkpt lat="34.4463901180636" lon="-119.70654744910199"><ele>143.190490732907</ele></trkpt>
<trkpt lat="34.4463980740358" lon="-119.70677001081899"><ele>141.949041838505</ele></trkpt>
<trkpt lat="34.4464862036855" lon="-119.70730126172597"><ele>139.574851665751</ele></trkpt>
<trkpt lat="34.4466053638059" lon="-119.70811917189302"><ele>138.117552982908</ele></trkpt>
<trkpt lat="34.4466226227561" lon="-119.70821831488097"><ele>137.985343606789</ele></trkpt>
<trkpt lat="34.4467063527548" lon="-119.70849794672401"><ele>137.765594547773</ele></trkpt>
<trkpt lat="34.4468754918138" lon="-119.70899931969397"><ele>137.72411357063</ele></trkpt>
<trkpt lat="34.4468974186389" lon="-119.70910584648101"><ele>137.650852113302</ele></trkpt>
<trkpt lat="34.44689605965289" lon="-119.709274104857"><ele>137.492471358907</ele></trkpt>
<trkpt lat="34.4468742544918" lon="-119.709425529074"><ele>137.381891764328</ele></trkpt>
<trkpt lat="34.44683893349269" lon="-119.70954721264"><ele>137.374683814758</ele></trkpt>
<trkpt lat="34.4467789666325" lon="-119.70971646625601"><ele>137.611991538686</ele></trkpt>
<trkpt lat="34.4467312282781" lon="-119.70990096115202"><ele>138.223039990868</ele></trkpt>
<trkpt lat="34.4467018584775" lon="-119.710090463201"><ele>138.896025789073</ele></trkpt>
<trkpt lat="34.4466895052364" lon="-119.71039308644905"><ele>139.039074178031</ele></trkpt>
<trkpt lat="34.44666621574681" lon="-119.710515571922"><ele>138.663859868419</ele></trkpt>
<trkpt lat="34.4466027735734" lon="-119.710710423902"><ele>137.597550797754</ele></trkpt>
<trkpt lat="34.4465815181399" lon="-119.710837022882"><ele>136.854772286138</ele></trkpt>
<trkpt lat="34.4465800000718" lon="-119.711412379715"><ele>133.932638541572</ele></trkpt>
<trkpt lat="34.4465798805871" lon="-119.71183688465099"><ele>132.160631096883</ele></trkpt>
<trkpt lat="34.446570117933796" lon="-119.71256965326103"><ele>128.894071374894</ele></trkpt>
<trkpt lat="34.4465700004099" lon="-119.713429876333"><ele>124.236403736165</ele></trkpt>
<trkpt lat="34.4465700023117" lon="-119.714878520921"><ele>116.862881900192</ele></trkpt>
<trkpt lat="34.4465700002146" lon="-119.715839694298"><ele>111.419910815355</ele></trkpt>
<trkpt lat="34.4465700002033" lon="-119.71668925215198"><ele>107.278024310949</ele></trkpt>
<trkpt lat="34.4465700015265" lon="-119.71719000000002"><ele>105.592947060885</ele></trkpt>
<trkpt lat="34.44656833305951" lon="-119.717566716032"><ele>105.063006435312</ele></trkpt>
<trkpt lat="34.446561674363" lon="-119.71807289375"><ele>105.802108303341</ele></trkpt>
<trkpt lat="34.4465616563519" lon="-119.71831094780501"><ele>106.558555960848</ele></trkpt>
<trkpt lat="34.4465698394076" lon="-119.71886642289"><ele>109.073868515425</ele></trkpt>
<trkpt lat="34.4465700026535" lon="-119.71964102367002"><ele>110.922887270843</ele></trkpt>
<trkpt lat="34.4465700008427" lon="-119.71999750000003"><ele>110.988412900317</ele></trkpt>
<trkpt lat="34.4465700026231" lon="-119.72056691925"><ele>110.25430836965</ele></trkpt>
<trkpt lat="34.4465700004726" lon="-119.72080897633"><ele>109.566587050749</ele></trkpt>
<trkpt lat="34.4465700026543" lon="-119.72145142889002"><ele>106.761666526831</ele></trkpt>
<trkpt lat="34.4465714290552" lon="-119.72170857173302"><ele>105.130248524412</ele></trkpt>
<trkpt lat="34.4465800810494" lon="-119.722483580032"><ele>98.9685228348391</ele></trkpt>
<trkpt lat="34.4465850009137" lon="-119.72281499997"><ele>97.1699529276341</ele></trkpt>
<trkpt lat="34.44659064226649" lon="-119.72314854155901"><ele>95.8136350696895</ele></trkpt>
<trkpt lat="34.4466300383707" lon="-119.723617759842"><ele>95.2648943515564</ele></trkpt>
<trkpt lat="34.4466905436756" lon="-119.72413120229703"><ele>95.5935711100471</ele></trkpt>
<trkpt lat="34.4467719918061" lon="-119.72461685091798"><ele>95.7283184488168</ele></trkpt>
<trkpt lat="34.4468235726481" lon="-119.72480405470003"><ele>95.5987143767369</ele></trkpt>
<trkpt lat="34.447025047131" lon="-119.72542639146502"><ele>94.7706739558877</ele></trkpt>
<trkpt lat="34.4472700574141" lon="-119.72616983650198"><ele>93.8933640987525</ele></trkpt>
<trkpt lat="34.447559943176" lon="-119.727020163376"><ele>92.9523529014687</ele></trkpt>
<trkpt lat="34.4478390584255" lon="-119.727867063502"><ele>92.5140584372116</ele></trkpt>
<trkpt lat="34.4480799394635" lon="-119.728589810182"><ele>94.5597496779331</ele></trkpt>
<trkpt lat="34.44815658596921" lon="-119.728823082708"><ele>95.6955835260949</ele></trkpt>
<trkpt lat="34.4483399416278" lon="-119.729390192192"><ele>99.4697630101611</ele></trkpt>
<trkpt lat="34.4485496920382" lon="-119.73006958411703"><ele>104.127176227768</ele></trkpt>
<trkpt lat="34.448649839958" lon="-119.73042107561002"><ele>105.767378078294</ele></trkpt>
<trkpt lat="34.448703334293" lon="-119.73064888830702"><ele>105.902582400646</ele></trkpt>
<trkpt lat="34.4488901855135" lon="-119.731449704716"><ele>105.239142333083</ele></trkpt>
<trkpt lat="34.4490699592987" lon="-119.73213555105303"><ele>105.901361823188</ele></trkpt>
<trkpt lat="34.449125512172095" lon="-119.732360920852"><ele>106.512589269027</ele></trkpt>
<trkpt lat="34.4492788920548" lon="-119.733027776472"><ele>109.347575975145</ele></trkpt>
<trkpt lat="34.44938333422" lon="-119.73346999944101"><ele>110.347287959727</ele></trkpt>
<trkpt lat="34.4495433472287" lon="-119.73413004318505"><ele>110.501341882055</ele></trkpt>
<trkpt lat="34.4495957245436" lon="-119.734351471564"><ele>110.832748650451</ele></trkpt>
<trkpt lat="34.44975008980959" lon="-119.73501985960098"><ele>112.694984021059</ele></trkpt>
<trkpt lat="34.4499128128351" lon="-119.73568838070103"><ele>114.622541266507</ele></trkpt>
<trkpt lat="34.450019818706" lon="-119.736118622708"><ele>115.59988413454</ele></trkpt>
<trkpt lat="34.45014002025711" lon="-119.736568071827"><ele>115.473331696447</ele></trkpt>
<trkpt lat="34.4503201724625" lon="-119.737250971486"><ele>113.717627689743</ele></trkpt>
<trkpt lat="34.4504601178749" lon="-119.73779978436103"><ele>111.633975004891</ele></trkpt>
<trkpt lat="34.4506096243894" lon="-119.738349271548"><ele>109.758772075196</ele></trkpt>
<trkpt lat="34.450870504421" lon="-119.739378964276"><ele>106.398876503184</ele></trkpt>
<trkpt lat="34.4509883327282" lon="-119.739714857942"><ele>105.73457322728</ele></trkpt>
<trkpt lat="34.4510528697793" lon="-119.73986422659503"><ele>105.410419932452</ele></trkpt>
<trkpt lat="34.4512333460495" lon="-119.74016434684103"><ele>104.722619249174</ele></trkpt>
<trkpt lat="34.4513240669443" lon="-119.740300886633"><ele>104.449585002005</ele></trkpt>
<trkpt lat="34.4515448983026" lon="-119.740543865506"><ele>103.779629185006</ele></trkpt>
<trkpt lat="34.4520079561226" lon="-119.740939132315"><ele>102.68843443737</ele></trkpt>
<trkpt lat="34.4522506259683" lon="-119.74119154642099"><ele>102.069342940506</ele></trkpt>
<trkpt lat="34.4523861381214" lon="-119.741355424757"><ele>101.666452042335</ele></trkpt>
<trkpt lat="34.452483868372" lon="-119.74148639593301"><ele>101.322690921265</ele></trkpt>
<trkpt lat="34.4526490731056" lon="-119.741749125462"><ele>100.763386906296</ele></trkpt>
<trkpt lat="34.4532178067655" lon="-119.74272893729301"><ele>99.6768740330648</ele></trkpt>
<trkpt lat="34.4536800243286" lon="-119.74352018166104"><ele>98.5292445779727</ele></trkpt>
<trkpt lat="34.4540766691746" lon="-119.74421221964401"><ele>97.5418116591078</ele></trkpt>
<trkpt lat="34.454247791299" lon="-119.74450891079702"><ele>97.7423038456642</ele></trkpt>
<trkpt lat="34.4545944469524" lon="-119.74510221959297"><ele>100.137590655009</ele></trkpt>
<trkpt lat="34.45476665367101" lon="-119.745398865064"><ele>101.776457252808</ele></trkpt>
<trkpt lat="34.4553163492934" lon="-119.74636395745004"><ele>109.126709064099</ele></trkpt>
<trkpt lat="34.45544165776229" lon="-119.746636171188"><ele>111.175167163341</ele></trkpt>
<trkpt lat="34.4555790135576" lon="-119.747059995884"><ele>113.927870604503</ele></trkpt>
<trkpt lat="34.45567601563071" lon="-119.74752407044201"><ele>116.889440774217</ele></trkpt>
<trkpt lat="34.45572401377979" lon="-119.747758066253"><ele>118.072071518095</ele></trkpt>
<trkpt lat="34.4558196962412" lon="-119.74822902053002"><ele>119.591274428173</ele></trkpt>
<trkpt lat="34.4558888586024" lon="-119.74859432985"><ele>119.842653461061</ele></trkpt>
<trkpt lat="34.4559106465847" lon="-119.74878215167897"><ele>119.788760654209</ele></trkpt>
<trkpt lat="34.455926378162" lon="-119.749059037334"><ele>119.558202288736</ele></trkpt>
<trkpt lat="34.4559245411905" lon="-119.74916074303302"><ele>119.398993271233</ele></trkpt>
<trkpt lat="34.4558503318775" lon="-119.749944821042"><ele>117.42252254152</ele></trkpt>
<trkpt lat="34.455809294957" lon="-119.750240740384"><ele>116.236718144686</ele></trkpt>
<trkpt lat="34.4556971726769" lon="-119.75064536012802"><ele>113.989449659367</ele></trkpt>
<trkpt lat="34.4555394929074" lon="-119.75102866676501"><ele>111.446459075061</ele></trkpt>
<trkpt lat="34.4553108465991" lon="-119.751457885795"><ele>108.374801586275</ele></trkpt>
<trkpt lat="34.4550991794962" lon="-119.75173190098305"><ele>106.118899114717</ele></trkpt>
<trkpt lat="34.4548391475389" lon="-119.751980538816"><ele>103.753421440607</ele></trkpt>
<trkpt lat="34.4544023129122" lon="-119.75231867456704"><ele>99.9620636924467</ele></trkpt>
<trkpt lat="34.4541484389451" lon="-119.752531505223"><ele>97.7150532299493</ele></trkpt>
<trkpt lat="34.453855886344" lon="-119.75278498271699"><ele>95.2117783488443</ele></trkpt>
<trkpt lat="34.4537342239255" lon="-119.75290738262703"><ele>94.0093593263248</ele></trkpt>
<trkpt lat="34.4536227874301" lon="-119.75304744516599"><ele>92.9094937655483</ele></trkpt>
<trkpt lat="34.4534878548596" lon="-119.75324520672804"><ele>91.3308365442113</ele></trkpt>
<trkpt lat="34.45328004861669" lon="-119.75361172792805"><ele>88.7150090221515</ele></trkpt>
<trkpt lat="34.45299953823271" lon="-119.75425137165801"><ele>84.4805087629801</ele></trkpt>
<trkpt lat="34.4526008129973" lon="-119.755187758871"><ele>78.182829019167</ele></trkpt>
<trkpt lat="34.4522900032068" lon="-119.75585061503"><ele>73.5199151218713</ele></trkpt>
<trkpt lat="34.4520259728325" lon="-119.75646406507201"><ele>71.3372419681118</ele></trkpt>
<trkpt lat="34.4518513693076" lon="-119.75687651371001"><ele>70.5704681109197</ele></trkpt>
<trkpt lat="34.4516870211259" lon="-119.75724763189902"><ele>69.9527223164896</ele></trkpt>
<trkpt lat="34.4516214890397" lon="-119.75740928941"><ele>69.7144389790714</ele></trkpt>
<trkpt lat="34.4515629738297" lon="-119.75759171089702"><ele>69.4937684937222</ele></trkpt>
<trkpt lat="34.4515288816204" lon="-119.757748960725"><ele>69.3419198707362</ele></trkpt>
<trkpt lat="34.4515015954435" lon="-119.75793349397698"><ele>69.2049948716743</ele></trkpt>
<trkpt lat="34.4514800121369" lon="-119.75834269475003"><ele>68.9351448063639</ele></trkpt>
<trkpt lat="34.4514603962233" lon="-119.758938631647"><ele>68.7128074717863</ele></trkpt>
<trkpt lat="34.45146990154" lon="-119.75970034356799"><ele>68.3425096585634</ele></trkpt>
<trkpt lat="34.45147010008241" lon="-119.760449751787"><ele>68.4166100078518</ele></trkpt>
<trkpt lat="34.4514790640326" lon="-119.76112469978901"><ele>68.0831726106153</ele></trkpt>
<trkpt lat="34.4514838485924" lon="-119.76120898050301"><ele>68.0437003692668</ele></trkpt>
<trkpt lat="34.4515166423245" lon="-119.761400728573"><ele>67.9399568254988</ele></trkpt>
<trkpt lat="34.4515208094822" lon="-119.761546618286"><ele>67.8303530070179</ele></trkpt>
<trkpt lat="34.4514888802602" lon="-119.761825226173"><ele>67.4679648274498</ele></trkpt>
<trkpt lat="34.4514400686154" lon="-119.76207105023701"><ele>67.0905228474851</ele></trkpt>
<trkpt lat="34.451278359067004" lon="-119.763043796355"><ele>65.599075126836</ele></trkpt>
<trkpt lat="34.4511793153439" lon="-119.763426661514"><ele>64.9825145558261</ele></trkpt>
<trkpt lat="34.4510098983355" lon="-119.76382920689198"><ele>64.1901727591706</ele></trkpt>
<trkpt lat="34.4508196067635" lon="-119.76423004463201"><ele>63.1344419975794</ele></trkpt>
<trkpt lat="34.4506696883043" lon="-119.76451927274002"><ele>62.1865637661876</ele></trkpt>
<trkpt lat="34.4502003172269" lon="-119.765299125178"><ele>60.7946540313869</ele></trkpt>
<trkpt lat="34.4501460358676" lon="-119.76537517404805"><ele>60.7878931016079</ele></trkpt>
<trkpt lat="34.45005445164141" lon="-119.765465725614"><ele>60.9195001224322</ele></trkpt>
<trkpt lat="34.4499370324972" lon="-119.765662540717"><ele>61.5047786001761</ele></trkpt>
<trkpt lat="34.4497317757448" lon="-119.766057595891"><ele>63.2639574619714</ele></trkpt>
<trkpt lat="34.4495278554169" lon="-119.76652750095901"><ele>65.5782716733349</ele></trkpt>
<trkpt lat="34.44947344780991" lon="-119.76668066286202"><ele>66.1612973781541</ele></trkpt>
<trkpt lat="34.4493256243088" lon="-119.767152439339"><ele>67.5166769866017</ele></trkpt>
<trkpt lat="34.4493036404987" lon="-119.76725058788101"><ele>67.6848138986532</ele></trkpt>
<trkpt lat="34.4492605881336" lon="-119.767559348089"><ele>67.995483633327</ele></trkpt>
<trkpt lat="34.4492246645606" lon="-119.76800914803"><ele>68.2986534567243</ele></trkpt>
<trkpt lat="34.44922684412761" lon="-119.76816178166204"><ele>68.3618191166664</ele></trkpt>
<trkpt lat="34.4492598143004" lon="-119.76856302499"><ele>68.4801492795532</ele></trkpt>
<trkpt lat="34.4493421080829" lon="-119.7689866195"><ele>68.6753696937664</ele></trkpt>
<trkpt lat="34.4494193186874" lon="-119.76927541318899"><ele>68.8319953773308</ele></trkpt>
<trkpt lat="34.4495400962478" lon="-119.769628840961"><ele>69.1616874085093</ele></trkpt>
<trkpt lat="34.4497297179034" lon="-119.77008213088999"><ele>70.2273343980424</ele></trkpt>
<trkpt lat="34.44996958965271" lon="-119.770698410291"><ele>72.4513759759275</ele></trkpt>
<trkpt lat="34.45019502093691" lon="-119.771241713008"><ele>74.4918373857199</ele></trkpt>
<trkpt lat="34.4504650974041" lon="-119.77190023381698"><ele>75.802317107593</ele></trkpt>
<trkpt lat="34.4506066673316" lon="-119.772243332662"><ele>75.6960495696401</ele></trkpt>
<trkpt lat="34.4508012536975" lon="-119.772713484506"><ele>74.8282581890525</ele></trkpt>
<trkpt lat="34.451078738072304" lon="-119.77341671003202"><ele>71.5786224068527</ele></trkpt>
<trkpt lat="34.4513605672192" lon="-119.774122086466"><ele>67.4254472868188</ele></trkpt>
<trkpt lat="34.4516000023108" lon="-119.77477249844199"><ele>64.3404871242147</ele></trkpt>
<trkpt lat="34.4516795798712" lon="-119.774990120823"><ele>63.5345382157363</ele></trkpt>
<trkpt lat="34.4518892134666" lon="-119.77565900534599"><ele>62.8568736370472</ele></trkpt>
<trkpt lat="34.4519199741549" lon="-119.775779898074"><ele>62.921181911489</ele></trkpt>
<trkpt lat="34.451968365588" lon="-119.7760738441211"><ele>63.46429348066735</ele></trkpt>
<trkpt lat="34.45200045283589" lon="-119.77635922084572"><ele>64.26798107269205</ele></trkpt>
</trkseg>
</trk></gpx>
