<?xml version='1.0' encoding='UTF-8'?>
<gpx version="1.1"
  creator="GPXmagic"
  xmlns="http://www.topografix.com/GPX/1/1"
  xmlns:rgt="http://www.rgtcycling.com/XML/GpxExtensions/v1"
  xmlns:xsi="http://www.w3.org/2001/XMLSchema-instance" xsi:schemaLocation="http://www.topografix.com/GPX/1/1
  http://www.topografix.com/GPX/1/1/gpx.xsd">
  <metadata>
    <name>Smoothed with GPXmagic</name>
    <author>
      <link href="https://www.stepwiserefinement.co.uk">
        <text>GPXmagic v3</text>
        <type>text/html</type>
      </link>
    </author>
  </metadata>
<trk>  <name>Lac&#32;du&#32;Bourget</name>
<trkseg>
<trkpt lat="45.64824" lon="5.87883"><ele>233.23</ele></trkpt>
<trkpt lat="45.64822000000001" lon="5.8801"><ele>233.24</ele></trkpt>
<trkpt lat="45.64821" lon="5.88138"><ele>233.16</ele></trkpt>
<trkpt lat="45.64819" lon="5.882650000000001"><ele>233.02</ele></trkpt>
<trkpt lat="45.64818" lon="5.88392"><ele>233.16</ele></trkpt>
<trkpt lat="45.64816" lon="5.885189999999999"><ele>233.07</ele></trkpt>
<trkpt lat="45.64815" lon="5.88647"><ele>233.39</ele></trkpt>
<trkpt lat="45.64814" lon="5.8869"><ele>233.4</ele></trkpt>
<trkpt lat="45.64812" lon="5.88789"><ele>232.97</ele></trkpt>
<trkpt lat="45.64811000000001" lon="5.88887"><ele>232.85</ele></trkpt>
<trkpt lat="45.6481" lon="5.889859999999998"><ele>232.9</ele></trkpt>
<trkpt lat="45.64809" lon="5.89084"><ele>233.2</ele></trkpt>
<trkpt lat="45.648030000000006" lon="5.891489999999999"><ele>233.14</ele></trkpt>
<trkpt lat="45.6479" lon="5.89208"><ele>233.21</ele></trkpt>
<trkpt lat="45.64786999999999" lon="5.89221"><ele>233.25</ele></trkpt>
<trkpt lat="45.64784" lon="5.892599999999998"><ele>233.5</ele></trkpt>
<trkpt lat="45.64782" lon="5.89264"><ele>233.65</ele></trkpt>
<trkpt lat="45.64776" lon="5.89273"><ele>233.83</ele></trkpt>
<trkpt lat="45.64772" lon="5.89275"><ele>233.6</ele></trkpt>
<trkpt lat="45.647670000000005" lon="5.892769999999999"><ele>233.59</ele></trkpt>
<trkpt lat="45.64763" lon="5.89282"><ele>233.57</ele></trkpt>
<trkpt lat="45.6476" lon="5.892870000000001"><ele>233.52</ele></trkpt>
<trkpt lat="45.64758" lon="5.892949999999998"><ele>233.42</ele></trkpt>
<trkpt lat="45.64755999999999" lon="5.89303"><ele>233.29</ele></trkpt>
<trkpt lat="45.64757" lon="5.893120000000001"><ele>233.32</ele></trkpt>
<trkpt lat="45.6476" lon="5.893220000000001"><ele>233.03</ele></trkpt>
<trkpt lat="45.64765" lon="5.893300000000002"><ele>232.92</ele></trkpt>
<trkpt lat="45.64769999999999" lon="5.89334"><ele>232.95</ele></trkpt>
<trkpt lat="45.64775000000001" lon="5.893359999999999"><ele>232.9</ele></trkpt>
<trkpt lat="45.64785" lon="5.893359999999999"><ele>233.13</ele></trkpt>
<trkpt lat="45.6479" lon="5.89332"><ele>233.24</ele></trkpt>
<trkpt lat="45.64799" lon="5.893220000000001"><ele>233.26</ele></trkpt>
<trkpt lat="45.64801" lon="5.893199999999999"><ele>233.33</ele></trkpt>
<trkpt lat="45.648059999999994" lon="5.89318"><ele>233.23</ele></trkpt>
<trkpt lat="45.64815" lon="5.89316"><ele>233.2</ele></trkpt>
<trkpt lat="45.64879" lon="5.89317"><ele>233.27</ele></trkpt>
<trkpt lat="45.64930999999999" lon="5.893199999999999"><ele>233.58</ele></trkpt>
<trkpt lat="45.64962" lon="5.893189999999999"><ele>233.67</ele></trkpt>
<trkpt lat="45.6498" lon="5.893189999999999"><ele>233.7</ele></trkpt>
<trkpt lat="45.65027" lon="5.893220000000001"><ele>233.82</ele></trkpt>
<trkpt lat="45.65075000000001" lon="5.893239999999998"><ele>233.91</ele></trkpt>
<trkpt lat="45.65085" lon="5.89326"><ele>234.02</ele></trkpt>
<trkpt lat="45.65094" lon="5.89332"><ele>234.28</ele></trkpt>
<trkpt lat="45.65097999999999" lon="5.893359999999999"><ele>234.4</ele></trkpt>
<trkpt lat="45.65101" lon="5.89338"><ele>234.51</ele></trkpt>
<trkpt lat="45.65105" lon="5.893390000000002"><ele>234.66</ele></trkpt>
<trkpt lat="45.65109" lon="5.89338"><ele>234.6</ele></trkpt>
<trkpt lat="45.65126" lon="5.8932899999999995"><ele>234.6</ele></trkpt>
<trkpt lat="45.65135" lon="5.8932699999999985"><ele>234.7</ele></trkpt>
<trkpt lat="45.65219" lon="5.89332"><ele>235.24</ele></trkpt>
<trkpt lat="45.65303000000001" lon="5.893359999999999"><ele>235.65</ele></trkpt>
<trkpt lat="45.65383" lon="5.893459999999999"><ele>235.37</ele></trkpt>
<trkpt lat="45.654309999999995" lon="5.893560000000002"><ele>235.03</ele></trkpt>
<trkpt lat="45.65457" lon="5.89363"><ele>234.82</ele></trkpt>
<trkpt lat="45.65472" lon="5.893679999999999"><ele>234.74</ele></trkpt>
<trkpt lat="45.65487" lon="5.89376"><ele>234.63</ele></trkpt>
<trkpt lat="45.655" lon="5.893840000000001"><ele>234.7</ele></trkpt>
<trkpt lat="45.65508" lon="5.893900000000002"><ele>234.81</ele></trkpt>
<trkpt lat="45.65536" lon="5.89424"><ele>235.02</ele></trkpt>
<trkpt lat="45.65550999999999" lon="5.8944"><ele>235.18</ele></trkpt>
<trkpt lat="45.65566" lon="5.894510000000001"><ele>235.33</ele></trkpt>
<trkpt lat="45.6558" lon="5.8946000000000005"><ele>235.48</ele></trkpt>
<trkpt lat="45.65601" lon="5.8946700000000005"><ele>235.6</ele></trkpt>
<trkpt lat="45.65639999999999" lon="5.89478"><ele>235.53</ele></trkpt>
<trkpt lat="45.656620000000004" lon="5.89481"><ele>235.27</ele></trkpt>
<trkpt lat="45.65681000000001" lon="5.89482"><ele>235.1</ele></trkpt>
<trkpt lat="45.656980000000004" lon="5.89479"><ele>235</ele></trkpt>
<trkpt lat="45.65719" lon="5.89472"><ele>234.73</ele></trkpt>
<trkpt lat="45.65742000000001" lon="5.894610000000001"><ele>234.43</ele></trkpt>
<trkpt lat="45.65752" lon="5.89458"><ele>234.35</ele></trkpt>
<trkpt lat="45.65766" lon="5.89456"><ele>234.48</ele></trkpt>
<trkpt lat="45.657979999999995" lon="5.894570000000001"><ele>234.47</ele></trkpt>
<trkpt lat="45.6585" lon="5.894610000000001"><ele>234.58</ele></trkpt>
<trkpt lat="45.65902" lon="5.894660000000001"><ele>234.56</ele></trkpt>
<trkpt lat="45.65985" lon="5.89482"><ele>234.82</ele></trkpt>
<trkpt lat="45.66021" lon="5.8949300000000004"><ele>234.74</ele></trkpt>
<trkpt lat="45.66039" lon="5.894999999999999"><ele>234.7</ele></trkpt>
<trkpt lat="45.66103999999999" lon="5.89529"><ele>234.67</ele></trkpt>
<trkpt lat="45.66169" lon="5.895580000000001"><ele>234.61</ele></trkpt>
<trkpt lat="45.66249" lon="5.8959600000000005"><ele>234.35</ele></trkpt>
<trkpt lat="45.66288" lon="5.89611"><ele>234.58</ele></trkpt>
<trkpt lat="45.66292" lon="5.896149999999999"><ele>234.55</ele></trkpt>
<trkpt lat="45.66293" lon="5.896179999999999"><ele>234.6</ele></trkpt>
<trkpt lat="45.66296" lon="5.896210000000001"><ele>234.77</ele></trkpt>
<trkpt lat="45.66299" lon="5.89623"><ele>234.72</ele></trkpt>
<trkpt lat="45.66303" lon="5.896239999999999"><ele>234.75</ele></trkpt>
<trkpt lat="45.66306999999999" lon="5.896210000000001"><ele>234.5</ele></trkpt>
<trkpt lat="45.6631" lon="5.896170000000001"><ele>234.58</ele></trkpt>
<trkpt lat="45.663259999999994" lon="5.896149999999999"><ele>234.52</ele></trkpt>
<trkpt lat="45.66408" lon="5.896179999999999"><ele>234.48</ele></trkpt>
<trkpt lat="45.66451000000001" lon="5.896159999999999"><ele>231.06</ele></trkpt>
<trkpt lat="45.66455" lon="5.896159999999999"><ele>230.89</ele></trkpt>
<trkpt lat="45.66506" lon="5.89611"><ele>234.24</ele></trkpt>
<trkpt lat="45.66533" lon="5.89605"><ele>234.3</ele></trkpt>
<trkpt lat="45.66552" lon="5.8959899999999985"><ele>234.36</ele></trkpt>
<trkpt lat="45.66603" lon="5.895779999999999"><ele>234.3</ele></trkpt>
<trkpt lat="45.66624" lon="5.89568"><ele>234.34</ele></trkpt>
<trkpt lat="45.66688" lon="5.89529"><ele>234.46</ele></trkpt>
<trkpt lat="45.66702" lon="5.89522"><ele>234.53</ele></trkpt>
<trkpt lat="45.66719" lon="5.895180000000001"><ele>234.46</ele></trkpt>
<trkpt lat="45.66727" lon="5.89517"><ele>234.53</ele></trkpt>
<trkpt lat="45.66739" lon="5.895180000000001"><ele>234.81</ele></trkpt>
<trkpt lat="45.66741" lon="5.89523"><ele>234.98</ele></trkpt>
<trkpt lat="45.66743" lon="5.895260000000001"><ele>234.96</ele></trkpt>
<trkpt lat="45.66747" lon="5.89529"><ele>235.19</ele></trkpt>
<trkpt lat="45.66762000000001" lon="5.89529"><ele>235.38</ele></trkpt>
<trkpt lat="45.66772" lon="5.89524"><ele>235.34</ele></trkpt>
<trkpt lat="45.6678" lon="5.895180000000001"><ele>235.2</ele></trkpt>
<trkpt lat="45.66786" lon="5.895099999999999"><ele>235.24</ele></trkpt>
<trkpt lat="45.667930000000005" lon="5.89497"><ele>234.95</ele></trkpt>
<trkpt lat="45.66803" lon="5.894919999999999"><ele>234.68</ele></trkpt>
<trkpt lat="45.66827" lon="5.89489"><ele>234.52</ele></trkpt>
<trkpt lat="45.66847" lon="5.89484"><ele>234.33</ele></trkpt>
<trkpt lat="45.66917" lon="5.8945"><ele>234.27</ele></trkpt>
<trkpt lat="45.66935" lon="5.894359999999999"><ele>234.37</ele></trkpt>
<trkpt lat="45.66946" lon="5.89424"><ele>234.44</ele></trkpt>
<trkpt lat="45.66961" lon="5.894030000000001"><ele>234.57</ele></trkpt>
<trkpt lat="45.66971" lon="5.893909999999998"><ele>234.51</ele></trkpt>
<trkpt lat="45.6698" lon="5.89383"><ele>234.47</ele></trkpt>
<trkpt lat="45.66991" lon="5.89375"><ele>234.48</ele></trkpt>
<trkpt lat="45.67003" lon="5.893700000000001"><ele>234.44</ele></trkpt>
<trkpt lat="45.67015000000001" lon="5.89366"><ele>234.51</ele></trkpt>
<trkpt lat="45.67069" lon="5.89357"><ele>234.43</ele></trkpt>
<trkpt lat="45.67097" lon="5.8935400000000016"><ele>234.43</ele></trkpt>
<trkpt lat="45.67116" lon="5.893530000000001"><ele>234.62</ele></trkpt>
<trkpt lat="45.67139" lon="5.8935400000000016"><ele>234.25</ele></trkpt>
<trkpt lat="45.672039999999996" lon="5.893600000000001"><ele>234.31</ele></trkpt>
<trkpt lat="45.67269" lon="5.89367"><ele>234.51</ele></trkpt>
<trkpt lat="45.67334000000001" lon="5.893729999999999"><ele>234.55</ele></trkpt>
<trkpt lat="45.67391" lon="5.89375"><ele>234.71</ele></trkpt>
<trkpt lat="45.67472" lon="5.893840000000001"><ele>234.55</ele></trkpt>
<trkpt lat="45.67553" lon="5.89392"><ele>234.58</ele></trkpt>
<trkpt lat="45.67634" lon="5.894010000000001"><ele>234.44</ele></trkpt>
<trkpt lat="45.67705" lon="5.89405"><ele>234.46</ele></trkpt>
<trkpt lat="45.67785000000001" lon="5.894129999999999"><ele>234.22</ele></trkpt>
<trkpt lat="45.67845" lon="5.89415"><ele>234.13</ele></trkpt>
<trkpt lat="45.67909" lon="5.894140000000002"><ele>234.04</ele></trkpt>
<trkpt lat="45.67996000000001" lon="5.894099999999999"><ele>234.38</ele></trkpt>
<trkpt lat="45.6802" lon="5.894120000000002"><ele>234.4</ele></trkpt>
<trkpt lat="45.680960000000006" lon="5.894279999999999"><ele>234.37</ele></trkpt>
<trkpt lat="45.68172" lon="5.89445"><ele>234.17</ele></trkpt>
<trkpt lat="45.68248" lon="5.89462"><ele>234.02</ele></trkpt>
<trkpt lat="45.68325" lon="5.894730000000001"><ele>234.1</ele></trkpt>
<trkpt lat="45.68338000000001" lon="5.894759999999999"><ele>234.16</ele></trkpt>
<trkpt lat="45.68353" lon="5.894799999999999"><ele>234.09</ele></trkpt>
<trkpt lat="45.68367" lon="5.894850000000001"><ele>234.05</ele></trkpt>
<trkpt lat="45.68386" lon="5.894859999999999"><ele>234.1</ele></trkpt>
<trkpt lat="45.68444" lon="5.89496"><ele>234.18</ele></trkpt>
<trkpt lat="45.68503" lon="5.89507"><ele>234.18</ele></trkpt>
<trkpt lat="45.685129999999994" lon="5.89511"><ele>234.1</ele></trkpt>
<trkpt lat="45.685269999999996" lon="5.89514"><ele>234.09</ele></trkpt>
<trkpt lat="45.68607999999999" lon="5.895260000000001"><ele>234.15</ele></trkpt>
<trkpt lat="45.68617" lon="5.8953"><ele>234.07</ele></trkpt>
<trkpt lat="45.68628" lon="5.89535"><ele>234.01</ele></trkpt>
<trkpt lat="45.68648" lon="5.8954"><ele>233.94</ele></trkpt>
<trkpt lat="45.68663000000001" lon="5.89539"><ele>234.03</ele></trkpt>
<trkpt lat="45.68736" lon="5.89548"><ele>234.26</ele></trkpt>
<trkpt lat="45.68793" lon="5.89557"><ele>234.3</ele></trkpt>
<trkpt lat="45.68849000000001" lon="5.895659999999999"><ele>234.4</ele></trkpt>
<trkpt lat="45.68919" lon="5.89572"><ele>234.77</ele></trkpt>
<trkpt lat="45.68989" lon="5.89579"><ele>234.99</ele></trkpt>
<trkpt lat="45.69059" lon="5.89586"><ele>235.14</ele></trkpt>
<trkpt lat="45.691190000000006" lon="5.895929999999999"><ele>235.06</ele></trkpt>
<trkpt lat="45.69179999999999" lon="5.8959899999999985"><ele>235.15</ele></trkpt>
<trkpt lat="45.6924" lon="5.8960599999999985"><ele>235.42</ele></trkpt>
<trkpt lat="45.692690000000006" lon="5.896170000000001"><ele>235.51</ele></trkpt>
<trkpt lat="45.69278" lon="5.896170000000001"><ele>235.53</ele></trkpt>
<trkpt lat="45.69304" lon="5.896139999999998"><ele>235.67</ele></trkpt>
<trkpt lat="45.69310999999999" lon="5.896139999999998"><ele>235.81</ele></trkpt>
<trkpt lat="45.6934" lon="5.896370000000002"><ele>235.93952964399097</ele></trkpt>
<trkpt lat="45.69368" lon="5.896149999999999"><ele>236.02</ele></trkpt>
<trkpt lat="45.69421" lon="5.896159999999999"><ele>236.15</ele></trkpt>
<trkpt lat="45.69428" lon="5.896139999999998"><ele>236.19</ele></trkpt>
<trkpt lat="45.69435" lon="5.896099999999999"><ele>236.33</ele></trkpt>
<trkpt lat="45.69438999999999" lon="5.896129999999999"><ele>236.28</ele></trkpt>
<trkpt lat="45.69449" lon="5.896090000000001"><ele>236.28</ele></trkpt>
<trkpt lat="45.6946" lon="5.89607"><ele>236.38</ele></trkpt>
<trkpt lat="45.69549" lon="5.89598"><ele>236.81</ele></trkpt>
<trkpt lat="45.69561" lon="5.8959600000000005"><ele>236.73</ele></trkpt>
<trkpt lat="45.69585" lon="5.895840000000001"><ele>236.59</ele></trkpt>
<trkpt lat="45.69588000000001" lon="5.89583"><ele>236.7</ele></trkpt>
<trkpt lat="45.69617" lon="5.89572"><ele>236.78</ele></trkpt>
<trkpt lat="45.69681" lon="5.89555"><ele>236.93</ele></trkpt>
<trkpt lat="45.69693" lon="5.89548"><ele>236.86</ele></trkpt>
<trkpt lat="45.69706" lon="5.89536"><ele>236.8</ele></trkpt>
<trkpt lat="45.69718" lon="5.89521"><ele>236.69</ele></trkpt>
<trkpt lat="45.69767" lon="5.894349999999999"><ele>236.63</ele></trkpt>
<trkpt lat="45.697829999999996" lon="5.894099999999999"><ele>236.84</ele></trkpt>
<trkpt lat="45.69799999999999" lon="5.893900000000002"><ele>236.96</ele></trkpt>
<trkpt lat="45.69809" lon="5.893729999999999"><ele>237.05</ele></trkpt>
<trkpt lat="45.69832" lon="5.893220000000001"><ele>236.78</ele></trkpt>
<trkpt lat="45.69848" lon="5.892890000000001"><ele>236.48</ele></trkpt>
<trkpt lat="45.69858000000001" lon="5.89275"><ele>236.56</ele></trkpt>
<trkpt lat="45.69871" lon="5.89264"><ele>236.54</ele></trkpt>
<trkpt lat="45.69929" lon="5.89245"><ele>237.03</ele></trkpt>
<trkpt lat="45.69987" lon="5.89226"><ele>237.33</ele></trkpt>
<trkpt lat="45.700250000000004" lon="5.892140000000001"><ele>237.46</ele></trkpt>
<trkpt lat="45.70073" lon="5.89199"><ele>237.94</ele></trkpt>
<trkpt lat="45.7012" lon="5.89184"><ele>238.53</ele></trkpt>
<trkpt lat="45.70143" lon="5.89177"><ele>238.64</ele></trkpt>
<trkpt lat="45.70183999999999" lon="5.891629999999999"><ele>238.3</ele></trkpt>
<trkpt lat="45.702000000000005" lon="5.891539999999999"><ele>238.23</ele></trkpt>
<trkpt lat="45.7021" lon="5.89153"><ele>238.25</ele></trkpt>
<trkpt lat="45.70222" lon="5.891489999999999"><ele>238.08</ele></trkpt>
<trkpt lat="45.70237" lon="5.89145"><ele>238.09</ele></trkpt>
<trkpt lat="45.70293" lon="5.891279999999998"><ele>237.61</ele></trkpt>
<trkpt lat="45.70349" lon="5.89111"><ele>237.14</ele></trkpt>
<trkpt lat="45.70398" lon="5.890969999999999"><ele>235.91</ele></trkpt>
<trkpt lat="45.70407" lon="5.890990000000001"><ele>235.97</ele></trkpt>
<trkpt lat="45.70421" lon="5.890980000000001"><ele>235.88</ele></trkpt>
<trkpt lat="45.70444" lon="5.89094"><ele>235.79</ele></trkpt>
<trkpt lat="45.70455" lon="5.89094"><ele>235.92</ele></trkpt>
<trkpt lat="45.70463" lon="5.89102"><ele>235.91</ele></trkpt>
<trkpt lat="45.704640000000005" lon="5.891070000000002"><ele>236.03</ele></trkpt>
<trkpt lat="45.70465" lon="5.891139999999999"><ele>236.07</ele></trkpt>
<trkpt lat="45.70462" lon="5.89146"><ele>236.42</ele></trkpt>
<trkpt lat="45.704530000000005" lon="5.89252"><ele>237.35</ele></trkpt>
<trkpt lat="45.70445" lon="5.89359"><ele>238.78</ele></trkpt>
<trkpt lat="45.70441999999999" lon="5.893849999999999"><ele>238.58</ele></trkpt>
<trkpt lat="45.70438" lon="5.893950000000001"><ele>238.63</ele></trkpt>
<trkpt lat="45.70433" lon="5.894129999999999"><ele>238.7</ele></trkpt>
<trkpt lat="45.70429" lon="5.89441"><ele>238.95</ele></trkpt>
<trkpt lat="45.704280000000004" lon="5.89455"><ele>239.1</ele></trkpt>
<trkpt lat="45.70424" lon="5.894589999999999"><ele>239.15</ele></trkpt>
<trkpt lat="45.70422000000001" lon="5.894660000000001"><ele>239.23</ele></trkpt>
<trkpt lat="45.70422000000001" lon="5.894730000000001"><ele>239.24</ele></trkpt>
<trkpt lat="45.70424" lon="5.89478"><ele>239.18</ele></trkpt>
<trkpt lat="45.70427" lon="5.89482"><ele>239.19</ele></trkpt>
<trkpt lat="45.70429" lon="5.89484"><ele>239.23</ele></trkpt>
<trkpt lat="45.70435" lon="5.89484"><ele>239.27</ele></trkpt>
<trkpt lat="45.7044" lon="5.89481"><ele>239.17</ele></trkpt>
<trkpt lat="45.70444" lon="5.894730000000001"><ele>239.19</ele></trkpt>
<trkpt lat="45.70462" lon="5.89462"><ele>239.43</ele></trkpt>
<trkpt lat="45.70482" lon="5.894570000000001"><ele>239.46</ele></trkpt>
<trkpt lat="45.70529" lon="5.89448"><ele>239.32</ele></trkpt>
<trkpt lat="45.70577" lon="5.89439"><ele>239.17</ele></trkpt>
<trkpt lat="45.70602" lon="5.8943"><ele>239.02</ele></trkpt>
<trkpt lat="45.70649" lon="5.894099999999999"><ele>238.34</ele></trkpt>
<trkpt lat="45.70672" lon="5.89405"><ele>237.9</ele></trkpt>
<trkpt lat="45.70747000000001" lon="5.89398"><ele>237.4</ele></trkpt>
<trkpt lat="45.70804" lon="5.89396"><ele>237.39</ele></trkpt>
<trkpt lat="45.7086" lon="5.89393"><ele>238.37</ele></trkpt>
<trkpt lat="45.70879" lon="5.89388"><ele>239.27</ele></trkpt>
<trkpt lat="45.70921" lon="5.89369"><ele>242.35</ele></trkpt>
<trkpt lat="45.709529999999994" lon="5.89365"><ele>244.88</ele></trkpt>
<trkpt lat="45.7099" lon="5.893610000000001"><ele>248.03</ele></trkpt>
<trkpt lat="45.71000000000001" lon="5.89363"><ele>248.69</ele></trkpt>
<trkpt lat="45.710170000000005" lon="5.893620000000001"><ele>249.99</ele></trkpt>
<trkpt lat="45.71036999999999" lon="5.893560000000002"><ele>251.53</ele></trkpt>
<trkpt lat="45.71104" lon="5.893300000000002"><ele>256.59</ele></trkpt>
<trkpt lat="45.71129" lon="5.893220000000001"><ele>258.45</ele></trkpt>
<trkpt lat="45.71152" lon="5.89317"><ele>259.93</ele></trkpt>
<trkpt lat="45.71165" lon="5.89315"><ele>260.75</ele></trkpt>
<trkpt lat="45.71178" lon="5.89315"><ele>261.58</ele></trkpt>
<trkpt lat="45.71199" lon="5.89317"><ele>262.78</ele></trkpt>
<trkpt lat="45.71285" lon="5.89342"><ele>267.56</ele></trkpt>
<trkpt lat="45.71292939376186" lon="5.893427939373258"><ele>267.5816121155305</ele></trkpt>
<trkpt lat="45.71297440786634" lon="5.893427398032421"><ele>267.5938364393597</ele></trkpt>
<trkpt lat="45.71301881371916" lon="5.8934168331556505"><ele>267.60606076318885</ele></trkpt>
<trkpt lat="45.71306152980637" lon="5.8933965020300025"><ele>267.61828508701797</ele></trkpt>
<trkpt lat="45.71310151576865" lon="5.893366899805081"><ele>267.63050941084714</ele></trkpt>
<trkpt lat="45.713137797739435" lon="5.893328747435426"><ele>267.6427337346763</ele></trkpt>
<trkpt lat="45.71316949206367" lon="5.89328297412286"><ele>267.6549580585055</ele></trkpt>
<trkpt lat="45.713195826819394" lon="5.893230694686286"><ele>267.66718238233466</ele></trkpt>
<trkpt lat="45.71321616061805" lon="5.893173182410004"><ele>267.67940670616383</ele></trkpt>
<trkpt lat="45.7132299982257" lon="5.89311183803188"><ele>267.691631029993</ele></trkpt>
<trkpt lat="45.71323700262446" lon="5.893048155626701"><ele>267.7038553538221</ele></trkpt>
<trkpt lat="45.71323700322073" lon="5.892983686215773"><ele>267.7160796776513</ele></trkpt>
<trkpt lat="45.71323" lon="5.892919999989265"><ele>267.72830400148047</ele></trkpt>
<trkpt lat="45.71327" lon="5.89217"><ele>265.19</ele></trkpt>
<trkpt lat="45.71331000000001" lon="5.891889999999999"><ele>264.55</ele></trkpt>
<trkpt lat="45.71339" lon="5.891590000000001"><ele>264.01</ele></trkpt>
<trkpt lat="45.71351" lon="5.89133"><ele>263.36</ele></trkpt>
<trkpt lat="45.71364" lon="5.89112"><ele>262.91</ele></trkpt>
<trkpt lat="45.71394" lon="5.89079"><ele>261.82</ele></trkpt>
<trkpt lat="45.71439000000001" lon="5.89026"><ele>260.12</ele></trkpt>
<trkpt lat="45.714839999999995" lon="5.88973"><ele>258.58</ele></trkpt>
<trkpt lat="45.71504" lon="5.889479999999999"><ele>257.79</ele></trkpt>
<trkpt lat="45.715199999999996" lon="5.88927"><ele>257.14</ele></trkpt>
<trkpt lat="45.71551" lon="5.88878"><ele>255.8</ele></trkpt>
<trkpt lat="45.71583" lon="5.88829"><ele>254.65</ele></trkpt>
<trkpt lat="45.71597" lon="5.888089999999999"><ele>254.42</ele></trkpt>
<trkpt lat="45.716120000000004" lon="5.887940000000001"><ele>254.78</ele></trkpt>
<trkpt lat="45.71633" lon="5.887759999999999"><ele>255.39</ele></trkpt>
<trkpt lat="45.71706" lon="5.887360000000001"><ele>256.87</ele></trkpt>
<trkpt lat="45.71778" lon="5.88695"><ele>258.22</ele></trkpt>
<trkpt lat="45.71851" lon="5.886540000000002"><ele>258.23</ele></trkpt>
<trkpt lat="45.719089999999994" lon="5.88614"><ele>257.64</ele></trkpt>
<trkpt lat="45.71944" lon="5.885790000000002"><ele>257.46</ele></trkpt>
<trkpt lat="45.71989" lon="5.88527"><ele>256.91</ele></trkpt>
<trkpt lat="45.72041" lon="5.884529999999999"><ele>253.4</ele></trkpt>
<trkpt lat="45.72069" lon="5.88411"><ele>251.04</ele></trkpt>
<trkpt lat="45.72121" lon="5.8831"><ele>246.38</ele></trkpt>
<trkpt lat="45.72153999999999" lon="5.88243"><ele>244.4</ele></trkpt>
<trkpt lat="45.72188" lon="5.88176"><ele>244.53</ele></trkpt>
<trkpt lat="45.72197" lon="5.88162"><ele>244.74</ele></trkpt>
<trkpt lat="45.72209000000001" lon="5.881529999999999"><ele>245.08</ele></trkpt>
<trkpt lat="45.72225" lon="5.881500000000001"><ele>245.54</ele></trkpt>
<trkpt lat="45.722370000000005" lon="5.881529999999999"><ele>245.92</ele></trkpt>
<trkpt lat="45.72297" lon="5.881990000000001"><ele>249.05</ele></trkpt>
<trkpt lat="45.723150000000004" lon="5.882170000000001"><ele>250.49</ele></trkpt>
<trkpt lat="45.72339" lon="5.882320000000001"><ele>252.1</ele></trkpt>
<trkpt lat="45.7236" lon="5.88242"><ele>253.32</ele></trkpt>
<trkpt lat="45.72397" lon="5.88252"><ele>255.41</ele></trkpt>
<trkpt lat="45.72420000000001" lon="5.88255"><ele>256.77</ele></trkpt>
<trkpt lat="45.7244" lon="5.88255"><ele>257.88</ele></trkpt>
<trkpt lat="45.7247" lon="5.88252"><ele>259.42</ele></trkpt>
<trkpt lat="45.72506" lon="5.882499999999999"><ele>261.37</ele></trkpt>
<trkpt lat="45.72574" lon="5.88242"><ele>263.09</ele></trkpt>
<trkpt lat="45.72619" lon="5.882370000000001"><ele>263.62</ele></trkpt>
<trkpt lat="45.72634000000001" lon="5.88234"><ele>263.63</ele></trkpt>
<trkpt lat="45.72659000000001" lon="5.8822399999999995"><ele>263.6</ele></trkpt>
<trkpt lat="45.72684000000001" lon="5.88211"><ele>263.15</ele></trkpt>
<trkpt lat="45.727259999999994" lon="5.88187"><ele>261.22</ele></trkpt>
<trkpt lat="45.727869999999996" lon="5.881500000000001"><ele>258.18</ele></trkpt>
<trkpt lat="45.72849" lon="5.88112"><ele>255.18</ele></trkpt>
<trkpt lat="45.72911" lon="5.88077"><ele>253.35</ele></trkpt>
<trkpt lat="45.729760000000006" lon="5.88052"><ele>252.52</ele></trkpt>
<trkpt lat="45.730399999999996" lon="5.880270000000001"><ele>251.72</ele></trkpt>
<trkpt lat="45.73105" lon="5.880030000000001"><ele>250.66</ele></trkpt>
<trkpt lat="45.73134000000001" lon="5.87995"><ele>250.35</ele></trkpt>
<trkpt lat="45.73145" lon="5.879940000000001"><ele>250.26</ele></trkpt>
<trkpt lat="45.73164" lon="5.879959999999999"><ele>249.94</ele></trkpt>
<trkpt lat="45.73177" lon="5.879999999999999"><ele>249.71</ele></trkpt>
<trkpt lat="45.73189" lon="5.88004"><ele>249.58</ele></trkpt>
<trkpt lat="45.73201000000001" lon="5.88012"><ele>249.43</ele></trkpt>
<trkpt lat="45.73217" lon="5.880239999999999"><ele>249.18</ele></trkpt>
<trkpt lat="45.732789999999994" lon="5.88082"><ele>249.46</ele></trkpt>
<trkpt lat="45.73294" lon="5.880899999999999"><ele>249.85</ele></trkpt>
<trkpt lat="45.73317" lon="5.880909999999999"><ele>250.33</ele></trkpt>
<trkpt lat="45.73387000000001" lon="5.88072"><ele>251.58</ele></trkpt>
<trkpt lat="45.73396" lon="5.88071"><ele>251.48</ele></trkpt>
<trkpt lat="45.73408" lon="5.88072"><ele>251.95</ele></trkpt>
<trkpt lat="45.73414" lon="5.88074"><ele>252</ele></trkpt>
<trkpt lat="45.73423999999999" lon="5.88085"><ele>252</ele></trkpt>
<trkpt lat="45.73428" lon="5.880920000000001"><ele>251.98</ele></trkpt>
<trkpt lat="45.73433" lon="5.88103"><ele>252.07</ele></trkpt>
<trkpt lat="45.73434" lon="5.8811"><ele>252.05</ele></trkpt>
<trkpt lat="45.73434999999999" lon="5.881250000000001"><ele>252.09</ele></trkpt>
<trkpt lat="45.734320000000004" lon="5.881419999999999"><ele>252</ele></trkpt>
<trkpt lat="45.73425" lon="5.881570000000001"><ele>252.01</ele></trkpt>
<trkpt lat="45.734210000000004" lon="5.88164"><ele>252.03</ele></trkpt>
<trkpt lat="45.733790000000006" lon="5.88213"><ele>252.17</ele></trkpt>
<trkpt lat="45.73368000000001" lon="5.8823"><ele>252.24</ele></trkpt>
<trkpt lat="45.7336" lon="5.882490000000001"><ele>252.31</ele></trkpt>
<trkpt lat="45.73356" lon="5.88262"><ele>252.38</ele></trkpt>
<trkpt lat="45.733540000000005" lon="5.88277"><ele>252.32</ele></trkpt>
<trkpt lat="45.73352" lon="5.882899999999999"><ele>252.35</ele></trkpt>
<trkpt lat="45.73352" lon="5.883020000000001"><ele>252.35</ele></trkpt>
<trkpt lat="45.73353" lon="5.88317"><ele>252.27</ele></trkpt>
<trkpt lat="45.73355" lon="5.883379999999999"><ele>252.3</ele></trkpt>
<trkpt lat="45.73364" lon="5.88382"><ele>252.21</ele></trkpt>
<trkpt lat="45.73367" lon="5.884049999999999"><ele>252.37</ele></trkpt>
<trkpt lat="45.73367" lon="5.884299999999999"><ele>252.38</ele></trkpt>
<trkpt lat="45.73366" lon="5.88445"><ele>252.31</ele></trkpt>
<trkpt lat="45.7336" lon="5.88468"><ele>251.89</ele></trkpt>
<trkpt lat="45.73352" lon="5.884870000000001"><ele>251.46</ele></trkpt>
<trkpt lat="45.73306" lon="5.8859"><ele>249.41</ele></trkpt>
<trkpt lat="45.73259999999999" lon="5.886929999999999"><ele>247.8</ele></trkpt>
<trkpt lat="45.73254000000001" lon="5.887099999999999"><ele>247.76</ele></trkpt>
<trkpt lat="45.73251" lon="5.88725"><ele>247.74</ele></trkpt>
<trkpt lat="45.73248999999999" lon="5.887360000000001"><ele>247.74</ele></trkpt>
<trkpt lat="45.73248000000001" lon="5.887540000000002"><ele>247.68</ele></trkpt>
<trkpt lat="45.73248000000001" lon="5.887690000000001"><ele>247.68</ele></trkpt>
<trkpt lat="45.7325" lon="5.887850000000001"><ele>247.51</ele></trkpt>
<trkpt lat="45.73272" lon="5.88886"><ele>246.88</ele></trkpt>
<trkpt lat="45.73272" lon="5.88903"><ele>247</ele></trkpt>
<trkpt lat="45.73276" lon="5.88943"><ele>246.92</ele></trkpt>
<trkpt lat="45.73277" lon="5.889479999999999"><ele>246.73</ele></trkpt>
<trkpt lat="45.7328" lon="5.88954"><ele>246.35</ele></trkpt>
<trkpt lat="45.73286" lon="5.88963"><ele>245.59</ele></trkpt>
<trkpt lat="45.733070000000005" lon="5.889840000000001"><ele>243.42</ele></trkpt>
<trkpt lat="45.73326000000001" lon="5.889990000000001"><ele>241.7</ele></trkpt>
<trkpt lat="45.73392" lon="5.89062"><ele>236.08</ele></trkpt>
<trkpt lat="45.73458" lon="5.891260000000001"><ele>233.93</ele></trkpt>
<trkpt lat="45.7347" lon="5.8913899999999995"><ele>233.84</ele></trkpt>
<trkpt lat="45.73487" lon="5.891619999999999"><ele>233.68</ele></trkpt>
<trkpt lat="45.73547" lon="5.892470000000001"><ele>233.63</ele></trkpt>
<trkpt lat="45.735600000000005" lon="5.89261"><ele>233.42</ele></trkpt>
<trkpt lat="45.7357" lon="5.892710000000001"><ele>233.5</ele></trkpt>
<trkpt lat="45.73590999999999" lon="5.89285"><ele>233.49</ele></trkpt>
<trkpt lat="45.73603" lon="5.89291"><ele>233.48</ele></trkpt>
<trkpt lat="45.73617" lon="5.8929599999999995"><ele>233.49</ele></trkpt>
<trkpt lat="45.73637999999999" lon="5.893"><ele>233.57</ele></trkpt>
<trkpt lat="45.73657000000001" lon="5.89299"><ele>233.56</ele></trkpt>
<trkpt lat="45.73672" lon="5.89297"><ele>233.74</ele></trkpt>
<trkpt lat="45.73698999999999" lon="5.892890000000001"><ele>233.95</ele></trkpt>
<trkpt lat="45.73762" lon="5.89268"><ele>235.89</ele></trkpt>
<trkpt lat="45.73816" lon="5.892439999999999"><ele>237.51</ele></trkpt>
<trkpt lat="45.73865" lon="5.89221"><ele>239.05</ele></trkpt>
<trkpt lat="45.73914" lon="5.891980000000001"><ele>240.47</ele></trkpt>
<trkpt lat="45.73923" lon="5.8919299999999994"><ele>240.65</ele></trkpt>
<trkpt lat="45.73936" lon="5.891819999999999"><ele>240.71</ele></trkpt>
<trkpt lat="45.73964" lon="5.891489999999999"><ele>240.46</ele></trkpt>
<trkpt lat="45.73978" lon="5.891379999999999"><ele>240.09</ele></trkpt>
<trkpt lat="45.74004999999999" lon="5.891220000000001"><ele>239.23</ele></trkpt>
<trkpt lat="45.74023999999999" lon="5.891049999999999"><ele>238.3</ele></trkpt>
<trkpt lat="45.74059999999999" lon="5.89066"><ele>237.4</ele></trkpt>
<trkpt lat="45.74098" lon="5.89026"><ele>235.89</ele></trkpt>
<trkpt lat="45.741240000000005" lon="5.88997"><ele>234.95</ele></trkpt>
<trkpt lat="45.74139" lon="5.889840000000001"><ele>234.48</ele></trkpt>
<trkpt lat="45.741879999999995" lon="5.8894899999999994"><ele>234.47</ele></trkpt>
<trkpt lat="45.74211" lon="5.889239999999999"><ele>234.54</ele></trkpt>
<trkpt lat="45.74233" lon="5.889049999999998"><ele>234.42</ele></trkpt>
<trkpt lat="45.74253" lon="5.888909999999999"><ele>234.21</ele></trkpt>
<trkpt lat="45.74287999999999" lon="5.88872"><ele>234.06</ele></trkpt>
<trkpt lat="45.74307000000001" lon="5.888569999999999"><ele>234.07</ele></trkpt>
<trkpt lat="45.74327" lon="5.888379999999998"><ele>234.04</ele></trkpt>
<trkpt lat="45.74333" lon="5.88829"><ele>234.03</ele></trkpt>
<trkpt lat="45.74359" lon="5.88778"><ele>234.27</ele></trkpt>
<trkpt lat="45.74375" lon="5.887510000000001"><ele>234.35</ele></trkpt>
<trkpt lat="45.74384" lon="5.88741"><ele>234.45</ele></trkpt>
<trkpt lat="45.74415" lon="5.887179999999999"><ele>234.89</ele></trkpt>
<trkpt lat="45.74423" lon="5.88711"><ele>235.11</ele></trkpt>
<trkpt lat="45.74428" lon="5.8870200000000015"><ele>235.11</ele></trkpt>
<trkpt lat="45.74443999999999" lon="5.88675"><ele>235.57</ele></trkpt>
<trkpt lat="45.744519999999994" lon="5.886669999999999"><ele>235.63</ele></trkpt>
<trkpt lat="45.74459" lon="5.88662"><ele>235.77</ele></trkpt>
<trkpt lat="45.74465" lon="5.88656"><ele>235.79</ele></trkpt>
<trkpt lat="45.74471" lon="5.88648"><ele>235.87</ele></trkpt>
<trkpt lat="45.74482" lon="5.8862499999999995"><ele>235.91</ele></trkpt>
<trkpt lat="45.745129999999996" lon="5.88589"><ele>235.61</ele></trkpt>
<trkpt lat="45.74532" lon="5.88566"><ele>235.42</ele></trkpt>
<trkpt lat="45.74564" lon="5.88538"><ele>235.38</ele></trkpt>
<trkpt lat="45.74581" lon="5.8853"><ele>235.26</ele></trkpt>
<trkpt lat="45.7459" lon="5.885230000000002"><ele>235.23</ele></trkpt>
<trkpt lat="45.74598" lon="5.88511"><ele>235.31</ele></trkpt>
<trkpt lat="45.746050000000004" lon="5.88506"><ele>235.26</ele></trkpt>
<trkpt lat="45.74629" lon="5.884999999999998"><ele>235.14</ele></trkpt>
<trkpt lat="45.746379999999995" lon="5.8849599999999995"><ele>235.11</ele></trkpt>
<trkpt lat="45.74648" lon="5.884890000000001"><ele>235.06</ele></trkpt>
<trkpt lat="45.74658" lon="5.88478"><ele>234.91</ele></trkpt>
<trkpt lat="45.746739999999996" lon="5.88458"><ele>234.92</ele></trkpt>
<trkpt lat="45.747020000000006" lon="5.884289999999999"><ele>234.79</ele></trkpt>
<trkpt lat="45.74707999999999" lon="5.884250000000001"><ele>234.79</ele></trkpt>
<trkpt lat="45.74734" lon="5.88416"><ele>234.68</ele></trkpt>
<trkpt lat="45.747769999999996" lon="5.883879999999999"><ele>234.38</ele></trkpt>
<trkpt lat="45.74795" lon="5.8837399999999995"><ele>234.13</ele></trkpt>
<trkpt lat="45.748270000000005" lon="5.88345"><ele>233.59</ele></trkpt>
<trkpt lat="45.74877000000001" lon="5.88304"><ele>233.36</ele></trkpt>
<trkpt lat="45.749269999999996" lon="5.88264"><ele>233.37</ele></trkpt>
<trkpt lat="45.749689999999994" lon="5.882320000000001"><ele>233.45</ele></trkpt>
<trkpt lat="45.75011" lon="5.882"><ele>233.32</ele></trkpt>
<trkpt lat="45.75087" lon="5.881479999999999"><ele>233.41</ele></trkpt>
<trkpt lat="45.75160000000001" lon="5.88103"><ele>233.29</ele></trkpt>
<trkpt lat="45.75232999999999" lon="5.880590000000001"><ele>233.3</ele></trkpt>
<trkpt lat="45.75306" lon="5.88014"><ele>234.04</ele></trkpt>
<trkpt lat="45.75313" lon="5.88012"><ele>234</ele></trkpt>
<trkpt lat="45.75334" lon="5.88013"><ele>234.52</ele></trkpt>
<trkpt lat="45.7534" lon="5.88013"><ele>234.32</ele></trkpt>
<trkpt lat="45.75349" lon="5.8801"><ele>233.94</ele></trkpt>
<trkpt lat="45.75372" lon="5.87998"><ele>233.62</ele></trkpt>
<trkpt lat="45.75427" lon="5.879759999999998"><ele>233.33</ele></trkpt>
<trkpt lat="45.75438" lon="5.879690000000001"><ele>233.33</ele></trkpt>
<trkpt lat="45.75448" lon="5.879600000000002"><ele>233.22</ele></trkpt>
<trkpt lat="45.75462" lon="5.87947"><ele>233.43</ele></trkpt>
<trkpt lat="45.75487" lon="5.87915"><ele>233.3</ele></trkpt>
<trkpt lat="45.75495" lon="5.879019999999999"><ele>233.35</ele></trkpt>
<trkpt lat="45.75501" lon="5.8789"><ele>233.4</ele></trkpt>
<trkpt lat="45.75507" lon="5.87875"><ele>233.19</ele></trkpt>
<trkpt lat="45.75511" lon="5.87862"><ele>233.2</ele></trkpt>
<trkpt lat="45.755329999999994" lon="5.87769"><ele>233.2</ele></trkpt>
<trkpt lat="45.75547" lon="5.87731"><ele>233.16</ele></trkpt>
<trkpt lat="45.75573" lon="5.87677"><ele>233.05</ele></trkpt>
<trkpt lat="45.75598" lon="5.876229999999999"><ele>233.27</ele></trkpt>
<trkpt lat="45.75613" lon="5.875970000000001"><ele>233.18</ele></trkpt>
<trkpt lat="45.75638" lon="5.87561"><ele>233.28</ele></trkpt>
<trkpt lat="45.75696" lon="5.8749899999999995"><ele>233.33</ele></trkpt>
<trkpt lat="45.75712" lon="5.87479"><ele>233.14</ele></trkpt>
<trkpt lat="45.757220000000004" lon="5.87464"><ele>233.2</ele></trkpt>
<trkpt lat="45.75732" lon="5.87446"><ele>233.21</ele></trkpt>
<trkpt lat="45.75760999999999" lon="5.873879999999998"><ele>233.47</ele></trkpt>
<trkpt lat="45.75766999999999" lon="5.87371"><ele>233.81</ele></trkpt>
<trkpt lat="45.75773" lon="5.87345"><ele>234.22</ele></trkpt>
<trkpt lat="45.75795" lon="5.87228"><ele>233.09</ele></trkpt>
<trkpt lat="45.75799" lon="5.872110000000001"><ele>233.1</ele></trkpt>
<trkpt lat="45.75804" lon="5.87198"><ele>233.24</ele></trkpt>
<trkpt lat="45.75811" lon="5.871849999999999"><ele>233.17</ele></trkpt>
<trkpt lat="45.7582" lon="5.8717299999999994"><ele>233.16</ele></trkpt>
<trkpt lat="45.758329999999994" lon="5.87158"><ele>233.19</ele></trkpt>
<trkpt lat="45.75846" lon="5.87147"><ele>233.18</ele></trkpt>
<trkpt lat="45.75877" lon="5.87123"><ele>233.33</ele></trkpt>
<trkpt lat="45.758829999999996" lon="5.871160000000001"><ele>233.34</ele></trkpt>
<trkpt lat="45.75902" lon="5.870939999999999"><ele>233.36</ele></trkpt>
<trkpt lat="45.759249999999994" lon="5.87071"><ele>233.32</ele></trkpt>
<trkpt lat="45.759330000000006" lon="5.87064"><ele>233.3</ele></trkpt>
<trkpt lat="45.75941000000001" lon="5.870599999999998"><ele>233.3</ele></trkpt>
<trkpt lat="45.75951" lon="5.870599999999998"><ele>233.3</ele></trkpt>
<trkpt lat="45.75971" lon="5.87073"><ele>233.41</ele></trkpt>
<trkpt lat="45.75977999999999" lon="5.87075"><ele>233.56</ele></trkpt>
<trkpt lat="45.76037" lon="5.87073"><ele>233.43</ele></trkpt>
<trkpt lat="45.76073" lon="5.870759999999999"><ele>233.35</ele></trkpt>
<trkpt lat="45.760830000000006" lon="5.870759999999999"><ele>233.32</ele></trkpt>
<trkpt lat="45.76149" lon="5.870599999999998"><ele>233.27</ele></trkpt>
<trkpt lat="45.7622" lon="5.870489999999999"><ele>233.41</ele></trkpt>
<trkpt lat="45.76292" lon="5.87039"><ele>233.56</ele></trkpt>
<trkpt lat="45.76332" lon="5.87034"><ele>233.82</ele></trkpt>
<trkpt lat="45.76369" lon="5.87033"><ele>233.56</ele></trkpt>
<trkpt lat="45.76412" lon="5.87034"><ele>233.08</ele></trkpt>
<trkpt lat="45.76474" lon="5.870369999999999"><ele>233.12</ele></trkpt>
<trkpt lat="45.76535" lon="5.87041"><ele>233.12</ele></trkpt>
<trkpt lat="45.765969999999996" lon="5.87044"><ele>233.12</ele></trkpt>
<trkpt lat="45.76630999999999" lon="5.870430000000001"><ele>233.35</ele></trkpt>
<trkpt lat="45.76666" lon="5.8704"><ele>233.63</ele></trkpt>
<trkpt lat="45.767140000000005" lon="5.87031"><ele>234.27</ele></trkpt>
<trkpt lat="45.76767" lon="5.87015"><ele>233.06</ele></trkpt>
<trkpt lat="45.76800000000001" lon="5.870029999999999"><ele>233.48</ele></trkpt>
<trkpt lat="45.76866999999999" lon="5.869720000000001"><ele>233.41</ele></trkpt>
<trkpt lat="45.76934" lon="5.86941"><ele>233.22</ele></trkpt>
<trkpt lat="45.77002" lon="5.86909"><ele>233.28206693591915</ele></trkpt>
<trkpt lat="45.77036" lon="5.86894"><ele>233.31291706792007</ele></trkpt>
<trkpt lat="45.77066" lon="5.868759999999999"><ele>233.34112035505274</ele></trkpt>
<trkpt lat="45.77075000000001" lon="5.868689999999998"><ele>233.35</ele></trkpt>
<trkpt lat="45.77099" lon="5.86852"><ele>233.68</ele></trkpt>
<trkpt lat="45.77158" lon="5.86818"><ele>233.31</ele></trkpt>
<trkpt lat="45.772" lon="5.867960000000001"><ele>233.24</ele></trkpt>
<trkpt lat="45.7723" lon="5.86783"><ele>233.24</ele></trkpt>
<trkpt lat="45.77289" lon="5.867610000000001"><ele>233.55</ele></trkpt>
<trkpt lat="45.77349" lon="5.86739"><ele>233.51</ele></trkpt>
<trkpt lat="45.77364000000001" lon="5.867319999999999"><ele>233.32</ele></trkpt>
<trkpt lat="45.77377" lon="5.867250000000001"><ele>233.24</ele></trkpt>
<trkpt lat="45.77446" lon="5.86679"><ele>233.9</ele></trkpt>
<trkpt lat="45.77476" lon="5.86662"><ele>233.47</ele></trkpt>
<trkpt lat="45.77539000000001" lon="5.86628"><ele>233.3</ele></trkpt>
<trkpt lat="45.77603" lon="5.86594"><ele>233.19</ele></trkpt>
<trkpt lat="45.776669999999996" lon="5.86561"><ele>233.4</ele></trkpt>
<trkpt lat="45.77731000000001" lon="5.86527"><ele>233.36</ele></trkpt>
<trkpt lat="45.77797" lon="5.86497"><ele>233.56</ele></trkpt>
<trkpt lat="45.77843" lon="5.8648"><ele>233.08</ele></trkpt>
<trkpt lat="45.77889" lon="5.86462"><ele>233.98</ele></trkpt>
<trkpt lat="45.77896" lon="5.864609999999999"><ele>234.17</ele></trkpt>
<trkpt lat="45.77907" lon="5.86465"><ele>234.22</ele></trkpt>
<trkpt lat="45.779259999999994" lon="5.864780000000001"><ele>233.81</ele></trkpt>
<trkpt lat="45.77938" lon="5.86481"><ele>233.71</ele></trkpt>
<trkpt lat="45.77991" lon="5.864690000000001"><ele>233.8</ele></trkpt>
<trkpt lat="45.78044" lon="5.86456"><ele>233.35</ele></trkpt>
<trkpt lat="45.7808" lon="5.8644500000000015"><ele>233.78</ele></trkpt>
<trkpt lat="45.78096" lon="5.86437"><ele>234.41</ele></trkpt>
<trkpt lat="45.78144" lon="5.86407"><ele>235.42</ele></trkpt>
<trkpt lat="45.78197" lon="5.86381"><ele>239.51</ele></trkpt>
<trkpt lat="45.782199999999996" lon="5.86371"><ele>239.62</ele></trkpt>
<trkpt lat="45.78235" lon="5.86366"><ele>238.28</ele></trkpt>
<trkpt lat="45.78253999999999" lon="5.863620000000002"><ele>238.64</ele></trkpt>
<trkpt lat="45.78278000000001" lon="5.863599999999999"><ele>239.06</ele></trkpt>
<trkpt lat="45.78296" lon="5.86356"><ele>239.27</ele></trkpt>
<trkpt lat="45.78308" lon="5.863530000000001"><ele>239.34</ele></trkpt>
<trkpt lat="45.78320000000001" lon="5.86347"><ele>239.58</ele></trkpt>
<trkpt lat="45.7833" lon="5.86341"><ele>239.8</ele></trkpt>
<trkpt lat="45.78342" lon="5.86331"><ele>240.04</ele></trkpt>
<trkpt lat="45.78417999999999" lon="5.862639999999999"><ele>243.1</ele></trkpt>
<trkpt lat="45.784369999999996" lon="5.862510000000001"><ele>244.21</ele></trkpt>
<trkpt lat="45.78503" lon="5.8621"><ele>247.66</ele></trkpt>
<trkpt lat="45.78577" lon="5.86166"><ele>252.07</ele></trkpt>
<trkpt lat="45.7865" lon="5.86123"><ele>256.52</ele></trkpt>
<trkpt lat="45.78674" lon="5.861129999999999"><ele>257.82</ele></trkpt>
<trkpt lat="45.78688" lon="5.86109"><ele>258.55</ele></trkpt>
<trkpt lat="45.787729999999996" lon="5.860970000000001"><ele>262.28</ele></trkpt>
<trkpt lat="45.78858" lon="5.86084"><ele>264.66</ele></trkpt>
<trkpt lat="45.78943" lon="5.860720000000001"><ele>268.38</ele></trkpt>
<trkpt lat="45.79027" lon="5.86059"><ele>271.98</ele></trkpt>
<trkpt lat="45.79112000000001" lon="5.860459999999998"><ele>273.25</ele></trkpt>
<trkpt lat="45.79197" lon="5.86034"><ele>274.85</ele></trkpt>
<trkpt lat="45.79261" lon="5.86023"><ele>277.93</ele></trkpt>
<trkpt lat="45.79323999999999" lon="5.860120000000001"><ele>280.93</ele></trkpt>
<trkpt lat="45.79388" lon="5.860010000000002"><ele>281.85</ele></trkpt>
<trkpt lat="45.79442" lon="5.859929999999999"><ele>282.65</ele></trkpt>
<trkpt lat="45.794819999999994" lon="5.85986"><ele>282.76</ele></trkpt>
<trkpt lat="45.79506" lon="5.8598"><ele>282.52</ele></trkpt>
<trkpt lat="45.79572" lon="5.85962"><ele>280.53</ele></trkpt>
<trkpt lat="45.79643000000001" lon="5.85938"><ele>277.03</ele></trkpt>
<trkpt lat="45.79682" lon="5.85928"><ele>274.8</ele></trkpt>
<trkpt lat="45.7972" lon="5.85919"><ele>272.7</ele></trkpt>
<trkpt lat="45.79762999999999" lon="5.85911"><ele>270.27</ele></trkpt>
<trkpt lat="45.797740000000005" lon="5.8591"><ele>269.63</ele></trkpt>
<trkpt lat="45.7979" lon="5.85911"><ele>268.68</ele></trkpt>
<trkpt lat="45.79801" lon="5.859089999999999"><ele>268.07</ele></trkpt>
<trkpt lat="45.79826" lon="5.85897"><ele>266.8</ele></trkpt>
<trkpt lat="45.79897" lon="5.85853"><ele>263.32</ele></trkpt>
<trkpt lat="45.79968000000001" lon="5.858100000000001"><ele>259.6</ele></trkpt>
<trkpt lat="45.80028" lon="5.857739999999999"><ele>256.06</ele></trkpt>
<trkpt lat="45.80087" lon="5.857379999999999"><ele>252.31</ele></trkpt>
<trkpt lat="45.801460000000006" lon="5.85703"><ele>249.11</ele></trkpt>
<trkpt lat="45.80158" lon="5.85698"><ele>248.79</ele></trkpt>
<trkpt lat="45.80218000000001" lon="5.85685"><ele>247.84</ele></trkpt>
<trkpt lat="45.80229" lon="5.85679"><ele>247.49</ele></trkpt>
<trkpt lat="45.80239" lon="5.85673"><ele>247.07</ele></trkpt>
<trkpt lat="45.80251" lon="5.856580000000001"><ele>246.29</ele></trkpt>
<trkpt lat="45.80297" lon="5.855989999999999"><ele>243.39</ele></trkpt>
<trkpt lat="45.80309" lon="5.85583"><ele>242.84</ele></trkpt>
<trkpt lat="45.80344" lon="5.855479999999999"><ele>241.44</ele></trkpt>
<trkpt lat="45.80375" lon="5.85522"><ele>240.07</ele></trkpt>
<trkpt lat="45.804129999999994" lon="5.855"><ele>238.82</ele></trkpt>
<trkpt lat="45.80473" lon="5.854720000000001"><ele>238.18</ele></trkpt>
<trkpt lat="45.80534" lon="5.854449999999999"><ele>238.5</ele></trkpt>
<trkpt lat="45.80551" lon="5.854339999999998"><ele>238.45</ele></trkpt>
<trkpt lat="45.80561" lon="5.85425"><ele>238.47</ele></trkpt>
<trkpt lat="45.80607" lon="5.853770000000001"><ele>238.42</ele></trkpt>
<trkpt lat="45.80625" lon="5.853630000000001"><ele>238.29</ele></trkpt>
<trkpt lat="45.80644" lon="5.853550000000001"><ele>238.73</ele></trkpt>
<trkpt lat="45.80693" lon="5.853449999999999"><ele>238.78</ele></trkpt>
<trkpt lat="45.80743" lon="5.85335"><ele>239.72</ele></trkpt>
<trkpt lat="45.80785000000001" lon="5.85323"><ele>240.06</ele></trkpt>
<trkpt lat="45.80803" lon="5.853140000000001"><ele>240.38</ele></trkpt>
<trkpt lat="45.80821000000001" lon="5.85301"><ele>240.55</ele></trkpt>
<trkpt lat="45.80892" lon="5.85236"><ele>241.74</ele></trkpt>
<trkpt lat="45.809630000000006" lon="5.85171"><ele>242.89</ele></trkpt>
<trkpt lat="45.81032999999999" lon="5.851069999999999"><ele>243.56</ele></trkpt>
<trkpt lat="45.81058" lon="5.85089"><ele>243.68</ele></trkpt>
<trkpt lat="45.810629999999996" lon="5.850910000000001"><ele>243.73</ele></trkpt>
<trkpt lat="45.81068" lon="5.850910000000001"><ele>243.81</ele></trkpt>
<trkpt lat="45.81072" lon="5.85088"><ele>243.91</ele></trkpt>
<trkpt lat="45.81076" lon="5.850829999999998"><ele>243.99</ele></trkpt>
<trkpt lat="45.81078" lon="5.85077"><ele>243.93</ele></trkpt>
<trkpt lat="45.81079" lon="5.85071"><ele>243.77</ele></trkpt>
<trkpt lat="45.81079" lon="5.850670000000001"><ele>243.71</ele></trkpt>
<trkpt lat="45.810770000000005" lon="5.850580000000001"><ele>243.58</ele></trkpt>
<trkpt lat="45.81073" lon="5.850520000000001"><ele>243.43</ele></trkpt>
<trkpt lat="45.81067" lon="5.85048"><ele>243.37</ele></trkpt>
<trkpt lat="45.81060000000001" lon="5.85048"><ele>243.33</ele></trkpt>
<trkpt lat="45.81054" lon="5.85053"><ele>243.25</ele></trkpt>
<trkpt lat="45.81045" lon="5.85055"><ele>242.98</ele></trkpt>
<trkpt lat="45.810379999999995" lon="5.85056"><ele>242.67</ele></trkpt>
<trkpt lat="45.81032" lon="5.85054"><ele>242.33</ele></trkpt>
<trkpt lat="45.81022" lon="5.85047"><ele>241.71</ele></trkpt>
<trkpt lat="45.80973" lon="5.850010000000001"><ele>241.13</ele></trkpt>
<trkpt lat="45.80954" lon="5.84987"><ele>240.31</ele></trkpt>
<trkpt lat="45.80931" lon="5.84973"><ele>238.91</ele></trkpt>
<trkpt lat="45.80887" lon="5.84948"><ele>236.21</ele></trkpt>
<trkpt lat="45.80868999999999" lon="5.8493699999999995"><ele>235.24</ele></trkpt>
<trkpt lat="45.80857999999999" lon="5.849259999999999"><ele>234.58</ele></trkpt>
<trkpt lat="45.80788" lon="5.84849"><ele>233.19</ele></trkpt>
<trkpt lat="45.80771" lon="5.848269999999999"><ele>233.12</ele></trkpt>
<trkpt lat="45.807660000000006" lon="5.84821"><ele>233.05</ele></trkpt>
<trkpt lat="45.807269999999995" lon="5.847710000000001"><ele>232.98</ele></trkpt>
<trkpt lat="45.80688000000001" lon="5.84721"><ele>233.22</ele></trkpt>
<trkpt lat="45.80682000000001" lon="5.847109999999998"><ele>233.21</ele></trkpt>
<trkpt lat="45.80678" lon="5.8469999999999995"><ele>233.39</ele></trkpt>
<trkpt lat="45.80676999999999" lon="5.846869999999999"><ele>233.66</ele></trkpt>
<trkpt lat="45.80681" lon="5.8465"><ele>233.64</ele></trkpt>
<trkpt lat="45.80682000000001" lon="5.84627"><ele>233.56</ele></trkpt>
<trkpt lat="45.8068" lon="5.84604"><ele>233.52</ele></trkpt>
<trkpt lat="45.80676999999999" lon="5.845889999999999"><ele>233.52</ele></trkpt>
<trkpt lat="45.80665" lon="5.8455"><ele>233.47</ele></trkpt>
<trkpt lat="45.806380000000004" lon="5.84484"><ele>233.41</ele></trkpt>
<trkpt lat="45.80634" lon="5.84469"><ele>233.49</ele></trkpt>
<trkpt lat="45.80631" lon="5.84456"><ele>233.35</ele></trkpt>
<trkpt lat="45.80629999999999" lon="5.844480000000001"><ele>233.38</ele></trkpt>
<trkpt lat="45.80629999999999" lon="5.84425"><ele>233.24</ele></trkpt>
<trkpt lat="45.80633" lon="5.844039999999998"><ele>233.03</ele></trkpt>
<trkpt lat="45.80657999999999" lon="5.84305"><ele>232.63</ele></trkpt>
<trkpt lat="45.80682999999999" lon="5.84207"><ele>232.64</ele></trkpt>
<trkpt lat="45.80707000000001" lon="5.84115"><ele>232.53</ele></trkpt>
<trkpt lat="45.80723" lon="5.840610000000001"><ele>232.68</ele></trkpt>
<trkpt lat="45.80747" lon="5.839889999999999"><ele>232.54</ele></trkpt>
<trkpt lat="45.80772" lon="5.83917"><ele>232.56</ele></trkpt>
<trkpt lat="45.80803" lon="5.838210000000001"><ele>232.6</ele></trkpt>
<trkpt lat="45.80834" lon="5.83726"><ele>232.54</ele></trkpt>
<trkpt lat="45.80866" lon="5.83631"><ele>232.56</ele></trkpt>
<trkpt lat="45.80897" lon="5.83535"><ele>232.6</ele></trkpt>
<trkpt lat="45.80929" lon="5.8344"><ele>232.45</ele></trkpt>
<trkpt lat="45.80944" lon="5.83396"><ele>232.57</ele></trkpt>
<trkpt lat="45.809549999999994" lon="5.8337699999999995"><ele>232.99</ele></trkpt>
<trkpt lat="45.809659999999994" lon="5.83362"><ele>233.68</ele></trkpt>
<trkpt lat="45.809940000000005" lon="5.83332"><ele>234.56</ele></trkpt>
<trkpt lat="45.81067" lon="5.83257"><ele>239.48</ele></trkpt>
<trkpt lat="45.81072" lon="5.83248"><ele>240.15</ele></trkpt>
<trkpt lat="45.81073" lon="5.83242"><ele>240.48</ele></trkpt>
<trkpt lat="45.81074000000001" lon="5.83236"><ele>240.64</ele></trkpt>
<trkpt lat="45.8107" lon="5.83189"><ele>238.25</ele></trkpt>
<trkpt lat="45.8107" lon="5.831790000000001"><ele>237.8968659921835</ele></trkpt>
<trkpt lat="45.810770000000005" lon="5.83108"><ele>235.36465941991793</ele></trkpt>
<trkpt lat="45.81076" lon="5.830980000000001"><ele>235.00791016114175</ele></trkpt>
<trkpt lat="45.81071" lon="5.83083"><ele>234.42075580337666</ele></trkpt>
<trkpt lat="45.81068" lon="5.8307699999999985"><ele>234.16</ele></trkpt>
<trkpt lat="45.81056" lon="5.83061"><ele>233.48</ele></trkpt>
<trkpt lat="45.81047" lon="5.830549999999999"><ele>233.23</ele></trkpt>
<trkpt lat="45.81042" lon="5.83053"><ele>233.19</ele></trkpt>
<trkpt lat="45.810019999999994" lon="5.830480000000001"><ele>232.59</ele></trkpt>
<trkpt lat="45.809940000000005" lon="5.830460000000001"><ele>232.55</ele></trkpt>
<trkpt lat="45.8098" lon="5.830379999999999"><ele>232.9</ele></trkpt>
<trkpt lat="45.80910999999999" lon="5.829740000000001"><ele>232.82</ele></trkpt>
<trkpt lat="45.80881" lon="5.8293"><ele>233</ele></trkpt>
<trkpt lat="45.80868999999999" lon="5.829049999999999"><ele>233</ele></trkpt>
<trkpt lat="45.8086" lon="5.82845"><ele>232.56</ele></trkpt>
<trkpt lat="45.80854" lon="5.82773"><ele>234.03</ele></trkpt>
<trkpt lat="45.80851" lon="5.8275000000000015"><ele>233.97</ele></trkpt>
<trkpt lat="45.80846" lon="5.82723"><ele>233.53</ele></trkpt>
<trkpt lat="45.80834" lon="5.82688"><ele>232.66</ele></trkpt>
<trkpt lat="45.80789" lon="5.8258"><ele>232.79</ele></trkpt>
<trkpt lat="45.80746" lon="5.82487"><ele>233.39</ele></trkpt>
<trkpt lat="45.806990000000006" lon="5.824110000000001"><ele>233.26</ele></trkpt>
<trkpt lat="45.80682000000001" lon="5.823800000000001"><ele>232.84</ele></trkpt>
<trkpt lat="45.80675" lon="5.82356"><ele>232.85</ele></trkpt>
<trkpt lat="45.80656" lon="5.822460000000001"><ele>232.72</ele></trkpt>
<trkpt lat="45.80643" lon="5.821690000000002"><ele>232.96</ele></trkpt>
<trkpt lat="45.80631" lon="5.820909999999999"><ele>233.35</ele></trkpt>
<trkpt lat="45.806270000000005" lon="5.82056"><ele>233.91</ele></trkpt>
<trkpt lat="45.80626" lon="5.81988"><ele>234.89</ele></trkpt>
<trkpt lat="45.80625" lon="5.819640000000001"><ele>235.32</ele></trkpt>
<trkpt lat="45.80622" lon="5.81948"><ele>235.71</ele></trkpt>
<trkpt lat="45.80615999999999" lon="5.81932"><ele>236.17</ele></trkpt>
<trkpt lat="45.80604999999999" lon="5.8191000000000015"><ele>236.87</ele></trkpt>
<trkpt lat="45.80598" lon="5.818999999999998"><ele>237.17</ele></trkpt>
<trkpt lat="45.80585000000001" lon="5.81883"><ele>237.84</ele></trkpt>
<trkpt lat="45.805519999999994" lon="5.818440000000001"><ele>237.33</ele></trkpt>
<trkpt lat="45.805240000000005" lon="5.81814"><ele>236.38</ele></trkpt>
<trkpt lat="45.804849999999995" lon="5.81762"><ele>234.49</ele></trkpt>
<trkpt lat="45.80476" lon="5.817559999999999"><ele>234.12</ele></trkpt>
<trkpt lat="45.80467" lon="5.81753"><ele>233.55</ele></trkpt>
<trkpt lat="45.80454999999999" lon="5.817489999999999"><ele>232.9</ele></trkpt>
<trkpt lat="45.80431" lon="5.817450000000001"><ele>232.78</ele></trkpt>
<trkpt lat="45.80345" lon="5.817429999999999"><ele>230.93</ele></trkpt>
<trkpt lat="45.80276" lon="5.817270000000001"><ele>232.17</ele></trkpt>
<trkpt lat="45.80207999999999" lon="5.817109999999999"><ele>232.93</ele></trkpt>
<trkpt lat="45.80159" lon="5.81702"><ele>232.82</ele></trkpt>
<trkpt lat="45.80114" lon="5.817049999999999"><ele>232.2</ele></trkpt>
<trkpt lat="45.80062" lon="5.81714"><ele>232.19</ele></trkpt>
<trkpt lat="45.79994" lon="5.81738"><ele>232.81</ele></trkpt>
<trkpt lat="45.79934" lon="5.817500000000001"><ele>232.45</ele></trkpt>
<trkpt lat="45.79875" lon="5.81762"><ele>231.88</ele></trkpt>
<trkpt lat="45.79815" lon="5.817729999999999"><ele>232.47</ele></trkpt>
<trkpt lat="45.79801" lon="5.81774"><ele>232.51</ele></trkpt>
<trkpt lat="45.79742" lon="5.81765"><ele>232.31</ele></trkpt>
<trkpt lat="45.79679000000001" lon="5.817750000000001"><ele>232.19</ele></trkpt>
<trkpt lat="45.79616" lon="5.817849999999999"><ele>232.58</ele></trkpt>
<trkpt lat="45.79548" lon="5.81799"><ele>232.85</ele></trkpt>
<trkpt lat="45.79522" lon="5.818080000000001"><ele>233.4</ele></trkpt>
<trkpt lat="45.79512" lon="5.81815"><ele>233.62</ele></trkpt>
<trkpt lat="45.79473999999999" lon="5.81856"><ele>234.71</ele></trkpt>
<trkpt lat="45.79437" lon="5.8189"><ele>235.52</ele></trkpt>
<trkpt lat="45.793929999999996" lon="5.819239999999999"><ele>237.3</ele></trkpt>
<trkpt lat="45.79359" lon="5.81948"><ele>239.66</ele></trkpt>
<trkpt lat="45.793400000000005" lon="5.81965"><ele>241.52</ele></trkpt>
<trkpt lat="45.79314" lon="5.81996"><ele>245.37</ele></trkpt>
<trkpt lat="45.79302" lon="5.820080000000002"><ele>246.77</ele></trkpt>
<trkpt lat="45.79287999999999" lon="5.8201600000000004"><ele>248.36</ele></trkpt>
<trkpt lat="45.79212" lon="5.82054"><ele>253.12</ele></trkpt>
<trkpt lat="45.791509999999995" lon="5.82084"><ele>255.79</ele></trkpt>
<trkpt lat="45.79090000000001" lon="5.82113"><ele>258.07</ele></trkpt>
<trkpt lat="45.79028" lon="5.82142"><ele>259.91</ele></trkpt>
<trkpt lat="45.78983" lon="5.82171"><ele>263.67</ele></trkpt>
<trkpt lat="45.78970999999999" lon="5.821809999999998"><ele>265.08</ele></trkpt>
<trkpt lat="45.78958" lon="5.821979999999999"><ele>267.4205119227729</ele></trkpt>
<trkpt lat="45.78945999999999" lon="5.8221799999999995"><ele>269.835974888149</ele></trkpt>
<trkpt lat="45.78931" lon="5.82221"><ele>272.0074490043625</ele></trkpt>
<trkpt lat="45.7893" lon="5.82217"><ele>272.40477091276387</ele></trkpt>
<trkpt lat="45.78919" lon="5.82187"><ele>275.57142686671324</ele></trkpt>
<trkpt lat="45.78909999999999" lon="5.82168"><ele>277.73</ele></trkpt>
<trkpt lat="45.78903999999999" lon="5.82168"><ele>278.3</ele></trkpt>
<trkpt lat="45.78875" lon="5.821809999999998"><ele>281.78</ele></trkpt>
<trkpt lat="45.78825" lon="5.82203"><ele>287.01</ele></trkpt>
<trkpt lat="45.78827" lon="5.821799999999998"><ele>288.1</ele></trkpt>
<trkpt lat="45.7883" lon="5.82166"><ele>288.88</ele></trkpt>
<trkpt lat="45.78837999999999" lon="5.82151"><ele>290.05</ele></trkpt>
<trkpt lat="45.78844" lon="5.82142"><ele>291.08</ele></trkpt>
<trkpt lat="45.788509999999995" lon="5.82129"><ele>292.01</ele></trkpt>
<trkpt lat="45.78862000000001" lon="5.821"><ele>293.82</ele></trkpt>
<trkpt lat="45.78867000000001" lon="5.82089"><ele>294.64</ele></trkpt>
<trkpt lat="45.78867999999999" lon="5.8207"><ele>295.72</ele></trkpt>
<trkpt lat="45.78859" lon="5.82069"><ele>296.57</ele></trkpt>
<trkpt lat="45.78837000000001" lon="5.82084"><ele>298.69</ele></trkpt>
<trkpt lat="45.7883" lon="5.82088"><ele>299.39</ele></trkpt>
<trkpt lat="45.78823" lon="5.820899999999999"><ele>299.94</ele></trkpt>
<trkpt lat="45.78813" lon="5.820909999999999"><ele>300.88</ele></trkpt>
<trkpt lat="45.78799" lon="5.820909999999999"><ele>302.17</ele></trkpt>
<trkpt lat="45.78770999999999" lon="5.82094"><ele>304.74</ele></trkpt>
<trkpt lat="45.78759000000001" lon="5.8209800000000005"><ele>305.79</ele></trkpt>
<trkpt lat="45.78727" lon="5.82111"><ele>309.07</ele></trkpt>
<trkpt lat="45.78722" lon="5.821139999999999"><ele>309.63</ele></trkpt>
<trkpt lat="45.78719" lon="5.82119"><ele>309.75</ele></trkpt>
<trkpt lat="45.78717000000001" lon="5.82126"><ele>310.17</ele></trkpt>
<trkpt lat="45.787150000000004" lon="5.82134"><ele>310.95</ele></trkpt>
<trkpt lat="45.78714" lon="5.821559999999999"><ele>312.39</ele></trkpt>
<trkpt lat="45.78711" lon="5.82176"><ele>313.64</ele></trkpt>
<trkpt lat="45.78699" lon="5.82219"><ele>316.14</ele></trkpt>
<trkpt lat="45.78692" lon="5.822360000000001"><ele>317.52</ele></trkpt>
<trkpt lat="45.78677" lon="5.822640000000001"><ele>319.67</ele></trkpt>
<trkpt lat="45.786730000000006" lon="5.82275"><ele>320.46</ele></trkpt>
<trkpt lat="45.786680000000004" lon="5.823"><ele>322.16</ele></trkpt>
<trkpt lat="45.786649999999995" lon="5.823080000000002"><ele>322.77</ele></trkpt>
<trkpt lat="45.786620000000006" lon="5.823159999999999"><ele>323.21</ele></trkpt>
<trkpt lat="45.78643" lon="5.823460000000001"><ele>325.47</ele></trkpt>
<trkpt lat="45.7863" lon="5.82357"><ele>326.72</ele></trkpt>
<trkpt lat="45.78599" lon="5.82378"><ele>329.47</ele></trkpt>
<trkpt lat="45.78572" lon="5.82393"><ele>331.88</ele></trkpt>
<trkpt lat="45.78558" lon="5.823999999999998"><ele>333.19</ele></trkpt>
<trkpt lat="45.78546" lon="5.82402"><ele>334.33</ele></trkpt>
<trkpt lat="45.78498" lon="5.82407"><ele>338.6</ele></trkpt>
<trkpt lat="45.7845" lon="5.824120000000001"><ele>343.33</ele></trkpt>
<trkpt lat="45.784400000000005" lon="5.82415"><ele>344.19</ele></trkpt>
<trkpt lat="45.784009999999995" lon="5.824469999999999"><ele>348.4</ele></trkpt>
<trkpt lat="45.78381999999999" lon="5.82459"><ele>350.3</ele></trkpt>
<trkpt lat="45.783730000000006" lon="5.824529999999999"><ele>350.68</ele></trkpt>
<trkpt lat="45.7838" lon="5.824340000000001"><ele>351.43</ele></trkpt>
<trkpt lat="45.784009999999995" lon="5.82417"><ele>352.57</ele></trkpt>
<trkpt lat="45.78464" lon="5.8235199999999985"><ele>357.27</ele></trkpt>
<trkpt lat="45.78486" lon="5.823269999999998"><ele>359.08</ele></trkpt>
<trkpt lat="45.78489999999999" lon="5.82319"><ele>359.53</ele></trkpt>
<trkpt lat="45.78492" lon="5.823130000000001"><ele>359.85</ele></trkpt>
<trkpt lat="45.78491" lon="5.822970000000001"><ele>360.56</ele></trkpt>
<trkpt lat="45.78486" lon="5.82257"><ele>362.46</ele></trkpt>
<trkpt lat="45.784839999999996" lon="5.82249"><ele>362.91</ele></trkpt>
<trkpt lat="45.78475" lon="5.822320000000001"><ele>363.9</ele></trkpt>
<trkpt lat="45.78453999999999" lon="5.82201"><ele>366.33</ele></trkpt>
<trkpt lat="45.784510000000004" lon="5.82194"><ele>366.82</ele></trkpt>
<trkpt lat="45.784510000000004" lon="5.821799999999998"><ele>367.68</ele></trkpt>
<trkpt lat="45.78452" lon="5.8217300000000005"><ele>368.12</ele></trkpt>
<trkpt lat="45.78453999999999" lon="5.82166"><ele>368.54</ele></trkpt>
<trkpt lat="45.78478" lon="5.821200000000001"><ele>371.36</ele></trkpt>
<trkpt lat="45.78494" lon="5.820819999999999"><ele>373.35</ele></trkpt>
<trkpt lat="45.78525" lon="5.820170000000001"><ele>377.41</ele></trkpt>
<trkpt lat="45.78539" lon="5.81979"><ele>379.58</ele></trkpt>
<trkpt lat="45.78546" lon="5.81953"><ele>381.13</ele></trkpt>
<trkpt lat="45.785509999999995" lon="5.81903"><ele>383.44</ele></trkpt>
<trkpt lat="45.78552" lon="5.818850000000001"><ele>383.87</ele></trkpt>
<trkpt lat="45.78548000000001" lon="5.81863"><ele>384.09</ele></trkpt>
<trkpt lat="45.78544" lon="5.818450000000002"><ele>384.34</ele></trkpt>
<trkpt lat="45.78537000000001" lon="5.818250000000001"><ele>384.58</ele></trkpt>
<trkpt lat="45.78527" lon="5.81807"><ele>384.85</ele></trkpt>
<trkpt lat="45.78517" lon="5.81792"><ele>384.98</ele></trkpt>
<trkpt lat="45.78505" lon="5.81784"><ele>384.98</ele></trkpt>
<trkpt lat="45.78493" lon="5.8178"><ele>384.88</ele></trkpt>
<trkpt lat="45.78470999999999" lon="5.81779"><ele>384.57</ele></trkpt>
<trkpt lat="45.78435" lon="5.81781"><ele>383.56</ele></trkpt>
<trkpt lat="45.78386" lon="5.8178"><ele>381.78</ele></trkpt>
<trkpt lat="45.783370000000005" lon="5.817780000000001"><ele>380.13</ele></trkpt>
<trkpt lat="45.78275" lon="5.81779"><ele>377.81</ele></trkpt>
<trkpt lat="45.782120000000006" lon="5.8178"><ele>375.6</ele></trkpt>
<trkpt lat="45.78178" lon="5.81779"><ele>375.15</ele></trkpt>
<trkpt lat="45.78164999999999" lon="5.8178"><ele>375.03</ele></trkpt>
<trkpt lat="45.781150000000004" lon="5.8178"><ele>375.13</ele></trkpt>
<trkpt lat="45.78094" lon="5.817769999999999"><ele>375.37</ele></trkpt>
<trkpt lat="45.78081000000001" lon="5.81774"><ele>375.84</ele></trkpt>
<trkpt lat="45.78058" lon="5.81792"><ele>377.44</ele></trkpt>
<trkpt lat="45.7803" lon="5.818050000000002"><ele>379.58</ele></trkpt>
<trkpt lat="45.780010000000004" lon="5.81815"><ele>383.1770523406004</ele></trkpt>
<trkpt lat="45.77942000000001" lon="5.81828"><ele>390.3758520232179</ele></trkpt>
<trkpt lat="45.77908" lon="5.8185199999999995"><ele>394.94612823438706</ele></trkpt>
<trkpt lat="45.77885" lon="5.81879"><ele>398.5309319665081</ele></trkpt>
<trkpt lat="45.77866" lon="5.818999999999998"><ele>401.4240434475368</ele></trkpt>
<trkpt lat="45.77855" lon="5.81907"><ele>402.8754047532728</ele></trkpt>
<trkpt lat="45.77845000000001" lon="5.81912"><ele>404.1526069427653</ele></trkpt>
<trkpt lat="45.77829" lon="5.81919"><ele>406.17</ele></trkpt>
<trkpt lat="45.77789" lon="5.81932"><ele>409.08</ele></trkpt>
<trkpt lat="45.77750999999999" lon="5.819330000000001"><ele>413.22</ele></trkpt>
<trkpt lat="45.77739" lon="5.819399999999998"><ele>413.94</ele></trkpt>
<trkpt lat="45.77725000000001" lon="5.81952"><ele>416.05</ele></trkpt>
<trkpt lat="45.776979999999995" lon="5.81969"><ele>418.77</ele></trkpt>
<trkpt lat="45.77683999999999" lon="5.81976"><ele>420.1978746775858</ele></trkpt>
<trkpt lat="45.77661" lon="5.81981"><ele>422.4381650870308</ele></trkpt>
<trkpt lat="45.77653000000001" lon="5.81979"><ele>423.220215168025</ele></trkpt>
<trkpt lat="45.7765" lon="5.81974"><ele>423.6632229983993</ele></trkpt>
<trkpt lat="45.77647999999999" lon="5.81978"><ele>423.9937998622928</ele></trkpt>
<trkpt lat="45.77643" lon="5.8198300000000005"><ele>424.58086484089637</ele></trkpt>
<trkpt lat="45.77638" lon="5.819840000000001"><ele>425.06704328812964</ele></trkpt>
<trkpt lat="45.776309999999995" lon="5.819840000000001"><ele>425.7411661591557</ele></trkpt>
<trkpt lat="45.77622999999999" lon="5.81982"><ele>426.5232163643527</ele></trkpt>
<trkpt lat="45.77601" lon="5.81965"><ele>428.93</ele></trkpt>
<trkpt lat="45.77593" lon="5.819640000000001"><ele>429.56</ele></trkpt>
<trkpt lat="45.77589" lon="5.819640000000001"><ele>430.05</ele></trkpt>
<trkpt lat="45.77583" lon="5.81971"><ele>430.78</ele></trkpt>
<trkpt lat="45.7758" lon="5.81977"><ele>431.28</ele></trkpt>
<trkpt lat="45.77575999999999" lon="5.819920000000001"><ele>432.51</ele></trkpt>
<trkpt lat="45.77566" lon="5.8204199999999995"><ele>435.99</ele></trkpt>
<trkpt lat="45.77564000000001" lon="5.820479999999999"><ele>436.49</ele></trkpt>
<trkpt lat="45.77557" lon="5.82056"><ele>437.43</ele></trkpt>
<trkpt lat="45.775529999999996" lon="5.820589999999999"><ele>437.97</ele></trkpt>
<trkpt lat="45.77536" lon="5.8206"><ele>439.88</ele></trkpt>
<trkpt lat="45.77503000000001" lon="5.82052"><ele>443.28</ele></trkpt>
<trkpt lat="45.77489" lon="5.82043"><ele>444.38</ele></trkpt>
<trkpt lat="45.77482" lon="5.82027"><ele>445.45</ele></trkpt>
<trkpt lat="45.77479" lon="5.82013"><ele>446.54</ele></trkpt>
<trkpt lat="45.77476" lon="5.819989999999999"><ele>447.78</ele></trkpt>
<trkpt lat="45.77472999999999" lon="5.819920000000001"><ele>448.53</ele></trkpt>
<trkpt lat="45.77469" lon="5.819870000000001"><ele>449.13</ele></trkpt>
<trkpt lat="45.77455" lon="5.81981"><ele>450.55</ele></trkpt>
<trkpt lat="45.7744" lon="5.81978"><ele>451.99</ele></trkpt>
<trkpt lat="45.77432" lon="5.81974"><ele>452.86</ele></trkpt>
<trkpt lat="45.7741" lon="5.819569999999999"><ele>455.74</ele></trkpt>
<trkpt lat="45.77405" lon="5.81955"><ele>456.5</ele></trkpt>
<trkpt lat="45.77402" lon="5.819569999999999"><ele>456.83</ele></trkpt>
<trkpt lat="45.77398" lon="5.81961"><ele>457.55</ele></trkpt>
<trkpt lat="45.77394" lon="5.819680000000002"><ele>458.41</ele></trkpt>
<trkpt lat="45.77389000000001" lon="5.8198300000000005"><ele>459.84</ele></trkpt>
<trkpt lat="45.77385" lon="5.81988"><ele>460.5</ele></trkpt>
<trkpt lat="45.77379" lon="5.819920000000001"><ele>461.17</ele></trkpt>
<trkpt lat="45.77338" lon="5.8200699999999985"><ele>465.04</ele></trkpt>
<trkpt lat="45.77335" lon="5.82011"><ele>465.37</ele></trkpt>
<trkpt lat="45.77332" lon="5.8201800000000015"><ele>465.79</ele></trkpt>
<trkpt lat="45.7733" lon="5.820319999999999"><ele>466.7</ele></trkpt>
<trkpt lat="45.773309999999995" lon="5.8203999999999985"><ele>467.21</ele></trkpt>
<trkpt lat="45.77335" lon="5.82046"><ele>467.44</ele></trkpt>
<trkpt lat="45.77347999999999" lon="5.82063"><ele>468.59</ele></trkpt>
<trkpt lat="45.7735" lon="5.8207"><ele>469.08</ele></trkpt>
<trkpt lat="45.7735" lon="5.82077"><ele>469.62</ele></trkpt>
<trkpt lat="45.77349" lon="5.82084"><ele>470.29</ele></trkpt>
<trkpt lat="45.77347000000001" lon="5.82088"><ele>470.72</ele></trkpt>
<trkpt lat="45.77343" lon="5.82093"><ele>471.48</ele></trkpt>
<trkpt lat="45.77338" lon="5.82095"><ele>472.07</ele></trkpt>
<trkpt lat="45.77286000000001" lon="5.82096"><ele>478.47</ele></trkpt>
<trkpt lat="45.77233999999999" lon="5.82097"><ele>482.01</ele></trkpt>
<trkpt lat="45.77164" lon="5.82095"><ele>482.43</ele></trkpt>
<trkpt lat="45.7713" lon="5.820989999999999"><ele>481.84</ele></trkpt>
<trkpt lat="45.77105" lon="5.82104"><ele>481.33</ele></trkpt>
<trkpt lat="45.77055" lon="5.82126"><ele>479.82</ele></trkpt>
<trkpt lat="45.77005" lon="5.821479999999998"><ele>477.88</ele></trkpt>
<trkpt lat="45.769529999999996" lon="5.821690000000002"><ele>476.03</ele></trkpt>
<trkpt lat="45.76901" lon="5.82191"><ele>474.2</ele></trkpt>
<trkpt lat="45.76885" lon="5.822"><ele>473.8</ele></trkpt>
<trkpt lat="45.768170000000005" lon="5.822469999999999"><ele>469.21</ele></trkpt>
<trkpt lat="45.76783" lon="5.82274"><ele>465.62</ele></trkpt>
<trkpt lat="45.76752" lon="5.82323"><ele>461.83</ele></trkpt>
<trkpt lat="45.7673" lon="5.8234699999999995"><ele>460.57</ele></trkpt>
<trkpt lat="45.76713" lon="5.82367"><ele>461.19</ele></trkpt>
<trkpt lat="45.76702" lon="5.82374"><ele>461.29</ele></trkpt>
<trkpt lat="45.76691" lon="5.82378"><ele>460.74</ele></trkpt>
<trkpt lat="45.766639999999995" lon="5.82385"><ele>459.45</ele></trkpt>
<trkpt lat="45.76654" lon="5.823909999999999"><ele>459.46</ele></trkpt>
<trkpt lat="45.76643" lon="5.8240099999999995"><ele>459.94</ele></trkpt>
<trkpt lat="45.76598" lon="5.824519999999999"><ele>464.03</ele></trkpt>
<trkpt lat="45.76583000000001" lon="5.82464"><ele>465.58</ele></trkpt>
<trkpt lat="45.76568" lon="5.82472"><ele>466.94</ele></trkpt>
<trkpt lat="45.76535" lon="5.824859999999999"><ele>469.75</ele></trkpt>
<trkpt lat="45.76487" lon="5.825030000000001"><ele>473.87</ele></trkpt>
<trkpt lat="45.76443" lon="5.82517"><ele>477.59</ele></trkpt>
<trkpt lat="45.76433999999999" lon="5.82521"><ele>478.37</ele></trkpt>
<trkpt lat="45.76426" lon="5.82526"><ele>479.11</ele></trkpt>
<trkpt lat="45.76421" lon="5.82531"><ele>479.61</ele></trkpt>
<trkpt lat="45.76416999999999" lon="5.825360000000001"><ele>480.1</ele></trkpt>
<trkpt lat="45.76413" lon="5.825450000000001"><ele>480.81</ele></trkpt>
<trkpt lat="45.76402999999999" lon="5.825830000000001"><ele>483.1</ele></trkpt>
<trkpt lat="45.76397999999999" lon="5.82595"><ele>483.74</ele></trkpt>
<trkpt lat="45.7639" lon="5.82608"><ele>484.92</ele></trkpt>
<trkpt lat="45.76380999999999" lon="5.826180000000001"><ele>485.99</ele></trkpt>
<trkpt lat="45.76345" lon="5.8265199999999995"><ele>489.6</ele></trkpt>
<trkpt lat="45.76332" lon="5.826599999999999"><ele>490.72</ele></trkpt>
<trkpt lat="45.763250000000006" lon="5.82662"><ele>491.3</ele></trkpt>
<trkpt lat="45.76294999999999" lon="5.82665"><ele>494.15</ele></trkpt>
<trkpt lat="45.7628" lon="5.82671"><ele>495.63</ele></trkpt>
<trkpt lat="45.76244" lon="5.827080000000001"><ele>499.13</ele></trkpt>
<trkpt lat="45.76230000000001" lon="5.827180000000001"><ele>500.08</ele></trkpt>
<trkpt lat="45.76179" lon="5.827309999999998"><ele>503.73</ele></trkpt>
<trkpt lat="45.76127999999999" lon="5.82745"><ele>507.72</ele></trkpt>
<trkpt lat="45.76085" lon="5.827510000000001"><ele>511.09</ele></trkpt>
<trkpt lat="45.76018" lon="5.827659999999999"><ele>516.34</ele></trkpt>
<trkpt lat="45.75939" lon="5.8276699999999995"><ele>522.74</ele></trkpt>
<trkpt lat="45.75892" lon="5.827750000000001"><ele>526.22</ele></trkpt>
<trkpt lat="45.75845" lon="5.827830000000001"><ele>530.11</ele></trkpt>
<trkpt lat="45.75837" lon="5.82788"><ele>530.87</ele></trkpt>
<trkpt lat="45.75829" lon="5.82795"><ele>531.92</ele></trkpt>
<trkpt lat="45.75823" lon="5.828049999999998"><ele>532.8</ele></trkpt>
<trkpt lat="45.75812" lon="5.82814"><ele>533.72</ele></trkpt>
<trkpt lat="45.75789" lon="5.828229999999999"><ele>535.5</ele></trkpt>
<trkpt lat="45.75781" lon="5.82829"><ele>536.12</ele></trkpt>
<trkpt lat="45.75777000000001" lon="5.82834"><ele>536.52</ele></trkpt>
<trkpt lat="45.7577" lon="5.82856"><ele>537.89</ele></trkpt>
<trkpt lat="45.75766000000001" lon="5.828660000000001"><ele>538.64</ele></trkpt>
<trkpt lat="45.75756" lon="5.82873"><ele>539.58</ele></trkpt>
<trkpt lat="45.75679" lon="5.829080000000002"><ele>545.72</ele></trkpt>
<trkpt lat="45.75603" lon="5.82944"><ele>552.2</ele></trkpt>
<trkpt lat="45.75599" lon="5.82944"><ele>552.57</ele></trkpt>
<trkpt lat="45.75596" lon="5.829419999999999"><ele>552.77</ele></trkpt>
<trkpt lat="45.75593" lon="5.8294"><ele>553.16</ele></trkpt>
<trkpt lat="45.75591000000001" lon="5.82936"><ele>553.34</ele></trkpt>
<trkpt lat="45.75589" lon="5.82931"><ele>553.72</ele></trkpt>
<trkpt lat="45.75589" lon="5.82925"><ele>553.97</ele></trkpt>
<trkpt lat="45.7559" lon="5.829199999999998"><ele>554.23</ele></trkpt>
<trkpt lat="45.75592" lon="5.829149999999999"><ele>554.46</ele></trkpt>
<trkpt lat="45.75601" lon="5.8290999999999995"><ele>554.91</ele></trkpt>
<trkpt lat="45.75627000000001" lon="5.829049999999999"><ele>556.49</ele></trkpt>
<trkpt lat="45.75648" lon="5.82897"><ele>558</ele></trkpt>
<trkpt lat="45.75667" lon="5.82886"><ele>559.52</ele></trkpt>
<trkpt lat="45.75694000000001" lon="5.828660000000001"><ele>562.09</ele></trkpt>
<trkpt lat="45.75698" lon="5.8286"><ele>562.59</ele></trkpt>
<trkpt lat="45.75702" lon="5.82853"><ele>563.14</ele></trkpt>
<trkpt lat="45.75703" lon="5.82845"><ele>563.45</ele></trkpt>
<trkpt lat="45.75704" lon="5.828330000000001"><ele>564</ele></trkpt>
<trkpt lat="45.75701" lon="5.82807"><ele>565.21</ele></trkpt>
<trkpt lat="45.756969999999995" lon="5.82795"><ele>566.12</ele></trkpt>
<trkpt lat="45.75692" lon="5.82788"><ele>566.79</ele></trkpt>
<trkpt lat="45.75687" lon="5.82786"><ele>567.25</ele></trkpt>
<trkpt lat="45.75682" lon="5.82788"><ele>567.52</ele></trkpt>
<trkpt lat="45.75676" lon="5.82795"><ele>568.03</ele></trkpt>
<trkpt lat="45.75674" lon="5.82802"><ele>568.41</ele></trkpt>
<trkpt lat="45.756719999999994" lon="5.82828"><ele>569.84</ele></trkpt>
<trkpt lat="45.75667" lon="5.828520000000002"><ele>571.05</ele></trkpt>
<trkpt lat="45.75665" lon="5.8286"><ele>571.61</ele></trkpt>
<trkpt lat="45.75659" lon="5.828640000000001"><ele>571.91</ele></trkpt>
<trkpt lat="45.75637" lon="5.82873"><ele>573.42</ele></trkpt>
<trkpt lat="45.7562" lon="5.82877"><ele>574.89</ele></trkpt>
<trkpt lat="45.75599" lon="5.82878"><ele>576.57</ele></trkpt>
<trkpt lat="45.75568" lon="5.82884"><ele>579.16</ele></trkpt>
<trkpt lat="45.75538000000001" lon="5.82884"><ele>581.21</ele></trkpt>
<trkpt lat="45.75527000000001" lon="5.828850000000002"><ele>582.08</ele></trkpt>
<trkpt lat="45.75516" lon="5.828890000000001"><ele>583</ele></trkpt>
<trkpt lat="45.75474" lon="5.829149999999999"><ele>586.62</ele></trkpt>
<trkpt lat="45.75443" lon="5.82936"><ele>589.39</ele></trkpt>
<trkpt lat="45.75406" lon="5.82958"><ele>591.69</ele></trkpt>
<trkpt lat="45.75384" lon="5.8297"><ele>592.73</ele></trkpt>
<trkpt lat="45.75338000000001" lon="5.82986"><ele>594.43</ele></trkpt>
<trkpt lat="45.75283" lon="5.82993"><ele>597.46</ele></trkpt>
<trkpt lat="45.75271" lon="5.82993"><ele>598.41</ele></trkpt>
<trkpt lat="45.75251" lon="5.82988"><ele>599.52</ele></trkpt>
<trkpt lat="45.7524" lon="5.829890000000001"><ele>599.82</ele></trkpt>
<trkpt lat="45.75222" lon="5.829960000000001"><ele>598.88</ele></trkpt>
<trkpt lat="45.75187" lon="5.830220000000001"><ele>595.97</ele></trkpt>
<trkpt lat="45.75146" lon="5.8305"><ele>594.2</ele></trkpt>
<trkpt lat="45.75133" lon="5.83058"><ele>594.03</ele></trkpt>
<trkpt lat="45.75107" lon="5.83066"><ele>594.54</ele></trkpt>
<trkpt lat="45.75048" lon="5.830809999999999"><ele>597.99</ele></trkpt>
<trkpt lat="45.750020000000006" lon="5.83108"><ele>601.75</ele></trkpt>
<trkpt lat="45.74992" lon="5.831109999999999"><ele>602.53</ele></trkpt>
<trkpt lat="45.74984" lon="5.831109999999999"><ele>603.02</ele></trkpt>
<trkpt lat="45.74973" lon="5.83112"><ele>603.52</ele></trkpt>
<trkpt lat="45.74958" lon="5.831149999999999"><ele>603.68</ele></trkpt>
<trkpt lat="45.74949000000001" lon="5.83118"><ele>603.61</ele></trkpt>
<trkpt lat="45.74918999999999" lon="5.831370000000001"><ele>603.44</ele></trkpt>
<trkpt lat="45.7487" lon="5.831769999999999"><ele>602.68</ele></trkpt>
<trkpt lat="45.74860000000001" lon="5.83189"><ele>602.13</ele></trkpt>
<trkpt lat="45.74845" lon="5.832009999999999"><ele>601.23</ele></trkpt>
<trkpt lat="45.74789" lon="5.832270000000001"><ele>598.34</ele></trkpt>
<trkpt lat="45.74757000000001" lon="5.832460000000001"><ele>596.2</ele></trkpt>
<trkpt lat="45.74728" lon="5.832590000000001"><ele>594.91</ele></trkpt>
<trkpt lat="45.747130000000006" lon="5.832610000000001"><ele>594.88</ele></trkpt>
<trkpt lat="45.74701" lon="5.8326"><ele>594.92</ele></trkpt>
<trkpt lat="45.74695" lon="5.83254"><ele>594.63</ele></trkpt>
<trkpt lat="45.74685000000001" lon="5.83234"><ele>593.22</ele></trkpt>
<trkpt lat="45.746770000000005" lon="5.832110000000001"><ele>592.28</ele></trkpt>
<trkpt lat="45.74665" lon="5.831899999999999"><ele>591.66</ele></trkpt>
<trkpt lat="45.74646" lon="5.83165"><ele>589.89</ele></trkpt>
<trkpt lat="45.746410000000004" lon="5.83163"><ele>589.51</ele></trkpt>
<trkpt lat="45.74636" lon="5.831639999999999"><ele>589.08</ele></trkpt>
<trkpt lat="45.74603" lon="5.83176"><ele>586.72</ele></trkpt>
<trkpt lat="45.7458" lon="5.831769999999999"><ele>584.54</ele></trkpt>
<trkpt lat="45.74569" lon="5.831779999999998"><ele>583.54</ele></trkpt>
<trkpt lat="45.74523" lon="5.8320799999999995"><ele>579.67</ele></trkpt>
<trkpt lat="45.74474000000001" lon="5.8325"><ele>575.71</ele></trkpt>
<trkpt lat="45.74417" lon="5.83315"><ele>569.71</ele></trkpt>
<trkpt lat="45.743739999999995" lon="5.83348"><ele>567.49</ele></trkpt>
<trkpt lat="45.74359" lon="5.83365"><ele>567</ele></trkpt>
<trkpt lat="45.743520000000004" lon="5.8338"><ele>566.64</ele></trkpt>
<trkpt lat="45.743379999999995" lon="5.8342600000000004"><ele>565.75</ele></trkpt>
<trkpt lat="45.74331" lon="5.83445"><ele>565.53</ele></trkpt>
<trkpt lat="45.743129999999994" lon="5.83471"><ele>564.76</ele></trkpt>
<trkpt lat="45.74268" lon="5.83503"><ele>563.18</ele></trkpt>
<trkpt lat="45.74225" lon="5.8353"><ele>561.55</ele></trkpt>
<trkpt lat="45.74183" lon="5.835559999999998"><ele>560.61</ele></trkpt>
<trkpt lat="45.7412" lon="5.836090000000001"><ele>560.29</ele></trkpt>
<trkpt lat="45.74058" lon="5.83663"><ele>559.96</ele></trkpt>
<trkpt lat="45.73993000000001" lon="5.837149999999999"><ele>559.66</ele></trkpt>
<trkpt lat="45.73928" lon="5.83768"><ele>559.52</ele></trkpt>
<trkpt lat="45.738569999999996" lon="5.83837"><ele>562.48</ele></trkpt>
<trkpt lat="45.73787" lon="5.839049999999999"><ele>563.03</ele></trkpt>
<trkpt lat="45.73769" lon="5.839250000000001"><ele>563.02</ele></trkpt>
<trkpt lat="45.73739" lon="5.83967"><ele>563.24</ele></trkpt>
<trkpt lat="45.73679" lon="5.84015"><ele>563.65</ele></trkpt>
<trkpt lat="45.73639" lon="5.84031"><ele>563.69</ele></trkpt>
<trkpt lat="45.736320000000006" lon="5.840349999999999"><ele>563.86</ele></trkpt>
<trkpt lat="45.73586" lon="5.8406699999999985"><ele>564</ele></trkpt>
<trkpt lat="45.73537000000001" lon="5.840919999999999"><ele>563.59</ele></trkpt>
<trkpt lat="45.73487999999999" lon="5.84117"><ele>563.92</ele></trkpt>
<trkpt lat="45.734429999999996" lon="5.8414399999999995"><ele>564.13</ele></trkpt>
<trkpt lat="45.73398000000001" lon="5.841710000000002"><ele>565.4</ele></trkpt>
<trkpt lat="45.73333" lon="5.842259999999999"><ele>568.71</ele></trkpt>
<trkpt lat="45.73283" lon="5.84272"><ele>571.09</ele></trkpt>
<trkpt lat="45.732319999999994" lon="5.843190000000002"><ele>572.88</ele></trkpt>
<trkpt lat="45.73184" lon="5.84354"><ele>572.7</ele></trkpt>
<trkpt lat="45.73136" lon="5.8439000000000005"><ele>569.1</ele></trkpt>
<trkpt lat="45.73091" lon="5.84419"><ele>565.22</ele></trkpt>
<trkpt lat="45.73067" lon="5.84429"><ele>563.31</ele></trkpt>
<trkpt lat="45.73049" lon="5.84443"><ele>561.93</ele></trkpt>
<trkpt lat="45.73037999999999" lon="5.844639999999999"><ele>560.62</ele></trkpt>
<trkpt lat="45.7303" lon="5.84469"><ele>559.79</ele></trkpt>
<trkpt lat="45.730149999999995" lon="5.844750000000001"><ele>558.4</ele></trkpt>
<trkpt lat="45.72999" lon="5.844910000000001"><ele>557.01</ele></trkpt>
<trkpt lat="45.72987" lon="5.844990000000001"><ele>556.23</ele></trkpt>
<trkpt lat="45.72967" lon="5.845009999999999"><ele>554.78</ele></trkpt>
<trkpt lat="45.72945" lon="5.8450500000000005"><ele>553.4</ele></trkpt>
<trkpt lat="45.729369999999996" lon="5.845059999999999"><ele>552.99</ele></trkpt>
<trkpt lat="45.72931" lon="5.845009999999999"><ele>552.35</ele></trkpt>
<trkpt lat="45.72925" lon="5.844899999999999"><ele>551.55</ele></trkpt>
<trkpt lat="45.72917999999999" lon="5.84479"><ele>551.17</ele></trkpt>
<trkpt lat="45.72914" lon="5.84477"><ele>550.66</ele></trkpt>
<trkpt lat="45.72906999999999" lon="5.84479"><ele>550.08</ele></trkpt>
<trkpt lat="45.729009999999995" lon="5.84485"><ele>549.71</ele></trkpt>
<trkpt lat="45.729" lon="5.844939999999999"><ele>549.24</ele></trkpt>
<trkpt lat="45.729" lon="5.845"><ele>549.01</ele></trkpt>
<trkpt lat="45.72903" lon="5.8450500000000005"><ele>548.6</ele></trkpt>
<trkpt lat="45.72906999999999" lon="5.8451"><ele>548.19</ele></trkpt>
<trkpt lat="45.72912000000001" lon="5.84513"><ele>547.79</ele></trkpt>
<trkpt lat="45.72922" lon="5.84517"><ele>547.16</ele></trkpt>
<trkpt lat="45.72951" lon="5.8452399999999995"><ele>545.05</ele></trkpt>
<trkpt lat="45.729679999999995" lon="5.84527"><ele>543.7</ele></trkpt>
<trkpt lat="45.72983" lon="5.845230000000002"><ele>542.32</ele></trkpt>
<trkpt lat="45.72995999999999" lon="5.84518"><ele>541.12</ele></trkpt>
<trkpt lat="45.73" lon="5.84518"><ele>540.87</ele></trkpt>
<trkpt lat="45.73006" lon="5.845230000000002"><ele>540.38</ele></trkpt>
<trkpt lat="45.730070000000005" lon="5.84527"><ele>540.04</ele></trkpt>
<trkpt lat="45.73005" lon="5.84541"><ele>539.03</ele></trkpt>
<trkpt lat="45.73001000000001" lon="5.845449999999999"><ele>538.55</ele></trkpt>
<trkpt lat="45.72995999999999" lon="5.84549"><ele>538.06</ele></trkpt>
<trkpt lat="45.72955" lon="5.8456399999999995"><ele>534.72</ele></trkpt>
<trkpt lat="45.729040000000005" lon="5.845769999999998"><ele>530.65</ele></trkpt>
<trkpt lat="45.72853" lon="5.845889999999999"><ele>526.75</ele></trkpt>
<trkpt lat="45.72781" lon="5.84641"><ele>520.37</ele></trkpt>
<trkpt lat="45.72758" lon="5.84659"><ele>518.18</ele></trkpt>
<trkpt lat="45.72734" lon="5.846720000000001"><ele>517.21</ele></trkpt>
<trkpt lat="45.72657" lon="5.847109999999998"><ele>521.46</ele></trkpt>
<trkpt lat="45.7258" lon="5.847499999999998"><ele>526</ele></trkpt>
<trkpt lat="45.72532" lon="5.847779999999999"><ele>529.01</ele></trkpt>
<trkpt lat="45.72485" lon="5.84805"><ele>531.54</ele></trkpt>
<trkpt lat="45.72442999999999" lon="5.84833"><ele>531.42</ele></trkpt>
<trkpt lat="45.72400999999999" lon="5.848599999999999"><ele>529.44</ele></trkpt>
<trkpt lat="45.72378" lon="5.84867"><ele>528.06</ele></trkpt>
<trkpt lat="45.72367" lon="5.84873"><ele>527.39</ele></trkpt>
<trkpt lat="45.7232" lon="5.84908"><ele>527.01</ele></trkpt>
<trkpt lat="45.72289" lon="5.849259999999999"><ele>528.11</ele></trkpt>
<trkpt lat="45.72256999999999" lon="5.849349999999999"><ele>529.94</ele></trkpt>
<trkpt lat="45.7218" lon="5.849760000000001"><ele>535.27</ele></trkpt>
<trkpt lat="45.72106000000001" lon="5.84999"><ele>540.99</ele></trkpt>
<trkpt lat="45.720589999999994" lon="5.85008"><ele>543.88</ele></trkpt>
<trkpt lat="45.72047" lon="5.85015"><ele>544.69</ele></trkpt>
<trkpt lat="45.71997" lon="5.850499999999999"><ele>547.72</ele></trkpt>
<trkpt lat="45.71982" lon="5.85055"><ele>547.95</ele></trkpt>
<trkpt lat="45.71956000000001" lon="5.85057"><ele>548.03</ele></trkpt>
<trkpt lat="45.71947" lon="5.8506"><ele>548.16</ele></trkpt>
<trkpt lat="45.71906" lon="5.85081"><ele>548.67</ele></trkpt>
<trkpt lat="45.71858" lon="5.85104"><ele>550.49</ele></trkpt>
<trkpt lat="45.71807" lon="5.85117"><ele>552.62</ele></trkpt>
<trkpt lat="45.71757" lon="5.8513"><ele>556.36</ele></trkpt>
<trkpt lat="45.71725" lon="5.851399999999999"><ele>559.13</ele></trkpt>
<trkpt lat="45.71686" lon="5.851649999999999"><ele>562.9</ele></trkpt>
<trkpt lat="45.716060000000006" lon="5.851979999999999"><ele>568.14</ele></trkpt>
<trkpt lat="45.71553000000001" lon="5.85208"><ele>570.22</ele></trkpt>
<trkpt lat="45.71525" lon="5.85219"><ele>570.49</ele></trkpt>
<trkpt lat="45.714949999999995" lon="5.852379999999998"><ele>570.67</ele></trkpt>
<trkpt lat="45.71469999999999" lon="5.8525800000000014"><ele>570.55</ele></trkpt>
<trkpt lat="45.71441" lon="5.85291"><ele>569.55</ele></trkpt>
<trkpt lat="45.71433" lon="5.852979999999999"><ele>569.29</ele></trkpt>
<trkpt lat="45.71413" lon="5.85307"><ele>568.76</ele></trkpt>
<trkpt lat="45.71363" lon="5.85323"><ele>568.32</ele></trkpt>
<trkpt lat="45.71325999999999" lon="5.853369999999998"><ele>568.76</ele></trkpt>
<trkpt lat="45.71272" lon="5.8536"><ele>570.12</ele></trkpt>
<trkpt lat="45.71219" lon="5.85383"><ele>571.76</ele></trkpt>
<trkpt lat="45.71197999999999" lon="5.85393"><ele>572.68</ele></trkpt>
<trkpt lat="45.711420000000004" lon="5.854050000000001"><ele>576.19</ele></trkpt>
<trkpt lat="45.71087" lon="5.85416"><ele>580.1</ele></trkpt>
<trkpt lat="45.71016" lon="5.85431"><ele>581.87</ele></trkpt>
<trkpt lat="45.70983999999999" lon="5.854400000000002"><ele>581.9</ele></trkpt>
<trkpt lat="45.70907" lon="5.8546700000000005"><ele>584.85</ele></trkpt>
<trkpt lat="45.7083" lon="5.854939999999999"><ele>588.41</ele></trkpt>
<trkpt lat="45.70807" lon="5.855009999999998"><ele>589.65</ele></trkpt>
<trkpt lat="45.70798" lon="5.855"><ele>589.98</ele></trkpt>
<trkpt lat="45.70791" lon="5.854939999999999"><ele>590.25</ele></trkpt>
<trkpt lat="45.70754" lon="5.854330000000001"><ele>592.42</ele></trkpt>
<trkpt lat="45.70746" lon="5.85425"><ele>592.98</ele></trkpt>
<trkpt lat="45.70741" lon="5.854219999999999"><ele>593.24</ele></trkpt>
<trkpt lat="45.70736000000001" lon="5.854209999999999"><ele>593.32</ele></trkpt>
<trkpt lat="45.707170000000005" lon="5.85419"><ele>593.78</ele></trkpt>
<trkpt lat="45.70693" lon="5.8541500000000015"><ele>594.75</ele></trkpt>
<trkpt lat="45.70676" lon="5.85416"><ele>595.8</ele></trkpt>
<trkpt lat="45.7066" lon="5.8542000000000005"><ele>596.9</ele></trkpt>
<trkpt lat="45.70615" lon="5.854390000000001"><ele>598.99</ele></trkpt>
<trkpt lat="45.70571" lon="5.85458"><ele>600.5</ele></trkpt>
<trkpt lat="45.70494999999999" lon="5.85486"><ele>602.3</ele></trkpt>
<trkpt lat="45.704750000000004" lon="5.85497"><ele>602.75</ele></trkpt>
<trkpt lat="45.70457" lon="5.855019999999998"><ele>603.49</ele></trkpt>
<trkpt lat="45.70405000000001" lon="5.855"><ele>605.47</ele></trkpt>
<trkpt lat="45.70391" lon="5.85497"><ele>605.94</ele></trkpt>
<trkpt lat="45.7036" lon="5.8549500000000005"><ele>606.87</ele></trkpt>
<trkpt lat="45.70298" lon="5.85499"><ele>610.6</ele></trkpt>
<trkpt lat="45.70262" lon="5.85499"><ele>612.84</ele></trkpt>
<trkpt lat="45.70249999999999" lon="5.855029999999998"><ele>612.74</ele></trkpt>
<trkpt lat="45.702389999999994" lon="5.8551"><ele>612.88</ele></trkpt>
<trkpt lat="45.70216" lon="5.855359999999999"><ele>613.58</ele></trkpt>
<trkpt lat="45.70208000000001" lon="5.855419999999998"><ele>613.72</ele></trkpt>
<trkpt lat="45.70193" lon="5.855479999999999"><ele>614.1</ele></trkpt>
<trkpt lat="45.70177000000001" lon="5.85549"><ele>614.35</ele></trkpt>
<trkpt lat="45.70099999999999" lon="5.855419999999998"><ele>615.14</ele></trkpt>
<trkpt lat="45.700219999999995" lon="5.855380000000001"><ele>616.34</ele></trkpt>
<trkpt lat="45.69958" lon="5.855320000000001"><ele>616.97</ele></trkpt>
<trkpt lat="45.69904" lon="5.855349999999998"><ele>617.57</ele></trkpt>
<trkpt lat="45.69852000000001" lon="5.85541"><ele>617.81</ele></trkpt>
<trkpt lat="45.69837" lon="5.8554"><ele>617.99</ele></trkpt>
<trkpt lat="45.69824" lon="5.855359999999999"><ele>618.32</ele></trkpt>
<trkpt lat="45.69766" lon="5.855009999999998"><ele>619.93</ele></trkpt>
<trkpt lat="45.69742" lon="5.8549"><ele>620.58</ele></trkpt>
<trkpt lat="45.69734" lon="5.85489"><ele>620.82</ele></trkpt>
<trkpt lat="45.69713" lon="5.85492"><ele>621.19</ele></trkpt>
<trkpt lat="45.69704" lon="5.8549500000000005"><ele>621.58</ele></trkpt>
<trkpt lat="45.69699" lon="5.8549500000000005"><ele>621.85</ele></trkpt>
<trkpt lat="45.696580000000004" lon="5.854840000000001"><ele>622.8</ele></trkpt>
<trkpt lat="45.69603" lon="5.85473"><ele>622.74</ele></trkpt>
<trkpt lat="45.69546999999999" lon="5.854630000000001"><ele>622.4</ele></trkpt>
<trkpt lat="45.695359999999994" lon="5.85459"><ele>621.95</ele></trkpt>
<trkpt lat="45.69526" lon="5.8545300000000005"><ele>621.52</ele></trkpt>
<trkpt lat="45.69503" lon="5.8541500000000015"><ele>619.54</ele></trkpt>
<trkpt lat="45.69485" lon="5.85382"><ele>618.61</ele></trkpt>
<trkpt lat="45.69463" lon="5.853449999999999"><ele>617.31</ele></trkpt>
<trkpt lat="45.69456" lon="5.8533800000000005"><ele>616.98</ele></trkpt>
<trkpt lat="45.69451" lon="5.85336"><ele>616.84</ele></trkpt>
<trkpt lat="45.69432" lon="5.85335"><ele>616.81</ele></trkpt>
<trkpt lat="45.69413000000001" lon="5.8533800000000005"><ele>616.31</ele></trkpt>
<trkpt lat="45.694" lon="5.85343"><ele>615.18</ele></trkpt>
<trkpt lat="45.69377000000001" lon="5.853550000000001"><ele>612.77</ele></trkpt>
<trkpt lat="45.6937" lon="5.85358"><ele>612.06</ele></trkpt>
<trkpt lat="45.693580000000004" lon="5.85358"><ele>610.93</ele></trkpt>
<trkpt lat="45.69335999999999" lon="5.853539999999999"><ele>609.04</ele></trkpt>
<trkpt lat="45.69279" lon="5.8534"><ele>603.59</ele></trkpt>
<trkpt lat="45.69265" lon="5.853460000000001"><ele>601.3698769571345</ele></trkpt>
<trkpt lat="45.69249" lon="5.853470000000001"><ele>598.9368570260888</ele></trkpt>
<trkpt lat="45.692409999999995" lon="5.853439999999998"><ele>597.6805017849972</ele></trkpt>
<trkpt lat="45.69231" lon="5.8533800000000005"><ele>596.0332830438147</ele></trkpt>
<trkpt lat="45.69215" lon="5.85325"><ele>593.2383921539938</ele></trkpt>
<trkpt lat="45.69204" lon="5.853240000000001"><ele>591.5320337328033</ele></trkpt>
<trkpt lat="45.69199" lon="5.85334"><ele>589.83</ele></trkpt>
<trkpt lat="45.69210999999999" lon="5.853650000000002"><ele>587.97</ele></trkpt>
<trkpt lat="45.692190000000004" lon="5.85394"><ele>586.16</ele></trkpt>
<trkpt lat="45.69232" lon="5.854400000000002"><ele>583.07</ele></trkpt>
<trkpt lat="45.69246" lon="5.85481"><ele>580.5</ele></trkpt>
<trkpt lat="45.69253" lon="5.85498"><ele>579.35</ele></trkpt>
<trkpt lat="45.69259" lon="5.85507"><ele>578.5</ele></trkpt>
<trkpt lat="45.69265" lon="5.85514"><ele>577.79</ele></trkpt>
<trkpt lat="45.69288999999999" lon="5.8553299999999995"><ele>575.38</ele></trkpt>
<trkpt lat="45.69296" lon="5.85541"><ele>574.64</ele></trkpt>
<trkpt lat="45.69307" lon="5.85555"><ele>573.44</ele></trkpt>
<trkpt lat="45.6932" lon="5.8557"><ele>572.44</ele></trkpt>
<trkpt lat="45.693220000000004" lon="5.85581"><ele>572.2</ele></trkpt>
<trkpt lat="45.69314" lon="5.8558499999999984"><ele>571.84</ele></trkpt>
<trkpt lat="45.69301" lon="5.85572"><ele>570.45</ele></trkpt>
<trkpt lat="45.69276" lon="5.855500000000001"><ele>567.69</ele></trkpt>
<trkpt lat="45.69221999999999" lon="5.855129999999999"><ele>562.37</ele></trkpt>
<trkpt lat="45.69210000000001" lon="5.85509"><ele>561.24</ele></trkpt>
<trkpt lat="45.69199" lon="5.85508"><ele>560.53</ele></trkpt>
<trkpt lat="45.691939999999995" lon="5.85509"><ele>560.23</ele></trkpt>
<trkpt lat="45.6919" lon="5.855109999999999"><ele>559.89</ele></trkpt>
<trkpt lat="45.69184" lon="5.85516"><ele>559.26</ele></trkpt>
<trkpt lat="45.69176" lon="5.85524"><ele>558.46</ele></trkpt>
<trkpt lat="45.69164" lon="5.855449999999999"><ele>556.86</ele></trkpt>
<trkpt lat="45.69158" lon="5.855530000000001"><ele>556.14</ele></trkpt>
<trkpt lat="45.69151" lon="5.855599999999999"><ele>555.29</ele></trkpt>
<trkpt lat="45.6914" lon="5.85566"><ele>553.92</ele></trkpt>
<trkpt lat="45.69126" lon="5.8557"><ele>552.67</ele></trkpt>
<trkpt lat="45.691159999999996" lon="5.8557"><ele>551.79</ele></trkpt>
<trkpt lat="45.69048" lon="5.8556300000000014"><ele>546.03</ele></trkpt>
<trkpt lat="45.69041000000001" lon="5.855620000000001"><ele>545.38</ele></trkpt>
<trkpt lat="45.69029" lon="5.85557"><ele>544.16</ele></trkpt>
<trkpt lat="45.69021" lon="5.85546"><ele>543.03</ele></trkpt>
<trkpt lat="45.690129999999996" lon="5.855299999999999"><ele>541.79</ele></trkpt>
<trkpt lat="45.69009" lon="5.85526"><ele>541.31</ele></trkpt>
<trkpt lat="45.69002" lon="5.855199999999999"><ele>540.69</ele></trkpt>
<trkpt lat="45.68992" lon="5.85517"><ele>539.88</ele></trkpt>
<trkpt lat="45.689800000000005" lon="5.85518"><ele>539.13</ele></trkpt>
<trkpt lat="45.6897" lon="5.85517"><ele>538.2</ele></trkpt>
<trkpt lat="45.68939" lon="5.855"><ele>535.15</ele></trkpt>
<trkpt lat="45.68927000000001" lon="5.854929999999999"><ele>534.03</ele></trkpt>
<trkpt lat="45.68924" lon="5.854870000000001"><ele>533.57</ele></trkpt>
<trkpt lat="45.68921000000001" lon="5.85481"><ele>533.1</ele></trkpt>
<trkpt lat="45.6892" lon="5.854749999999999"><ele>532.69</ele></trkpt>
<trkpt lat="45.68919" lon="5.85468"><ele>532.3</ele></trkpt>
<trkpt lat="45.68919" lon="5.854630000000001"><ele>532.08</ele></trkpt>
<trkpt lat="45.6892" lon="5.85457"><ele>531.73</ele></trkpt>
<trkpt lat="45.6893" lon="5.85428"><ele>529.68</ele></trkpt>
<trkpt lat="45.68934" lon="5.8541"><ele>528.56</ele></trkpt>
<trkpt lat="45.68937" lon="5.85362"><ele>525.59</ele></trkpt>
<trkpt lat="45.68938000000001" lon="5.85352"><ele>525.02</ele></trkpt>
<trkpt lat="45.68949" lon="5.85328"><ele>523.18</ele></trkpt>
<trkpt lat="45.689519999999995" lon="5.85318"><ele>522.5</ele></trkpt>
<trkpt lat="45.68954" lon="5.85308"><ele>522.25</ele></trkpt>
<trkpt lat="45.68954" lon="5.85296"><ele>521.57</ele></trkpt>
<trkpt lat="45.68951" lon="5.85266"><ele>520</ele></trkpt>
<trkpt lat="45.68951" lon="5.852400000000001"><ele>518.97</ele></trkpt>
<trkpt lat="45.689440000000005" lon="5.852299999999999"><ele>518.63</ele></trkpt>
<trkpt lat="45.68938000000001" lon="5.85243"><ele>517.97</ele></trkpt>
<trkpt lat="45.68939" lon="5.85268"><ele>516.93</ele></trkpt>
<trkpt lat="45.68938000000001" lon="5.85292"><ele>515.61</ele></trkpt>
<trkpt lat="45.68937" lon="5.85307"><ele>514.7</ele></trkpt>
<trkpt lat="45.68932" lon="5.853240000000001"><ele>513.68</ele></trkpt>
<trkpt lat="45.68925" lon="5.853369999999998"><ele>512.61</ele></trkpt>
<trkpt lat="45.68918" lon="5.853539999999999"><ele>511.52</ele></trkpt>
<trkpt lat="45.68910000000001" lon="5.853770000000001"><ele>509.91</ele></trkpt>
<trkpt lat="45.68906" lon="5.8539699999999995"><ele>508.6</ele></trkpt>
<trkpt lat="45.68896000000001" lon="5.854359999999999"><ele>506.16</ele></trkpt>
<trkpt lat="45.68887" lon="5.85465"><ele>504.39</ele></trkpt>
<trkpt lat="45.68885000000001" lon="5.85474"><ele>503.92</ele></trkpt>
<trkpt lat="45.68885000000001" lon="5.854960000000001"><ele>503.19</ele></trkpt>
<trkpt lat="45.688770000000005" lon="5.855109999999999"><ele>502.73</ele></trkpt>
<trkpt lat="45.68871" lon="5.85499"><ele>502.23</ele></trkpt>
<trkpt lat="45.68888" lon="5.8542000000000005"><ele>496.95</ele></trkpt>
<trkpt lat="45.6889" lon="5.854050000000001"><ele>496.06</ele></trkpt>
<trkpt lat="45.68889" lon="5.853889999999999"><ele>495.05</ele></trkpt>
<trkpt lat="45.68885999999999" lon="5.85374"><ele>494.11</ele></trkpt>
<trkpt lat="45.68885000000001" lon="5.85367"><ele>493.72</ele></trkpt>
<trkpt lat="45.68885999999999" lon="5.85359"><ele>493.15</ele></trkpt>
<trkpt lat="45.68895" lon="5.85333"><ele>491.4</ele></trkpt>
<trkpt lat="45.68896999999999" lon="5.853240000000001"><ele>491.04</ele></trkpt>
<trkpt lat="45.68896999999999" lon="5.85309"><ele>490.01</ele></trkpt>
<trkpt lat="45.68893" lon="5.85256"><ele>486.72</ele></trkpt>
<trkpt lat="45.68891000000001" lon="5.85244"><ele>485.94</ele></trkpt>
<trkpt lat="45.68889" lon="5.85235"><ele>485.42</ele></trkpt>
<trkpt lat="45.68885999999999" lon="5.85229"><ele>485.01</ele></trkpt>
<trkpt lat="45.68883" lon="5.852240000000001"><ele>484.65</ele></trkpt>
<trkpt lat="45.68878" lon="5.852200000000001"><ele>484.15</ele></trkpt>
<trkpt lat="45.688660000000006" lon="5.85214"><ele>483.26</ele></trkpt>
<trkpt lat="45.68831" lon="5.85213"><ele>480.49</ele></trkpt>
<trkpt lat="45.68822" lon="5.85214"><ele>479.73</ele></trkpt>
<trkpt lat="45.68801" lon="5.852240000000001"><ele>477.83</ele></trkpt>
<trkpt lat="45.68786" lon="5.8522799999999995"><ele>476.63</ele></trkpt>
<trkpt lat="45.68778" lon="5.85227"><ele>475.93</ele></trkpt>
<trkpt lat="45.68754" lon="5.85219"><ele>473.9</ele></trkpt>
<trkpt lat="45.68740999999999" lon="5.85218"><ele>472.74</ele></trkpt>
<trkpt lat="45.68734" lon="5.85219"><ele>472.16</ele></trkpt>
<trkpt lat="45.68708" lon="5.852240000000001"><ele>469.87</ele></trkpt>
<trkpt lat="45.68673" lon="5.85229"><ele>466.85</ele></trkpt>
<trkpt lat="45.68653" lon="5.852299999999999"><ele>465.29</ele></trkpt>
<trkpt lat="45.68646" lon="5.85237"><ele>465.11</ele></trkpt>
<trkpt lat="45.68651" lon="5.852460000000001"><ele>464.87</ele></trkpt>
<trkpt lat="45.6867" lon="5.852480000000001"><ele>463.42</ele></trkpt>
<trkpt lat="45.687239999999996" lon="5.852570000000001"><ele>459.14</ele></trkpt>
<trkpt lat="45.68779" lon="5.85268"><ele>454.82</ele></trkpt>
<trkpt lat="45.6879" lon="5.852690000000001"><ele>453.97</ele></trkpt>
<trkpt lat="45.68811" lon="5.85268"><ele>452.93</ele></trkpt>
<trkpt lat="45.68821" lon="5.852810000000001"><ele>452.78</ele></trkpt>
<trkpt lat="45.68811" lon="5.85292"><ele>452.03</ele></trkpt>
<trkpt lat="45.68778" lon="5.85284"><ele>449.19</ele></trkpt>
<trkpt lat="45.68756" lon="5.852820000000001"><ele>447.52</ele></trkpt>
<trkpt lat="45.68748" lon="5.85284"><ele>446.89</ele></trkpt>
<trkpt lat="45.6874" lon="5.852879999999999"><ele>446.37</ele></trkpt>
<trkpt lat="45.68721" lon="5.85301"><ele>444.9</ele></trkpt>
<trkpt lat="45.687129999999996" lon="5.85303"><ele>444.18</ele></trkpt>
<trkpt lat="45.68703" lon="5.85301"><ele>443.37</ele></trkpt>
<trkpt lat="45.68656" lon="5.85286"><ele>439.54</ele></trkpt>
<trkpt lat="45.68609" lon="5.852720000000001"><ele>435.91</ele></trkpt>
<trkpt lat="45.68604" lon="5.852690000000001"><ele>435.47</ele></trkpt>
<trkpt lat="45.68601" lon="5.85266"><ele>435.24</ele></trkpt>
<trkpt lat="45.68599" lon="5.85262"><ele>434.95</ele></trkpt>
<trkpt lat="45.68596999999999" lon="5.85256"><ele>434.61</ele></trkpt>
<trkpt lat="45.68596000000001" lon="5.85247"><ele>434.11</ele></trkpt>
<trkpt lat="45.68594" lon="5.85219"><ele>432.71</ele></trkpt>
<trkpt lat="45.68590999999999" lon="5.851969999999999"><ele>431.53</ele></trkpt>
<trkpt lat="45.68584" lon="5.851780000000001"><ele>430.41</ele></trkpt>
<trkpt lat="45.68578" lon="5.851670000000001"><ele>429.62</ele></trkpt>
<trkpt lat="45.68567" lon="5.851549999999999"><ele>428.55</ele></trkpt>
<trkpt lat="45.68532" lon="5.851330000000001"><ele>425.39</ele></trkpt>
<trkpt lat="45.68518000000001" lon="5.85117"><ele>424.14</ele></trkpt>
<trkpt lat="45.68507000000001" lon="5.851080000000001"><ele>423.2</ele></trkpt>
<trkpt lat="45.68493999999999" lon="5.851019999999999"><ele>422.22</ele></trkpt>
<trkpt lat="45.68440999999999" lon="5.850829999999998"><ele>418.16</ele></trkpt>
<trkpt lat="45.68433" lon="5.85081"><ele>417.43</ele></trkpt>
<trkpt lat="45.68375" lon="5.850730000000001"><ele>412.9</ele></trkpt>
<trkpt lat="45.683159999999994" lon="5.85064"><ele>408.44</ele></trkpt>
<trkpt lat="45.68265999999999" lon="5.850499999999999"><ele>404.43</ele></trkpt>
<trkpt lat="45.682520000000004" lon="5.85047"><ele>403.41</ele></trkpt>
<trkpt lat="45.6818" lon="5.850489999999999"><ele>397.84</ele></trkpt>
<trkpt lat="45.68108" lon="5.85051"><ele>392.2</ele></trkpt>
<trkpt lat="45.680879999999995" lon="5.85047"><ele>390.58</ele></trkpt>
<trkpt lat="45.6807" lon="5.85046"><ele>389.21</ele></trkpt>
<trkpt lat="45.68045" lon="5.850499999999999"><ele>387.37</ele></trkpt>
<trkpt lat="45.6802" lon="5.85056"><ele>385.48</ele></trkpt>
<trkpt lat="45.68006" lon="5.85057"><ele>384.64</ele></trkpt>
<trkpt lat="45.68001000000001" lon="5.85056"><ele>384.3</ele></trkpt>
<trkpt lat="45.67992" lon="5.85051"><ele>383.56</ele></trkpt>
<trkpt lat="45.679849999999995" lon="5.85045"><ele>382.97</ele></trkpt>
<trkpt lat="45.67965999999999" lon="5.85024"><ele>381.07</ele></trkpt>
<trkpt lat="45.67957" lon="5.85018"><ele>380.32</ele></trkpt>
<trkpt lat="45.67931" lon="5.850069999999999"><ele>378.47</ele></trkpt>
<trkpt lat="45.67916" lon="5.850050000000002"><ele>377.2</ele></trkpt>
<trkpt lat="45.67826999999999" lon="5.850100000000001"><ele>370.09</ele></trkpt>
<trkpt lat="45.67737999999999" lon="5.85015"><ele>362.97</ele></trkpt>
<trkpt lat="45.677240000000005" lon="5.85019"><ele>361.86</ele></trkpt>
<trkpt lat="45.67712999999999" lon="5.850249999999999"><ele>360.89</ele></trkpt>
<trkpt lat="45.67698" lon="5.850370000000001"><ele>359.58</ele></trkpt>
<trkpt lat="45.676849999999995" lon="5.85053"><ele>358.18</ele></trkpt>
<trkpt lat="45.67665999999999" lon="5.850860000000002"><ele>355.93</ele></trkpt>
<trkpt lat="45.67632" lon="5.851469999999998"><ele>351.77</ele></trkpt>
<trkpt lat="45.67629000000001" lon="5.851530000000002"><ele>351.49</ele></trkpt>
<trkpt lat="45.67628639023916" lon="5.851627114042774"><ele>350.875</ele></trkpt>
<trkpt lat="45.67632" lon="5.8516900000000005"><ele>350.38</ele></trkpt>
<trkpt lat="45.67640729784303" lon="5.851694705510774"><ele>349.73</ele></trkpt>
<trkpt lat="45.67647384463916" lon="5.851567160423756"><ele>348.6166666666667</ele></trkpt>
<trkpt lat="45.676570000000005" lon="5.8515"><ele>347.62</ele></trkpt>
<trkpt lat="45.67665000000001" lon="5.851549999999999"><ele>346.64</ele></trkpt>
<trkpt lat="45.67667151894115" lon="5.851601355498796"><ele>346.4</ele></trkpt>
<trkpt lat="45.67668" lon="5.8517100000000015"><ele>345.83</ele></trkpt>
<trkpt lat="45.67671000000001" lon="5.851810000000004"><ele>345.38</ele></trkpt>
<trkpt lat="45.67679331068205" lon="5.851861889441852"><ele>345.31333333333333</ele></trkpt>
<trkpt lat="45.67703" lon="5.851780000000001"><ele>345.61</ele></trkpt>
<trkpt lat="45.67707000000001" lon="5.85171"><ele>345.24</ele></trkpt>
<trkpt lat="45.67716" lon="5.8516"><ele>344.16</ele></trkpt>
<trkpt lat="45.677209999999995" lon="5.85156"><ele>343.48</ele></trkpt>
<trkpt lat="45.67765" lon="5.851330000000001"><ele>339.13</ele></trkpt>
<trkpt lat="45.67790999999999" lon="5.85122"><ele>337.81</ele></trkpt>
<trkpt lat="45.678" lon="5.85127"><ele>337.04</ele></trkpt>
<trkpt lat="45.677960000000006" lon="5.85139"><ele>335.98</ele></trkpt>
<trkpt lat="45.67786" lon="5.851489999999999"><ele>334.54</ele></trkpt>
<trkpt lat="45.67782" lon="5.8516"><ele>333.44</ele></trkpt>
<trkpt lat="45.67781" lon="5.851729999999999"><ele>332.22</ele></trkpt>
<trkpt lat="45.67783" lon="5.851780000000001"><ele>331.7</ele></trkpt>
<trkpt lat="45.67801" lon="5.8521"><ele>328.68</ele></trkpt>
<trkpt lat="45.67805" lon="5.852210000000001"><ele>327.93</ele></trkpt>
<trkpt lat="45.67817" lon="5.85262"><ele>325.75</ele></trkpt>
<trkpt lat="45.67821000000001" lon="5.8528"><ele>325.06</ele></trkpt>
<trkpt lat="45.67828" lon="5.853"><ele>324.28</ele></trkpt>
<trkpt lat="45.67844" lon="5.85331"><ele>323.36</ele></trkpt>
<trkpt lat="45.67856" lon="5.85352"><ele>322.3</ele></trkpt>
<trkpt lat="45.67861" lon="5.85358"><ele>321.62</ele></trkpt>
<trkpt lat="45.67865" lon="5.85362"><ele>321.17</ele></trkpt>
<trkpt lat="45.67876" lon="5.85368"><ele>320.18</ele></trkpt>
<trkpt lat="45.67892" lon="5.85374"><ele>318.68</ele></trkpt>
<trkpt lat="45.67896" lon="5.85378"><ele>318.08</ele></trkpt>
<trkpt lat="45.67898" lon="5.85382"><ele>317.74</ele></trkpt>
<trkpt lat="45.679" lon="5.853869999999998"><ele>317.27</ele></trkpt>
<trkpt lat="45.67901" lon="5.85394"><ele>316.62</ele></trkpt>
<trkpt lat="45.67901" lon="5.85401"><ele>315.92</ele></trkpt>
<trkpt lat="45.67895" lon="5.854390000000001"><ele>313.04</ele></trkpt>
<trkpt lat="45.67895" lon="5.85448"><ele>312.46</ele></trkpt>
<trkpt lat="45.67896" lon="5.85458"><ele>312.1</ele></trkpt>
<trkpt lat="45.67898" lon="5.8546200000000015"><ele>311.89</ele></trkpt>
<trkpt lat="45.67903" lon="5.8546700000000005"><ele>311.34</ele></trkpt>
<trkpt lat="45.67925" lon="5.85477"><ele>309.17</ele></trkpt>
<trkpt lat="45.67919" lon="5.8549"><ele>308.47</ele></trkpt>
<trkpt lat="45.67896" lon="5.85519"><ele>307.06</ele></trkpt>
<trkpt lat="45.67884" lon="5.855270000000001"><ele>306.34</ele></trkpt>
<trkpt lat="45.67878" lon="5.855299999999999"><ele>306.16</ele></trkpt>
<trkpt lat="45.67862" lon="5.855320000000001"><ele>305.57</ele></trkpt>
<trkpt lat="45.67851000000001" lon="5.8553299999999995"><ele>305.15</ele></trkpt>
<trkpt lat="45.67803" lon="5.855270000000001"><ele>303.65</ele></trkpt>
<trkpt lat="45.67739" lon="5.855109999999999"><ele>303</ele></trkpt>
<trkpt lat="45.67701999999999" lon="5.85506"><ele>302.67</ele></trkpt>
<trkpt lat="45.67699" lon="5.855040000000001"><ele>302.6</ele></trkpt>
<trkpt lat="45.67694" lon="5.855040000000001"><ele>302.62</ele></trkpt>
<trkpt lat="45.67691" lon="5.855040000000001"><ele>302.55</ele></trkpt>
<trkpt lat="45.67686" lon="5.85525"><ele>301.7</ele></trkpt>
<trkpt lat="45.67683" lon="5.855320000000001"><ele>301.27</ele></trkpt>
<trkpt lat="45.67679" lon="5.85537"><ele>300.92</ele></trkpt>
<trkpt lat="45.67674" lon="5.85539"><ele>300.44</ele></trkpt>
<trkpt lat="45.67623" lon="5.8554"><ele>296.48</ele></trkpt>
<trkpt lat="45.67604999999999" lon="5.85557"><ele>294.93</ele></trkpt>
<trkpt lat="45.67606" lon="5.856169999999999"><ele>290.4625299310923</ele></trkpt>
<trkpt lat="45.6758" lon="5.85624"><ele>287.64406876744664</ele></trkpt>
<trkpt lat="45.67542" lon="5.85634"><ele>283.5279196870978</ele></trkpt>
<trkpt lat="45.67520999999999" lon="5.856440000000001"><ele>281.17012415294596</ele></trkpt>
<trkpt lat="45.67513" lon="5.85649"><ele>280.240130057806</ele></trkpt>
<trkpt lat="45.674929999999996" lon="5.856620000000001"><ele>277.9</ele></trkpt>
<trkpt lat="45.67484999999999" lon="5.85666"><ele>277.18</ele></trkpt>
<trkpt lat="45.67478" lon="5.85667"><ele>276.61</ele></trkpt>
<trkpt lat="45.674350000000004" lon="5.85656"><ele>273.15</ele></trkpt>
<trkpt lat="45.67370999999999" lon="5.85647"><ele>268.43</ele></trkpt>
<trkpt lat="45.67306" lon="5.856400000000001"><ele>263.55</ele></trkpt>
<trkpt lat="45.67223" lon="5.856349999999999"><ele>257.46</ele></trkpt>
<trkpt lat="45.671400000000006" lon="5.856290000000001"><ele>250.98</ele></trkpt>
<trkpt lat="45.67109" lon="5.85628"><ele>248.87</ele></trkpt>
<trkpt lat="45.670959999999994" lon="5.856290000000001"><ele>247.82</ele></trkpt>
<trkpt lat="45.67086" lon="5.85632"><ele>247.11</ele></trkpt>
<trkpt lat="45.67079" lon="5.85637"><ele>246.47</ele></trkpt>
<trkpt lat="45.67073" lon="5.856440000000001"><ele>245.85</ele></trkpt>
<trkpt lat="45.670680000000004" lon="5.85654"><ele>245.23</ele></trkpt>
<trkpt lat="45.67062" lon="5.8568"><ele>243.67682124959123</ele></trkpt>
<trkpt lat="45.67059" lon="5.85685"><ele>243.3029926284898</ele></trkpt>
<trkpt lat="45.67056" lon="5.856889999999999"><ele>242.970142981911</ele></trkpt>
<trkpt lat="45.67047" lon="5.856919999999999"><ele>242.22</ele></trkpt>
<trkpt lat="45.67001" lon="5.85698"><ele>239.08</ele></trkpt>
<trkpt lat="45.66926000000001" lon="5.857119999999999"><ele>233.18</ele></trkpt>
<trkpt lat="45.66891" lon="5.857169999999999"><ele>233.2</ele></trkpt>
<trkpt lat="45.66863" lon="5.85722"><ele>233.19</ele></trkpt>
<trkpt lat="45.66809" lon="5.857449999999999"><ele>233.19</ele></trkpt>
<trkpt lat="45.66745000000001" lon="5.85781"><ele>233.13</ele></trkpt>
<trkpt lat="45.66708" lon="5.858009999999999"><ele>233.13</ele></trkpt>
<trkpt lat="45.6668" lon="5.85813"><ele>233.34</ele></trkpt>
<trkpt lat="45.66624" lon="5.85826"><ele>233.38</ele></trkpt>
<trkpt lat="45.66603" lon="5.858340000000001"><ele>233.33</ele></trkpt>
<trkpt lat="45.665400000000005" lon="5.858670000000001"><ele>233.48</ele></trkpt>
<trkpt lat="45.66519" lon="5.85875"><ele>233.38</ele></trkpt>
<trkpt lat="45.66499" lon="5.85876"><ele>233.38</ele></trkpt>
<trkpt lat="45.66484" lon="5.85873"><ele>233.3</ele></trkpt>
<trkpt lat="45.664680000000004" lon="5.85866"><ele>233.21</ele></trkpt>
<trkpt lat="45.66461" lon="5.85862"><ele>233.19</ele></trkpt>
<trkpt lat="45.66454" lon="5.85857"><ele>233.21</ele></trkpt>
<trkpt lat="45.6645" lon="5.858520000000002"><ele>233.2</ele></trkpt>
<trkpt lat="45.66445000000001" lon="5.85851"><ele>233.26</ele></trkpt>
<trkpt lat="45.66441" lon="5.858409999999999"><ele>233.2</ele></trkpt>
<trkpt lat="45.66434000000001" lon="5.8583300000000005"><ele>233.33</ele></trkpt>
<trkpt lat="45.66412" lon="5.858209999999998"><ele>233.34</ele></trkpt>
<trkpt lat="45.66399" lon="5.85819"><ele>233.27</ele></trkpt>
<trkpt lat="45.66355" lon="5.858040000000001"><ele>233.46</ele></trkpt>
<trkpt lat="45.66337000000001" lon="5.858009999999999"><ele>233.5</ele></trkpt>
<trkpt lat="45.66316" lon="5.858000000000001"><ele>233.58</ele></trkpt>
<trkpt lat="45.66241" lon="5.858040000000001"><ele>233.64</ele></trkpt>
<trkpt lat="45.66234000000001" lon="5.85805"><ele>233.62</ele></trkpt>
<trkpt lat="45.66216" lon="5.85811"><ele>233.61</ele></trkpt>
<trkpt lat="45.66177" lon="5.85831"><ele>233.5</ele></trkpt>
<trkpt lat="45.66156000000001" lon="5.85835"><ele>233.57</ele></trkpt>
<trkpt lat="45.66103" lon="5.85835"><ele>233.44</ele></trkpt>
<trkpt lat="45.66049" lon="5.85835"><ele>233.43</ele></trkpt>
<trkpt lat="45.66031000000001" lon="5.85837"><ele>233.56</ele></trkpt>
<trkpt lat="45.65993" lon="5.858580000000001"><ele>233.04</ele></trkpt>
<trkpt lat="45.65961" lon="5.85866"><ele>232.87</ele></trkpt>
<trkpt lat="45.659229999999994" lon="5.85881"><ele>232.99</ele></trkpt>
<trkpt lat="45.65913" lon="5.858829999999999"><ele>232.91</ele></trkpt>
<trkpt lat="45.65903" lon="5.858829999999999"><ele>232.92</ele></trkpt>
<trkpt lat="45.65894" lon="5.858820000000001"><ele>232.87</ele></trkpt>
<trkpt lat="45.65849" lon="5.85871"><ele>232.8</ele></trkpt>
<trkpt lat="45.65795000000001" lon="5.8586"><ele>233.04</ele></trkpt>
<trkpt lat="45.65741" lon="5.858499999999999"><ele>233.24</ele></trkpt>
<trkpt lat="45.65717000000001" lon="5.8584700000000005"><ele>233.34</ele></trkpt>
<trkpt lat="45.65694" lon="5.85851"><ele>233.37</ele></trkpt>
<trkpt lat="45.65683" lon="5.85857"><ele>233.27</ele></trkpt>
<trkpt lat="45.6563" lon="5.85901"><ele>233.24</ele></trkpt>
<trkpt lat="45.65606" lon="5.859230000000001"><ele>233.41</ele></trkpt>
<trkpt lat="45.65596" lon="5.85937"><ele>233.26</ele></trkpt>
<trkpt lat="45.65591" lon="5.85941"><ele>233.2</ele></trkpt>
<trkpt lat="45.65565" lon="5.8595500000000005"><ele>233.42</ele></trkpt>
<trkpt lat="45.65543" lon="5.859630000000001"><ele>233.42</ele></trkpt>
<trkpt lat="45.6551" lon="5.85975"><ele>233.5</ele></trkpt>
<trkpt lat="45.65488" lon="5.859850000000001"><ele>233.69</ele></trkpt>
<trkpt lat="45.65471" lon="5.85995"><ele>234.01</ele></trkpt>
<trkpt lat="45.65461" lon="5.860060000000001"><ele>233.88</ele></trkpt>
<trkpt lat="45.65419" lon="5.860699999999999"><ele>233.89</ele></trkpt>
<trkpt lat="45.65411999999999" lon="5.86077"><ele>233.92</ele></trkpt>
<trkpt lat="45.65407" lon="5.860799999999999"><ele>233.91</ele></trkpt>
<trkpt lat="45.65399" lon="5.860829999999999"><ele>233.88</ele></trkpt>
<trkpt lat="45.65386" lon="5.860829999999999"><ele>233.88</ele></trkpt>
<trkpt lat="45.65327" lon="5.860780000000001"><ele>233.85</ele></trkpt>
<trkpt lat="45.65266" lon="5.86071"><ele>233.63</ele></trkpt>
<trkpt lat="45.65244" lon="5.860639999999999"><ele>233.33</ele></trkpt>
<trkpt lat="45.65238" lon="5.86061"><ele>233.19</ele></trkpt>
<trkpt lat="45.6521" lon="5.860390000000001"><ele>232.98</ele></trkpt>
<trkpt lat="45.6519" lon="5.8602"><ele>233.41</ele></trkpt>
<trkpt lat="45.65182" lon="5.8602500000000015"><ele>233.84</ele></trkpt>
<trkpt lat="45.6518" lon="5.86028"><ele>233.94</ele></trkpt>
<trkpt lat="45.65177" lon="5.86035"><ele>234.16</ele></trkpt>
<trkpt lat="45.65174" lon="5.86067"><ele>235.84</ele></trkpt>
<trkpt lat="45.65171" lon="5.861129999999999"><ele>236.75</ele></trkpt>
<trkpt lat="45.65163" lon="5.8616399999999995"><ele>236.32</ele></trkpt>
<trkpt lat="45.65156" lon="5.861970000000001"><ele>236.07</ele></trkpt>
<trkpt lat="45.6514" lon="5.862510000000001"><ele>235.5</ele></trkpt>
<trkpt lat="45.65135" lon="5.86268"><ele>235.37</ele></trkpt>
<trkpt lat="45.65127" lon="5.862889999999999"><ele>235.06</ele></trkpt>
<trkpt lat="45.65119" lon="5.86308"><ele>234.75</ele></trkpt>
<trkpt lat="45.6511" lon="5.863269999999999"><ele>234.54</ele></trkpt>
<trkpt lat="45.65102" lon="5.86343"><ele>234.46</ele></trkpt>
<trkpt lat="45.65091" lon="5.8636099999999995"><ele>234.25</ele></trkpt>
<trkpt lat="45.65073" lon="5.863860000000001"><ele>233.73</ele></trkpt>
<trkpt lat="45.65050999999999" lon="5.86412"><ele>233.5</ele></trkpt>
<trkpt lat="45.6504" lon="5.864240000000001"><ele>233.46</ele></trkpt>
<trkpt lat="45.65027" lon="5.864350000000001"><ele>233.42</ele></trkpt>
<trkpt lat="45.64997000000001" lon="5.8645700000000005"><ele>233.47</ele></trkpt>
<trkpt lat="45.64969" lon="5.86471"><ele>233.73</ele></trkpt>
<trkpt lat="45.64936000000001" lon="5.864780000000001"><ele>233.89</ele></trkpt>
<trkpt lat="45.64912" lon="5.86481"><ele>234.15</ele></trkpt>
<trkpt lat="45.64883" lon="5.8648"><ele>234.51</ele></trkpt>
<trkpt lat="45.64865" lon="5.864780000000001"><ele>234.84</ele></trkpt>
<trkpt lat="45.648309999999995" lon="5.864719999999999"><ele>235.22</ele></trkpt>
<trkpt lat="45.64808" lon="5.864659999999999"><ele>235.6</ele></trkpt>
<trkpt lat="45.648044999999996" lon="5.864639999987508"><ele>235.56022577429812</ele></trkpt>
<trkpt lat="45.647992824489016" lon="5.864627508235461"><ele>235.50439975772179</ele></trkpt>
<trkpt lat="45.64794173235896" lon="5.86464715044923"><ele>235.44857374114548</ele></trkpt>
<trkpt lat="45.64790095733838" lon="5.864695376677564"><ele>235.39274772456915</ele></trkpt>
<trkpt lat="45.647877868575364" lon="5.86476347112208"><ele>235.33692170799284</ele></trkpt>
<trkpt lat="45.64787663883329" lon="5.86483912732839"><ele>235.2810956914165</ele></trkpt>
<trkpt lat="45.647920000000006" lon="5.865159999999999"><ele>235.04</ele></trkpt>
<trkpt lat="45.64797999999999" lon="5.86627"><ele>234.03</ele></trkpt>
<trkpt lat="45.64802" lon="5.86734"><ele>233.64</ele></trkpt>
<trkpt lat="45.64807" lon="5.86842"><ele>233.33</ele></trkpt>
<trkpt lat="45.64811000000001" lon="5.86949"><ele>233.41</ele></trkpt>
<trkpt lat="45.64815" lon="5.870569999999999"><ele>233.25</ele></trkpt>
<trkpt lat="45.64819" lon="5.87164"><ele>232.87</ele></trkpt>
<trkpt lat="45.6482" lon="5.872089999999999"><ele>232.98</ele></trkpt>
<trkpt lat="45.64816999999999" lon="5.87243"><ele>233.31</ele></trkpt>
<trkpt lat="45.64815" lon="5.872590000000001"><ele>233.32</ele></trkpt>
<trkpt lat="45.64808" lon="5.87288"><ele>233.31</ele></trkpt>
<trkpt lat="45.648059999999994" lon="5.873059999999998"><ele>233.35</ele></trkpt>
<trkpt lat="45.64807" lon="5.873329999999999"><ele>233.42</ele></trkpt>
<trkpt lat="45.64804" lon="5.87355"><ele>233.64</ele></trkpt>
<trkpt lat="45.64801" lon="5.873569999999999"><ele>233.55</ele></trkpt>
<trkpt lat="45.64797999999999" lon="5.87361"><ele>233.81</ele></trkpt>
<trkpt lat="45.64795" lon="5.873659999999999"><ele>233.78</ele></trkpt>
<trkpt lat="45.64794" lon="5.87371"><ele>233.91</ele></trkpt>
<trkpt lat="45.64794" lon="5.87376"><ele>233.93</ele></trkpt>
<trkpt lat="45.64794" lon="5.873820000000001"><ele>233.77</ele></trkpt>
<trkpt lat="45.64796" lon="5.873879999999998"><ele>233.83</ele></trkpt>
<trkpt lat="45.64799" lon="5.87393"><ele>233.85</ele></trkpt>
<trkpt lat="45.648030000000006" lon="5.873969999999998"><ele>233.92</ele></trkpt>
<trkpt lat="45.64807" lon="5.873989999999998"><ele>233.68</ele></trkpt>
<trkpt lat="45.64814" lon="5.874139999999999"><ele>233.53</ele></trkpt>
<trkpt lat="45.64819" lon="5.874360000000002"><ele>233.66</ele></trkpt>
<trkpt lat="45.64822999999999" lon="5.874630000000001"><ele>233.33</ele></trkpt>
<trkpt lat="45.64828000000001" lon="5.875139999999999"><ele>233.2</ele></trkpt>
<trkpt lat="45.64828000000001" lon="5.8756"><ele>233.08</ele></trkpt>
<trkpt lat="45.64827" lon="5.87668"><ele>233.15</ele></trkpt>
<trkpt lat="45.64825" lon="5.87775"><ele>233.03</ele></trkpt>
<trkpt lat="45.64824" lon="5.87883"><ele>233.23</ele></trkpt>
</trkseg>
</trk></gpx>
