<?xml version="1.0" encoding="UTF-8"?>
<gpx creator="StravaGPX" version="1.1" xmlns="http://www.topografix.com/GPX/1/1" xmlns:xsi="http://www.w3.org/2001/XMLSchema-instance" xsi:schemaLocation="http://www.topografix.com/GPX/1/1 http://www.topografix.com/GPX/1/1/gpx.xsd">
 <metadata>
  <name>Barcelona Hills</name>
  <author>
   <name>Ryan Yates</name>
   <link href="https://www.strava.com/athletes/462432"/>
  </author>
  <copyright author="OpenStreetMap contributors">
   <year>2020</year>
   <license>https://www.openstreetmap.org/copyright</license>
  </copyright>
  <link href="https://www.strava.com/routes/3507854099609110492"/>
 </metadata>
 <trk>
  <name>Barcelona Hills</name>
  <link href="https://www.strava.com/routes/3507854099609110492"/>
  <type>cycling</type>
  <trkseg>
   <trkpt lat="41.485670000000006" lon="2.13367">
    <ele>88.21000000000001</ele>
   </trkpt>
   <trkpt lat="41.48579000148804" lon="2.134254998945956">
    <ele>89.36000000000001</ele>
   </trkpt>
   <trkpt lat="41.485910000000004" lon="2.13484">
    <ele>90.83000000000001</ele>
   </trkpt>
   <trkpt lat="41.48595" lon="2.13517">
    <ele>91.95</ele>
   </trkpt>
   <trkpt lat="41.486000000000004" lon="2.1361000000000003">
    <ele>94.59</ele>
   </trkpt>
   <trkpt lat="41.48599" lon="2.1362400000000004">
    <ele>95.13000000000001</ele>
   </trkpt>
   <trkpt lat="41.485960000000006" lon="2.13632">
    <ele>95.13000000000001</ele>
   </trkpt>
   <trkpt lat="41.485870000000006" lon="2.1363700000000003">
    <ele>95.13000000000001</ele>
   </trkpt>
   <trkpt lat="41.485800000000005" lon="2.1365100000000004">
    <ele>96.06</ele>
   </trkpt>
   <trkpt lat="41.485760000000006" lon="2.1367000000000003">
    <ele>96.23</ele>
   </trkpt>
   <trkpt lat="41.4857" lon="2.13686">
    <ele>96.42</ele>
   </trkpt>
   <trkpt lat="41.48526000661815" lon="2.137572514477965">
    <ele>94.75</ele>
   </trkpt>
   <trkpt lat="41.48482000883933" lon="2.138285019279176">
    <ele>90.47000000000001</ele>
   </trkpt>
   <trkpt lat="41.48438000666369" lon="2.1389975144038167">
    <ele>87.77</ele>
   </trkpt>
   <trkpt lat="41.483940000000004" lon="2.13971">
    <ele>82.85000000000001</ele>
   </trkpt>
   <trkpt lat="41.483740000000004" lon="2.1401000000000003">
    <ele>80.46000000000001</ele>
   </trkpt>
   <trkpt lat="41.48358" lon="2.14041">
    <ele>78.05000000000001</ele>
   </trkpt>
   <trkpt lat="41.483470000000004" lon="2.14069">
    <ele>76.92</ele>
   </trkpt>
   <trkpt lat="41.48326" lon="2.14133">
    <ele>75.27</ele>
   </trkpt>
   <trkpt lat="41.48315" lon="2.1418000000000004">
    <ele>75.06</ele>
   </trkpt>
   <trkpt lat="41.48297" lon="2.14292">
    <ele>73.88</ele>
   </trkpt>
   <trkpt lat="41.48292" lon="2.14299">
    <ele>73.42</ele>
   </trkpt>
   <trkpt lat="41.482800000000005" lon="2.1430700000000003">
    <ele>72.18</ele>
   </trkpt>
   <trkpt lat="41.482730000000004" lon="2.1432100000000003">
    <ele>72.18</ele>
   </trkpt>
   <trkpt lat="41.482710000000004" lon="2.1433500000000003">
    <ele>71.8</ele>
   </trkpt>
   <trkpt lat="41.482760000000006" lon="2.14351">
    <ele>71.57000000000001</ele>
   </trkpt>
   <trkpt lat="41.48284" lon="2.1436100000000002">
    <ele>71.06000000000002</ele>
   </trkpt>
   <trkpt lat="41.48286" lon="2.1437600000000003">
    <ele>70.91</ele>
   </trkpt>
   <trkpt lat="41.482725004566724" lon="2.144790002355519">
    <ele>67.66000000000001</ele>
   </trkpt>
   <trkpt lat="41.48259" lon="2.14582">
    <ele>67.32000000000001</ele>
   </trkpt>
   <trkpt lat="41.482600000000005" lon="2.1461400000000004">
    <ele>67.65</ele>
   </trkpt>
   <trkpt lat="41.48268" lon="2.1464600000000003">
    <ele>68.22</ele>
   </trkpt>
   <trkpt lat="41.48290500193421" lon="2.147129997644595">
    <ele>69.47</ele>
   </trkpt>
   <trkpt lat="41.48313" lon="2.1478">
    <ele>71.83</ele>
   </trkpt>
   <trkpt lat="41.48346" lon="2.1488400000000003">
    <ele>76.74</ele>
   </trkpt>
   <trkpt lat="41.48350000000001" lon="2.1490400000000003">
    <ele>77.22000000000001</ele>
   </trkpt>
   <trkpt lat="41.48351" lon="2.1493200000000003">
    <ele>77.69000000000001</ele>
   </trkpt>
   <trkpt lat="41.48340501279596" lon="2.150312504837867">
    <ele>78.80000000000001</ele>
   </trkpt>
   <trkpt lat="41.483300017060294" lon="2.1513050064594945">
    <ele>78.11000000000001</ele>
   </trkpt>
   <trkpt lat="41.4831950127931" lon="2.1522975048646447">
    <ele>75.43</ele>
   </trkpt>
   <trkpt lat="41.483090000000004" lon="2.15329">
    <ele>70.74000000000001</ele>
   </trkpt>
   <trkpt lat="41.48303000000001" lon="2.1535300000000004">
    <ele>69.77000000000001</ele>
   </trkpt>
   <trkpt lat="41.4829" lon="2.1535900000000003">
    <ele>69.47</ele>
   </trkpt>
   <trkpt lat="41.48283" lon="2.15368">
    <ele>69.32000000000001</ele>
   </trkpt>
   <trkpt lat="41.482780000000005" lon="2.1537900000000003">
    <ele>69.16</ele>
   </trkpt>
   <trkpt lat="41.482760000000006" lon="2.1539900000000003">
    <ele>69.07000000000001</ele>
   </trkpt>
   <trkpt lat="41.482820000000004" lon="2.15417">
    <ele>68.99000000000001</ele>
   </trkpt>
   <trkpt lat="41.48292" lon="2.1543">
    <ele>69.01</ele>
   </trkpt>
   <trkpt lat="41.483000000000004" lon="2.15435">
    <ele>69.01</ele>
   </trkpt>
   <trkpt lat="41.483250000000005" lon="2.15436">
    <ele>69.17</ele>
   </trkpt>
   <trkpt lat="41.483340000000005" lon="2.1543900000000002">
    <ele>69.16</ele>
   </trkpt>
   <trkpt lat="41.48388500020721" lon="2.1546449978204514">
    <ele>66.89</ele>
   </trkpt>
   <trkpt lat="41.48443" lon="2.1549">
    <ele>66.14</ele>
   </trkpt>
   <trkpt lat="41.48474" lon="2.1550700000000003">
    <ele>67.14</ele>
   </trkpt>
   <trkpt lat="41.485040000000005" lon="2.15526">
    <ele>68.60000000000001</ele>
   </trkpt>
   <trkpt lat="41.48536" lon="2.15553">
    <ele>70.32000000000001</ele>
   </trkpt>
   <trkpt lat="41.485490000000006" lon="2.1556800000000003">
    <ele>70.32000000000001</ele>
   </trkpt>
   <trkpt lat="41.485530000000004" lon="2.1557500000000003">
    <ele>70.48</ele>
   </trkpt>
   <trkpt lat="41.485910000000004" lon="2.15614">
    <ele>71.08</ele>
   </trkpt>
   <trkpt lat="41.48597" lon="2.15634">
    <ele>71.2</ele>
   </trkpt>
   <trkpt lat="41.48597" lon="2.1564900000000002">
    <ele>70.64</ele>
   </trkpt>
   <trkpt lat="41.48594000000001" lon="2.1566">
    <ele>70.4</ele>
   </trkpt>
   <trkpt lat="41.48561" lon="2.15696">
    <ele>67.4</ele>
   </trkpt>
   <trkpt lat="41.48555" lon="2.15708">
    <ele>66.4</ele>
   </trkpt>
   <trkpt lat="41.48552" lon="2.15721">
    <ele>66.4</ele>
   </trkpt>
   <trkpt lat="41.485510000000005" lon="2.15735">
    <ele>64.32000000000001</ele>
   </trkpt>
   <trkpt lat="41.485530000000004" lon="2.15747">
    <ele>64.32000000000001</ele>
   </trkpt>
   <trkpt lat="41.48559" lon="2.15762">
    <ele>63.36</ele>
   </trkpt>
   <trkpt lat="41.48572" lon="2.15782">
    <ele>61.470000000000006</ele>
   </trkpt>
   <trkpt lat="41.48577" lon="2.15801">
    <ele>61.470000000000006</ele>
   </trkpt>
   <trkpt lat="41.485780000000005" lon="2.15822">
    <ele>61.470000000000006</ele>
   </trkpt>
   <trkpt lat="41.485690000000005" lon="2.15851">
    <ele>58.72</ele>
   </trkpt>
   <trkpt lat="41.48506716181855" lon="2.159364334987262">
    <ele>57.89</ele>
   </trkpt>
   <trkpt lat="41.484444317315614" lon="2.160218653550137">
    <ele>57.760000000000005</ele>
   </trkpt>
   <trkpt lat="41.48382146649146" lon="2.1610729556891344">
    <ele>56.470000000000006</ele>
   </trkpt>
   <trkpt lat="41.48319860934637" lon="2.1619272414047632">
    <ele>55.86000000000001</ele>
   </trkpt>
   <trkpt lat="41.482575745880574" lon="2.1627815106975317">
    <ele>55.82</ele>
   </trkpt>
   <trkpt lat="41.48195287609434" lon="2.1636357635679495">
    <ele>57.07</ele>
   </trkpt>
   <trkpt lat="41.48133000000001" lon="2.1644900000000002">
    <ele>61.25000000000001</ele>
   </trkpt>
   <trkpt lat="41.48138" lon="2.16454">
    <ele>61.4</ele>
   </trkpt>
   <trkpt lat="41.48142" lon="2.16455">
    <ele>61.050000000000004</ele>
   </trkpt>
   <trkpt lat="41.48158" lon="2.1655200000000003">
    <ele>55.620000000000005</ele>
   </trkpt>
   <trkpt lat="41.48161" lon="2.16582">
    <ele>55.42</ele>
   </trkpt>
   <trkpt lat="41.481790000000004" lon="2.1669500000000004">
    <ele>53.19</ele>
   </trkpt>
   <trkpt lat="41.48183" lon="2.1670800000000003">
    <ele>53.27</ele>
   </trkpt>
   <trkpt lat="41.48199667639259" lon="2.168139994512564">
    <ele>52.550000000000004</ele>
   </trkpt>
   <trkpt lat="41.482163343053806" lon="2.1691999944777693">
    <ele>52.31</ele>
   </trkpt>
   <trkpt lat="41.482330000000005" lon="2.1702600000000003">
    <ele>51.42000000000001</ele>
   </trkpt>
   <trkpt lat="41.482450002194675" lon="2.170969998754296">
    <ele>51.010000000000005</ele>
   </trkpt>
   <trkpt lat="41.48257" lon="2.1716800000000003">
    <ele>49.57</ele>
   </trkpt>
   <trkpt lat="41.482710000000004" lon="2.17255">
    <ele>48.88</ele>
   </trkpt>
   <trkpt lat="41.48272" lon="2.1727000000000003">
    <ele>48.690000000000005</ele>
   </trkpt>
   <trkpt lat="41.482850000000006" lon="2.1735">
    <ele>48.440000000000005</ele>
   </trkpt>
   <trkpt lat="41.48281" lon="2.17374">
    <ele>48.580000000000005</ele>
   </trkpt>
   <trkpt lat="41.48266" lon="2.17431">
    <ele>48.71</ele>
   </trkpt>
   <trkpt lat="41.48263" lon="2.17455">
    <ele>48.88</ele>
   </trkpt>
   <trkpt lat="41.482800000000005" lon="2.1757">
    <ele>48.24</ele>
   </trkpt>
   <trkpt lat="41.48292" lon="2.17621">
    <ele>48.13</ele>
   </trkpt>
   <trkpt lat="41.483120001897056" lon="2.176869997998244">
    <ele>47.730000000000004</ele>
   </trkpt>
   <trkpt lat="41.483320000000006" lon="2.17753">
    <ele>47.440000000000005</ele>
   </trkpt>
   <trkpt lat="41.48344" lon="2.1778">
    <ele>47.440000000000005</ele>
   </trkpt>
   <trkpt lat="41.48355" lon="2.17795">
    <ele>47.080000000000005</ele>
   </trkpt>
   <trkpt lat="41.48387" lon="2.1783">
    <ele>46.95</ele>
   </trkpt>
   <trkpt lat="41.484460000000006" lon="2.17883">
    <ele>46.39</ele>
   </trkpt>
   <trkpt lat="41.484730000000006" lon="2.1791400000000003">
    <ele>46.31</ele>
   </trkpt>
   <trkpt lat="41.48504667111768" lon="2.179856659667547">
    <ele>46.05</ele>
   </trkpt>
   <trkpt lat="41.485363337786964" lon="2.1805733263400895">
    <ele>45.84</ele>
   </trkpt>
   <trkpt lat="41.48568" lon="2.18129">
    <ele>45.53</ele>
   </trkpt>
   <trkpt lat="41.48606" lon="2.1820600000000003">
    <ele>45.43000000000001</ele>
   </trkpt>
   <trkpt lat="41.48644" lon="2.1829400000000003">
    <ele>44.08</ele>
   </trkpt>
   <trkpt lat="41.48655" lon="2.18331">
    <ele>43.39</ele>
   </trkpt>
   <trkpt lat="41.486610000000006" lon="2.1836200000000003">
    <ele>43.480000000000004</ele>
   </trkpt>
   <trkpt lat="41.486650000000004" lon="2.1837400000000002">
    <ele>43.480000000000004</ele>
   </trkpt>
   <trkpt lat="41.486760000000004" lon="2.18398">
    <ele>43.800000000000004</ele>
   </trkpt>
   <trkpt lat="41.48682" lon="2.1842">
    <ele>43.84</ele>
   </trkpt>
   <trkpt lat="41.48698500157467" lon="2.1848199980828897">
    <ele>43.64000000000001</ele>
   </trkpt>
   <trkpt lat="41.48715000000001" lon="2.1854400000000003">
    <ele>43.32</ele>
   </trkpt>
   <trkpt lat="41.487300000000005" lon="2.1861300000000004">
    <ele>42.85000000000001</ele>
   </trkpt>
   <trkpt lat="41.48736" lon="2.1865400000000004">
    <ele>42.65</ele>
   </trkpt>
   <trkpt lat="41.48733" lon="2.1866100000000004">
    <ele>42.550000000000004</ele>
   </trkpt>
   <trkpt lat="41.48733" lon="2.1867">
    <ele>42.550000000000004</ele>
   </trkpt>
   <trkpt lat="41.48743" lon="2.18736">
    <ele>41.980000000000004</ele>
   </trkpt>
   <trkpt lat="41.487550000000006" lon="2.1879000000000004">
    <ele>40.910000000000004</ele>
   </trkpt>
   <trkpt lat="41.4876" lon="2.18794">
    <ele>40.67</ele>
   </trkpt>
   <trkpt lat="41.48753000000001" lon="2.1889000000000003">
    <ele>37.63</ele>
   </trkpt>
   <trkpt lat="41.48753000000001" lon="2.18933">
    <ele>38.28</ele>
   </trkpt>
   <trkpt lat="41.48751" lon="2.1896600000000004">
    <ele>38.84</ele>
   </trkpt>
   <trkpt lat="41.48742" lon="2.19022">
    <ele>39.089999999999996</ele>
   </trkpt>
   <trkpt lat="41.48729" lon="2.19049">
    <ele>38.77</ele>
   </trkpt>
   <trkpt lat="41.487100000000005" lon="2.19076">
    <ele>38.63</ele>
   </trkpt>
   <trkpt lat="41.486920000000005" lon="2.19096">
    <ele>38.56</ele>
   </trkpt>
   <trkpt lat="41.486810000000006" lon="2.19105">
    <ele>38.56</ele>
   </trkpt>
   <trkpt lat="41.486670000000004" lon="2.19111">
    <ele>38.56</ele>
   </trkpt>
   <trkpt lat="41.486430000000006" lon="2.19116">
    <ele>38.17</ele>
   </trkpt>
   <trkpt lat="41.486090000000004" lon="2.1911500000000004">
    <ele>38.14</ele>
   </trkpt>
   <trkpt lat="41.485850000000006" lon="2.19111">
    <ele>38.05</ele>
   </trkpt>
   <trkpt lat="41.48518000029735" lon="2.1909649955072354">
    <ele>37.81</ele>
   </trkpt>
   <trkpt lat="41.484510000412605" lon="2.1908199940132262">
    <ele>37.50000000000001</ele>
   </trkpt>
   <trkpt lat="41.48384000034575" lon="2.19067499551784">
    <ele>37.2</ele>
   </trkpt>
   <trkpt lat="41.48317" lon="2.1905300000000003">
    <ele>37.42</ele>
   </trkpt>
   <trkpt lat="41.48308" lon="2.19049">
    <ele>37.720000000000006</ele>
   </trkpt>
   <trkpt lat="41.48299" lon="2.1904500000000002">
    <ele>37.910000000000004</ele>
   </trkpt>
   <trkpt lat="41.482940000000006" lon="2.1904700000000004">
    <ele>37.900000000000006</ele>
   </trkpt>
   <trkpt lat="41.482840003284394" lon="2.1913400012847783">
    <ele>37.78</ele>
   </trkpt>
   <trkpt lat="41.48274000000001" lon="2.19221">
    <ele>38.45</ele>
   </trkpt>
   <trkpt lat="41.48266" lon="2.19239">
    <ele>39.220000000000006</ele>
   </trkpt>
   <trkpt lat="41.48261" lon="2.1924300000000003">
    <ele>39.31</ele>
   </trkpt>
   <trkpt lat="41.48239" lon="2.19241">
    <ele>39.510000000000005</ele>
   </trkpt>
   <trkpt lat="41.481930000000006" lon="2.1923000000000004">
    <ele>39.7</ele>
   </trkpt>
   <trkpt lat="41.481570000000005" lon="2.19225">
    <ele>39.68</ele>
   </trkpt>
   <trkpt lat="41.48082999995953" lon="2.1922600002289356">
    <ele>39.49</ele>
   </trkpt>
   <trkpt lat="41.48008999991819" lon="2.192270000229491">
    <ele>39.400000000000006</ele>
   </trkpt>
   <trkpt lat="41.479350000000004" lon="2.1922800000000002">
    <ele>39.620000000000005</ele>
   </trkpt>
   <trkpt lat="41.47927000000001" lon="2.19218">
    <ele>39.56</ele>
   </trkpt>
   <trkpt lat="41.479200000000006" lon="2.1921600000000003">
    <ele>39.56</ele>
   </trkpt>
   <trkpt lat="41.479130000000005" lon="2.19218">
    <ele>39.550000000000004</ele>
   </trkpt>
   <trkpt lat="41.47908" lon="2.19224">
    <ele>39.550000000000004</ele>
   </trkpt>
   <trkpt lat="41.47905" lon="2.1923500000000002">
    <ele>39.66</ele>
   </trkpt>
   <trkpt lat="41.479060000000004" lon="2.19246">
    <ele>39.66</ele>
   </trkpt>
   <trkpt lat="41.479110000000006" lon="2.19254">
    <ele>39.92</ele>
   </trkpt>
   <trkpt lat="41.479040000000005" lon="2.19273">
    <ele>40.6</ele>
   </trkpt>
   <trkpt lat="41.478880000000004" lon="2.1928900000000002">
    <ele>41.800000000000004</ele>
   </trkpt>
   <trkpt lat="41.478590000000004" lon="2.1931100000000003">
    <ele>43.42</ele>
   </trkpt>
   <trkpt lat="41.478460000000005" lon="2.19327">
    <ele>44.81</ele>
   </trkpt>
   <trkpt lat="41.478410000000004" lon="2.1933800000000003">
    <ele>45.19</ele>
   </trkpt>
   <trkpt lat="41.478320000000004" lon="2.19374">
    <ele>45.84</ele>
   </trkpt>
   <trkpt lat="41.478210000000004" lon="2.19448">
    <ele>48.67</ele>
   </trkpt>
   <trkpt lat="41.47814" lon="2.1947300000000003">
    <ele>49.81000000000001</ele>
   </trkpt>
   <trkpt lat="41.47787" lon="2.1951400000000003">
    <ele>52.56</ele>
   </trkpt>
   <trkpt lat="41.47782" lon="2.19532">
    <ele>54.730000000000004</ele>
   </trkpt>
   <trkpt lat="41.47782" lon="2.1954200000000004">
    <ele>54.730000000000004</ele>
   </trkpt>
   <trkpt lat="41.47787" lon="2.19558">
    <ele>55.410000000000004</ele>
   </trkpt>
   <trkpt lat="41.478" lon="2.1958100000000003">
    <ele>57.690000000000005</ele>
   </trkpt>
   <trkpt lat="41.47824000000001" lon="2.1961600000000003">
    <ele>59.53000000000001</ele>
   </trkpt>
   <trkpt lat="41.4784" lon="2.19645">
    <ele>61.49</ele>
   </trkpt>
   <trkpt lat="41.478460000000005" lon="2.19668">
    <ele>62.870000000000005</ele>
   </trkpt>
   <trkpt lat="41.47845" lon="2.19674">
    <ele>62.92</ele>
   </trkpt>
   <trkpt lat="41.478410000000004" lon="2.19681">
    <ele>62.92</ele>
   </trkpt>
   <trkpt lat="41.47831" lon="2.19686">
    <ele>63.46</ele>
   </trkpt>
   <trkpt lat="41.47814" lon="2.1968300000000003">
    <ele>64.69000000000001</ele>
   </trkpt>
   <trkpt lat="41.478030000000004" lon="2.1968400000000003">
    <ele>64.69000000000001</ele>
   </trkpt>
   <trkpt lat="41.47795" lon="2.1969100000000004">
    <ele>67.29</ele>
   </trkpt>
   <trkpt lat="41.477740000000004" lon="2.1971700000000003">
    <ele>68.71000000000001</ele>
   </trkpt>
   <trkpt lat="41.477630000000005" lon="2.1973900000000004">
    <ele>71.15</ele>
   </trkpt>
   <trkpt lat="41.47753" lon="2.1977100000000003">
    <ele>73.37</ele>
   </trkpt>
   <trkpt lat="41.477520000000005" lon="2.1978600000000004">
    <ele>74.23</ele>
   </trkpt>
   <trkpt lat="41.477520000000005" lon="2.1978500000000003">
    <ele>74.23</ele>
   </trkpt>
   <trkpt lat="41.47757" lon="2.19814">
    <ele>76.27</ele>
   </trkpt>
   <trkpt lat="41.477650000000004" lon="2.19834">
    <ele>78.06</ele>
   </trkpt>
   <trkpt lat="41.477720000000005" lon="2.19843">
    <ele>78.86</ele>
   </trkpt>
   <trkpt lat="41.47784" lon="2.1985300000000003">
    <ele>80.26</ele>
   </trkpt>
   <trkpt lat="41.478120000000004" lon="2.19871">
    <ele>82.56</ele>
   </trkpt>
   <trkpt lat="41.47818" lon="2.1988700000000003">
    <ele>82.81</ele>
   </trkpt>
   <trkpt lat="41.47813" lon="2.19909">
    <ele>84.26</ele>
   </trkpt>
   <trkpt lat="41.47798" lon="2.1993300000000002">
    <ele>86.19</ele>
   </trkpt>
   <trkpt lat="41.477940000000004" lon="2.1995500000000003">
    <ele>87.08</ele>
   </trkpt>
   <trkpt lat="41.47796" lon="2.19966">
    <ele>87.08</ele>
   </trkpt>
   <trkpt lat="41.47805" lon="2.1998200000000003">
    <ele>87.63000000000001</ele>
   </trkpt>
   <trkpt lat="41.47844500078379" lon="2.2002349975106066">
    <ele>90.51</ele>
   </trkpt>
   <trkpt lat="41.478840000000005" lon="2.20065">
    <ele>94.03</ele>
   </trkpt>
   <trkpt lat="41.478950000000005" lon="2.20074">
    <ele>95.4</ele>
   </trkpt>
   <trkpt lat="41.47939" lon="2.2009600000000002">
    <ele>97.2</ele>
   </trkpt>
   <trkpt lat="41.479490000000006" lon="2.20107">
    <ele>99.82000000000001</ele>
   </trkpt>
   <trkpt lat="41.47957" lon="2.20119">
    <ele>99.82000000000001</ele>
   </trkpt>
   <trkpt lat="41.47984" lon="2.2017700000000002">
    <ele>103.28000000000002</ele>
   </trkpt>
   <trkpt lat="41.480000000000004" lon="2.20201">
    <ele>104.70000000000002</ele>
   </trkpt>
   <trkpt lat="41.480050000000006" lon="2.2021100000000002">
    <ele>104.70000000000002</ele>
   </trkpt>
   <trkpt lat="41.480070000000005" lon="2.2023">
    <ele>104.70000000000002</ele>
   </trkpt>
   <trkpt lat="41.47999" lon="2.2025300000000003">
    <ele>107.96000000000001</ele>
   </trkpt>
   <trkpt lat="41.479980000000005" lon="2.20271">
    <ele>107.96000000000001</ele>
   </trkpt>
   <trkpt lat="41.48006" lon="2.20353">
    <ele>112.44000000000001</ele>
   </trkpt>
   <trkpt lat="41.4801" lon="2.2037400000000003">
    <ele>112.44000000000001</ele>
   </trkpt>
   <trkpt lat="41.48015" lon="2.20384">
    <ele>114.22000000000001</ele>
   </trkpt>
   <trkpt lat="41.480250000000005" lon="2.2039500000000003">
    <ele>114.22000000000001</ele>
   </trkpt>
   <trkpt lat="41.48067" lon="2.20412">
    <ele>117.69</ele>
   </trkpt>
   <trkpt lat="41.481370000000005" lon="2.2045000000000003">
    <ele>120.89000000000001</ele>
   </trkpt>
   <trkpt lat="41.481460000000006" lon="2.2045700000000004">
    <ele>120.89000000000001</ele>
   </trkpt>
   <trkpt lat="41.48153000000001" lon="2.20465">
    <ele>120.89000000000001</ele>
   </trkpt>
   <trkpt lat="41.48161" lon="2.20478">
    <ele>126.44</ele>
   </trkpt>
   <trkpt lat="41.48167" lon="2.2050400000000003">
    <ele>126.44</ele>
   </trkpt>
   <trkpt lat="41.481640000000006" lon="2.2053200000000004">
    <ele>126.44</ele>
   </trkpt>
   <trkpt lat="41.48134" lon="2.20631">
    <ele>131.92000000000002</ele>
   </trkpt>
   <trkpt lat="41.481320000000004" lon="2.20651">
    <ele>132.4</ele>
   </trkpt>
   <trkpt lat="41.48134" lon="2.20668">
    <ele>132.84</ele>
   </trkpt>
   <trkpt lat="41.48142" lon="2.20696">
    <ele>133.89000000000001</ele>
   </trkpt>
   <trkpt lat="41.48169" lon="2.2074900000000004">
    <ele>136.02</ele>
   </trkpt>
   <trkpt lat="41.481910001932235" lon="2.2081449979977084">
    <ele>138.74</ele>
   </trkpt>
   <trkpt lat="41.482130000000005" lon="2.2088">
    <ele>143.29</ele>
   </trkpt>
   <trkpt lat="41.48240333970251" lon="2.2096566594808382">
    <ele>149.52</ele>
   </trkpt>
   <trkpt lat="41.48267667304899" lon="2.210513326188621">
    <ele>153.2</ele>
   </trkpt>
   <trkpt lat="41.48295" lon="2.21137">
    <ele>158.15</ele>
   </trkpt>
   <trkpt lat="41.48299" lon="2.2115500000000003">
    <ele>158.15</ele>
   </trkpt>
   <trkpt lat="41.482980000000005" lon="2.21173">
    <ele>158.15</ele>
   </trkpt>
   <trkpt lat="41.48295" lon="2.21183">
    <ele>159.16000000000003</ele>
   </trkpt>
   <trkpt lat="41.48274000000001" lon="2.21214">
    <ele>160.47</ele>
   </trkpt>
   <trkpt lat="41.48266" lon="2.21232">
    <ele>161.82000000000002</ele>
   </trkpt>
   <trkpt lat="41.482670000000006" lon="2.21247">
    <ele>161.82000000000002</ele>
   </trkpt>
   <trkpt lat="41.48295" lon="2.2131600000000002">
    <ele>166.44</ele>
   </trkpt>
   <trkpt lat="41.483160000000005" lon="2.2134400000000003">
    <ele>168.5</ele>
   </trkpt>
   <trkpt lat="41.483410000000006" lon="2.2140500000000003">
    <ele>171.49</ele>
   </trkpt>
   <trkpt lat="41.483760000000004" lon="2.21443">
    <ele>174.66</ele>
   </trkpt>
   <trkpt lat="41.483810000000005" lon="2.21456">
    <ele>174.66</ele>
   </trkpt>
   <trkpt lat="41.48382" lon="2.2146500000000002">
    <ele>175.64000000000001</ele>
   </trkpt>
   <trkpt lat="41.4838" lon="2.2147">
    <ele>175.64000000000001</ele>
   </trkpt>
   <trkpt lat="41.48362" lon="2.21483">
    <ele>177.39000000000001</ele>
   </trkpt>
   <trkpt lat="41.483540000000005" lon="2.2149400000000004">
    <ele>177.76</ele>
   </trkpt>
   <trkpt lat="41.48350000000001" lon="2.21509">
    <ele>178.04</ele>
   </trkpt>
   <trkpt lat="41.483450000000005" lon="2.21591">
    <ele>178.33</ele>
   </trkpt>
   <trkpt lat="41.483470000000004" lon="2.21607">
    <ele>178.33</ele>
   </trkpt>
   <trkpt lat="41.483560000000004" lon="2.2164">
    <ele>178.32</ele>
   </trkpt>
   <trkpt lat="41.483650000000004" lon="2.2166300000000003">
    <ele>178.21</ele>
   </trkpt>
   <trkpt lat="41.48373" lon="2.21678">
    <ele>178.11</ele>
   </trkpt>
   <trkpt lat="41.48398" lon="2.21705">
    <ele>178.04</ele>
   </trkpt>
   <trkpt lat="41.484260000000006" lon="2.2172300000000003">
    <ele>178.19</ele>
   </trkpt>
   <trkpt lat="41.48434" lon="2.2173700000000003">
    <ele>178.3</ele>
   </trkpt>
   <trkpt lat="41.484370000000006" lon="2.21763">
    <ele>178.94000000000003</ele>
   </trkpt>
   <trkpt lat="41.48434" lon="2.21774">
    <ele>179.35</ele>
   </trkpt>
   <trkpt lat="41.484280000000005" lon="2.2177900000000004">
    <ele>179.83</ele>
   </trkpt>
   <trkpt lat="41.48415000000001" lon="2.2178500000000003">
    <ele>180.68</ele>
   </trkpt>
   <trkpt lat="41.48331" lon="2.2180600000000004">
    <ele>187.08</ele>
   </trkpt>
   <trkpt lat="41.483050000000006" lon="2.21816">
    <ele>188.78</ele>
   </trkpt>
   <trkpt lat="41.482940000000006" lon="2.21823">
    <ele>188.78</ele>
   </trkpt>
   <trkpt lat="41.482850000000006" lon="2.2183300000000004">
    <ele>190.29000000000002</ele>
   </trkpt>
   <trkpt lat="41.482780000000005" lon="2.2184600000000003">
    <ele>190.84</ele>
   </trkpt>
   <trkpt lat="41.48277" lon="2.21857">
    <ele>191.33</ele>
   </trkpt>
   <trkpt lat="41.482780000000005" lon="2.21871">
    <ele>191.79000000000002</ele>
   </trkpt>
   <trkpt lat="41.483180000000004" lon="2.2197600000000004">
    <ele>196.17000000000002</ele>
   </trkpt>
   <trkpt lat="41.48331" lon="2.21998">
    <ele>197.82000000000002</ele>
   </trkpt>
   <trkpt lat="41.483560000000004" lon="2.2202900000000003">
    <ele>199.41</ele>
   </trkpt>
   <trkpt lat="41.483830000000005" lon="2.22045">
    <ele>200.89000000000001</ele>
   </trkpt>
   <trkpt lat="41.48411" lon="2.2206">
    <ele>201.94</ele>
   </trkpt>
   <trkpt lat="41.484190000000005" lon="2.22071">
    <ele>202.83</ele>
   </trkpt>
   <trkpt lat="41.484260000000006" lon="2.22086">
    <ele>203.88</ele>
   </trkpt>
   <trkpt lat="41.48427" lon="2.22102">
    <ele>204.54000000000002</ele>
   </trkpt>
   <trkpt lat="41.48425" lon="2.22114">
    <ele>205.38</ele>
   </trkpt>
   <trkpt lat="41.484210000000004" lon="2.22126">
    <ele>205.38</ele>
   </trkpt>
   <trkpt lat="41.484140000000004" lon="2.2213700000000003">
    <ele>208.24</ele>
   </trkpt>
   <trkpt lat="41.483990000000006" lon="2.22148">
    <ele>209.03000000000003</ele>
   </trkpt>
   <trkpt lat="41.48387" lon="2.22153">
    <ele>210.51000000000002</ele>
   </trkpt>
   <trkpt lat="41.483340000000005" lon="2.22163">
    <ele>213.47000000000003</ele>
   </trkpt>
   <trkpt lat="41.48315" lon="2.22156">
    <ele>214.95000000000002</ele>
   </trkpt>
   <trkpt lat="41.48295" lon="2.2214">
    <ele>217.33</ele>
   </trkpt>
   <trkpt lat="41.48265000000001" lon="2.2212300000000003">
    <ele>218.48</ele>
   </trkpt>
   <trkpt lat="41.48232" lon="2.2210900000000002">
    <ele>219.76000000000002</ele>
   </trkpt>
   <trkpt lat="41.48201" lon="2.2209800000000004">
    <ele>222.46</ele>
   </trkpt>
   <trkpt lat="41.48178" lon="2.22093">
    <ele>225.38000000000002</ele>
   </trkpt>
   <trkpt lat="41.481700000000004" lon="2.22095">
    <ele>225.38000000000002</ele>
   </trkpt>
   <trkpt lat="41.48162000000001" lon="2.221">
    <ele>226.27</ele>
   </trkpt>
   <trkpt lat="41.48156" lon="2.22107">
    <ele>226.27</ele>
   </trkpt>
   <trkpt lat="41.481480000000005" lon="2.22121">
    <ele>227.34</ele>
   </trkpt>
   <trkpt lat="41.48142" lon="2.2213800000000004">
    <ele>228.18</ele>
   </trkpt>
   <trkpt lat="41.48134" lon="2.2219700000000002">
    <ele>231.47</ele>
   </trkpt>
   <trkpt lat="41.48131" lon="2.2221">
    <ele>232.61</ele>
   </trkpt>
   <trkpt lat="41.48124000000001" lon="2.22223">
    <ele>233.69</ele>
   </trkpt>
   <trkpt lat="41.481190000000005" lon="2.22229">
    <ele>233.69</ele>
   </trkpt>
   <trkpt lat="41.481100000000005" lon="2.2223300000000004">
    <ele>235.04000000000002</ele>
   </trkpt>
   <trkpt lat="41.48071" lon="2.22236">
    <ele>237.86</ele>
   </trkpt>
   <trkpt lat="41.48059000000001" lon="2.22242">
    <ele>237.86</ele>
   </trkpt>
   <trkpt lat="41.480540000000005" lon="2.2224700000000004">
    <ele>239.13</ele>
   </trkpt>
   <trkpt lat="41.480430000000005" lon="2.22264">
    <ele>239.66</ele>
   </trkpt>
   <trkpt lat="41.48002" lon="2.22337">
    <ele>243.34000000000003</ele>
   </trkpt>
   <trkpt lat="41.47968" lon="2.2237400000000003">
    <ele>242.91</ele>
   </trkpt>
   <trkpt lat="41.479620000000004" lon="2.2238800000000003">
    <ele>242.24</ele>
   </trkpt>
   <trkpt lat="41.47961" lon="2.22404">
    <ele>241.71</ele>
   </trkpt>
   <trkpt lat="41.47968" lon="2.22438">
    <ele>240.50000000000003</ele>
   </trkpt>
   <trkpt lat="41.47975" lon="2.22454">
    <ele>238.22</ele>
   </trkpt>
   <trkpt lat="41.4799" lon="2.2247700000000004">
    <ele>235.88</ele>
   </trkpt>
   <trkpt lat="41.48001" lon="2.22486">
    <ele>235.88</ele>
   </trkpt>
   <trkpt lat="41.480250000000005" lon="2.2249600000000003">
    <ele>233.91</ele>
   </trkpt>
   <trkpt lat="41.48053" lon="2.2250400000000004">
    <ele>232.08</ele>
   </trkpt>
   <trkpt lat="41.48114" lon="2.22512">
    <ele>229.18</ele>
   </trkpt>
   <trkpt lat="41.48124000000001" lon="2.22519">
    <ele>229.18</ele>
   </trkpt>
   <trkpt lat="41.48131" lon="2.2253600000000002">
    <ele>228.33</ele>
   </trkpt>
   <trkpt lat="41.481370000000005" lon="2.2256">
    <ele>227.19000000000003</ele>
   </trkpt>
   <trkpt lat="41.481460000000006" lon="2.22574">
    <ele>226.88000000000002</ele>
   </trkpt>
   <trkpt lat="41.48161" lon="2.2258500000000003">
    <ele>226.34</ele>
   </trkpt>
   <trkpt lat="41.481880000000004" lon="2.22588">
    <ele>225.58</ele>
   </trkpt>
   <trkpt lat="41.48196" lon="2.22593">
    <ele>225.06</ele>
   </trkpt>
   <trkpt lat="41.482020000000006" lon="2.2260600000000004">
    <ele>224.48000000000002</ele>
   </trkpt>
   <trkpt lat="41.4821" lon="2.2263200000000003">
    <ele>223.22000000000003</ele>
   </trkpt>
   <trkpt lat="41.48227000000001" lon="2.22657">
    <ele>222.04000000000002</ele>
   </trkpt>
   <trkpt lat="41.482290000000006" lon="2.2266500000000002">
    <ele>222.04000000000002</ele>
   </trkpt>
   <trkpt lat="41.48228" lon="2.2268100000000004">
    <ele>221.22000000000003</ele>
   </trkpt>
   <trkpt lat="41.48225" lon="2.2268700000000003">
    <ele>220.36</ele>
   </trkpt>
   <trkpt lat="41.48217" lon="2.22695">
    <ele>220.36</ele>
   </trkpt>
   <trkpt lat="41.48207" lon="2.2270000000000003">
    <ele>217.55</ele>
   </trkpt>
   <trkpt lat="41.48147" lon="2.2270800000000004">
    <ele>211.42000000000002</ele>
   </trkpt>
   <trkpt lat="41.48109" lon="2.2271">
    <ele>207.66</ele>
   </trkpt>
   <trkpt lat="41.480900000000005" lon="2.2271300000000003">
    <ele>207.66</ele>
   </trkpt>
   <trkpt lat="41.48068000000001" lon="2.2271900000000002">
    <ele>204.59</ele>
   </trkpt>
   <trkpt lat="41.48051" lon="2.2272700000000003">
    <ele>204.59</ele>
   </trkpt>
   <trkpt lat="41.480250000000005" lon="2.22744">
    <ele>201.71000000000004</ele>
   </trkpt>
   <trkpt lat="41.48015" lon="2.2275400000000003">
    <ele>201.08</ele>
   </trkpt>
   <trkpt lat="41.479940000000006" lon="2.2278800000000003">
    <ele>198.5</ele>
   </trkpt>
   <trkpt lat="41.479820000000004" lon="2.228">
    <ele>196.97</ele>
   </trkpt>
   <trkpt lat="41.47964" lon="2.22811">
    <ele>194.70000000000002</ele>
   </trkpt>
   <trkpt lat="41.479490000000006" lon="2.22827">
    <ele>194.70000000000002</ele>
   </trkpt>
   <trkpt lat="41.479400000000005" lon="2.2287000000000003">
    <ele>191.10999999999999</ele>
   </trkpt>
   <trkpt lat="41.479350000000004" lon="2.22878">
    <ele>191.10999999999999</ele>
   </trkpt>
   <trkpt lat="41.479200000000006" lon="2.22888">
    <ele>188.42</ele>
   </trkpt>
   <trkpt lat="41.47894" lon="2.2289600000000003">
    <ele>186.60000000000002</ele>
   </trkpt>
   <trkpt lat="41.4786" lon="2.2291800000000004">
    <ele>183.81</ele>
   </trkpt>
   <trkpt lat="41.47836" lon="2.22929">
    <ele>181.96</ele>
   </trkpt>
   <trkpt lat="41.47818" lon="2.2293600000000002">
    <ele>180.6</ele>
   </trkpt>
   <trkpt lat="41.478030000000004" lon="2.2294300000000002">
    <ele>179.53000000000003</ele>
   </trkpt>
   <trkpt lat="41.47789" lon="2.2295700000000003">
    <ele>178.39000000000001</ele>
   </trkpt>
   <trkpt lat="41.477810000000005" lon="2.22968">
    <ele>178.39000000000001</ele>
   </trkpt>
   <trkpt lat="41.47760000139155" lon="2.2302450018059505">
    <ele>172.66</ele>
   </trkpt>
   <trkpt lat="41.47739000000001" lon="2.2308100000000004">
    <ele>169.79000000000002</ele>
   </trkpt>
   <trkpt lat="41.477360000000004" lon="2.2310100000000004">
    <ele>167.43</ele>
   </trkpt>
   <trkpt lat="41.4774" lon="2.2312100000000004">
    <ele>167.43</ele>
   </trkpt>
   <trkpt lat="41.4776" lon="2.2314700000000003">
    <ele>164.58</ele>
   </trkpt>
   <trkpt lat="41.47769" lon="2.2317500000000003">
    <ele>165.83</ele>
   </trkpt>
   <trkpt lat="41.477880000000006" lon="2.2325000000000004">
    <ele>158.33</ele>
   </trkpt>
   <trkpt lat="41.47795" lon="2.23285">
    <ele>156.4</ele>
   </trkpt>
   <trkpt lat="41.477940000000004" lon="2.2330200000000002">
    <ele>153.73</ele>
   </trkpt>
   <trkpt lat="41.47786000000001" lon="2.23333">
    <ele>152.45</ele>
   </trkpt>
   <trkpt lat="41.47778" lon="2.2335200000000004">
    <ele>152.15</ele>
   </trkpt>
   <trkpt lat="41.47769" lon="2.2336500000000004">
    <ele>149.34</ele>
   </trkpt>
   <trkpt lat="41.477590000000006" lon="2.23373">
    <ele>149.34</ele>
   </trkpt>
   <trkpt lat="41.47749" lon="2.2337800000000003">
    <ele>148.18</ele>
   </trkpt>
   <trkpt lat="41.4771" lon="2.2338500000000003">
    <ele>145.02</ele>
   </trkpt>
   <trkpt lat="41.47677" lon="2.2338600000000004">
    <ele>144.23000000000002</ele>
   </trkpt>
   <trkpt lat="41.4763" lon="2.23403">
    <ele>143.82</ele>
   </trkpt>
   <trkpt lat="41.476200000000006" lon="2.2340500000000003">
    <ele>143.82</ele>
   </trkpt>
   <trkpt lat="41.47576" lon="2.23423">
    <ele>142.02</ele>
   </trkpt>
   <trkpt lat="41.475660000000005" lon="2.23429">
    <ele>141.56</ele>
   </trkpt>
   <trkpt lat="41.474860000639204" lon="2.2346850048931537">
    <ele>138.05</ele>
   </trkpt>
   <trkpt lat="41.47406" lon="2.2350800000000004">
    <ele>134.67000000000002</ele>
   </trkpt>
   <trkpt lat="41.47401000000001" lon="2.2351">
    <ele>135.93</ele>
   </trkpt>
   <trkpt lat="41.473780000000005" lon="2.2351300000000003">
    <ele>133.46</ele>
   </trkpt>
   <trkpt lat="41.47336000000001" lon="2.2350800000000004">
    <ele>130.41</ele>
   </trkpt>
   <trkpt lat="41.47314" lon="2.23504">
    <ele>129.36</ele>
   </trkpt>
   <trkpt lat="41.47280000000001" lon="2.23488">
    <ele>128.56</ele>
   </trkpt>
   <trkpt lat="41.47242000052998" lon="2.2344849975330883">
    <ele>125.89</ele>
   </trkpt>
   <trkpt lat="41.47204000000001" lon="2.23409">
    <ele>124.06</ele>
   </trkpt>
   <trkpt lat="41.47139000000001" lon="2.2337200000000004">
    <ele>119.51</ele>
   </trkpt>
   <trkpt lat="41.47083000000001" lon="2.2333000000000003">
    <ele>116.98000000000002</ele>
   </trkpt>
   <trkpt lat="41.470580000000005" lon="2.23315">
    <ele>116.16000000000001</ele>
   </trkpt>
   <trkpt lat="41.47035" lon="2.2330900000000002">
    <ele>114.85000000000001</ele>
   </trkpt>
   <trkpt lat="41.4703" lon="2.23306">
    <ele>114.85000000000001</ele>
   </trkpt>
   <trkpt lat="41.469840000000005" lon="2.233">
    <ele>111.63000000000001</ele>
   </trkpt>
   <trkpt lat="41.4694" lon="2.2328200000000002">
    <ele>109.84</ele>
   </trkpt>
   <trkpt lat="41.469210000000004" lon="2.23281">
    <ele>106.11000000000001</ele>
   </trkpt>
   <trkpt lat="41.4686" lon="2.23293">
    <ele>103.03000000000002</ele>
   </trkpt>
   <trkpt lat="41.468430000000005" lon="2.2330400000000004">
    <ele>100.77000000000001</ele>
   </trkpt>
   <trkpt lat="41.46831" lon="2.23315">
    <ele>99.05000000000001</ele>
   </trkpt>
   <trkpt lat="41.46817" lon="2.23335">
    <ele>96.83000000000001</ele>
   </trkpt>
   <trkpt lat="41.46811" lon="2.23349">
    <ele>96.83000000000001</ele>
   </trkpt>
   <trkpt lat="41.467960000000005" lon="2.23436">
    <ele>91.18</ele>
   </trkpt>
   <trkpt lat="41.46788" lon="2.2345800000000002">
    <ele>90.25000000000001</ele>
   </trkpt>
   <trkpt lat="41.467760000000006" lon="2.2348000000000003">
    <ele>89.17000000000002</ele>
   </trkpt>
   <trkpt lat="41.467650000000006" lon="2.2349">
    <ele>88.57000000000001</ele>
   </trkpt>
   <trkpt lat="41.46712" lon="2.2352700000000003">
    <ele>88.58</ele>
   </trkpt>
   <trkpt lat="41.467040000000004" lon="2.2353500000000004">
    <ele>88.58</ele>
   </trkpt>
   <trkpt lat="41.466820000000006" lon="2.23565">
    <ele>88.43</ele>
   </trkpt>
   <trkpt lat="41.466440000000006" lon="2.2365000000000004">
    <ele>88.28000000000002</ele>
   </trkpt>
   <trkpt lat="41.46602000130338" lon="2.2370500035712126">
    <ele>87.9</ele>
   </trkpt>
   <trkpt lat="41.4656" lon="2.2376">
    <ele>87.68</ele>
   </trkpt>
   <trkpt lat="41.46557000000001" lon="2.23768">
    <ele>87.69</ele>
   </trkpt>
   <trkpt lat="41.4652" lon="2.23815">
    <ele>87.11</ele>
   </trkpt>
   <trkpt lat="41.46506" lon="2.2383800000000003">
    <ele>86.68</ele>
   </trkpt>
   <trkpt lat="41.46443" lon="2.2389300000000003">
    <ele>83.85000000000001</ele>
   </trkpt>
   <trkpt lat="41.46468" lon="2.2394000000000003">
    <ele>83.25</ele>
   </trkpt>
   <trkpt lat="41.465050002756676" lon="2.240194995506291">
    <ele>78.2</ele>
   </trkpt>
   <trkpt lat="41.46542" lon="2.24099">
    <ele>77.62</ele>
   </trkpt>
   <trkpt lat="41.465685001188" lon="2.2415199977771763">
    <ele>76.06</ele>
   </trkpt>
   <trkpt lat="41.46595000000001" lon="2.2420500000000003">
    <ele>74.45</ele>
   </trkpt>
   <trkpt lat="41.466460000000005" lon="2.24296">
    <ele>76.29</ele>
   </trkpt>
   <trkpt lat="41.46675500083319" lon="2.243414997832211">
    <ele>79.52000000000001</ele>
   </trkpt>
   <trkpt lat="41.46705" lon="2.2438700000000003">
    <ele>83.22</ele>
   </trkpt>
   <trkpt lat="41.467240000000004" lon="2.24412">
    <ele>83.57000000000001</ele>
   </trkpt>
   <trkpt lat="41.46732" lon="2.24426">
    <ele>83.61</ele>
   </trkpt>
   <trkpt lat="41.46792000000001" lon="2.24513">
    <ele>83.25</ele>
   </trkpt>
   <trkpt lat="41.468530002346775" lon="2.2458599931784637">
    <ele>84.35000000000001</ele>
   </trkpt>
   <trkpt lat="41.46914" lon="2.2465900000000003">
    <ele>86.15</ele>
   </trkpt>
   <trkpt lat="41.469260000000006" lon="2.24678">
    <ele>86.87</ele>
   </trkpt>
   <trkpt lat="41.46947" lon="2.24705">
    <ele>88.64000000000001</ele>
   </trkpt>
   <trkpt lat="41.469680000000004" lon="2.24738">
    <ele>90.56</ele>
   </trkpt>
   <trkpt lat="41.470000000000006" lon="2.2479500000000003">
    <ele>94.46</ele>
   </trkpt>
   <trkpt lat="41.47046" lon="2.2488400000000004">
    <ele>96.25</ele>
   </trkpt>
   <trkpt lat="41.470755002030195" lon="2.2495249968790176">
    <ele>93.57000000000001</ele>
   </trkpt>
   <trkpt lat="41.471050000000005" lon="2.25021">
    <ele>89.51</ele>
   </trkpt>
   <trkpt lat="41.47137" lon="2.25105">
    <ele>86.79</ele>
   </trkpt>
   <trkpt lat="41.47166" lon="2.2520000000000002">
    <ele>87.42000000000002</ele>
   </trkpt>
   <trkpt lat="41.471910007699805" lon="2.2529433260308176">
    <ele>89.14000000000001</ele>
   </trkpt>
   <trkpt lat="41.47216000769283" lon="2.253886659337706">
    <ele>97.7</ele>
   </trkpt>
   <trkpt lat="41.47241" lon="2.25483">
    <ele>103.58</ele>
   </trkpt>
   <trkpt lat="41.472550000000005" lon="2.25552">
    <ele>104.05</ele>
   </trkpt>
   <trkpt lat="41.4726" lon="2.2555500000000004">
    <ele>104.18</ele>
   </trkpt>
   <trkpt lat="41.472660000000005" lon="2.2555500000000004">
    <ele>104.18</ele>
   </trkpt>
   <trkpt lat="41.473150000000004" lon="2.25556">
    <ele>107.95</ele>
   </trkpt>
   <trkpt lat="41.473620000000004" lon="2.2555400000000003">
    <ele>111.05000000000001</ele>
   </trkpt>
   <trkpt lat="41.473710000000004" lon="2.25551">
    <ele>111.68</ele>
   </trkpt>
   <trkpt lat="41.47377" lon="2.2554700000000003">
    <ele>111.93</ele>
   </trkpt>
   <trkpt lat="41.47392000000001" lon="2.25532">
    <ele>112.65</ele>
   </trkpt>
   <trkpt lat="41.474140000000006" lon="2.2553400000000003">
    <ele>114.12</ele>
   </trkpt>
   <trkpt lat="41.47433" lon="2.2554100000000004">
    <ele>114.88000000000001</ele>
   </trkpt>
   <trkpt lat="41.474470000000004" lon="2.25551">
    <ele>115.7</ele>
   </trkpt>
   <trkpt lat="41.47451" lon="2.25551">
    <ele>115.7</ele>
   </trkpt>
   <trkpt lat="41.474590000000006" lon="2.2556100000000003">
    <ele>116.23000000000002</ele>
   </trkpt>
   <trkpt lat="41.47464" lon="2.25572">
    <ele>117.33</ele>
   </trkpt>
   <trkpt lat="41.474990000000005" lon="2.2568">
    <ele>122.48</ele>
   </trkpt>
   <trkpt lat="41.475100000000005" lon="2.25707">
    <ele>122.96000000000001</ele>
   </trkpt>
   <trkpt lat="41.47524000000001" lon="2.25733">
    <ele>124.98</ele>
   </trkpt>
   <trkpt lat="41.47561" lon="2.2579100000000003">
    <ele>127.95</ele>
   </trkpt>
   <trkpt lat="41.47578" lon="2.25814">
    <ele>129.09</ele>
   </trkpt>
   <trkpt lat="41.476310000000005" lon="2.2586000000000004">
    <ele>133.41</ele>
   </trkpt>
   <trkpt lat="41.476470000000006" lon="2.2588000000000004">
    <ele>134.47</ele>
   </trkpt>
   <trkpt lat="41.47679" lon="2.25936">
    <ele>136.46</ele>
   </trkpt>
   <trkpt lat="41.476910000000004" lon="2.2595">
    <ele>137.64000000000001</ele>
   </trkpt>
   <trkpt lat="41.477650000000004" lon="2.25992">
    <ele>142.53</ele>
   </trkpt>
   <trkpt lat="41.477830000000004" lon="2.26026">
    <ele>145.45000000000002</ele>
   </trkpt>
   <trkpt lat="41.478010000000005" lon="2.2604100000000003">
    <ele>146.27</ele>
   </trkpt>
   <trkpt lat="41.47825" lon="2.26051">
    <ele>147.33</ele>
   </trkpt>
   <trkpt lat="41.47836" lon="2.26052">
    <ele>148.36</ele>
   </trkpt>
   <trkpt lat="41.47849" lon="2.2604800000000003">
    <ele>149.11</ele>
   </trkpt>
   <trkpt lat="41.47881" lon="2.26031">
    <ele>150.3</ele>
   </trkpt>
   <trkpt lat="41.479000000000006" lon="2.26024">
    <ele>151.69000000000003</ele>
   </trkpt>
   <trkpt lat="41.47914" lon="2.26024">
    <ele>152.17</ele>
   </trkpt>
   <trkpt lat="41.479870000367235" lon="2.2604899972170194">
    <ele>156.77</ele>
   </trkpt>
   <trkpt lat="41.4806" lon="2.26074">
    <ele>162.09</ele>
   </trkpt>
   <trkpt lat="41.48078" lon="2.2607600000000003">
    <ele>163.19</ele>
   </trkpt>
   <trkpt lat="41.48095" lon="2.26071">
    <ele>164.17000000000002</ele>
   </trkpt>
   <trkpt lat="41.48106000000001" lon="2.2606300000000004">
    <ele>164.17000000000002</ele>
   </trkpt>
   <trkpt lat="41.481750000000005" lon="2.25999">
    <ele>168.58</ele>
   </trkpt>
   <trkpt lat="41.481880000000004" lon="2.25991">
    <ele>168.58</ele>
   </trkpt>
   <trkpt lat="41.48201" lon="2.25985">
    <ele>170.59</ele>
   </trkpt>
   <trkpt lat="41.48217" lon="2.25983">
    <ele>170.59</ele>
   </trkpt>
   <trkpt lat="41.482420000000005" lon="2.2598700000000003">
    <ele>173.23000000000002</ele>
   </trkpt>
   <trkpt lat="41.48256000000001" lon="2.2599500000000003">
    <ele>173.23000000000002</ele>
   </trkpt>
   <trkpt lat="41.482600000000005" lon="2.2600100000000003">
    <ele>173.23000000000002</ele>
   </trkpt>
   <trkpt lat="41.48266" lon="2.26012">
    <ele>174.40000000000003</ele>
   </trkpt>
   <trkpt lat="41.482780000000005" lon="2.2604900000000003">
    <ele>177.47</ele>
   </trkpt>
   <trkpt lat="41.48293" lon="2.26067">
    <ele>177.47</ele>
   </trkpt>
   <trkpt lat="41.48301" lon="2.26074">
    <ele>178.48000000000002</ele>
   </trkpt>
   <trkpt lat="41.483160000000005" lon="2.2607600000000003">
    <ele>178.48000000000002</ele>
   </trkpt>
   <trkpt lat="41.4838" lon="2.26058">
    <ele>184.32000000000002</ele>
   </trkpt>
   <trkpt lat="41.48391" lon="2.26057">
    <ele>185.72000000000003</ele>
   </trkpt>
   <trkpt lat="41.48404" lon="2.2606">
    <ele>185.72000000000003</ele>
   </trkpt>
   <trkpt lat="41.484120000000004" lon="2.26065">
    <ele>188.64</ele>
   </trkpt>
   <trkpt lat="41.48427" lon="2.26079">
    <ele>188.64</ele>
   </trkpt>
   <trkpt lat="41.484480000000005" lon="2.2611000000000003">
    <ele>191.05</ele>
   </trkpt>
   <trkpt lat="41.484790000000004" lon="2.2618300000000002">
    <ele>197.11</ele>
   </trkpt>
   <trkpt lat="41.484840000000005" lon="2.2619000000000002">
    <ele>197.11</ele>
   </trkpt>
   <trkpt lat="41.484910000000006" lon="2.26195">
    <ele>198.0</ele>
   </trkpt>
   <trkpt lat="41.48498" lon="2.26196">
    <ele>198.0</ele>
   </trkpt>
   <trkpt lat="41.48509000000001" lon="2.26194">
    <ele>199.06</ele>
   </trkpt>
   <trkpt lat="41.48541" lon="2.26167">
    <ele>200.43</ele>
   </trkpt>
   <trkpt lat="41.48557" lon="2.2615800000000004">
    <ele>202.31</ele>
   </trkpt>
   <trkpt lat="41.48575" lon="2.2615100000000004">
    <ele>204.02</ele>
   </trkpt>
   <trkpt lat="41.48608" lon="2.2614300000000003">
    <ele>206.58</ele>
   </trkpt>
   <trkpt lat="41.48617" lon="2.2613600000000003">
    <ele>207.64000000000001</ele>
   </trkpt>
   <trkpt lat="41.48633" lon="2.26105">
    <ele>208.6</ele>
   </trkpt>
   <trkpt lat="41.4864" lon="2.2608200000000003">
    <ele>210.41</ele>
   </trkpt>
   <trkpt lat="41.486560000000004" lon="2.25993">
    <ele>215.05</ele>
   </trkpt>
   <trkpt lat="41.48664" lon="2.25972">
    <ele>217.03000000000003</ele>
   </trkpt>
   <trkpt lat="41.48678" lon="2.2594800000000004">
    <ele>218.58</ele>
   </trkpt>
   <trkpt lat="41.486880000000006" lon="2.25938">
    <ele>221.8</ele>
   </trkpt>
   <trkpt lat="41.487500000000004" lon="2.2590100000000004">
    <ele>225.46</ele>
   </trkpt>
   <trkpt lat="41.487820000000006" lon="2.2588000000000004">
    <ele>228.26000000000002</ele>
   </trkpt>
   <trkpt lat="41.48818000000001" lon="2.25861">
    <ele>231.37</ele>
   </trkpt>
   <trkpt lat="41.48839" lon="2.25854">
    <ele>231.37</ele>
   </trkpt>
   <trkpt lat="41.48863" lon="2.25854">
    <ele>234.59</ele>
   </trkpt>
   <trkpt lat="41.48892" lon="2.2585900000000003">
    <ele>236.48000000000002</ele>
   </trkpt>
   <trkpt lat="41.48917" lon="2.2586600000000003">
    <ele>237.79000000000002</ele>
   </trkpt>
   <trkpt lat="41.489900000000006" lon="2.2590500000000002">
    <ele>244.50000000000003</ele>
   </trkpt>
   <trkpt lat="41.48997000000001" lon="2.2590500000000002">
    <ele>244.50000000000003</ele>
   </trkpt>
   <trkpt lat="41.49007" lon="2.25902">
    <ele>245.89000000000001</ele>
   </trkpt>
   <trkpt lat="41.490140000000004" lon="2.25895">
    <ele>246.52</ele>
   </trkpt>
   <trkpt lat="41.490520000000004" lon="2.2581700000000002">
    <ele>250.27000000000004</ele>
   </trkpt>
   <trkpt lat="41.490590000000005" lon="2.25809">
    <ele>250.27000000000004</ele>
   </trkpt>
   <trkpt lat="41.49069" lon="2.25803">
    <ele>254.54999999999998</ele>
   </trkpt>
   <trkpt lat="41.49091000000001" lon="2.2579900000000004">
    <ele>255.21000000000004</ele>
   </trkpt>
   <trkpt lat="41.49109000000001" lon="2.2578300000000002">
    <ele>256.14000000000004</ele>
   </trkpt>
   <trkpt lat="41.49127" lon="2.2576">
    <ele>259.27</ele>
   </trkpt>
   <trkpt lat="41.491440000000004" lon="2.2572400000000004">
    <ele>261.68</ele>
   </trkpt>
   <trkpt lat="41.491820000000004" lon="2.2566800000000002">
    <ele>265.11</ele>
   </trkpt>
   <trkpt lat="41.4919" lon="2.2566300000000004">
    <ele>266.17</ele>
   </trkpt>
   <trkpt lat="41.49199" lon="2.2566200000000003">
    <ele>267.20000000000005</ele>
   </trkpt>
   <trkpt lat="41.4921" lon="2.2567600000000003">
    <ele>267.84000000000003</ele>
   </trkpt>
   <trkpt lat="41.49219" lon="2.25715">
    <ele>269.55</ele>
   </trkpt>
   <trkpt lat="41.4923" lon="2.2573000000000003">
    <ele>270.83</ele>
   </trkpt>
   <trkpt lat="41.49269" lon="2.2575000000000003">
    <ele>273.45000000000005</ele>
   </trkpt>
   <trkpt lat="41.49275" lon="2.25761">
    <ele>274.42</ele>
   </trkpt>
   <trkpt lat="41.49277" lon="2.2577100000000003">
    <ele>274.42</ele>
   </trkpt>
   <trkpt lat="41.49278" lon="2.25809">
    <ele>276.76</ele>
   </trkpt>
   <trkpt lat="41.492810000000006" lon="2.25822">
    <ele>278.19000000000005</ele>
   </trkpt>
   <trkpt lat="41.492850000000004" lon="2.25828">
    <ele>278.19000000000005</ele>
   </trkpt>
   <trkpt lat="41.49291" lon="2.2583300000000004">
    <ele>278.58000000000004</ele>
   </trkpt>
   <trkpt lat="41.49306000000001" lon="2.2583200000000003">
    <ele>280.6</ele>
   </trkpt>
   <trkpt lat="41.49313" lon="2.2582600000000004">
    <ele>281.31</ele>
   </trkpt>
   <trkpt lat="41.49316" lon="2.25815">
    <ele>281.95000000000005</ele>
   </trkpt>
   <trkpt lat="41.49316" lon="2.25803">
    <ele>282.52000000000004</ele>
   </trkpt>
   <trkpt lat="41.49309" lon="2.25774">
    <ele>283.51000000000005</ele>
   </trkpt>
   <trkpt lat="41.492940000000004" lon="2.25733">
    <ele>285.46000000000004</ele>
   </trkpt>
   <trkpt lat="41.49282" lon="2.2572">
    <ele>287.77000000000004</ele>
   </trkpt>
   <trkpt lat="41.4926" lon="2.2570400000000004">
    <ele>288.37</ele>
   </trkpt>
   <trkpt lat="41.492450000000005" lon="2.25659">
    <ele>291.3</ele>
   </trkpt>
   <trkpt lat="41.49231" lon="2.25631">
    <ele>292.77000000000004</ele>
   </trkpt>
   <trkpt lat="41.492230000000006" lon="2.25596">
    <ele>296.08</ele>
   </trkpt>
   <trkpt lat="41.49219" lon="2.2558700000000003">
    <ele>296.08</ele>
   </trkpt>
   <trkpt lat="41.492000000000004" lon="2.25566">
    <ele>297.05</ele>
   </trkpt>
   <trkpt lat="41.49193" lon="2.25563">
    <ele>297.67</ele>
   </trkpt>
   <trkpt lat="41.49179" lon="2.25566">
    <ele>298.55</ele>
   </trkpt>
   <trkpt lat="41.49159" lon="2.2556800000000004">
    <ele>298.55</ele>
   </trkpt>
   <trkpt lat="41.49154" lon="2.25565">
    <ele>298.55</ele>
   </trkpt>
   <trkpt lat="41.491510000000005" lon="2.2556100000000003">
    <ele>298.55</ele>
   </trkpt>
   <trkpt lat="41.491460000000004" lon="2.2555">
    <ele>298.55</ele>
   </trkpt>
   <trkpt lat="41.491440000000004" lon="2.25536">
    <ele>304.99</ele>
   </trkpt>
   <trkpt lat="41.491440000000004" lon="2.25475">
    <ele>304.99</ele>
   </trkpt>
   <trkpt lat="41.49147000000001" lon="2.25444">
    <ele>306.52</ele>
   </trkpt>
   <trkpt lat="41.491510000000005" lon="2.25428">
    <ele>307.54</ele>
   </trkpt>
   <trkpt lat="41.491580000000006" lon="2.25413">
    <ele>309.64000000000004</ele>
   </trkpt>
   <trkpt lat="41.491710000000005" lon="2.2539800000000003">
    <ele>310.15000000000003</ele>
   </trkpt>
   <trkpt lat="41.49193" lon="2.25389">
    <ele>312.38000000000005</ele>
   </trkpt>
   <trkpt lat="41.492020000000004" lon="2.25387">
    <ele>312.87</ele>
   </trkpt>
   <trkpt lat="41.49224" lon="2.2539000000000002">
    <ele>312.52000000000004</ele>
   </trkpt>
   <trkpt lat="41.492490000000004" lon="2.254">
    <ele>311.63</ele>
   </trkpt>
   <trkpt lat="41.49273" lon="2.25403">
    <ele>310.21000000000004</ele>
   </trkpt>
   <trkpt lat="41.49313" lon="2.2540500000000003">
    <ele>308.53000000000003</ele>
   </trkpt>
   <trkpt lat="41.49322" lon="2.25408">
    <ele>307.16</ele>
   </trkpt>
   <trkpt lat="41.49342" lon="2.2542">
    <ele>306.37</ele>
   </trkpt>
   <trkpt lat="41.493880000000004" lon="2.25415">
    <ele>304.14000000000004</ele>
   </trkpt>
   <trkpt lat="41.49401" lon="2.2542400000000002">
    <ele>301.81</ele>
   </trkpt>
   <trkpt lat="41.494150000000005" lon="2.2544000000000004">
    <ele>301.81</ele>
   </trkpt>
   <trkpt lat="41.494220000000006" lon="2.25443">
    <ele>301.81</ele>
   </trkpt>
   <trkpt lat="41.494330000000005" lon="2.25442">
    <ele>299.91</ele>
   </trkpt>
   <trkpt lat="41.49445" lon="2.25435">
    <ele>299.91</ele>
   </trkpt>
   <trkpt lat="41.494510000000005" lon="2.25429">
    <ele>299.91</ele>
   </trkpt>
   <trkpt lat="41.494620000000005" lon="2.2541200000000003">
    <ele>298.31</ele>
   </trkpt>
   <trkpt lat="41.49465" lon="2.25382">
    <ele>296.91</ele>
   </trkpt>
   <trkpt lat="41.49466" lon="2.2530400000000004">
    <ele>293.48</ele>
   </trkpt>
   <trkpt lat="41.49475" lon="2.25281">
    <ele>293.48</ele>
   </trkpt>
   <trkpt lat="41.49485000000001" lon="2.2526900000000003">
    <ele>292.38</ele>
   </trkpt>
   <trkpt lat="41.49492" lon="2.25265">
    <ele>291.91</ele>
   </trkpt>
   <trkpt lat="41.494980000000005" lon="2.25264">
    <ele>291.91</ele>
   </trkpt>
   <trkpt lat="41.49526" lon="2.2527600000000003">
    <ele>289.88</ele>
   </trkpt>
   <trkpt lat="41.495340000000006" lon="2.25278">
    <ele>289.32</ele>
   </trkpt>
   <trkpt lat="41.49551" lon="2.2527600000000003">
    <ele>288.81</ele>
   </trkpt>
   <trkpt lat="41.495650000000005" lon="2.2527000000000004">
    <ele>287.6</ele>
   </trkpt>
   <trkpt lat="41.49591" lon="2.2523500000000003">
    <ele>285.64</ele>
   </trkpt>
   <trkpt lat="41.49609" lon="2.2522800000000003">
    <ele>284.73</ele>
   </trkpt>
   <trkpt lat="41.49616" lon="2.2522900000000003">
    <ele>282.76</ele>
   </trkpt>
   <trkpt lat="41.49703" lon="2.25252">
    <ele>276.98</ele>
   </trkpt>
   <trkpt lat="41.497350000000004" lon="2.2528">
    <ele>275.91</ele>
   </trkpt>
   <trkpt lat="41.497460000000004" lon="2.2529500000000002">
    <ele>275.91</ele>
   </trkpt>
   <trkpt lat="41.497620000000005" lon="2.25326">
    <ele>273.06</ele>
   </trkpt>
   <trkpt lat="41.4977" lon="2.25347">
    <ele>273.06</ele>
   </trkpt>
   <trkpt lat="41.49776000000001" lon="2.25369">
    <ele>270.86</ele>
   </trkpt>
   <trkpt lat="41.49797" lon="2.25402">
    <ele>269.67</ele>
   </trkpt>
   <trkpt lat="41.49799" lon="2.2541100000000003">
    <ele>269.67</ele>
   </trkpt>
   <trkpt lat="41.49797" lon="2.2547300000000003">
    <ele>265.62</ele>
   </trkpt>
   <trkpt lat="41.49804" lon="2.25498">
    <ele>265.62</ele>
   </trkpt>
   <trkpt lat="41.49812" lon="2.25516">
    <ele>263.88</ele>
   </trkpt>
   <trkpt lat="41.498250000000006" lon="2.25524">
    <ele>263.88</ele>
   </trkpt>
   <trkpt lat="41.498380000000004" lon="2.2552600000000003">
    <ele>262.20000000000005</ele>
   </trkpt>
   <trkpt lat="41.49851" lon="2.2552100000000004">
    <ele>261.31000000000006</ele>
   </trkpt>
   <trkpt lat="41.49864" lon="2.2551300000000003">
    <ele>260.41</ele>
   </trkpt>
   <trkpt lat="41.498720000000006" lon="2.2551">
    <ele>260.41</ele>
   </trkpt>
   <trkpt lat="41.4988" lon="2.2551">
    <ele>258.81000000000006</ele>
   </trkpt>
   <trkpt lat="41.498870000000004" lon="2.2551200000000002">
    <ele>258.81000000000006</ele>
   </trkpt>
   <trkpt lat="41.49895" lon="2.25518">
    <ele>258.14000000000004</ele>
   </trkpt>
   <trkpt lat="41.499080000000006" lon="2.25535">
    <ele>256.38</ele>
   </trkpt>
   <trkpt lat="41.49917000000001" lon="2.25549">
    <ele>255.74</ele>
   </trkpt>
   <trkpt lat="41.499280000000006" lon="2.25558">
    <ele>254.95000000000002</ele>
   </trkpt>
   <trkpt lat="41.499320000000004" lon="2.25558">
    <ele>254.95000000000002</ele>
   </trkpt>
   <trkpt lat="41.499410000000005" lon="2.2555300000000003">
    <ele>253.98999999999998</ele>
   </trkpt>
   <trkpt lat="41.499430000000004" lon="2.25552">
    <ele>253.98999999999998</ele>
   </trkpt>
   <trkpt lat="41.499500000000005" lon="2.25536">
    <ele>253.54000000000005</ele>
   </trkpt>
   <trkpt lat="41.499500000000005" lon="2.25508">
    <ele>251.4</ele>
   </trkpt>
   <trkpt lat="41.49954" lon="2.25481">
    <ele>250.26000000000002</ele>
   </trkpt>
   <trkpt lat="41.499610000000004" lon="2.2545800000000003">
    <ele>248.97000000000003</ele>
   </trkpt>
   <trkpt lat="41.499680000000005" lon="2.25443">
    <ele>248.97000000000003</ele>
   </trkpt>
   <trkpt lat="41.499790000000004" lon="2.2543200000000003">
    <ele>247.64000000000001</ele>
   </trkpt>
   <trkpt lat="41.49985" lon="2.25429">
    <ele>247.13000000000002</ele>
   </trkpt>
   <trkpt lat="41.50011000000001" lon="2.2542500000000003">
    <ele>245.70000000000002</ele>
   </trkpt>
   <trkpt lat="41.50016" lon="2.25422">
    <ele>245.70000000000002</ele>
   </trkpt>
   <trkpt lat="41.500220000000006" lon="2.2540600000000004">
    <ele>243.98000000000002</ele>
   </trkpt>
   <trkpt lat="41.50018" lon="2.2539100000000003">
    <ele>243.98000000000002</ele>
   </trkpt>
   <trkpt lat="41.500020000000006" lon="2.25359">
    <ele>242.48000000000002</ele>
   </trkpt>
   <trkpt lat="41.499680000000005" lon="2.25272">
    <ele>239.78000000000003</ele>
   </trkpt>
   <trkpt lat="41.49962" lon="2.25252">
    <ele>239.78000000000003</ele>
   </trkpt>
   <trkpt lat="41.4996" lon="2.25237">
    <ele>238.23000000000002</ele>
   </trkpt>
   <trkpt lat="41.4998" lon="2.25122">
    <ele>233.19</ele>
   </trkpt>
   <trkpt lat="41.49985" lon="2.2510600000000003">
    <ele>233.19</ele>
   </trkpt>
   <trkpt lat="41.500080000000004" lon="2.2505800000000002">
    <ele>230.92000000000002</ele>
   </trkpt>
   <trkpt lat="41.500260000000004" lon="2.25015">
    <ele>228.10000000000002</ele>
   </trkpt>
   <trkpt lat="41.50038000000001" lon="2.24993">
    <ele>226.87</ele>
   </trkpt>
   <trkpt lat="41.500490000000006" lon="2.2497700000000003">
    <ele>225.71</ele>
   </trkpt>
   <trkpt lat="41.500840000000004" lon="2.2495000000000003">
    <ele>223.38000000000002</ele>
   </trkpt>
   <trkpt lat="41.500870000000006" lon="2.24942">
    <ele>223.38000000000002</ele>
   </trkpt>
   <trkpt lat="41.500890000000005" lon="2.2492900000000002">
    <ele>222.33</ele>
   </trkpt>
   <trkpt lat="41.500840000000004" lon="2.249">
    <ele>220.17</ele>
   </trkpt>
   <trkpt lat="41.500820000000004" lon="2.2487700000000004">
    <ele>219.57000000000002</ele>
   </trkpt>
   <trkpt lat="41.50083" lon="2.24861">
    <ele>219.57000000000002</ele>
   </trkpt>
   <trkpt lat="41.5009" lon="2.2482900000000003">
    <ele>217.39000000000001</ele>
   </trkpt>
   <trkpt lat="41.500980000000006" lon="2.2480900000000004">
    <ele>217.39000000000001</ele>
   </trkpt>
   <trkpt lat="41.501070000000006" lon="2.24792">
    <ele>214.19000000000003</ele>
   </trkpt>
   <trkpt lat="41.50117" lon="2.2478200000000004">
    <ele>214.19000000000003</ele>
   </trkpt>
   <trkpt lat="41.501650000000005" lon="2.2474600000000002">
    <ele>211.73000000000002</ele>
   </trkpt>
   <trkpt lat="41.501810000000006" lon="2.2473">
    <ele>210.95000000000002</ele>
   </trkpt>
   <trkpt lat="41.501870000000004" lon="2.2472600000000003">
    <ele>210.95000000000002</ele>
   </trkpt>
   <trkpt lat="41.50195" lon="2.24725">
    <ele>210.95000000000002</ele>
   </trkpt>
   <trkpt lat="41.502370000000006" lon="2.24738">
    <ele>209.31000000000003</ele>
   </trkpt>
   <trkpt lat="41.502460000000006" lon="2.2473400000000003">
    <ele>209.31000000000003</ele>
   </trkpt>
   <trkpt lat="41.50253" lon="2.2472800000000004">
    <ele>209.03000000000003</ele>
   </trkpt>
   <trkpt lat="41.50254" lon="2.2472100000000004">
    <ele>208.87000000000003</ele>
   </trkpt>
   <trkpt lat="41.502520000000004" lon="2.24709">
    <ele>208.48000000000002</ele>
   </trkpt>
   <trkpt lat="41.502320000000005" lon="2.24649">
    <ele>206.02</ele>
   </trkpt>
   <trkpt lat="41.50213" lon="2.2455800000000004">
    <ele>202.24</ele>
   </trkpt>
   <trkpt lat="41.50206" lon="2.24539">
    <ele>201.01000000000002</ele>
   </trkpt>
   <trkpt lat="41.50198" lon="2.24522">
    <ele>200.03</ele>
   </trkpt>
   <trkpt lat="41.50195" lon="2.24507">
    <ele>200.03</ele>
   </trkpt>
   <trkpt lat="41.501960000000004" lon="2.2449600000000003">
    <ele>198.72</ele>
   </trkpt>
   <trkpt lat="41.502050000000004" lon="2.24467">
    <ele>197.74</ele>
   </trkpt>
   <trkpt lat="41.502140000000004" lon="2.24451">
    <ele>196.97</ele>
   </trkpt>
   <trkpt lat="41.50224" lon="2.24437">
    <ele>196.05000000000004</ele>
   </trkpt>
   <trkpt lat="41.502520000000004" lon="2.2440700000000002">
    <ele>194.28</ele>
   </trkpt>
   <trkpt lat="41.50274" lon="2.2439">
    <ele>193.37</ele>
   </trkpt>
   <trkpt lat="41.50334" lon="2.24358">
    <ele>190.67000000000002</ele>
   </trkpt>
   <trkpt lat="41.50339" lon="2.2435300000000002">
    <ele>188.28</ele>
   </trkpt>
   <trkpt lat="41.50345" lon="2.2434000000000003">
    <ele>188.28</ele>
   </trkpt>
   <trkpt lat="41.50356" lon="2.2428500000000002">
    <ele>185.95</ele>
   </trkpt>
   <trkpt lat="41.50379" lon="2.2424600000000003">
    <ele>184.88000000000002</ele>
   </trkpt>
   <trkpt lat="41.503960000000006" lon="2.24223">
    <ele>181.89000000000001</ele>
   </trkpt>
   <trkpt lat="41.50404" lon="2.24217">
    <ele>181.89000000000001</ele>
   </trkpt>
   <trkpt lat="41.50453" lon="2.2419200000000004">
    <ele>177.38</ele>
   </trkpt>
   <trkpt lat="41.50464" lon="2.2419100000000003">
    <ele>177.38</ele>
   </trkpt>
   <trkpt lat="41.50524" lon="2.24193">
    <ele>174.26000000000002</ele>
   </trkpt>
   <trkpt lat="41.505680000000005" lon="2.24181">
    <ele>172.84000000000003</ele>
   </trkpt>
   <trkpt lat="41.50582" lon="2.24182">
    <ele>171.82</ele>
   </trkpt>
   <trkpt lat="41.505970000000005" lon="2.24187">
    <ele>171.82</ele>
   </trkpt>
   <trkpt lat="41.50638" lon="2.24207">
    <ele>169.45000000000002</ele>
   </trkpt>
   <trkpt lat="41.506550000000004" lon="2.2421900000000003">
    <ele>167.44</ele>
   </trkpt>
   <trkpt lat="41.50659" lon="2.2422400000000002">
    <ele>167.44</ele>
   </trkpt>
   <trkpt lat="41.50668" lon="2.24242">
    <ele>167.44</ele>
   </trkpt>
   <trkpt lat="41.506820000000005" lon="2.2429400000000004">
    <ele>165.62</ele>
   </trkpt>
   <trkpt lat="41.5069" lon="2.2430600000000003">
    <ele>164.32000000000002</ele>
   </trkpt>
   <trkpt lat="41.50696000000001" lon="2.24311">
    <ele>164.32000000000002</ele>
   </trkpt>
   <trkpt lat="41.50712" lon="2.24315">
    <ele>163.55</ele>
   </trkpt>
   <trkpt lat="41.50726" lon="2.24309">
    <ele>163.37</ele>
   </trkpt>
   <trkpt lat="41.507340000000006" lon="2.2429300000000003">
    <ele>163.02</ele>
   </trkpt>
   <trkpt lat="41.50744" lon="2.24248">
    <ele>162.60000000000002</ele>
   </trkpt>
   <trkpt lat="41.50748" lon="2.24217">
    <ele>162.06</ele>
   </trkpt>
   <trkpt lat="41.50743000000001" lon="2.24196">
    <ele>161.65</ele>
   </trkpt>
   <trkpt lat="41.507180000000005" lon="2.24126">
    <ele>161.18</ele>
   </trkpt>
   <trkpt lat="41.5071" lon="2.24098">
    <ele>160.39000000000001</ele>
   </trkpt>
   <trkpt lat="41.50708" lon="2.2406800000000002">
    <ele>159.52</ele>
   </trkpt>
   <trkpt lat="41.50714000228243" lon="2.2399550005996574">
    <ele>156.26000000000002</ele>
   </trkpt>
   <trkpt lat="41.507200000000005" lon="2.23923">
    <ele>152.49</ele>
   </trkpt>
   <trkpt lat="41.5071750023347" lon="2.2384949995696344">
    <ele>150.11</ele>
   </trkpt>
   <trkpt lat="41.50715" lon="2.23776">
    <ele>145.72000000000003</ele>
   </trkpt>
   <trkpt lat="41.507180000000005" lon="2.23753">
    <ele>145.72000000000003</ele>
   </trkpt>
   <trkpt lat="41.50724" lon="2.23739">
    <ele>144.59000000000003</ele>
   </trkpt>
   <trkpt lat="41.5073" lon="2.23734">
    <ele>144.59000000000003</ele>
   </trkpt>
   <trkpt lat="41.50742" lon="2.2373100000000004">
    <ele>142.8</ele>
   </trkpt>
   <trkpt lat="41.507600000000004" lon="2.2373700000000003">
    <ele>142.8</ele>
   </trkpt>
   <trkpt lat="41.507870000000004" lon="2.23756">
    <ele>140.61</ele>
   </trkpt>
   <trkpt lat="41.50851" lon="2.23814">
    <ele>134.56</ele>
   </trkpt>
   <trkpt lat="41.50869" lon="2.2383300000000004">
    <ele>133.84</ele>
   </trkpt>
   <trkpt lat="41.50878" lon="2.2384000000000004">
    <ele>133.84</ele>
   </trkpt>
   <trkpt lat="41.508950000000006" lon="2.23848">
    <ele>133.84</ele>
   </trkpt>
   <trkpt lat="41.50921" lon="2.23854">
    <ele>131.07000000000002</ele>
   </trkpt>
   <trkpt lat="41.50987000000001" lon="2.2385800000000002">
    <ele>126.67</ele>
   </trkpt>
   <trkpt lat="41.51001" lon="2.2385900000000003">
    <ele>125.82000000000001</ele>
   </trkpt>
   <trkpt lat="41.510220000000004" lon="2.23856">
    <ele>125.17</ele>
   </trkpt>
   <trkpt lat="41.510450000000006" lon="2.23844">
    <ele>124.81</ele>
   </trkpt>
   <trkpt lat="41.51111666824982" lon="2.23802000861583">
    <ele>124.02</ele>
   </trkpt>
   <trkpt lat="41.511783334971675" lon="2.237600008581189">
    <ele>124.41000000000001</ele>
   </trkpt>
   <trkpt lat="41.51245" lon="2.2371800000000004">
    <ele>125.12</ele>
   </trkpt>
   <trkpt lat="41.51298500050656" lon="2.236860002607056">
    <ele>124.63</ele>
   </trkpt>
   <trkpt lat="41.51352000000001" lon="2.23654">
    <ele>123.94000000000001</ele>
   </trkpt>
   <trkpt lat="41.513690000000004" lon="2.2363500000000003">
    <ele>123.66</ele>
   </trkpt>
   <trkpt lat="41.51424" lon="2.2354800000000004">
    <ele>119.54</ele>
   </trkpt>
   <trkpt lat="41.51435" lon="2.23524">
    <ele>118.69</ele>
   </trkpt>
   <trkpt lat="41.514540000000004" lon="2.23463">
    <ele>115.99000000000001</ele>
   </trkpt>
   <trkpt lat="41.514700000000005" lon="2.23421">
    <ele>112.75</ele>
   </trkpt>
   <trkpt lat="41.51482" lon="2.23403">
    <ele>112.75</ele>
   </trkpt>
   <trkpt lat="41.51496" lon="2.2339">
    <ele>109.00000000000001</ele>
   </trkpt>
   <trkpt lat="41.51535000039144" lon="2.233585001928934">
    <ele>108.39000000000001</ele>
   </trkpt>
   <trkpt lat="41.51574" lon="2.23327">
    <ele>105.19</ele>
   </trkpt>
   <trkpt lat="41.516090000000005" lon="2.23298">
    <ele>102.89</ele>
   </trkpt>
   <trkpt lat="41.51657" lon="2.23251">
    <ele>101.36</ele>
   </trkpt>
   <trkpt lat="41.51671" lon="2.2324100000000002">
    <ele>101.30000000000001</ele>
   </trkpt>
   <trkpt lat="41.516870000000004" lon="2.2323500000000003">
    <ele>101.14</ele>
   </trkpt>
   <trkpt lat="41.51773000004146" lon="2.2323450000661995">
    <ele>103.72</ele>
   </trkpt>
   <trkpt lat="41.51859" lon="2.23234">
    <ele>100.84000000000002</ele>
   </trkpt>
   <trkpt lat="41.518950000000004" lon="2.23232">
    <ele>99.37000000000002</ele>
   </trkpt>
   <trkpt lat="41.51975" lon="2.2323000000000004">
    <ele>92.47000000000001</ele>
   </trkpt>
   <trkpt lat="41.520570000000006" lon="2.2324">
    <ele>86.11</ele>
   </trkpt>
   <trkpt lat="41.52096" lon="2.2324200000000003">
    <ele>84.67</ele>
   </trkpt>
   <trkpt lat="41.52113000000001" lon="2.23238">
    <ele>84.39</ele>
   </trkpt>
   <trkpt lat="41.52134" lon="2.2322900000000003">
    <ele>84.33</ele>
   </trkpt>
   <trkpt lat="41.52215" lon="2.2318000000000002">
    <ele>83.79</ele>
   </trkpt>
   <trkpt lat="41.52275" lon="2.2311400000000003">
    <ele>80.67</ele>
   </trkpt>
   <trkpt lat="41.52314000101094" lon="2.2306750027138422">
    <ele>78.32</ele>
   </trkpt>
   <trkpt lat="41.52353" lon="2.23021">
    <ele>76.36000000000001</ele>
   </trkpt>
   <trkpt lat="41.523500000000006" lon="2.22959">
    <ele>76.00000000000001</ele>
   </trkpt>
   <trkpt lat="41.52349000577737" lon="2.228434999750115">
    <ele>73.21000000000001</ele>
   </trkpt>
   <trkpt lat="41.523480000000006" lon="2.2272800000000004">
    <ele>70.06000000000002</ele>
   </trkpt>
   <trkpt lat="41.52353" lon="2.2272700000000003">
    <ele>70.41</ele>
   </trkpt>
   <trkpt lat="41.523590000000006" lon="2.2272000000000003">
    <ele>70.41</ele>
   </trkpt>
   <trkpt lat="41.523610000000005" lon="2.2271">
    <ele>70.36</ele>
   </trkpt>
   <trkpt lat="41.5236" lon="2.22704">
    <ele>70.36</ele>
   </trkpt>
   <trkpt lat="41.52356" lon="2.22696">
    <ele>68.75</ele>
   </trkpt>
   <trkpt lat="41.52351" lon="2.2269300000000003">
    <ele>68.75</ele>
   </trkpt>
   <trkpt lat="41.52347" lon="2.2269200000000002">
    <ele>68.75</ele>
   </trkpt>
   <trkpt lat="41.52347000171906" lon="2.226289999936171">
    <ele>63.95</ele>
   </trkpt>
   <trkpt lat="41.52347" lon="2.22566">
    <ele>60.89000000000001</ele>
   </trkpt>
   <trkpt lat="41.52355" lon="2.22563">
    <ele>60.89000000000001</ele>
   </trkpt>
   <trkpt lat="41.523610000000005" lon="2.2255100000000003">
    <ele>61.11000000000001</ele>
   </trkpt>
   <trkpt lat="41.52358" lon="2.22539">
    <ele>61.13</ele>
   </trkpt>
   <trkpt lat="41.52358" lon="2.2253800000000004">
    <ele>61.14000000000001</ele>
   </trkpt>
   <trkpt lat="41.52351" lon="2.22533">
    <ele>61.01</ele>
   </trkpt>
   <trkpt lat="41.523450000000004" lon="2.22533">
    <ele>61.01</ele>
   </trkpt>
   <trkpt lat="41.523390000000006" lon="2.2253800000000004">
    <ele>61.01</ele>
   </trkpt>
   <trkpt lat="41.523360000000004" lon="2.22546">
    <ele>60.83</ele>
   </trkpt>
   <trkpt lat="41.52277" lon="2.2252500000000004">
    <ele>60.11</ele>
   </trkpt>
   <trkpt lat="41.522560000000006" lon="2.2249800000000004">
    <ele>60.13</ele>
   </trkpt>
   <trkpt lat="41.522130000000004" lon="2.22413">
    <ele>60.22</ele>
   </trkpt>
   <trkpt lat="41.521570000000004" lon="2.22338">
    <ele>60.97</ele>
   </trkpt>
   <trkpt lat="41.52160000000001" lon="2.22332">
    <ele>60.97</ele>
   </trkpt>
   <trkpt lat="41.52159" lon="2.22319">
    <ele>60.980000000000004</ele>
   </trkpt>
   <trkpt lat="41.52156" lon="2.2231300000000003">
    <ele>60.980000000000004</ele>
   </trkpt>
   <trkpt lat="41.52152" lon="2.2231">
    <ele>60.980000000000004</ele>
   </trkpt>
   <trkpt lat="41.521460000000005" lon="2.2231">
    <ele>61.160000000000004</ele>
   </trkpt>
   <trkpt lat="41.5214" lon="2.2231400000000003">
    <ele>61.160000000000004</ele>
   </trkpt>
   <trkpt lat="41.52075000000001" lon="2.2224600000000003">
    <ele>62.870000000000005</ele>
   </trkpt>
   <trkpt lat="41.520610000000005" lon="2.22228">
    <ele>63.59</ele>
   </trkpt>
   <trkpt lat="41.52034000130741" lon="2.22172499762957">
    <ele>64.43</ele>
   </trkpt>
   <trkpt lat="41.520070000000004" lon="2.2211700000000003">
    <ele>64.73</ele>
   </trkpt>
   <trkpt lat="41.519980000000004" lon="2.2207700000000004">
    <ele>64.58</ele>
   </trkpt>
   <trkpt lat="41.51988" lon="2.22041">
    <ele>64.11</ele>
   </trkpt>
   <trkpt lat="41.51977" lon="2.22013">
    <ele>63.52</ele>
   </trkpt>
   <trkpt lat="41.51959" lon="2.2198700000000002">
    <ele>63.34</ele>
   </trkpt>
   <trkpt lat="41.519290000000005" lon="2.21958">
    <ele>62.550000000000004</ele>
   </trkpt>
   <trkpt lat="41.51894" lon="2.21917">
    <ele>61.540000000000006</ele>
   </trkpt>
   <trkpt lat="41.518570000000004" lon="2.2185400000000004">
    <ele>61.22</ele>
   </trkpt>
   <trkpt lat="41.51841" lon="2.21834">
    <ele>61.33</ele>
   </trkpt>
   <trkpt lat="41.51812" lon="2.21808">
    <ele>61.45</ele>
   </trkpt>
   <trkpt lat="41.517860000000006" lon="2.218">
    <ele>61.81</ele>
   </trkpt>
   <trkpt lat="41.517590000000006" lon="2.218">
    <ele>61.95</ele>
   </trkpt>
   <trkpt lat="41.51738" lon="2.21797">
    <ele>61.800000000000004</ele>
   </trkpt>
   <trkpt lat="41.51717" lon="2.2178600000000004">
    <ele>61.63</ele>
   </trkpt>
   <trkpt lat="41.51667000042712" lon="2.217544997564903">
    <ele>60.730000000000004</ele>
   </trkpt>
   <trkpt lat="41.51617" lon="2.2172300000000003">
    <ele>60.160000000000004</ele>
   </trkpt>
   <trkpt lat="41.516070000000006" lon="2.2171800000000004">
    <ele>60.160000000000004</ele>
   </trkpt>
   <trkpt lat="41.51581" lon="2.21685">
    <ele>58.72</ele>
   </trkpt>
   <trkpt lat="41.51534" lon="2.2158700000000002">
    <ele>57.290000000000006</ele>
   </trkpt>
   <trkpt lat="41.51491500385571" lon="2.2149349940133902">
    <ele>56.620000000000005</ele>
   </trkpt>
   <trkpt lat="41.51449" lon="2.214">
    <ele>55.190000000000005</ele>
   </trkpt>
   <trkpt lat="41.51429" lon="2.2137100000000003">
    <ele>55.010000000000005</ele>
   </trkpt>
   <trkpt lat="41.513980000000004" lon="2.21335">
    <ele>54.970000000000006</ele>
   </trkpt>
   <trkpt lat="41.51352500079978" lon="2.2129799975674245">
    <ele>54.940000000000005</ele>
   </trkpt>
   <trkpt lat="41.513070000000006" lon="2.21261">
    <ele>54.84</ele>
   </trkpt>
   <trkpt lat="41.51259500139815" lon="2.212019995534645">
    <ele>55.00000000000001</ele>
   </trkpt>
   <trkpt lat="41.51212" lon="2.21143">
    <ele>54.98</ele>
   </trkpt>
   <trkpt lat="41.51183" lon="2.21104">
    <ele>54.93000000000001</ele>
   </trkpt>
   <trkpt lat="41.51165" lon="2.2108700000000003">
    <ele>54.75000000000001</ele>
   </trkpt>
   <trkpt lat="41.51137000000001" lon="2.21078">
    <ele>54.730000000000004</ele>
   </trkpt>
   <trkpt lat="41.51090499982171" lon="2.2106599990759364">
    <ele>54.68000000000001</ele>
   </trkpt>
   <trkpt lat="41.51044" lon="2.2105400000000004">
    <ele>54.57000000000001</ele>
   </trkpt>
   <trkpt lat="41.509980000000006" lon="2.2103800000000002">
    <ele>54.26</ele>
   </trkpt>
   <trkpt lat="41.509800000000006" lon="2.21028">
    <ele>54.00000000000001</ele>
   </trkpt>
   <trkpt lat="41.50963" lon="2.21016">
    <ele>53.910000000000004</ele>
   </trkpt>
   <trkpt lat="41.50902000125397" lon="2.2096199949040845">
    <ele>53.050000000000004</ele>
   </trkpt>
   <trkpt lat="41.508410000000005" lon="2.20908">
    <ele>52.50000000000001</ele>
   </trkpt>
   <trkpt lat="41.50775" lon="2.20833">
    <ele>52.02</ele>
   </trkpt>
   <trkpt lat="41.50748" lon="2.2081500000000003">
    <ele>51.93</ele>
   </trkpt>
   <trkpt lat="41.50695500035672" lon="2.2079249982344566">
    <ele>51.4</ele>
   </trkpt>
   <trkpt lat="41.50643" lon="2.2077">
    <ele>51.18</ele>
   </trkpt>
   <trkpt lat="41.506260000000005" lon="2.20759">
    <ele>51.10000000000001</ele>
   </trkpt>
   <trkpt lat="41.50555000000001" lon="2.2070600000000002">
    <ele>50.620000000000005</ele>
   </trkpt>
   <trkpt lat="41.50531" lon="2.2065200000000003">
    <ele>50.49000000000001</ele>
   </trkpt>
   <trkpt lat="41.505120000000005" lon="2.2062000000000004">
    <ele>50.31000000000001</ele>
   </trkpt>
   <trkpt lat="41.50479" lon="2.20573">
    <ele>49.99000000000001</ele>
   </trkpt>
   <trkpt lat="41.504290000000005" lon="2.2053200000000004">
    <ele>49.900000000000006</ele>
   </trkpt>
   <trkpt lat="41.50392" lon="2.2051700000000003">
    <ele>50.25</ele>
   </trkpt>
   <trkpt lat="41.503780000000006" lon="2.20515">
    <ele>50.25</ele>
   </trkpt>
   <trkpt lat="41.50367000000001" lon="2.20508">
    <ele>50.18</ele>
   </trkpt>
   <trkpt lat="41.50356" lon="2.20488">
    <ele>49.980000000000004</ele>
   </trkpt>
   <trkpt lat="41.50348" lon="2.20481">
    <ele>49.980000000000004</ele>
   </trkpt>
   <trkpt lat="41.503350000000005" lon="2.20481">
    <ele>49.980000000000004</ele>
   </trkpt>
   <trkpt lat="41.503170000000004" lon="2.20475">
    <ele>49.81000000000001</ele>
   </trkpt>
   <trkpt lat="41.50258333415384" lon="2.204449994585109">
    <ele>49.34</ele>
   </trkpt>
   <trkpt lat="41.501996667528125" lon="2.2041499946061176">
    <ele>48.760000000000005</ele>
   </trkpt>
   <trkpt lat="41.50141" lon="2.20385">
    <ele>48.86</ele>
   </trkpt>
   <trkpt lat="41.501160000000006" lon="2.20365">
    <ele>48.85</ele>
   </trkpt>
   <trkpt lat="41.50101" lon="2.20346">
    <ele>48.68</ele>
   </trkpt>
   <trkpt lat="41.50083" lon="2.2031">
    <ele>48.32</ele>
   </trkpt>
   <trkpt lat="41.5006350014873" lon="2.2025199983439943">
    <ele>47.980000000000004</ele>
   </trkpt>
   <trkpt lat="41.500440000000005" lon="2.20194">
    <ele>47.900000000000006</ele>
   </trkpt>
   <trkpt lat="41.50013000427167" lon="2.2009499953473726">
    <ele>47.839999999999996</ele>
   </trkpt>
   <trkpt lat="41.49982000000001" lon="2.1999600000000004">
    <ele>47.2</ele>
   </trkpt>
   <trkpt lat="41.49967" lon="2.19963">
    <ele>46.910000000000004</ele>
   </trkpt>
   <trkpt lat="41.49947" lon="2.1993500000000004">
    <ele>46.760000000000005</ele>
   </trkpt>
   <trkpt lat="41.499280000000006" lon="2.1991400000000003">
    <ele>46.720000000000006</ele>
   </trkpt>
   <trkpt lat="41.499030000000005" lon="2.1989400000000003">
    <ele>46.690000000000005</ele>
   </trkpt>
   <trkpt lat="41.498760000000004" lon="2.19884">
    <ele>46.650000000000006</ele>
   </trkpt>
   <trkpt lat="41.49846" lon="2.1988000000000003">
    <ele>46.61000000000001</ele>
   </trkpt>
   <trkpt lat="41.498180000000005" lon="2.19889">
    <ele>46.400000000000006</ele>
   </trkpt>
   <trkpt lat="41.497890000000005" lon="2.19903">
    <ele>46.31</ele>
   </trkpt>
   <trkpt lat="41.49756" lon="2.1990100000000004">
    <ele>46.290000000000006</ele>
   </trkpt>
   <trkpt lat="41.4973" lon="2.19896">
    <ele>46.330000000000005</ele>
   </trkpt>
   <trkpt lat="41.49707" lon="2.19897">
    <ele>46.26</ele>
   </trkpt>
   <trkpt lat="41.49672" lon="2.1990600000000002">
    <ele>46.19</ele>
   </trkpt>
   <trkpt lat="41.49645" lon="2.19917">
    <ele>46.17</ele>
   </trkpt>
   <trkpt lat="41.49622" lon="2.19918">
    <ele>46.17</ele>
   </trkpt>
   <trkpt lat="41.49602" lon="2.1990700000000003">
    <ele>46.11000000000001</ele>
   </trkpt>
   <trkpt lat="41.495900000000006" lon="2.19895">
    <ele>45.970000000000006</ele>
   </trkpt>
   <trkpt lat="41.495390003782425" lon="2.198289989618885">
    <ele>45.49</ele>
   </trkpt>
   <trkpt lat="41.49488000379186" lon="2.1976299896312574">
    <ele>45.290000000000006</ele>
   </trkpt>
   <trkpt lat="41.49437" lon="2.1969700000000003">
    <ele>44.63</ele>
   </trkpt>
   <trkpt lat="41.493770000000005" lon="2.19653">
    <ele>44.410000000000004</ele>
   </trkpt>
   <trkpt lat="41.493300000000005" lon="2.19633">
    <ele>44.230000000000004</ele>
   </trkpt>
   <trkpt lat="41.493120000000005" lon="2.1962">
    <ele>43.980000000000004</ele>
   </trkpt>
   <trkpt lat="41.49295" lon="2.196">
    <ele>43.870000000000005</ele>
   </trkpt>
   <trkpt lat="41.492720000000006" lon="2.19564">
    <ele>43.59</ele>
   </trkpt>
   <trkpt lat="41.492490000000004" lon="2.19537">
    <ele>43.49</ele>
   </trkpt>
   <trkpt lat="41.49207500052117" lon="2.19499499751824">
    <ele>43.190000000000005</ele>
   </trkpt>
   <trkpt lat="41.49166" lon="2.19462">
    <ele>43.04</ele>
   </trkpt>
   <trkpt lat="41.491200000000006" lon="2.1943200000000003">
    <ele>42.49000000000001</ele>
   </trkpt>
   <trkpt lat="41.490730000000006" lon="2.1941">
    <ele>42.5</ele>
   </trkpt>
   <trkpt lat="41.49045" lon="2.19402">
    <ele>42.5</ele>
   </trkpt>
   <trkpt lat="41.489765000059926" lon="2.1939149988916453">
    <ele>42.56</ele>
   </trkpt>
   <trkpt lat="41.48908" lon="2.19381">
    <ele>42.25</ele>
   </trkpt>
   <trkpt lat="41.48899" lon="2.19382">
    <ele>42.25</ele>
   </trkpt>
   <trkpt lat="41.488640000000004" lon="2.19394">
    <ele>41.96</ele>
   </trkpt>
   <trkpt lat="41.48836" lon="2.19395">
    <ele>41.96</ele>
   </trkpt>
   <trkpt lat="41.488220000000005" lon="2.1939200000000003">
    <ele>41.77</ele>
   </trkpt>
   <trkpt lat="41.48738500040634" lon="2.193664996751701">
    <ele>41.580000000000005</ele>
   </trkpt>
   <trkpt lat="41.48655" lon="2.19341">
    <ele>41.32</ele>
   </trkpt>
   <trkpt lat="41.48642" lon="2.19335">
    <ele>41.28</ele>
   </trkpt>
   <trkpt lat="41.486110000000004" lon="2.19314">
    <ele>41.120000000000005</ele>
   </trkpt>
   <trkpt lat="41.485870000000006" lon="2.193">
    <ele>41.120000000000005</ele>
   </trkpt>
   <trkpt lat="41.485110000000006" lon="2.19273">
    <ele>40.690000000000005</ele>
   </trkpt>
   <trkpt lat="41.484820000000006" lon="2.19266">
    <ele>40.38</ele>
   </trkpt>
   <trkpt lat="41.48471000000001" lon="2.19265">
    <ele>40.190000000000005</ele>
   </trkpt>
   <trkpt lat="41.48402" lon="2.19267">
    <ele>40.13</ele>
   </trkpt>
   <trkpt lat="41.48335" lon="2.19265">
    <ele>39.66</ele>
   </trkpt>
   <trkpt lat="41.48303000000001" lon="2.19259">
    <ele>39.800000000000004</ele>
   </trkpt>
   <trkpt lat="41.482800000000005" lon="2.19246">
    <ele>39.56</ele>
   </trkpt>
   <trkpt lat="41.482760000000006" lon="2.1924">
    <ele>39.56</ele>
   </trkpt>
   <trkpt lat="41.48274000000001" lon="2.19221">
    <ele>38.45</ele>
   </trkpt>
   <trkpt lat="41.4828400032711" lon="2.191340001400399">
    <ele>37.78</ele>
   </trkpt>
   <trkpt lat="41.482940000000006" lon="2.1904700000000004">
    <ele>37.900000000000006</ele>
   </trkpt>
   <trkpt lat="41.48299" lon="2.1904500000000002">
    <ele>37.910000000000004</ele>
   </trkpt>
   <trkpt lat="41.48317" lon="2.1905300000000003">
    <ele>37.42</ele>
   </trkpt>
   <trkpt lat="41.483745000084376" lon="2.1906499989397497">
    <ele>37.2</ele>
   </trkpt>
   <trkpt lat="41.484320000000004" lon="2.19077">
    <ele>37.38</ele>
   </trkpt>
   <trkpt lat="41.485085000027226" lon="2.19093999797114">
    <ele>37.790000000000006</ele>
   </trkpt>
   <trkpt lat="41.485850000000006" lon="2.19111">
    <ele>38.05</ele>
   </trkpt>
   <trkpt lat="41.486090000000004" lon="2.1911500000000004">
    <ele>38.14</ele>
   </trkpt>
   <trkpt lat="41.486430000000006" lon="2.19116">
    <ele>38.17</ele>
   </trkpt>
   <trkpt lat="41.486670000000004" lon="2.19111">
    <ele>38.56</ele>
   </trkpt>
   <trkpt lat="41.486810000000006" lon="2.19105">
    <ele>38.56</ele>
   </trkpt>
   <trkpt lat="41.486920000000005" lon="2.19096">
    <ele>38.56</ele>
   </trkpt>
   <trkpt lat="41.487100000000005" lon="2.19076">
    <ele>38.63</ele>
   </trkpt>
   <trkpt lat="41.48729" lon="2.19049">
    <ele>38.77</ele>
   </trkpt>
   <trkpt lat="41.48742" lon="2.19022">
    <ele>39.089999999999996</ele>
   </trkpt>
   <trkpt lat="41.48751" lon="2.1897200000000003">
    <ele>38.78</ele>
   </trkpt>
   <trkpt lat="41.48753000000001" lon="2.18933">
    <ele>38.28</ele>
   </trkpt>
   <trkpt lat="41.48753000000001" lon="2.1889000000000003">
    <ele>37.63</ele>
   </trkpt>
   <trkpt lat="41.4876" lon="2.18794">
    <ele>40.910000000000004</ele>
   </trkpt>
   <trkpt lat="41.4876" lon="2.18773">
    <ele>41.25</ele>
   </trkpt>
   <trkpt lat="41.48753000000001" lon="2.18744">
    <ele>42.150000000000006</ele>
   </trkpt>
   <trkpt lat="41.48753000000001" lon="2.18732">
    <ele>42.85000000000001</ele>
   </trkpt>
   <trkpt lat="41.487480000000005" lon="2.1872000000000003">
    <ele>42.830000000000005</ele>
   </trkpt>
   <trkpt lat="41.487460000000006" lon="2.18692">
    <ele>42.61</ele>
   </trkpt>
   <trkpt lat="41.48736" lon="2.1865400000000004">
    <ele>42.580000000000005</ele>
   </trkpt>
   <trkpt lat="41.487300000000005" lon="2.1861300000000004">
    <ele>42.85000000000001</ele>
   </trkpt>
   <trkpt lat="41.48715000000001" lon="2.1854400000000003">
    <ele>43.32</ele>
   </trkpt>
   <trkpt lat="41.486985001754675" lon="2.1848199987592527">
    <ele>43.64000000000001</ele>
   </trkpt>
   <trkpt lat="41.48682" lon="2.1842">
    <ele>43.83</ele>
   </trkpt>
   <trkpt lat="41.486760000000004" lon="2.18398">
    <ele>43.800000000000004</ele>
   </trkpt>
   <trkpt lat="41.486650000000004" lon="2.1837400000000002">
    <ele>43.480000000000004</ele>
   </trkpt>
   <trkpt lat="41.486610000000006" lon="2.1836200000000003">
    <ele>43.480000000000004</ele>
   </trkpt>
   <trkpt lat="41.48655" lon="2.18331">
    <ele>43.39</ele>
   </trkpt>
   <trkpt lat="41.48644" lon="2.1829400000000003">
    <ele>44.08</ele>
   </trkpt>
   <trkpt lat="41.48606" lon="2.1820600000000003">
    <ele>45.43000000000001</ele>
   </trkpt>
   <trkpt lat="41.48568" lon="2.18129">
    <ele>45.53</ele>
   </trkpt>
   <trkpt lat="41.48536333777917" lon="2.180573326322414">
    <ele>45.84</ele>
   </trkpt>
   <trkpt lat="41.48504667110986" lon="2.179856659649871">
    <ele>46.05</ele>
   </trkpt>
   <trkpt lat="41.484730000000006" lon="2.1791400000000003">
    <ele>46.31</ele>
   </trkpt>
   <trkpt lat="41.484460000000006" lon="2.17883">
    <ele>46.39</ele>
   </trkpt>
   <trkpt lat="41.48387" lon="2.1783">
    <ele>46.95</ele>
   </trkpt>
   <trkpt lat="41.48355" lon="2.17795">
    <ele>47.080000000000005</ele>
   </trkpt>
   <trkpt lat="41.48344" lon="2.1778">
    <ele>47.440000000000005</ele>
   </trkpt>
   <trkpt lat="41.483320000000006" lon="2.17753">
    <ele>47.440000000000005</ele>
   </trkpt>
   <trkpt lat="41.483120001875676" lon="2.1768699979276542">
    <ele>47.730000000000004</ele>
   </trkpt>
   <trkpt lat="41.48292" lon="2.17621">
    <ele>48.13</ele>
   </trkpt>
   <trkpt lat="41.482800000000005" lon="2.1757">
    <ele>48.24</ele>
   </trkpt>
   <trkpt lat="41.48263" lon="2.17455">
    <ele>48.71</ele>
   </trkpt>
   <trkpt lat="41.48266" lon="2.17431">
    <ele>48.71</ele>
   </trkpt>
   <trkpt lat="41.482710000000004" lon="2.1740700000000004">
    <ele>48.690000000000005</ele>
   </trkpt>
   <trkpt lat="41.48265000000001" lon="2.1739300000000004">
    <ele>48.36000000000001</ele>
   </trkpt>
   <trkpt lat="41.48261" lon="2.1739100000000002">
    <ele>48.36000000000001</ele>
   </trkpt>
   <trkpt lat="41.4823" lon="2.1740000000000004">
    <ele>47.49</ele>
   </trkpt>
   <trkpt lat="41.48221" lon="2.17402">
    <ele>47.86000000000001</ele>
   </trkpt>
   <trkpt lat="41.4821" lon="2.17401">
    <ele>48.38</ele>
   </trkpt>
   <trkpt lat="41.482060000000004" lon="2.1739800000000002">
    <ele>49.0</ele>
   </trkpt>
   <trkpt lat="41.48203" lon="2.17389">
    <ele>49.0</ele>
   </trkpt>
   <trkpt lat="41.481855033738476" lon="2.1728349800505704">
    <ele>52.620000000000005</ele>
   </trkpt>
   <trkpt lat="41.481680057836826" lon="2.1717799657983794">
    <ele>53.300000000000004</ele>
   </trkpt>
   <trkpt lat="41.48150507229514" lon="2.1707249572436753">
    <ele>53.63</ele>
   </trkpt>
   <trkpt lat="41.48133007711355" lon="2.169669954386706">
    <ele>54.330000000000005</ele>
   </trkpt>
   <trkpt lat="41.48115507229214" lon="2.1686149572277196">
    <ele>55.07000000000001</ele>
   </trkpt>
   <trkpt lat="41.480980057831054" lon="2.1675599657669644">
    <ele>56.02</ele>
   </trkpt>
   <trkpt lat="41.48080503373037" lon="2.1665049800046874">
    <ele>56.290000000000006</ele>
   </trkpt>
   <trkpt lat="41.480630000000005" lon="2.1654500000000003">
    <ele>62.120000000000005</ele>
   </trkpt>
   <trkpt lat="41.48026500112109" lon="2.1659500027633958">
    <ele>63.06</ele>
   </trkpt>
   <trkpt lat="41.4799" lon="2.16645">
    <ele>64.64999999999999</ele>
   </trkpt>
   <trkpt lat="41.479510000000005" lon="2.1669400000000003">
    <ele>67.36</ele>
   </trkpt>
   <trkpt lat="41.479330000000004" lon="2.1670800000000003">
    <ele>67.79</ele>
   </trkpt>
   <trkpt lat="41.47917" lon="2.16716">
    <ele>70.19</ele>
   </trkpt>
   <trkpt lat="41.47849666716001" lon="2.167396671581369">
    <ele>73.58</ele>
   </trkpt>
   <trkpt lat="41.477823333834884" lon="2.167633338245073">
    <ele>76.4</ele>
   </trkpt>
   <trkpt lat="41.47715" lon="2.16787">
    <ele>81.65</ele>
   </trkpt>
   <trkpt lat="41.476980000000005" lon="2.16787">
    <ele>82.62</ele>
   </trkpt>
   <trkpt lat="41.47677" lon="2.1678200000000003">
    <ele>82.62</ele>
   </trkpt>
   <trkpt lat="41.47613666755662" lon="2.167483326705257">
    <ele>86.82000000000001</ele>
   </trkpt>
   <trkpt lat="41.47550333413159" lon="2.1671466599899363">
    <ele>91.64000000000001</ele>
   </trkpt>
   <trkpt lat="41.47487" lon="2.1668100000000003">
    <ele>93.19000000000001</ele>
   </trkpt>
   <trkpt lat="41.47471" lon="2.16669">
    <ele>94.34</ele>
   </trkpt>
   <trkpt lat="41.474610000000006" lon="2.16657">
    <ele>95.12</ele>
   </trkpt>
   <trkpt lat="41.47453" lon="2.1664100000000004">
    <ele>95.12</ele>
   </trkpt>
   <trkpt lat="41.474500000000006" lon="2.16638">
    <ele>95.12</ele>
   </trkpt>
   <trkpt lat="41.474410000000006" lon="2.1663400000000004">
    <ele>95.62</ele>
   </trkpt>
   <trkpt lat="41.47437" lon="2.1663">
    <ele>95.62</ele>
   </trkpt>
   <trkpt lat="41.474050000000005" lon="2.16563">
    <ele>98.06</ele>
   </trkpt>
   <trkpt lat="41.4739" lon="2.1653800000000003">
    <ele>98.72</ele>
   </trkpt>
   <trkpt lat="41.473780000000005" lon="2.16528">
    <ele>98.96000000000001</ele>
   </trkpt>
   <trkpt lat="41.47368" lon="2.16521">
    <ele>99.22</ele>
   </trkpt>
   <trkpt lat="41.4733" lon="2.16506">
    <ele>99.48</ele>
   </trkpt>
   <trkpt lat="41.47319" lon="2.1649700000000003">
    <ele>99.48</ele>
   </trkpt>
   <trkpt lat="41.47305" lon="2.1648">
    <ele>99.48</ele>
   </trkpt>
   <trkpt lat="41.47292" lon="2.1644400000000004">
    <ele>99.69000000000001</ele>
   </trkpt>
   <trkpt lat="41.47271000365957" lon="2.163524997184469">
    <ele>99.98000000000002</ele>
   </trkpt>
   <trkpt lat="41.472500000000004" lon="2.1626100000000004">
    <ele>100.68</ele>
   </trkpt>
   <trkpt lat="41.47247" lon="2.16236">
    <ele>100.99000000000001</ele>
   </trkpt>
   <trkpt lat="41.472480000000004" lon="2.16216">
    <ele>101.29</ele>
   </trkpt>
   <trkpt lat="41.47254" lon="2.1619">
    <ele>102.12</ele>
   </trkpt>
   <trkpt lat="41.472590000000004" lon="2.16174">
    <ele>102.5</ele>
   </trkpt>
   <trkpt lat="41.47297333945903" lon="2.1609000099024027">
    <ele>111.05000000000001</ele>
   </trkpt>
   <trkpt lat="41.47335667280722" lon="2.160060009869991">
    <ele>115.85000000000001</ele>
   </trkpt>
   <trkpt lat="41.47374000000001" lon="2.1592200000000004">
    <ele>115.39</ele>
   </trkpt>
   <trkpt lat="41.47375" lon="2.15911">
    <ele>115.06</ele>
   </trkpt>
   <trkpt lat="41.47373" lon="2.15903">
    <ele>115.06</ele>
   </trkpt>
   <trkpt lat="41.47366" lon="2.1589500000000004">
    <ele>114.80000000000001</ele>
   </trkpt>
   <trkpt lat="41.47357" lon="2.1589500000000004">
    <ele>114.46000000000001</ele>
   </trkpt>
   <trkpt lat="41.473150000000004" lon="2.1592100000000003">
    <ele>111.32</ele>
   </trkpt>
   <trkpt lat="41.47301" lon="2.15926">
    <ele>110.60000000000001</ele>
   </trkpt>
   <trkpt lat="41.47281" lon="2.15926">
    <ele>110.03</ele>
   </trkpt>
   <trkpt lat="41.47274" lon="2.15923">
    <ele>109.82000000000001</ele>
   </trkpt>
   <trkpt lat="41.47269" lon="2.15912">
    <ele>109.64000000000001</ele>
   </trkpt>
   <trkpt lat="41.47261" lon="2.1587500000000004">
    <ele>109.62</ele>
   </trkpt>
   <trkpt lat="41.47256" lon="2.1587">
    <ele>109.62</ele>
   </trkpt>
   <trkpt lat="41.472500000000004" lon="2.15871">
    <ele>109.6</ele>
   </trkpt>
   <trkpt lat="41.47242000000001" lon="2.15877">
    <ele>109.46000000000001</ele>
   </trkpt>
   <trkpt lat="41.472280000000005" lon="2.1589400000000003">
    <ele>109.54</ele>
   </trkpt>
   <trkpt lat="41.472" lon="2.1593600000000004">
    <ele>111.06</ele>
   </trkpt>
   <trkpt lat="41.471920000000004" lon="2.15937">
    <ele>111.43</ele>
   </trkpt>
   <trkpt lat="41.47185" lon="2.1593400000000003">
    <ele>111.69000000000001</ele>
   </trkpt>
   <trkpt lat="41.4718" lon="2.15926">
    <ele>111.98</ele>
   </trkpt>
   <trkpt lat="41.47176" lon="2.15912">
    <ele>112.22000000000001</ele>
   </trkpt>
   <trkpt lat="41.47175" lon="2.15896">
    <ele>112.67</ele>
   </trkpt>
   <trkpt lat="41.47171" lon="2.1588100000000003">
    <ele>113.03</ele>
   </trkpt>
   <trkpt lat="41.471610000000005" lon="2.1586700000000003">
    <ele>113.63000000000001</ele>
   </trkpt>
   <trkpt lat="41.47131" lon="2.1584700000000003">
    <ele>116.21000000000001</ele>
   </trkpt>
   <trkpt lat="41.47124" lon="2.15838">
    <ele>116.21000000000001</ele>
   </trkpt>
   <trkpt lat="41.470960000000005" lon="2.15781">
    <ele>118.8</ele>
   </trkpt>
   <trkpt lat="41.47086" lon="2.1576600000000004">
    <ele>119.46000000000001</ele>
   </trkpt>
   <trkpt lat="41.47079" lon="2.1576">
    <ele>120.25000000000001</ele>
   </trkpt>
   <trkpt lat="41.47055" lon="2.1574500000000003">
    <ele>121.14000000000001</ele>
   </trkpt>
   <trkpt lat="41.47048" lon="2.15736">
    <ele>121.20000000000002</ele>
   </trkpt>
   <trkpt lat="41.47035" lon="2.15695">
    <ele>120.54</ele>
   </trkpt>
   <trkpt lat="41.47034" lon="2.15666">
    <ele>119.94</ele>
   </trkpt>
   <trkpt lat="41.47032" lon="2.15641">
    <ele>119.60000000000001</ele>
   </trkpt>
   <trkpt lat="41.470270000000006" lon="2.15621">
    <ele>119.45000000000002</ele>
   </trkpt>
   <trkpt lat="41.47023" lon="2.15614">
    <ele>119.45000000000002</ele>
   </trkpt>
   <trkpt lat="41.47014" lon="2.15604">
    <ele>119.59000000000002</ele>
   </trkpt>
   <trkpt lat="41.47001" lon="2.15593">
    <ele>119.71000000000001</ele>
   </trkpt>
   <trkpt lat="41.46979" lon="2.1558300000000004">
    <ele>120.70000000000002</ele>
   </trkpt>
   <trkpt lat="41.469590000000004" lon="2.15578">
    <ele>120.02000000000001</ele>
   </trkpt>
   <trkpt lat="41.46942000000001" lon="2.1557600000000003">
    <ele>120.79</ele>
   </trkpt>
   <trkpt lat="41.468700000000005" lon="2.15577">
    <ele>127.49000000000002</ele>
   </trkpt>
   <trkpt lat="41.46811500003956" lon="2.1556549989588643">
    <ele>134.48000000000002</ele>
   </trkpt>
   <trkpt lat="41.467530000000004" lon="2.1555400000000002">
    <ele>141.19</ele>
   </trkpt>
   <trkpt lat="41.46737" lon="2.15553">
    <ele>142.68</ele>
   </trkpt>
   <trkpt lat="41.467240000000004" lon="2.1555600000000004">
    <ele>143.59000000000003</ele>
   </trkpt>
   <trkpt lat="41.46717" lon="2.1556200000000003">
    <ele>144.76</ele>
   </trkpt>
   <trkpt lat="41.467110000000005" lon="2.15571">
    <ele>144.76</ele>
   </trkpt>
   <trkpt lat="41.467040000000004" lon="2.15586">
    <ele>146.21</ele>
   </trkpt>
   <trkpt lat="41.46683" lon="2.15613">
    <ele>147.83</ele>
   </trkpt>
   <trkpt lat="41.46676" lon="2.15619">
    <ele>148.39000000000001</ele>
   </trkpt>
   <trkpt lat="41.46669000000001" lon="2.15621">
    <ele>148.99</ele>
   </trkpt>
   <trkpt lat="41.46652" lon="2.1562300000000003">
    <ele>149.91000000000003</ele>
   </trkpt>
   <trkpt lat="41.466440000000006" lon="2.15621">
    <ele>151.83</ele>
   </trkpt>
   <trkpt lat="41.466190000000005" lon="2.15608">
    <ele>154.31</ele>
   </trkpt>
   <trkpt lat="41.465920000000004" lon="2.15585">
    <ele>156.53</ele>
   </trkpt>
   <trkpt lat="41.46585" lon="2.15584">
    <ele>157.04000000000002</ele>
   </trkpt>
   <trkpt lat="41.465340000021904" lon="2.1559400007907468">
    <ele>158.53</ele>
   </trkpt>
   <trkpt lat="41.464830000000006" lon="2.15604">
    <ele>160.07000000000002</ele>
   </trkpt>
   <trkpt lat="41.46463000000001" lon="2.15611">
    <ele>159.79000000000002</ele>
   </trkpt>
   <trkpt lat="41.4645" lon="2.1562">
    <ele>159.70000000000002</ele>
   </trkpt>
   <trkpt lat="41.464420000000004" lon="2.1562900000000003">
    <ele>159.72</ele>
   </trkpt>
   <trkpt lat="41.464090000000006" lon="2.1568">
    <ele>160.60000000000002</ele>
   </trkpt>
   <trkpt lat="41.46379" lon="2.1569700000000003">
    <ele>162.58</ele>
   </trkpt>
   <trkpt lat="41.46365" lon="2.1569700000000003">
    <ele>163.59</ele>
   </trkpt>
   <trkpt lat="41.46352" lon="2.1569200000000004">
    <ele>164.64000000000001</ele>
   </trkpt>
   <trkpt lat="41.46341" lon="2.15675">
    <ele>165.94</ele>
   </trkpt>
   <trkpt lat="41.463240000000006" lon="2.15632">
    <ele>170.47</ele>
   </trkpt>
   <trkpt lat="41.46311" lon="2.15614">
    <ele>172.18000000000004</ele>
   </trkpt>
   <trkpt lat="41.462970000000006" lon="2.15606">
    <ele>173.37000000000003</ele>
   </trkpt>
   <trkpt lat="41.46271" lon="2.15599">
    <ele>175.27</ele>
   </trkpt>
   <trkpt lat="41.46226" lon="2.1560200000000003">
    <ele>178.71</ele>
   </trkpt>
   <trkpt lat="41.462160000000004" lon="2.15598">
    <ele>179.39000000000001</ele>
   </trkpt>
   <trkpt lat="41.462050000000005" lon="2.15591">
    <ele>179.77</ele>
   </trkpt>
   <trkpt lat="41.46182" lon="2.15572">
    <ele>180.78000000000003</ele>
   </trkpt>
   <trkpt lat="41.4615" lon="2.15557">
    <ele>182.77</ele>
   </trkpt>
   <trkpt lat="41.4611" lon="2.15553">
    <ele>188.12</ele>
   </trkpt>
   <trkpt lat="41.4607" lon="2.15544">
    <ele>191.59</ele>
   </trkpt>
   <trkpt lat="41.460280000000004" lon="2.15538">
    <ele>195.82000000000002</ele>
   </trkpt>
   <trkpt lat="41.460170000000005" lon="2.1553500000000003">
    <ele>196.55</ele>
   </trkpt>
   <trkpt lat="41.45996" lon="2.15513">
    <ele>196.68</ele>
   </trkpt>
   <trkpt lat="41.45973" lon="2.15498">
    <ele>196.25</ele>
   </trkpt>
   <trkpt lat="41.459610000000005" lon="2.1549300000000002">
    <ele>196.01000000000002</ele>
   </trkpt>
   <trkpt lat="41.45910000000001" lon="2.15485">
    <ele>195.19</ele>
   </trkpt>
   <trkpt lat="41.458980000000004" lon="2.15486">
    <ele>195.10000000000002</ele>
   </trkpt>
   <trkpt lat="41.45815" lon="2.15503">
    <ele>194.81</ele>
   </trkpt>
   <trkpt lat="41.457930000000005" lon="2.1550900000000004">
    <ele>194.8</ele>
   </trkpt>
   <trkpt lat="41.45731000000001" lon="2.15533">
    <ele>196.62</ele>
   </trkpt>
   <trkpt lat="41.456970000000005" lon="2.1552900000000004">
    <ele>197.9</ele>
   </trkpt>
   <trkpt lat="41.45655" lon="2.15505">
    <ele>200.02</ele>
   </trkpt>
   <trkpt lat="41.455920000000006" lon="2.1550800000000003">
    <ele>204.41</ele>
   </trkpt>
   <trkpt lat="41.45544500028771" lon="2.1550049994923453">
    <ele>206.37000000000003</ele>
   </trkpt>
   <trkpt lat="41.45497" lon="2.1549300000000002">
    <ele>208.59000000000003</ele>
   </trkpt>
   <trkpt lat="41.4542" lon="2.15478">
    <ele>212.00000000000003</ele>
   </trkpt>
   <trkpt lat="41.45389" lon="2.15477">
    <ele>213.58</ele>
   </trkpt>
   <trkpt lat="41.453570000000006" lon="2.15485">
    <ele>215.05</ele>
   </trkpt>
   <trkpt lat="41.45342" lon="2.1549400000000003">
    <ele>216.85000000000002</ele>
   </trkpt>
   <trkpt lat="41.453320000000005" lon="2.15504">
    <ele>216.85000000000002</ele>
   </trkpt>
   <trkpt lat="41.453100000000006" lon="2.15577">
    <ele>221.39000000000001</ele>
   </trkpt>
   <trkpt lat="41.452980000000004" lon="2.15594">
    <ele>223.22000000000003</ele>
   </trkpt>
   <trkpt lat="41.452890000000004" lon="2.156">
    <ele>223.22000000000003</ele>
   </trkpt>
   <trkpt lat="41.45225000000001" lon="2.1562400000000004">
    <ele>227.96</ele>
   </trkpt>
   <trkpt lat="41.452090000000005" lon="2.15627">
    <ele>229.22</ele>
   </trkpt>
   <trkpt lat="41.45185" lon="2.15626">
    <ele>229.22</ele>
   </trkpt>
   <trkpt lat="41.45177" lon="2.15632">
    <ele>232.77000000000004</ele>
   </trkpt>
   <trkpt lat="41.45141" lon="2.15668">
    <ele>234.34</ele>
   </trkpt>
   <trkpt lat="41.45112" lon="2.15675">
    <ele>237.04000000000002</ele>
   </trkpt>
   <trkpt lat="41.450590000000005" lon="2.1570300000000002">
    <ele>240.77</ele>
   </trkpt>
   <trkpt lat="41.450520000000004" lon="2.1571000000000002">
    <ele>240.77</ele>
   </trkpt>
   <trkpt lat="41.450480000000006" lon="2.1571800000000003">
    <ele>240.77</ele>
   </trkpt>
   <trkpt lat="41.450450000000004" lon="2.1573100000000003">
    <ele>240.77</ele>
   </trkpt>
   <trkpt lat="41.450450000000004" lon="2.1576600000000004">
    <ele>242.12000000000003</ele>
   </trkpt>
   <trkpt lat="41.450540000000004" lon="2.15794">
    <ele>243.96</ele>
   </trkpt>
   <trkpt lat="41.450630000000004" lon="2.1581400000000004">
    <ele>245.16000000000003</ele>
   </trkpt>
   <trkpt lat="41.450720000000004" lon="2.15851">
    <ele>246.3</ele>
   </trkpt>
   <trkpt lat="41.450720000000004" lon="2.15878">
    <ele>246.91000000000003</ele>
   </trkpt>
   <trkpt lat="41.45067" lon="2.15896">
    <ele>247.85000000000002</ele>
   </trkpt>
   <trkpt lat="41.450570000000006" lon="2.15906">
    <ele>247.54</ele>
   </trkpt>
   <trkpt lat="41.450430000000004" lon="2.15913">
    <ele>247.54</ele>
   </trkpt>
   <trkpt lat="41.45033" lon="2.15913">
    <ele>247.34000000000003</ele>
   </trkpt>
   <trkpt lat="41.45011" lon="2.1590700000000003">
    <ele>246.95000000000002</ele>
   </trkpt>
   <trkpt lat="41.44984" lon="2.1589300000000002">
    <ele>246.1</ele>
   </trkpt>
   <trkpt lat="41.449650000000005" lon="2.1587300000000003">
    <ele>245.18</ele>
   </trkpt>
   <trkpt lat="41.449220000000004" lon="2.1581900000000003">
    <ele>242.46</ele>
   </trkpt>
   <trkpt lat="41.4489" lon="2.15788">
    <ele>241.69</ele>
   </trkpt>
   <trkpt lat="41.44881" lon="2.15775">
    <ele>240.54000000000002</ele>
   </trkpt>
   <trkpt lat="41.448730000000005" lon="2.1575900000000003">
    <ele>240.54000000000002</ele>
   </trkpt>
   <trkpt lat="41.4487" lon="2.15742">
    <ele>238.73000000000002</ele>
   </trkpt>
   <trkpt lat="41.448690000000006" lon="2.1571900000000004">
    <ele>238.73000000000002</ele>
   </trkpt>
   <trkpt lat="41.44872" lon="2.15694">
    <ele>238.73000000000002</ele>
   </trkpt>
   <trkpt lat="41.44883" lon="2.1567100000000003">
    <ele>237.40000000000003</ele>
   </trkpt>
   <trkpt lat="41.44903" lon="2.1564400000000004">
    <ele>236.71000000000004</ele>
   </trkpt>
   <trkpt lat="41.44906" lon="2.15634">
    <ele>235.79000000000002</ele>
   </trkpt>
   <trkpt lat="41.44906" lon="2.15626">
    <ele>235.79000000000002</ele>
   </trkpt>
   <trkpt lat="41.44903" lon="2.1561600000000003">
    <ele>235.27</ele>
   </trkpt>
   <trkpt lat="41.448930000000004" lon="2.156">
    <ele>234.62</ele>
   </trkpt>
   <trkpt lat="41.448640000000005" lon="2.1558300000000004">
    <ele>233.70000000000002</ele>
   </trkpt>
   <trkpt lat="41.448550000000004" lon="2.15571">
    <ele>233.37</ele>
   </trkpt>
   <trkpt lat="41.44848" lon="2.1553">
    <ele>232.28</ele>
   </trkpt>
   <trkpt lat="41.448370000000004" lon="2.1551">
    <ele>230.85000000000002</ele>
   </trkpt>
   <trkpt lat="41.448220000000006" lon="2.1547400000000003">
    <ele>229.80000000000004</ele>
   </trkpt>
   <trkpt lat="41.448150000000005" lon="2.15469">
    <ele>229.80000000000004</ele>
   </trkpt>
   <trkpt lat="41.448080000000004" lon="2.1546700000000003">
    <ele>229.80000000000004</ele>
   </trkpt>
   <trkpt lat="41.448010000000004" lon="2.1546800000000004">
    <ele>229.80000000000004</ele>
   </trkpt>
   <trkpt lat="41.44787" lon="2.15476">
    <ele>228.35000000000002</ele>
   </trkpt>
   <trkpt lat="41.447570000000006" lon="2.1553">
    <ele>227.22</ele>
   </trkpt>
   <trkpt lat="41.44735" lon="2.1556">
    <ele>224.99</ele>
   </trkpt>
   <trkpt lat="41.447120000000005" lon="2.156">
    <ele>223.76000000000002</ele>
   </trkpt>
   <trkpt lat="41.44698" lon="2.1560900000000003">
    <ele>223.76000000000002</ele>
   </trkpt>
   <trkpt lat="41.44691" lon="2.1561000000000003">
    <ele>223.26000000000002</ele>
   </trkpt>
   <trkpt lat="41.446830000000006" lon="2.15608">
    <ele>222.71</ele>
   </trkpt>
   <trkpt lat="41.446760000000005" lon="2.1560300000000003">
    <ele>222.71</ele>
   </trkpt>
   <trkpt lat="41.446670000000005" lon="2.15585">
    <ele>221.53</ele>
   </trkpt>
   <trkpt lat="41.44666" lon="2.15577">
    <ele>221.53</ele>
   </trkpt>
   <trkpt lat="41.446670000000005" lon="2.15544">
    <ele>220.79000000000002</ele>
   </trkpt>
   <trkpt lat="41.446630000000006" lon="2.15524">
    <ele>220.08</ele>
   </trkpt>
   <trkpt lat="41.446470000000005" lon="2.15499">
    <ele>219.35000000000002</ele>
   </trkpt>
   <trkpt lat="41.446400000000004" lon="2.1548000000000003">
    <ele>218.33</ele>
   </trkpt>
   <trkpt lat="41.446400000000004" lon="2.15464">
    <ele>217.03000000000003</ele>
   </trkpt>
   <trkpt lat="41.44644" lon="2.1544100000000004">
    <ele>217.03000000000003</ele>
   </trkpt>
   <trkpt lat="41.44641" lon="2.15423">
    <ele>215.25000000000003</ele>
   </trkpt>
   <trkpt lat="41.44632" lon="2.15395">
    <ele>215.25000000000003</ele>
   </trkpt>
   <trkpt lat="41.44628" lon="2.15388">
    <ele>215.25000000000003</ele>
   </trkpt>
   <trkpt lat="41.446220000000004" lon="2.15384">
    <ele>215.25000000000003</ele>
   </trkpt>
   <trkpt lat="41.446110000000004" lon="2.15381">
    <ele>212.07</ele>
   </trkpt>
   <trkpt lat="41.44601" lon="2.15382">
    <ele>212.07</ele>
   </trkpt>
   <trkpt lat="41.44592" lon="2.15391">
    <ele>212.07</ele>
   </trkpt>
   <trkpt lat="41.445510000000006" lon="2.15451">
    <ele>208.11</ele>
   </trkpt>
   <trkpt lat="41.44529" lon="2.15497">
    <ele>206.21</ele>
   </trkpt>
   <trkpt lat="41.445240000000005" lon="2.15512">
    <ele>204.74</ele>
   </trkpt>
   <trkpt lat="41.44523" lon="2.1553500000000003">
    <ele>203.63</ele>
   </trkpt>
   <trkpt lat="41.445190000000004" lon="2.15547">
    <ele>203.63</ele>
   </trkpt>
   <trkpt lat="41.44503" lon="2.1558100000000002">
    <ele>201.13</ele>
   </trkpt>
   <trkpt lat="41.444970000000005" lon="2.15587">
    <ele>201.13</ele>
   </trkpt>
   <trkpt lat="41.44473" lon="2.1559700000000004">
    <ele>199.20000000000002</ele>
   </trkpt>
   <trkpt lat="41.44469" lon="2.156">
    <ele>199.20000000000002</ele>
   </trkpt>
   <trkpt lat="41.44446000000001" lon="2.15653">
    <ele>196.52</ele>
   </trkpt>
   <trkpt lat="41.444340000000004" lon="2.15667">
    <ele>193.89000000000001</ele>
   </trkpt>
   <trkpt lat="41.444280000000006" lon="2.1567100000000003">
    <ele>193.89000000000001</ele>
   </trkpt>
   <trkpt lat="41.444030000000005" lon="2.1568">
    <ele>192.03</ele>
   </trkpt>
   <trkpt lat="41.44391" lon="2.1569000000000003">
    <ele>192.03</ele>
   </trkpt>
   <trkpt lat="41.44373" lon="2.1571800000000003">
    <ele>188.63000000000002</ele>
   </trkpt>
   <trkpt lat="41.44359" lon="2.15728">
    <ele>188.63000000000002</ele>
   </trkpt>
   <trkpt lat="41.443450000000006" lon="2.1573100000000003">
    <ele>188.63000000000002</ele>
   </trkpt>
   <trkpt lat="41.443290000000005" lon="2.15722">
    <ele>186.41000000000003</ele>
   </trkpt>
   <trkpt lat="41.44323000000001" lon="2.15714">
    <ele>186.41000000000003</ele>
   </trkpt>
   <trkpt lat="41.443180000000005" lon="2.15694">
    <ele>185.82000000000002</ele>
   </trkpt>
   <trkpt lat="41.443130000000004" lon="2.1562900000000003">
    <ele>181.99</ele>
   </trkpt>
   <trkpt lat="41.44314000000001" lon="2.15619">
    <ele>181.36</ele>
   </trkpt>
   <trkpt lat="41.443180000000005" lon="2.1561000000000003">
    <ele>181.36</ele>
   </trkpt>
   <trkpt lat="41.44337" lon="2.15587">
    <ele>178.74</ele>
   </trkpt>
   <trkpt lat="41.44342" lon="2.1557500000000003">
    <ele>178.16</ele>
   </trkpt>
   <trkpt lat="41.443430000000006" lon="2.1554900000000004">
    <ele>177.54</ele>
   </trkpt>
   <trkpt lat="41.44348" lon="2.15533">
    <ele>177.21</ele>
   </trkpt>
   <trkpt lat="41.443560000000005" lon="2.1551500000000003">
    <ele>177.51</ele>
   </trkpt>
   <trkpt lat="41.443690000000004" lon="2.15504">
    <ele>177.95000000000002</ele>
   </trkpt>
   <trkpt lat="41.44388" lon="2.1549500000000004">
    <ele>179.08</ele>
   </trkpt>
   <trkpt lat="41.443940000000005" lon="2.15485">
    <ele>179.46</ele>
   </trkpt>
   <trkpt lat="41.443960000000004" lon="2.1547300000000003">
    <ele>179.99</ele>
   </trkpt>
   <trkpt lat="41.44395" lon="2.15464">
    <ele>179.99</ele>
   </trkpt>
   <trkpt lat="41.44391" lon="2.15455">
    <ele>180.27</ele>
   </trkpt>
   <trkpt lat="41.443850000000005" lon="2.15449">
    <ele>180.48</ele>
   </trkpt>
   <trkpt lat="41.443780000000004" lon="2.1544700000000003">
    <ele>180.61</ele>
   </trkpt>
   <trkpt lat="41.44299" lon="2.15462">
    <ele>180.85</ele>
   </trkpt>
   <trkpt lat="41.442620000000005" lon="2.15479">
    <ele>181.26</ele>
   </trkpt>
   <trkpt lat="41.442510000000006" lon="2.15482">
    <ele>181.61</ele>
   </trkpt>
   <trkpt lat="41.442350000000005" lon="2.15479">
    <ele>182.00000000000003</ele>
   </trkpt>
   <trkpt lat="41.442240000000005" lon="2.15472">
    <ele>182.49</ele>
   </trkpt>
   <trkpt lat="41.44218" lon="2.1546700000000003">
    <ele>182.89000000000001</ele>
   </trkpt>
   <trkpt lat="41.44203" lon="2.15445">
    <ele>184.72000000000003</ele>
   </trkpt>
   <trkpt lat="41.44194" lon="2.15425">
    <ele>184.72000000000003</ele>
   </trkpt>
   <trkpt lat="41.441900000000004" lon="2.1540600000000003">
    <ele>184.72000000000003</ele>
   </trkpt>
   <trkpt lat="41.441900000000004" lon="2.1539">
    <ele>186.71</ele>
   </trkpt>
   <trkpt lat="41.44192" lon="2.15375">
    <ele>186.71</ele>
   </trkpt>
   <trkpt lat="41.44196" lon="2.15361">
    <ele>186.71</ele>
   </trkpt>
   <trkpt lat="41.442170000000004" lon="2.15316">
    <ele>189.59</ele>
   </trkpt>
   <trkpt lat="41.44221" lon="2.15295">
    <ele>190.43</ele>
   </trkpt>
   <trkpt lat="41.44221" lon="2.1527800000000004">
    <ele>190.54000000000002</ele>
   </trkpt>
   <trkpt lat="41.44216" lon="2.1525700000000003">
    <ele>191.05</ele>
   </trkpt>
   <trkpt lat="41.442080000000004" lon="2.15239">
    <ele>191.94000000000003</ele>
   </trkpt>
   <trkpt lat="41.442" lon="2.15225">
    <ele>192.59</ele>
   </trkpt>
   <trkpt lat="41.44178" lon="2.1519700000000004">
    <ele>195.52</ele>
   </trkpt>
   <trkpt lat="41.441680000000005" lon="2.15174">
    <ele>195.52</ele>
   </trkpt>
   <trkpt lat="41.441590000000005" lon="2.15118">
    <ele>198.43</ele>
   </trkpt>
   <trkpt lat="41.441590000000005" lon="2.15092">
    <ele>199.38000000000002</ele>
   </trkpt>
   <trkpt lat="41.441680000000005" lon="2.15069">
    <ele>200.9</ele>
   </trkpt>
   <trkpt lat="41.44176" lon="2.15063">
    <ele>201.42000000000002</ele>
   </trkpt>
   <trkpt lat="41.44185" lon="2.1506000000000003">
    <ele>201.86</ele>
   </trkpt>
   <trkpt lat="41.442434999900925" lon="2.150674999308056">
    <ele>204.87000000000003</ele>
   </trkpt>
   <trkpt lat="41.443020000000004" lon="2.1507500000000004">
    <ele>208.07</ele>
   </trkpt>
   <trkpt lat="41.443130000000004" lon="2.1508000000000003">
    <ele>208.07</ele>
   </trkpt>
   <trkpt lat="41.443180000000005" lon="2.15084">
    <ele>208.07</ele>
   </trkpt>
   <trkpt lat="41.443360000000006" lon="2.1510700000000003">
    <ele>210.63</ele>
   </trkpt>
   <trkpt lat="41.443490000000004" lon="2.1511400000000003">
    <ele>210.63</ele>
   </trkpt>
   <trkpt lat="41.444093333308196" lon="2.151159999627131">
    <ele>214.9</ele>
   </trkpt>
   <trkpt lat="41.44469666661292" lon="2.1511799996261782">
    <ele>218.54000000000002</ele>
   </trkpt>
   <trkpt lat="41.4453" lon="2.1512000000000002">
    <ele>224.99</ele>
   </trkpt>
   <trkpt lat="41.445550000000004" lon="2.15123">
    <ele>224.99</ele>
   </trkpt>
   <trkpt lat="41.44581" lon="2.15133">
    <ele>229.12</ele>
   </trkpt>
   <trkpt lat="41.44588" lon="2.15132">
    <ele>229.12</ele>
   </trkpt>
   <trkpt lat="41.44595" lon="2.15126">
    <ele>230.04000000000002</ele>
   </trkpt>
   <trkpt lat="41.44599" lon="2.1511500000000003">
    <ele>230.34</ele>
   </trkpt>
   <trkpt lat="41.446000000000005" lon="2.1510000000000002">
    <ele>230.59</ele>
   </trkpt>
   <trkpt lat="41.445980000000006" lon="2.15092">
    <ele>231.63000000000002</ele>
   </trkpt>
   <trkpt lat="41.44585" lon="2.1507400000000003">
    <ele>232.5</ele>
   </trkpt>
   <trkpt lat="41.44583" lon="2.15069">
    <ele>232.5</ele>
   </trkpt>
   <trkpt lat="41.445820000000005" lon="2.15057">
    <ele>233.51000000000002</ele>
   </trkpt>
   <trkpt lat="41.44585" lon="2.15029">
    <ele>235.01000000000002</ele>
   </trkpt>
   <trkpt lat="41.445820000000005" lon="2.1501900000000003">
    <ele>235.98000000000002</ele>
   </trkpt>
   <trkpt lat="41.44572" lon="2.15011">
    <ele>236.48000000000002</ele>
   </trkpt>
   <trkpt lat="41.445510000000006" lon="2.15011">
    <ele>237.46000000000004</ele>
   </trkpt>
   <trkpt lat="41.445370000000004" lon="2.1500700000000004">
    <ele>237.89000000000001</ele>
   </trkpt>
   <trkpt lat="41.44518" lon="2.14996">
    <ele>239.41</ele>
   </trkpt>
   <trkpt lat="41.445060000000005" lon="2.14983">
    <ele>240.28000000000003</ele>
   </trkpt>
   <trkpt lat="41.4448" lon="2.14943">
    <ele>242.15000000000003</ele>
   </trkpt>
   <trkpt lat="41.44469" lon="2.1493200000000003">
    <ele>245.20000000000002</ele>
   </trkpt>
   <trkpt lat="41.444500000000005" lon="2.1491700000000002">
    <ele>245.20000000000002</ele>
   </trkpt>
   <trkpt lat="41.44442" lon="2.14903">
    <ele>246.08</ele>
   </trkpt>
   <trkpt lat="41.444390000000006" lon="2.14882">
    <ele>246.89000000000001</ele>
   </trkpt>
   <trkpt lat="41.444430000000004" lon="2.14805">
    <ele>251.45</ele>
   </trkpt>
   <trkpt lat="41.44447" lon="2.14793">
    <ele>251.45</ele>
   </trkpt>
   <trkpt lat="41.44454" lon="2.1478200000000003">
    <ele>252.68</ele>
   </trkpt>
   <trkpt lat="41.444610000000004" lon="2.14777">
    <ele>252.68</ele>
   </trkpt>
   <trkpt lat="41.44469" lon="2.14773">
    <ele>253.51000000000002</ele>
   </trkpt>
   <trkpt lat="41.444770000000005" lon="2.14772">
    <ele>254.43000000000004</ele>
   </trkpt>
   <trkpt lat="41.445360000051345" lon="2.147695000225262">
    <ele>257.29</ele>
   </trkpt>
   <trkpt lat="41.44595" lon="2.14767">
    <ele>262.25000000000006</ele>
   </trkpt>
   <trkpt lat="41.44604" lon="2.14764">
    <ele>262.53999999999996</ele>
   </trkpt>
   <trkpt lat="41.446090000000005" lon="2.1476">
    <ele>263.07</ele>
   </trkpt>
   <trkpt lat="41.446160000000006" lon="2.1474900000000003">
    <ele>263.81000000000006</ele>
   </trkpt>
   <trkpt lat="41.44621" lon="2.14726">
    <ele>264.33</ele>
   </trkpt>
   <trkpt lat="41.44626" lon="2.14716">
    <ele>264.33</ele>
   </trkpt>
   <trkpt lat="41.446670000000005" lon="2.1466000000000003">
    <ele>268.81000000000006</ele>
   </trkpt>
   <trkpt lat="41.446720000000006" lon="2.1464800000000004">
    <ele>270.02000000000004</ele>
   </trkpt>
   <trkpt lat="41.44673" lon="2.14638">
    <ele>270.02000000000004</ele>
   </trkpt>
   <trkpt lat="41.44671" lon="2.1462700000000003">
    <ele>270.55</ele>
   </trkpt>
   <trkpt lat="41.446650000000005" lon="2.14618">
    <ele>271.27</ele>
   </trkpt>
   <trkpt lat="41.446250000000006" lon="2.1458000000000004">
    <ele>274.31</ele>
   </trkpt>
   <trkpt lat="41.4461" lon="2.1457200000000003">
    <ele>274.77</ele>
   </trkpt>
   <trkpt lat="41.445690000000006" lon="2.14557">
    <ele>276.31</ele>
   </trkpt>
   <trkpt lat="41.44549000000001" lon="2.14542">
    <ele>277.37</ele>
   </trkpt>
   <trkpt lat="41.445420000000006" lon="2.14528">
    <ele>278.36</ele>
   </trkpt>
   <trkpt lat="41.445420000000006" lon="2.14515">
    <ele>278.83000000000004</ele>
   </trkpt>
   <trkpt lat="41.44547" lon="2.14506">
    <ele>279.26</ele>
   </trkpt>
   <trkpt lat="41.445620000000005" lon="2.14494">
    <ele>280.18</ele>
   </trkpt>
   <trkpt lat="41.445730000000005" lon="2.1449100000000003">
    <ele>280.62</ele>
   </trkpt>
   <trkpt lat="41.44592" lon="2.14495">
    <ele>281.48</ele>
   </trkpt>
   <trkpt lat="41.44617" lon="2.14514">
    <ele>283.28000000000003</ele>
   </trkpt>
   <trkpt lat="41.44623" lon="2.14516">
    <ele>284.99</ele>
   </trkpt>
   <trkpt lat="41.44632" lon="2.14515">
    <ele>285.79</ele>
   </trkpt>
   <trkpt lat="41.44639" lon="2.1451200000000004">
    <ele>286.5</ele>
   </trkpt>
   <trkpt lat="41.44644" lon="2.14506">
    <ele>286.5</ele>
   </trkpt>
   <trkpt lat="41.446470000000005" lon="2.1449900000000004">
    <ele>287.16</ele>
   </trkpt>
   <trkpt lat="41.44648" lon="2.14486">
    <ele>287.76</ele>
   </trkpt>
   <trkpt lat="41.446470000000005" lon="2.14428">
    <ele>289.65000000000003</ele>
   </trkpt>
   <trkpt lat="41.44653" lon="2.1440900000000003">
    <ele>290.72</ele>
   </trkpt>
   <trkpt lat="41.446760000000005" lon="2.14372">
    <ele>292.94000000000005</ele>
   </trkpt>
   <trkpt lat="41.446780000000004" lon="2.1436">
    <ele>293.54</ele>
   </trkpt>
   <trkpt lat="41.446760000000005" lon="2.14347">
    <ele>293.84000000000003</ele>
   </trkpt>
   <trkpt lat="41.446690000000004" lon="2.1433600000000004">
    <ele>294.40000000000003</ele>
   </trkpt>
   <trkpt lat="41.44644" lon="2.14313">
    <ele>295.50000000000006</ele>
   </trkpt>
   <trkpt lat="41.4463" lon="2.1430800000000003">
    <ele>295.98</ele>
   </trkpt>
   <trkpt lat="41.44597" lon="2.14305">
    <ele>298.50000000000006</ele>
   </trkpt>
   <trkpt lat="41.445750000000004" lon="2.1429500000000004">
    <ele>300.00000000000006</ele>
   </trkpt>
   <trkpt lat="41.44565" lon="2.1428700000000003">
    <ele>301.43</ele>
   </trkpt>
   <trkpt lat="41.44559" lon="2.14279">
    <ele>301.43</ele>
   </trkpt>
   <trkpt lat="41.445550000000004" lon="2.14263">
    <ele>302.44000000000005</ele>
   </trkpt>
   <trkpt lat="41.445550000000004" lon="2.14251">
    <ele>303.39000000000004</ele>
   </trkpt>
   <trkpt lat="41.445620000000005" lon="2.14236">
    <ele>303.98</ele>
   </trkpt>
   <trkpt lat="41.445730000000005" lon="2.1422600000000003">
    <ele>304.53000000000003</ele>
   </trkpt>
   <trkpt lat="41.446130000000004" lon="2.14224">
    <ele>307.25</ele>
   </trkpt>
   <trkpt lat="41.44628" lon="2.14216">
    <ele>308.74</ele>
   </trkpt>
   <trkpt lat="41.446380000000005" lon="2.1420600000000003">
    <ele>309.31</ele>
   </trkpt>
   <trkpt lat="41.446670000000005" lon="2.1415800000000003">
    <ele>312.23</ele>
   </trkpt>
   <trkpt lat="41.44702" lon="2.14121">
    <ele>315.33</ele>
   </trkpt>
   <trkpt lat="41.447100000000006" lon="2.1410500000000003">
    <ele>316.84000000000003</ele>
   </trkpt>
   <trkpt lat="41.44713" lon="2.14093">
    <ele>316.84000000000003</ele>
   </trkpt>
   <trkpt lat="41.447190000000006" lon="2.1400200000000003">
    <ele>321.41</ele>
   </trkpt>
   <trkpt lat="41.44735" lon="2.13947">
    <ele>323.07</ele>
   </trkpt>
   <trkpt lat="41.44736" lon="2.1393">
    <ele>325.22</ele>
   </trkpt>
   <trkpt lat="41.44731" lon="2.13886">
    <ele>327.42</ele>
   </trkpt>
   <trkpt lat="41.44731" lon="2.13872">
    <ele>328.06</ele>
   </trkpt>
   <trkpt lat="41.44744" lon="2.13817">
    <ele>330.93</ele>
   </trkpt>
   <trkpt lat="41.44742" lon="2.1380600000000003">
    <ele>331.6</ele>
   </trkpt>
   <trkpt lat="41.44737000000001" lon="2.13796">
    <ele>332.41</ele>
   </trkpt>
   <trkpt lat="41.447050000000004" lon="2.1375200000000003">
    <ele>335.69000000000005</ele>
   </trkpt>
   <trkpt lat="41.44702" lon="2.13742">
    <ele>335.69000000000005</ele>
   </trkpt>
   <trkpt lat="41.44702" lon="2.1373200000000003">
    <ele>337.25000000000006</ele>
   </trkpt>
   <trkpt lat="41.447050000000004" lon="2.1371800000000003">
    <ele>337.25000000000006</ele>
   </trkpt>
   <trkpt lat="41.4472" lon="2.13686">
    <ele>341.59</ele>
   </trkpt>
   <trkpt lat="41.44722" lon="2.13675">
    <ele>341.59</ele>
   </trkpt>
   <trkpt lat="41.4472" lon="2.13661">
    <ele>341.59</ele>
   </trkpt>
   <trkpt lat="41.447120000000005" lon="2.1363100000000004">
    <ele>343.76</ele>
   </trkpt>
   <trkpt lat="41.44711" lon="2.13615">
    <ele>343.76</ele>
   </trkpt>
   <trkpt lat="41.44713" lon="2.1360200000000003">
    <ele>344.73</ele>
   </trkpt>
   <trkpt lat="41.4472" lon="2.13585">
    <ele>345.66</ele>
   </trkpt>
   <trkpt lat="41.44727" lon="2.13574">
    <ele>346.56</ele>
   </trkpt>
   <trkpt lat="41.44738" lon="2.13564">
    <ele>347.1</ele>
   </trkpt>
   <trkpt lat="41.447570000000006" lon="2.13553">
    <ele>347.18000000000006</ele>
   </trkpt>
   <trkpt lat="41.44762" lon="2.13546">
    <ele>347.18000000000006</ele>
   </trkpt>
   <trkpt lat="41.447700000000005" lon="2.1352900000000004">
    <ele>347.0</ele>
   </trkpt>
   <trkpt lat="41.447900000000004" lon="2.13476">
    <ele>346.91</ele>
   </trkpt>
   <trkpt lat="41.44791" lon="2.13464">
    <ele>346.79</ele>
   </trkpt>
   <trkpt lat="41.44784000000001" lon="2.13443">
    <ele>346.43</ele>
   </trkpt>
   <trkpt lat="41.447770000000006" lon="2.13436">
    <ele>346.43</ele>
   </trkpt>
   <trkpt lat="41.447210000000005" lon="2.13397">
    <ele>344.68</ele>
   </trkpt>
   <trkpt lat="41.44695" lon="2.1337">
    <ele>343.95000000000005</ele>
   </trkpt>
   <trkpt lat="41.44659" lon="2.1332400000000002">
    <ele>342.54</ele>
   </trkpt>
   <trkpt lat="41.44655" lon="2.1331">
    <ele>341.71</ele>
   </trkpt>
   <trkpt lat="41.44655" lon="2.1329900000000004">
    <ele>341.71</ele>
   </trkpt>
   <trkpt lat="41.446580000000004" lon="2.13288">
    <ele>341.33000000000004</ele>
   </trkpt>
   <trkpt lat="41.446650000000005" lon="2.13276">
    <ele>341.12</ele>
   </trkpt>
   <trkpt lat="41.44702000060537" lon="2.132390002097378">
    <ele>338.21</ele>
   </trkpt>
   <trkpt lat="41.447390000000006" lon="2.1320200000000002">
    <ele>335.68</ele>
   </trkpt>
   <trkpt lat="41.44749" lon="2.1318900000000003">
    <ele>335.68</ele>
   </trkpt>
   <trkpt lat="41.44756" lon="2.13172">
    <ele>334.73</ele>
   </trkpt>
   <trkpt lat="41.44762" lon="2.1314300000000004">
    <ele>333.43</ele>
   </trkpt>
   <trkpt lat="41.447590000000005" lon="2.13124">
    <ele>332.29</ele>
   </trkpt>
   <trkpt lat="41.44753" lon="2.13111">
    <ele>332.29</ele>
   </trkpt>
   <trkpt lat="41.447130000766656" lon="2.1306949974632268">
    <ele>327.97</ele>
   </trkpt>
   <trkpt lat="41.44673" lon="2.1302800000000004">
    <ele>326.3</ele>
   </trkpt>
   <trkpt lat="41.44661000000001" lon="2.13022">
    <ele>325.96000000000004</ele>
   </trkpt>
   <trkpt lat="41.44652000000001" lon="2.13024">
    <ele>325.65000000000003</ele>
   </trkpt>
   <trkpt lat="41.446450000000006" lon="2.1302800000000004">
    <ele>325.36</ele>
   </trkpt>
   <trkpt lat="41.446200000000005" lon="2.13062">
    <ele>324.85</ele>
   </trkpt>
   <trkpt lat="41.446070000000006" lon="2.13071">
    <ele>324.79</ele>
   </trkpt>
   <trkpt lat="41.44599" lon="2.1307300000000002">
    <ele>324.79</ele>
   </trkpt>
   <trkpt lat="41.44594" lon="2.13072">
    <ele>324.66</ele>
   </trkpt>
   <trkpt lat="41.445870000000006" lon="2.1306700000000003">
    <ele>324.66</ele>
   </trkpt>
   <trkpt lat="41.445820000000005" lon="2.1306000000000003">
    <ele>324.55</ele>
   </trkpt>
   <trkpt lat="41.44577" lon="2.1304700000000003">
    <ele>324.36</ele>
   </trkpt>
   <trkpt lat="41.445800000000006" lon="2.1300600000000003">
    <ele>323.13</ele>
   </trkpt>
   <trkpt lat="41.44577" lon="2.1298500000000002">
    <ele>322.17</ele>
   </trkpt>
   <trkpt lat="41.445710000000005" lon="2.1297">
    <ele>321.13</ele>
   </trkpt>
   <trkpt lat="41.44547" lon="2.12934">
    <ele>320.3</ele>
   </trkpt>
   <trkpt lat="41.44543" lon="2.12922">
    <ele>317.99000000000007</ele>
   </trkpt>
   <trkpt lat="41.445420000000006" lon="2.12909">
    <ele>317.99000000000007</ele>
   </trkpt>
   <trkpt lat="41.445420000000006" lon="2.1291">
    <ele>317.99000000000007</ele>
   </trkpt>
   <trkpt lat="41.445460000000004" lon="2.12896">
    <ele>317.09000000000003</ele>
   </trkpt>
   <trkpt lat="41.44552" lon="2.12888">
    <ele>317.09000000000003</ele>
   </trkpt>
   <trkpt lat="41.445600000000006" lon="2.1288400000000003">
    <ele>316.12</ele>
   </trkpt>
   <trkpt lat="41.44613500016795" lon="2.1286600014748838">
    <ele>312.09000000000003</ele>
   </trkpt>
   <trkpt lat="41.446670000000005" lon="2.12848">
    <ele>307.62</ele>
   </trkpt>
   <trkpt lat="41.4468" lon="2.1284">
    <ele>307.03000000000003</ele>
   </trkpt>
   <trkpt lat="41.44688" lon="2.1283000000000003">
    <ele>306.73</ele>
   </trkpt>
   <trkpt lat="41.446940000000005" lon="2.1281100000000004">
    <ele>306.26000000000005</ele>
   </trkpt>
   <trkpt lat="41.44693" lon="2.12794">
    <ele>305.97</ele>
   </trkpt>
   <trkpt lat="41.44688" lon="2.1278200000000003">
    <ele>305.97</ele>
   </trkpt>
   <trkpt lat="41.44682" lon="2.12774">
    <ele>305.52</ele>
   </trkpt>
   <trkpt lat="41.446400000000004" lon="2.1274200000000003">
    <ele>304.97</ele>
   </trkpt>
   <trkpt lat="41.446340000000006" lon="2.1272900000000003">
    <ele>304.26000000000005</ele>
   </trkpt>
   <trkpt lat="41.44632" lon="2.12712">
    <ele>303.82000000000005</ele>
   </trkpt>
   <trkpt lat="41.44635" lon="2.12704">
    <ele>303.27000000000004</ele>
   </trkpt>
   <trkpt lat="41.446400000000004" lon="2.1269500000000003">
    <ele>302.67</ele>
   </trkpt>
   <trkpt lat="41.446690000000004" lon="2.12676">
    <ele>300.77000000000004</ele>
   </trkpt>
   <trkpt lat="41.446940000000005" lon="2.1265500000000004">
    <ele>298.65000000000003</ele>
   </trkpt>
   <trkpt lat="41.44731" lon="2.12618">
    <ele>295.53000000000003</ele>
   </trkpt>
   <trkpt lat="41.447630000000004" lon="2.1257300000000003">
    <ele>292.51000000000005</ele>
   </trkpt>
   <trkpt lat="41.44778" lon="2.12547">
    <ele>291.36</ele>
   </trkpt>
   <trkpt lat="41.44789" lon="2.12535">
    <ele>290.09000000000003</ele>
   </trkpt>
   <trkpt lat="41.44794" lon="2.1253200000000003">
    <ele>290.09000000000003</ele>
   </trkpt>
   <trkpt lat="41.44805" lon="2.1253">
    <ele>288.08</ele>
   </trkpt>
   <trkpt lat="41.44838" lon="2.12537">
    <ele>286.54</ele>
   </trkpt>
   <trkpt lat="41.448510000000006" lon="2.12537">
    <ele>285.89000000000004</ele>
   </trkpt>
   <trkpt lat="41.44868" lon="2.12529">
    <ele>284.55</ele>
   </trkpt>
   <trkpt lat="41.44877" lon="2.1251800000000003">
    <ele>283.39000000000004</ele>
   </trkpt>
   <trkpt lat="41.44887000000001" lon="2.1249700000000002">
    <ele>281.78000000000003</ele>
   </trkpt>
   <trkpt lat="41.4489" lon="2.1247200000000004">
    <ele>281.78000000000003</ele>
   </trkpt>
   <trkpt lat="41.44885" lon="2.12448">
    <ele>279.24000000000007</ele>
   </trkpt>
   <trkpt lat="41.4487" lon="2.1241600000000003">
    <ele>277.58000000000004</ele>
   </trkpt>
   <trkpt lat="41.44867" lon="2.1240300000000003">
    <ele>277.58000000000004</ele>
   </trkpt>
   <trkpt lat="41.44868" lon="2.12388">
    <ele>276.51000000000005</ele>
   </trkpt>
   <trkpt lat="41.44872" lon="2.12373">
    <ele>276.51000000000005</ele>
   </trkpt>
   <trkpt lat="41.44895" lon="2.12333">
    <ele>273.85</ele>
   </trkpt>
   <trkpt lat="41.44912" lon="2.1232200000000003">
    <ele>272.3</ele>
   </trkpt>
   <trkpt lat="41.449450000000006" lon="2.1231400000000002">
    <ele>270.75000000000006</ele>
   </trkpt>
   <trkpt lat="41.44959" lon="2.1231400000000002">
    <ele>269.14000000000004</ele>
   </trkpt>
   <trkpt lat="41.449920000000006" lon="2.12319">
    <ele>267.62</ele>
   </trkpt>
   <trkpt lat="41.450320000000005" lon="2.12339">
    <ele>264.40000000000003</ele>
   </trkpt>
   <trkpt lat="41.45044" lon="2.1234">
    <ele>264.40000000000003</ele>
   </trkpt>
   <trkpt lat="41.45055000000001" lon="2.1233600000000004">
    <ele>261.57</ele>
   </trkpt>
   <trkpt lat="41.45098" lon="2.1230700000000002">
    <ele>260.12</ele>
   </trkpt>
   <trkpt lat="41.451240000000006" lon="2.12303">
    <ele>255.72</ele>
   </trkpt>
   <trkpt lat="41.451460000000004" lon="2.1230900000000004">
    <ele>255.72</ele>
   </trkpt>
   <trkpt lat="41.45177" lon="2.1232100000000003">
    <ele>254.07000000000002</ele>
   </trkpt>
   <trkpt lat="41.45188" lon="2.1232200000000003">
    <ele>254.07000000000002</ele>
   </trkpt>
   <trkpt lat="41.45199" lon="2.1232">
    <ele>252.91000000000003</ele>
   </trkpt>
   <trkpt lat="41.4521" lon="2.1231400000000002">
    <ele>251.35000000000002</ele>
   </trkpt>
   <trkpt lat="41.45244" lon="2.12279">
    <ele>247.74</ele>
   </trkpt>
   <trkpt lat="41.4525" lon="2.1227500000000004">
    <ele>247.74</ele>
   </trkpt>
   <trkpt lat="41.45281000000001" lon="2.1226200000000004">
    <ele>246.14000000000001</ele>
   </trkpt>
   <trkpt lat="41.452890000000004" lon="2.12251">
    <ele>245.79</ele>
   </trkpt>
   <trkpt lat="41.45291" lon="2.1224100000000004">
    <ele>245.79</ele>
   </trkpt>
   <trkpt lat="41.45290000000001" lon="2.12225">
    <ele>243.92000000000002</ele>
   </trkpt>
   <trkpt lat="41.45281000000001" lon="2.1221200000000002">
    <ele>242.94000000000003</ele>
   </trkpt>
   <trkpt lat="41.452235000652905" lon="2.1218149974291847">
    <ele>240.33</ele>
   </trkpt>
   <trkpt lat="41.451660000000004" lon="2.1215100000000002">
    <ele>237.95000000000002</ele>
   </trkpt>
   <trkpt lat="41.451510000000006" lon="2.1214">
    <ele>237.40000000000003</ele>
   </trkpt>
   <trkpt lat="41.451170000000005" lon="2.1210500000000003">
    <ele>237.26000000000002</ele>
   </trkpt>
   <trkpt lat="41.45112" lon="2.12096">
    <ele>237.26000000000002</ele>
   </trkpt>
   <trkpt lat="41.451100000000004" lon="2.1208">
    <ele>237.36</ele>
   </trkpt>
   <trkpt lat="41.45114" lon="2.1206500000000004">
    <ele>237.35000000000002</ele>
   </trkpt>
   <trkpt lat="41.45123" lon="2.1205600000000002">
    <ele>237.21000000000004</ele>
   </trkpt>
   <trkpt lat="41.45163" lon="2.12052">
    <ele>236.11</ele>
   </trkpt>
   <trkpt lat="41.45246" lon="2.12032">
    <ele>232.85000000000002</ele>
   </trkpt>
   <trkpt lat="41.45284" lon="2.12025">
    <ele>230.20000000000002</ele>
   </trkpt>
   <trkpt lat="41.452980000000004" lon="2.1202400000000003">
    <ele>229.24</ele>
   </trkpt>
   <trkpt lat="41.45335" lon="2.12026">
    <ele>227.33000000000004</ele>
   </trkpt>
   <trkpt lat="41.45356" lon="2.12032">
    <ele>226.4</ele>
   </trkpt>
   <trkpt lat="41.453970000000005" lon="2.1205700000000003">
    <ele>222.14000000000001</ele>
   </trkpt>
   <trkpt lat="41.45414" lon="2.1206400000000003">
    <ele>221.15</ele>
   </trkpt>
   <trkpt lat="41.454240000000006" lon="2.12067">
    <ele>220.23000000000002</ele>
   </trkpt>
   <trkpt lat="41.454550000000005" lon="2.12069">
    <ele>218.84</ele>
   </trkpt>
   <trkpt lat="41.454660000000004" lon="2.1207200000000004">
    <ele>217.56000000000003</ele>
   </trkpt>
   <trkpt lat="41.455090000000006" lon="2.1210600000000004">
    <ele>214.95000000000002</ele>
   </trkpt>
   <trkpt lat="41.455200000000005" lon="2.1211100000000003">
    <ele>214.20000000000002</ele>
   </trkpt>
   <trkpt lat="41.45548" lon="2.1211800000000003">
    <ele>212.62000000000003</ele>
   </trkpt>
   <trkpt lat="41.45631" lon="2.12128">
    <ele>209.82</ele>
   </trkpt>
   <trkpt lat="41.45644" lon="2.1213300000000004">
    <ele>209.00000000000003</ele>
   </trkpt>
   <trkpt lat="41.45655" lon="2.12141">
    <ele>208.53000000000003</ele>
   </trkpt>
   <trkpt lat="41.456790000000005" lon="2.12164">
    <ele>206.52</ele>
   </trkpt>
   <trkpt lat="41.45693000000001" lon="2.12171">
    <ele>205.87000000000003</ele>
   </trkpt>
   <trkpt lat="41.45709" lon="2.1217300000000003">
    <ele>205.3</ele>
   </trkpt>
   <trkpt lat="41.457580000187875" lon="2.121705000179428">
    <ele>203.52</ele>
   </trkpt>
   <trkpt lat="41.458070000000006" lon="2.12168">
    <ele>202.35000000000002</ele>
   </trkpt>
   <trkpt lat="41.458180000000006" lon="2.12171">
    <ele>201.93000000000004</ele>
   </trkpt>
   <trkpt lat="41.45825000000001" lon="2.12176">
    <ele>201.44</ele>
   </trkpt>
   <trkpt lat="41.45832" lon="2.12188">
    <ele>201.44</ele>
   </trkpt>
   <trkpt lat="41.4585" lon="2.12236">
    <ele>199.54000000000002</ele>
   </trkpt>
   <trkpt lat="41.458560000000006" lon="2.1224700000000003">
    <ele>199.54000000000002</ele>
   </trkpt>
   <trkpt lat="41.45868" lon="2.12258">
    <ele>198.49000000000004</ele>
   </trkpt>
   <trkpt lat="41.458800000000004" lon="2.12263">
    <ele>198.49000000000004</ele>
   </trkpt>
   <trkpt lat="41.45891" lon="2.12265">
    <ele>198.15</ele>
   </trkpt>
   <trkpt lat="41.459030000000006" lon="2.12264">
    <ele>197.89000000000001</ele>
   </trkpt>
   <trkpt lat="41.45937000000001" lon="2.1224600000000002">
    <ele>197.43</ele>
   </trkpt>
   <trkpt lat="41.45949" lon="2.12242">
    <ele>197.43</ele>
   </trkpt>
   <trkpt lat="41.45962" lon="2.12242">
    <ele>197.11</ele>
   </trkpt>
   <trkpt lat="41.459900000000005" lon="2.12249">
    <ele>196.98000000000002</ele>
   </trkpt>
   <trkpt lat="41.46023" lon="2.1224700000000003">
    <ele>196.44</ele>
   </trkpt>
   <trkpt lat="41.46034" lon="2.12252">
    <ele>195.89000000000001</ele>
   </trkpt>
   <trkpt lat="41.46043" lon="2.1226100000000003">
    <ele>195.09</ele>
   </trkpt>
   <trkpt lat="41.4605" lon="2.12271">
    <ele>195.09</ele>
   </trkpt>
   <trkpt lat="41.460550000000005" lon="2.12284">
    <ele>193.85000000000002</ele>
   </trkpt>
   <trkpt lat="41.46063" lon="2.1234">
    <ele>191.59</ele>
   </trkpt>
   <trkpt lat="41.460710000000006" lon="2.12354">
    <ele>188.69000000000003</ele>
   </trkpt>
   <trkpt lat="41.460750000000004" lon="2.12357">
    <ele>188.69000000000003</ele>
   </trkpt>
   <trkpt lat="41.460840000000005" lon="2.1236">
    <ele>188.69000000000003</ele>
   </trkpt>
   <trkpt lat="41.460910000000005" lon="2.1236">
    <ele>188.72000000000003</ele>
   </trkpt>
   <trkpt lat="41.46163000000001" lon="2.12327">
    <ele>183.18</ele>
   </trkpt>
   <trkpt lat="41.46177" lon="2.1232300000000004">
    <ele>182.45</ele>
   </trkpt>
   <trkpt lat="41.4619" lon="2.1232800000000003">
    <ele>181.93</ele>
   </trkpt>
   <trkpt lat="41.46197" lon="2.1233500000000003">
    <ele>181.93</ele>
   </trkpt>
   <trkpt lat="41.46215" lon="2.12359">
    <ele>179.72000000000003</ele>
   </trkpt>
   <trkpt lat="41.46226" lon="2.1237000000000004">
    <ele>178.72000000000003</ele>
   </trkpt>
   <trkpt lat="41.462360000000004" lon="2.1237700000000004">
    <ele>178.72000000000003</ele>
   </trkpt>
   <trkpt lat="41.462810000000005" lon="2.12399">
    <ele>174.92000000000002</ele>
   </trkpt>
   <trkpt lat="41.462970000000006" lon="2.12414">
    <ele>174.92000000000002</ele>
   </trkpt>
   <trkpt lat="41.46332" lon="2.12461">
    <ele>170.96</ele>
   </trkpt>
   <trkpt lat="41.463440000000006" lon="2.12473">
    <ele>169.79000000000002</ele>
   </trkpt>
   <trkpt lat="41.46359" lon="2.12481">
    <ele>169.79000000000002</ele>
   </trkpt>
   <trkpt lat="41.46394" lon="2.12489">
    <ele>166.39000000000001</ele>
   </trkpt>
   <trkpt lat="41.464090000000006" lon="2.12496">
    <ele>164.98000000000002</ele>
   </trkpt>
   <trkpt lat="41.46461" lon="2.12535">
    <ele>161.97</ele>
   </trkpt>
   <trkpt lat="41.46473" lon="2.1254">
    <ele>161.15</ele>
   </trkpt>
   <trkpt lat="41.464890000000004" lon="2.1253800000000003">
    <ele>160.56</ele>
   </trkpt>
   <trkpt lat="41.465270000000004" lon="2.1251700000000002">
    <ele>157.35000000000002</ele>
   </trkpt>
   <trkpt lat="41.4654" lon="2.12507">
    <ele>155.28</ele>
   </trkpt>
   <trkpt lat="41.465450000000004" lon="2.1249700000000002">
    <ele>155.28</ele>
   </trkpt>
   <trkpt lat="41.46547" lon="2.1248500000000003">
    <ele>155.28</ele>
   </trkpt>
   <trkpt lat="41.46547" lon="2.12469">
    <ele>153.26</ele>
   </trkpt>
   <trkpt lat="41.46544" lon="2.12449">
    <ele>153.26</ele>
   </trkpt>
   <trkpt lat="41.46533" lon="2.12418">
    <ele>150.37</ele>
   </trkpt>
   <trkpt lat="41.46522" lon="2.12405">
    <ele>149.81</ele>
   </trkpt>
   <trkpt lat="41.46484" lon="2.1238">
    <ele>146.62</ele>
   </trkpt>
   <trkpt lat="41.46453" lon="2.1235600000000003">
    <ele>145.17000000000002</ele>
   </trkpt>
   <trkpt lat="41.464470000000006" lon="2.12344">
    <ele>144.77</ele>
   </trkpt>
   <trkpt lat="41.46445000000001" lon="2.12325">
    <ele>144.37</ele>
   </trkpt>
   <trkpt lat="41.464470000000006" lon="2.1231600000000004">
    <ele>144.20000000000002</ele>
   </trkpt>
   <trkpt lat="41.46453" lon="2.12303">
    <ele>144.09000000000003</ele>
   </trkpt>
   <trkpt lat="41.464650000000006" lon="2.12292">
    <ele>144.13</ele>
   </trkpt>
   <trkpt lat="41.46475" lon="2.1228900000000004">
    <ele>144.28000000000003</ele>
   </trkpt>
   <trkpt lat="41.464960000000005" lon="2.12291">
    <ele>144.46</ele>
   </trkpt>
   <trkpt lat="41.46555500011704" lon="2.1230699985334236">
    <ele>145.83</ele>
   </trkpt>
   <trkpt lat="41.466150000000006" lon="2.1232300000000004">
    <ele>146.42000000000002</ele>
   </trkpt>
   <trkpt lat="41.466300000000004" lon="2.12324">
    <ele>146.45000000000002</ele>
   </trkpt>
   <trkpt lat="41.46645" lon="2.12319">
    <ele>146.36</ele>
   </trkpt>
   <trkpt lat="41.46676" lon="2.12299">
    <ele>145.75000000000003</ele>
   </trkpt>
   <trkpt lat="41.46685" lon="2.12296">
    <ele>145.75000000000003</ele>
   </trkpt>
   <trkpt lat="41.46694" lon="2.12296">
    <ele>145.26</ele>
   </trkpt>
   <trkpt lat="41.46703" lon="2.1230100000000003">
    <ele>145.03000000000003</ele>
   </trkpt>
   <trkpt lat="41.46712" lon="2.12311">
    <ele>144.53000000000003</ele>
   </trkpt>
   <trkpt lat="41.46737" lon="2.12357">
    <ele>141.28</ele>
   </trkpt>
   <trkpt lat="41.467720000806594" lon="2.1239699979706743">
    <ele>136.97</ele>
   </trkpt>
   <trkpt lat="41.468070000000004" lon="2.1243700000000003">
    <ele>135.41</ele>
   </trkpt>
   <trkpt lat="41.468300000000006" lon="2.12469">
    <ele>132.38</ele>
   </trkpt>
   <trkpt lat="41.468590000000006" lon="2.12528">
    <ele>127.61</ele>
   </trkpt>
   <trkpt lat="41.468680000000006" lon="2.12543">
    <ele>127.61</ele>
   </trkpt>
   <trkpt lat="41.468770000000006" lon="2.1255">
    <ele>124.56</ele>
   </trkpt>
   <trkpt lat="41.46958" lon="2.1259200000000003">
    <ele>119.70000000000002</ele>
   </trkpt>
   <trkpt lat="41.470015000363844" lon="2.126099998884714">
    <ele>117.85000000000001</ele>
   </trkpt>
   <trkpt lat="41.47045000000001" lon="2.1262800000000004">
    <ele>116.19000000000001</ele>
   </trkpt>
   <trkpt lat="41.470620000000004" lon="2.12644">
    <ele>115.5</ele>
   </trkpt>
   <trkpt lat="41.470870000000005" lon="2.1268700000000003">
    <ele>115.2</ele>
   </trkpt>
   <trkpt lat="41.47093" lon="2.12692">
    <ele>115.10000000000001</ele>
   </trkpt>
   <trkpt lat="41.471050000000005" lon="2.12696">
    <ele>115.08000000000001</ele>
   </trkpt>
   <trkpt lat="41.471540000000005" lon="2.1268900000000004">
    <ele>115.54</ele>
   </trkpt>
   <trkpt lat="41.47198" lon="2.12696">
    <ele>118.24000000000001</ele>
   </trkpt>
   <trkpt lat="41.472080000000005" lon="2.1270000000000002">
    <ele>118.24000000000001</ele>
   </trkpt>
   <trkpt lat="41.47267" lon="2.12738">
    <ele>121.60000000000001</ele>
   </trkpt>
   <trkpt lat="41.47336000000001" lon="2.1278">
    <ele>125.26</ele>
   </trkpt>
   <trkpt lat="41.47361" lon="2.12805">
    <ele>126.14</ele>
   </trkpt>
   <trkpt lat="41.47377" lon="2.1282300000000003">
    <ele>126.32000000000001</ele>
   </trkpt>
   <trkpt lat="41.47386" lon="2.1283000000000003">
    <ele>126.35000000000001</ele>
   </trkpt>
   <trkpt lat="41.474000000000004" lon="2.1283700000000003">
    <ele>126.31</ele>
   </trkpt>
   <trkpt lat="41.47485" lon="2.12862">
    <ele>122.57000000000001</ele>
   </trkpt>
   <trkpt lat="41.47498" lon="2.12868">
    <ele>121.81000000000002</ele>
   </trkpt>
   <trkpt lat="41.475060000000006" lon="2.1287800000000003">
    <ele>121.28000000000002</ele>
   </trkpt>
   <trkpt lat="41.475100000000005" lon="2.12889">
    <ele>120.72</ele>
   </trkpt>
   <trkpt lat="41.475120000000004" lon="2.12914">
    <ele>118.27000000000001</ele>
   </trkpt>
   <trkpt lat="41.47511" lon="2.12937">
    <ele>118.27000000000001</ele>
   </trkpt>
   <trkpt lat="41.475150000000006" lon="2.1295300000000004">
    <ele>116.82000000000001</ele>
   </trkpt>
   <trkpt lat="41.475210000000004" lon="2.1296000000000004">
    <ele>116.82000000000001</ele>
   </trkpt>
   <trkpt lat="41.475280000000005" lon="2.12964">
    <ele>116.28</ele>
   </trkpt>
   <trkpt lat="41.4754" lon="2.12962">
    <ele>115.78</ele>
   </trkpt>
   <trkpt lat="41.475500000000004" lon="2.12954">
    <ele>115.11</ele>
   </trkpt>
   <trkpt lat="41.47571000000001" lon="2.12921">
    <ele>114.40000000000002</ele>
   </trkpt>
   <trkpt lat="41.47579" lon="2.12914">
    <ele>113.18</ele>
   </trkpt>
   <trkpt lat="41.4759" lon="2.12909">
    <ele>113.18</ele>
   </trkpt>
   <trkpt lat="41.47599" lon="2.12907">
    <ele>113.18</ele>
   </trkpt>
   <trkpt lat="41.47618000000001" lon="2.1291">
    <ele>112.46000000000001</ele>
   </trkpt>
   <trkpt lat="41.476290000000006" lon="2.12916">
    <ele>112.0</ele>
   </trkpt>
   <trkpt lat="41.47637" lon="2.12923">
    <ele>111.13000000000001</ele>
   </trkpt>
   <trkpt lat="41.476600000000005" lon="2.12961">
    <ele>110.27000000000001</ele>
   </trkpt>
   <trkpt lat="41.47668" lon="2.1296700000000004">
    <ele>110.27000000000001</ele>
   </trkpt>
   <trkpt lat="41.476760000000006" lon="2.1296500000000003">
    <ele>109.53</ele>
   </trkpt>
   <trkpt lat="41.47693" lon="2.12947">
    <ele>108.89000000000001</ele>
   </trkpt>
   <trkpt lat="41.477030000000006" lon="2.12941">
    <ele>108.89000000000001</ele>
   </trkpt>
   <trkpt lat="41.477120000000006" lon="2.12941">
    <ele>108.74</ele>
   </trkpt>
   <trkpt lat="41.47721000000001" lon="2.1294500000000003">
    <ele>108.08000000000001</ele>
   </trkpt>
   <trkpt lat="41.47739000000001" lon="2.1295900000000003">
    <ele>107.14000000000001</ele>
   </trkpt>
   <trkpt lat="41.477540000000005" lon="2.12974">
    <ele>106.54</ele>
   </trkpt>
   <trkpt lat="41.477630000000005" lon="2.1297900000000003">
    <ele>105.07000000000001</ele>
   </trkpt>
   <trkpt lat="41.477790000000006" lon="2.12982">
    <ele>105.07000000000001</ele>
   </trkpt>
   <trkpt lat="41.47787" lon="2.12981">
    <ele>104.63000000000001</ele>
   </trkpt>
   <trkpt lat="41.477940000000004" lon="2.12983">
    <ele>104.12</ele>
   </trkpt>
   <trkpt lat="41.47804" lon="2.12989">
    <ele>103.82000000000001</ele>
   </trkpt>
   <trkpt lat="41.4782" lon="2.1301">
    <ele>101.57000000000001</ele>
   </trkpt>
   <trkpt lat="41.47865" lon="2.13078">
    <ele>98.38000000000001</ele>
   </trkpt>
   <trkpt lat="41.47912" lon="2.13151">
    <ele>96.92</ele>
   </trkpt>
   <trkpt lat="41.47927000000001" lon="2.13171">
    <ele>96.92</ele>
   </trkpt>
   <trkpt lat="41.479400000000005" lon="2.13184">
    <ele>94.74000000000001</ele>
   </trkpt>
   <trkpt lat="41.47964" lon="2.1319700000000004">
    <ele>94.74000000000001</ele>
   </trkpt>
   <trkpt lat="41.479760000000006" lon="2.1319600000000003">
    <ele>94.18</ele>
   </trkpt>
   <trkpt lat="41.479870000000005" lon="2.13192">
    <ele>93.93</ele>
   </trkpt>
   <trkpt lat="41.480140000000006" lon="2.13165">
    <ele>92.11000000000001</ele>
   </trkpt>
   <trkpt lat="41.48026" lon="2.13159">
    <ele>92.11000000000001</ele>
   </trkpt>
   <trkpt lat="41.480360000000005" lon="2.13158">
    <ele>91.84</ele>
   </trkpt>
   <trkpt lat="41.48088000038807" lon="2.131859997779392">
    <ele>90.3</ele>
   </trkpt>
   <trkpt lat="41.4814" lon="2.13214">
    <ele>87.64000000000001</ele>
   </trkpt>
   <trkpt lat="41.48154" lon="2.1322300000000003">
    <ele>86.06000000000002</ele>
   </trkpt>
   <trkpt lat="41.48192" lon="2.1326">
    <ele>81.74000000000001</ele>
   </trkpt>
   <trkpt lat="41.4821" lon="2.13273">
    <ele>80.56</ele>
   </trkpt>
   <trkpt lat="41.48218000000001" lon="2.13275">
    <ele>79.92999999999999</ele>
   </trkpt>
   <trkpt lat="41.482260000000004" lon="2.13275">
    <ele>79.4</ele>
   </trkpt>
   <trkpt lat="41.482999999917276" lon="2.132665000983778">
    <ele>79.13000000000001</ele>
   </trkpt>
   <trkpt lat="41.483740000000004" lon="2.1325800000000004">
    <ele>81.78</ele>
   </trkpt>
   <trkpt lat="41.48436" lon="2.1325000000000003">
    <ele>85.42</ele>
   </trkpt>
   <trkpt lat="41.48490000004582" lon="2.132450000413457">
    <ele>87.10000000000001</ele>
   </trkpt>
   <trkpt lat="41.485440000000004" lon="2.1324">
    <ele>88.05</ele>
   </trkpt>
   <trkpt lat="41.48557" lon="2.13255">
    <ele>88.03000000000002</ele>
   </trkpt>
   <trkpt lat="41.485670000000006" lon="2.13367">
    <ele>88.21000000000001</ele>
   </trkpt>
  </trkseg>
 </trk>
</gpx>
