<?xml version="1.0" encoding="UTF-8"?>
<gpx version="1.1" creator="BikeTerra" xmlns="http://www.topografix.com/GPX/1/1" xmlns:biketerra="https://biketerra.com/xmlns/gpx/1">
    <metadata>
        <name>Flathead Lake Montana</name>
        <extensions>
            <biketerra:version>2.0.0</biketerra:version>
            <biketerra:isLoop>true</biketerra:isLoop>
            <biketerra:defaultSurface>asphalt</biketerra:defaultSurface>
        </extensions>
    </metadata>
    <trk>
        <name>Flathead Lake Montana</name>
        <trkseg>
            <trkpt lat="47.6914481" lon="-114.1450561"><ele>900.52</ele></trkpt>
            <trkpt lat="47.69096" lon="-114.1409562"><ele>905.08</ele></trkpt>
            <trkpt lat="47.6909434" lon="-114.1402403"><ele>905.59</ele></trkpt>
            <trkpt lat="47.6909882" lon="-114.1398072"><ele>905.79</ele></trkpt>
            <trkpt lat="47.6910701" lon="-114.1392507"><ele>905.98</ele></trkpt>
            <trkpt lat="47.69115" lon="-114.138891"><ele>906.16</ele></trkpt>
            <trkpt lat="47.6912647" lon="-114.1385267"><ele>906.48</ele></trkpt>
            <trkpt lat="47.6913793" lon="-114.1381634"><ele>906.97</ele></trkpt>
            <trkpt lat="47.6914367" lon="-114.1379817"><ele>907.3</ele></trkpt>
            <trkpt lat="47.6916087" lon="-114.1374367"><ele>908.52</ele></trkpt>
            <trkpt lat="47.6918954" lon="-114.1365284"><ele>910.94</ele></trkpt>
            <trkpt lat="47.6920674" lon="-114.1359834"><ele>912.37</ele></trkpt>
            <trkpt lat="47.6928701" lon="-114.1334385"><ele>918.58</ele></trkpt>
            <trkpt lat="47.6929057" lon="-114.1332625"><ele>918.94</ele></trkpt>
            <trkpt lat="47.6929455" lon="-114.1329247"><ele>919.55</ele></trkpt>
            <trkpt lat="47.6929494" lon="-114.1325441"><ele>920.12</ele></trkpt>
            <trkpt lat="47.6929308" lon="-114.1323178"><ele>920.41</ele></trkpt>
            <trkpt lat="47.6928657" lon="-114.1319487"><ele>920.81</ele></trkpt>
            <trkpt lat="47.6927397" lon="-114.1315492"><ele>921.2</ele></trkpt>
            <trkpt lat="47.6919092" lon="-114.1294581"><ele>922.96</ele></trkpt>
            <trkpt lat="47.691721" lon="-114.129001"><ele>923.5</ele></trkpt>
            <trkpt lat="47.6915947" lon="-114.1286942"><ele>923.98</ele></trkpt>
            <trkpt lat="47.6913129" lon="-114.1280108"><ele>925.25</ele></trkpt>
            <trkpt lat="47.6912345" lon="-114.127864"><ele>925.57</ele></trkpt>
            <trkpt lat="47.6909991" lon="-114.1275213"><ele>926.39</ele></trkpt>
            <trkpt lat="47.6907926" lon="-114.1272801"><ele>926.99</ele></trkpt>
            <trkpt lat="47.6904344" lon="-114.1269946"><ele>927.76</ele></trkpt>
            <trkpt lat="47.6899932" lon="-114.1266949"><ele>928.33</ele></trkpt>
            <trkpt lat="47.6896133" lon="-114.12647"><ele>928.4</ele></trkpt>
            <trkpt lat="47.6893558" lon="-114.1263165"><ele>928.14</ele></trkpt>
            <trkpt lat="47.6890822" lon="-114.126104"><ele>927.54</ele></trkpt>
            <trkpt lat="47.688984" lon="-114.1260251"><ele>927.25</ele></trkpt>
            <trkpt lat="47.6889446" lon="-114.1259669"><ele>927.08</ele></trkpt>
            <trkpt lat="47.6889063" lon="-114.1258107"><ele>926.73</ele></trkpt>
            <trkpt lat="47.6889281" lon="-114.1256637"><ele>926.37</ele></trkpt>
            <trkpt lat="47.6889832" lon="-114.1255883"><ele>926.09</ele></trkpt>
            <trkpt lat="47.6891008" lon="-114.1255698"><ele>925.63</ele></trkpt>
            <trkpt lat="47.689132" lon="-114.1255084"><ele>925.43</ele></trkpt>
            <trkpt lat="47.6891369" lon="-114.1251942"><ele>924.57</ele></trkpt>
            <trkpt lat="47.6891999" lon="-114.1243918"><ele>922.36</ele></trkpt>
            <trkpt lat="47.6892981" lon="-114.1238583"><ele>920.98</ele></trkpt>
            <trkpt lat="47.6892856" lon="-114.1235697"><ele>920.35</ele></trkpt>
            <trkpt lat="47.6892992" lon="-114.1231937"><ele>919.64</ele></trkpt>
            <trkpt lat="47.6892648" lon="-114.1228462"><ele>919.09</ele></trkpt>
            <trkpt lat="47.68926" lon="-114.1219327"><ele>917.99</ele></trkpt>
            <trkpt lat="47.68926" lon="-114.1208117"><ele>917.09</ele></trkpt>
            <trkpt lat="47.6892578" lon="-114.1195944"><ele>916.62</ele></trkpt>
            <trkpt lat="47.689255" lon="-114.118575"><ele>916.59</ele></trkpt>
            <trkpt lat="47.6892501" lon="-114.1167372"><ele>917</ele></trkpt>
            <trkpt lat="47.68926" lon="-114.116035"><ele>917.08</ele></trkpt>
            <trkpt lat="47.6892699" lon="-114.115334"><ele>917.03</ele></trkpt>
            <trkpt lat="47.6892301" lon="-114.114859"><ele>916.87</ele></trkpt>
            <trkpt lat="47.689234" lon="-114.1146521"><ele>916.76</ele></trkpt>
            <trkpt lat="47.6892501" lon="-114.1138199"><ele>916.14</ele></trkpt>
            <trkpt lat="47.6892799" lon="-114.1134086"><ele>915.74</ele></trkpt>
            <trkpt lat="47.689288" lon="-114.113032"><ele>915.31</ele></trkpt>
            <trkpt lat="47.6893199" lon="-114.1115212"><ele>913.33</ele></trkpt>
            <trkpt lat="47.6893239" lon="-114.1101006"><ele>911.47</ele></trkpt>
            <trkpt lat="47.6893261" lon="-114.1092894"><ele>910.54</ele></trkpt>
            <trkpt lat="47.6893299" lon="-114.1078699"><ele>909.22</ele></trkpt>
            <trkpt lat="47.689298" lon="-114.106666"><ele>908.44</ele></trkpt>
            <trkpt lat="47.689266" lon="-114.105462"><ele>908.01</ele></trkpt>
            <trkpt lat="47.689225" lon="-114.104435"><ele>907.9</ele></trkpt>
            <trkpt lat="47.6892001" lon="-114.1040101"><ele>907.91</ele></trkpt>
            <trkpt lat="47.6892164" lon="-114.1034303"><ele>908.01</ele></trkpt>
            <trkpt lat="47.6891721" lon="-114.1029962"><ele>908.12</ele></trkpt>
            <trkpt lat="47.6891202" lon="-114.1021025"><ele>908.38</ele></trkpt>
            <trkpt lat="47.6891012" lon="-114.1010801"><ele>908.73</ele></trkpt>
            <trkpt lat="47.6891166" lon="-114.1007005"><ele>908.89</ele></trkpt>
            <trkpt lat="47.6890819" lon="-114.1002677"><ele>909.14</ele></trkpt>
            <trkpt lat="47.6890787" lon="-114.0998767"><ele>909.42</ele></trkpt>
            <trkpt lat="47.6890767" lon="-114.0993167"><ele>909.94</ele></trkpt>
            <trkpt lat="47.6890747" lon="-114.0987567"><ele>910.57</ele></trkpt>
            <trkpt lat="47.6890727" lon="-114.0981967"><ele>911.3</ele></trkpt>
            <trkpt lat="47.689068" lon="-114.09689"><ele>913.01</ele></trkpt>
            <trkpt lat="47.6890667" lon="-114.0965167"><ele>913.34</ele></trkpt>
            <trkpt lat="47.6890654" lon="-114.0961433"><ele>913.5</ele></trkpt>
            <trkpt lat="47.689064" lon="-114.09577"><ele>913.46</ele></trkpt>
            <trkpt lat="47.6890627" lon="-114.0953967"><ele>913.26</ele></trkpt>
            <trkpt lat="47.6890686" lon="-114.09391"><ele>911.85</ele></trkpt>
            <trkpt lat="47.6890729" lon="-114.09354"><ele>911.53</ele></trkpt>
            <trkpt lat="47.6890794" lon="-114.0929757"><ele>911.15</ele></trkpt>
            <trkpt lat="47.6890842" lon="-114.0918395"><ele>910.62</ele></trkpt>
            <trkpt lat="47.6891049" lon="-114.0917031"><ele>910.57</ele></trkpt>
            <trkpt lat="47.6891831" lon="-114.0914764"><ele>910.49</ele></trkpt>
            <trkpt lat="47.6892046" lon="-114.0913067"><ele>910.44</ele></trkpt>
            <trkpt lat="47.6892415" lon="-114.0898115"><ele>910.16</ele></trkpt>
            <trkpt lat="47.6892595" lon="-114.0889895"><ele>910.03</ele></trkpt>
            <trkpt lat="47.6892865" lon="-114.0877565"><ele>909.72</ele></trkpt>
            <trkpt lat="47.6892955" lon="-114.0873456"><ele>909.44</ele></trkpt>
            <trkpt lat="47.689295" lon="-114.0869552"><ele>908.99</ele></trkpt>
            <trkpt lat="47.68928" lon="-114.0864"><ele>908.07</ele></trkpt>
            <trkpt lat="47.6892601" lon="-114.0856614"><ele>906.5</ele></trkpt>
            <trkpt lat="47.689275" lon="-114.08466"><ele>904.13</ele></trkpt>
            <trkpt lat="47.6892899" lon="-114.0836602"><ele>901.8</ele></trkpt>
            <trkpt lat="47.6892483" lon="-114.0826517"><ele>899.67</ele></trkpt>
            <trkpt lat="47.6892393" lon="-114.0820407"><ele>898.59</ele></trkpt>
            <trkpt lat="47.6892374" lon="-114.0808127"><ele>896.87</ele></trkpt>
            <trkpt lat="47.689232" lon="-114.077538"><ele>893.43</ele></trkpt>
            <trkpt lat="47.6892299" lon="-114.0763095"><ele>892.51</ele></trkpt>
            <trkpt lat="47.6891867" lon="-114.0751267"><ele>891.96</ele></trkpt>
            <trkpt lat="47.6891001" lon="-114.0727618"><ele>891.46</ele></trkpt>
            <trkpt lat="47.6891562" lon="-114.07191"><ele>891.38</ele></trkpt>
            <trkpt lat="47.6891037" lon="-114.0712"><ele>891.36</ele></trkpt>
            <trkpt lat="47.6891016" lon="-114.0709425"><ele>891.36</ele></trkpt>
            <trkpt lat="47.6890904" lon="-114.0708714"><ele>891.36</ele></trkpt>
            <trkpt lat="47.689064" lon="-114.0708167"><ele>891.36</ele></trkpt>
            <trkpt lat="47.6890253" lon="-114.0707893"><ele>891.36</ele></trkpt>
            <trkpt lat="47.6889152" lon="-114.0707702"><ele>891.36</ele></trkpt>
            <trkpt lat="47.6888946" lon="-114.070737"><ele>891.35</ele></trkpt>
            <trkpt lat="47.6888879" lon="-114.0706799"><ele>891.35</ele></trkpt>
            <trkpt lat="47.68893" lon="-114.0670802"><ele>891.27</ele></trkpt>
            <trkpt lat="47.6889251" lon="-114.065831"><ele>891.08</ele></trkpt>
            <trkpt lat="47.6889135" lon="-114.0629167"><ele>890.36</ele></trkpt>
            <trkpt lat="47.688896" lon="-114.0585452"><ele>889.9</ele></trkpt>
            <trkpt lat="47.6888935" lon="-114.0579207"><ele>890.01</ele></trkpt>
            <trkpt lat="47.6888901" lon="-114.057088"><ele>890.36</ele></trkpt>
            <trkpt lat="47.6888809" lon="-114.054653"><ele>892.01</ele></trkpt>
            <trkpt lat="47.6889324" lon="-114.0542214"><ele>892.37</ele></trkpt>
            <trkpt lat="47.6890465" lon="-114.053792"><ele>892.81</ele></trkpt>
            <trkpt lat="47.6891327" lon="-114.0535723"><ele>893.07</ele></trkpt>
            <trkpt lat="47.6893326" lon="-114.0532038"><ele>893.61</ele></trkpt>
            <trkpt lat="47.6895759" lon="-114.0529016"><ele>894.18</ele></trkpt>
            <trkpt lat="47.6898271" lon="-114.0526927"><ele>894.73</ele></trkpt>
            <trkpt lat="47.6900122" lon="-114.0525893"><ele>895.1</ele></trkpt>
            <trkpt lat="47.6909692" lon="-114.0522903"><ele>896.85</ele></trkpt>
            <trkpt lat="47.69148" lon="-114.0521333"><ele>897.42</ele></trkpt>
            <trkpt lat="47.691735" lon="-114.052055"><ele>897.48</ele></trkpt>
            <trkpt lat="47.69199" lon="-114.0519767"><ele>897.31</ele></trkpt>
            <trkpt lat="47.6923726" lon="-114.0518591"><ele>896.71</ele></trkpt>
            <trkpt lat="47.6927733" lon="-114.0517433"><ele>895.79</ele></trkpt>
            <trkpt lat="47.6933201" lon="-114.0515899"><ele>894.3</ele></trkpt>
            <trkpt lat="47.69372" lon="-114.051455"><ele>893.25</ele></trkpt>
            <trkpt lat="47.69412" lon="-114.05132"><ele>892.41</ele></trkpt>
            <trkpt lat="47.6943867" lon="-114.05123"><ele>892.05</ele></trkpt>
            <trkpt lat="47.6947866" lon="-114.051095"><ele>891.84</ele></trkpt>
            <trkpt lat="47.6951633" lon="-114.05098"><ele>891.97</ele></trkpt>
            <trkpt lat="47.6956503" lon="-114.0508401"><ele>892.56</ele></trkpt>
            <trkpt lat="47.6961293" lon="-114.0507304"><ele>893.42</ele></trkpt>
            <trkpt lat="47.6966408" lon="-114.0506605"><ele>894.51</ele></trkpt>
            <trkpt lat="47.6979722" lon="-114.0507333"><ele>897.43</ele></trkpt>
            <trkpt lat="47.6984567" lon="-114.05076"><ele>898.25</ele></trkpt>
            <trkpt lat="47.69894" lon="-114.0507933"><ele>898.77</ele></trkpt>
            <trkpt lat="47.6991794" lon="-114.0508194"><ele>898.89</ele></trkpt>
            <trkpt lat="47.6994287" lon="-114.0507904"><ele>898.87</ele></trkpt>
            <trkpt lat="47.6995711" lon="-114.050802"><ele>898.8</ele></trkpt>
            <trkpt lat="47.699994" lon="-114.050838"><ele>898.38</ele></trkpt>
            <trkpt lat="47.700276" lon="-114.050862"><ele>897.96</ele></trkpt>
            <trkpt lat="47.7008405" lon="-114.0509099"><ele>896.88</ele></trkpt>
            <trkpt lat="47.7016399" lon="-114.0509203"><ele>895.22</ele></trkpt>
            <trkpt lat="47.7020416" lon="-114.0510006"><ele>894.54</ele></trkpt>
            <trkpt lat="47.7023896" lon="-114.0511002"><ele>894.18</ele></trkpt>
            <trkpt lat="47.702625" lon="-114.0511925"><ele>894.1</ele></trkpt>
            <trkpt lat="47.7028608" lon="-114.0512853"><ele>894.19</ele></trkpt>
            <trkpt lat="47.7033305" lon="-114.0514651"><ele>894.7</ele></trkpt>
            <trkpt lat="47.7036984" lon="-114.0514997"><ele>895.22</ele></trkpt>
            <trkpt lat="47.7041293" lon="-114.0514701"><ele>895.87</ele></trkpt>
            <trkpt lat="47.7043166" lon="-114.0514267"><ele>896.12</ele></trkpt>
            <trkpt lat="47.7045006" lon="-114.0513596"><ele>896.32</ele></trkpt>
            <trkpt lat="47.7049002" lon="-114.0510997"><ele>896.61</ele></trkpt>
            <trkpt lat="47.7058608" lon="-114.0502394"><ele>897.03</ele></trkpt>
            <trkpt lat="47.706084" lon="-114.050052"><ele>897.21</ele></trkpt>
            <trkpt lat="47.706308" lon="-114.049864"><ele>897.5</ele></trkpt>
            <trkpt lat="47.706644" lon="-114.049582"><ele>898.09</ele></trkpt>
            <trkpt lat="47.7069797" lon="-114.0493007"><ele>898.79</ele></trkpt>
            <trkpt lat="47.707358" lon="-114.049092"><ele>899.53</ele></trkpt>
            <trkpt lat="47.70761" lon="-114.0489533"><ele>899.95</ele></trkpt>
            <trkpt lat="47.707862" lon="-114.0488147"><ele>900.26</ele></trkpt>
            <trkpt lat="47.70824" lon="-114.0486067"><ele>900.54</ele></trkpt>
            <trkpt lat="47.708744" lon="-114.0483294"><ele>900.66</ele></trkpt>
            <trkpt lat="47.7094736" lon="-114.0479457"><ele>900.61</ele></trkpt>
            <trkpt lat="47.7099564" lon="-114.0476943"><ele>900.63</ele></trkpt>
            <trkpt lat="47.7105601" lon="-114.04738"><ele>900.79</ele></trkpt>
            <trkpt lat="47.7117697" lon="-114.0468103"><ele>901.32</ele></trkpt>
            <trkpt lat="47.7125291" lon="-114.0465303"><ele>901.54</ele></trkpt>
            <trkpt lat="47.7139305" lon="-114.0460497"><ele>901.57</ele></trkpt>
            <trkpt lat="47.7145799" lon="-114.045775"><ele>901.38</ele></trkpt>
            <trkpt lat="47.714711" lon="-114.045719"><ele>901.31</ele></trkpt>
            <trkpt lat="47.7158408" lon="-114.0450025"><ele>900.59</ele></trkpt>
            <trkpt lat="47.71618" lon="-114.0447873"><ele>900.5</ele></trkpt>
            <trkpt lat="47.7167454" lon="-114.0444286"><ele>900.63</ele></trkpt>
            <trkpt lat="47.7188939" lon="-114.0430653"><ele>902.46</ele></trkpt>
            <trkpt lat="47.7193462" lon="-114.0427782"><ele>903.12</ele></trkpt>
            <trkpt lat="47.7201377" lon="-114.0422759"><ele>904.58</ele></trkpt>
            <trkpt lat="47.72059" lon="-114.0419889"><ele>905.33</ele></trkpt>
            <trkpt lat="47.7210424" lon="-114.0417018"><ele>905.92</ele></trkpt>
            <trkpt lat="47.7221731" lon="-114.0409842"><ele>907.02</ele></trkpt>
            <trkpt lat="47.7227385" lon="-114.0406254"><ele>907.73</ele></trkpt>
            <trkpt lat="47.7231908" lon="-114.0403383"><ele>908.48</ele></trkpt>
            <trkpt lat="47.7242085" lon="-114.0396924"><ele>910.5</ele></trkpt>
            <trkpt lat="47.7246608" lon="-114.0394053"><ele>911.35</ele></trkpt>
            <trkpt lat="47.7249989" lon="-114.0391905"><ele>911.94</ele></trkpt>
            <trkpt lat="47.72536" lon="-114.0389199"><ele>912.56</ele></trkpt>
            <trkpt lat="47.7259433" lon="-114.0384283"><ele>913.63</ele></trkpt>
            <trkpt lat="47.7262933" lon="-114.0381333"><ele>914.41</ele></trkpt>
            <trkpt lat="47.7266433" lon="-114.0378384"><ele>915.37</ele></trkpt>
            <trkpt lat="47.7275267" lon="-114.0370467"><ele>918.29</ele></trkpt>
            <trkpt lat="47.7282933" lon="-114.0363534"><ele>921.14</ele></trkpt>
            <trkpt lat="47.7285124" lon="-114.0361553"><ele>922.03</ele></trkpt>
            <trkpt lat="47.728841" lon="-114.0358581"><ele>923.46</ele></trkpt>
            <trkpt lat="47.7297183" lon="-114.0351017"><ele>927.26</ele></trkpt>
            <trkpt lat="47.73009" lon="-114.034774"><ele>928.6</ele></trkpt>
            <trkpt lat="47.7304504" lon="-114.0344492"><ele>929.55</ele></trkpt>
            <trkpt lat="47.730879" lon="-114.0339345"><ele>930.3</ele></trkpt>
            <trkpt lat="47.73118" lon="-114.0334595"><ele>930.51</ele></trkpt>
            <trkpt lat="47.731405" lon="-114.03295"><ele>930.42</ele></trkpt>
            <trkpt lat="47.731555" lon="-114.0326101"><ele>930.23</ele></trkpt>
            <trkpt lat="47.73193" lon="-114.0316511"><ele>929.52</ele></trkpt>
            <trkpt lat="47.73205" lon="-114.0313356"><ele>929.41</ele></trkpt>
            <trkpt lat="47.73217" lon="-114.03102"><ele>929.46</ele></trkpt>
            <trkpt lat="47.73229" lon="-114.0307045"><ele>929.68</ele></trkpt>
            <trkpt lat="47.73247" lon="-114.0302311"><ele>930.26</ele></trkpt>
            <trkpt lat="47.732709" lon="-114.0296028"><ele>931.27</ele></trkpt>
            <trkpt lat="47.73289" lon="-114.0292402"><ele>931.9</ele></trkpt>
            <trkpt lat="47.7330916" lon="-114.0288881"><ele>932.48</ele></trkpt>
            <trkpt lat="47.7333698" lon="-114.0285308"><ele>933.02</ele></trkpt>
            <trkpt lat="47.733583" lon="-114.0283237"><ele>933.28</ele></trkpt>
            <trkpt lat="47.7336971" lon="-114.0282156"><ele>933.38</ele></trkpt>
            <trkpt lat="47.7340311" lon="-114.0279944"><ele>933.54</ele></trkpt>
            <trkpt lat="47.7343393" lon="-114.0278707"><ele>933.62</ele></trkpt>
            <trkpt lat="47.7346982" lon="-114.0277706"><ele>933.69</ele></trkpt>
            <trkpt lat="47.7351084" lon="-114.027725"><ele>933.83</ele></trkpt>
            <trkpt lat="47.7357025" lon="-114.0277"><ele>934.23</ele></trkpt>
            <trkpt lat="47.736204" lon="-114.027686"><ele>934.77</ele></trkpt>
            <trkpt lat="47.7369807" lon="-114.0276903"><ele>935.78</ele></trkpt>
            <trkpt lat="47.7375796" lon="-114.0277703"><ele>936.37</ele></trkpt>
            <trkpt lat="47.7379443" lon="-114.0278686"><ele>936.45</ele></trkpt>
            <trkpt lat="47.73843" lon="-114.028"><ele>936.06</ele></trkpt>
            <trkpt lat="47.7389157" lon="-114.0281314"><ele>935.13</ele></trkpt>
            <trkpt lat="47.7392788" lon="-114.0282296"><ele>934.06</ele></trkpt>
            <trkpt lat="47.739685" lon="-114.02831"><ele>932.49</ele></trkpt>
            <trkpt lat="47.7400902" lon="-114.0283898"><ele>930.64</ele></trkpt>
            <trkpt lat="47.7404921" lon="-114.0283995"><ele>928.67</ele></trkpt>
            <trkpt lat="47.7409471" lon="-114.0283502"><ele>926.38</ele></trkpt>
            <trkpt lat="47.7413817" lon="-114.0282192"><ele>924.2</ele></trkpt>
            <trkpt lat="47.7430323" lon="-114.0275106"><ele>916.19</ele></trkpt>
            <trkpt lat="47.7435801" lon="-114.0273199"><ele>913.72</ele></trkpt>
            <trkpt lat="47.7442667" lon="-114.02702"><ele>910.75</ele></trkpt>
            <trkpt lat="47.7451747" lon="-114.0266233"><ele>907.14</ele></trkpt>
            <trkpt lat="47.7454072" lon="-114.0265217"><ele>906.35</ele></trkpt>
            <trkpt lat="47.7456388" lon="-114.0264154"><ele>905.72</ele></trkpt>
            <trkpt lat="47.7459976" lon="-114.0261391"><ele>904.95</ele></trkpt>
            <trkpt lat="47.74662" lon="-114.0256499"><ele>904.13</ele></trkpt>
            <trkpt lat="47.7471" lon="-114.025235"><ele>903.87</ele></trkpt>
            <trkpt lat="47.74746" lon="-114.0249238"><ele>903.95</ele></trkpt>
            <trkpt lat="47.7477933" lon="-114.02461"><ele>904.27</ele></trkpt>
            <trkpt lat="47.748219" lon="-114.0241908"><ele>904.99</ele></trkpt>
            <trkpt lat="47.750004" lon="-114.022078"><ele>909.25</ele></trkpt>
            <trkpt lat="47.7504517" lon="-114.0215488"><ele>910.18</ele></trkpt>
            <trkpt lat="47.7508692" lon="-114.0211911"><ele>910.76</ele></trkpt>
            <trkpt lat="47.7509902" lon="-114.021115"><ele>910.86</ele></trkpt>
            <trkpt lat="47.7511103" lon="-114.0210403"><ele>910.92</ele></trkpt>
            <trkpt lat="47.7513607" lon="-114.0209303"><ele>910.89</ele></trkpt>
            <trkpt lat="47.7517336" lon="-114.020858"><ele>910.61</ele></trkpt>
            <trkpt lat="47.7519465" lon="-114.0207987"><ele>910.32</ele></trkpt>
            <trkpt lat="47.752295" lon="-114.020735"><ele>909.64</ele></trkpt>
            <trkpt lat="47.7527579" lon="-114.0206502"><ele>908.54</ele></trkpt>
            <trkpt lat="47.753296" lon="-114.020482"><ele>907.19</ele></trkpt>
            <trkpt lat="47.7535575" lon="-114.020385"><ele>906.63</ele></trkpt>
            <trkpt lat="47.7539404" lon="-114.0202197"><ele>906</ele></trkpt>
            <trkpt lat="47.754305" lon="-114.020045"><ele>905.67</ele></trkpt>
            <trkpt lat="47.7547917" lon="-114.0198117"><ele>905.63</ele></trkpt>
            <trkpt lat="47.7553989" lon="-114.0195206"><ele>906.07</ele></trkpt>
            <trkpt lat="47.7559519" lon="-114.01928"><ele>906.85</ele></trkpt>
            <trkpt lat="47.75681" lon="-114.0188886"><ele>908.63</ele></trkpt>
            <trkpt lat="47.75777" lon="-114.0184467"><ele>911.25</ele></trkpt>
            <trkpt lat="47.75849" lon="-114.0181153"><ele>913.76</ele></trkpt>
            <trkpt lat="47.7589571" lon="-114.0178671"><ele>915.81</ele></trkpt>
            <trkpt lat="47.7594193" lon="-114.0176102"><ele>918.25</ele></trkpt>
            <trkpt lat="47.759895" lon="-114.0173"><ele>921.18</ele></trkpt>
            <trkpt lat="47.7602512" lon="-114.0170675"><ele>923.59</ele></trkpt>
            <trkpt lat="47.7614592" lon="-114.0162604"><ele>932.23</ele></trkpt>
            <trkpt lat="47.761912" lon="-114.01592"><ele>935.29</ele></trkpt>
            <trkpt lat="47.762364" lon="-114.01558"><ele>937.99</ele></trkpt>
            <trkpt lat="47.7625883" lon="-114.0154113"><ele>939.12</ele></trkpt>
            <trkpt lat="47.7628613" lon="-114.0152787"><ele>940.18</ele></trkpt>
            <trkpt lat="47.7630324" lon="-114.0152409"><ele>940.68</ele></trkpt>
            <trkpt lat="47.7633916" lon="-114.0152402"><ele>941.46</ele></trkpt>
            <trkpt lat="47.7640433" lon="-114.01532"><ele>942.36</ele></trkpt>
            <trkpt lat="47.7655569" lon="-114.0155463"><ele>943.58</ele></trkpt>
            <trkpt lat="47.7664029" lon="-114.0156743"><ele>944.26</ele></trkpt>
            <trkpt lat="47.7688195" lon="-114.0160397"><ele>946.5</ele></trkpt>
            <trkpt lat="47.7697002" lon="-114.0161"><ele>947.1</ele></trkpt>
            <trkpt lat="47.7703186" lon="-114.0161298"><ele>947.27</ele></trkpt>
            <trkpt lat="47.7710199" lon="-114.0160798"><ele>947.1</ele></trkpt>
            <trkpt lat="47.77116" lon="-114.016045"><ele>947</ele></trkpt>
            <trkpt lat="47.7713011" lon="-114.0160092"><ele>946.84</ele></trkpt>
            <trkpt lat="47.77166" lon="-114.015828"><ele>946.23</ele></trkpt>
            <trkpt lat="47.77226" lon="-114.0155247"><ele>944.8</ele></trkpt>
            <trkpt lat="47.77274" lon="-114.015282"><ele>943.36</ele></trkpt>
            <trkpt lat="47.7731124" lon="-114.0150968"><ele>942.04</ele></trkpt>
            <trkpt lat="47.7734125" lon="-114.0150195"><ele>940.9</ele></trkpt>
            <trkpt lat="47.7736915" lon="-114.0150104"><ele>939.77</ele></trkpt>
            <trkpt lat="47.774906" lon="-114.015088"><ele>934.57</ele></trkpt>
            <trkpt lat="47.7757106" lon="-114.0151401"><ele>931.18</ele></trkpt>
            <trkpt lat="47.7769797" lon="-114.01528"><ele>926.03</ele></trkpt>
            <trkpt lat="47.77763" lon="-114.01538"><ele>923.55</ele></trkpt>
            <trkpt lat="47.7785307" lon="-114.0155203"><ele>920.42</ele></trkpt>
            <trkpt lat="47.7793783" lon="-114.0157195"><ele>917.81</ele></trkpt>
            <trkpt lat="47.7798131" lon="-114.0157699"><ele>916.63</ele></trkpt>
            <trkpt lat="47.7801471" lon="-114.0157698"><ele>915.81</ele></trkpt>
            <trkpt lat="47.7809901" lon="-114.0156397"><ele>913.88</ele></trkpt>
            <trkpt lat="47.7817908" lon="-114.0153196"><ele>912.01</ele></trkpt>
            <trkpt lat="47.7827694" lon="-114.0148705"><ele>909.7</ele></trkpt>
            <trkpt lat="47.7831709" lon="-114.0147401"><ele>908.78</ele></trkpt>
            <trkpt lat="47.7838004" lon="-114.0146503"><ele>907.41</ele></trkpt>
            <trkpt lat="47.7857476" lon="-114.0146003"><ele>903.34</ele></trkpt>
            <trkpt lat="47.7862904" lon="-114.0147004"><ele>902.27</ele></trkpt>
            <trkpt lat="47.7868025" lon="-114.0148818"><ele>901.35</ele></trkpt>
            <trkpt lat="47.7871094" lon="-114.0150505"><ele>900.91</ele></trkpt>
            <trkpt lat="47.7874098" lon="-114.01528"><ele>900.61</ele></trkpt>
            <trkpt lat="47.7877088" lon="-114.0155197"><ele>900.5</ele></trkpt>
            <trkpt lat="47.7880057" lon="-114.0158371"><ele>900.56</ele></trkpt>
            <trkpt lat="47.7883991" lon="-114.0162585"><ele>900.81</ele></trkpt>
            <trkpt lat="47.7887593" lon="-114.0165294"><ele>901.03</ele></trkpt>
            <trkpt lat="47.7892896" lon="-114.0167995"><ele>901.2</ele></trkpt>
            <trkpt lat="47.7897005" lon="-114.0168899"><ele>901.07</ele></trkpt>
            <trkpt lat="47.7903604" lon="-114.0169399"><ele>900.35</ele></trkpt>
            <trkpt lat="47.790744" lon="-114.01694"><ele>899.6</ele></trkpt>
            <trkpt lat="47.7910009" lon="-114.0169394"><ele>898.9</ele></trkpt>
            <trkpt lat="47.7914479" lon="-114.0168477"><ele>897.34</ele></trkpt>
            <trkpt lat="47.792418" lon="-114.016384"><ele>893.33</ele></trkpt>
            <trkpt lat="47.7927801" lon="-114.0162208"><ele>891.97</ele></trkpt>
            <trkpt lat="47.7933" lon="-114.0160242"><ele>890.34</ele></trkpt>
            <trkpt lat="47.79382" lon="-114.0158275"><ele>889.12</ele></trkpt>
            <trkpt lat="47.7943349" lon="-114.01564"><ele>888.34</ele></trkpt>
            <trkpt lat="47.7947087" lon="-114.0155504"><ele>888.04</ele></trkpt>
            <trkpt lat="47.7958502" lon="-114.0154597"><ele>887.79</ele></trkpt>
            <trkpt lat="47.7961204" lon="-114.01537"><ele>887.76</ele></trkpt>
            <trkpt lat="47.7969088" lon="-114.0151903"><ele>887.72</ele></trkpt>
            <trkpt lat="47.7972325" lon="-114.0151402"><ele>887.69</ele></trkpt>
            <trkpt lat="47.7983389" lon="-114.01523"><ele>887.53</ele></trkpt>
            <trkpt lat="47.7986318" lon="-114.015321"><ele>887.49</ele></trkpt>
            <trkpt lat="47.7993293" lon="-114.0156498"><ele>887.42</ele></trkpt>
            <trkpt lat="47.7999356" lon="-114.0159833"><ele>887.45</ele></trkpt>
            <trkpt lat="47.801552" lon="-114.0168593"><ele>887.77</ele></trkpt>
            <trkpt lat="47.8018786" lon="-114.0169396"><ele>887.84</ele></trkpt>
            <trkpt lat="47.8021803" lon="-114.0169799"><ele>887.9</ele></trkpt>
            <trkpt lat="47.8026103" lon="-114.0169798"><ele>887.98</ele></trkpt>
            <trkpt lat="47.8030202" lon="-114.0169002"><ele>888.05</ele></trkpt>
            <trkpt lat="47.8038315" lon="-114.0168606"><ele>888.17</ele></trkpt>
            <trkpt lat="47.8043086" lon="-114.0169401"><ele>888.19</ele></trkpt>
            <trkpt lat="47.8056007" lon="-114.0174301"><ele>888.15</ele></trkpt>
            <trkpt lat="47.8063405" lon="-114.0176496"><ele>888.1</ele></trkpt>
            <trkpt lat="47.8070683" lon="-114.0177399"><ele>888.07</ele></trkpt>
            <trkpt lat="47.8081909" lon="-114.0179705"><ele>888.11</ele></trkpt>
            <trkpt lat="47.809189" lon="-114.0183197"><ele>888.22</ele></trkpt>
            <trkpt lat="47.8096" lon="-114.0185001"><ele>888.28</ele></trkpt>
            <trkpt lat="47.8105197" lon="-114.0190499"><ele>888.41</ele></trkpt>
            <trkpt lat="47.8109119" lon="-114.0193517"><ele>888.45</ele></trkpt>
            <trkpt lat="47.8112195" lon="-114.0196196"><ele>888.46</ele></trkpt>
            <trkpt lat="47.812492" lon="-114.0207806"><ele>888.41</ele></trkpt>
            <trkpt lat="47.8129309" lon="-114.0210456"><ele>888.4</ele></trkpt>
            <trkpt lat="47.8135188" lon="-114.0212294"><ele>888.4</ele></trkpt>
            <trkpt lat="47.8152602" lon="-114.0215904"><ele>888.42</ele></trkpt>
            <trkpt lat="47.8156182" lon="-114.0217195"><ele>888.43</ele></trkpt>
            <trkpt lat="47.8160404" lon="-114.0219503"><ele>888.43</ele></trkpt>
            <trkpt lat="47.8170714" lon="-114.0225907"><ele>888.46</ele></trkpt>
            <trkpt lat="47.8175295" lon="-114.0228494"><ele>888.47</ele></trkpt>
            <trkpt lat="47.81877" lon="-114.0233233"><ele>888.54</ele></trkpt>
            <trkpt lat="47.8193903" lon="-114.0235604"><ele>888.67</ele></trkpt>
            <trkpt lat="47.8201004" lon="-114.02392"><ele>888.91</ele></trkpt>
            <trkpt lat="47.8207999" lon="-114.0242294"><ele>889.2</ele></trkpt>
            <trkpt lat="47.8214105" lon="-114.0243695"><ele>889.43</ele></trkpt>
            <trkpt lat="47.8216484" lon="-114.0243798"><ele>889.5</ele></trkpt>
            <trkpt lat="47.822874" lon="-114.024326"><ele>889.76</ele></trkpt>
            <trkpt lat="47.8236897" lon="-114.0242902"><ele>889.77</ele></trkpt>
            <trkpt lat="47.8242526" lon="-114.0243709"><ele>889.68</ele></trkpt>
            <trkpt lat="47.824697" lon="-114.0244992"><ele>889.55</ele></trkpt>
            <trkpt lat="47.8251327" lon="-114.0246819"><ele>889.42</ele></trkpt>
            <trkpt lat="47.8259309" lon="-114.0252055"><ele>889.31</ele></trkpt>
            <trkpt lat="47.8261112" lon="-114.0253797"><ele>889.38</ele></trkpt>
            <trkpt lat="47.8264691" lon="-114.0257594"><ele>889.74</ele></trkpt>
            <trkpt lat="47.826666" lon="-114.026004"><ele>890.12</ele></trkpt>
            <trkpt lat="47.8269596" lon="-114.0263699"><ele>890.95</ele></trkpt>
            <trkpt lat="47.8271401" lon="-114.0266568"><ele>891.71</ele></trkpt>
            <trkpt lat="47.8272293" lon="-114.026799"><ele>892.17</ele></trkpt>
            <trkpt lat="47.82741" lon="-114.0271466"><ele>893.35</ele></trkpt>
            <trkpt lat="47.82766" lon="-114.02766"><ele>895.34</ele></trkpt>
            <trkpt lat="47.82798" lon="-114.02834"><ele>898.24</ele></trkpt>
            <trkpt lat="47.8286825" lon="-114.0298817"><ele>905.07</ele></trkpt>
            <trkpt lat="47.828915" lon="-114.0303967"><ele>907.13</ele></trkpt>
            <trkpt lat="47.8291525" lon="-114.0309113"><ele>908.89</ele></trkpt>
            <trkpt lat="47.8294" lon="-114.031425"><ele>910.29</ele></trkpt>
            <trkpt lat="47.8296475" lon="-114.0319388"><ele>911.27</ele></trkpt>
            <trkpt lat="47.8297298" lon="-114.0321095"><ele>911.48</ele></trkpt>
            <trkpt lat="47.8299279" lon="-114.0324431"><ele>911.69</ele></trkpt>
            <trkpt lat="47.8301471" lon="-114.0327447"><ele>911.65</ele></trkpt>
            <trkpt lat="47.830406" lon="-114.0330324"><ele>911.34</ele></trkpt>
            <trkpt lat="47.8307647" lon="-114.0333363"><ele>910.69</ele></trkpt>
            <trkpt lat="47.8311526" lon="-114.0335661"><ele>909.87</ele></trkpt>
            <trkpt lat="47.8314155" lon="-114.0336714"><ele>909.3</ele></trkpt>
            <trkpt lat="47.8319411" lon="-114.0337978"><ele>908.17</ele></trkpt>
            <trkpt lat="47.8324633" lon="-114.0339133"><ele>907.16</ele></trkpt>
            <trkpt lat="47.8329856" lon="-114.0340289"><ele>906.31</ele></trkpt>
            <trkpt lat="47.8340296" lon="-114.03426"><ele>904.93</ele></trkpt>
            <trkpt lat="47.8348413" lon="-114.0344909"><ele>904.07</ele></trkpt>
            <trkpt lat="47.8351883" lon="-114.0346594"><ele>903.78</ele></trkpt>
            <trkpt lat="47.8354506" lon="-114.0348406"><ele>903.61</ele></trkpt>
            <trkpt lat="47.8357997" lon="-114.0351201"><ele>903.47</ele></trkpt>
            <trkpt lat="47.8361313" lon="-114.0354725"><ele>903.44</ele></trkpt>
            <trkpt lat="47.8365425" lon="-114.0360825"><ele>903.58</ele></trkpt>
            <trkpt lat="47.8368792" lon="-114.0365884"><ele>903.86</ele></trkpt>
            <trkpt lat="47.837325" lon="-114.03728"><ele>904.44</ele></trkpt>
            <trkpt lat="47.8378602" lon="-114.03811"><ele>905.33</ele></trkpt>
            <trkpt lat="47.8381473" lon="-114.0384871"><ele>905.8</ele></trkpt>
            <trkpt lat="47.8384389" lon="-114.0387962"><ele>906.22</ele></trkpt>
            <trkpt lat="47.8388383" lon="-114.0391234"><ele>906.69</ele></trkpt>
            <trkpt lat="47.8392712" lon="-114.0393752"><ele>907.04</ele></trkpt>
            <trkpt lat="47.8397183" lon="-114.0395391"><ele>907.2</ele></trkpt>
            <trkpt lat="47.8401102" lon="-114.0395899"><ele>907.12</ele></trkpt>
            <trkpt lat="47.840623" lon="-114.0396205"><ele>906.7</ele></trkpt>
            <trkpt lat="47.841136" lon="-114.0396509"><ele>905.96</ele></trkpt>
            <trkpt lat="47.841649" lon="-114.0396814"><ele>904.97</ele></trkpt>
            <trkpt lat="47.8429316" lon="-114.0397576"><ele>902.16</ele></trkpt>
            <trkpt lat="47.8433163" lon="-114.0397805"><ele>901.51</ele></trkpt>
            <trkpt lat="47.8437011" lon="-114.0398033"><ele>901.09</ele></trkpt>
            <trkpt lat="47.8443424" lon="-114.0398414"><ele>900.83</ele></trkpt>
            <trkpt lat="47.8474205" lon="-114.0400243"><ele>901.39</ele></trkpt>
            <trkpt lat="47.8481908" lon="-114.0400698"><ele>901.31</ele></trkpt>
            <trkpt lat="47.8489197" lon="-114.0400498"><ele>900.96</ele></trkpt>
            <trkpt lat="47.8494156" lon="-114.0399967"><ele>900.57</ele></trkpt>
            <trkpt lat="47.8505306" lon="-114.0398767"><ele>899.54</ele></trkpt>
            <trkpt lat="47.8511511" lon="-114.0398096"><ele>899.21</ele></trkpt>
            <trkpt lat="47.8516092" lon="-114.0397203"><ele>899.2</ele></trkpt>
            <trkpt lat="47.8519743" lon="-114.0396629"><ele>899.4</ele></trkpt>
            <trkpt lat="47.8535529" lon="-114.0394152"><ele>901.1</ele></trkpt>
            <trkpt lat="47.8541595" lon="-114.03932"><ele>902.11</ele></trkpt>
            <trkpt lat="47.854535" lon="-114.039248"><ele>902.96</ele></trkpt>
            <trkpt lat="47.85491" lon="-114.039176"><ele>904.02</ele></trkpt>
            <trkpt lat="47.8561354" lon="-114.0389577"><ele>908.03</ele></trkpt>
            <trkpt lat="47.8563226" lon="-114.0388821"><ele>908.64</ele></trkpt>
            <trkpt lat="47.8565055" lon="-114.0387821"><ele>909.23</ele></trkpt>
            <trkpt lat="47.8567399" lon="-114.0385998"><ele>909.97</ele></trkpt>
            <trkpt lat="47.8570696" lon="-114.0382903"><ele>910.98</ele></trkpt>
            <trkpt lat="47.8575199" lon="-114.0378403"><ele>912.27</ele></trkpt>
            <trkpt lat="47.8581994" lon="-114.037271"><ele>914.1</ele></trkpt>
            <trkpt lat="47.8588001" lon="-114.0369283"><ele>915.74</ele></trkpt>
            <trkpt lat="47.8591787" lon="-114.036692"><ele>916.93</ele></trkpt>
            <trkpt lat="47.8595667" lon="-114.03644"><ele>918.28</ele></trkpt>
            <trkpt lat="47.8603427" lon="-114.035936"><ele>921.05</ele></trkpt>
            <trkpt lat="47.8607307" lon="-114.035684"><ele>922.21</ele></trkpt>
            <trkpt lat="47.8611067" lon="-114.0354267"><ele>923.04</ele></trkpt>
            <trkpt lat="47.8612299" lon="-114.0353398"><ele>923.22</ele></trkpt>
            <trkpt lat="47.8613449" lon="-114.0352301"><ele>923.33</ele></trkpt>
            <trkpt lat="47.8614636" lon="-114.0351155"><ele>923.38</ele></trkpt>
            <trkpt lat="47.8616263" lon="-114.0349199"><ele>923.33</ele></trkpt>
            <trkpt lat="47.8617563" lon="-114.034728"><ele>923.18</ele></trkpt>
            <trkpt lat="47.8618413" lon="-114.0345652"><ele>923.03</ele></trkpt>
            <trkpt lat="47.861974" lon="-114.0342344"><ele>922.67</ele></trkpt>
            <trkpt lat="47.862325" lon="-114.03319"><ele>921.41</ele></trkpt>
            <trkpt lat="47.8624975" lon="-114.032675"><ele>920.9</ele></trkpt>
            <trkpt lat="47.8626709" lon="-114.0321586"><ele>920.57</ele></trkpt>
            <trkpt lat="47.8629306" lon="-114.0315694"><ele>920.38</ele></trkpt>
            <trkpt lat="47.8632922" lon="-114.030863"><ele>920.37</ele></trkpt>
            <trkpt lat="47.8637191" lon="-114.0302719"><ele>920.41</ele></trkpt>
            <trkpt lat="47.8640981" lon="-114.0298423"><ele>920.35</ele></trkpt>
            <trkpt lat="47.86462" lon="-114.0293667"><ele>920.09</ele></trkpt>
            <trkpt lat="47.8648811" lon="-114.0291292"><ele>919.86</ele></trkpt>
            <trkpt lat="47.8651106" lon="-114.0289491"><ele>919.6</ele></trkpt>
            <trkpt lat="47.8658289" lon="-114.0282613"><ele>918.57</ele></trkpt>
            <trkpt lat="47.8661997" lon="-114.0280004"><ele>918.03</ele></trkpt>
            <trkpt lat="47.8667505" lon="-114.02773"><ele>917.2</ele></trkpt>
            <trkpt lat="47.8670201" lon="-114.0276501"><ele>916.75</ele></trkpt>
            <trkpt lat="47.8672901" lon="-114.0276002"><ele>916.22</ele></trkpt>
            <trkpt lat="47.86783" lon="-114.02758"><ele>915.01</ele></trkpt>
            <trkpt lat="47.8686408" lon="-114.0275498"><ele>912.94</ele></trkpt>
            <trkpt lat="47.8695425" lon="-114.0274225"><ele>910.36</ele></trkpt>
            <trkpt lat="47.871416" lon="-114.0271093"><ele>904.63</ele></trkpt>
            <trkpt lat="47.8722079" lon="-114.0269813"><ele>902.37</ele></trkpt>
            <trkpt lat="47.87258" lon="-114.0269467"><ele>901.46</ele></trkpt>
            <trkpt lat="47.873058" lon="-114.0269202"><ele>900.53</ele></trkpt>
            <trkpt lat="47.873486" lon="-114.026944"><ele>899.97</ele></trkpt>
            <trkpt lat="47.8737699" lon="-114.0269601"><ele>899.8</ele></trkpt>
            <trkpt lat="47.8743404" lon="-114.0270503"><ele>899.83</ele></trkpt>
            <trkpt lat="47.8754594" lon="-114.02745"><ele>900.55</ele></trkpt>
            <trkpt lat="47.8759403" lon="-114.0276805"><ele>900.93</ele></trkpt>
            <trkpt lat="47.8767294" lon="-114.0281799"><ele>901.6</ele></trkpt>
            <trkpt lat="47.8770692" lon="-114.0284392"><ele>901.93</ele></trkpt>
            <trkpt lat="47.8778496" lon="-114.0288897"><ele>902.73</ele></trkpt>
            <trkpt lat="47.8782835" lon="-114.0290607"><ele>903.22</ele></trkpt>
            <trkpt lat="47.8787716" lon="-114.0291597"><ele>903.84</ele></trkpt>
            <trkpt lat="47.8793696" lon="-114.0291599"><ele>904.78</ele></trkpt>
            <trkpt lat="47.8798633" lon="-114.0291429"><ele>905.8</ele></trkpt>
            <trkpt lat="47.8802333" lon="-114.02913"><ele>906.83</ele></trkpt>
            <trkpt lat="47.8807267" lon="-114.0291129"><ele>908.57</ele></trkpt>
            <trkpt lat="47.8810967" lon="-114.0291"><ele>910.18</ele></trkpt>
            <trkpt lat="47.8813433" lon="-114.0290914"><ele>911.43</ele></trkpt>
            <trkpt lat="47.8817133" lon="-114.0290786"><ele>913.54</ele></trkpt>
            <trkpt lat="47.8828375" lon="-114.02905"><ele>920.42</ele></trkpt>
            <trkpt lat="47.8832136" lon="-114.0290414"><ele>922.6</ele></trkpt>
            <trkpt lat="47.8835896" lon="-114.0290329"><ele>924.56</ele></trkpt>
            <trkpt lat="47.8839657" lon="-114.0290243"><ele>926.24</ele></trkpt>
            <trkpt lat="47.8843418" lon="-114.0290157"><ele>927.61</ele></trkpt>
            <trkpt lat="47.8847179" lon="-114.0290071"><ele>928.66</ele></trkpt>
            <trkpt lat="47.8850939" lon="-114.0289986"><ele>929.39</ele></trkpt>
            <trkpt lat="47.8856087" lon="-114.0289897"><ele>929.97</ele></trkpt>
            <trkpt lat="47.8864403" lon="-114.0289881"><ele>930.28</ele></trkpt>
            <trkpt lat="47.8872719" lon="-114.0289864"><ele>930.03</ele></trkpt>
            <trkpt lat="47.8878264" lon="-114.0289853"><ele>929.59</ele></trkpt>
            <trkpt lat="47.8890739" lon="-114.0289828"><ele>928.25</ele></trkpt>
            <trkpt lat="47.8894897" lon="-114.0289819"><ele>927.99</ele></trkpt>
            <trkpt lat="47.8897669" lon="-114.0289814"><ele>927.97</ele></trkpt>
            <trkpt lat="47.8903213" lon="-114.0289803"><ele>928.25</ele></trkpt>
            <trkpt lat="47.891452" lon="-114.02898"><ele>929.33</ele></trkpt>
            <trkpt lat="47.891824" lon="-114.02898"><ele>929.6</ele></trkpt>
            <trkpt lat="47.892196" lon="-114.02898"><ele>929.71</ele></trkpt>
            <trkpt lat="47.892568" lon="-114.02898"><ele>929.61</ele></trkpt>
            <trkpt lat="47.893188" lon="-114.02898"><ele>929.1</ele></trkpt>
            <trkpt lat="47.8944587" lon="-114.028976"><ele>927.64</ele></trkpt>
            <trkpt lat="47.895016" lon="-114.028968"><ele>927.25</ele></trkpt>
            <trkpt lat="47.8955733" lon="-114.02896"><ele>927.17</ele></trkpt>
            <trkpt lat="47.8969483" lon="-114.0289567"><ele>927.63</ele></trkpt>
            <trkpt lat="47.8984407" lon="-114.0289713"><ele>928.08</ele></trkpt>
            <trkpt lat="47.9003405" lon="-114.02899"><ele>928.28</ele></trkpt>
            <trkpt lat="47.9022892" lon="-114.02898"><ele>928.28</ele></trkpt>
            <trkpt lat="47.9041224" lon="-114.0289831"><ele>927.63</ele></trkpt>
            <trkpt lat="47.9046862" lon="-114.028984"><ele>927.05</ele></trkpt>
            <trkpt lat="47.90525" lon="-114.028985"><ele>926.08</ele></trkpt>
            <trkpt lat="47.9058138" lon="-114.028986"><ele>924.77</ele></trkpt>
            <trkpt lat="47.9070824" lon="-114.0289881"><ele>921.41</ele></trkpt>
            <trkpt lat="47.9075052" lon="-114.0289888"><ele>920.46</ele></trkpt>
            <trkpt lat="47.9077871" lon="-114.0289893"><ele>919.99</ele></trkpt>
            <trkpt lat="47.9082101" lon="-114.02899"><ele>919.54</ele></trkpt>
            <trkpt lat="47.9086275" lon="-114.0289875"><ele>919.4</ele></trkpt>
            <trkpt lat="47.909045" lon="-114.028985"><ele>919.55</ele></trkpt>
            <trkpt lat="47.9094625" lon="-114.0289825"><ele>919.99</ele></trkpt>
            <trkpt lat="47.910125" lon="-114.0289867"><ele>921.16</ele></trkpt>
            <trkpt lat="47.9107375" lon="-114.0290033"><ele>922.64</ele></trkpt>
            <trkpt lat="47.9113487" lon="-114.0290199"><ele>924.44</ele></trkpt>
            <trkpt lat="47.9132493" lon="-114.029006"><ele>930.73</ele></trkpt>
            <trkpt lat="47.914199" lon="-114.028999"><ele>933.78</ele></trkpt>
            <trkpt lat="47.9154202" lon="-114.02899"><ele>937.46</ele></trkpt>
            <trkpt lat="47.9170133" lon="-114.02901"><ele>942.19</ele></trkpt>
            <trkpt lat="47.9178104" lon="-114.02902"><ele>944.85</ele></trkpt>
            <trkpt lat="47.9183233" lon="-114.0290283"><ele>946.83</ele></trkpt>
            <trkpt lat="47.9188367" lon="-114.0290367"><ele>949.08</ele></trkpt>
            <trkpt lat="47.9202483" lon="-114.0290596"><ele>955.77</ele></trkpt>
            <trkpt lat="47.9207617" lon="-114.0290679"><ele>958.08</ele></trkpt>
            <trkpt lat="47.921414" lon="-114.0290633"><ele>960.74</ele></trkpt>
            <trkpt lat="47.922069" lon="-114.029055"><ele>963.09</ele></trkpt>
            <trkpt lat="47.923248" lon="-114.02904"><ele>966.7</ele></trkpt>
            <trkpt lat="47.924165" lon="-114.0290283"><ele>969</ele></trkpt>
            <trkpt lat="47.92482" lon="-114.0290201"><ele>970.22</ele></trkpt>
            <trkpt lat="47.925475" lon="-114.02904"><ele>970.95</ele></trkpt>
            <trkpt lat="47.926275" lon="-114.029055"><ele>971.25</ele></trkpt>
            <trkpt lat="47.9267116" lon="-114.0290401"><ele>971.1</ele></trkpt>
            <trkpt lat="47.927455" lon="-114.029055"><ele>970.31</ele></trkpt>
            <trkpt lat="47.9280758" lon="-114.0290675"><ele>969.13</ele></trkpt>
            <trkpt lat="47.9284482" lon="-114.0290714"><ele>968.05</ele></trkpt>
            <trkpt lat="47.9286964" lon="-114.0290729"><ele>967.09</ele></trkpt>
            <trkpt lat="47.9291929" lon="-114.0290757"><ele>964.7</ele></trkpt>
            <trkpt lat="47.9296893" lon="-114.0290786"><ele>961.83</ele></trkpt>
            <trkpt lat="47.9301857" lon="-114.0290814"><ele>958.61</ele></trkpt>
            <trkpt lat="47.931675" lon="-114.02909"><ele>948.26</ele></trkpt>
            <trkpt lat="47.9322955" lon="-114.0290936"><ele>944.34</ele></trkpt>
            <trkpt lat="47.9326679" lon="-114.0290957"><ele>942.37</ele></trkpt>
            <trkpt lat="47.9329161" lon="-114.0290971"><ele>941.33</ele></trkpt>
            <trkpt lat="47.9332884" lon="-114.0290993"><ele>940.23</ele></trkpt>
            <trkpt lat="47.9335366" lon="-114.0291007"><ele>939.8</ele></trkpt>
            <trkpt lat="47.9339089" lon="-114.0291029"><ele>939.62</ele></trkpt>
            <trkpt lat="47.9344054" lon="-114.0291057"><ele>939.95</ele></trkpt>
            <trkpt lat="47.9349018" lon="-114.0291086"><ele>940.74</ele></trkpt>
            <trkpt lat="47.93616" lon="-114.0291057"><ele>943.54</ele></trkpt>
            <trkpt lat="47.936665" lon="-114.0291036"><ele>944.59</ele></trkpt>
            <trkpt lat="47.93717" lon="-114.0291014"><ele>945.51</ele></trkpt>
            <trkpt lat="47.93818" lon="-114.0290971"><ele>947.12</ele></trkpt>
            <trkpt lat="47.9385588" lon="-114.0290955"><ele>947.77</ele></trkpt>
            <trkpt lat="47.9390638" lon="-114.0290934"><ele>948.72</ele></trkpt>
            <trkpt lat="47.9400738" lon="-114.0290891"><ele>950.69</ele></trkpt>
            <trkpt lat="47.9404525" lon="-114.0290875"><ele>951.27</ele></trkpt>
            <trkpt lat="47.940705" lon="-114.0290864"><ele>951.52</ele></trkpt>
            <trkpt lat="47.9410838" lon="-114.0290848"><ele>951.67</ele></trkpt>
            <trkpt lat="47.9414625" lon="-114.0290832"><ele>951.6</ele></trkpt>
            <trkpt lat="47.9422198" lon="-114.0290801"><ele>951.08</ele></trkpt>
            <trkpt lat="47.9434998" lon="-114.0291501"><ele>949.87</ele></trkpt>
            <trkpt lat="47.9445405" lon="-114.0292502"><ele>948.94</ele></trkpt>
            <trkpt lat="47.9454088" lon="-114.0293799"><ele>948.36</ele></trkpt>
            <trkpt lat="47.945962" lon="-114.029492"><ele>948.06</ele></trkpt>
            <trkpt lat="47.9467749" lon="-114.029682"><ele>947.53</ele></trkpt>
            <trkpt lat="47.94715" lon="-114.029778"><ele>947.05</ele></trkpt>
            <trkpt lat="47.9474" lon="-114.029842"><ele>946.56</ele></trkpt>
            <trkpt lat="47.9477751" lon="-114.029938"><ele>945.55</ele></trkpt>
            <trkpt lat="47.9480375" lon="-114.030015"><ele>944.68</ele></trkpt>
            <trkpt lat="47.9484515" lon="-114.0301507"><ele>943.13</ele></trkpt>
            <trkpt lat="47.9489233" lon="-114.03034"><ele>941.3</ele></trkpt>
            <trkpt lat="47.9492783" lon="-114.0304825"><ele>940.02</ele></trkpt>
            <trkpt lat="47.9497517" lon="-114.0306725"><ele>938.57</ele></trkpt>
            <trkpt lat="47.950104" lon="-114.030828"><ele>937.73</ele></trkpt>
            <trkpt lat="47.9510394" lon="-114.0312598"><ele>936.11</ele></trkpt>
            <trkpt lat="47.9537344" lon="-114.0325755"><ele>932.72</ele></trkpt>
            <trkpt lat="47.9545939" lon="-114.0329936"><ele>931.86</ele></trkpt>
            <trkpt lat="47.9558217" lon="-114.0335908"><ele>930.69</ele></trkpt>
            <trkpt lat="47.95632" lon="-114.0338434"><ele>929.98</ele></trkpt>
            <trkpt lat="47.9565816" lon="-114.0339912"><ele>929.44</ele></trkpt>
            <trkpt lat="47.95691" lon="-114.0342087"><ele>928.55</ele></trkpt>
            <trkpt lat="47.95845" lon="-114.0352296"><ele>923.48</ele></trkpt>
            <trkpt lat="47.95878" lon="-114.0354483"><ele>922.47</ele></trkpt>
            <trkpt lat="47.9592205" lon="-114.0357402"><ele>921.27</ele></trkpt>
            <trkpt lat="47.959648" lon="-114.0360086"><ele>920.28</ele></trkpt>
            <trkpt lat="47.9601702" lon="-114.03628"><ele>919.31</ele></trkpt>
            <trkpt lat="47.9612003" lon="-114.0367699"><ele>917.9</ele></trkpt>
            <trkpt lat="47.9615875" lon="-114.0368937"><ele>917.67</ele></trkpt>
            <trkpt lat="47.9621042" lon="-114.0370587"><ele>917.78</ele></trkpt>
            <trkpt lat="47.9623625" lon="-114.0371412"><ele>918.05</ele></trkpt>
            <trkpt lat="47.9626208" lon="-114.0372237"><ele>918.54</ele></trkpt>
            <trkpt lat="47.9631375" lon="-114.0373887"><ele>919.9</ele></trkpt>
            <trkpt lat="47.9643015" lon="-114.0377613"><ele>923.62</ele></trkpt>
            <trkpt lat="47.9653987" lon="-114.0383891"><ele>927.2</ele></trkpt>
            <trkpt lat="47.9662672" lon="-114.0388061"><ele>929.66</ele></trkpt>
            <trkpt lat="47.9670106" lon="-114.0391628"><ele>931.42</ele></trkpt>
            <trkpt lat="47.9676297" lon="-114.0394597"><ele>932.56</ele></trkpt>
            <trkpt lat="47.96789" lon="-114.039564"><ele>932.88</ele></trkpt>
            <trkpt lat="47.96815" lon="-114.039668"><ele>933.02</ele></trkpt>
            <trkpt lat="47.9684019" lon="-114.039776"><ele>932.98</ele></trkpt>
            <trkpt lat="47.968646" lon="-114.039888"><ele>932.75</ele></trkpt>
            <trkpt lat="47.9688904" lon="-114.0400009"><ele>932.32</ele></trkpt>
            <trkpt lat="47.96911" lon="-114.04016"><ele>931.72</ele></trkpt>
            <trkpt lat="47.9694398" lon="-114.0403994"><ele>930.54</ele></trkpt>
            <trkpt lat="47.9699091" lon="-114.0406592"><ele>928.6</ele></trkpt>
            <trkpt lat="47.9712397" lon="-114.0411498"><ele>922.6</ele></trkpt>
            <trkpt lat="47.9716607" lon="-114.0412382"><ele>920.76</ele></trkpt>
            <trkpt lat="47.9722404" lon="-114.0412795"><ele>918.34</ele></trkpt>
            <trkpt lat="47.9727891" lon="-114.0412338"><ele>916.19</ele></trkpt>
            <trkpt lat="47.9733197" lon="-114.0411099"><ele>914.26</ele></trkpt>
            <trkpt lat="47.9745215" lon="-114.040588"><ele>910.16</ele></trkpt>
            <trkpt lat="47.975189" lon="-114.040298"><ele>908.19</ele></trkpt>
            <trkpt lat="47.9759898" lon="-114.0399502"><ele>906.14</ele></trkpt>
            <trkpt lat="47.9766921" lon="-114.0397295"><ele>904.47</ele></trkpt>
            <trkpt lat="47.97716" lon="-114.039615"><ele>903.28</ele></trkpt>
            <trkpt lat="47.9776293" lon="-114.0395003"><ele>901.92</ele></trkpt>
            <trkpt lat="47.978495" lon="-114.039325"><ele>899.04</ele></trkpt>
            <trkpt lat="47.97936" lon="-114.0391503"><ele>895.83</ele></trkpt>
            <trkpt lat="47.980485" lon="-114.039045"><ele>891.62</ele></trkpt>
            <trkpt lat="47.9808597" lon="-114.0390099"><ele>890.43</ele></trkpt>
            <trkpt lat="47.9812424" lon="-114.03895"><ele>889.46</ele></trkpt>
            <trkpt lat="47.9813713" lon="-114.0389303"><ele>889.21</ele></trkpt>
            <trkpt lat="47.9818423" lon="-114.038922"><ele>888.55</ele></trkpt>
            <trkpt lat="47.9827706" lon="-114.0389202"><ele>887.84</ele></trkpt>
            <trkpt lat="47.9832788" lon="-114.0389601"><ele>887.62</ele></trkpt>
            <trkpt lat="47.9844128" lon="-114.0392299"><ele>887.34</ele></trkpt>
            <trkpt lat="47.9848677" lon="-114.0392397"><ele>887.21</ele></trkpt>
            <trkpt lat="47.9855415" lon="-114.03914"><ele>887</ele></trkpt>
            <trkpt lat="47.9860191" lon="-114.0390999"><ele>886.88</ele></trkpt>
            <trkpt lat="47.9870292" lon="-114.0389204"><ele>886.77</ele></trkpt>
            <trkpt lat="47.987439" lon="-114.0389201"><ele>886.83</ele></trkpt>
            <trkpt lat="47.9880991" lon="-114.0391045"><ele>887.13</ele></trkpt>
            <trkpt lat="47.9887064" lon="-114.0394655"><ele>887.76</ele></trkpt>
            <trkpt lat="47.9890733" lon="-114.0396867"><ele>888.4</ele></trkpt>
            <trkpt lat="47.9894383" lon="-114.0399067"><ele>889.23</ele></trkpt>
            <trkpt lat="47.9900515" lon="-114.0403003"><ele>890.72</ele></trkpt>
            <trkpt lat="47.9902784" lon="-114.0403996"><ele>891.11</ele></trkpt>
            <trkpt lat="47.9904041" lon="-114.04048"><ele>891.24</ele></trkpt>
            <trkpt lat="47.990528" lon="-114.04056"><ele>891.3</ele></trkpt>
            <trkpt lat="47.990776" lon="-114.04072"><ele>891.25</ele></trkpt>
            <trkpt lat="47.991272" lon="-114.04107"><ele>890.84</ele></trkpt>
            <trkpt lat="47.9915211" lon="-114.0412514"><ele>890.64</ele></trkpt>
            <trkpt lat="47.991725" lon="-114.0414525"><ele>890.56</ele></trkpt>
            <trkpt lat="47.99193" lon="-114.041655"><ele>890.61</ele></trkpt>
            <trkpt lat="47.992135" lon="-114.0418575"><ele>890.82</ele></trkpt>
            <trkpt lat="47.9923399" lon="-114.0420592"><ele>891.19</ele></trkpt>
            <trkpt lat="47.99257" lon="-114.042215"><ele>891.73</ele></trkpt>
            <trkpt lat="47.9928002" lon="-114.0423698"><ele>892.38</ele></trkpt>
            <trkpt lat="47.9932701" lon="-114.0426294"><ele>893.81</ele></trkpt>
            <trkpt lat="47.9936386" lon="-114.0427343"><ele>894.76</ele></trkpt>
            <trkpt lat="47.9938843" lon="-114.0428038"><ele>895.23</ele></trkpt>
            <trkpt lat="47.99413" lon="-114.0428733"><ele>895.5</ele></trkpt>
            <trkpt lat="47.9943757" lon="-114.0429428"><ele>895.55</ele></trkpt>
            <trkpt lat="47.9946214" lon="-114.0430124"><ele>895.39</ele></trkpt>
            <trkpt lat="47.9952357" lon="-114.0431862"><ele>894.5</ele></trkpt>
            <trkpt lat="47.9958486" lon="-114.0433599"><ele>893.25</ele></trkpt>
            <trkpt lat="47.9962508" lon="-114.0435707"><ele>892.2</ele></trkpt>
            <trkpt lat="47.9966008" lon="-114.0438068"><ele>891.14</ele></trkpt>
            <trkpt lat="47.9969277" lon="-114.0441144"><ele>890.05</ele></trkpt>
            <trkpt lat="47.9972773" lon="-114.0446188"><ele>888.8</ele></trkpt>
            <trkpt lat="47.997525" lon="-114.04501"><ele>888.11</ele></trkpt>
            <trkpt lat="47.9976896" lon="-114.0452792"><ele>887.83</ele></trkpt>
            <trkpt lat="47.997868" lon="-114.045558"><ele>887.7</ele></trkpt>
            <trkpt lat="47.998046" lon="-114.045836"><ele>887.7</ele></trkpt>
            <trkpt lat="47.9984137" lon="-114.0464103"><ele>887.9</ele></trkpt>
            <trkpt lat="47.9985758" lon="-114.0466745"><ele>887.97</ele></trkpt>
            <trkpt lat="47.9987504" lon="-114.0471811"><ele>888</ele></trkpt>
            <trkpt lat="47.99892" lon="-114.0476896"><ele>887.92</ele></trkpt>
            <trkpt lat="47.9991877" lon="-114.0483757"><ele>887.72</ele></trkpt>
            <trkpt lat="47.9993259" lon="-114.0486608"><ele>887.62</ele></trkpt>
            <trkpt lat="47.9994921" lon="-114.0489365"><ele>887.54</ele></trkpt>
            <trkpt lat="47.9997676" lon="-114.0492569"><ele>887.48</ele></trkpt>
            <trkpt lat="48.0000896" lon="-114.0495692"><ele>887.5</ele></trkpt>
            <trkpt lat="48.0008198" lon="-114.0500597"><ele>887.81</ele></trkpt>
            <trkpt lat="48.0013333" lon="-114.0503333"><ele>888.36</ele></trkpt>
            <trkpt lat="48.0018613" lon="-114.0506004"><ele>889.33</ele></trkpt>
            <trkpt lat="48.0022243" lon="-114.0507371"><ele>890.29</ele></trkpt>
            <trkpt lat="48.0025886" lon="-114.0508743"><ele>891.56</ele></trkpt>
            <trkpt lat="48.0029529" lon="-114.0510114"><ele>893.15</ele></trkpt>
            <trkpt lat="48.0031957" lon="-114.0511029"><ele>894.4</ele></trkpt>
            <trkpt lat="48.0035587" lon="-114.0512398"><ele>896.55</ele></trkpt>
            <trkpt lat="48.0040122" lon="-114.0515332"><ele>899.72</ele></trkpt>
            <trkpt lat="48.0042618" lon="-114.0517946"><ele>901.81</ele></trkpt>
            <trkpt lat="48.004357" lon="-114.0519158"><ele>902.7</ele></trkpt>
            <trkpt lat="48.0044621" lon="-114.0521041"><ele>903.9</ele></trkpt>
            <trkpt lat="48.0045929" lon="-114.0524133"><ele>905.75</ele></trkpt>
            <trkpt lat="48.0047306" lon="-114.052843"><ele>908.22</ele></trkpt>
            <trkpt lat="48.004894" lon="-114.053528"><ele>912.04</ele></trkpt>
            <trkpt lat="48.0051408" lon="-114.0545613"><ele>917.74</ele></trkpt>
            <trkpt lat="48.0053393" lon="-114.0551703"><ele>921.05</ele></trkpt>
            <trkpt lat="48.0054509" lon="-114.0553754"><ele>922.23</ele></trkpt>
            <trkpt lat="48.0055813" lon="-114.0555664"><ele>923.34</ele></trkpt>
            <trkpt lat="48.0056907" lon="-114.0556902"><ele>924.1</ele></trkpt>
            <trkpt lat="48.0059184" lon="-114.055849"><ele>925.34</ele></trkpt>
            <trkpt lat="48.0060718" lon="-114.0559305"><ele>926.04</ele></trkpt>
            <trkpt lat="48.0063188" lon="-114.0559796"><ele>926.97</ele></trkpt>
            <trkpt lat="48.0067706" lon="-114.0558997"><ele>928.34</ele></trkpt>
            <trkpt lat="48.0073302" lon="-114.0556699"><ele>929.7</ele></trkpt>
            <trkpt lat="48.00787" lon="-114.05542"><ele>930.66</ele></trkpt>
            <trkpt lat="48.0084115" lon="-114.0551694"><ele>931.31</ele></trkpt>
            <trkpt lat="48.009542" lon="-114.0547144"><ele>932.19</ele></trkpt>
            <trkpt lat="48.0097583" lon="-114.0546731"><ele>932.4</ele></trkpt>
            <trkpt lat="48.0099804" lon="-114.0546696"><ele>932.66</ele></trkpt>
            <trkpt lat="48.0102037" lon="-114.0547065"><ele>932.99</ele></trkpt>
            <trkpt lat="48.0104955" lon="-114.0548215"><ele>933.49</ele></trkpt>
            <trkpt lat="48.0110867" lon="-114.05521"><ele>934.54</ele></trkpt>
            <trkpt lat="48.011335" lon="-114.05538"><ele>934.83</ele></trkpt>
            <trkpt lat="48.0117075" lon="-114.055635"><ele>934.91</ele></trkpt>
            <trkpt lat="48.0119559" lon="-114.055805"><ele>934.67</ele></trkpt>
            <trkpt lat="48.0120797" lon="-114.0558899"><ele>934.43</ele></trkpt>
            <trkpt lat="48.0123266" lon="-114.0560966"><ele>933.69</ele></trkpt>
            <trkpt lat="48.0125322" lon="-114.0562935"><ele>932.83</ele></trkpt>
            <trkpt lat="48.0127674" lon="-114.0565971"><ele>931.54</ele></trkpt>
            <trkpt lat="48.0129336" lon="-114.0568797"><ele>930.4</ele></trkpt>
            <trkpt lat="48.0130793" lon="-114.0571789"><ele>929.29</ele></trkpt>
            <trkpt lat="48.013215" lon="-114.05753"><ele>928.13</ele></trkpt>
            <trkpt lat="48.01335" lon="-114.05788"><ele>927.13</ele></trkpt>
            <trkpt lat="48.0135525" lon="-114.0584051"><ele>925.94</ele></trkpt>
            <trkpt lat="48.0136197" lon="-114.0585788"><ele>925.65</ele></trkpt>
            <trkpt lat="48.0137168" lon="-114.0587553"><ele>925.41</ele></trkpt>
            <trkpt lat="48.0138136" lon="-114.0589305"><ele>925.26</ele></trkpt>
            <trkpt lat="48.0140315" lon="-114.0592516"><ele>925.17</ele></trkpt>
            <trkpt lat="48.01433" lon="-114.05958"><ele>925.32</ele></trkpt>
            <trkpt lat="48.01517" lon="-114.0605404"><ele>926.22</ele></trkpt>
            <trkpt lat="48.015358" lon="-114.060828"><ele>926.39</ele></trkpt>
            <trkpt lat="48.0156404" lon="-114.0612614"><ele>926.51</ele></trkpt>
            <trkpt lat="48.01609" lon="-114.0621506"><ele>926.55</ele></trkpt>
            <trkpt lat="48.0163533" lon="-114.0627633"><ele>926.66</ele></trkpt>
            <trkpt lat="48.0166167" lon="-114.0633767"><ele>926.95</ele></trkpt>
            <trkpt lat="48.0168795" lon="-114.0639886"><ele>927.51</ele></trkpt>
            <trkpt lat="48.0171833" lon="-114.0646333"><ele>928.44</ele></trkpt>
            <trkpt lat="48.0174121" lon="-114.0651186"><ele>929.4</ele></trkpt>
            <trkpt lat="48.0176511" lon="-114.0656255"><ele>930.66</ele></trkpt>
            <trkpt lat="48.0178233" lon="-114.0659667"><ele>931.69</ele></trkpt>
            <trkpt lat="48.0179778" lon="-114.0661896"><ele>932.56</ele></trkpt>
            <trkpt lat="48.0182001" lon="-114.0664598"><ele>933.82</ele></trkpt>
            <trkpt lat="48.0187797" lon="-114.0669895"><ele>936.96</ele></trkpt>
            <trkpt lat="48.0190416" lon="-114.0671706"><ele>938.23</ele></trkpt>
            <trkpt lat="48.0196267" lon="-114.0674533"><ele>940.74</ele></trkpt>
            <trkpt lat="48.0206828" lon="-114.0679634"><ele>944.62</ele></trkpt>
            <trkpt lat="48.0211975" lon="-114.0682037"><ele>946.06</ele></trkpt>
            <trkpt lat="48.021595" lon="-114.0683875"><ele>946.83</ele></trkpt>
            <trkpt lat="48.0237783" lon="-114.0693933"><ele>949.26</ele></trkpt>
            <trkpt lat="48.0252588" lon="-114.07009"><ele>950.54</ele></trkpt>
            <trkpt lat="48.0256625" lon="-114.07028"><ele>950.64</ele></trkpt>
            <trkpt lat="48.0260663" lon="-114.07047"><ele>950.43</ele></trkpt>
            <trkpt lat="48.0264705" lon="-114.0706601"><ele>949.87</ele></trkpt>
            <trkpt lat="48.026864" lon="-114.070826"><ele>949.01</ele></trkpt>
            <trkpt lat="48.027266" lon="-114.071024"><ele>947.83</ele></trkpt>
            <trkpt lat="48.0280714" lon="-114.0714204"><ele>945.13</ele></trkpt>
            <trkpt lat="48.0284284" lon="-114.0715593"><ele>944.03</ele></trkpt>
            <trkpt lat="48.0290025" lon="-114.07173"><ele>942.51</ele></trkpt>
            <trkpt lat="48.0294682" lon="-114.0717697"><ele>941.52</ele></trkpt>
            <trkpt lat="48.02987" lon="-114.0717638"><ele>940.85</ele></trkpt>
            <trkpt lat="48.0304033" lon="-114.0717554"><ele>940.21</ele></trkpt>
            <trkpt lat="48.0308033" lon="-114.0717492"><ele>939.91</ele></trkpt>
            <trkpt lat="48.0316033" lon="-114.0717367"><ele>939.66</ele></trkpt>
            <trkpt lat="48.0341619" lon="-114.0716986"><ele>940.05</ele></trkpt>
            <trkpt lat="48.0345661" lon="-114.0716928"><ele>940.38</ele></trkpt>
            <trkpt lat="48.0349703" lon="-114.0716869"><ele>940.96</ele></trkpt>
            <trkpt lat="48.0352397" lon="-114.0716831"><ele>941.46</ele></trkpt>
            <trkpt lat="48.0360481" lon="-114.0716714"><ele>943.19</ele></trkpt>
            <trkpt lat="48.0365869" lon="-114.0716636"><ele>944.17</ele></trkpt>
            <trkpt lat="48.0369911" lon="-114.0716578"><ele>944.66</ele></trkpt>
            <trkpt lat="48.0375304" lon="-114.0716502"><ele>944.92</ele></trkpt>
            <trkpt lat="48.03792" lon="-114.071698"><ele>944.77</ele></trkpt>
            <trkpt lat="48.0381791" lon="-114.0717299"><ele>944.45</ele></trkpt>
            <trkpt lat="48.0386107" lon="-114.0718103"><ele>943.51</ele></trkpt>
            <trkpt lat="48.03887" lon="-114.071885"><ele>942.71</ele></trkpt>
            <trkpt lat="48.0391309" lon="-114.0719607"><ele>941.72</ele></trkpt>
            <trkpt lat="48.0395993" lon="-114.0721799"><ele>939.64</ele></trkpt>
            <trkpt lat="48.0399594" lon="-114.0723997"><ele>937.99</ele></trkpt>
            <trkpt lat="48.0403411" lon="-114.0726412"><ele>936.4</ele></trkpt>
            <trkpt lat="48.040555" lon="-114.0728175"><ele>935.63</ele></trkpt>
            <trkpt lat="48.040985" lon="-114.0731725"><ele>934.45</ele></trkpt>
            <trkpt lat="48.0412016" lon="-114.0733509"><ele>934.03</ele></trkpt>
            <trkpt lat="48.0414982" lon="-114.0735683"><ele>933.67</ele></trkpt>
            <trkpt lat="48.0419696" lon="-114.0738496"><ele>933.37</ele></trkpt>
            <trkpt lat="48.0425999" lon="-114.0741636"><ele>933.16</ele></trkpt>
            <trkpt lat="48.042865" lon="-114.074265"><ele>933.09</ele></trkpt>
            <trkpt lat="48.0429726" lon="-114.0742846"><ele>933.06</ele></trkpt>
            <trkpt lat="48.04349" lon="-114.0742899"><ele>932.92</ele></trkpt>
            <trkpt lat="48.0445343" lon="-114.0741"><ele>932.59</ele></trkpt>
            <trkpt lat="48.0464207" lon="-114.0737497"><ele>931.66</ele></trkpt>
            <trkpt lat="48.0468973" lon="-114.07363"><ele>931.04</ele></trkpt>
            <trkpt lat="48.0473747" lon="-114.07351"><ele>929.97</ele></trkpt>
            <trkpt lat="48.047852" lon="-114.07339"><ele>928.43</ele></trkpt>
            <trkpt lat="48.04846" lon="-114.07325"><ele>925.91</ele></trkpt>
            <trkpt lat="48.048835" lon="-114.073175"><ele>924.12</ele></trkpt>
            <trkpt lat="48.0494596" lon="-114.0730503"><ele>920.9</ele></trkpt>
            <trkpt lat="48.04985" lon="-114.07302"><ele>918.95</ele></trkpt>
            <trkpt lat="48.0502412" lon="-114.07299"><ele>917.14</ele></trkpt>
            <trkpt lat="48.05084" lon="-114.0729567"><ele>914.71</ele></trkpt>
            <trkpt lat="48.0525467" lon="-114.0728633"><ele>909.01</ele></trkpt>
            <trkpt lat="48.0528403" lon="-114.0728501"><ele>908.28</ele></trkpt>
            <trkpt lat="48.0532613" lon="-114.0728603"><ele>907.58</ele></trkpt>
            <trkpt lat="48.0538804" lon="-114.0729503"><ele>907.01</ele></trkpt>
            <trkpt lat="48.05424" lon="-114.0730303"><ele>906.87</ele></trkpt>
            <trkpt lat="48.0547704" lon="-114.0732103"><ele>906.9</ele></trkpt>
            <trkpt lat="48.0554101" lon="-114.0734902"><ele>907.13</ele></trkpt>
            <trkpt lat="48.0557793" lon="-114.0736997"><ele>907.28</ele></trkpt>
            <trkpt lat="48.056295" lon="-114.07406"><ele>907.42</ele></trkpt>
            <trkpt lat="48.0568112" lon="-114.0744213"><ele>907.26</ele></trkpt>
            <trkpt lat="48.0571252" lon="-114.0747202"><ele>906.86</ele></trkpt>
            <trkpt lat="48.0574767" lon="-114.0750867"><ele>905.99</ele></trkpt>
            <trkpt lat="48.0578303" lon="-114.0755005"><ele>904.7</ele></trkpt>
            <trkpt lat="48.058136" lon="-114.07592"><ele>903.22</ele></trkpt>
            <trkpt lat="48.05834" lon="-114.0762"><ele>902.12</ele></trkpt>
            <trkpt lat="48.0591205" lon="-114.0773808"><ele>897.49</ele></trkpt>
            <trkpt lat="48.059472" lon="-114.0779481"><ele>895.61</ele></trkpt>
            <trkpt lat="48.059752" lon="-114.0783833"><ele>894.45</ele></trkpt>
            <trkpt lat="48.060232" lon="-114.0791167"><ele>893.09</ele></trkpt>
            <trkpt lat="48.060616" lon="-114.0797033"><ele>892.51</ele></trkpt>
            <trkpt lat="48.0609998" lon="-114.0802897"><ele>892.43</ele></trkpt>
            <trkpt lat="48.061414" lon="-114.0808848"><ele>892.85</ele></trkpt>
            <trkpt lat="48.0617622" lon="-114.0813171"><ele>893.55</ele></trkpt>
            <trkpt lat="48.0621329" lon="-114.0816421"><ele>894.52</ele></trkpt>
            <trkpt lat="48.0624404" lon="-114.0818698"><ele>895.53</ele></trkpt>
            <trkpt lat="48.0626472" lon="-114.0819982"><ele>896.31</ele></trkpt>
            <trkpt lat="48.0630597" lon="-114.0822098"><ele>898.05</ele></trkpt>
            <trkpt lat="48.0635525" lon="-114.0823502"><ele>900.2</ele></trkpt>
            <trkpt lat="48.0640275" lon="-114.0823897"><ele>902.2</ele></trkpt>
            <trkpt lat="48.0643574" lon="-114.0823484"><ele>903.42</ele></trkpt>
            <trkpt lat="48.0646227" lon="-114.0822954"><ele>904.17</ele></trkpt>
            <trkpt lat="48.0646761" lon="-114.0823043"><ele>904.29</ele></trkpt>
            <trkpt lat="48.0647171" lon="-114.0823498"><ele>904.39</ele></trkpt>
            <trkpt lat="48.0647368" lon="-114.0824082"><ele>904.46</ele></trkpt>
            <trkpt lat="48.0647371" lon="-114.0824766"><ele>904.53</ele></trkpt>
            <trkpt lat="48.0646732" lon="-114.082835"><ele>904.73</ele></trkpt>
            <trkpt lat="48.0646306" lon="-114.0832175"><ele>904.67</ele></trkpt>
            <trkpt lat="48.0646323" lon="-114.0834297"><ele>904.52</ele></trkpt>
            <trkpt lat="48.0646542" lon="-114.0836481"><ele>904.28</ele></trkpt>
            <trkpt lat="48.0648535" lon="-114.0843883"><ele>903.05</ele></trkpt>
            <trkpt lat="48.06527" lon="-114.0859"><ele>900.03</ele></trkpt>
            <trkpt lat="48.065425" lon="-114.0864625"><ele>899.06</ele></trkpt>
            <trkpt lat="48.06558" lon="-114.087025"><ele>898.31</ele></trkpt>
            <trkpt lat="48.0658383" lon="-114.0879624"><ele>897.45</ele></trkpt>
            <trkpt lat="48.06628" lon="-114.089656"><ele>896.47</ele></trkpt>
            <trkpt lat="48.0665393" lon="-114.0906584"><ele>895.98</ele></trkpt>
            <trkpt lat="48.0665997" lon="-114.0910391"><ele>895.85</ele></trkpt>
            <trkpt lat="48.06663" lon="-114.091664"><ele>895.74</ele></trkpt>
            <trkpt lat="48.0666582" lon="-114.0922504"><ele>895.78</ele></trkpt>
            <trkpt lat="48.066689" lon="-114.0928729"><ele>896.02</ele></trkpt>
            <trkpt lat="48.066715" lon="-114.0929911"><ele>896.1</ele></trkpt>
            <trkpt lat="48.0667849" lon="-114.0930889"><ele>896.2</ele></trkpt>
            <trkpt lat="48.0668986" lon="-114.0931213"><ele>896.35</ele></trkpt>
            <trkpt lat="48.06832" lon="-114.093132"><ele>898.67</ele></trkpt>
            <trkpt lat="48.0698" lon="-114.09314"><ele>901.1</ele></trkpt>
            <trkpt lat="48.0704667" lon="-114.09314"><ele>902.42</ele></trkpt>
            <trkpt lat="48.0712729" lon="-114.09314"><ele>904.45</ele></trkpt>
            <trkpt lat="48.0715593" lon="-114.09314"><ele>905.39</ele></trkpt>
            <trkpt lat="48.0718216" lon="-114.0931512"><ele>906.48</ele></trkpt>
            <trkpt lat="48.0719455" lon="-114.0932179"><ele>907.11</ele></trkpt>
            <trkpt lat="48.0722158" lon="-114.0934982"><ele>908.96</ele></trkpt>
            <trkpt lat="48.0724445" lon="-114.0937399"><ele>910.82</ele></trkpt>
            <trkpt lat="48.0725652" lon="-114.0938361"><ele>911.84</ele></trkpt>
            <trkpt lat="48.0727522" lon="-114.0939117"><ele>913.4</ele></trkpt>
            <trkpt lat="48.0730229" lon="-114.0940185"><ele>915.86</ele></trkpt>
            <trkpt lat="48.073756" lon="-114.094336"><ele>922.93</ele></trkpt>
            <trkpt lat="48.073997" lon="-114.0944454"><ele>925.11</ele></trkpt>
            <trkpt lat="48.0743758" lon="-114.0946172"><ele>928.15</ele></trkpt>
            <trkpt lat="48.0746097" lon="-114.0947048"><ele>929.67</ele></trkpt>
            <trkpt lat="48.0747961" lon="-114.0947975"><ele>930.63</ele></trkpt>
            <trkpt lat="48.0749974" lon="-114.0948486"><ele>931.36</ele></trkpt>
            <trkpt lat="48.0752923" lon="-114.0949213"><ele>931.96</ele></trkpt>
            <trkpt lat="48.0755302" lon="-114.0949756"><ele>932.09</ele></trkpt>
            <trkpt lat="48.0757714" lon="-114.0949744"><ele>931.93</ele></trkpt>
            <trkpt lat="48.0759616" lon="-114.0949699"><ele>931.63</ele></trkpt>
            <trkpt lat="48.07687" lon="-114.094907"><ele>929.52</ele></trkpt>
            <trkpt lat="48.0772721" lon="-114.0948764"><ele>928.65</ele></trkpt>
            <trkpt lat="48.0774476" lon="-114.0948272"><ele>928.34</ele></trkpt>
            <trkpt lat="48.0775987" lon="-114.0947639"><ele>928.12</ele></trkpt>
            <trkpt lat="48.0781285" lon="-114.0944222"><ele>927.57</ele></trkpt>
            <trkpt lat="48.0792502" lon="-114.0936559"><ele>926.98</ele></trkpt>
            <trkpt lat="48.0794926" lon="-114.0935731"><ele>926.85</ele></trkpt>
            <trkpt lat="48.0799182" lon="-114.0934974"><ele>926.55</ele></trkpt>
            <trkpt lat="48.0809048" lon="-114.0933106"><ele>925.43</ele></trkpt>
            <trkpt lat="48.0809783" lon="-114.0933134"><ele>925.29</ele></trkpt>
            <trkpt lat="48.081054" lon="-114.0933927"><ele>925.1</ele></trkpt>
            <trkpt lat="48.0810817" lon="-114.0935067"><ele>924.89</ele></trkpt>
            <trkpt lat="48.0810925" lon="-114.0941947"><ele>923.38</ele></trkpt>
            <trkpt lat="48.0810999" lon="-114.0947478"><ele>921.79</ele></trkpt>
            <trkpt lat="48.081095" lon="-114.0953833"><ele>919.58</ele></trkpt>
            <trkpt lat="48.0810817" lon="-114.0970722"><ele>913.02</ele></trkpt>
            <trkpt lat="48.0810767" lon="-114.0977056"><ele>910.74</ele></trkpt>
            <trkpt lat="48.0810734" lon="-114.0981278"><ele>909.4</ele></trkpt>
            <trkpt lat="48.0810701" lon="-114.09855"><ele>908.25</ele></trkpt>
            <trkpt lat="48.0810651" lon="-114.0991833"><ele>906.8</ele></trkpt>
            <trkpt lat="48.0810601" lon="-114.0998167"><ele>905.55</ele></trkpt>
            <trkpt lat="48.08105" lon="-114.1010833"><ele>903.18</ele></trkpt>
            <trkpt lat="48.081045" lon="-114.1017167"><ele>901.8</ele></trkpt>
            <trkpt lat="48.08104" lon="-114.1023499"><ele>900.17</ele></trkpt>
            <trkpt lat="48.0810495" lon="-114.1038123"><ele>895.99</ele></trkpt>
            <trkpt lat="48.0810705" lon="-114.1039323"><ele>895.66</ele></trkpt>
            <trkpt lat="48.081145" lon="-114.1040431"><ele>895.25</ele></trkpt>
            <trkpt lat="48.0812372" lon="-114.1040747"><ele>894.89</ele></trkpt>
            <trkpt lat="48.0816919" lon="-114.1041117"><ele>893.36</ele></trkpt>
            <trkpt lat="48.0819677" lon="-114.1041339"><ele>892.59</ele></trkpt>
            <trkpt lat="48.0823611" lon="-114.1041656"><ele>891.72</ele></trkpt>
            <trkpt lat="48.0834093" lon="-114.10425"><ele>889.93</ele></trkpt>
            <trkpt lat="48.08369" lon="-114.1042901"><ele>889.48</ele></trkpt>
            <trkpt lat="48.084662" lon="-114.104498"><ele>887.94</ele></trkpt>
            <trkpt lat="48.08507" lon="-114.1046001"><ele>887.25</ele></trkpt>
            <trkpt lat="48.0853404" lon="-114.1046904"><ele>886.78</ele></trkpt>
            <trkpt lat="48.0859698" lon="-114.10504"><ele>885.68</ele></trkpt>
            <trkpt lat="48.0862199" lon="-114.10522"><ele>885.32</ele></trkpt>
            <trkpt lat="48.0864708" lon="-114.1054112"><ele>885.06</ele></trkpt>
            <trkpt lat="48.0867775" lon="-114.1057437"><ele>884.86</ele></trkpt>
            <trkpt lat="48.0873013" lon="-114.1063084"><ele>884.73</ele></trkpt>
            <trkpt lat="48.0875719" lon="-114.1065093"><ele>884.69</ele></trkpt>
            <trkpt lat="48.0877679" lon="-114.1066037"><ele>884.68</ele></trkpt>
            <trkpt lat="48.0879067" lon="-114.1066415"><ele>884.66</ele></trkpt>
            <trkpt lat="48.08967" lon="-114.10708"><ele>884.54</ele></trkpt>
            <trkpt lat="48.090678" lon="-114.1073307"><ele>884.96</ele></trkpt>
            <trkpt lat="48.091056" lon="-114.1074247"><ele>885.44</ele></trkpt>
            <trkpt lat="48.0914341" lon="-114.1075187"><ele>886.31</ele></trkpt>
            <trkpt lat="48.0915589" lon="-114.1075495"><ele>886.71</ele></trkpt>
            <trkpt lat="48.0917034" lon="-114.1075533"><ele>887.25</ele></trkpt>
            <trkpt lat="48.0919898" lon="-114.1075599"><ele>888.57</ele></trkpt>
            <trkpt lat="48.0924306" lon="-114.1075097"><ele>891</ele></trkpt>
            <trkpt lat="48.0930888" lon="-114.1072858"><ele>895</ele></trkpt>
            <trkpt lat="48.0933459" lon="-114.1071775"><ele>896.45</ele></trkpt>
            <trkpt lat="48.0935396" lon="-114.107096"><ele>897.37</ele></trkpt>
            <trkpt lat="48.0936852" lon="-114.1070363"><ele>897.91</ele></trkpt>
            <trkpt lat="48.0938155" lon="-114.1070138"><ele>898.27</ele></trkpt>
            <trkpt lat="48.0939797" lon="-114.1070235"><ele>898.54</ele></trkpt>
            <trkpt lat="48.0940689" lon="-114.1070706"><ele>898.6</ele></trkpt>
            <trkpt lat="48.0941038" lon="-114.1071374"><ele>898.6</ele></trkpt>
            <trkpt lat="48.0941222" lon="-114.107217"><ele>898.58</ele></trkpt>
            <trkpt lat="48.0941009" lon="-114.1073638"><ele>898.48</ele></trkpt>
            <trkpt lat="48.0939705" lon="-114.1077851"><ele>897.77</ele></trkpt>
            <trkpt lat="48.093585" lon="-114.1090601"><ele>894.38</ele></trkpt>
            <trkpt lat="48.09342" lon="-114.10969"><ele>892.7</ele></trkpt>
            <trkpt lat="48.09331" lon="-114.11011"><ele>891.69</ele></trkpt>
            <trkpt lat="48.09322" lon="-114.1105433"><ele>890.82</ele></trkpt>
            <trkpt lat="48.093085" lon="-114.1111933"><ele>889.78</ele></trkpt>
            <trkpt lat="48.0929205" lon="-114.1120871"><ele>888.66</ele></trkpt>
            <trkpt lat="48.0928275" lon="-114.112685"><ele>888.07</ele></trkpt>
            <trkpt lat="48.092735" lon="-114.11328"><ele>887.65</ele></trkpt>
            <trkpt lat="48.09255" lon="-114.11447"><ele>887.11</ele></trkpt>
            <trkpt lat="48.0924884" lon="-114.1148667"><ele>887.01</ele></trkpt>
            <trkpt lat="48.0924575" lon="-114.115065"><ele>886.98</ele></trkpt>
            <trkpt lat="48.0924267" lon="-114.1152633"><ele>886.96</ele></trkpt>
            <trkpt lat="48.092365" lon="-114.11566"><ele>886.95</ele></trkpt>
            <trkpt lat="48.0923033" lon="-114.1160567"><ele>886.97</ele></trkpt>
            <trkpt lat="48.0921799" lon="-114.1168509"><ele>887.01</ele></trkpt>
            <trkpt lat="48.0921" lon="-114.117415"><ele>887.02</ele></trkpt>
            <trkpt lat="48.0920467" lon="-114.1177917"><ele>886.99</ele></trkpt>
            <trkpt lat="48.0919933" lon="-114.1181683"><ele>886.92</ele></trkpt>
            <trkpt lat="48.0918603" lon="-114.1191088"><ele>886.62</ele></trkpt>
            <trkpt lat="48.0916901" lon="-114.1211714"><ele>885.65</ele></trkpt>
            <trkpt lat="48.0916888" lon="-114.1226925"><ele>885.04</ele></trkpt>
            <trkpt lat="48.0916882" lon="-114.1234538"><ele>884.89</ele></trkpt>
            <trkpt lat="48.0916849" lon="-114.1274505"><ele>884.88</ele></trkpt>
            <trkpt lat="48.0916801" lon="-114.1331588"><ele>885.51</ele></trkpt>
            <trkpt lat="48.0917086" lon="-114.1335657"><ele>885.54</ele></trkpt>
            <trkpt lat="48.091761" lon="-114.1339697"><ele>885.56</ele></trkpt>
            <trkpt lat="48.0918573" lon="-114.1344564"><ele>885.57</ele></trkpt>
            <trkpt lat="48.0919785" lon="-114.1348967"><ele>885.57</ele></trkpt>
            <trkpt lat="48.0921273" lon="-114.1353129"><ele>885.55</ele></trkpt>
            <trkpt lat="48.0922923" lon="-114.1356836"><ele>885.53</ele></trkpt>
            <trkpt lat="48.0924808" lon="-114.136031"><ele>885.49</ele></trkpt>
            <trkpt lat="48.0934211" lon="-114.1374114"><ele>885.31</ele></trkpt>
            <trkpt lat="48.0942875" lon="-114.1386233"><ele>885.17</ele></trkpt>
            <trkpt lat="48.094927" lon="-114.1399625"><ele>885.08</ele></trkpt>
            <trkpt lat="48.0950845" lon="-114.1404868"><ele>885.05</ele></trkpt>
            <trkpt lat="48.0951872" lon="-114.1410408"><ele>885.01</ele></trkpt>
            <trkpt lat="48.0952798" lon="-114.1423482"><ele>884.88</ele></trkpt>
            <trkpt lat="48.0952779" lon="-114.1456922"><ele>884.47</ele></trkpt>
            <trkpt lat="48.09527" lon="-114.1573895"><ele>884.13</ele></trkpt>
            <trkpt lat="48.09529" lon="-114.1591324"><ele>884.15</ele></trkpt>
            <trkpt lat="48.0952937" lon="-114.1624763"><ele>884.35</ele></trkpt>
            <trkpt lat="48.095298" lon="-114.1665662"><ele>884.78</ele></trkpt>
            <trkpt lat="48.0953043" lon="-114.172701"><ele>884.36</ele></trkpt>
            <trkpt lat="48.0953073" lon="-114.1758614"><ele>884.37</ele></trkpt>
            <trkpt lat="48.0953067" lon="-114.1790725"><ele>884.59</ele></trkpt>
            <trkpt lat="48.0952834" lon="-114.18203"><ele>884.76</ele></trkpt>
            <trkpt lat="48.0952716" lon="-114.1854229"><ele>885.06</ele></trkpt>
            <trkpt lat="48.0952749" lon="-114.1890178"><ele>884.94</ele></trkpt>
            <trkpt lat="48.095282" lon="-114.1973429"><ele>885.15</ele></trkpt>
            <trkpt lat="48.0952831" lon="-114.1986673"><ele>885.52</ele></trkpt>
            <trkpt lat="48.0952854" lon="-114.2015054"><ele>886.86</ele></trkpt>
            <trkpt lat="48.0952874" lon="-114.2041543"><ele>887.77</ele></trkpt>
            <trkpt lat="48.0952886" lon="-114.2056679"><ele>888</ele></trkpt>
            <trkpt lat="48.0952938" lon="-114.209455"><ele>888.04</ele></trkpt>
            <trkpt lat="48.0952967" lon="-114.2124168"><ele>888.1</ele></trkpt>
            <trkpt lat="48.095278" lon="-114.2125004"><ele>888.1</ele></trkpt>
            <trkpt lat="48.0952302" lon="-114.2125786"><ele>888.1</ele></trkpt>
            <trkpt lat="48.0951868" lon="-114.2126138"><ele>888.09</ele></trkpt>
            <trkpt lat="48.0951162" lon="-114.2126257"><ele>888.09</ele></trkpt>
            <trkpt lat="48.094118" lon="-114.212606"><ele>887.98</ele></trkpt>
            <trkpt lat="48.0935927" lon="-114.2125953"><ele>887.98</ele></trkpt>
            <trkpt lat="48.0921679" lon="-114.2126199"><ele>888.12</ele></trkpt>
            <trkpt lat="48.09133" lon="-114.2126083"><ele>888.12</ele></trkpt>
            <trkpt lat="48.0891549" lon="-114.21258"><ele>887.77</ele></trkpt>
            <trkpt lat="48.08848" lon="-114.21258"><ele>887.71</ele></trkpt>
            <trkpt lat="48.0871733" lon="-114.2125733"><ele>887.63</ele></trkpt>
            <trkpt lat="48.08618" lon="-114.21256"><ele>887.29</ele></trkpt>
            <trkpt lat="48.0855591" lon="-114.2125517"><ele>886.84</ele></trkpt>
            <trkpt lat="48.0846799" lon="-114.2125456"><ele>885.94</ele></trkpt>
            <trkpt lat="48.0845025" lon="-114.2126009"><ele>885.76</ele></trkpt>
            <trkpt lat="48.084366" lon="-114.2127701"><ele>885.59</ele></trkpt>
            <trkpt lat="48.084106" lon="-114.2133738"><ele>885.23</ele></trkpt>
            <trkpt lat="48.0838474" lon="-114.2139847"><ele>885.03</ele></trkpt>
            <trkpt lat="48.0833247" lon="-114.2152194"><ele>885.07</ele></trkpt>
            <trkpt lat="48.0829327" lon="-114.2161454"><ele>885.44</ele></trkpt>
            <trkpt lat="48.0824105" lon="-114.2173786"><ele>886.2</ele></trkpt>
            <trkpt lat="48.0821707" lon="-114.2178747"><ele>886.47</ele></trkpt>
            <trkpt lat="48.0820743" lon="-114.2180239"><ele>886.54</ele></trkpt>
            <trkpt lat="48.0819782" lon="-114.2181345"><ele>886.59</ele></trkpt>
            <trkpt lat="48.0817597" lon="-114.2182866"><ele>886.64</ele></trkpt>
            <trkpt lat="48.0809744" lon="-114.2189078"><ele>886.74</ele></trkpt>
            <trkpt lat="48.0808231" lon="-114.2190326"><ele>886.79</ele></trkpt>
            <trkpt lat="48.0807263" lon="-114.2191451"><ele>886.85</ele></trkpt>
            <trkpt lat="48.0806182" lon="-114.2193001"><ele>886.95</ele></trkpt>
            <trkpt lat="48.0805519" lon="-114.2194324"><ele>887.04</ele></trkpt>
            <trkpt lat="48.080335" lon="-114.219955"><ele>887.49</ele></trkpt>
            <trkpt lat="48.0800797" lon="-114.2205965"><ele>888.11</ele></trkpt>
            <trkpt lat="48.0800386" lon="-114.2209096"><ele>888.36</ele></trkpt>
            <trkpt lat="48.080094" lon="-114.221248"><ele>888.61</ele></trkpt>
            <trkpt lat="48.0802997" lon="-114.2220787"><ele>889.12</ele></trkpt>
            <trkpt lat="48.0804884" lon="-114.222841"><ele>889.45</ele></trkpt>
            <trkpt lat="48.0805469" lon="-114.2231905"><ele>889.56</ele></trkpt>
            <trkpt lat="48.0805959" lon="-114.2242916"><ele>889.8</ele></trkpt>
            <trkpt lat="48.0805187" lon="-114.2248193"><ele>889.94</ele></trkpt>
            <trkpt lat="48.0805299" lon="-114.2250277"><ele>890</ele></trkpt>
            <trkpt lat="48.0806015" lon="-114.2252744"><ele>890.1</ele></trkpt>
            <trkpt lat="48.0808287" lon="-114.2257968"><ele>890.35</ele></trkpt>
            <trkpt lat="48.0810819" lon="-114.226632"><ele>890.74</ele></trkpt>
            <trkpt lat="48.0811408" lon="-114.2269267"><ele>890.81</ele></trkpt>
            <trkpt lat="48.0811416" lon="-114.227098"><ele>890.83</ele></trkpt>
            <trkpt lat="48.0810995" lon="-114.2277979"><ele>890.73</ele></trkpt>
            <trkpt lat="48.0810589" lon="-114.2284163"><ele>890.35</ele></trkpt>
            <trkpt lat="48.0810344" lon="-114.2285001"><ele>890.26</ele></trkpt>
            <trkpt lat="48.0809701" lon="-114.2285998"><ele>890.11</ele></trkpt>
            <trkpt lat="48.0809166" lon="-114.2286431"><ele>889.99</ele></trkpt>
            <trkpt lat="48.0808491" lon="-114.2286588"><ele>889.84</ele></trkpt>
            <trkpt lat="48.079684" lon="-114.2285354"><ele>886.84</ele></trkpt>
            <trkpt lat="48.0794396" lon="-114.2285344"><ele>886.3</ele></trkpt>
            <trkpt lat="48.079291" lon="-114.2285753"><ele>886.03</ele></trkpt>
            <trkpt lat="48.0790109" lon="-114.2287434"><ele>885.65</ele></trkpt>
            <trkpt lat="48.0786231" lon="-114.2290932"><ele>885.35</ele></trkpt>
            <trkpt lat="48.0785125" lon="-114.229247"><ele>885.31</ele></trkpt>
            <trkpt lat="48.0783827" lon="-114.2295074"><ele>885.32</ele></trkpt>
            <trkpt lat="48.0783351" lon="-114.229639"><ele>885.34</ele></trkpt>
            <trkpt lat="48.0782826" lon="-114.2298677"><ele>885.39</ele></trkpt>
            <trkpt lat="48.0782001" lon="-114.2303696"><ele>885.52</ele></trkpt>
            <trkpt lat="48.0781228" lon="-114.2306472"><ele>885.56</ele></trkpt>
            <trkpt lat="48.0780397" lon="-114.2309331"><ele>885.56</ele></trkpt>
            <trkpt lat="48.0779241" lon="-114.2311285"><ele>885.53</ele></trkpt>
            <trkpt lat="48.0778837" lon="-114.2312504"><ele>885.49</ele></trkpt>
            <trkpt lat="48.0778598" lon="-114.2314195"><ele>885.44</ele></trkpt>
            <trkpt lat="48.077818" lon="-114.2321209"><ele>885.15</ele></trkpt>
            <trkpt lat="48.077655" lon="-114.233"><ele>884.8</ele></trkpt>
            <trkpt lat="48.0775445" lon="-114.2335937"><ele>884.69</ele></trkpt>
            <trkpt lat="48.0774863" lon="-114.2339408"><ele>884.7</ele></trkpt>
            <trkpt lat="48.0775112" lon="-114.2342973"><ele>884.76</ele></trkpt>
            <trkpt lat="48.0775566" lon="-114.2344467"><ele>884.8</ele></trkpt>
            <trkpt lat="48.0776763" lon="-114.234719"><ele>884.91</ele></trkpt>
            <trkpt lat="48.0776931" lon="-114.2348298"><ele>884.95</ele></trkpt>
            <trkpt lat="48.077635" lon="-114.2357454"><ele>885.29</ele></trkpt>
            <trkpt lat="48.07757" lon="-114.2367316"><ele>885.67</ele></trkpt>
            <trkpt lat="48.0775414" lon="-114.2374614"><ele>886.02</ele></trkpt>
            <trkpt lat="48.0775202" lon="-114.2380087"><ele>886.4</ele></trkpt>
            <trkpt lat="48.07752" lon="-114.2387887"><ele>887.16</ele></trkpt>
            <trkpt lat="48.07752" lon="-114.2395673"><ele>888.17</ele></trkpt>
            <trkpt lat="48.0775198" lon="-114.2409303"><ele>890.27</ele></trkpt>
            <trkpt lat="48.0774133" lon="-114.2424508"><ele>892.64</ele></trkpt>
            <trkpt lat="48.0773565" lon="-114.2432088"><ele>893.63</ele></trkpt>
            <trkpt lat="48.0772378" lon="-114.2437097"><ele>894.14</ele></trkpt>
            <trkpt lat="48.0770705" lon="-114.2441885"><ele>894.49</ele></trkpt>
            <trkpt lat="48.0768595" lon="-114.2445505"><ele>894.66</ele></trkpt>
            <trkpt lat="48.076507" lon="-114.2450259"><ele>894.77</ele></trkpt>
            <trkpt lat="48.0764023" lon="-114.2451346"><ele>894.79</ele></trkpt>
            <trkpt lat="48.0762424" lon="-114.2452602"><ele>894.82</ele></trkpt>
            <trkpt lat="48.0759602" lon="-114.2454168"><ele>894.91</ele></trkpt>
            <trkpt lat="48.0758605" lon="-114.2454508"><ele>894.95</ele></trkpt>
            <trkpt lat="48.0756945" lon="-114.2454702"><ele>895.03</ele></trkpt>
            <trkpt lat="48.0755977" lon="-114.2455121"><ele>895.09</ele></trkpt>
            <trkpt lat="48.0755439" lon="-114.2455553"><ele>895.13</ele></trkpt>
            <trkpt lat="48.0754996" lon="-114.2456478"><ele>895.18</ele></trkpt>
            <trkpt lat="48.0754658" lon="-114.2456658"><ele>895.2</ele></trkpt>
            <trkpt lat="48.0752396" lon="-114.2456567"><ele>895.37</ele></trkpt>
            <trkpt lat="48.0749533" lon="-114.2455726"><ele>895.57</ele></trkpt>
            <trkpt lat="48.074727" lon="-114.2454953"><ele>895.7</ele></trkpt>
            <trkpt lat="48.0745228" lon="-114.2453025"><ele>895.79</ele></trkpt>
            <trkpt lat="48.0741718" lon="-114.2450891"><ele>895.88</ele></trkpt>
            <trkpt lat="48.0739535" lon="-114.2449423"><ele>895.94</ele></trkpt>
            <trkpt lat="48.073574" lon="-114.2444261"><ele>896.15</ele></trkpt>
            <trkpt lat="48.0732861" lon="-114.2440541"><ele>896.53</ele></trkpt>
            <trkpt lat="48.0730951" lon="-114.2438221"><ele>896.93</ele></trkpt>
            <trkpt lat="48.072905" lon="-114.243606"><ele>897.47</ele></trkpt>
            <trkpt lat="48.0722415" lon="-114.2428518"><ele>899.82</ele></trkpt>
            <trkpt lat="48.0717902" lon="-114.2423604"><ele>901.38</ele></trkpt>
            <trkpt lat="48.0715395" lon="-114.2421398"><ele>902.09</ele></trkpt>
            <trkpt lat="48.0710492" lon="-114.2417797"><ele>903.18</ele></trkpt>
            <trkpt lat="48.07058" lon="-114.2414933"><ele>903.93</ele></trkpt>
            <trkpt lat="48.0699925" lon="-114.241135"><ele>904.53</ele></trkpt>
            <trkpt lat="48.0696417" lon="-114.2409211"><ele>904.7</ele></trkpt>
            <trkpt lat="48.069272" lon="-114.2407405"><ele>904.68</ele></trkpt>
            <trkpt lat="48.068948" lon="-114.240394"><ele>904.47</ele></trkpt>
            <trkpt lat="48.0686095" lon="-114.240159"><ele>904.15</ele></trkpt>
            <trkpt lat="48.0678385" lon="-114.2394955"><ele>903.21</ele></trkpt>
            <trkpt lat="48.0671799" lon="-114.2391899"><ele>902.6</ele></trkpt>
            <trkpt lat="48.0662503" lon="-114.2387703"><ele>902.07</ele></trkpt>
            <trkpt lat="48.0658069" lon="-114.2386896"><ele>901.95</ele></trkpt>
            <trkpt lat="48.0654734" lon="-114.2386405"><ele>901.92</ele></trkpt>
            <trkpt lat="48.0652877" lon="-114.2386404"><ele>901.93</ele></trkpt>
            <trkpt lat="48.0646821" lon="-114.2387396"><ele>902</ele></trkpt>
            <trkpt lat="48.0641882" lon="-114.2387749"><ele>902.04</ele></trkpt>
            <trkpt lat="48.0640874" lon="-114.2388024"><ele>902.04</ele></trkpt>
            <trkpt lat="48.0638624" lon="-114.2389742"><ele>902.03</ele></trkpt>
            <trkpt lat="48.0636137" lon="-114.2392703"><ele>901.99</ele></trkpt>
            <trkpt lat="48.0630766" lon="-114.2402044"><ele>901.9</ele></trkpt>
            <trkpt lat="48.0628275" lon="-114.2405556"><ele>901.92</ele></trkpt>
            <trkpt lat="48.0626076" lon="-114.2407427"><ele>901.99</ele></trkpt>
            <trkpt lat="48.0622994" lon="-114.2409301"><ele>902.17</ele></trkpt>
            <trkpt lat="48.0618309" lon="-114.2411494"><ele>902.59</ele></trkpt>
            <trkpt lat="48.0608012" lon="-114.2415496"><ele>903.81</ele></trkpt>
            <trkpt lat="48.0606496" lon="-114.2416404"><ele>904.01</ele></trkpt>
            <trkpt lat="48.0601113" lon="-114.2421327"><ele>904.8</ele></trkpt>
            <trkpt lat="48.0599329" lon="-114.2424"><ele>905.11</ele></trkpt>
            <trkpt lat="48.05986" lon="-114.2424592"><ele>905.21</ele></trkpt>
            <trkpt lat="48.059677" lon="-114.2424888"><ele>905.42</ele></trkpt>
            <trkpt lat="48.0590109" lon="-114.2424899"><ele>906.14</ele></trkpt>
            <trkpt lat="48.0587088" lon="-114.2423995"><ele>906.45</ele></trkpt>
            <trkpt lat="48.0583285" lon="-114.2422485"><ele>906.78</ele></trkpt>
            <trkpt lat="48.0581169" lon="-114.2421102"><ele>906.92</ele></trkpt>
            <trkpt lat="48.0578342" lon="-114.2419125"><ele>907.01</ele></trkpt>
            <trkpt lat="48.057539" lon="-114.2416091"><ele>906.98</ele></trkpt>
            <trkpt lat="48.0574047" lon="-114.2414515"><ele>906.89</ele></trkpt>
            <trkpt lat="48.0571572" lon="-114.2409225"><ele>906.54</ele></trkpt>
            <trkpt lat="48.0566033" lon="-114.2396966"><ele>905.58</ele></trkpt>
            <trkpt lat="48.05645" lon="-114.23935"><ele>905.49</ele></trkpt>
            <trkpt lat="48.0562967" lon="-114.2390033"><ele>905.61</ele></trkpt>
            <trkpt lat="48.0561434" lon="-114.2386566"><ele>905.96</ele></trkpt>
            <trkpt lat="48.05599" lon="-114.23831"><ele>906.53</ele></trkpt>
            <trkpt lat="48.0558367" lon="-114.2379633"><ele>907.27</ele></trkpt>
            <trkpt lat="48.0554533" lon="-114.2370966"><ele>909.4</ele></trkpt>
            <trkpt lat="48.0552233" lon="-114.2365767"><ele>910.52</ele></trkpt>
            <trkpt lat="48.055004" lon="-114.2360905"><ele>911.31</ele></trkpt>
            <trkpt lat="48.0548713" lon="-114.23581"><ele>911.58</ele></trkpt>
            <trkpt lat="48.0547388" lon="-114.23553"><ele>911.68</ele></trkpt>
            <trkpt lat="48.0545415" lon="-114.2351135"><ele>911.54</ele></trkpt>
            <trkpt lat="48.054255" lon="-114.2346376"><ele>911.07</ele></trkpt>
            <trkpt lat="48.0539809" lon="-114.2342114"><ele>910.46</ele></trkpt>
            <trkpt lat="48.0535504" lon="-114.2336206"><ele>909.42</ele></trkpt>
            <trkpt lat="48.0532313" lon="-114.2332717"><ele>908.75</ele></trkpt>
            <trkpt lat="48.0529172" lon="-114.2329585"><ele>908.22</ele></trkpt>
            <trkpt lat="48.0521363" lon="-114.2323637"><ele>907.37</ele></trkpt>
            <trkpt lat="48.0515425" lon="-114.2319075"><ele>907.18</ele></trkpt>
            <trkpt lat="48.0509488" lon="-114.2314512"><ele>907.54</ele></trkpt>
            <trkpt lat="48.0505925" lon="-114.2311775"><ele>908.06</ele></trkpt>
            <trkpt lat="48.0502363" lon="-114.2309037"><ele>908.89</ele></trkpt>
            <trkpt lat="48.0498791" lon="-114.2306296"><ele>909.97</ele></trkpt>
            <trkpt lat="48.0495396" lon="-114.2303993"><ele>911.21</ele></trkpt>
            <trkpt lat="48.0490049" lon="-114.229965"><ele>913.55</ele></trkpt>
            <trkpt lat="48.048545" lon="-114.229625"><ele>915.72</ele></trkpt>
            <trkpt lat="48.0474806" lon="-114.2288383"><ele>920.97</ele></trkpt>
            <trkpt lat="48.0470841" lon="-114.2285463"><ele>922.69</ele></trkpt>
            <trkpt lat="48.0469561" lon="-114.2284852"><ele>923.14</ele></trkpt>
            <trkpt lat="48.0466709" lon="-114.2284245"><ele>923.91</ele></trkpt>
            <trkpt lat="48.0461999" lon="-114.2281899"><ele>924.8</ele></trkpt>
            <trkpt lat="48.045918" lon="-114.2280698"><ele>925.03</ele></trkpt>
            <trkpt lat="48.0458003" lon="-114.2280476"><ele>925.05</ele></trkpt>
            <trkpt lat="48.0454417" lon="-114.2279804"><ele>924.82</ele></trkpt>
            <trkpt lat="48.0451613" lon="-114.22795"><ele>924.4</ele></trkpt>
            <trkpt lat="48.0448827" lon="-114.22792"><ele>923.77</ele></trkpt>
            <trkpt lat="48.0444647" lon="-114.227875"><ele>922.58</ele></trkpt>
            <trkpt lat="48.04335" lon="-114.227755"><ele>919.05</ele></trkpt>
            <trkpt lat="48.042932" lon="-114.22771"><ele>918.03</ele></trkpt>
            <trkpt lat="48.042514" lon="-114.227665"><ele>917.48</ele></trkpt>
            <trkpt lat="48.0422353" lon="-114.227635"><ele>917.52</ele></trkpt>
            <trkpt lat="48.0419567" lon="-114.227605"><ele>917.97</ele></trkpt>
            <trkpt lat="48.0418173" lon="-114.22759"><ele>918.37</ele></trkpt>
            <trkpt lat="48.0415387" lon="-114.22756"><ele>919.46</ele></trkpt>
            <trkpt lat="48.0412591" lon="-114.2275299"><ele>920.87</ele></trkpt>
            <trkpt lat="48.0406207" lon="-114.2274514"><ele>924.58</ele></trkpt>
            <trkpt lat="48.040365" lon="-114.22742"><ele>926.01</ele></trkpt>
            <trkpt lat="48.0399814" lon="-114.2273729"><ele>927.94</ele></trkpt>
            <trkpt lat="48.0397257" lon="-114.2273414"><ele>928.98</ele></trkpt>
            <trkpt lat="48.03934" lon="-114.227302"><ele>930.14</ele></trkpt>
            <trkpt lat="48.0389501" lon="-114.227278"><ele>930.8</ele></trkpt>
            <trkpt lat="48.0386034" lon="-114.22727"><ele>930.93</ele></trkpt>
            <trkpt lat="48.0381982" lon="-114.227298"><ele>930.56</ele></trkpt>
            <trkpt lat="48.0378317" lon="-114.227352"><ele>929.8</ele></trkpt>
            <trkpt lat="48.0375666" lon="-114.22741"><ele>929</ele></trkpt>
            <trkpt lat="48.0372793" lon="-114.2274903"><ele>927.93</ele></trkpt>
            <trkpt lat="48.0367606" lon="-114.2276699"><ele>925.74</ele></trkpt>
            <trkpt lat="48.036212" lon="-114.227922"><ele>923.34</ele></trkpt>
            <trkpt lat="48.0353907" lon="-114.2282997"><ele>919.93</ele></trkpt>
            <trkpt lat="48.0349694" lon="-114.2284757"><ele>918.34</ele></trkpt>
            <trkpt lat="48.034317" lon="-114.2285797"><ele>916.26</ele></trkpt>
            <trkpt lat="48.0341034" lon="-114.2285798"><ele>915.72</ele></trkpt>
            <trkpt lat="48.0336681" lon="-114.228522"><ele>914.9</ele></trkpt>
            <trkpt lat="48.0334741" lon="-114.2284792"><ele>914.67</ele></trkpt>
            <trkpt lat="48.0330022" lon="-114.2282507"><ele>914.42</ele></trkpt>
            <trkpt lat="48.032691" lon="-114.22806"><ele>914.47</ele></trkpt>
            <trkpt lat="48.0323817" lon="-114.2278113"><ele>914.68</ele></trkpt>
            <trkpt lat="48.0313359" lon="-114.2268739"><ele>915.77</ele></trkpt>
            <trkpt lat="48.0308287" lon="-114.2264593"><ele>916.05</ele></trkpt>
            <trkpt lat="48.030594" lon="-114.22632"><ele>916.03</ele></trkpt>
            <trkpt lat="48.0302409" lon="-114.2261108"><ele>915.75</ele></trkpt>
            <trkpt lat="48.029835" lon="-114.22595"><ele>915.14</ele></trkpt>
            <trkpt lat="48.0294305" lon="-114.2257903"><ele>914.24</ele></trkpt>
            <trkpt lat="48.0291273" lon="-114.2257501"><ele>913.36</ele></trkpt>
            <trkpt lat="48.02866" lon="-114.22575"><ele>911.67</ele></trkpt>
            <trkpt lat="48.0283074" lon="-114.22575"><ele>910.1</ele></trkpt>
            <trkpt lat="48.027946" lon="-114.2257747"><ele>908.19</ele></trkpt>
            <trkpt lat="48.027336" lon="-114.2258363"><ele>904.48</ele></trkpt>
            <trkpt lat="48.026238" lon="-114.2259473"><ele>897.25</ele></trkpt>
            <trkpt lat="48.02575" lon="-114.2259967"><ele>894.16</ele></trkpt>
            <trkpt lat="48.025384" lon="-114.2260337"><ele>892.07</ele></trkpt>
            <trkpt lat="48.025018" lon="-114.2260707"><ele>890.28</ele></trkpt>
            <trkpt lat="48.0246521" lon="-114.2261077"><ele>888.82</ele></trkpt>
            <trkpt lat="48.0241771" lon="-114.22615"><ele>887.39</ele></trkpt>
            <trkpt lat="48.0239173" lon="-114.2261574"><ele>886.82</ele></trkpt>
            <trkpt lat="48.0236048" lon="-114.2261515"><ele>886.37</ele></trkpt>
            <trkpt lat="48.0233462" lon="-114.2260988"><ele>886.16</ele></trkpt>
            <trkpt lat="48.0230517" lon="-114.2260102"><ele>886.1</ele></trkpt>
            <trkpt lat="48.0223325" lon="-114.22572"><ele>886.31</ele></trkpt>
            <trkpt lat="48.0218542" lon="-114.2255267"><ele>886.62</ele></trkpt>
            <trkpt lat="48.0207779" lon="-114.2250917"><ele>887.51</ele></trkpt>
            <trkpt lat="48.0202997" lon="-114.2248984"><ele>887.73</ele></trkpt>
            <trkpt lat="48.0198368" lon="-114.2247435"><ele>887.67</ele></trkpt>
            <trkpt lat="48.0195938" lon="-114.2246549"><ele>887.5</ele></trkpt>
            <trkpt lat="48.019524" lon="-114.2245658"><ele>887.4</ele></trkpt>
            <trkpt lat="48.0194958" lon="-114.2244721"><ele>887.32</ele></trkpt>
            <trkpt lat="48.0194977" lon="-114.2232424"><ele>886.08</ele></trkpt>
            <trkpt lat="48.0194739" lon="-114.2230902"><ele>885.93</ele></trkpt>
            <trkpt lat="48.0194298" lon="-114.2230034"><ele>885.84</ele></trkpt>
            <trkpt lat="48.0193327" lon="-114.2229474"><ele>885.72</ele></trkpt>
            <trkpt lat="48.0188885" lon="-114.2228394"><ele>885.31</ele></trkpt>
            <trkpt lat="48.0179932" lon="-114.2225809"><ele>884.83</ele></trkpt>
            <trkpt lat="48.0176822" lon="-114.2224615"><ele>884.72</ele></trkpt>
            <trkpt lat="48.0175617" lon="-114.2224026"><ele>884.68</ele></trkpt>
            <trkpt lat="48.0170207" lon="-114.2220302"><ele>884.58</ele></trkpt>
            <trkpt lat="48.0165477" lon="-114.2216167"><ele>884.57</ele></trkpt>
            <trkpt lat="48.0163816" lon="-114.221411"><ele>884.61</ele></trkpt>
            <trkpt lat="48.0162212" lon="-114.2211418"><ele>884.74</ele></trkpt>
            <trkpt lat="48.015965" lon="-114.22065"><ele>885.14</ele></trkpt>
            <trkpt lat="48.0157097" lon="-114.22016"><ele>885.83</ele></trkpt>
            <trkpt lat="48.0156106" lon="-114.2200209"><ele>886.16</ele></trkpt>
            <trkpt lat="48.015487" lon="-114.2198773"><ele>886.62</ele></trkpt>
            <trkpt lat="48.0152917" lon="-114.2196947"><ele>887.46</ele></trkpt>
            <trkpt lat="48.0151049" lon="-114.2195959"><ele>888.34</ele></trkpt>
            <trkpt lat="48.0147496" lon="-114.2195704"><ele>890.17</ele></trkpt>
            <trkpt lat="48.0144634" lon="-114.2195759"><ele>891.78</ele></trkpt>
            <trkpt lat="48.0141032" lon="-114.2194936"><ele>893.89</ele></trkpt>
            <trkpt lat="48.0140221" lon="-114.219443"><ele>894.39</ele></trkpt>
            <trkpt lat="48.0139584" lon="-114.2193332"><ele>894.91</ele></trkpt>
            <trkpt lat="48.0139268" lon="-114.219187"><ele>895.45</ele></trkpt>
            <trkpt lat="48.0138424" lon="-114.2186318"><ele>897.25</ele></trkpt>
            <trkpt lat="48.0137687" lon="-114.2181521"><ele>898.5</ele></trkpt>
            <trkpt lat="48.0135932" lon="-114.2175442"><ele>899.72</ele></trkpt>
            <trkpt lat="48.0134099" lon="-114.2169446"><ele>900.46</ele></trkpt>
            <trkpt lat="48.0130586" lon="-114.2157966"><ele>901.05</ele></trkpt>
            <trkpt lat="48.012835" lon="-114.2152"><ele>901.04</ele></trkpt>
            <trkpt lat="48.0126103" lon="-114.2145987"><ele>900.81</ele></trkpt>
            <trkpt lat="48.0125314" lon="-114.2142954"><ele>900.65</ele></trkpt>
            <trkpt lat="48.0123992" lon="-114.2136477"><ele>900.29</ele></trkpt>
            <trkpt lat="48.0123401" lon="-114.2135066"><ele>900.22</ele></trkpt>
            <trkpt lat="48.0121862" lon="-114.2132304"><ele>900.12</ele></trkpt>
            <trkpt lat="48.0121357" lon="-114.2131649"><ele>900.11</ele></trkpt>
            <trkpt lat="48.0120445" lon="-114.2130956"><ele>900.1</ele></trkpt>
            <trkpt lat="48.0117693" lon="-114.2130014"><ele>900.17</ele></trkpt>
            <trkpt lat="48.0114701" lon="-114.2129564"><ele>900.34</ele></trkpt>
            <trkpt lat="48.010855" lon="-114.21308"><ele>900.84</ele></trkpt>
            <trkpt lat="48.0103483" lon="-114.2131871"><ele>901.23</ele></trkpt>
            <trkpt lat="48.0097894" lon="-114.2133306"><ele>901.55</ele></trkpt>
            <trkpt lat="48.0090493" lon="-114.2137"><ele>901.78</ele></trkpt>
            <trkpt lat="48.0086903" lon="-114.2138294"><ele>901.79</ele></trkpt>
            <trkpt lat="48.0076833" lon="-114.2139567"><ele>901.6</ele></trkpt>
            <trkpt lat="48.0062855" lon="-114.2141098"><ele>901.22</ele></trkpt>
            <trkpt lat="48.0057825" lon="-114.2141199"><ele>900.97</ele></trkpt>
            <trkpt lat="48.005072" lon="-114.214092"><ele>900.44</ele></trkpt>
            <trkpt lat="48.004536" lon="-114.214056"><ele>899.91</ele></trkpt>
            <trkpt lat="48.0035988" lon="-114.214005"><ele>898.95</ele></trkpt>
            <trkpt lat="48.0031975" lon="-114.21399"><ele>898.71</ele></trkpt>
            <trkpt lat="48.0029283" lon="-114.2139797"><ele>898.69</ele></trkpt>
            <trkpt lat="48.002694" lon="-114.213956"><ele>898.82</ele></trkpt>
            <trkpt lat="48.0023426" lon="-114.2139202"><ele>899.21</ele></trkpt>
            <trkpt lat="48.00219" lon="-114.21387"><ele>899.47</ele></trkpt>
            <trkpt lat="48.0020394" lon="-114.2138196"><ele>899.78</ele></trkpt>
            <trkpt lat="48.001644" lon="-114.213637"><ele>900.82</ele></trkpt>
            <trkpt lat="48.001116" lon="-114.213393"><ele>902.51</ele></trkpt>
            <trkpt lat="48.0007178" lon="-114.2132088"><ele>903.96</ele></trkpt>
            <trkpt lat="48.0003898" lon="-114.2130396"><ele>905.23</ele></trkpt>
            <trkpt lat="48.0000694" lon="-114.2128492"><ele>906.5</ele></trkpt>
            <trkpt lat="47.9997724" lon="-114.2126415"><ele>907.65</ele></trkpt>
            <trkpt lat="47.999425" lon="-114.21237"><ele>908.91</ele></trkpt>
            <trkpt lat="47.9990806" lon="-114.2121004"><ele>910.04</ele></trkpt>
            <trkpt lat="47.9983698" lon="-114.2114597"><ele>912.32</ele></trkpt>
            <trkpt lat="47.99804" lon="-114.211112"><ele>913.59</ele></trkpt>
            <trkpt lat="47.9978201" lon="-114.2108799"><ele>914.6</ele></trkpt>
            <trkpt lat="47.9976112" lon="-114.2106228"><ele>915.83</ele></trkpt>
            <trkpt lat="47.9973913" lon="-114.2103518"><ele>917.35</ele></trkpt>
            <trkpt lat="47.9972598" lon="-114.2101864"><ele>918.41</ele></trkpt>
            <trkpt lat="47.9971924" lon="-114.2101459"><ele>918.88</ele></trkpt>
            <trkpt lat="47.9971588" lon="-114.2101685"><ele>919.13</ele></trkpt>
            <trkpt lat="47.9971416" lon="-114.2102077"><ele>919.35</ele></trkpt>
            <trkpt lat="47.9971485" lon="-114.2108111"><ele>922.28</ele></trkpt>
            <trkpt lat="47.9971203" lon="-114.2111638"><ele>924.08</ele></trkpt>
            <trkpt lat="47.9970703" lon="-114.2112674"><ele>924.73</ele></trkpt>
            <trkpt lat="47.9970222" lon="-114.2113006"><ele>925.14</ele></trkpt>
            <trkpt lat="47.9969775" lon="-114.2113014"><ele>925.48</ele></trkpt>
            <trkpt lat="47.9965976" lon="-114.2110812"><ele>928.55</ele></trkpt>
            <trkpt lat="47.9963528" lon="-114.2110701"><ele>930.27</ele></trkpt>
            <trkpt lat="47.9961932" lon="-114.2109818"><ele>931.37</ele></trkpt>
            <trkpt lat="47.9959399" lon="-114.210794"><ele>933.01</ele></trkpt>
            <trkpt lat="47.995603" lon="-114.2105429"><ele>934.88</ele></trkpt>
            <trkpt lat="47.9952488" lon="-114.2102787"><ele>936.55</ele></trkpt>
            <trkpt lat="47.9945413" lon="-114.2097512"><ele>939.48</ele></trkpt>
            <trkpt lat="47.9941875" lon="-114.2094875"><ele>940.97</ele></trkpt>
            <trkpt lat="47.9938338" lon="-114.2092237"><ele>942.54</ele></trkpt>
            <trkpt lat="47.9934794" lon="-114.2089592"><ele>944.17</ele></trkpt>
            <trkpt lat="47.993055" lon="-114.208575"><ele>946.15</ele></trkpt>
            <trkpt lat="47.9926301" lon="-114.2081897"><ele>947.93</ele></trkpt>
            <trkpt lat="47.99243" lon="-114.20797"><ele>948.66</ele></trkpt>
            <trkpt lat="47.9921333" lon="-114.20763"><ele>949.54</ele></trkpt>
            <trkpt lat="47.9918433" lon="-114.20727"><ele>950.23</ele></trkpt>
            <trkpt lat="47.9916503" lon="-114.2070301"><ele>950.6</ele></trkpt>
            <trkpt lat="47.9914633" lon="-114.2067667"><ele>950.92</ele></trkpt>
            <trkpt lat="47.9910889" lon="-114.2062389"><ele>951.5</ele></trkpt>
            <trkpt lat="47.9908217" lon="-114.2059018"><ele>951.93</ele></trkpt>
            <trkpt lat="47.990545" lon="-114.2054425"><ele>952.53</ele></trkpt>
            <trkpt lat="47.99027" lon="-114.204985"><ele>953.29</ele></trkpt>
            <trkpt lat="47.989995" lon="-114.2045275"><ele>954.28</ele></trkpt>
            <trkpt lat="47.9898117" lon="-114.2042225"><ele>955.13</ele></trkpt>
            <trkpt lat="47.989625" lon="-114.2039161"><ele>956.21</ele></trkpt>
            <trkpt lat="47.989435" lon="-114.2036083"><ele>957.54</ele></trkpt>
            <trkpt lat="47.98915" lon="-114.2031466"><ele>959.97</ele></trkpt>
            <trkpt lat="47.98839" lon="-114.2019155"><ele>967.66</ele></trkpt>
            <trkpt lat="47.9882" lon="-114.2016078"><ele>969.89</ele></trkpt>
            <trkpt lat="47.988105" lon="-114.2014539"><ele>971.12</ele></trkpt>
            <trkpt lat="47.98801" lon="-114.2013002"><ele>972.43</ele></trkpt>
            <trkpt lat="47.987907" lon="-114.201154"><ele>973.82</ele></trkpt>
            <trkpt lat="47.987804" lon="-114.201008"><ele>975.27</ele></trkpt>
            <trkpt lat="47.987701" lon="-114.200862"><ele>976.76</ele></trkpt>
            <trkpt lat="47.987598" lon="-114.200716"><ele>978.26</ele></trkpt>
            <trkpt lat="47.987186" lon="-114.200132"><ele>984.23</ele></trkpt>
            <trkpt lat="47.987083" lon="-114.199986"><ele>985.61</ele></trkpt>
            <trkpt lat="47.9869801" lon="-114.1998404"><ele>986.89</ele></trkpt>
            <trkpt lat="47.9868567" lon="-114.1997167"><ele>988.08</ele></trkpt>
            <trkpt lat="47.9867333" lon="-114.1995933"><ele>989.13</ele></trkpt>
            <trkpt lat="47.98661" lon="-114.19947"><ele>990.01</ele></trkpt>
            <trkpt lat="47.9864833" lon="-114.1993533"><ele>990.73</ele></trkpt>
            <trkpt lat="47.9863567" lon="-114.1992367"><ele>991.29</ele></trkpt>
            <trkpt lat="47.9862299" lon="-114.1991201"><ele>991.69</ele></trkpt>
            <trkpt lat="47.98583" lon="-114.1988401"><ele>992.33</ele></trkpt>
            <trkpt lat="47.98569" lon="-114.1987633"><ele>992.39</ele></trkpt>
            <trkpt lat="47.9854101" lon="-114.1986101"><ele>992.28</ele></trkpt>
            <trkpt lat="47.9849699" lon="-114.19844"><ele>991.72</ele></trkpt>
            <trkpt lat="47.98453" lon="-114.1983001"><ele>990.93</ele></trkpt>
            <trkpt lat="47.9839333" lon="-114.19824"><ele>989.74</ele></trkpt>
            <trkpt lat="47.9836371" lon="-114.1982204"><ele>989.14</ele></trkpt>
            <trkpt lat="47.9835255" lon="-114.19823"><ele>988.92</ele></trkpt>
            <trkpt lat="47.983183" lon="-114.1982598"><ele>988.25</ele></trkpt>
            <trkpt lat="47.9827289" lon="-114.1983503"><ele>987.32</ele></trkpt>
            <trkpt lat="47.9820821" lon="-114.1985021"><ele>985.78</ele></trkpt>
            <trkpt lat="47.9816933" lon="-114.1985933"><ele>984.5</ele></trkpt>
            <trkpt lat="47.9813046" lon="-114.1986846"><ele>982.79</ele></trkpt>
            <trkpt lat="47.9809158" lon="-114.1987758"><ele>980.61</ele></trkpt>
            <trkpt lat="47.9805271" lon="-114.1988671"><ele>978.03</ele></trkpt>
            <trkpt lat="47.9797496" lon="-114.1990496"><ele>972.36</ele></trkpt>
            <trkpt lat="47.9794972" lon="-114.1991028"><ele>970.59</ele></trkpt>
            <trkpt lat="47.9792514" lon="-114.1991486"><ele>968.96</ele></trkpt>
            <trkpt lat="47.9790057" lon="-114.1991943"><ele>967.45</ele></trkpt>
            <trkpt lat="47.9787616" lon="-114.1992396"><ele>966.05</ele></trkpt>
            <trkpt lat="47.9783291" lon="-114.1992798"><ele>963.71</ele></trkpt>
            <trkpt lat="47.977681" lon="-114.1992399"><ele>960.21</ele></trkpt>
            <trkpt lat="47.976965" lon="-114.199085"><ele>956.02</ele></trkpt>
            <trkpt lat="47.9765501" lon="-114.198975"><ele>953.37</ele></trkpt>
            <trkpt lat="47.9761596" lon="-114.1988396"><ele>950.71</ele></trkpt>
            <trkpt lat="47.9756719" lon="-114.1985999"><ele>947.27</ele></trkpt>
            <trkpt lat="47.975416" lon="-114.198464"><ele>945.58</ele></trkpt>
            <trkpt lat="47.975282" lon="-114.198388"><ele>944.76</ele></trkpt>
            <trkpt lat="47.975014" lon="-114.198236"><ele>943.27</ele></trkpt>
            <trkpt lat="47.974076" lon="-114.197704"><ele>938.63</ele></trkpt>
            <trkpt lat="47.973808" lon="-114.197552"><ele>937.23</ele></trkpt>
            <trkpt lat="47.973406" lon="-114.197324"><ele>934.96</ele></trkpt>
            <trkpt lat="47.9730041" lon="-114.197096"><ele>932.45</ele></trkpt>
            <trkpt lat="47.9726525" lon="-114.1968925"><ele>930.05</ele></trkpt>
            <trkpt lat="47.9723263" lon="-114.1967012"><ele>927.69</ele></trkpt>
            <trkpt lat="47.9716529" lon="-114.1963086"><ele>922.81</ele></trkpt>
            <trkpt lat="47.9714214" lon="-114.1961743"><ele>921.31</ele></trkpt>
            <trkpt lat="47.9710743" lon="-114.1959728"><ele>919.44</ele></trkpt>
            <trkpt lat="47.9708429" lon="-114.1958386"><ele>918.5</ele></trkpt>
            <trkpt lat="47.9706114" lon="-114.1957043"><ele>917.87</ele></trkpt>
            <trkpt lat="47.97038" lon="-114.1955693"><ele>917.54</ele></trkpt>
            <trkpt lat="47.9701666" lon="-114.19539"><ele>917.48</ele></trkpt>
            <trkpt lat="47.969956" lon="-114.195192"><ele>917.64</ele></trkpt>
            <trkpt lat="47.96954" lon="-114.1947595"><ele>918.34</ele></trkpt>
            <trkpt lat="47.969258" lon="-114.194394"><ele>918.98</ele></trkpt>
            <trkpt lat="47.9690711" lon="-114.1941513"><ele>919.45</ele></trkpt>
            <trkpt lat="47.96857" lon="-114.19341"><ele>920.83</ele></trkpt>
            <trkpt lat="47.9680686" lon="-114.1926684"><ele>922.34</ele></trkpt>
            <trkpt lat="47.9671416" lon="-114.1915121"><ele>925.05</ele></trkpt>
            <trkpt lat="47.9667698" lon="-114.1911399"><ele>925.96</ele></trkpt>
            <trkpt lat="47.9662887" lon="-114.1907301"><ele>926.9</ele></trkpt>
            <trkpt lat="47.9656199" lon="-114.1901904"><ele>927.92</ele></trkpt>
            <trkpt lat="47.9646197" lon="-114.1896199"><ele>929.04</ele></trkpt>
            <trkpt lat="47.96422" lon="-114.189445"><ele>929.37</ele></trkpt>
            <trkpt lat="47.9638182" lon="-114.1892698"><ele>929.64</ele></trkpt>
            <trkpt lat="47.9632262" lon="-114.18912"><ele>930.01</ele></trkpt>
            <trkpt lat="47.9627374" lon="-114.1890075"><ele>930.4</ele></trkpt>
            <trkpt lat="47.962209" lon="-114.188914"><ele>930.99</ele></trkpt>
            <trkpt lat="47.9609938" lon="-114.1886855"><ele>932.73</ele></trkpt>
            <trkpt lat="47.960184" lon="-114.188776"><ele>933.95</ele></trkpt>
            <trkpt lat="47.95962" lon="-114.1888402"><ele>934.75</ele></trkpt>
            <trkpt lat="47.9587997" lon="-114.1891303"><ele>935.72</ele></trkpt>
            <trkpt lat="47.9582848" lon="-114.1893853"><ele>935.99</ele></trkpt>
            <trkpt lat="47.9580271" lon="-114.1895129"><ele>935.85</ele></trkpt>
            <trkpt lat="47.9577695" lon="-114.1896405"><ele>935.39</ele></trkpt>
            <trkpt lat="47.9575119" lon="-114.1897681"><ele>934.54</ele></trkpt>
            <trkpt lat="47.9572543" lon="-114.1898958"><ele>933.28</ele></trkpt>
            <trkpt lat="47.9571255" lon="-114.1899596"><ele>932.49</ele></trkpt>
            <trkpt lat="47.9569967" lon="-114.1900234"><ele>931.58</ele></trkpt>
            <trkpt lat="47.9567391" lon="-114.190151"><ele>929.49</ele></trkpt>
            <trkpt lat="47.9559662" lon="-114.1905339"><ele>922.5</ele></trkpt>
            <trkpt lat="47.9557086" lon="-114.1906615"><ele>920.28</ele></trkpt>
            <trkpt lat="47.955451" lon="-114.1907891"><ele>918.26</ele></trkpt>
            <trkpt lat="47.9551933" lon="-114.1909167"><ele>916.48</ele></trkpt>
            <trkpt lat="47.9545493" lon="-114.1912358"><ele>912.65</ele></trkpt>
            <trkpt lat="47.9537764" lon="-114.1916186"><ele>908.77</ele></trkpt>
            <trkpt lat="47.9533891" lon="-114.1918103"><ele>907.23</ele></trkpt>
            <trkpt lat="47.9531478" lon="-114.1919089"><ele>906.54</ele></trkpt>
            <trkpt lat="47.9529056" lon="-114.1920078"><ele>906.1</ele></trkpt>
            <trkpt lat="47.9525422" lon="-114.1921561"><ele>905.84</ele></trkpt>
            <trkpt lat="47.9521789" lon="-114.1923045"><ele>906.01</ele></trkpt>
            <trkpt lat="47.9518156" lon="-114.1924528"><ele>906.56</ele></trkpt>
            <trkpt lat="47.9514522" lon="-114.1926011"><ele>907.46</ele></trkpt>
            <trkpt lat="47.950506" lon="-114.192972"><ele>910.48</ele></trkpt>
            <trkpt lat="47.9500367" lon="-114.1931533"><ele>912.01</ele></trkpt>
            <trkpt lat="47.9494501" lon="-114.1933793"><ele>913.87</ele></trkpt>
            <trkpt lat="47.9488389" lon="-114.1934794"><ele>915.74</ele></trkpt>
            <trkpt lat="47.9483823" lon="-114.1934698"><ele>917.15</ele></trkpt>
            <trkpt lat="47.9479022" lon="-114.1933864"><ele>918.69</ele></trkpt>
            <trkpt lat="47.9473874" lon="-114.193168"><ele>920.43</ele></trkpt>
            <trkpt lat="47.9472042" lon="-114.1930622"><ele>921.06</ele></trkpt>
            <trkpt lat="47.946959" lon="-114.192889"><ele>921.91</ele></trkpt>
            <trkpt lat="47.9467483" lon="-114.1927117"><ele>922.62</ele></trkpt>
            <trkpt lat="47.9457957" lon="-114.1919091"><ele>925.6</ele></trkpt>
            <trkpt lat="47.945245" lon="-114.19141"><ele>927.02</ele></trkpt>
            <trkpt lat="47.9448" lon="-114.191"><ele>927.86</ele></trkpt>
            <trkpt lat="47.9444663" lon="-114.1906925"><ele>928.22</ele></trkpt>
            <trkpt lat="47.9440213" lon="-114.1902825"><ele>928.37</ele></trkpt>
            <trkpt lat="47.9436875" lon="-114.189975"><ele>928.23</ele></trkpt>
            <trkpt lat="47.9432425" lon="-114.189565"><ele>927.72</ele></trkpt>
            <trkpt lat="47.94289" lon="-114.1892466"><ele>927.08</ele></trkpt>
            <trkpt lat="47.94237" lon="-114.1887933"><ele>925.84</ele></trkpt>
            <trkpt lat="47.9417519" lon="-114.1882799"><ele>924.08</ele></trkpt>
            <trkpt lat="47.9413372" lon="-114.1879585"><ele>922.77</ele></trkpt>
            <trkpt lat="47.9410115" lon="-114.1877812"><ele>921.7</ele></trkpt>
            <trkpt lat="47.9403689" lon="-114.18757"><ele>919.54</ele></trkpt>
            <trkpt lat="47.9391699" lon="-114.1873457"><ele>915.34</ele></trkpt>
            <trkpt lat="47.937435" lon="-114.1876075"><ele>909.16</ele></trkpt>
            <trkpt lat="47.9370225" lon="-114.1876788"><ele>907.94</ele></trkpt>
            <trkpt lat="47.9366101" lon="-114.1877499"><ele>907.02</ele></trkpt>
            <trkpt lat="47.9360504" lon="-114.1878298"><ele>906.29</ele></trkpt>
            <trkpt lat="47.935597" lon="-114.1877896"><ele>906.17</ele></trkpt>
            <trkpt lat="47.9352406" lon="-114.1877352"><ele>906.45</ele></trkpt>
            <trkpt lat="47.9348402" lon="-114.1875623"><ele>907.19</ele></trkpt>
            <trkpt lat="47.9346452" lon="-114.1874741"><ele>907.71</ele></trkpt>
            <trkpt lat="47.9345466" lon="-114.1874069"><ele>908.04</ele></trkpt>
            <trkpt lat="47.9342545" lon="-114.1871546"><ele>909.26</ele></trkpt>
            <trkpt lat="47.9339096" lon="-114.1868394"><ele>910.95</ele></trkpt>
            <trkpt lat="47.9336996" lon="-114.1866188"><ele>912.11</ele></trkpt>
            <trkpt lat="47.9333495" lon="-114.1861184"><ele>914.41</ele></trkpt>
            <trkpt lat="47.9331312" lon="-114.1857314"><ele>916.01</ele></trkpt>
            <trkpt lat="47.93279" lon="-114.18495"><ele>918.86</ele></trkpt>
            <trkpt lat="47.9324499" lon="-114.1841704"><ele>921.46</ele></trkpt>
            <trkpt lat="47.9322903" lon="-114.1838806"><ele>922.38</ele></trkpt>
            <trkpt lat="47.9320275" lon="-114.183445"><ele>923.6</ele></trkpt>
            <trkpt lat="47.9319401" lon="-114.1833005"><ele>923.94</ele></trkpt>
            <trkpt lat="47.9317404" lon="-114.1830307"><ele>924.52</ele></trkpt>
            <trkpt lat="47.9313794" lon="-114.1826696"><ele>925.17</ele></trkpt>
            <trkpt lat="47.931028" lon="-114.182376"><ele>925.48</ele></trkpt>
            <trkpt lat="47.930676" lon="-114.182082"><ele>925.48</ele></trkpt>
            <trkpt lat="47.930324" lon="-114.181788"><ele>925.15</ele></trkpt>
            <trkpt lat="47.929972" lon="-114.181494"><ele>924.56</ele></trkpt>
            <trkpt lat="47.929369" lon="-114.1809786"><ele>923.33</ele></trkpt>
            <trkpt lat="47.929171" lon="-114.1807511"><ele>923.04</ele></trkpt>
            <trkpt lat="47.9289478" lon="-114.1804762"><ele>922.93</ele></trkpt>
            <trkpt lat="47.9287222" lon="-114.1801231"><ele>923.12</ele></trkpt>
            <trkpt lat="47.9285533" lon="-114.1798"><ele>923.52</ele></trkpt>
            <trkpt lat="47.9281367" lon="-114.179"><ele>924.9</ele></trkpt>
            <trkpt lat="47.92797" lon="-114.17868"><ele>925.41</ele></trkpt>
            <trkpt lat="47.9278034" lon="-114.1783601"><ele>925.81</ele></trkpt>
            <trkpt lat="47.9274109" lon="-114.1776218"><ele>926.49</ele></trkpt>
            <trkpt lat="47.92703" lon="-114.1769901"><ele>927.05</ele></trkpt>
            <trkpt lat="47.9266098" lon="-114.1764099"><ele>927.81</ele></trkpt>
            <trkpt lat="47.9261583" lon="-114.1759186"><ele>928.97</ele></trkpt>
            <trkpt lat="47.925854" lon="-114.175644"><ele>930.07</ele></trkpt>
            <trkpt lat="47.9256515" lon="-114.1754615"><ele>931.05</ele></trkpt>
            <trkpt lat="47.92541" lon="-114.1752667"><ele>932.47</ele></trkpt>
            <trkpt lat="47.9251691" lon="-114.1750898"><ele>934.12</ele></trkpt>
            <trkpt lat="47.9249272" lon="-114.1749293"><ele>935.97</ele></trkpt>
            <trkpt lat="47.9246838" lon="-114.1747683"><ele>937.98</ele></trkpt>
            <trkpt lat="47.924123" lon="-114.1744989"><ele>942.55</ele></trkpt>
            <trkpt lat="47.9239653" lon="-114.1744427"><ele>943.71</ele></trkpt>
            <trkpt lat="47.9236604" lon="-114.1743471"><ele>945.69</ele></trkpt>
            <trkpt lat="47.9235102" lon="-114.1743065"><ele>946.49</ele></trkpt>
            <trkpt lat="47.9233636" lon="-114.174281"><ele>947.14</ele></trkpt>
            <trkpt lat="47.9230694" lon="-114.17423"><ele>948.08</ele></trkpt>
            <trkpt lat="47.9229334" lon="-114.1742233"><ele>948.36</ele></trkpt>
            <trkpt lat="47.9226595" lon="-114.1742101"><ele>948.67</ele></trkpt>
            <trkpt lat="47.9222684" lon="-114.1742102"><ele>948.72</ele></trkpt>
            <trkpt lat="47.9219224" lon="-114.17423"><ele>948.56</ele></trkpt>
            <trkpt lat="47.9214992" lon="-114.1743204"><ele>948.23</ele></trkpt>
            <trkpt lat="47.9207403" lon="-114.1745702"><ele>947.56</ele></trkpt>
            <trkpt lat="47.9202395" lon="-114.1748406"><ele>947.02</ele></trkpt>
            <trkpt lat="47.9201261" lon="-114.17492"><ele>946.87</ele></trkpt>
            <trkpt lat="47.9196692" lon="-114.1752409"><ele>946.15</ele></trkpt>
            <trkpt lat="47.9191505" lon="-114.1756602"><ele>945.04</ele></trkpt>
            <trkpt lat="47.9185608" lon="-114.1762897"><ele>943.23</ele></trkpt>
            <trkpt lat="47.9181898" lon="-114.1768107"><ele>941.52</ele></trkpt>
            <trkpt lat="47.9178539" lon="-114.1773462"><ele>939.41</ele></trkpt>
            <trkpt lat="47.9175897" lon="-114.177801"><ele>937.34</ele></trkpt>
            <trkpt lat="47.9168634" lon="-114.17941"><ele>929.91</ele></trkpt>
            <trkpt lat="47.9166454" lon="-114.179893"><ele>927.97</ele></trkpt>
            <trkpt lat="47.9164274" lon="-114.1803761"><ele>926.4</ele></trkpt>
            <trkpt lat="47.916282" lon="-114.180698"><ele>925.63</ele></trkpt>
            <trkpt lat="47.916064" lon="-114.181181"><ele>924.85</ele></trkpt>
            <trkpt lat="47.9157733" lon="-114.181825"><ele>924.29</ele></trkpt>
            <trkpt lat="47.9154826" lon="-114.1824691"><ele>924.12</ele></trkpt>
            <trkpt lat="47.91511" lon="-114.1833078"><ele>924.3</ele></trkpt>
            <trkpt lat="47.91436" lon="-114.1850022"><ele>925.06</ele></trkpt>
            <trkpt lat="47.91406" lon="-114.1856798"><ele>925.16</ele></trkpt>
            <trkpt lat="47.9138102" lon="-114.1861694"><ele>925.02</ele></trkpt>
            <trkpt lat="47.9133288" lon="-114.1869888"><ele>924.36</ele></trkpt>
            <trkpt lat="47.9129529" lon="-114.1876159"><ele>923.55</ele></trkpt>
            <trkpt lat="47.9123422" lon="-114.1885689"><ele>921.89</ele></trkpt>
            <trkpt lat="47.9114705" lon="-114.1899295"><ele>919.17</ele></trkpt>
            <trkpt lat="47.9112129" lon="-114.1903807"><ele>918.3</ele></trkpt>
            <trkpt lat="47.9109827" lon="-114.1908645"><ele>917.45</ele></trkpt>
            <trkpt lat="47.910738" lon="-114.1915028"><ele>916.45</ele></trkpt>
            <trkpt lat="47.9106089" lon="-114.1919216"><ele>915.89</ele></trkpt>
            <trkpt lat="47.9104999" lon="-114.1923504"><ele>915.4</ele></trkpt>
            <trkpt lat="47.910379" lon="-114.1929763"><ele>914.83</ele></trkpt>
            <trkpt lat="47.9102998" lon="-114.1936076"><ele>914.42</ele></trkpt>
            <trkpt lat="47.9102685" lon="-114.1940529"><ele>914.28</ele></trkpt>
            <trkpt lat="47.9102571" lon="-114.1945018"><ele>914.32</ele></trkpt>
            <trkpt lat="47.9102719" lon="-114.1950819"><ele>914.65</ele></trkpt>
            <trkpt lat="47.9103039" lon="-114.1954674"><ele>915.08</ele></trkpt>
            <trkpt lat="47.9103201" lon="-114.195659"><ele>915.37</ele></trkpt>
            <trkpt lat="47.9103535" lon="-114.1958611"><ele>915.75</ele></trkpt>
            <trkpt lat="47.9104205" lon="-114.196263"><ele>916.62</ele></trkpt>
            <trkpt lat="47.910588" lon="-114.197268"><ele>919.02</ele></trkpt>
            <trkpt lat="47.910655" lon="-114.19767"><ele>919.82</ele></trkpt>
            <trkpt lat="47.9106885" lon="-114.197871"><ele>920.14</ele></trkpt>
            <trkpt lat="47.9107555" lon="-114.198273"><ele>920.61</ele></trkpt>
            <trkpt lat="47.9108895" lon="-114.199077"><ele>921.21</ele></trkpt>
            <trkpt lat="47.9109899" lon="-114.1996822"><ele>921.62</ele></trkpt>
            <trkpt lat="47.9110298" lon="-114.2004083"><ele>922.2</ele></trkpt>
            <trkpt lat="47.9110266" lon="-114.200811"><ele>922.61</ele></trkpt>
            <trkpt lat="47.9109993" lon="-114.201213"><ele>923.1</ele></trkpt>
            <trkpt lat="47.9109189" lon="-114.2017135"><ele>923.81</ele></trkpt>
            <trkpt lat="47.9108007" lon="-114.2021967"><ele>924.58</ele></trkpt>
            <trkpt lat="47.910622" lon="-114.2027533"><ele>925.54</ele></trkpt>
            <trkpt lat="47.9103979" lon="-114.2032734"><ele>926.53</ele></trkpt>
            <trkpt lat="47.9101873" lon="-114.2036519"><ele>927.3</ele></trkpt>
            <trkpt lat="47.9099516" lon="-114.203997"><ele>928.06</ele></trkpt>
            <trkpt lat="47.9093104" lon="-114.2046593"><ele>929.7</ele></trkpt>
            <trkpt lat="47.9087033" lon="-114.2051367"><ele>930.87</ele></trkpt>
            <trkpt lat="47.908218" lon="-114.205518"><ele>931.47</ele></trkpt>
            <trkpt lat="47.9076114" lon="-114.2059946"><ele>931.76</ele></trkpt>
            <trkpt lat="47.9071901" lon="-114.2063636"><ele>931.63</ele></trkpt>
            <trkpt lat="47.9068372" lon="-114.2066857"><ele>931.24</ele></trkpt>
            <trkpt lat="47.9066596" lon="-114.2068642"><ele>930.92</ele></trkpt>
            <trkpt lat="47.9063207" lon="-114.2073394"><ele>929.99</ele></trkpt>
            <trkpt lat="47.9061412" lon="-114.2076444"><ele>929.34</ele></trkpt>
            <trkpt lat="47.9059806" lon="-114.2079688"><ele>928.63</ele></trkpt>
            <trkpt lat="47.9058216" lon="-114.2083951"><ele>927.74</ele></trkpt>
            <trkpt lat="47.9056895" lon="-114.2088424"><ele>926.89</ele></trkpt>
            <trkpt lat="47.90557" lon="-114.2093817"><ele>926.04</ele></trkpt>
            <trkpt lat="47.90549" lon="-114.2097428"><ele>925.62</ele></trkpt>
            <trkpt lat="47.90533" lon="-114.210465"><ele>925.13</ele></trkpt>
            <trkpt lat="47.90525" lon="-114.2108261"><ele>925.09</ele></trkpt>
            <trkpt lat="47.90513" lon="-114.2113678"><ele>925.36</ele></trkpt>
            <trkpt lat="47.9049703" lon="-114.2120885"><ele>926.11</ele></trkpt>
            <trkpt lat="47.904634" lon="-114.213469"><ele>928.11</ele></trkpt>
            <trkpt lat="47.9044901" lon="-114.2140599"><ele>929</ele></trkpt>
            <trkpt lat="47.9042599" lon="-114.2152798"><ele>930.76</ele></trkpt>
            <trkpt lat="47.9039968" lon="-114.2161519"><ele>932.06</ele></trkpt>
            <trkpt lat="47.9033178" lon="-114.217637"><ele>934.41</ele></trkpt>
            <trkpt lat="47.903148" lon="-114.2178936"><ele>934.85</ele></trkpt>
            <trkpt lat="47.9029893" lon="-114.2180906"><ele>935.19</ele></trkpt>
            <trkpt lat="47.9023647" lon="-114.2186388"><ele>936.17</ele></trkpt>
            <trkpt lat="47.9019699" lon="-114.2189707"><ele>936.52</ele></trkpt>
            <trkpt lat="47.9015071" lon="-114.2192206"><ele>936.55</ele></trkpt>
            <trkpt lat="47.9010397" lon="-114.219355"><ele>936.23</ele></trkpt>
            <trkpt lat="47.9006524" lon="-114.2193558"><ele>935.73</ele></trkpt>
            <trkpt lat="47.8995995" lon="-114.2193443"><ele>933.97</ele></trkpt>
            <trkpt lat="47.8992067" lon="-114.21934"><ele>933.45</ele></trkpt>
            <trkpt lat="47.8988138" lon="-114.2193357"><ele>933.13</ele></trkpt>
            <trkpt lat="47.898159" lon="-114.2193286"><ele>932.97</ele></trkpt>
            <trkpt lat="47.8965876" lon="-114.2193114"><ele>933.29</ele></trkpt>
            <trkpt lat="47.895671" lon="-114.2193014"><ele>933.25</ele></trkpt>
            <trkpt lat="47.89554" lon="-114.2192998"><ele>933.19</ele></trkpt>
            <trkpt lat="47.8948901" lon="-114.2192099"><ele>932.64</ele></trkpt>
            <trkpt lat="47.8945" lon="-114.219125"><ele>932.04</ele></trkpt>
            <trkpt lat="47.8941076" lon="-114.2190391"><ele>931.13</ele></trkpt>
            <trkpt lat="47.8936539" lon="-114.218896"><ele>929.64</ele></trkpt>
            <trkpt lat="47.893402" lon="-114.218808"><ele>928.57</ele></trkpt>
            <trkpt lat="47.8931508" lon="-114.2187201"><ele>927.28</ele></trkpt>
            <trkpt lat="47.8927525" lon="-114.2185175"><ele>924.85</ele></trkpt>
            <trkpt lat="47.8920995" lon="-114.2181794"><ele>920.42</ele></trkpt>
            <trkpt lat="47.8911497" lon="-114.2175194"><ele>913.52</ele></trkpt>
            <trkpt lat="47.8906042" lon="-114.2170117"><ele>909.52</ele></trkpt>
            <trkpt lat="47.8901675" lon="-114.216605"><ele>906.64</ele></trkpt>
            <trkpt lat="47.88984" lon="-114.2162996"><ele>904.78</ele></trkpt>
            <trkpt lat="47.88944" lon="-114.2158333"><ele>902.75</ele></trkpt>
            <trkpt lat="47.8892407" lon="-114.2156007"><ele>901.96</ele></trkpt>
            <trkpt lat="47.8890367" lon="-114.2153267"><ele>901.33</ele></trkpt>
            <trkpt lat="47.8886289" lon="-114.2147787"><ele>900.54</ele></trkpt>
            <trkpt lat="47.8881586" lon="-114.2141993"><ele>900.11</ele></trkpt>
            <trkpt lat="47.887971" lon="-114.2140189"><ele>900.06</ele></trkpt>
            <trkpt lat="47.8876661" lon="-114.2137813"><ele>900.11</ele></trkpt>
            <trkpt lat="47.8873584" lon="-114.2136022"><ele>900.24</ele></trkpt>
            <trkpt lat="47.8870985" lon="-114.2134931"><ele>900.38</ele></trkpt>
            <trkpt lat="47.8868073" lon="-114.213413"><ele>900.56</ele></trkpt>
            <trkpt lat="47.8864299" lon="-114.2133719"><ele>900.8</ele></trkpt>
            <trkpt lat="47.8860508" lon="-114.2134002"><ele>901.05</ele></trkpt>
            <trkpt lat="47.8853501" lon="-114.2136201"><ele>901.53</ele></trkpt>
            <trkpt lat="47.8850596" lon="-114.2137905"><ele>901.75</ele></trkpt>
            <trkpt lat="47.8844485" lon="-114.2143321"><ele>902.22</ele></trkpt>
            <trkpt lat="47.88371" lon="-114.2152298"><ele>902.81</ele></trkpt>
            <trkpt lat="47.882855" lon="-114.21622"><ele>903.43</ele></trkpt>
            <trkpt lat="47.8806657" lon="-114.2187657"><ele>905.17</ele></trkpt>
            <trkpt lat="47.8800829" lon="-114.2194729"><ele>905.85</ele></trkpt>
            <trkpt lat="47.8795016" lon="-114.2201781"><ele>906.79</ele></trkpt>
            <trkpt lat="47.8791694" lon="-114.2205179"><ele>907.45</ele></trkpt>
            <trkpt lat="47.8785806" lon="-114.2208847"><ele>908.74</ele></trkpt>
            <trkpt lat="47.8780203" lon="-114.2212192"><ele>910.16</ele></trkpt>
            <trkpt lat="47.8769336" lon="-114.2215993"><ele>912.98</ele></trkpt>
            <trkpt lat="47.8763312" lon="-114.2218099"><ele>914.37</ele></trkpt>
            <trkpt lat="47.8759466" lon="-114.222033"><ele>915.11</ele></trkpt>
            <trkpt lat="47.8755077" lon="-114.222401"><ele>915.75</ele></trkpt>
            <trkpt lat="47.8751473" lon="-114.2228444"><ele>916.12</ele></trkpt>
            <trkpt lat="47.8748763" lon="-114.2232525"><ele>916.26</ele></trkpt>
            <trkpt lat="47.8746323" lon="-114.2237751"><ele>916.31</ele></trkpt>
            <trkpt lat="47.8744695" lon="-114.2241919"><ele>916.29</ele></trkpt>
            <trkpt lat="47.8743193" lon="-114.2247346"><ele>916.24</ele></trkpt>
            <trkpt lat="47.8742611" lon="-114.225035"><ele>916.21</ele></trkpt>
            <trkpt lat="47.87417" lon="-114.2258448"><ele>916.1</ele></trkpt>
            <trkpt lat="47.8741504" lon="-114.2263269"><ele>915.99</ele></trkpt>
            <trkpt lat="47.8742642" lon="-114.2316777"><ele>914.25</ele></trkpt>
            <trkpt lat="47.8742838" lon="-114.2325997"><ele>913.67</ele></trkpt>
            <trkpt lat="47.8742995" lon="-114.2333374"><ele>912.96</ele></trkpt>
            <trkpt lat="47.8743153" lon="-114.234075"><ele>912.03</ele></trkpt>
            <trkpt lat="47.8743624" lon="-114.2362878"><ele>908.72</ele></trkpt>
            <trkpt lat="47.874382" lon="-114.2372099"><ele>907.55</ele></trkpt>
            <trkpt lat="47.8743938" lon="-114.2377631"><ele>907.05</ele></trkpt>
            <trkpt lat="47.8744055" lon="-114.2383163"><ele>906.77</ele></trkpt>
            <trkpt lat="47.8744173" lon="-114.2388695"><ele>906.74</ele></trkpt>
            <trkpt lat="47.8744291" lon="-114.2394227"><ele>906.95</ele></trkpt>
            <trkpt lat="47.8744408" lon="-114.2399759"><ele>907.42</ele></trkpt>
            <trkpt lat="47.8744526" lon="-114.2405292"><ele>908.15</ele></trkpt>
            <trkpt lat="47.8744643" lon="-114.2410824"><ele>909.13</ele></trkpt>
            <trkpt lat="47.8744799" lon="-114.2418201"><ele>910.76</ele></trkpt>
            <trkpt lat="47.8744696" lon="-114.243291"><ele>914.51</ele></trkpt>
            <trkpt lat="47.8743399" lon="-114.2450394"><ele>919.14</ele></trkpt>
            <trkpt lat="47.8742503" lon="-114.2459267"><ele>921.32</ele></trkpt>
            <trkpt lat="47.8740595" lon="-114.2472426"><ele>924.18</ele></trkpt>
            <trkpt lat="47.8739625" lon="-114.2477763"><ele>925.15</ele></trkpt>
            <trkpt lat="47.8738325" lon="-114.2484913"><ele>926.15</ele></trkpt>
            <trkpt lat="47.8735998" lon="-114.2495802"><ele>927.24</ele></trkpt>
            <trkpt lat="47.8734133" lon="-114.25028"><ele>927.68</ele></trkpt>
            <trkpt lat="47.8732733" lon="-114.2508127"><ele>927.8</ele></trkpt>
            <trkpt lat="47.8731333" lon="-114.2513607"><ele>927.73</ele></trkpt>
            <trkpt lat="47.8729467" lon="-114.2520913"><ele>927.37</ele></trkpt>
            <trkpt lat="47.8728067" lon="-114.2526393"><ele>926.9</ele></trkpt>
            <trkpt lat="47.8726202" lon="-114.2533694"><ele>926.02</ele></trkpt>
            <trkpt lat="47.872455" lon="-114.25415"><ele>924.8</ele></trkpt>
            <trkpt lat="47.8723313" lon="-114.2547349"><ele>923.65</ele></trkpt>
            <trkpt lat="47.8721757" lon="-114.2556529"><ele>921.53</ele></trkpt>
            <trkpt lat="47.872005" lon="-114.2567327"><ele>918.63</ele></trkpt>
            <trkpt lat="47.8718614" lon="-114.2575991"><ele>916.04</ele></trkpt>
            <trkpt lat="47.8715928" lon="-114.25945"><ele>910.26</ele></trkpt>
            <trkpt lat="47.8714104" lon="-114.2607072"><ele>906.61</ele></trkpt>
            <trkpt lat="47.871325" lon="-114.26138"><ele>904.92</ele></trkpt>
            <trkpt lat="47.8712683" lon="-114.2618266"><ele>903.98</ele></trkpt>
            <trkpt lat="47.8711959" lon="-114.2624165"><ele>902.98</ele></trkpt>
            <trkpt lat="47.8711299" lon="-114.2629664"><ele>902.28</ele></trkpt>
            <trkpt lat="47.8710417" lon="-114.2636994"><ele>901.65</ele></trkpt>
            <trkpt lat="47.8709536" lon="-114.2644325"><ele>901.31</ele></trkpt>
            <trkpt lat="47.8708655" lon="-114.2651656"><ele>901.24</ele></trkpt>
            <trkpt lat="47.8707774" lon="-114.2658987"><ele>901.43</ele></trkpt>
            <trkpt lat="47.8706672" lon="-114.266815"><ele>901.94</ele></trkpt>
            <trkpt lat="47.8705791" lon="-114.2675481"><ele>902.51</ele></trkpt>
            <trkpt lat="47.8703146" lon="-114.2697473"><ele>904.35</ele></trkpt>
            <trkpt lat="47.8702265" lon="-114.2704804"><ele>904.53</ele></trkpt>
            <trkpt lat="47.8701604" lon="-114.2710302"><ele>904.28</ele></trkpt>
            <trkpt lat="47.8700722" lon="-114.2717632"><ele>903.39</ele></trkpt>
            <trkpt lat="47.8700281" lon="-114.2721298"><ele>902.7</ele></trkpt>
            <trkpt lat="47.869962" lon="-114.2726796"><ele>901.33</ele></trkpt>
            <trkpt lat="47.8698738" lon="-114.2734126"><ele>899.14</ele></trkpt>
            <trkpt lat="47.8697195" lon="-114.2746955"><ele>894.97</ele></trkpt>
            <trkpt lat="47.8696754" lon="-114.275062"><ele>893.88</ele></trkpt>
            <trkpt lat="47.8696313" lon="-114.2754285"><ele>892.93</ele></trkpt>
            <trkpt lat="47.8695872" lon="-114.275795"><ele>892.14</ele></trkpt>
            <trkpt lat="47.8695431" lon="-114.2761616"><ele>891.54</ele></trkpt>
            <trkpt lat="47.869499" lon="-114.2765281"><ele>891.12</ele></trkpt>
            <trkpt lat="47.8694328" lon="-114.2770779"><ele>890.78</ele></trkpt>
            <trkpt lat="47.8693446" lon="-114.2778109"><ele>890.7</ele></trkpt>
            <trkpt lat="47.8692564" lon="-114.2785439"><ele>890.95</ele></trkpt>
            <trkpt lat="47.8691682" lon="-114.279277"><ele>891.49</ele></trkpt>
            <trkpt lat="47.8690795" lon="-114.2800111"><ele>892.24</ele></trkpt>
            <trkpt lat="47.8688671" lon="-114.2810482"><ele>893.45</ele></trkpt>
            <trkpt lat="47.8686463" lon="-114.2816864"><ele>894.09</ele></trkpt>
            <trkpt lat="47.8685166" lon="-114.2820551"><ele>894.29</ele></trkpt>
            <trkpt lat="47.8684629" lon="-114.2821728"><ele>894.31</ele></trkpt>
            <trkpt lat="47.8684191" lon="-114.2822055"><ele>894.31</ele></trkpt>
            <trkpt lat="47.8683692" lon="-114.2822107"><ele>894.3</ele></trkpt>
            <trkpt lat="47.8682895" lon="-114.2821434"><ele>894.26</ele></trkpt>
            <trkpt lat="47.868076" lon="-114.2818405"><ele>893.99</ele></trkpt>
            <trkpt lat="47.867101" lon="-114.2804529"><ele>891.93</ele></trkpt>
            <trkpt lat="47.8666024" lon="-114.2797372"><ele>890.98</ele></trkpt>
            <trkpt lat="47.8664725" lon="-114.2794668"><ele>890.73</ele></trkpt>
            <trkpt lat="47.8664324" lon="-114.2793353"><ele>890.64</ele></trkpt>
            <trkpt lat="47.8663934" lon="-114.2790702"><ele>890.49</ele></trkpt>
            <trkpt lat="47.8663851" lon="-114.2786319"><ele>890.29</ele></trkpt>
            <trkpt lat="47.8663624" lon="-114.2785647"><ele>890.26</ele></trkpt>
            <trkpt lat="47.8663205" lon="-114.2785253"><ele>890.23</ele></trkpt>
            <trkpt lat="47.8662629" lon="-114.2785266"><ele>890.19</ele></trkpt>
            <trkpt lat="47.8656599" lon="-114.2788104"><ele>889.69</ele></trkpt>
            <trkpt lat="47.86526" lon="-114.2789737"><ele>889.18</ele></trkpt>
            <trkpt lat="47.86487" lon="-114.279105"><ele>888.51</ele></trkpt>
            <trkpt lat="47.8643505" lon="-114.2792799"><ele>887.45</ele></trkpt>
            <trkpt lat="47.8638096" lon="-114.27951"><ele>886.34</ele></trkpt>
            <trkpt lat="47.8634167" lon="-114.2796383"><ele>885.7</ele></trkpt>
            <trkpt lat="47.8630233" lon="-114.2797667"><ele>885.28</ele></trkpt>
            <trkpt lat="47.8617122" lon="-114.2801944"><ele>884.71</ele></trkpt>
            <trkpt lat="47.8614472" lon="-114.2802813"><ele>884.77</ele></trkpt>
            <trkpt lat="47.8611332" lon="-114.2804085"><ele>885.03</ele></trkpt>
            <trkpt lat="47.860855" lon="-114.28048"><ele>885.45</ele></trkpt>
            <trkpt lat="47.8605747" lon="-114.2805501"><ele>886.06</ele></trkpt>
            <trkpt lat="47.86038" lon="-114.2805619"><ele>886.6</ele></trkpt>
            <trkpt lat="47.8601848" lon="-114.28055"><ele>887.23</ele></trkpt>
            <trkpt lat="47.8599207" lon="-114.2804872"><ele>888.24</ele></trkpt>
            <trkpt lat="47.8596712" lon="-114.2803705"><ele>889.31</ele></trkpt>
            <trkpt lat="47.8593901" lon="-114.2801501"><ele>890.68</ele></trkpt>
            <trkpt lat="47.8590619" lon="-114.2797768"><ele>892.42</ele></trkpt>
            <trkpt lat="47.8587234" lon="-114.2792414"><ele>894.27</ele></trkpt>
            <trkpt lat="47.8585615" lon="-114.2789826"><ele>894.98</ele></trkpt>
            <trkpt lat="47.85845" lon="-114.2788299"><ele>895.33</ele></trkpt>
            <trkpt lat="47.8582271" lon="-114.2785269"><ele>895.81</ele></trkpt>
            <trkpt lat="47.8580242" lon="-114.2782971"><ele>896</ele></trkpt>
            <trkpt lat="47.8578163" lon="-114.2780792"><ele>895.99</ele></trkpt>
            <trkpt lat="47.8574894" lon="-114.2778597"><ele>895.71</ele></trkpt>
            <trkpt lat="47.8572368" lon="-114.2777134"><ele>895.32</ele></trkpt>
            <trkpt lat="47.857107" lon="-114.277639"><ele>895.06</ele></trkpt>
            <trkpt lat="47.8567929" lon="-114.2775116"><ele>894.32</ele></trkpt>
            <trkpt lat="47.8561201" lon="-114.2774101"><ele>892.51</ele></trkpt>
            <trkpt lat="47.8553025" lon="-114.2773425"><ele>890.29</ele></trkpt>
            <trkpt lat="47.8550296" lon="-114.2773198"><ele>889.7</ele></trkpt>
            <trkpt lat="47.8546406" lon="-114.2772494"><ele>889.13</ele></trkpt>
            <trkpt lat="47.854251" lon="-114.2771784"><ele>888.86</ele></trkpt>
            <trkpt lat="47.8540026" lon="-114.2770922"><ele>888.85</ele></trkpt>
            <trkpt lat="47.8533798" lon="-114.2768747"><ele>889.12</ele></trkpt>
            <trkpt lat="47.8530452" lon="-114.2767068"><ele>889.23</ele></trkpt>
            <trkpt lat="47.8528225" lon="-114.2765945"><ele>889.24</ele></trkpt>
            <trkpt lat="47.8524706" lon="-114.2763801"><ele>889.12</ele></trkpt>
            <trkpt lat="47.8517607" lon="-114.2758405"><ele>888.69</ele></trkpt>
            <trkpt lat="47.8515067" lon="-114.2756334"><ele>888.61</ele></trkpt>
            <trkpt lat="47.85127" lon="-114.2754343"><ele>888.66</ele></trkpt>
            <trkpt lat="47.8510497" lon="-114.2752426"><ele>888.82</ele></trkpt>
            <trkpt lat="47.8506727" lon="-114.2749148"><ele>889.31</ele></trkpt>
            <trkpt lat="47.8504396" lon="-114.274784"><ele>889.66</ele></trkpt>
            <trkpt lat="47.8500224" lon="-114.274641"><ele>890.31</ele></trkpt>
            <trkpt lat="47.8497252" lon="-114.2746108"><ele>890.71</ele></trkpt>
            <trkpt lat="47.8494298" lon="-114.2746301"><ele>890.99</ele></trkpt>
            <trkpt lat="47.8491339" lon="-114.2746881"><ele>891.13</ele></trkpt>
            <trkpt lat="47.8488378" lon="-114.2748055"><ele>891.11</ele></trkpt>
            <trkpt lat="47.8485164" lon="-114.2750416"><ele>890.9</ele></trkpt>
            <trkpt lat="47.8481399" lon="-114.2753201"><ele>890.49</ele></trkpt>
            <trkpt lat="47.8469254" lon="-114.2762951"><ele>888.82</ele></trkpt>
            <trkpt lat="47.8464396" lon="-114.2766851"><ele>888.36</ele></trkpt>
            <trkpt lat="47.8458323" lon="-114.2771726"><ele>888.11</ele></trkpt>
            <trkpt lat="47.8453465" lon="-114.2775626"><ele>888.19</ele></trkpt>
            <trkpt lat="47.8449821" lon="-114.2778551"><ele>888.43</ele></trkpt>
            <trkpt lat="47.8446177" lon="-114.2781476"><ele>888.79</ele></trkpt>
            <trkpt lat="47.8435246" lon="-114.2790251"><ele>890.09</ele></trkpt>
            <trkpt lat="47.8430388" lon="-114.2794151"><ele>890.45</ele></trkpt>
            <trkpt lat="47.8425529" lon="-114.279805"><ele>890.56</ele></trkpt>
            <trkpt lat="47.841505" lon="-114.28063"><ele>890.35</ele></trkpt>
            <trkpt lat="47.8402396" lon="-114.2816209"><ele>890.19</ele></trkpt>
            <trkpt lat="47.83994" lon="-114.2819457"><ele>890.29</ele></trkpt>
            <trkpt lat="47.8395412" lon="-114.282379"><ele>890.63</ele></trkpt>
            <trkpt lat="47.8390395" lon="-114.2831012"><ele>891.29</ele></trkpt>
            <trkpt lat="47.8386304" lon="-114.2838298"><ele>891.9</ele></trkpt>
            <trkpt lat="47.8382799" lon="-114.2846612"><ele>892.42</ele></trkpt>
            <trkpt lat="47.8380807" lon="-114.2853378"><ele>892.67</ele></trkpt>
            <trkpt lat="47.8378699" lon="-114.2861521"><ele>892.73</ele></trkpt>
            <trkpt lat="47.83777" lon="-114.28689"><ele>892.52</ele></trkpt>
            <trkpt lat="47.8377202" lon="-114.2872598"><ele>892.27</ele></trkpt>
            <trkpt lat="47.8377075" lon="-114.28745"><ele>892.08</ele></trkpt>
            <trkpt lat="47.8376703" lon="-114.2880213"><ele>891.36</ele></trkpt>
            <trkpt lat="47.8376901" lon="-114.2889178"><ele>889.98</ele></trkpt>
            <trkpt lat="47.8377375" lon="-114.2895225"><ele>889.02</ele></trkpt>
            <trkpt lat="47.837785" lon="-114.290125"><ele>888.16</ele></trkpt>
            <trkpt lat="47.8378325" lon="-114.2907275"><ele>887.49</ele></trkpt>
            <trkpt lat="47.8378803" lon="-114.2913323"><ele>887.03</ele></trkpt>
            <trkpt lat="47.8379489" lon="-114.2920411"><ele>886.76</ele></trkpt>
            <trkpt lat="47.8381039" lon="-114.2936411"><ele>886.7</ele></trkpt>
            <trkpt lat="47.8382435" lon="-114.295138"><ele>886.92</ele></trkpt>
            <trkpt lat="47.8383684" lon="-114.2965566"><ele>887.39</ele></trkpt>
            <trkpt lat="47.8385111" lon="-114.2981779"><ele>888.31</ele></trkpt>
            <trkpt lat="47.8386182" lon="-114.2993939"><ele>889.32</ele></trkpt>
            <trkpt lat="47.8387787" lon="-114.3012179"><ele>891.29</ele></trkpt>
            <trkpt lat="47.8389748" lon="-114.3034473"><ele>894.01</ele></trkpt>
            <trkpt lat="47.8390461" lon="-114.304258"><ele>894.89</ele></trkpt>
            <trkpt lat="47.83926" lon="-114.3066961"><ele>897.13</ele></trkpt>
            <trkpt lat="47.8392775" lon="-114.3073154"><ele>897.64</ele></trkpt>
            <trkpt lat="47.8392929" lon="-114.3073893"><ele>897.7</ele></trkpt>
            <trkpt lat="47.8393324" lon="-114.3074644"><ele>897.77</ele></trkpt>
            <trkpt lat="47.839461" lon="-114.3075761"><ele>897.94</ele></trkpt>
            <trkpt lat="47.8395013" lon="-114.3076385"><ele>898</ele></trkpt>
            <trkpt lat="47.8395247" lon="-114.3077152"><ele>898.06</ele></trkpt>
            <trkpt lat="47.8395235" lon="-114.3078312"><ele>898.14</ele></trkpt>
            <trkpt lat="47.8394798" lon="-114.3083011"><ele>898.47</ele></trkpt>
            <trkpt lat="47.8391901" lon="-114.3103012"><ele>899.9</ele></trkpt>
            <trkpt lat="47.8376429" lon="-114.3218083"><ele>909.44</ele></trkpt>
            <trkpt lat="47.8374182" lon="-114.3234786"><ele>910.32</ele></trkpt>
            <trkpt lat="47.8372435" lon="-114.3247778"><ele>910.5</ele></trkpt>
            <trkpt lat="47.8370437" lon="-114.3262625"><ele>910.06</ele></trkpt>
            <trkpt lat="47.8368439" lon="-114.3277472"><ele>909.04</ele></trkpt>
            <trkpt lat="47.8366941" lon="-114.3288607"><ele>907.95</ele></trkpt>
            <trkpt lat="47.8360696" lon="-114.3335003"><ele>902.52</ele></trkpt>
            <trkpt lat="47.8358447" lon="-114.3351706"><ele>900.96</ele></trkpt>
            <trkpt lat="47.8356948" lon="-114.336284"><ele>900.23</ele></trkpt>
            <trkpt lat="47.8354199" lon="-114.3383254"><ele>899.35</ele></trkpt>
            <trkpt lat="47.8347002" lon="-114.343598"><ele>897.42</ele></trkpt>
            <trkpt lat="47.8345593" lon="-114.3444026"><ele>897.09</ele></trkpt>
            <trkpt lat="47.8343992" lon="-114.3450716"><ele>896.79</ele></trkpt>
            <trkpt lat="47.8342614" lon="-114.3455153"><ele>896.55</ele></trkpt>
            <trkpt lat="47.8340592" lon="-114.3460915"><ele>896.22</ele></trkpt>
            <trkpt lat="47.8337729" lon="-114.3467136"><ele>895.81</ele></trkpt>
            <trkpt lat="47.8335383" lon="-114.3471453"><ele>895.48</ele></trkpt>
            <trkpt lat="47.8332495" lon="-114.3476047"><ele>895.07</ele></trkpt>
            <trkpt lat="47.832937" lon="-114.3480307"><ele>894.61</ele></trkpt>
            <trkpt lat="47.832577" lon="-114.3484482"><ele>894.05</ele></trkpt>
            <trkpt lat="47.8322401" lon="-114.3487797"><ele>893.51</ele></trkpt>
            <trkpt lat="47.8319999" lon="-114.34897"><ele>893.12</ele></trkpt>
            <trkpt lat="47.8313895" lon="-114.3493999"><ele>892.15</ele></trkpt>
            <trkpt lat="47.8310201" lon="-114.3495797"><ele>891.64</ele></trkpt>
            <trkpt lat="47.8308917" lon="-114.3496233"><ele>891.48</ele></trkpt>
            <trkpt lat="47.8302506" lon="-114.3498396"><ele>890.79</ele></trkpt>
            <trkpt lat="47.8296895" lon="-114.3498999"><ele>890.33</ele></trkpt>
            <trkpt lat="47.8286194" lon="-114.3498999"><ele>889.67</ele></trkpt>
            <trkpt lat="47.826715" lon="-114.349855"><ele>888.85</ele></trkpt>
            <trkpt lat="47.82428" lon="-114.3498033"><ele>888.08</ele></trkpt>
            <trkpt lat="47.822425" lon="-114.34978"><ele>887.64</ele></trkpt>
            <trkpt lat="47.8216276" lon="-114.3497694"><ele>887.73</ele></trkpt>
            <trkpt lat="47.8211244" lon="-114.3496928"><ele>887.97</ele></trkpt>
            <trkpt lat="47.8209589" lon="-114.349643"><ele>888.09</ele></trkpt>
            <trkpt lat="47.8201417" lon="-114.3492644"><ele>888.96</ele></trkpt>
            <trkpt lat="47.8195001" lon="-114.3486994"><ele>889.83</ele></trkpt>
            <trkpt lat="47.8192154" lon="-114.3483645"><ele>890.26</ele></trkpt>
            <trkpt lat="47.8189105" lon="-114.3479258"><ele>890.74</ele></trkpt>
            <trkpt lat="47.8186754" lon="-114.3475129"><ele>891.13</ele></trkpt>
            <trkpt lat="47.8184719" lon="-114.3470824"><ele>891.46</ele></trkpt>
            <trkpt lat="47.8183535" lon="-114.3467785"><ele>891.66</ele></trkpt>
            <trkpt lat="47.8181404" lon="-114.3461304"><ele>892.03</ele></trkpt>
            <trkpt lat="47.8177228" lon="-114.3443584"><ele>892.89</ele></trkpt>
            <trkpt lat="47.816763" lon="-114.340284"><ele>894.82</ele></trkpt>
            <trkpt lat="47.8164709" lon="-114.339044"><ele>895.67</ele></trkpt>
            <trkpt lat="47.8161788" lon="-114.3378039"><ele>896.85</ele></trkpt>
            <trkpt lat="47.8157614" lon="-114.3360325"><ele>899.02</ele></trkpt>
            <trkpt lat="47.8152606" lon="-114.3339069"><ele>902.23</ele></trkpt>
            <trkpt lat="47.8149684" lon="-114.3326669"><ele>904.38</ele></trkpt>
            <trkpt lat="47.8142587" lon="-114.3296556"><ele>910.04</ele></trkpt>
            <trkpt lat="47.81405" lon="-114.3287702"><ele>911.55</ele></trkpt>
            <trkpt lat="47.8138832" lon="-114.3280546"><ele>912.58</ele></trkpt>
            <trkpt lat="47.813758" lon="-114.327518"><ele>913.19</ele></trkpt>
            <trkpt lat="47.8136329" lon="-114.3269814"><ele>913.67</ele></trkpt>
            <trkpt lat="47.8132575" lon="-114.3253717"><ele>914.92</ele></trkpt>
            <trkpt lat="47.813174" lon="-114.325014"><ele>915.37</ele></trkpt>
            <trkpt lat="47.8130906" lon="-114.3246562"><ele>916.03</ele></trkpt>
            <trkpt lat="47.8130072" lon="-114.3242985"><ele>916.92</ele></trkpt>
            <trkpt lat="47.8129237" lon="-114.3239408"><ele>918.06</ele></trkpt>
            <trkpt lat="47.8128403" lon="-114.3235831"><ele>919.45</ele></trkpt>
            <trkpt lat="47.8127152" lon="-114.3230466"><ele>921.89</ele></trkpt>
            <trkpt lat="47.8125462" lon="-114.3223324"><ele>925.57</ele></trkpt>
            <trkpt lat="47.8121519" lon="-114.3207338"><ele>934.35</ele></trkpt>
            <trkpt lat="47.8120205" lon="-114.3202009"><ele>937.05</ele></trkpt>
            <trkpt lat="47.8118891" lon="-114.3196681"><ele>939.4</ele></trkpt>
            <trkpt lat="47.8117576" lon="-114.3191352"><ele>941.3</ele></trkpt>
            <trkpt lat="47.8116701" lon="-114.3187814"><ele>942.24</ele></trkpt>
            <trkpt lat="47.8115351" lon="-114.3184207"><ele>942.89</ele></trkpt>
            <trkpt lat="47.8113803" lon="-114.3180808"><ele>943.17</ele></trkpt>
            <trkpt lat="47.81118" lon="-114.3177467"><ele>943.07</ele></trkpt>
            <trkpt lat="47.81098" lon="-114.3174133"><ele>942.61</ele></trkpt>
            <trkpt lat="47.8107795" lon="-114.3170795"><ele>941.85</ele></trkpt>
            <trkpt lat="47.8104677" lon="-114.3166681"><ele>940.46</ele></trkpt>
            <trkpt lat="47.8101843" lon="-114.3163865"><ele>939.13</ele></trkpt>
            <trkpt lat="47.8098818" lon="-114.3161519"><ele>937.66</ele></trkpt>
            <trkpt lat="47.809505" lon="-114.315965"><ele>935.81</ele></trkpt>
            <trkpt lat="47.809129" lon="-114.3157799"><ele>933.85</ele></trkpt>
            <trkpt lat="47.8079348" lon="-114.3153847"><ele>927.53</ele></trkpt>
            <trkpt lat="47.8072176" lon="-114.3151476"><ele>923.9</ele></trkpt>
            <trkpt lat="47.8053052" lon="-114.3145152"><ele>914.87</ele></trkpt>
            <trkpt lat="47.8041102" lon="-114.3141201"><ele>909.46</ele></trkpt>
            <trkpt lat="47.8026571" lon="-114.3136614"><ele>903.25</ele></trkpt>
            <trkpt lat="47.8021729" lon="-114.3135086"><ele>901.5</ele></trkpt>
            <trkpt lat="47.8016886" lon="-114.3133557"><ele>900.14</ele></trkpt>
            <trkpt lat="47.8012043" lon="-114.3132028"><ele>899.17</ele></trkpt>
            <trkpt lat="47.8007214" lon="-114.3130503"><ele>898.54</ele></trkpt>
            <trkpt lat="47.8001787" lon="-114.3128292"><ele>898.12</ele></trkpt>
            <trkpt lat="47.7998312" lon="-114.312646"><ele>897.96</ele></trkpt>
            <trkpt lat="47.7994094" lon="-114.3122984"><ele>897.83</ele></trkpt>
            <trkpt lat="47.7990322" lon="-114.3118864"><ele>897.76</ele></trkpt>
            <trkpt lat="47.7987485" lon="-114.3114371"><ele>897.71</ele></trkpt>
            <trkpt lat="47.7984438" lon="-114.310854"><ele>897.66</ele></trkpt>
            <trkpt lat="47.7983422" lon="-114.3106098"><ele>897.63</ele></trkpt>
            <trkpt lat="47.7982129" lon="-114.3102285"><ele>897.56</ele></trkpt>
            <trkpt lat="47.7980405" lon="-114.3093507"><ele>897.38</ele></trkpt>
            <trkpt lat="47.7979804" lon="-114.3088006"><ele>897.27</ele></trkpt>
            <trkpt lat="47.7979833" lon="-114.3076467"><ele>897.1</ele></trkpt>
            <trkpt lat="47.7979872" lon="-114.3063011"><ele>897.1</ele></trkpt>
            <trkpt lat="47.7980034" lon="-114.3038813"><ele>897.6</ele></trkpt>
            <trkpt lat="47.7980117" lon="-114.3029697"><ele>897.96</ele></trkpt>
            <trkpt lat="47.79804" lon="-114.2998704"><ele>899.61</ele></trkpt>
            <trkpt lat="47.79804" lon="-114.2987567"><ele>899.94</ele></trkpt>
            <trkpt lat="47.79804" lon="-114.2976433"><ele>899.88</ele></trkpt>
            <trkpt lat="47.79804" lon="-114.2967153"><ele>899.47</ele></trkpt>
            <trkpt lat="47.798055" lon="-114.2959075"><ele>898.82</ele></trkpt>
            <trkpt lat="47.7980803" lon="-114.2948684"><ele>897.75</ele></trkpt>
            <trkpt lat="47.7981803" lon="-114.2937493"><ele>896.5</ele></trkpt>
            <trkpt lat="47.7982771" lon="-114.2930357"><ele>895.77</ele></trkpt>
            <trkpt lat="47.79835" lon="-114.2925014"><ele>895.34</ele></trkpt>
            <trkpt lat="47.79849" lon="-114.2917508"><ele>894.92</ele></trkpt>
            <trkpt lat="47.79868" lon="-114.290985"><ele>894.72</ele></trkpt>
            <trkpt lat="47.79887" lon="-114.2902204"><ele>894.78</ele></trkpt>
            <trkpt lat="47.799116" lon="-114.289466"><ele>895.1</ele></trkpt>
            <trkpt lat="47.799362" lon="-114.288712"><ele>895.62</ele></trkpt>
            <trkpt lat="47.8000999" lon="-114.2864502"><ele>897.63</ele></trkpt>
            <trkpt lat="47.800346" lon="-114.285678"><ele>898.16</ele></trkpt>
            <trkpt lat="47.800592" lon="-114.284906"><ele>898.44</ele></trkpt>
            <trkpt lat="47.800838" lon="-114.284134"><ele>898.41</ele></trkpt>
            <trkpt lat="47.801084" lon="-114.283362"><ele>898.03</ele></trkpt>
            <trkpt lat="47.80155" lon="-114.2819278"><ele>896.71</ele></trkpt>
            <trkpt lat="47.801935" lon="-114.2807689"><ele>895.32</ele></trkpt>
            <trkpt lat="47.8023192" lon="-114.2796124"><ele>893.75</ele></trkpt>
            <trkpt lat="47.8027621" lon="-114.2784352"><ele>892.12</ele></trkpt>
            <trkpt lat="47.8031802" lon="-114.2774997"><ele>891</ele></trkpt>
            <trkpt lat="47.803516" lon="-114.2768521"><ele>890.5</ele></trkpt>
            <trkpt lat="47.80384" lon="-114.27627"><ele>890.4</ele></trkpt>
            <trkpt lat="47.8041771" lon="-114.2757186"><ele>890.68</ele></trkpt>
            <trkpt lat="47.8045191" lon="-114.2751716"><ele>891.35</ele></trkpt>
            <trkpt lat="47.80485" lon="-114.2747575"><ele>892.21</ele></trkpt>
            <trkpt lat="47.8054005" lon="-114.2740696"><ele>894.06</ele></trkpt>
            <trkpt lat="47.8065002" lon="-114.2728996"><ele>897.95</ele></trkpt>
            <trkpt lat="47.8071204" lon="-114.2721793"><ele>900.1</ele></trkpt>
            <trkpt lat="47.8074029" lon="-114.2718114"><ele>900.96</ele></trkpt>
            <trkpt lat="47.8077788" lon="-114.2713214"><ele>901.84</ele></trkpt>
            <trkpt lat="47.8079825" lon="-114.2710075"><ele>902.16</ele></trkpt>
            <trkpt lat="47.8082863" lon="-114.2705388"><ele>902.34</ele></trkpt>
            <trkpt lat="47.8085901" lon="-114.2700697"><ele>902.21</ele></trkpt>
            <trkpt lat="47.8089601" lon="-114.2694396"><ele>901.64</ele></trkpt>
            <trkpt lat="47.8093807" lon="-114.2686379"><ele>900.54</ele></trkpt>
            <trkpt lat="47.809899" lon="-114.267432"><ele>898.6</ele></trkpt>
            <trkpt lat="47.810165" lon="-114.266715"><ele>897.51</ele></trkpt>
            <trkpt lat="47.8104303" lon="-114.2659985"><ele>896.55</ele></trkpt>
            <trkpt lat="47.81083" lon="-114.2646267"><ele>895.2</ele></trkpt>
            <trkpt lat="47.8110295" lon="-114.2639417"><ele>894.8</ele></trkpt>
            <trkpt lat="47.81113" lon="-114.2635467"><ele>894.72</ele></trkpt>
            <trkpt lat="47.81118" lon="-114.2633496"><ele>894.75</ele></trkpt>
            <trkpt lat="47.81132" lon="-114.2625567"><ele>895.09</ele></trkpt>
            <trkpt lat="47.8114725" lon="-114.2616163"><ele>895.81</ele></trkpt>
            <trkpt lat="47.8116096" lon="-114.2607114"><ele>896.74</ele></trkpt>
            <trkpt lat="47.8116799" lon="-114.2599112"><ele>897.7</ele></trkpt>
            <trkpt lat="47.81177" lon="-114.2585578"><ele>899.53</ele></trkpt>
            <trkpt lat="47.8117888" lon="-114.25761"><ele>901.12</ele></trkpt>
            <trkpt lat="47.8117999" lon="-114.2570415"><ele>902.36</ele></trkpt>
            <trkpt lat="47.8117933" lon="-114.2568316"><ele>902.92</ele></trkpt>
            <trkpt lat="47.8117733" lon="-114.2562067"><ele>904.86</ele></trkpt>
            <trkpt lat="47.8117463" lon="-114.2556168"><ele>907.03</ele></trkpt>
            <trkpt lat="47.811705" lon="-114.255095"><ele>909.18</ele></trkpt>
            <trkpt lat="47.8116499" lon="-114.2544009"><ele>912.2</ele></trkpt>
            <trkpt lat="47.8115633" lon="-114.2536867"><ele>915.31</ele></trkpt>
            <trkpt lat="47.811488" lon="-114.2531319"><ele>917.57</ele></trkpt>
            <trkpt lat="47.8113597" lon="-114.2523393"><ele>920.48</ele></trkpt>
            <trkpt lat="47.8112" lon="-114.251604"><ele>922.85</ele></trkpt>
            <trkpt lat="47.811" lon="-114.2506839"><ele>925.29</ele></trkpt>
            <trkpt lat="47.81086" lon="-114.250105"><ele>926.47</ele></trkpt>
            <trkpt lat="47.8107598" lon="-114.2497095"><ele>927.03</ele></trkpt>
            <trkpt lat="47.8105995" lon="-114.2491505"><ele>927.51</ele></trkpt>
            <trkpt lat="47.810225" lon="-114.247845"><ele>928.04</ele></trkpt>
            <trkpt lat="47.8100645" lon="-114.2472855"><ele>928.37</ele></trkpt>
            <trkpt lat="47.8096901" lon="-114.2459803"><ele>929.55</ele></trkpt>
            <trkpt lat="47.809366" lon="-114.244828"><ele>931.01</ele></trkpt>
            <trkpt lat="47.809258" lon="-114.244444"><ele>931.66</ele></trkpt>
            <trkpt lat="47.8091051" lon="-114.2438886"><ele>932.85</ele></trkpt>
            <trkpt lat="47.80888" lon="-114.2430306"><ele>935.04</ele></trkpt>
            <trkpt lat="47.8086005" lon="-114.2421818"><ele>937.64</ele></trkpt>
            <trkpt lat="47.80832" lon="-114.2414203"><ele>940.33</ele></trkpt>
            <trkpt lat="47.8080495" lon="-114.2408791"><ele>942.66</ele></trkpt>
            <trkpt lat="47.8077102" lon="-114.2402506"><ele>945.74</ele></trkpt>
            <trkpt lat="47.8073097" lon="-114.2396344"><ele>949.31</ele></trkpt>
            <trkpt lat="47.8069674" lon="-114.2391897"><ele>952.33</ele></trkpt>
            <trkpt lat="47.8064298" lon="-114.238611"><ele>956.94</ele></trkpt>
            <trkpt lat="47.8060844" lon="-114.2383037"><ele>959.73</ele></trkpt>
            <trkpt lat="47.8057249" lon="-114.2380304"><ele>962.43</ele></trkpt>
            <trkpt lat="47.805396" lon="-114.237823"><ele>964.67</ele></trkpt>
            <trkpt lat="47.8051436" lon="-114.2376826"><ele>966.18</ele></trkpt>
            <trkpt lat="47.8048571" lon="-114.2375396"><ele>967.65</ele></trkpt>
            <trkpt lat="47.8044704" lon="-114.2373902"><ele>969.25</ele></trkpt>
            <trkpt lat="47.804056" lon="-114.237282"><ele>970.53</ele></trkpt>
            <trkpt lat="47.80378" lon="-114.23721"><ele>971.14</ele></trkpt>
            <trkpt lat="47.803366" lon="-114.237102"><ele>971.73</ele></trkpt>
            <trkpt lat="47.80225" lon="-114.2368346"><ele>972.76</ele></trkpt>
            <trkpt lat="47.80189" lon="-114.2367508"><ele>973.25</ele></trkpt>
            <trkpt lat="47.80153" lon="-114.2366671"><ele>973.96</ele></trkpt>
            <trkpt lat="47.80129" lon="-114.2366112"><ele>974.6</ele></trkpt>
            <trkpt lat="47.80093" lon="-114.2365275"><ele>975.77</ele></trkpt>
            <trkpt lat="47.8002107" lon="-114.2363603"><ele>978.47</ele></trkpt>
            <trkpt lat="47.7991999" lon="-114.2361802"><ele>982.27</ele></trkpt>
            <trkpt lat="47.7985667" lon="-114.2361383"><ele>984.33</ele></trkpt>
            <trkpt lat="47.7980612" lon="-114.23613"><ele>985.67</ele></trkpt>
            <trkpt lat="47.7974293" lon="-114.2361303"><ele>987.08</ele></trkpt>
            <trkpt lat="47.7968315" lon="-114.2361801"><ele>988.3</ele></trkpt>
            <trkpt lat="47.796034" lon="-114.23636"><ele>990</ele></trkpt>
            <trkpt lat="47.7948404" lon="-114.23663"><ele>992.83</ele></trkpt>
            <trkpt lat="47.7945667" lon="-114.2367167"><ele>993.63</ele></trkpt>
            <trkpt lat="47.7942933" lon="-114.2368033"><ele>994.58</ele></trkpt>
            <trkpt lat="47.7940205" lon="-114.2368899"><ele>995.65</ele></trkpt>
            <trkpt lat="47.7931496" lon="-114.2372502"><ele>999.48</ele></trkpt>
            <trkpt lat="47.79275" lon="-114.237455"><ele>1001.24</ele></trkpt>
            <trkpt lat="47.7923491" lon="-114.2376606"><ele>1002.93</ele></trkpt>
            <trkpt lat="47.7916304" lon="-114.23807"><ele>1005.82</ele></trkpt>
            <trkpt lat="47.790808" lon="-114.238688"><ele>1009.1</ele></trkpt>
            <trkpt lat="47.7898793" lon="-114.23936"><ele>1012.58</ele></trkpt>
            <trkpt lat="47.7892982" lon="-114.2396703"><ele>1014.57</ele></trkpt>
            <trkpt lat="47.7886877" lon="-114.2398941"><ele>1016.54</ele></trkpt>
            <trkpt lat="47.7882979" lon="-114.23994"><ele>1017.72</ele></trkpt>
            <trkpt lat="47.7878015" lon="-114.2399399"><ele>1019.22</ele></trkpt>
            <trkpt lat="47.7873703" lon="-114.23989"><ele>1020.56</ele></trkpt>
            <trkpt lat="47.7869142" lon="-114.239768"><ele>1022.1</ele></trkpt>
            <trkpt lat="47.7866602" lon="-114.2396814"><ele>1023.07</ele></trkpt>
            <trkpt lat="47.7864144" lon="-114.2395735"><ele>1024.14</ele></trkpt>
            <trkpt lat="47.7850903" lon="-114.2386405"><ele>1030.88</ele></trkpt>
            <trkpt lat="47.7844607" lon="-114.2383304"><ele>1034.03</ele></trkpt>
            <trkpt lat="47.7840391" lon="-114.23816"><ele>1036.04</ele></trkpt>
            <trkpt lat="47.7835194" lon="-114.2380604"><ele>1038.23</ele></trkpt>
            <trkpt lat="47.783145" lon="-114.238075"><ele>1039.54</ele></trkpt>
            <trkpt lat="47.7827708" lon="-114.2380903"><ele>1040.52</ele></trkpt>
            <trkpt lat="47.7822433" lon="-114.2382167"><ele>1041.45</ele></trkpt>
            <trkpt lat="47.7819806" lon="-114.2382801"><ele>1041.71</ele></trkpt>
            <trkpt lat="47.781846" lon="-114.238346"><ele>1041.77</ele></trkpt>
            <trkpt lat="47.7813092" lon="-114.2386105"><ele>1041.7</ele></trkpt>
            <trkpt lat="47.7803386" lon="-114.2391358"><ele>1041.23</ele></trkpt>
            <trkpt lat="47.7799743" lon="-114.2393329"><ele>1041.22</ele></trkpt>
            <trkpt lat="47.77961" lon="-114.2395301"><ele>1041.47</ele></trkpt>
            <trkpt lat="47.7793672" lon="-114.2396615"><ele>1041.83</ele></trkpt>
            <trkpt lat="47.7790029" lon="-114.2398586"><ele>1042.7</ele></trkpt>
            <trkpt lat="47.7780314" lon="-114.2403843"><ele>1045.75</ele></trkpt>
            <trkpt lat="47.77706" lon="-114.24091"><ele>1049.02</ele></trkpt>
            <trkpt lat="47.7762112" lon="-114.2413693"><ele>1051.79</ele></trkpt>
            <trkpt lat="47.7753393" lon="-114.2417301"><ele>1054.39</ele></trkpt>
            <trkpt lat="47.7745393" lon="-114.2419599"><ele>1056.58</ele></trkpt>
            <trkpt lat="47.7733925" lon="-114.2421175"><ele>1059.67</ele></trkpt>
            <trkpt lat="47.7730107" lon="-114.2421696"><ele>1060.81</ele></trkpt>
            <trkpt lat="47.772874" lon="-114.242158"><ele>1061.26</ele></trkpt>
            <trkpt lat="47.772466" lon="-114.242122"><ele>1062.72</ele></trkpt>
            <trkpt lat="47.7716492" lon="-114.2420496"><ele>1065.88</ele></trkpt>
            <trkpt lat="47.7709006" lon="-114.2418699"><ele>1068.8</ele></trkpt>
            <trkpt lat="47.770385" lon="-114.241685"><ele>1070.71</ele></trkpt>
            <trkpt lat="47.7698703" lon="-114.2415"><ele>1072.42</ele></trkpt>
            <trkpt lat="47.7692202" lon="-114.2412"><ele>1074.31</ele></trkpt>
            <trkpt lat="47.768569" lon="-114.2408291"><ele>1075.92</ele></trkpt>
            <trkpt lat="47.7674486" lon="-114.2399895"><ele>1078.19</ele></trkpt>
            <trkpt lat="47.7668879" lon="-114.2395692"><ele>1078.95</ele></trkpt>
            <trkpt lat="47.7664393" lon="-114.239233"><ele>1079.26</ele></trkpt>
            <trkpt lat="47.7638607" lon="-114.2373005"><ele>1079.46</ele></trkpt>
            <trkpt lat="47.76158" lon="-114.2356375"><ele>1079.1</ele></trkpt>
            <trkpt lat="47.7609804" lon="-114.2352003"><ele>1078.64</ele></trkpt>
            <trkpt lat="47.760478" lon="-114.234832"><ele>1077.92</ele></trkpt>
            <trkpt lat="47.759976" lon="-114.234464"><ele>1076.92</ele></trkpt>
            <trkpt lat="47.758972" lon="-114.233728"><ele>1074.54</ele></trkpt>
            <trkpt lat="47.7584698" lon="-114.23336"><ele>1073.47</ele></trkpt>
            <trkpt lat="47.7580875" lon="-114.2331387"><ele>1072.83</ele></trkpt>
            <trkpt lat="47.7578325" lon="-114.2329912"><ele>1072.48</ele></trkpt>
            <trkpt lat="47.7570938" lon="-114.2325862"><ele>1071.59</ele></trkpt>
            <trkpt lat="47.7567375" lon="-114.2324025"><ele>1071</ele></trkpt>
            <trkpt lat="47.7563737" lon="-114.232225"><ele>1070.17</ele></trkpt>
            <trkpt lat="47.755995" lon="-114.23206"><ele>1069.05</ele></trkpt>
            <trkpt lat="47.7554904" lon="-114.2318404"><ele>1067.33</ele></trkpt>
            <trkpt lat="47.7550833" lon="-114.2317367"><ele>1065.94</ele></trkpt>
            <trkpt lat="47.7548122" lon="-114.2316678"><ele>1065.06</ele></trkpt>
            <trkpt lat="47.7544056" lon="-114.2315644"><ele>1063.83</ele></trkpt>
            <trkpt lat="47.7535922" lon="-114.2313578"><ele>1061.51</ele></trkpt>
            <trkpt lat="47.7531855" lon="-114.2312544"><ele>1060.22</ele></trkpt>
            <trkpt lat="47.752775" lon="-114.2311583"><ele>1058.74</ele></trkpt>
            <trkpt lat="47.75195" lon="-114.2309733"><ele>1055.49</ele></trkpt>
            <trkpt lat="47.751399" lon="-114.2308497"><ele>1053.39</ele></trkpt>
            <trkpt lat="47.75065" lon="-114.2306657"><ele>1050.85</ele></trkpt>
            <trkpt lat="47.75015" lon="-114.2305428"><ele>1049.47</ele></trkpt>
            <trkpt lat="47.749525" lon="-114.2303893"><ele>1048.15</ele></trkpt>
            <trkpt lat="47.7479" lon="-114.22999"><ele>1045.58</ele></trkpt>
            <trkpt lat="47.747025" lon="-114.229775"><ele>1044.15</ele></trkpt>
            <trkpt lat="47.7462749" lon="-114.2295907"><ele>1042.8</ele></trkpt>
            <trkpt lat="47.7455002" lon="-114.2293699"><ele>1041.39</ele></trkpt>
            <trkpt lat="47.74511" lon="-114.22922"><ele>1040.76</ele></trkpt>
            <trkpt lat="47.7448504" lon="-114.2291201"><ele>1040.4</ele></trkpt>
            <trkpt lat="47.7440475" lon="-114.2287375"><ele>1039.41</ele></trkpt>
            <trkpt lat="47.7437802" lon="-114.22861"><ele>1038.96</ele></trkpt>
            <trkpt lat="47.743515" lon="-114.2284425"><ele>1038.34</ele></trkpt>
            <trkpt lat="47.74325" lon="-114.228275"><ele>1037.53</ele></trkpt>
            <trkpt lat="47.7428525" lon="-114.2280237"><ele>1035.96</ele></trkpt>
            <trkpt lat="47.7425912" lon="-114.2278387"><ele>1034.65</ele></trkpt>
            <trkpt lat="47.742205" lon="-114.227535"><ele>1032.29</ele></trkpt>
            <trkpt lat="47.7419475" lon="-114.2273325"><ele>1030.45</ele></trkpt>
            <trkpt lat="47.7415759" lon="-114.2270292"><ele>1027.45</ele></trkpt>
            <trkpt lat="47.7407767" lon="-114.2263233"><ele>1020.29</ele></trkpt>
            <trkpt lat="47.7403203" lon="-114.2259199"><ele>1016.17</ele></trkpt>
            <trkpt lat="47.739692" lon="-114.225152"><ele>1009.92</ele></trkpt>
            <trkpt lat="47.7392733" lon="-114.22464"><ele>1005.73</ele></trkpt>
            <trkpt lat="47.7387487" lon="-114.2239987"><ele>1000.41</ele></trkpt>
            <trkpt lat="47.737874" lon="-114.223058"><ele>991.78</ele></trkpt>
            <trkpt lat="47.7372908" lon="-114.2224307"><ele>985.9</ele></trkpt>
            <trkpt lat="47.7366891" lon="-114.221728"><ele>979.65</ele></trkpt>
            <trkpt lat="47.7360881" lon="-114.2210261"><ele>973.56</ele></trkpt>
            <trkpt lat="47.7349864" lon="-114.2197392"><ele>962.93</ele></trkpt>
            <trkpt lat="47.7341851" lon="-114.2188033"><ele>955.65</ele></trkpt>
            <trkpt lat="47.7338847" lon="-114.2184523"><ele>953.21</ele></trkpt>
            <trkpt lat="47.7336843" lon="-114.2182184"><ele>951.78</ele></trkpt>
            <trkpt lat="47.7333839" lon="-114.2178674"><ele>949.97</ele></trkpt>
            <trkpt lat="47.7330834" lon="-114.2175165"><ele>948.47</ele></trkpt>
            <trkpt lat="47.7327829" lon="-114.2171655"><ele>947.23</ele></trkpt>
            <trkpt lat="47.7319816" lon="-114.2162297"><ele>944.34</ele></trkpt>
            <trkpt lat="47.7317813" lon="-114.2159958"><ele>943.51</ele></trkpt>
            <trkpt lat="47.7315809" lon="-114.2157617"><ele>942.55</ele></trkpt>
            <trkpt lat="47.7312808" lon="-114.2154113"><ele>940.88</ele></trkpt>
            <trkpt lat="47.7305895" lon="-114.2146155"><ele>936.67</ele></trkpt>
            <trkpt lat="47.7302075" lon="-114.2141708"><ele>934.38</ele></trkpt>
            <trkpt lat="47.7298212" lon="-114.2137212"><ele>932.25</ele></trkpt>
            <trkpt lat="47.7292418" lon="-114.2130468"><ele>929.42</ele></trkpt>
            <trkpt lat="47.7271173" lon="-114.2105742"><ele>920.36</ele></trkpt>
            <trkpt lat="47.7264413" lon="-114.2097875"><ele>917.89</ele></trkpt>
            <trkpt lat="47.7254756" lon="-114.2086637"><ele>914.91</ele></trkpt>
            <trkpt lat="47.7237373" lon="-114.206641"><ele>910.41</ele></trkpt>
            <trkpt lat="47.7232544" lon="-114.2060791"><ele>909.37</ele></trkpt>
            <trkpt lat="47.7227715" lon="-114.2055173"><ele>908.53</ele></trkpt>
            <trkpt lat="47.71964" lon="-114.201885"><ele>904.28</ele></trkpt>
            <trkpt lat="47.7184395" lon="-114.2004995"><ele>902.49</ele></trkpt>
            <trkpt lat="47.7177575" lon="-114.1997417"><ele>901.61</ele></trkpt>
            <trkpt lat="47.7172714" lon="-114.1992015"><ele>901.11</ele></trkpt>
            <trkpt lat="47.716493" lon="-114.1982795"><ele>900.43</ele></trkpt>
            <trkpt lat="47.716049" lon="-114.1977535"><ele>899.96</ele></trkpt>
            <trkpt lat="47.715605" lon="-114.1972275"><ele>899.35</ele></trkpt>
            <trkpt lat="47.714525" lon="-114.19597"><ele>897.65</ele></trkpt>
            <trkpt lat="47.714105" lon="-114.19549"><ele>897.11</ele></trkpt>
            <trkpt lat="47.713685" lon="-114.19501"><ele>896.73</ele></trkpt>
            <trkpt lat="47.7125287" lon="-114.1936883"><ele>896.19</ele></trkpt>
            <trkpt lat="47.7120643" lon="-114.1931189"><ele>896.23</ele></trkpt>
            <trkpt lat="47.7116417" lon="-114.192635"><ele>896.55</ele></trkpt>
            <trkpt lat="47.711219" lon="-114.192151"><ele>897.21</ele></trkpt>
            <trkpt lat="47.710902" lon="-114.1917879"><ele>897.98</ele></trkpt>
            <trkpt lat="47.710585" lon="-114.1914249"><ele>899.01</ele></trkpt>
            <trkpt lat="47.710268" lon="-114.1910619"><ele>900.26</ele></trkpt>
            <trkpt lat="47.7094227" lon="-114.190094"><ele>903.89</ele></trkpt>
            <trkpt lat="47.7088926" lon="-114.1894843"><ele>905.95</ele></trkpt>
            <trkpt lat="47.7085705" lon="-114.1891071"><ele>906.95</ele></trkpt>
            <trkpt lat="47.7082484" lon="-114.1887299"><ele>907.66</ele></trkpt>
            <trkpt lat="47.7079262" lon="-114.1883528"><ele>908.07</ele></trkpt>
            <trkpt lat="47.7077115" lon="-114.1881013"><ele>908.15</ele></trkpt>
            <trkpt lat="47.7074967" lon="-114.1878499"><ele>908.05</ele></trkpt>
            <trkpt lat="47.7071746" lon="-114.1874727"><ele>907.61</ele></trkpt>
            <trkpt lat="47.7068524" lon="-114.1870956"><ele>906.88</ele></trkpt>
            <trkpt lat="47.7066376" lon="-114.1868442"><ele>906.21</ele></trkpt>
            <trkpt lat="47.7062081" lon="-114.1863413"><ele>904.56</ele></trkpt>
            <trkpt lat="47.7051343" lon="-114.1850842"><ele>899.84</ele></trkpt>
            <trkpt lat="47.7047048" lon="-114.1845814"><ele>898.08</ele></trkpt>
            <trkpt lat="47.7043913" lon="-114.1842163"><ele>896.96</ele></trkpt>
            <trkpt lat="47.7040948" lon="-114.1838747"><ele>896.08</ele></trkpt>
            <trkpt lat="47.7037983" lon="-114.1835333"><ele>895.39</ele></trkpt>
            <trkpt lat="47.7034031" lon="-114.183078"><ele>894.7</ele></trkpt>
            <trkpt lat="47.7030079" lon="-114.1826228"><ele>894.24</ele></trkpt>
            <trkpt lat="47.7025138" lon="-114.1820537"><ele>893.92</ele></trkpt>
            <trkpt lat="47.7007352" lon="-114.1800052"><ele>893.62</ele></trkpt>
            <trkpt lat="47.7002414" lon="-114.179435"><ele>893.71</ele></trkpt>
            <trkpt lat="47.69896" lon="-114.17794"><ele>894.25</ele></trkpt>
            <trkpt lat="47.69827" lon="-114.177135"><ele>894.44</ele></trkpt>
            <trkpt lat="47.6975815" lon="-114.1763317"><ele>894.39</ele></trkpt>
            <trkpt lat="47.6973398" lon="-114.1760097"><ele>894.25</ele></trkpt>
            <trkpt lat="47.69704" lon="-114.17551"><ele>893.87</ele></trkpt>
            <trkpt lat="47.69677" lon="-114.1749926"><ele>893.36</ele></trkpt>
            <trkpt lat="47.6965302" lon="-114.1744902"><ele>892.82</ele></trkpt>
            <trkpt lat="47.6963201" lon="-114.17394"><ele>892.29</ele></trkpt>
            <trkpt lat="47.69626" lon="-114.1737467"><ele>892.13</ele></trkpt>
            <trkpt lat="47.6961395" lon="-114.1733571"><ele>891.89</ele></trkpt>
            <trkpt lat="47.6960313" lon="-114.1728475"><ele>891.68</ele></trkpt>
            <trkpt lat="47.6959225" lon="-114.172335"><ele>891.56</ele></trkpt>
            <trkpt lat="47.6957413" lon="-114.1714808"><ele>891.45</ele></trkpt>
            <trkpt lat="47.6956688" lon="-114.1711391"><ele>891.41</ele></trkpt>
            <trkpt lat="47.69556" lon="-114.1706267"><ele>891.37</ele></trkpt>
            <trkpt lat="47.6954513" lon="-114.1701142"><ele>891.33</ele></trkpt>
            <trkpt lat="47.6953062" lon="-114.1694306"><ele>891.28</ele></trkpt>
            <trkpt lat="47.6950633" lon="-114.16833"><ele>891.19</ele></trkpt>
            <trkpt lat="47.6949393" lon="-114.167772"><ele>891.15</ele></trkpt>
            <trkpt lat="47.6948153" lon="-114.167214"><ele>891.11</ele></trkpt>
            <trkpt lat="47.6947327" lon="-114.166842"><ele>891.08</ele></trkpt>
            <trkpt lat="47.6946502" lon="-114.1664702"><ele>891.05</ele></trkpt>
            <trkpt lat="47.6944502" lon="-114.1653084"><ele>890.97</ele></trkpt>
            <trkpt lat="47.6944282" lon="-114.1649223"><ele>890.95</ele></trkpt>
            <trkpt lat="47.6944135" lon="-114.1646745"><ele>890.94</ele></trkpt>
            <trkpt lat="47.694402" lon="-114.1646002"><ele>890.94</ele></trkpt>
            <trkpt lat="47.6943732" lon="-114.164541"><ele>890.94</ele></trkpt>
            <trkpt lat="47.6943135" lon="-114.1644956"><ele>890.95</ele></trkpt>
            <trkpt lat="47.6942473" lon="-114.1645047"><ele>890.95</ele></trkpt>
            <trkpt lat="47.6936662" lon="-114.1648175"><ele>891.04</ele></trkpt>
            <trkpt lat="47.6934694" lon="-114.1649216"><ele>891.11</ele></trkpt>
            <trkpt lat="47.6933601" lon="-114.1649476"><ele>891.16</ele></trkpt>
            <trkpt lat="47.6894244" lon="-114.1649497"><ele>893.78</ele></trkpt>
            <trkpt lat="47.6893432" lon="-114.1649363"><ele>893.82</ele></trkpt>
            <trkpt lat="47.6892767" lon="-114.1648694"><ele>893.86</ele></trkpt>
            <trkpt lat="47.6892388" lon="-114.1647818"><ele>893.89</ele></trkpt>
            <trkpt lat="47.6892292" lon="-114.1646292"><ele>893.93</ele></trkpt>
            <trkpt lat="47.6892193" lon="-114.160684"><ele>894.45</ele></trkpt>
            <trkpt lat="47.6892088" lon="-114.1566036"><ele>895.01</ele></trkpt>
            <trkpt lat="47.6891973" lon="-114.1521521"><ele>895.52</ele></trkpt>
            <trkpt lat="47.6891944" lon="-114.1510393"><ele>895.8</ele></trkpt>
            <trkpt lat="47.6891944" lon="-114.1495471"><ele>896.34</ele></trkpt>
            <trkpt lat="47.6892597" lon="-114.1493045"><ele>896.45</ele></trkpt>
            <trkpt lat="47.6893718" lon="-114.1491376"><ele>896.56</ele></trkpt>
            <trkpt lat="47.690232" lon="-114.1482627"><ele>897.36</ele></trkpt>
            <trkpt lat="47.6909596" lon="-114.1475299"><ele>898.18</ele></trkpt>
            <trkpt lat="47.6911408" lon="-114.1472636"><ele>898.44</ele></trkpt>
            <trkpt lat="47.691232" lon="-114.1470873"><ele>898.61</ele></trkpt>
            <trkpt lat="47.6913741" lon="-114.1467053"><ele>898.95</ele></trkpt>
            <trkpt lat="47.6914667" lon="-114.1462639"><ele>899.34</ele></trkpt>
            <trkpt lat="47.6914953" lon="-114.1458305"><ele>899.74</ele></trkpt>
            <trkpt lat="47.6914481" lon="-114.1450561"><ele>900.52</ele></trkpt>
        </trkseg>
        <extensions>
            <biketerra:annotations>
                <biketerra:annotation kind="bridge" startDist="51617.07" endDist="51684.11"/>
                <biketerra:annotation kind="bridge" startDist="57456.09" endDist="57677.17"/>
                <biketerra:annotation kind="bridge" startDist="101878.15" endDist="101906.84"/>
                <biketerra:annotation kind="bridge" startDist="135561.9" endDist="136031.3"/>
            </biketerra:annotations>
        </extensions>
    </trk>
</gpx>
