<?xml version="1.0" encoding="UTF-8"?>
<gpx version="1.1" creator="http://ridewithgps.com/" schemaLocation="http://www.topografix.com/GPX/1/1 http://www.topografix.com/GPX/1/1/gpx.xsd http://www.cluetrust.com/XML/GPXDATA/1/0 http://www.cluetrust.com/Schemas/gpxdata10.xsd" xmlns="http://www.topografix.com/GPX/1/1" xmlns:xsi="http://www.w3.org/2001/XMLSchema-instance" xsi:schemaLocation="http://www.topografix.com/GPX/1/1 http://www.topografix.com/GPX/1/1/gpx.xsd http://www.garmin.com/xmlschemas/GpxExtensions/v3 http://www.garmin.com/xmlschemas/GpxExtensionsv3.xsd http://www.garmin.com/xmlschemas/TrackPointExtension/v1 http://www.garmin.com/xmlschemas/TrackPointExtensionv1.xsd http://www.garmin.com/xmlschemas/PowerExtension/v1 http://www.garmin.com/xmlschemas/PowerExtensionv1.xsd http://www.topografix.com/GPX/gpx_style/0/2 http://www.topografix.com/GPX/gpx_style/0/2/gpx_style.xsd" xmlns:gpxtpx="http://www.garmin.com/xmlschemas/TrackPointExtension/v1" xmlns:gpxx="http://www.garmin.com/xmlschemas/GpxExtensions/v3" xmlns:gpxpx="http://www.garmin.com/xmlschemas/PowerExtension/v1" xmlns:gpx_style="http://www.topografix.com/GPX/gpx_style/0/2">
  <metadata>
    <name>GP De Denain</name>
    <author>
      <name>gpx.studio</name>
      <link href="https://gpx.studio"/>
    </author>
    <link href="https://ridewithgps.com/routes/53683354">
      <text>GP De Denain</text>
    </link>
    <time>2026-01-08T11:45:37.000Z</time>
  </metadata>
  <trk>
    <name>GP De Denain</name>
    <trkseg>
      <trkpt lat="50.169947" lon="3.460088">
        <ele>117.7</ele>
      </trkpt>
      <trkpt lat="50.170518" lon="3.459864">
        <ele>116.2</ele>
      </trkpt>
      <trkpt lat="50.170642" lon="3.45985">
        <ele>116</ele>
      </trkpt>
      <trkpt lat="50.170886" lon="3.459886">
        <ele>115</ele>
      </trkpt>
      <trkpt lat="50.171426" lon="3.460088">
        <ele>113.7</ele>
      </trkpt>
      <trkpt lat="50.173135" lon="3.460783">
        <ele>110</ele>
      </trkpt>
      <trkpt lat="50.173366" lon="3.460909">
        <ele>109.5</ele>
      </trkpt>
      <trkpt lat="50.173595" lon="3.461082">
        <ele>109.1</ele>
      </trkpt>
      <trkpt lat="50.173716" lon="3.461201">
        <ele>108.9</ele>
      </trkpt>
      <trkpt lat="50.173901" lon="3.461417">
        <ele>108.4</ele>
      </trkpt>
      <trkpt lat="50.174056" lon="3.461626">
        <ele>108.1</ele>
      </trkpt>
      <trkpt lat="50.174202" lon="3.461858">
        <ele>107.7</ele>
      </trkpt>
      <trkpt lat="50.174375" lon="3.462212">
        <ele>107</ele>
      </trkpt>
      <trkpt lat="50.175014" lon="3.46371">
        <ele>105</ele>
      </trkpt>
      <trkpt lat="50.175119" lon="3.463924">
        <ele>104.7</ele>
      </trkpt>
      <trkpt lat="50.175191" lon="3.463972">
        <ele>104.6</ele>
      </trkpt>
      <trkpt lat="50.17528" lon="3.463972">
        <ele>104.5</ele>
      </trkpt>
      <trkpt lat="50.175346" lon="3.463996">
        <ele>104.5</ele>
      </trkpt>
      <trkpt lat="50.175641" lon="3.464297">
        <ele>104</ele>
      </trkpt>
      <trkpt lat="50.17593" lon="3.464524">
        <ele>104</ele>
      </trkpt>
      <trkpt lat="50.176457" lon="3.464889">
        <ele>104.5</ele>
      </trkpt>
      <trkpt lat="50.177076" lon="3.465256">
        <ele>105.4</ele>
      </trkpt>
      <trkpt lat="50.177575" lon="3.465592">
        <ele>105.1</ele>
      </trkpt>
      <trkpt lat="50.178319" lon="3.466113">
        <ele>103.7</ele>
      </trkpt>
      <trkpt lat="50.179055" lon="3.466663">
        <ele>103.9</ele>
      </trkpt>
      <trkpt lat="50.179273" lon="3.46684">
        <ele>104.2</ele>
      </trkpt>
      <trkpt lat="50.179447" lon="3.467011">
        <ele>104.5</ele>
      </trkpt>
      <trkpt lat="50.179621" lon="3.46723">
        <ele>104.6</ele>
      </trkpt>
      <trkpt lat="50.180709" lon="3.468822">
        <ele>103.7</ele>
      </trkpt>
      <trkpt lat="50.181246" lon="3.469531">
        <ele>103.3</ele>
      </trkpt>
      <trkpt lat="50.181419" lon="3.469736">
        <ele>103.3</ele>
      </trkpt>
      <trkpt lat="50.181701" lon="3.470003">
        <ele>103.5</ele>
      </trkpt>
      <trkpt lat="50.182281" lon="3.470481">
        <ele>104.1</ele>
      </trkpt>
      <trkpt lat="50.182851" lon="3.470918">
        <ele>104.6</ele>
      </trkpt>
      <trkpt lat="50.183388" lon="3.471304">
        <ele>104.6</ele>
      </trkpt>
      <trkpt lat="50.184154" lon="3.47188">
        <ele>102.4</ele>
      </trkpt>
      <trkpt lat="50.184337" lon="3.472044">
        <ele>101.2</ele>
      </trkpt>
      <trkpt lat="50.18453" lon="3.472267">
        <ele>99.7</ele>
      </trkpt>
      <trkpt lat="50.185281" lon="3.473207">
        <ele>93.1</ele>
      </trkpt>
      <trkpt lat="50.185716" lon="3.473823">
        <ele>88.8</ele>
      </trkpt>
      <trkpt lat="50.186048" lon="3.474355">
        <ele>85.7</ele>
      </trkpt>
      <trkpt lat="50.186199" lon="3.474623">
        <ele>84.5</ele>
      </trkpt>
      <trkpt lat="50.186466" lon="3.475147">
        <ele>83.1</ele>
      </trkpt>
      <trkpt lat="50.186508" lon="3.47522">
        <ele>82.9</ele>
      </trkpt>
      <trkpt lat="50.186588" lon="3.475322">
        <ele>82.7</ele>
      </trkpt>
      <trkpt lat="50.186659" lon="3.475561">
        <ele>81.5</ele>
      </trkpt>
      <trkpt lat="50.186742" lon="3.475718">
        <ele>80.7</ele>
      </trkpt>
      <trkpt lat="50.186874" lon="3.475911">
        <ele>79.3</ele>
      </trkpt>
      <trkpt lat="50.187597" lon="3.476864">
        <ele>73.5</ele>
      </trkpt>
      <trkpt lat="50.187691" lon="3.477008">
        <ele>72.6</ele>
      </trkpt>
      <trkpt lat="50.187781" lon="3.477183">
        <ele>71.3</ele>
      </trkpt>
      <trkpt lat="50.187847" lon="3.477342">
        <ele>70.6</ele>
      </trkpt>
      <trkpt lat="50.188687" lon="3.479606">
        <ele>63.8</ele>
      </trkpt>
      <trkpt lat="50.188787" lon="3.479919">
        <ele>63.4</ele>
      </trkpt>
      <trkpt lat="50.189047" lon="3.480911">
        <ele>63.3</ele>
      </trkpt>
      <trkpt lat="50.189096" lon="3.481063">
        <ele>63.3</ele>
      </trkpt>
      <trkpt lat="50.189133" lon="3.481125">
        <ele>63.3</ele>
      </trkpt>
      <trkpt lat="50.189288" lon="3.481318">
        <ele>63.1</ele>
      </trkpt>
      <trkpt lat="50.190119" lon="3.482305">
        <ele>62.8</ele>
      </trkpt>
      <trkpt lat="50.190236" lon="3.482481">
        <ele>62.9</ele>
      </trkpt>
      <trkpt lat="50.190336" lon="3.482678">
        <ele>63.1</ele>
      </trkpt>
      <trkpt lat="50.19044" lon="3.482931">
        <ele>63.2</ele>
      </trkpt>
      <trkpt lat="50.19058" lon="3.483326">
        <ele>63.6</ele>
      </trkpt>
      <trkpt lat="50.190585" lon="3.483388">
        <ele>63.6</ele>
      </trkpt>
      <trkpt lat="50.190571" lon="3.483543">
        <ele>63.8</ele>
      </trkpt>
      <trkpt lat="50.190545" lon="3.483631">
        <ele>63.9</ele>
      </trkpt>
      <trkpt lat="50.190439" lon="3.483775">
        <ele>64</ele>
      </trkpt>
      <trkpt lat="50.189854" lon="3.484305">
        <ele>64.9</ele>
      </trkpt>
      <trkpt lat="50.189488" lon="3.484595">
        <ele>65.8</ele>
      </trkpt>
      <trkpt lat="50.188676" lon="3.485206">
        <ele>66.9</ele>
      </trkpt>
      <trkpt lat="50.18848" lon="3.48537">
        <ele>67</ele>
      </trkpt>
      <trkpt lat="50.188392" lon="3.485459">
        <ele>67</ele>
      </trkpt>
      <trkpt lat="50.188203" lon="3.485697">
        <ele>67.2</ele>
      </trkpt>
      <trkpt lat="50.187901" lon="3.486127">
        <ele>67.4</ele>
      </trkpt>
      <trkpt lat="50.187769" lon="3.486333">
        <ele>67.5</ele>
      </trkpt>
      <trkpt lat="50.187557" lon="3.486741">
        <ele>67.7</ele>
      </trkpt>
      <trkpt lat="50.187422" lon="3.487063">
        <ele>67.8</ele>
      </trkpt>
      <trkpt lat="50.187346" lon="3.487274">
        <ele>67.8</ele>
      </trkpt>
      <trkpt lat="50.187063" lon="3.488203">
        <ele>67.9</ele>
      </trkpt>
      <trkpt lat="50.186966" lon="3.488462">
        <ele>67.9</ele>
      </trkpt>
      <trkpt lat="50.186791" lon="3.488801">
        <ele>67.7</ele>
      </trkpt>
      <trkpt lat="50.185679" lon="3.490829">
        <ele>66.2</ele>
      </trkpt>
      <trkpt lat="50.185454" lon="3.491285">
        <ele>66</ele>
      </trkpt>
      <trkpt lat="50.185297" lon="3.491697">
        <ele>65.8</ele>
      </trkpt>
      <trkpt lat="50.184631" lon="3.493712">
        <ele>65.6</ele>
      </trkpt>
      <trkpt lat="50.18462" lon="3.493772">
        <ele>65.6</ele>
      </trkpt>
      <trkpt lat="50.184623" lon="3.493834">
        <ele>65.6</ele>
      </trkpt>
      <trkpt lat="50.18464" lon="3.49389">
        <ele>65.6</ele>
      </trkpt>
      <trkpt lat="50.184669" lon="3.493934">
        <ele>65.6</ele>
      </trkpt>
      <trkpt lat="50.184705" lon="3.493959">
        <ele>65.6</ele>
      </trkpt>
      <trkpt lat="50.184745" lon="3.493962">
        <ele>65.6</ele>
      </trkpt>
      <trkpt lat="50.18527" lon="3.493846">
        <ele>65.6</ele>
      </trkpt>
      <trkpt lat="50.185393" lon="3.493868">
        <ele>65.6</ele>
      </trkpt>
      <trkpt lat="50.185548" lon="3.493953">
        <ele>65.8</ele>
      </trkpt>
      <trkpt lat="50.185697" lon="3.494086">
        <ele>65.9</ele>
      </trkpt>
      <trkpt lat="50.185801" lon="3.494217">
        <ele>66</ele>
      </trkpt>
      <trkpt lat="50.185954" lon="3.494449">
        <ele>66.2</ele>
      </trkpt>
      <trkpt lat="50.186131" lon="3.494761">
        <ele>66.4</ele>
      </trkpt>
      <trkpt lat="50.186341" lon="3.495168">
        <ele>66.8</ele>
      </trkpt>
      <trkpt lat="50.186476" lon="3.495467">
        <ele>67.1</ele>
      </trkpt>
      <trkpt lat="50.186776" lon="3.496305">
        <ele>68.3</ele>
      </trkpt>
      <trkpt lat="50.186814" lon="3.496476">
        <ele>68.5</ele>
      </trkpt>
      <trkpt lat="50.186815" lon="3.496576">
        <ele>68.7</ele>
      </trkpt>
      <trkpt lat="50.186786" lon="3.496684">
        <ele>68.9</ele>
      </trkpt>
      <trkpt lat="50.186677" lon="3.496972">
        <ele>69.2</ele>
      </trkpt>
      <trkpt lat="50.186668" lon="3.497041">
        <ele>69.2</ele>
      </trkpt>
      <trkpt lat="50.18668" lon="3.49711">
        <ele>69.2</ele>
      </trkpt>
      <trkpt lat="50.18708" lon="3.498193">
        <ele>69.1</ele>
      </trkpt>
      <trkpt lat="50.187158" lon="3.498375">
        <ele>69.2</ele>
      </trkpt>
      <trkpt lat="50.187229" lon="3.498491">
        <ele>69.2</ele>
      </trkpt>
      <trkpt lat="50.187356" lon="3.498636">
        <ele>69.3</ele>
      </trkpt>
      <trkpt lat="50.187526" lon="3.498774">
        <ele>69.5</ele>
      </trkpt>
      <trkpt lat="50.187743" lon="3.498885">
        <ele>69.8</ele>
      </trkpt>
      <trkpt lat="50.187865" lon="3.498927">
        <ele>70</ele>
      </trkpt>
      <trkpt lat="50.187958" lon="3.49894">
        <ele>70.2</ele>
      </trkpt>
      <trkpt lat="50.18814" lon="3.498915">
        <ele>70.9</ele>
      </trkpt>
      <trkpt lat="50.188686" lon="3.498795">
        <ele>73.6</ele>
      </trkpt>
      <trkpt lat="50.188881" lon="3.498774">
        <ele>75</ele>
      </trkpt>
      <trkpt lat="50.190939" lon="3.498672">
        <ele>87.8</ele>
      </trkpt>
      <trkpt lat="50.191246" lon="3.498682">
        <ele>89.3</ele>
      </trkpt>
      <trkpt lat="50.191471" lon="3.498727">
        <ele>90.5</ele>
      </trkpt>
      <trkpt lat="50.191706" lon="3.49881">
        <ele>91.6</ele>
      </trkpt>
      <trkpt lat="50.191863" lon="3.498889">
        <ele>92.6</ele>
      </trkpt>
      <trkpt lat="50.192831" lon="3.499476">
        <ele>97.8</ele>
      </trkpt>
      <trkpt lat="50.1931" lon="3.499664">
        <ele>99</ele>
      </trkpt>
      <trkpt lat="50.193865" lon="3.500317">
        <ele>102.9</ele>
      </trkpt>
      <trkpt lat="50.19399" lon="3.500389">
        <ele>103.1</ele>
      </trkpt>
      <trkpt lat="50.194234" lon="3.500495">
        <ele>104.5</ele>
      </trkpt>
      <trkpt lat="50.194263" lon="3.50053">
        <ele>104.8</ele>
      </trkpt>
      <trkpt lat="50.194279" lon="3.500574">
        <ele>105</ele>
      </trkpt>
      <trkpt lat="50.194399" lon="3.501389">
        <ele>107.4</ele>
      </trkpt>
      <trkpt lat="50.194452" lon="3.501636">
        <ele>108</ele>
      </trkpt>
      <trkpt lat="50.19448" lon="3.501696">
        <ele>108.2</ele>
      </trkpt>
      <trkpt lat="50.194513" lon="3.501725">
        <ele>108.3</ele>
      </trkpt>
      <trkpt lat="50.194553" lon="3.501735">
        <ele>108.4</ele>
      </trkpt>
      <trkpt lat="50.194779" lon="3.50176">
        <ele>108.6</ele>
      </trkpt>
      <trkpt lat="50.194847" lon="3.501792">
        <ele>108.8</ele>
      </trkpt>
      <trkpt lat="50.194945" lon="3.501881">
        <ele>109.2</ele>
      </trkpt>
      <trkpt lat="50.195864" lon="3.503158">
        <ele>113.9</ele>
      </trkpt>
      <trkpt lat="50.196165" lon="3.503546">
        <ele>114.9</ele>
      </trkpt>
      <trkpt lat="50.196481" lon="3.503916">
        <ele>115.6</ele>
      </trkpt>
      <trkpt lat="50.196961" lon="3.504429">
        <ele>115.7</ele>
      </trkpt>
      <trkpt lat="50.198653" lon="3.506116">
        <ele>108.7</ele>
      </trkpt>
      <trkpt lat="50.198936" lon="3.506428">
        <ele>108</ele>
      </trkpt>
      <trkpt lat="50.19905" lon="3.506584">
        <ele>107.8</ele>
      </trkpt>
      <trkpt lat="50.199153" lon="3.506753">
        <ele>107.5</ele>
      </trkpt>
      <trkpt lat="50.200054" lon="3.508363">
        <ele>106.4</ele>
      </trkpt>
      <trkpt lat="50.200612" lon="3.509228">
        <ele>106.2</ele>
      </trkpt>
      <trkpt lat="50.200822" lon="3.50952">
        <ele>106.1</ele>
      </trkpt>
      <trkpt lat="50.201065" lon="3.509811">
        <ele>106.1</ele>
      </trkpt>
      <trkpt lat="50.201328" lon="3.510084">
        <ele>106.1</ele>
      </trkpt>
      <trkpt lat="50.202376" lon="3.511076">
        <ele>106.1</ele>
      </trkpt>
      <trkpt lat="50.202596" lon="3.511316">
        <ele>106.1</ele>
      </trkpt>
      <trkpt lat="50.202813" lon="3.511576">
        <ele>106</ele>
      </trkpt>
      <trkpt lat="50.203904" lon="3.51299">
        <ele>104</ele>
      </trkpt>
      <trkpt lat="50.205484" lon="3.515136">
        <ele>100.2</ele>
      </trkpt>
      <trkpt lat="50.206337" lon="3.516323">
        <ele>98</ele>
      </trkpt>
      <trkpt lat="50.206999" lon="3.517286">
        <ele>94.6</ele>
      </trkpt>
      <trkpt lat="50.207276" lon="3.517644">
        <ele>93.1</ele>
      </trkpt>
      <trkpt lat="50.207823" lon="3.51831">
        <ele>91</ele>
      </trkpt>
      <trkpt lat="50.208026" lon="3.518544">
        <ele>90.3</ele>
      </trkpt>
      <trkpt lat="50.208273" lon="3.518796">
        <ele>89.8</ele>
      </trkpt>
      <trkpt lat="50.209044" lon="3.519458">
        <ele>88.6</ele>
      </trkpt>
      <trkpt lat="50.209905" lon="3.520297">
        <ele>88</ele>
      </trkpt>
      <trkpt lat="50.210026" lon="3.520381">
        <ele>87.9</ele>
      </trkpt>
      <trkpt lat="50.210368" lon="3.520534">
        <ele>87.4</ele>
      </trkpt>
      <trkpt lat="50.210534" lon="3.520646">
        <ele>87.3</ele>
      </trkpt>
      <trkpt lat="50.210601" lon="3.52076">
        <ele>87.1</ele>
      </trkpt>
      <trkpt lat="50.210678" lon="3.520974">
        <ele>87.1</ele>
      </trkpt>
      <trkpt lat="50.211027" lon="3.522409">
        <ele>87.2</ele>
      </trkpt>
      <trkpt lat="50.211118" lon="3.522744">
        <ele>87.4</ele>
      </trkpt>
      <trkpt lat="50.21125" lon="3.52305">
        <ele>87.6</ele>
      </trkpt>
      <trkpt lat="50.211362" lon="3.523238">
        <ele>87.7</ele>
      </trkpt>
      <trkpt lat="50.211481" lon="3.523384">
        <ele>88</ele>
      </trkpt>
      <trkpt lat="50.211615" lon="3.523521">
        <ele>88.6</ele>
      </trkpt>
      <trkpt lat="50.21212" lon="3.523998">
        <ele>91.9</ele>
      </trkpt>
      <trkpt lat="50.212318" lon="3.524155">
        <ele>92.4</ele>
      </trkpt>
      <trkpt lat="50.212406" lon="3.524203">
        <ele>92.6</ele>
      </trkpt>
      <trkpt lat="50.21249" lon="3.524226">
        <ele>92.9</ele>
      </trkpt>
      <trkpt lat="50.212949" lon="3.524225">
        <ele>94.5</ele>
      </trkpt>
      <trkpt lat="50.213016" lon="3.524237">
        <ele>94.6</ele>
      </trkpt>
      <trkpt lat="50.213067" lon="3.524271">
        <ele>94.7</ele>
      </trkpt>
      <trkpt lat="50.213112" lon="3.52434">
        <ele>94.9</ele>
      </trkpt>
      <trkpt lat="50.21329" lon="3.524736">
        <ele>95.3</ele>
      </trkpt>
      <trkpt lat="50.213421" lon="3.524935">
        <ele>95.8</ele>
      </trkpt>
      <trkpt lat="50.213813" lon="3.525452">
        <ele>97.2</ele>
      </trkpt>
      <trkpt lat="50.214289" lon="3.526123">
        <ele>98.4</ele>
      </trkpt>
      <trkpt lat="50.215016" lon="3.527002">
        <ele>100</ele>
      </trkpt>
      <trkpt lat="50.215532" lon="3.527712">
        <ele>101.7</ele>
      </trkpt>
      <trkpt lat="50.215599" lon="3.527745">
        <ele>101.8</ele>
      </trkpt>
      <trkpt lat="50.215668" lon="3.527731">
        <ele>101.9</ele>
      </trkpt>
      <trkpt lat="50.21732" lon="3.526846">
        <ele>102.5</ele>
      </trkpt>
      <trkpt lat="50.217694" lon="3.526658">
        <ele>102.6</ele>
      </trkpt>
      <trkpt lat="50.21818" lon="3.526486">
        <ele>102.3</ele>
      </trkpt>
      <trkpt lat="50.218488" lon="3.526403">
        <ele>102</ele>
      </trkpt>
      <trkpt lat="50.21866" lon="3.526372">
        <ele>101.8</ele>
      </trkpt>
      <trkpt lat="50.21899" lon="3.52635">
        <ele>101.4</ele>
      </trkpt>
      <trkpt lat="50.21987" lon="3.526417">
        <ele>99.3</ele>
      </trkpt>
      <trkpt lat="50.220133" lon="3.526414">
        <ele>98.8</ele>
      </trkpt>
      <trkpt lat="50.221864" lon="3.526171">
        <ele>95.7</ele>
      </trkpt>
      <trkpt lat="50.222237" lon="3.526155">
        <ele>95.6</ele>
      </trkpt>
      <trkpt lat="50.22269" lon="3.526185">
        <ele>95.6</ele>
      </trkpt>
      <trkpt lat="50.223136" lon="3.526233">
        <ele>95.7</ele>
      </trkpt>
      <trkpt lat="50.223408" lon="3.526298">
        <ele>95.9</ele>
      </trkpt>
      <trkpt lat="50.223879" lon="3.526449">
        <ele>96.1</ele>
      </trkpt>
      <trkpt lat="50.224004" lon="3.526444">
        <ele>96</ele>
      </trkpt>
      <trkpt lat="50.224142" lon="3.526401">
        <ele>96</ele>
      </trkpt>
      <trkpt lat="50.224245" lon="3.526331">
        <ele>96</ele>
      </trkpt>
      <trkpt lat="50.224392" lon="3.526162">
        <ele>95.8</ele>
      </trkpt>
      <trkpt lat="50.225438" lon="3.524639">
        <ele>94.7</ele>
      </trkpt>
      <trkpt lat="50.225601" lon="3.524466">
        <ele>94.7</ele>
      </trkpt>
      <trkpt lat="50.225747" lon="3.524343">
        <ele>94.6</ele>
      </trkpt>
      <trkpt lat="50.226924" lon="3.523696">
        <ele>96.1</ele>
      </trkpt>
      <trkpt lat="50.227873" lon="3.523263">
        <ele>96.7</ele>
      </trkpt>
      <trkpt lat="50.228209" lon="3.523088">
        <ele>97</ele>
      </trkpt>
      <trkpt lat="50.229426" lon="3.522294">
        <ele>95.4</ele>
      </trkpt>
      <trkpt lat="50.230737" lon="3.521358">
        <ele>92.3</ele>
      </trkpt>
      <trkpt lat="50.230959" lon="3.521256">
        <ele>91.7</ele>
      </trkpt>
      <trkpt lat="50.231447" lon="3.521138">
        <ele>90.6</ele>
      </trkpt>
      <trkpt lat="50.232706" lon="3.520722">
        <ele>88.5</ele>
      </trkpt>
      <trkpt lat="50.234904" lon="3.519853">
        <ele>88.7</ele>
      </trkpt>
      <trkpt lat="50.236277" lon="3.51943">
        <ele>90</ele>
      </trkpt>
      <trkpt lat="50.236607" lon="3.519313">
        <ele>90.4</ele>
      </trkpt>
      <trkpt lat="50.237499" lon="3.518861">
        <ele>91.5</ele>
      </trkpt>
      <trkpt lat="50.237712" lon="3.5187">
        <ele>91.4</ele>
      </trkpt>
      <trkpt lat="50.238186" lon="3.518254">
        <ele>90.5</ele>
      </trkpt>
      <trkpt lat="50.23832" lon="3.518171">
        <ele>90.4</ele>
      </trkpt>
      <trkpt lat="50.238415" lon="3.51815">
        <ele>90.3</ele>
      </trkpt>
      <trkpt lat="50.238509" lon="3.518155">
        <ele>90.2</ele>
      </trkpt>
      <trkpt lat="50.238633" lon="3.518203">
        <ele>90</ele>
      </trkpt>
      <trkpt lat="50.23898" lon="3.51846">
        <ele>89.5</ele>
      </trkpt>
      <trkpt lat="50.239111" lon="3.518522">
        <ele>89.4</ele>
      </trkpt>
      <trkpt lat="50.239468" lon="3.518597">
        <ele>88.6</ele>
      </trkpt>
      <trkpt lat="50.239883" lon="3.518638">
        <ele>86.2</ele>
      </trkpt>
      <trkpt lat="50.240214" lon="3.518617">
        <ele>84.3</ele>
      </trkpt>
      <trkpt lat="50.240464" lon="3.518575">
        <ele>82.6</ele>
      </trkpt>
      <trkpt lat="50.24065" lon="3.518523">
        <ele>81.4</ele>
      </trkpt>
      <trkpt lat="50.240842" lon="3.518436">
        <ele>80.5</ele>
      </trkpt>
      <trkpt lat="50.241344" lon="3.518149">
        <ele>79.4</ele>
      </trkpt>
      <trkpt lat="50.241648" lon="3.51801">
        <ele>79.3</ele>
      </trkpt>
      <trkpt lat="50.241741" lon="3.518041">
        <ele>79.3</ele>
      </trkpt>
      <trkpt lat="50.242091" lon="3.518262">
        <ele>79.2</ele>
      </trkpt>
      <trkpt lat="50.242223" lon="3.518365">
        <ele>79.1</ele>
      </trkpt>
      <trkpt lat="50.242383" lon="3.518519">
        <ele>79.1</ele>
      </trkpt>
      <trkpt lat="50.242717" lon="3.518914">
        <ele>79.4</ele>
      </trkpt>
      <trkpt lat="50.242924" lon="3.519206">
        <ele>79.6</ele>
      </trkpt>
      <trkpt lat="50.243419" lon="3.51996">
        <ele>80.7</ele>
      </trkpt>
      <trkpt lat="50.243672" lon="3.520285">
        <ele>81.5</ele>
      </trkpt>
      <trkpt lat="50.244499" lon="3.52121">
        <ele>82.9</ele>
      </trkpt>
      <trkpt lat="50.245943" lon="3.522887">
        <ele>76.9</ele>
      </trkpt>
      <trkpt lat="50.247537" lon="3.524539">
        <ele>68.1</ele>
      </trkpt>
      <trkpt lat="50.247813" lon="3.524971">
        <ele>67.9</ele>
      </trkpt>
      <trkpt lat="50.247855" lon="3.525064">
        <ele>67.9</ele>
      </trkpt>
      <trkpt lat="50.247884" lon="3.525192">
        <ele>67.8</ele>
      </trkpt>
      <trkpt lat="50.247888" lon="3.525344">
        <ele>67.3</ele>
      </trkpt>
      <trkpt lat="50.247878" lon="3.525479">
        <ele>67</ele>
      </trkpt>
      <trkpt lat="50.247761" lon="3.526398">
        <ele>65.2</ele>
      </trkpt>
      <trkpt lat="50.247733" lon="3.526511">
        <ele>65.2</ele>
      </trkpt>
      <trkpt lat="50.247705" lon="3.526564">
        <ele>65.2</ele>
      </trkpt>
      <trkpt lat="50.247193" lon="3.527159">
        <ele>67.3</ele>
      </trkpt>
      <trkpt lat="50.247042" lon="3.527384">
        <ele>68</ele>
      </trkpt>
      <trkpt lat="50.246898" lon="3.527697">
        <ele>68.9</ele>
      </trkpt>
      <trkpt lat="50.246836" lon="3.527883">
        <ele>69.4</ele>
      </trkpt>
      <trkpt lat="50.246776" lon="3.528119">
        <ele>69.8</ele>
      </trkpt>
      <trkpt lat="50.24671" lon="3.52843">
        <ele>70.4</ele>
      </trkpt>
      <trkpt lat="50.246697" lon="3.528561">
        <ele>70.7</ele>
      </trkpt>
      <trkpt lat="50.246703" lon="3.528702">
        <ele>71</ele>
      </trkpt>
      <trkpt lat="50.246763" lon="3.529092">
        <ele>71.7</ele>
      </trkpt>
      <trkpt lat="50.246791" lon="3.529363">
        <ele>71.9</ele>
      </trkpt>
      <trkpt lat="50.246799" lon="3.529692">
        <ele>71.9</ele>
      </trkpt>
      <trkpt lat="50.246781" lon="3.530047">
        <ele>71.6</ele>
      </trkpt>
      <trkpt lat="50.246682" lon="3.530684">
        <ele>70.1</ele>
      </trkpt>
      <trkpt lat="50.246495" lon="3.531602">
        <ele>67.2</ele>
      </trkpt>
      <trkpt lat="50.246302" lon="3.532504">
        <ele>65.4</ele>
      </trkpt>
      <trkpt lat="50.246243" lon="3.532749">
        <ele>65</ele>
      </trkpt>
      <trkpt lat="50.246155" lon="3.53304">
        <ele>64.6</ele>
      </trkpt>
      <trkpt lat="50.246064" lon="3.533263">
        <ele>64.2</ele>
      </trkpt>
      <trkpt lat="50.245758" lon="3.533765">
        <ele>63</ele>
      </trkpt>
      <trkpt lat="50.245669" lon="3.533932">
        <ele>62.7</ele>
      </trkpt>
      <trkpt lat="50.245111" lon="3.535255">
        <ele>61.5</ele>
      </trkpt>
      <trkpt lat="50.244978" lon="3.535597">
        <ele>61.5</ele>
      </trkpt>
      <trkpt lat="50.244858" lon="3.535825">
        <ele>61.9</ele>
      </trkpt>
      <trkpt lat="50.244611" lon="3.536361">
        <ele>63</ele>
      </trkpt>
      <trkpt lat="50.244514" lon="3.536523">
        <ele>63.2</ele>
      </trkpt>
      <trkpt lat="50.244409" lon="3.536671">
        <ele>63.4</ele>
      </trkpt>
      <trkpt lat="50.243955" lon="3.537176">
        <ele>64.6</ele>
      </trkpt>
      <trkpt lat="50.243852" lon="3.537356">
        <ele>64.9</ele>
      </trkpt>
      <trkpt lat="50.24377" lon="3.537551">
        <ele>65.1</ele>
      </trkpt>
      <trkpt lat="50.243691" lon="3.537888">
        <ele>65.6</ele>
      </trkpt>
      <trkpt lat="50.243451" lon="3.539109">
        <ele>68</ele>
      </trkpt>
      <trkpt lat="50.242996" lon="3.541704">
        <ele>71.4</ele>
      </trkpt>
      <trkpt lat="50.242924" lon="3.542005">
        <ele>71.3</ele>
      </trkpt>
      <trkpt lat="50.242866" lon="3.542163">
        <ele>71.1</ele>
      </trkpt>
      <trkpt lat="50.242794" lon="3.542297">
        <ele>71</ele>
      </trkpt>
      <trkpt lat="50.24267" lon="3.542473">
        <ele>70.6</ele>
      </trkpt>
      <trkpt lat="50.24105" lon="3.544566">
        <ele>62.2</ele>
      </trkpt>
      <trkpt lat="50.24086" lon="3.54479">
        <ele>61.7</ele>
      </trkpt>
      <trkpt lat="50.240531" lon="3.54512">
        <ele>61.3</ele>
      </trkpt>
      <trkpt lat="50.240433" lon="3.545254">
        <ele>61.1</ele>
      </trkpt>
      <trkpt lat="50.240367" lon="3.545393">
        <ele>61.1</ele>
      </trkpt>
      <trkpt lat="50.240338" lon="3.545497">
        <ele>61.2</ele>
      </trkpt>
      <trkpt lat="50.240223" lon="3.546119">
        <ele>62.4</ele>
      </trkpt>
      <trkpt lat="50.239979" lon="3.547251">
        <ele>65.5</ele>
      </trkpt>
      <trkpt lat="50.239893" lon="3.5477">
        <ele>67.4</ele>
      </trkpt>
      <trkpt lat="50.239834" lon="3.547902">
        <ele>68.5</ele>
      </trkpt>
      <trkpt lat="50.23978" lon="3.548006">
        <ele>69.1</ele>
      </trkpt>
      <trkpt lat="50.239709" lon="3.548087">
        <ele>69.7</ele>
      </trkpt>
      <trkpt lat="50.239573" lon="3.548167">
        <ele>70.7</ele>
      </trkpt>
      <trkpt lat="50.239338" lon="3.548243">
        <ele>72.1</ele>
      </trkpt>
      <trkpt lat="50.239291" lon="3.548286">
        <ele>72.4</ele>
      </trkpt>
      <trkpt lat="50.239257" lon="3.548361">
        <ele>72.7</ele>
      </trkpt>
      <trkpt lat="50.239234" lon="3.548481">
        <ele>72.9</ele>
      </trkpt>
      <trkpt lat="50.239218" lon="3.548648">
        <ele>73.2</ele>
      </trkpt>
      <trkpt lat="50.239139" lon="3.550012">
        <ele>75.9</ele>
      </trkpt>
      <trkpt lat="50.238836" lon="3.554091">
        <ele>88</ele>
      </trkpt>
      <trkpt lat="50.238608" lon="3.556529">
        <ele>91.6</ele>
      </trkpt>
      <trkpt lat="50.238558" lon="3.556965">
        <ele>91.8</ele>
      </trkpt>
      <trkpt lat="50.238482" lon="3.557474">
        <ele>91.6</ele>
      </trkpt>
      <trkpt lat="50.238483" lon="3.557592">
        <ele>91.4</ele>
      </trkpt>
      <trkpt lat="50.238498" lon="3.557647">
        <ele>91.3</ele>
      </trkpt>
      <trkpt lat="50.238551" lon="3.557731">
        <ele>91</ele>
      </trkpt>
      <trkpt lat="50.238662" lon="3.557791">
        <ele>90.7</ele>
      </trkpt>
      <trkpt lat="50.238956" lon="3.557907">
        <ele>89.1</ele>
      </trkpt>
      <trkpt lat="50.239955" lon="3.558256">
        <ele>82.5</ele>
      </trkpt>
      <trkpt lat="50.240384" lon="3.558427">
        <ele>79.8</ele>
      </trkpt>
      <trkpt lat="50.240686" lon="3.558559">
        <ele>77.8</ele>
      </trkpt>
      <trkpt lat="50.241742" lon="3.559074">
        <ele>70.5</ele>
      </trkpt>
      <trkpt lat="50.242991" lon="3.559757">
        <ele>65.2</ele>
      </trkpt>
      <trkpt lat="50.243385" lon="3.560016">
        <ele>64.9</ele>
      </trkpt>
      <trkpt lat="50.243546" lon="3.560149">
        <ele>65.5</ele>
      </trkpt>
      <trkpt lat="50.243625" lon="3.560248">
        <ele>65.8</ele>
      </trkpt>
      <trkpt lat="50.243708" lon="3.560417">
        <ele>66.1</ele>
      </trkpt>
      <trkpt lat="50.244089" lon="3.561285">
        <ele>69.2</ele>
      </trkpt>
      <trkpt lat="50.2442" lon="3.56151">
        <ele>70.5</ele>
      </trkpt>
      <trkpt lat="50.244372" lon="3.561781">
        <ele>72.8</ele>
      </trkpt>
      <trkpt lat="50.24473" lon="3.562234">
        <ele>77.7</ele>
      </trkpt>
      <trkpt lat="50.244836" lon="3.562328">
        <ele>79.3</ele>
      </trkpt>
      <trkpt lat="50.245518" lon="3.562815">
        <ele>86.1</ele>
      </trkpt>
      <trkpt lat="50.246204" lon="3.563401">
        <ele>90.3</ele>
      </trkpt>
      <trkpt lat="50.247618" lon="3.564406">
        <ele>93.4</ele>
      </trkpt>
      <trkpt lat="50.24792" lon="3.564605">
        <ele>93.9</ele>
      </trkpt>
      <trkpt lat="50.248219" lon="3.564759">
        <ele>94.4</ele>
      </trkpt>
      <trkpt lat="50.248571" lon="3.564917">
        <ele>94.9</ele>
      </trkpt>
      <trkpt lat="50.248917" lon="3.565049">
        <ele>95.3</ele>
      </trkpt>
      <trkpt lat="50.249073" lon="3.565091">
        <ele>95.6</ele>
      </trkpt>
      <trkpt lat="50.249278" lon="3.565115">
        <ele>95.9</ele>
      </trkpt>
      <trkpt lat="50.250106" lon="3.565157">
        <ele>97.7</ele>
      </trkpt>
      <trkpt lat="50.251261" lon="3.565318">
        <ele>100.6</ele>
      </trkpt>
      <trkpt lat="50.252288" lon="3.56554">
        <ele>105.1</ele>
      </trkpt>
      <trkpt lat="50.252704" lon="3.565653">
        <ele>106.4</ele>
      </trkpt>
      <trkpt lat="50.252949" lon="3.565776">
        <ele>106.7</ele>
      </trkpt>
      <trkpt lat="50.253384" lon="3.566041">
        <ele>107</ele>
      </trkpt>
      <trkpt lat="50.25458" lon="3.566899">
        <ele>105.3</ele>
      </trkpt>
      <trkpt lat="50.255298" lon="3.567383">
        <ele>102.8</ele>
      </trkpt>
      <trkpt lat="50.256191" lon="3.567876">
        <ele>99.2</ele>
      </trkpt>
      <trkpt lat="50.256963" lon="3.568206">
        <ele>96.9</ele>
      </trkpt>
      <trkpt lat="50.257168" lon="3.568311">
        <ele>96.4</ele>
      </trkpt>
      <trkpt lat="50.257405" lon="3.568467">
        <ele>96.1</ele>
      </trkpt>
      <trkpt lat="50.257612" lon="3.568671">
        <ele>95.8</ele>
      </trkpt>
      <trkpt lat="50.257773" lon="3.56889">
        <ele>95.4</ele>
      </trkpt>
      <trkpt lat="50.25837" lon="3.569774">
        <ele>95.1</ele>
      </trkpt>
      <trkpt lat="50.258497" lon="3.569896">
        <ele>95.2</ele>
      </trkpt>
      <trkpt lat="50.258518" lon="3.569952">
        <ele>95.2</ele>
      </trkpt>
      <trkpt lat="50.258554" lon="3.57016">
        <ele>95.3</ele>
      </trkpt>
      <trkpt lat="50.258617" lon="3.570757">
        <ele>95.4</ele>
      </trkpt>
      <trkpt lat="50.258627" lon="3.571276">
        <ele>95.4</ele>
      </trkpt>
      <trkpt lat="50.258615" lon="3.573056">
        <ele>95.9</ele>
      </trkpt>
      <trkpt lat="50.258657" lon="3.57535">
        <ele>97.2</ele>
      </trkpt>
      <trkpt lat="50.258633" lon="3.578137">
        <ele>100.8</ele>
      </trkpt>
      <trkpt lat="50.258647" lon="3.579175">
        <ele>101.6</ele>
      </trkpt>
      <trkpt lat="50.258644" lon="3.579787">
        <ele>101.8</ele>
      </trkpt>
      <trkpt lat="50.258678" lon="3.581705">
        <ele>102.4</ele>
      </trkpt>
      <trkpt lat="50.258667" lon="3.582926">
        <ele>102.7</ele>
      </trkpt>
      <trkpt lat="50.258611" lon="3.583792">
        <ele>103.4</ele>
      </trkpt>
      <trkpt lat="50.258616" lon="3.5839">
        <ele>103.4</ele>
      </trkpt>
      <trkpt lat="50.258635" lon="3.583948">
        <ele>103.5</ele>
      </trkpt>
      <trkpt lat="50.258664" lon="3.583981">
        <ele>103.5</ele>
      </trkpt>
      <trkpt lat="50.258699" lon="3.583994">
        <ele>103.5</ele>
      </trkpt>
      <trkpt lat="50.259614" lon="3.583979">
        <ele>105</ele>
      </trkpt>
      <trkpt lat="50.259789" lon="3.583941">
        <ele>105.2</ele>
      </trkpt>
      <trkpt lat="50.260051" lon="3.58383">
        <ele>106.1</ele>
      </trkpt>
      <trkpt lat="50.260287" lon="3.583689">
        <ele>106.6</ele>
      </trkpt>
      <trkpt lat="50.261175" lon="3.582984">
        <ele>108.6</ele>
      </trkpt>
      <trkpt lat="50.261475" lon="3.58272">
        <ele>109</ele>
      </trkpt>
      <trkpt lat="50.261676" lon="3.582501">
        <ele>109.1</ele>
      </trkpt>
      <trkpt lat="50.262089" lon="3.582004">
        <ele>109</ele>
      </trkpt>
      <trkpt lat="50.262934" lon="3.580818">
        <ele>109.6</ele>
      </trkpt>
      <trkpt lat="50.263179" lon="3.58053">
        <ele>109.6</ele>
      </trkpt>
      <trkpt lat="50.263624" lon="3.58013">
        <ele>109.1</ele>
      </trkpt>
      <trkpt lat="50.264886" lon="3.579093">
        <ele>107.8</ele>
      </trkpt>
      <trkpt lat="50.265676" lon="3.578416">
        <ele>107.3</ele>
      </trkpt>
      <trkpt lat="50.26592" lon="3.578179">
        <ele>107.3</ele>
      </trkpt>
      <trkpt lat="50.266322" lon="3.57774">
        <ele>107.5</ele>
      </trkpt>
      <trkpt lat="50.268147" lon="3.575505">
        <ele>107.8</ele>
      </trkpt>
      <trkpt lat="50.268848" lon="3.574517">
        <ele>104.5</ele>
      </trkpt>
      <trkpt lat="50.269062" lon="3.574263">
        <ele>103.1</ele>
      </trkpt>
      <trkpt lat="50.269475" lon="3.573805">
        <ele>100.3</ele>
      </trkpt>
      <trkpt lat="50.269609" lon="3.573639">
        <ele>99.4</ele>
      </trkpt>
      <trkpt lat="50.269795" lon="3.573356">
        <ele>98.4</ele>
      </trkpt>
      <trkpt lat="50.270159" lon="3.572755">
        <ele>96.8</ele>
      </trkpt>
      <trkpt lat="50.270679" lon="3.571815">
        <ele>95.4</ele>
      </trkpt>
      <trkpt lat="50.27086" lon="3.571532">
        <ele>94.8</ele>
      </trkpt>
      <trkpt lat="50.272338" lon="3.569806">
        <ele>92.5</ele>
      </trkpt>
      <trkpt lat="50.274652" lon="3.566913">
        <ele>90.3</ele>
      </trkpt>
      <trkpt lat="50.276092" lon="3.565199">
        <ele>87.1</ele>
      </trkpt>
      <trkpt lat="50.276211" lon="3.565065">
        <ele>86.8</ele>
      </trkpt>
      <trkpt lat="50.27636" lon="3.564922">
        <ele>86.4</ele>
      </trkpt>
      <trkpt lat="50.276639" lon="3.564717">
        <ele>85.3</ele>
      </trkpt>
      <trkpt lat="50.277256" lon="3.564318">
        <ele>82.5</ele>
      </trkpt>
      <trkpt lat="50.278272" lon="3.563773">
        <ele>80.5</ele>
      </trkpt>
      <trkpt lat="50.278655" lon="3.563532">
        <ele>80.1</ele>
      </trkpt>
      <trkpt lat="50.278724" lon="3.563464">
        <ele>80.1</ele>
      </trkpt>
      <trkpt lat="50.278785" lon="3.563375">
        <ele>80.1</ele>
      </trkpt>
      <trkpt lat="50.279061" lon="3.562769">
        <ele>79.4</ele>
      </trkpt>
      <trkpt lat="50.279083" lon="3.562737">
        <ele>79.3</ele>
      </trkpt>
      <trkpt lat="50.279129" lon="3.562716">
        <ele>79.3</ele>
      </trkpt>
      <trkpt lat="50.279218" lon="3.562747">
        <ele>79.1</ele>
      </trkpt>
      <trkpt lat="50.279817" lon="3.563254">
        <ele>77.9</ele>
      </trkpt>
      <trkpt lat="50.279921" lon="3.563321">
        <ele>77.5</ele>
      </trkpt>
      <trkpt lat="50.279995" lon="3.563352">
        <ele>77.4</ele>
      </trkpt>
      <trkpt lat="50.280144" lon="3.563382">
        <ele>77.3</ele>
      </trkpt>
      <trkpt lat="50.280308" lon="3.563395">
        <ele>77.1</ele>
      </trkpt>
      <trkpt lat="50.280856" lon="3.563345">
        <ele>76.3</ele>
      </trkpt>
      <trkpt lat="50.281045" lon="3.563382">
        <ele>76.2</ele>
      </trkpt>
      <trkpt lat="50.281302" lon="3.563501">
        <ele>75.9</ele>
      </trkpt>
      <trkpt lat="50.282166" lon="3.564068">
        <ele>74.1</ele>
      </trkpt>
      <trkpt lat="50.282403" lon="3.564188">
        <ele>73.4</ele>
      </trkpt>
      <trkpt lat="50.282523" lon="3.564195">
        <ele>73.2</ele>
      </trkpt>
      <trkpt lat="50.282622" lon="3.564166">
        <ele>73</ele>
      </trkpt>
      <trkpt lat="50.282725" lon="3.564112">
        <ele>72.9</ele>
      </trkpt>
      <trkpt lat="50.28279" lon="3.564042">
        <ele>72.7</ele>
      </trkpt>
      <trkpt lat="50.282831" lon="3.563972">
        <ele>72.6</ele>
      </trkpt>
      <trkpt lat="50.282855" lon="3.56388">
        <ele>72.7</ele>
      </trkpt>
      <trkpt lat="50.282843" lon="3.563682">
        <ele>73.2</ele>
      </trkpt>
      <trkpt lat="50.282808" lon="3.563527">
        <ele>73.8</ele>
      </trkpt>
      <trkpt lat="50.282723" lon="3.563341">
        <ele>74.1</ele>
      </trkpt>
      <trkpt lat="50.282418" lon="3.562809">
        <ele>76</ele>
      </trkpt>
      <trkpt lat="50.282302" lon="3.562578">
        <ele>76.9</ele>
      </trkpt>
      <trkpt lat="50.282211" lon="3.562341">
        <ele>77.6</ele>
      </trkpt>
      <trkpt lat="50.282026" lon="3.561782">
        <ele>78.8</ele>
      </trkpt>
      <trkpt lat="50.281938" lon="3.561491">
        <ele>79.3</ele>
      </trkpt>
      <trkpt lat="50.281922" lon="3.561385">
        <ele>79.4</ele>
      </trkpt>
      <trkpt lat="50.281936" lon="3.561164">
        <ele>79.5</ele>
      </trkpt>
      <trkpt lat="50.281989" lon="3.560879">
        <ele>79.4</ele>
      </trkpt>
      <trkpt lat="50.282231" lon="3.560043">
        <ele>79</ele>
      </trkpt>
      <trkpt lat="50.282338" lon="3.559617">
        <ele>78.9</ele>
      </trkpt>
      <trkpt lat="50.282574" lon="3.558459">
        <ele>79.5</ele>
      </trkpt>
      <trkpt lat="50.282598" lon="3.5583">
        <ele>79.6</ele>
      </trkpt>
      <trkpt lat="50.282599" lon="3.558179">
        <ele>79.8</ele>
      </trkpt>
      <trkpt lat="50.282553" lon="3.557978">
        <ele>80.4</ele>
      </trkpt>
      <trkpt lat="50.282482" lon="3.557826">
        <ele>80.8</ele>
      </trkpt>
      <trkpt lat="50.282219" lon="3.557391">
        <ele>82.1</ele>
      </trkpt>
      <trkpt lat="50.281891" lon="3.556916">
        <ele>84.3</ele>
      </trkpt>
      <trkpt lat="50.281843" lon="3.556825">
        <ele>84.5</ele>
      </trkpt>
      <trkpt lat="50.281801" lon="3.556717">
        <ele>84.6</ele>
      </trkpt>
      <trkpt lat="50.281768" lon="3.55659">
        <ele>84.7</ele>
      </trkpt>
      <trkpt lat="50.281753" lon="3.556412">
        <ele>85.2</ele>
      </trkpt>
      <trkpt lat="50.281769" lon="3.556257">
        <ele>85.4</ele>
      </trkpt>
      <trkpt lat="50.281803" lon="3.5561">
        <ele>85.6</ele>
      </trkpt>
      <trkpt lat="50.281938" lon="3.55556">
        <ele>86.6</ele>
      </trkpt>
      <trkpt lat="50.282013" lon="3.55531">
        <ele>86.6</ele>
      </trkpt>
      <trkpt lat="50.282698" lon="3.553435">
        <ele>82.9</ele>
      </trkpt>
      <trkpt lat="50.282858" lon="3.553029">
        <ele>82.1</ele>
      </trkpt>
      <trkpt lat="50.283053" lon="3.552643">
        <ele>81.3</ele>
      </trkpt>
      <trkpt lat="50.283201" lon="3.552385">
        <ele>80.5</ele>
      </trkpt>
      <trkpt lat="50.283701" lon="3.551746">
        <ele>79.4</ele>
      </trkpt>
      <trkpt lat="50.284232" lon="3.550949">
        <ele>79.1</ele>
      </trkpt>
      <trkpt lat="50.284755" lon="3.550228">
        <ele>80.1</ele>
      </trkpt>
      <trkpt lat="50.284993" lon="3.549823">
        <ele>80.9</ele>
      </trkpt>
      <trkpt lat="50.285256" lon="3.549283">
        <ele>82</ele>
      </trkpt>
      <trkpt lat="50.285568" lon="3.548539">
        <ele>82.4</ele>
      </trkpt>
      <trkpt lat="50.285699" lon="3.548117">
        <ele>82.1</ele>
      </trkpt>
      <trkpt lat="50.285909" lon="3.547274">
        <ele>81.2</ele>
      </trkpt>
      <trkpt lat="50.286001" lon="3.547035">
        <ele>80.9</ele>
      </trkpt>
      <trkpt lat="50.286079" lon="3.546888">
        <ele>80.9</ele>
      </trkpt>
      <trkpt lat="50.287175" lon="3.545368">
        <ele>82.6</ele>
      </trkpt>
      <trkpt lat="50.288366" lon="3.543411">
        <ele>79.4</ele>
      </trkpt>
      <trkpt lat="50.288704" lon="3.542913">
        <ele>77.4</ele>
      </trkpt>
      <trkpt lat="50.288917" lon="3.542641">
        <ele>76.4</ele>
      </trkpt>
      <trkpt lat="50.289858" lon="3.541602">
        <ele>74.4</ele>
      </trkpt>
      <trkpt lat="50.290146" lon="3.541269">
        <ele>74.2</ele>
      </trkpt>
      <trkpt lat="50.290252" lon="3.541131">
        <ele>74</ele>
      </trkpt>
      <trkpt lat="50.290418" lon="3.540845">
        <ele>73.7</ele>
      </trkpt>
      <trkpt lat="50.29067" lon="3.54028">
        <ele>72.3</ele>
      </trkpt>
      <trkpt lat="50.290776" lon="3.540076">
        <ele>71.8</ele>
      </trkpt>
      <trkpt lat="50.290908" lon="3.53988">
        <ele>71.3</ele>
      </trkpt>
      <trkpt lat="50.291196" lon="3.539493">
        <ele>70</ele>
      </trkpt>
      <trkpt lat="50.291304" lon="3.539304">
        <ele>69.6</ele>
      </trkpt>
      <trkpt lat="50.291388" lon="3.539107">
        <ele>69.3</ele>
      </trkpt>
      <trkpt lat="50.291429" lon="3.538948">
        <ele>69</ele>
      </trkpt>
      <trkpt lat="50.291436" lon="3.538657">
        <ele>68.9</ele>
      </trkpt>
      <trkpt lat="50.291453" lon="3.538496">
        <ele>68.9</ele>
      </trkpt>
      <trkpt lat="50.291641" lon="3.537428">
        <ele>69.7</ele>
      </trkpt>
      <trkpt lat="50.291747" lon="3.536716">
        <ele>70.3</ele>
      </trkpt>
      <trkpt lat="50.291782" lon="3.536553">
        <ele>70.4</ele>
      </trkpt>
      <trkpt lat="50.291874" lon="3.536345">
        <ele>70.5</ele>
      </trkpt>
      <trkpt lat="50.292216" lon="3.535736">
        <ele>71.3</ele>
      </trkpt>
      <trkpt lat="50.292313" lon="3.535533">
        <ele>71.7</ele>
      </trkpt>
      <trkpt lat="50.292417" lon="3.535248">
        <ele>72.2</ele>
      </trkpt>
      <trkpt lat="50.29269" lon="3.534332">
        <ele>74.8</ele>
      </trkpt>
      <trkpt lat="50.292778" lon="3.534112">
        <ele>75.5</ele>
      </trkpt>
      <trkpt lat="50.292902" lon="3.533858">
        <ele>76.5</ele>
      </trkpt>
      <trkpt lat="50.293" lon="3.533716">
        <ele>77.6</ele>
      </trkpt>
      <trkpt lat="50.293125" lon="3.533581">
        <ele>78.7</ele>
      </trkpt>
      <trkpt lat="50.293731" lon="3.53304">
        <ele>81.7</ele>
      </trkpt>
      <trkpt lat="50.29398" lon="3.532785">
        <ele>82.8</ele>
      </trkpt>
      <trkpt lat="50.294088" lon="3.532638">
        <ele>83.2</ele>
      </trkpt>
      <trkpt lat="50.294632" lon="3.531792">
        <ele>85.4</ele>
      </trkpt>
      <trkpt lat="50.294873" lon="3.531503">
        <ele>85.7</ele>
      </trkpt>
      <trkpt lat="50.296408" lon="3.529982">
        <ele>83</ele>
      </trkpt>
      <trkpt lat="50.297673" lon="3.52878">
        <ele>81.4</ele>
      </trkpt>
      <trkpt lat="50.297901" lon="3.528524">
        <ele>81.1</ele>
      </trkpt>
      <trkpt lat="50.298019" lon="3.528367">
        <ele>80.9</ele>
      </trkpt>
      <trkpt lat="50.298233" lon="3.52803">
        <ele>80.7</ele>
      </trkpt>
      <trkpt lat="50.298382" lon="3.527719">
        <ele>80.5</ele>
      </trkpt>
      <trkpt lat="50.299337" lon="3.525155">
        <ele>80.6</ele>
      </trkpt>
      <trkpt lat="50.299437" lon="3.52492">
        <ele>80.7</ele>
      </trkpt>
      <trkpt lat="50.299514" lon="3.524851">
        <ele>80.7</ele>
      </trkpt>
      <trkpt lat="50.300216" lon="3.524536">
        <ele>79.6</ele>
      </trkpt>
      <trkpt lat="50.302327" lon="3.523641">
        <ele>80.4</ele>
      </trkpt>
      <trkpt lat="50.302629" lon="3.523536">
        <ele>80.6</ele>
      </trkpt>
      <trkpt lat="50.303716" lon="3.523207">
        <ele>82.7</ele>
      </trkpt>
      <trkpt lat="50.30476" lon="3.522815">
        <ele>84</ele>
      </trkpt>
      <trkpt lat="50.306708" lon="3.521787">
        <ele>82.2</ele>
      </trkpt>
      <trkpt lat="50.308512" lon="3.520982">
        <ele>80.5</ele>
      </trkpt>
      <trkpt lat="50.309286" lon="3.520693">
        <ele>80</ele>
      </trkpt>
      <trkpt lat="50.310261" lon="3.520392">
        <ele>78.7</ele>
      </trkpt>
      <trkpt lat="50.310499" lon="3.520306">
        <ele>78.3</ele>
      </trkpt>
      <trkpt lat="50.310859" lon="3.520122">
        <ele>77.7</ele>
      </trkpt>
      <trkpt lat="50.312191" lon="3.519325">
        <ele>76.2</ele>
      </trkpt>
      <trkpt lat="50.312586" lon="3.519129">
        <ele>75.5</ele>
      </trkpt>
      <trkpt lat="50.313364" lon="3.518804">
        <ele>74.3</ele>
      </trkpt>
      <trkpt lat="50.313465" lon="3.518751">
        <ele>74.3</ele>
      </trkpt>
      <trkpt lat="50.313615" lon="3.518626">
        <ele>74.4</ele>
      </trkpt>
      <trkpt lat="50.313652" lon="3.518609">
        <ele>74.4</ele>
      </trkpt>
      <trkpt lat="50.313692" lon="3.518615">
        <ele>74.3</ele>
      </trkpt>
      <trkpt lat="50.313737" lon="3.518643">
        <ele>74.2</ele>
      </trkpt>
      <trkpt lat="50.313913" lon="3.51878">
        <ele>73.8</ele>
      </trkpt>
      <trkpt lat="50.313983" lon="3.518811">
        <ele>73.8</ele>
      </trkpt>
      <trkpt lat="50.314057" lon="3.518824">
        <ele>73.7</ele>
      </trkpt>
      <trkpt lat="50.314163" lon="3.518817">
        <ele>73.6</ele>
      </trkpt>
      <trkpt lat="50.314215" lon="3.518796">
        <ele>73.5</ele>
      </trkpt>
      <trkpt lat="50.314252" lon="3.518752">
        <ele>73.4</ele>
      </trkpt>
      <trkpt lat="50.314269" lon="3.51868">
        <ele>73.3</ele>
      </trkpt>
      <trkpt lat="50.314258" lon="3.51848">
        <ele>72.9</ele>
      </trkpt>
      <trkpt lat="50.314208" lon="3.518247">
        <ele>72.7</ele>
      </trkpt>
      <trkpt lat="50.31399" lon="3.517533">
        <ele>72.2</ele>
      </trkpt>
      <trkpt lat="50.313881" lon="3.517117">
        <ele>71.8</ele>
      </trkpt>
      <trkpt lat="50.313789" lon="3.516629">
        <ele>71.4</ele>
      </trkpt>
      <trkpt lat="50.313754" lon="3.516369">
        <ele>71.2</ele>
      </trkpt>
      <trkpt lat="50.313754" lon="3.516259">
        <ele>71.2</ele>
      </trkpt>
      <trkpt lat="50.313773" lon="3.51612">
        <ele>71.2</ele>
      </trkpt>
      <trkpt lat="50.313968" lon="3.515199">
        <ele>71</ele>
      </trkpt>
      <trkpt lat="50.313998" lon="3.514992">
        <ele>70.9</ele>
      </trkpt>
      <trkpt lat="50.314006" lon="3.514664">
        <ele>70.8</ele>
      </trkpt>
      <trkpt lat="50.313979" lon="3.514381">
        <ele>70.8</ele>
      </trkpt>
      <trkpt lat="50.313928" lon="3.514111">
        <ele>70.8</ele>
      </trkpt>
      <trkpt lat="50.313877" lon="3.513946">
        <ele>70.8</ele>
      </trkpt>
      <trkpt lat="50.31381" lon="3.513799">
        <ele>70.9</ele>
      </trkpt>
      <trkpt lat="50.313688" lon="3.513609">
        <ele>70.9</ele>
      </trkpt>
      <trkpt lat="50.31365" lon="3.513511">
        <ele>70.8</ele>
      </trkpt>
      <trkpt lat="50.313639" lon="3.513406">
        <ele>70.6</ele>
      </trkpt>
      <trkpt lat="50.313672" lon="3.513134">
        <ele>70.3</ele>
      </trkpt>
      <trkpt lat="50.313665" lon="3.512927">
        <ele>70.2</ele>
      </trkpt>
      <trkpt lat="50.31363" lon="3.512676">
        <ele>70</ele>
      </trkpt>
      <trkpt lat="50.313451" lon="3.51164">
        <ele>68.8</ele>
      </trkpt>
      <trkpt lat="50.313406" lon="3.511325">
        <ele>68.5</ele>
      </trkpt>
      <trkpt lat="50.313258" lon="3.509762">
        <ele>67.5</ele>
      </trkpt>
      <trkpt lat="50.313169" lon="3.509079">
        <ele>67.3</ele>
      </trkpt>
      <trkpt lat="50.313065" lon="3.508393">
        <ele>67.2</ele>
      </trkpt>
      <trkpt lat="50.312878" lon="3.507273">
        <ele>67</ele>
      </trkpt>
      <trkpt lat="50.312477" lon="3.5051">
        <ele>66.3</ele>
      </trkpt>
      <trkpt lat="50.312305" lon="3.504353">
        <ele>64.5</ele>
      </trkpt>
      <trkpt lat="50.312077" lon="3.503545">
        <ele>60.4</ele>
      </trkpt>
      <trkpt lat="50.311583" lon="3.501972">
        <ele>53.1</ele>
      </trkpt>
      <trkpt lat="50.310986" lon="3.500118">
        <ele>45</ele>
      </trkpt>
      <trkpt lat="50.310516" lon="3.498451">
        <ele>37.8</ele>
      </trkpt>
      <trkpt lat="50.310268" lon="3.497678">
        <ele>36.1</ele>
      </trkpt>
      <trkpt lat="50.310199" lon="3.497503">
        <ele>35.9</ele>
      </trkpt>
      <trkpt lat="50.310139" lon="3.497389">
        <ele>35.8</ele>
      </trkpt>
      <trkpt lat="50.309765" lon="3.496872">
        <ele>36.4</ele>
      </trkpt>
      <trkpt lat="50.309678" lon="3.496732">
        <ele>36.7</ele>
      </trkpt>
      <trkpt lat="50.309596" lon="3.496573">
        <ele>37.1</ele>
      </trkpt>
      <trkpt lat="50.309525" lon="3.496391">
        <ele>37.4</ele>
      </trkpt>
      <trkpt lat="50.309393" lon="3.495938">
        <ele>38.5</ele>
      </trkpt>
      <trkpt lat="50.308867" lon="3.493859">
        <ele>43.4</ele>
      </trkpt>
      <trkpt lat="50.308763" lon="3.493491">
        <ele>43.9</ele>
      </trkpt>
      <trkpt lat="50.30852" lon="3.492704">
        <ele>44.5</ele>
      </trkpt>
      <trkpt lat="50.308166" lon="3.491582">
        <ele>43.8</ele>
      </trkpt>
      <trkpt lat="50.307942" lon="3.490921">
        <ele>42.8</ele>
      </trkpt>
      <trkpt lat="50.307206" lon="3.488827">
        <ele>40.4</ele>
      </trkpt>
      <trkpt lat="50.30696" lon="3.488195">
        <ele>40.3</ele>
      </trkpt>
      <trkpt lat="50.306738" lon="3.487679">
        <ele>40.6</ele>
      </trkpt>
      <trkpt lat="50.306547" lon="3.487284">
        <ele>40.8</ele>
      </trkpt>
      <trkpt lat="50.305991" lon="3.486251">
        <ele>41.1</ele>
      </trkpt>
      <trkpt lat="50.305676" lon="3.48569">
        <ele>41.2</ele>
      </trkpt>
      <trkpt lat="50.305425" lon="3.485321">
        <ele>41.3</ele>
      </trkpt>
      <trkpt lat="50.304494" lon="3.484034">
        <ele>42.4</ele>
      </trkpt>
      <trkpt lat="50.303308" lon="3.482137">
        <ele>41.7</ele>
      </trkpt>
      <trkpt lat="50.303157" lon="3.481917">
        <ele>41.4</ele>
      </trkpt>
      <trkpt lat="50.303102" lon="3.481861">
        <ele>41.4</ele>
      </trkpt>
      <trkpt lat="50.303058" lon="3.481846">
        <ele>41.4</ele>
      </trkpt>
      <trkpt lat="50.303019" lon="3.481867">
        <ele>41.4</ele>
      </trkpt>
      <trkpt lat="50.302671" lon="3.482376">
        <ele>42.3</ele>
      </trkpt>
      <trkpt lat="50.302464" lon="3.482648">
        <ele>42.9</ele>
      </trkpt>
      <trkpt lat="50.302149" lon="3.48302">
        <ele>44.2</ele>
      </trkpt>
      <trkpt lat="50.301818" lon="3.483372">
        <ele>45.8</ele>
      </trkpt>
      <trkpt lat="50.301061" lon="3.484051">
        <ele>49.3</ele>
      </trkpt>
      <trkpt lat="50.300369" lon="3.484589">
        <ele>53.6</ele>
      </trkpt>
      <trkpt lat="50.300256" lon="3.484697">
        <ele>54.1</ele>
      </trkpt>
      <trkpt lat="50.300152" lon="3.484821">
        <ele>54.6</ele>
      </trkpt>
      <trkpt lat="50.300024" lon="3.485016">
        <ele>55.4</ele>
      </trkpt>
      <trkpt lat="50.299504" lon="3.485878">
        <ele>58.9</ele>
      </trkpt>
      <trkpt lat="50.299318" lon="3.486197">
        <ele>59.9</ele>
      </trkpt>
      <trkpt lat="50.29926" lon="3.486316">
        <ele>60.1</ele>
      </trkpt>
      <trkpt lat="50.299179" lon="3.486564">
        <ele>60.5</ele>
      </trkpt>
      <trkpt lat="50.29894" lon="3.487439">
        <ele>62.2</ele>
      </trkpt>
      <trkpt lat="50.298854" lon="3.487706">
        <ele>62.8</ele>
      </trkpt>
      <trkpt lat="50.298538" lon="3.488467">
        <ele>64.9</ele>
      </trkpt>
      <trkpt lat="50.298401" lon="3.488748">
        <ele>65.6</ele>
      </trkpt>
      <trkpt lat="50.298083" lon="3.489163">
        <ele>66.4</ele>
      </trkpt>
      <trkpt lat="50.297199" lon="3.490258">
        <ele>69.1</ele>
      </trkpt>
      <trkpt lat="50.297098" lon="3.490348">
        <ele>69.5</ele>
      </trkpt>
      <trkpt lat="50.297015" lon="3.490401">
        <ele>69.8</ele>
      </trkpt>
      <trkpt lat="50.296452" lon="3.490718">
        <ele>71.7</ele>
      </trkpt>
      <trkpt lat="50.296377" lon="3.490776">
        <ele>72</ele>
      </trkpt>
      <trkpt lat="50.296256" lon="3.490902">
        <ele>72.5</ele>
      </trkpt>
      <trkpt lat="50.296117" lon="3.491105">
        <ele>72.9</ele>
      </trkpt>
      <trkpt lat="50.295462" lon="3.492162">
        <ele>74.3</ele>
      </trkpt>
      <trkpt lat="50.295253" lon="3.492511">
        <ele>74.3</ele>
      </trkpt>
      <trkpt lat="50.295187" lon="3.492642">
        <ele>74.3</ele>
      </trkpt>
      <trkpt lat="50.29514" lon="3.49277">
        <ele>74.3</ele>
      </trkpt>
      <trkpt lat="50.295092" lon="3.492958">
        <ele>74.2</ele>
      </trkpt>
      <trkpt lat="50.295042" lon="3.493206">
        <ele>74.1</ele>
      </trkpt>
      <trkpt lat="50.29501" lon="3.493453">
        <ele>74</ele>
      </trkpt>
      <trkpt lat="50.294992" lon="3.493914">
        <ele>74.1</ele>
      </trkpt>
      <trkpt lat="50.294989" lon="3.495087">
        <ele>74.6</ele>
      </trkpt>
      <trkpt lat="50.294976" lon="3.495492">
        <ele>75.2</ele>
      </trkpt>
      <trkpt lat="50.294861" lon="3.497108">
        <ele>78.2</ele>
      </trkpt>
      <trkpt lat="50.294841" lon="3.497309">
        <ele>78.5</ele>
      </trkpt>
      <trkpt lat="50.294797" lon="3.497545">
        <ele>78.8</ele>
      </trkpt>
      <trkpt lat="50.294726" lon="3.497787">
        <ele>78.9</ele>
      </trkpt>
      <trkpt lat="50.294629" lon="3.49801">
        <ele>78.9</ele>
      </trkpt>
      <trkpt lat="50.294112" lon="3.498913">
        <ele>78</ele>
      </trkpt>
      <trkpt lat="50.293952" lon="3.499291">
        <ele>78.1</ele>
      </trkpt>
      <trkpt lat="50.293847" lon="3.499594">
        <ele>78.2</ele>
      </trkpt>
      <trkpt lat="50.293747" lon="3.49996">
        <ele>78.2</ele>
      </trkpt>
      <trkpt lat="50.293683" lon="3.500266">
        <ele>78.1</ele>
      </trkpt>
      <trkpt lat="50.293436" lon="3.501737">
        <ele>78</ele>
      </trkpt>
      <trkpt lat="50.293273" lon="3.502937">
        <ele>76</ele>
      </trkpt>
      <trkpt lat="50.293176" lon="3.503367">
        <ele>74.8</ele>
      </trkpt>
      <trkpt lat="50.293068" lon="3.503713">
        <ele>74.3</ele>
      </trkpt>
      <trkpt lat="50.292839" lon="3.504322">
        <ele>73.9</ele>
      </trkpt>
      <trkpt lat="50.292271" lon="3.505626">
        <ele>73.2</ele>
      </trkpt>
      <trkpt lat="50.292143" lon="3.50599">
        <ele>73.3</ele>
      </trkpt>
      <trkpt lat="50.292061" lon="3.506327">
        <ele>73.5</ele>
      </trkpt>
      <trkpt lat="50.291822" lon="3.507714">
        <ele>75</ele>
      </trkpt>
      <trkpt lat="50.291701" lon="3.508262">
        <ele>76.1</ele>
      </trkpt>
      <trkpt lat="50.291561" lon="3.508795">
        <ele>77.3</ele>
      </trkpt>
      <trkpt lat="50.291045" lon="3.510573">
        <ele>81.9</ele>
      </trkpt>
      <trkpt lat="50.290878" lon="3.511106">
        <ele>83.6</ele>
      </trkpt>
      <trkpt lat="50.290768" lon="3.51139">
        <ele>84.5</ele>
      </trkpt>
      <trkpt lat="50.290617" lon="3.511723">
        <ele>85.2</ele>
      </trkpt>
      <trkpt lat="50.290585" lon="3.511765">
        <ele>85.3</ele>
      </trkpt>
      <trkpt lat="50.290544" lon="3.511777">
        <ele>85.3</ele>
      </trkpt>
      <trkpt lat="50.290504" lon="3.511757">
        <ele>85.4</ele>
      </trkpt>
      <trkpt lat="50.290475" lon="3.51171">
        <ele>85.5</ele>
      </trkpt>
      <trkpt lat="50.290398" lon="3.511484">
        <ele>85</ele>
      </trkpt>
      <trkpt lat="50.29033" lon="3.511349">
        <ele>84.7</ele>
      </trkpt>
      <trkpt lat="50.290292" lon="3.511297">
        <ele>84.6</ele>
      </trkpt>
      <trkpt lat="50.290189" lon="3.511198">
        <ele>84.3</ele>
      </trkpt>
      <trkpt lat="50.28978" lon="3.510894">
        <ele>82.8</ele>
      </trkpt>
      <trkpt lat="50.289233" lon="3.510457">
        <ele>81.3</ele>
      </trkpt>
      <trkpt lat="50.28876" lon="3.510194">
        <ele>80.2</ele>
      </trkpt>
      <trkpt lat="50.288486" lon="3.510012">
        <ele>79.5</ele>
      </trkpt>
      <trkpt lat="50.28835" lon="3.509951">
        <ele>79.3</ele>
      </trkpt>
      <trkpt lat="50.287994" lon="3.509861">
        <ele>79</ele>
      </trkpt>
      <trkpt lat="50.287708" lon="3.509823">
        <ele>78.7</ele>
      </trkpt>
      <trkpt lat="50.287506" lon="3.509827">
        <ele>78.6</ele>
      </trkpt>
      <trkpt lat="50.287072" lon="3.50991">
        <ele>78.2</ele>
      </trkpt>
      <trkpt lat="50.286958" lon="3.509909">
        <ele>78.1</ele>
      </trkpt>
      <trkpt lat="50.285902" lon="3.509687">
        <ele>78.4</ele>
      </trkpt>
      <trkpt lat="50.284628" lon="3.509554">
        <ele>78.2</ele>
      </trkpt>
      <trkpt lat="50.284221" lon="3.50947">
        <ele>78.2</ele>
      </trkpt>
      <trkpt lat="50.283006" lon="3.509112">
        <ele>78.7</ele>
      </trkpt>
      <trkpt lat="50.28297" lon="3.509097">
        <ele>78.7</ele>
      </trkpt>
      <trkpt lat="50.282909" lon="3.509031">
        <ele>78.7</ele>
      </trkpt>
      <trkpt lat="50.282887" lon="3.508984">
        <ele>78.8</ele>
      </trkpt>
      <trkpt lat="50.282861" lon="3.508876">
        <ele>78.8</ele>
      </trkpt>
      <trkpt lat="50.282554" lon="3.506861">
        <ele>79</ele>
      </trkpt>
      <trkpt lat="50.28216" lon="3.504665">
        <ele>80.7</ele>
      </trkpt>
      <trkpt lat="50.282112" lon="3.504327">
        <ele>81.3</ele>
      </trkpt>
      <trkpt lat="50.282031" lon="3.503533">
        <ele>82.7</ele>
      </trkpt>
      <trkpt lat="50.28199" lon="3.50324">
        <ele>83.2</ele>
      </trkpt>
      <trkpt lat="50.281761" lon="3.502047">
        <ele>84.4</ele>
      </trkpt>
      <trkpt lat="50.281592" lon="3.500948">
        <ele>85.6</ele>
      </trkpt>
      <trkpt lat="50.281548" lon="3.500738">
        <ele>86.3</ele>
      </trkpt>
      <trkpt lat="50.281484" lon="3.500546">
        <ele>87.2</ele>
      </trkpt>
      <trkpt lat="50.281171" lon="3.499712">
        <ele>89.5</ele>
      </trkpt>
      <trkpt lat="50.280363" lon="3.497604">
        <ele>87.5</ele>
      </trkpt>
      <trkpt lat="50.279397" lon="3.494505">
        <ele>81.7</ele>
      </trkpt>
      <trkpt lat="50.278763" lon="3.492673">
        <ele>80.8</ele>
      </trkpt>
      <trkpt lat="50.278531" lon="3.492113">
        <ele>80.7</ele>
      </trkpt>
      <trkpt lat="50.278254" lon="3.491519">
        <ele>80.7</ele>
      </trkpt>
      <trkpt lat="50.27813" lon="3.491292">
        <ele>80.7</ele>
      </trkpt>
      <trkpt lat="50.278004" lon="3.491099">
        <ele>80.6</ele>
      </trkpt>
      <trkpt lat="50.277076" lon="3.489991">
        <ele>79.6</ele>
      </trkpt>
      <trkpt lat="50.276831" lon="3.489659">
        <ele>79.2</ele>
      </trkpt>
      <trkpt lat="50.27666" lon="3.489386">
        <ele>78.7</ele>
      </trkpt>
      <trkpt lat="50.276127" lon="3.488336">
        <ele>75.7</ele>
      </trkpt>
      <trkpt lat="50.275677" lon="3.487585">
        <ele>72.8</ele>
      </trkpt>
      <trkpt lat="50.275555" lon="3.48735">
        <ele>71.7</ele>
      </trkpt>
      <trkpt lat="50.275014" lon="3.486028">
        <ele>65.7</ele>
      </trkpt>
      <trkpt lat="50.274674" lon="3.485254">
        <ele>63.3</ele>
      </trkpt>
      <trkpt lat="50.2744" lon="3.484673">
        <ele>61.5</ele>
      </trkpt>
      <trkpt lat="50.273994" lon="3.483911">
        <ele>58.7</ele>
      </trkpt>
      <trkpt lat="50.273668" lon="3.483415">
        <ele>55.8</ele>
      </trkpt>
      <trkpt lat="50.273076" lon="3.482565">
        <ele>49.6</ele>
      </trkpt>
      <trkpt lat="50.272945" lon="3.482394">
        <ele>48.4</ele>
      </trkpt>
      <trkpt lat="50.272353" lon="3.481754">
        <ele>46</ele>
      </trkpt>
      <trkpt lat="50.27126" lon="3.480605">
        <ele>42.6</ele>
      </trkpt>
      <trkpt lat="50.271075" lon="3.480392">
        <ele>42</ele>
      </trkpt>
      <trkpt lat="50.270971" lon="3.480252">
        <ele>41.6</ele>
      </trkpt>
      <trkpt lat="50.270687" lon="3.479776">
        <ele>40.8</ele>
      </trkpt>
      <trkpt lat="50.270533" lon="3.47946">
        <ele>40.2</ele>
      </trkpt>
      <trkpt lat="50.270424" lon="3.479163">
        <ele>40</ele>
      </trkpt>
      <trkpt lat="50.270184" lon="3.478415">
        <ele>39.5</ele>
      </trkpt>
      <trkpt lat="50.270092" lon="3.478186">
        <ele>39.2</ele>
      </trkpt>
      <trkpt lat="50.269896" lon="3.477887">
        <ele>39</ele>
      </trkpt>
      <trkpt lat="50.269571" lon="3.477441">
        <ele>38.9</ele>
      </trkpt>
      <trkpt lat="50.269267" lon="3.477102">
        <ele>38.8</ele>
      </trkpt>
      <trkpt lat="50.269105" lon="3.476952">
        <ele>38.8</ele>
      </trkpt>
      <trkpt lat="50.268864" lon="3.476765">
        <ele>38.8</ele>
      </trkpt>
      <trkpt lat="50.268674" lon="3.476658">
        <ele>38.8</ele>
      </trkpt>
      <trkpt lat="50.26816" lon="3.476486">
        <ele>39.3</ele>
      </trkpt>
      <trkpt lat="50.267653" lon="3.476409">
        <ele>41.8</ele>
      </trkpt>
      <trkpt lat="50.267543" lon="3.476378">
        <ele>42.4</ele>
      </trkpt>
      <trkpt lat="50.267401" lon="3.476295">
        <ele>42.7</ele>
      </trkpt>
      <trkpt lat="50.267169" lon="3.476122">
        <ele>42.7</ele>
      </trkpt>
      <trkpt lat="50.266928" lon="3.476001">
        <ele>43</ele>
      </trkpt>
      <trkpt lat="50.265933" lon="3.475723">
        <ele>45.5</ele>
      </trkpt>
      <trkpt lat="50.265882" lon="3.475668">
        <ele>45.6</ele>
      </trkpt>
      <trkpt lat="50.265676" lon="3.475356">
        <ele>45</ele>
      </trkpt>
      <trkpt lat="50.265601" lon="3.4752">
        <ele>44.9</ele>
      </trkpt>
      <trkpt lat="50.265579" lon="3.475062">
        <ele>44.9</ele>
      </trkpt>
      <trkpt lat="50.265582" lon="3.474882">
        <ele>44.8</ele>
      </trkpt>
      <trkpt lat="50.265632" lon="3.474729">
        <ele>44.7</ele>
      </trkpt>
      <trkpt lat="50.265727" lon="3.474524">
        <ele>44.4</ele>
      </trkpt>
      <trkpt lat="50.265831" lon="3.474372">
        <ele>44.2</ele>
      </trkpt>
      <trkpt lat="50.266256" lon="3.473907">
        <ele>43.9</ele>
      </trkpt>
      <trkpt lat="50.266339" lon="3.473793">
        <ele>43.9</ele>
      </trkpt>
      <trkpt lat="50.266403" lon="3.473647">
        <ele>43.9</ele>
      </trkpt>
      <trkpt lat="50.266416" lon="3.47355">
        <ele>43.9</ele>
      </trkpt>
      <trkpt lat="50.266407" lon="3.473435">
        <ele>43.9</ele>
      </trkpt>
      <trkpt lat="50.266289" lon="3.472817">
        <ele>44.3</ele>
      </trkpt>
      <trkpt lat="50.266268" lon="3.472646">
        <ele>44.4</ele>
      </trkpt>
      <trkpt lat="50.266276" lon="3.472444">
        <ele>44.5</ele>
      </trkpt>
      <trkpt lat="50.266307" lon="3.472189">
        <ele>44.9</ele>
      </trkpt>
      <trkpt lat="50.266365" lon="3.471901">
        <ele>45.2</ele>
      </trkpt>
      <trkpt lat="50.266517" lon="3.47131">
        <ele>45.7</ele>
      </trkpt>
      <trkpt lat="50.266978" lon="3.469565">
        <ele>46.3</ele>
      </trkpt>
      <trkpt lat="50.267073" lon="3.469249">
        <ele>45.7</ele>
      </trkpt>
      <trkpt lat="50.267699" lon="3.467672">
        <ele>44.3</ele>
      </trkpt>
      <trkpt lat="50.26839" lon="3.465623">
        <ele>45.7</ele>
      </trkpt>
      <trkpt lat="50.268553" lon="3.465165">
        <ele>46.1</ele>
      </trkpt>
      <trkpt lat="50.268729" lon="3.464741">
        <ele>46.7</ele>
      </trkpt>
      <trkpt lat="50.26896" lon="3.464225">
        <ele>47.4</ele>
      </trkpt>
      <trkpt lat="50.269172" lon="3.463801">
        <ele>47.9</ele>
      </trkpt>
      <trkpt lat="50.269337" lon="3.463524">
        <ele>48.4</ele>
      </trkpt>
      <trkpt lat="50.269658" lon="3.463086">
        <ele>48.8</ele>
      </trkpt>
      <trkpt lat="50.270121" lon="3.46256">
        <ele>49</ele>
      </trkpt>
      <trkpt lat="50.27025" lon="3.462397">
        <ele>49.1</ele>
      </trkpt>
      <trkpt lat="50.270369" lon="3.462188">
        <ele>49.2</ele>
      </trkpt>
      <trkpt lat="50.270459" lon="3.461974">
        <ele>49.2</ele>
      </trkpt>
      <trkpt lat="50.271055" lon="3.460354">
        <ele>49.7</ele>
      </trkpt>
      <trkpt lat="50.271198" lon="3.459914">
        <ele>49.9</ele>
      </trkpt>
      <trkpt lat="50.271284" lon="3.459581">
        <ele>49.9</ele>
      </trkpt>
      <trkpt lat="50.272039" lon="3.456154">
        <ele>44.9</ele>
      </trkpt>
      <trkpt lat="50.27216" lon="3.455639">
        <ele>44.6</ele>
      </trkpt>
      <trkpt lat="50.272208" lon="3.455492">
        <ele>44.6</ele>
      </trkpt>
      <trkpt lat="50.272273" lon="3.455337">
        <ele>44.7</ele>
      </trkpt>
      <trkpt lat="50.272353" lon="3.455181">
        <ele>44.8</ele>
      </trkpt>
      <trkpt lat="50.272487" lon="3.454971">
        <ele>44.9</ele>
      </trkpt>
      <trkpt lat="50.272629" lon="3.4548">
        <ele>44.9</ele>
      </trkpt>
      <trkpt lat="50.272828" lon="3.454621">
        <ele>45.1</ele>
      </trkpt>
      <trkpt lat="50.27298" lon="3.454526">
        <ele>45.1</ele>
      </trkpt>
      <trkpt lat="50.273145" lon="3.454459">
        <ele>45</ele>
      </trkpt>
      <trkpt lat="50.273382" lon="3.454429">
        <ele>44.9</ele>
      </trkpt>
      <trkpt lat="50.273941" lon="3.454459">
        <ele>44</ele>
      </trkpt>
      <trkpt lat="50.274185" lon="3.454424">
        <ele>43.6</ele>
      </trkpt>
      <trkpt lat="50.275804" lon="3.453845">
        <ele>40.7</ele>
      </trkpt>
      <trkpt lat="50.27696" lon="3.453525">
        <ele>38.7</ele>
      </trkpt>
      <trkpt lat="50.277138" lon="3.453491">
        <ele>38.4</ele>
      </trkpt>
      <trkpt lat="50.277307" lon="3.453484">
        <ele>38.2</ele>
      </trkpt>
      <trkpt lat="50.277821" lon="3.453597">
        <ele>38</ele>
      </trkpt>
      <trkpt lat="50.278065" lon="3.453624">
        <ele>37.8</ele>
      </trkpt>
      <trkpt lat="50.278287" lon="3.453608">
        <ele>37.7</ele>
      </trkpt>
      <trkpt lat="50.278467" lon="3.453551">
        <ele>37.6</ele>
      </trkpt>
      <trkpt lat="50.278743" lon="3.453398">
        <ele>37.4</ele>
      </trkpt>
      <trkpt lat="50.279819" lon="3.452722">
        <ele>36.9</ele>
      </trkpt>
      <trkpt lat="50.28023" lon="3.452499">
        <ele>36.7</ele>
      </trkpt>
      <trkpt lat="50.281186" lon="3.452053">
        <ele>36.3</ele>
      </trkpt>
      <trkpt lat="50.281387" lon="3.451979">
        <ele>36.3</ele>
      </trkpt>
      <trkpt lat="50.282318" lon="3.451691">
        <ele>36.2</ele>
      </trkpt>
      <trkpt lat="50.282546" lon="3.451591">
        <ele>36.3</ele>
      </trkpt>
      <trkpt lat="50.282716" lon="3.451491">
        <ele>36.4</ele>
      </trkpt>
      <trkpt lat="50.282884" lon="3.451374">
        <ele>36.4</ele>
      </trkpt>
      <trkpt lat="50.283019" lon="3.451257">
        <ele>36.5</ele>
      </trkpt>
      <trkpt lat="50.284649" lon="3.449608">
        <ele>38.1</ele>
      </trkpt>
      <trkpt lat="50.284882" lon="3.449421">
        <ele>37.9</ele>
      </trkpt>
      <trkpt lat="50.285003" lon="3.449353">
        <ele>37.9</ele>
      </trkpt>
      <trkpt lat="50.285109" lon="3.449318">
        <ele>37.9</ele>
      </trkpt>
      <trkpt lat="50.285199" lon="3.449317">
        <ele>37.9</ele>
      </trkpt>
      <trkpt lat="50.285262" lon="3.449342">
        <ele>37.8</ele>
      </trkpt>
      <trkpt lat="50.285411" lon="3.449528">
        <ele>37.2</ele>
      </trkpt>
      <trkpt lat="50.285603" lon="3.449693">
        <ele>36.4</ele>
      </trkpt>
      <trkpt lat="50.285655" lon="3.449777">
        <ele>36.1</ele>
      </trkpt>
      <trkpt lat="50.285685" lon="3.449878">
        <ele>36</ele>
      </trkpt>
      <trkpt lat="50.285743" lon="3.450195">
        <ele>35.7</ele>
      </trkpt>
      <trkpt lat="50.285956" lon="3.451492">
        <ele>34.8</ele>
      </trkpt>
      <trkpt lat="50.285993" lon="3.451767">
        <ele>34.6</ele>
      </trkpt>
      <trkpt lat="50.286009" lon="3.452083">
        <ele>34.5</ele>
      </trkpt>
      <trkpt lat="50.285998" lon="3.452387">
        <ele>34.5</ele>
      </trkpt>
      <trkpt lat="50.285835" lon="3.453711">
        <ele>34.5</ele>
      </trkpt>
      <trkpt lat="50.285784" lon="3.454378">
        <ele>34.5</ele>
      </trkpt>
      <trkpt lat="50.285775" lon="3.455247">
        <ele>34.7</ele>
      </trkpt>
      <trkpt lat="50.285782" lon="3.455419">
        <ele>34.7</ele>
      </trkpt>
      <trkpt lat="50.285793" lon="3.455486">
        <ele>34.7</ele>
      </trkpt>
      <trkpt lat="50.285819" lon="3.455541">
        <ele>34.7</ele>
      </trkpt>
      <trkpt lat="50.285856" lon="3.455578">
        <ele>34.7</ele>
      </trkpt>
      <trkpt lat="50.285899" lon="3.455592">
        <ele>34.7</ele>
      </trkpt>
      <trkpt lat="50.287067" lon="3.455604">
        <ele>34.9</ele>
      </trkpt>
      <trkpt lat="50.287245" lon="3.455581">
        <ele>34.9</ele>
      </trkpt>
      <trkpt lat="50.28807" lon="3.455407">
        <ele>34.6</ele>
      </trkpt>
      <trkpt lat="50.288406" lon="3.455361">
        <ele>34.9</ele>
      </trkpt>
      <trkpt lat="50.288601" lon="3.455356">
        <ele>35.2</ele>
      </trkpt>
      <trkpt lat="50.288899" lon="3.455395">
        <ele>35.8</ele>
      </trkpt>
      <trkpt lat="50.289243" lon="3.455474">
        <ele>36.7</ele>
      </trkpt>
      <trkpt lat="50.289372" lon="3.455529">
        <ele>37.3</ele>
      </trkpt>
      <trkpt lat="50.289568" lon="3.455662">
        <ele>38</ele>
      </trkpt>
      <trkpt lat="50.290121" lon="3.456155">
        <ele>41.7</ele>
      </trkpt>
      <trkpt lat="50.292236" lon="3.458114">
        <ele>49.2</ele>
      </trkpt>
      <trkpt lat="50.292494" lon="3.458363">
        <ele>49.4</ele>
      </trkpt>
      <trkpt lat="50.292682" lon="3.458571">
        <ele>49.4</ele>
      </trkpt>
      <trkpt lat="50.292864" lon="3.458819">
        <ele>49.5</ele>
      </trkpt>
      <trkpt lat="50.292972" lon="3.458995">
        <ele>49.6</ele>
      </trkpt>
      <trkpt lat="50.293603" lon="3.460259">
        <ele>50.9</ele>
      </trkpt>
      <trkpt lat="50.293726" lon="3.460459">
        <ele>51</ele>
      </trkpt>
      <trkpt lat="50.293904" lon="3.460658">
        <ele>51.2</ele>
      </trkpt>
      <trkpt lat="50.294635" lon="3.461369">
        <ele>52.9</ele>
      </trkpt>
      <trkpt lat="50.295294" lon="3.462117">
        <ele>54.7</ele>
      </trkpt>
      <trkpt lat="50.295679" lon="3.462616">
        <ele>55.1</ele>
      </trkpt>
      <trkpt lat="50.296426" lon="3.463663">
        <ele>56.1</ele>
      </trkpt>
      <trkpt lat="50.296624" lon="3.463971">
        <ele>56.1</ele>
      </trkpt>
      <trkpt lat="50.297068" lon="3.464832">
        <ele>55.3</ele>
      </trkpt>
      <trkpt lat="50.297215" lon="3.465155">
        <ele>55</ele>
      </trkpt>
      <trkpt lat="50.297491" lon="3.465843">
        <ele>54.4</ele>
      </trkpt>
      <trkpt lat="50.298017" lon="3.467274">
        <ele>52.5</ele>
      </trkpt>
      <trkpt lat="50.299531" lon="3.47097">
        <ele>47.6</ele>
      </trkpt>
      <trkpt lat="50.299747" lon="3.471522">
        <ele>47.1</ele>
      </trkpt>
      <trkpt lat="50.299823" lon="3.471809">
        <ele>46.9</ele>
      </trkpt>
      <trkpt lat="50.299915" lon="3.472283">
        <ele>46.5</ele>
      </trkpt>
      <trkpt lat="50.300003" lon="3.472857">
        <ele>46.1</ele>
      </trkpt>
      <trkpt lat="50.300153" lon="3.474003">
        <ele>46</ele>
      </trkpt>
      <trkpt lat="50.300188" lon="3.474184">
        <ele>46.1</ele>
      </trkpt>
      <trkpt lat="50.300704" lon="3.476016">
        <ele>47.5</ele>
      </trkpt>
      <trkpt lat="50.300917" lon="3.476737">
        <ele>47.8</ele>
      </trkpt>
      <trkpt lat="50.301004" lon="3.476995">
        <ele>47.7</ele>
      </trkpt>
      <trkpt lat="50.301163" lon="3.477364">
        <ele>47.3</ele>
      </trkpt>
      <trkpt lat="50.301968" lon="3.478997">
        <ele>44.9</ele>
      </trkpt>
      <trkpt lat="50.302106" lon="3.479295">
        <ele>44.4</ele>
      </trkpt>
      <trkpt lat="50.302239" lon="3.479648">
        <ele>43.8</ele>
      </trkpt>
      <trkpt lat="50.30251" lon="3.480512">
        <ele>42.3</ele>
      </trkpt>
      <trkpt lat="50.302623" lon="3.480792">
        <ele>41.9</ele>
      </trkpt>
      <trkpt lat="50.302759" lon="3.481049">
        <ele>41.5</ele>
      </trkpt>
      <trkpt lat="50.30293" lon="3.481339">
        <ele>41.1</ele>
      </trkpt>
      <trkpt lat="50.302975" lon="3.481394">
        <ele>40.9</ele>
      </trkpt>
      <trkpt lat="50.30301" lon="3.48141">
        <ele>40.7</ele>
      </trkpt>
      <trkpt lat="50.303082" lon="3.481389">
        <ele>40.4</ele>
      </trkpt>
      <trkpt lat="50.303111" lon="3.481354">
        <ele>40.3</ele>
      </trkpt>
      <trkpt lat="50.303822" lon="3.480162">
        <ele>35.9</ele>
      </trkpt>
      <trkpt lat="50.303949" lon="3.479926">
        <ele>35.5</ele>
      </trkpt>
      <trkpt lat="50.303994" lon="3.479805">
        <ele>35.3</ele>
      </trkpt>
      <trkpt lat="50.304018" lon="3.479677">
        <ele>35.2</ele>
      </trkpt>
      <trkpt lat="50.304023" lon="3.479533">
        <ele>35.1</ele>
      </trkpt>
      <trkpt lat="50.304014" lon="3.479376">
        <ele>35</ele>
      </trkpt>
      <trkpt lat="50.303918" lon="3.478446">
        <ele>35.1</ele>
      </trkpt>
      <trkpt lat="50.3039" lon="3.478222">
        <ele>35.1</ele>
      </trkpt>
      <trkpt lat="50.303902" lon="3.478085">
        <ele>35.2</ele>
      </trkpt>
      <trkpt lat="50.303942" lon="3.477858">
        <ele>35.1</ele>
      </trkpt>
      <trkpt lat="50.304086" lon="3.47731">
        <ele>34.7</ele>
      </trkpt>
      <trkpt lat="50.304173" lon="3.47705">
        <ele>34.3</ele>
      </trkpt>
      <trkpt lat="50.304585" lon="3.475974">
        <ele>33.1</ele>
      </trkpt>
      <trkpt lat="50.304653" lon="3.475718">
        <ele>33</ele>
      </trkpt>
      <trkpt lat="50.304686" lon="3.475536">
        <ele>33</ele>
      </trkpt>
      <trkpt lat="50.304714" lon="3.475254">
        <ele>33</ele>
      </trkpt>
      <trkpt lat="50.304744" lon="3.474678">
        <ele>33.1</ele>
      </trkpt>
      <trkpt lat="50.304817" lon="3.472441">
        <ele>34</ele>
      </trkpt>
      <trkpt lat="50.304895" lon="3.471302">
        <ele>34.8</ele>
      </trkpt>
      <trkpt lat="50.30491" lon="3.470698">
        <ele>35.6</ele>
      </trkpt>
      <trkpt lat="50.304895" lon="3.470419">
        <ele>35.9</ele>
      </trkpt>
      <trkpt lat="50.304742" lon="3.469454">
        <ele>36.7</ele>
      </trkpt>
      <trkpt lat="50.304696" lon="3.469102">
        <ele>36.9</ele>
      </trkpt>
      <trkpt lat="50.304059" lon="3.463742">
        <ele>40.2</ele>
      </trkpt>
      <trkpt lat="50.304007" lon="3.463434">
        <ele>40.5</ele>
      </trkpt>
      <trkpt lat="50.303868" lon="3.46301">
        <ele>40.7</ele>
      </trkpt>
      <trkpt lat="50.303846" lon="3.462897">
        <ele>40.7</ele>
      </trkpt>
      <trkpt lat="50.303833" lon="3.46275">
        <ele>40.8</ele>
      </trkpt>
      <trkpt lat="50.303835" lon="3.46259">
        <ele>40.8</ele>
      </trkpt>
      <trkpt lat="50.303903" lon="3.462176">
        <ele>40.8</ele>
      </trkpt>
      <trkpt lat="50.303901" lon="3.462078">
        <ele>40.8</ele>
      </trkpt>
      <trkpt lat="50.303882" lon="3.461968">
        <ele>40.8</ele>
      </trkpt>
      <trkpt lat="50.303666" lon="3.461403">
        <ele>40.9</ele>
      </trkpt>
      <trkpt lat="50.303521" lon="3.461062">
        <ele>41.1</ele>
      </trkpt>
      <trkpt lat="50.301403" lon="3.45625">
        <ele>41.2</ele>
      </trkpt>
      <trkpt lat="50.300908" lon="3.455065">
        <ele>38.2</ele>
      </trkpt>
      <trkpt lat="50.300526" lon="3.454059">
        <ele>35.1</ele>
      </trkpt>
      <trkpt lat="50.300395" lon="3.453686">
        <ele>33.9</ele>
      </trkpt>
      <trkpt lat="50.300285" lon="3.453332">
        <ele>33</ele>
      </trkpt>
      <trkpt lat="50.300061" lon="3.452465">
        <ele>31.6</ele>
      </trkpt>
      <trkpt lat="50.299868" lon="3.451526">
        <ele>31.2</ele>
      </trkpt>
      <trkpt lat="50.299744" lon="3.450625">
        <ele>31.6</ele>
      </trkpt>
      <trkpt lat="50.299714" lon="3.450232">
        <ele>31.8</ele>
      </trkpt>
      <trkpt lat="50.299704" lon="3.44959">
        <ele>32.3</ele>
      </trkpt>
      <trkpt lat="50.299713" lon="3.449128">
        <ele>32.8</ele>
      </trkpt>
      <trkpt lat="50.299744" lon="3.448711">
        <ele>33.3</ele>
      </trkpt>
      <trkpt lat="50.29981" lon="3.448269">
        <ele>34.1</ele>
      </trkpt>
      <trkpt lat="50.29989" lon="3.447845">
        <ele>34.7</ele>
      </trkpt>
      <trkpt lat="50.299944" lon="3.447689">
        <ele>34.8</ele>
      </trkpt>
      <trkpt lat="50.300057" lon="3.447477">
        <ele>34.9</ele>
      </trkpt>
      <trkpt lat="50.300102" lon="3.447369">
        <ele>35.1</ele>
      </trkpt>
      <trkpt lat="50.300119" lon="3.447246">
        <ele>35.2</ele>
      </trkpt>
      <trkpt lat="50.300107" lon="3.447088">
        <ele>35.4</ele>
      </trkpt>
      <trkpt lat="50.300112" lon="3.446879">
        <ele>35.6</ele>
      </trkpt>
      <trkpt lat="50.300171" lon="3.446561">
        <ele>36.1</ele>
      </trkpt>
      <trkpt lat="50.300316" lon="3.446">
        <ele>37.1</ele>
      </trkpt>
      <trkpt lat="50.300431" lon="3.445658">
        <ele>37.8</ele>
      </trkpt>
      <trkpt lat="50.300568" lon="3.445306">
        <ele>39.1</ele>
      </trkpt>
      <trkpt lat="50.300945" lon="3.444456">
        <ele>42.9</ele>
      </trkpt>
      <trkpt lat="50.301143" lon="3.444047">
        <ele>44.4</ele>
      </trkpt>
      <trkpt lat="50.301412" lon="3.443534">
        <ele>46.2</ele>
      </trkpt>
      <trkpt lat="50.30151" lon="3.443308">
        <ele>46.9</ele>
      </trkpt>
      <trkpt lat="50.301554" lon="3.443179">
        <ele>47.2</ele>
      </trkpt>
      <trkpt lat="50.301579" lon="3.443067">
        <ele>47.4</ele>
      </trkpt>
      <trkpt lat="50.301596" lon="3.442922">
        <ele>47.7</ele>
      </trkpt>
      <trkpt lat="50.30163" lon="3.44275">
        <ele>47.7</ele>
      </trkpt>
      <trkpt lat="50.301623" lon="3.442655">
        <ele>47.7</ele>
      </trkpt>
      <trkpt lat="50.301551" lon="3.442416">
        <ele>47.6</ele>
      </trkpt>
      <trkpt lat="50.301377" lon="3.442012">
        <ele>47.8</ele>
      </trkpt>
      <trkpt lat="50.299559" lon="3.437948">
        <ele>56.1</ele>
      </trkpt>
      <trkpt lat="50.298732" lon="3.436163">
        <ele>60.9</ele>
      </trkpt>
      <trkpt lat="50.297849" lon="3.434098">
        <ele>64.8</ele>
      </trkpt>
      <trkpt lat="50.297758" lon="3.433917">
        <ele>65</ele>
      </trkpt>
      <trkpt lat="50.29763" lon="3.43374">
        <ele>65.2</ele>
      </trkpt>
      <trkpt lat="50.297022" lon="3.433092">
        <ele>66.8</ele>
      </trkpt>
      <trkpt lat="50.29662" lon="3.432687">
        <ele>68.4</ele>
      </trkpt>
      <trkpt lat="50.296038" lon="3.432132">
        <ele>70.3</ele>
      </trkpt>
      <trkpt lat="50.2957" lon="3.431868">
        <ele>70.8</ele>
      </trkpt>
      <trkpt lat="50.294941" lon="3.431415">
        <ele>71.4</ele>
      </trkpt>
      <trkpt lat="50.293912" lon="3.430856">
        <ele>71.2</ele>
      </trkpt>
      <trkpt lat="50.292724" lon="3.430267">
        <ele>70.1</ele>
      </trkpt>
      <trkpt lat="50.292507" lon="3.430178">
        <ele>69.9</ele>
      </trkpt>
      <trkpt lat="50.292259" lon="3.430136">
        <ele>69.7</ele>
      </trkpt>
      <trkpt lat="50.291948" lon="3.430155">
        <ele>69.4</ele>
      </trkpt>
      <trkpt lat="50.290677" lon="3.430282">
        <ele>67.8</ele>
      </trkpt>
      <trkpt lat="50.290305" lon="3.430345">
        <ele>67.1</ele>
      </trkpt>
      <trkpt lat="50.290148" lon="3.430407">
        <ele>66.9</ele>
      </trkpt>
      <trkpt lat="50.289685" lon="3.430796">
        <ele>66.6</ele>
      </trkpt>
      <trkpt lat="50.289557" lon="3.430887">
        <ele>66.4</ele>
      </trkpt>
      <trkpt lat="50.289446" lon="3.430937">
        <ele>66.3</ele>
      </trkpt>
      <trkpt lat="50.289336" lon="3.430965">
        <ele>66.2</ele>
      </trkpt>
      <trkpt lat="50.289186" lon="3.430965">
        <ele>66.1</ele>
      </trkpt>
      <trkpt lat="50.289045" lon="3.430933">
        <ele>65.8</ele>
      </trkpt>
      <trkpt lat="50.288685" lon="3.430819">
        <ele>65.4</ele>
      </trkpt>
      <trkpt lat="50.288431" lon="3.430707">
        <ele>65.2</ele>
      </trkpt>
      <trkpt lat="50.288193" lon="3.430544">
        <ele>65</ele>
      </trkpt>
      <trkpt lat="50.287929" lon="3.430339">
        <ele>64.9</ele>
      </trkpt>
      <trkpt lat="50.286589" lon="3.429231">
        <ele>64</ele>
      </trkpt>
      <trkpt lat="50.285385" lon="3.428377">
        <ele>61.9</ele>
      </trkpt>
      <trkpt lat="50.285035" lon="3.428114">
        <ele>61.2</ele>
      </trkpt>
      <trkpt lat="50.284844" lon="3.427941">
        <ele>61</ele>
      </trkpt>
      <trkpt lat="50.284661" lon="3.427696">
        <ele>60.8</ele>
      </trkpt>
      <trkpt lat="50.283658" lon="3.426155">
        <ele>59.4</ele>
      </trkpt>
      <trkpt lat="50.283516" lon="3.425918">
        <ele>59.3</ele>
      </trkpt>
      <trkpt lat="50.283054" lon="3.425084">
        <ele>59.3</ele>
      </trkpt>
      <trkpt lat="50.282692" lon="3.424479">
        <ele>59.5</ele>
      </trkpt>
      <trkpt lat="50.282403" lon="3.424063">
        <ele>59.7</ele>
      </trkpt>
      <trkpt lat="50.282148" lon="3.423757">
        <ele>59.9</ele>
      </trkpt>
      <trkpt lat="50.281967" lon="3.423572">
        <ele>60</ele>
      </trkpt>
      <trkpt lat="50.281789" lon="3.423432">
        <ele>60.2</ele>
      </trkpt>
      <trkpt lat="50.281525" lon="3.423288">
        <ele>60.5</ele>
      </trkpt>
      <trkpt lat="50.281306" lon="3.423204">
        <ele>60.7</ele>
      </trkpt>
      <trkpt lat="50.280826" lon="3.423051">
        <ele>61</ele>
      </trkpt>
      <trkpt lat="50.280357" lon="3.422871">
        <ele>61.3</ele>
      </trkpt>
      <trkpt lat="50.278861" lon="3.422194">
        <ele>64.1</ele>
      </trkpt>
      <trkpt lat="50.278695" lon="3.422142">
        <ele>64.5</ele>
      </trkpt>
      <trkpt lat="50.278528" lon="3.422122">
        <ele>64.8</ele>
      </trkpt>
      <trkpt lat="50.276985" lon="3.422081">
        <ele>67.1</ele>
      </trkpt>
      <trkpt lat="50.275598" lon="3.422219">
        <ele>67.3</ele>
      </trkpt>
      <trkpt lat="50.274891" lon="3.42235">
        <ele>67.2</ele>
      </trkpt>
      <trkpt lat="50.274633" lon="3.422379">
        <ele>67.1</ele>
      </trkpt>
      <trkpt lat="50.274246" lon="3.422377">
        <ele>66.9</ele>
      </trkpt>
      <trkpt lat="50.273865" lon="3.422306">
        <ele>66.8</ele>
      </trkpt>
      <trkpt lat="50.273607" lon="3.422228">
        <ele>66.8</ele>
      </trkpt>
      <trkpt lat="50.272726" lon="3.421904">
        <ele>67</ele>
      </trkpt>
      <trkpt lat="50.272484" lon="3.421805">
        <ele>67.2</ele>
      </trkpt>
      <trkpt lat="50.272311" lon="3.421715">
        <ele>67.3</ele>
      </trkpt>
      <trkpt lat="50.269063" lon="3.419478">
        <ele>62.9</ele>
      </trkpt>
      <trkpt lat="50.268921" lon="3.419391">
        <ele>62.3</ele>
      </trkpt>
      <trkpt lat="50.268763" lon="3.419322">
        <ele>61.5</ele>
      </trkpt>
      <trkpt lat="50.268458" lon="3.419248">
        <ele>60.6</ele>
      </trkpt>
      <trkpt lat="50.266515" lon="3.418891">
        <ele>57.1</ele>
      </trkpt>
      <trkpt lat="50.2656" lon="3.418763">
        <ele>55.6</ele>
      </trkpt>
      <trkpt lat="50.264702" lon="3.418694">
        <ele>53.6</ele>
      </trkpt>
      <trkpt lat="50.264344" lon="3.418654">
        <ele>51.7</ele>
      </trkpt>
      <trkpt lat="50.262819" lon="3.418409">
        <ele>46.7</ele>
      </trkpt>
      <trkpt lat="50.262496" lon="3.418346">
        <ele>46.2</ele>
      </trkpt>
      <trkpt lat="50.261707" lon="3.418131">
        <ele>45.2</ele>
      </trkpt>
      <trkpt lat="50.261563" lon="3.418133">
        <ele>45.2</ele>
      </trkpt>
      <trkpt lat="50.261468" lon="3.418161">
        <ele>45.1</ele>
      </trkpt>
      <trkpt lat="50.261326" lon="3.418241">
        <ele>45</ele>
      </trkpt>
      <trkpt lat="50.261226" lon="3.418322">
        <ele>45</ele>
      </trkpt>
      <trkpt lat="50.261112" lon="3.418475">
        <ele>44.9</ele>
      </trkpt>
      <trkpt lat="50.26051" lon="3.419368">
        <ele>45.2</ele>
      </trkpt>
      <trkpt lat="50.260429" lon="3.419474">
        <ele>45.3</ele>
      </trkpt>
      <trkpt lat="50.260354" lon="3.419547">
        <ele>45.4</ele>
      </trkpt>
      <trkpt lat="50.260286" lon="3.41957">
        <ele>45.4</ele>
      </trkpt>
      <trkpt lat="50.260221" lon="3.419537">
        <ele>45.3</ele>
      </trkpt>
      <trkpt lat="50.260153" lon="3.419455">
        <ele>45.3</ele>
      </trkpt>
      <trkpt lat="50.260081" lon="3.419339">
        <ele>45.1</ele>
      </trkpt>
      <trkpt lat="50.259759" lon="3.418715">
        <ele>44.6</ele>
      </trkpt>
      <trkpt lat="50.259575" lon="3.418267">
        <ele>44.3</ele>
      </trkpt>
      <trkpt lat="50.259489" lon="3.418212">
        <ele>43.8</ele>
      </trkpt>
      <trkpt lat="50.259424" lon="3.418098">
        <ele>43.7</ele>
      </trkpt>
      <trkpt lat="50.259364" lon="3.418049">
        <ele>43.6</ele>
      </trkpt>
      <trkpt lat="50.259159" lon="3.417944">
        <ele>43.3</ele>
      </trkpt>
      <trkpt lat="50.258578" lon="3.417546">
        <ele>42.8</ele>
      </trkpt>
      <trkpt lat="50.258246" lon="3.417366">
        <ele>42.6</ele>
      </trkpt>
      <trkpt lat="50.2582" lon="3.417333">
        <ele>42.6</ele>
      </trkpt>
      <trkpt lat="50.258141" lon="3.417263">
        <ele>42.6</ele>
      </trkpt>
      <trkpt lat="50.258084" lon="3.417123">
        <ele>42.6</ele>
      </trkpt>
      <trkpt lat="50.258054" lon="3.417007">
        <ele>42.6</ele>
      </trkpt>
      <trkpt lat="50.257889" lon="3.416091">
        <ele>42.6</ele>
      </trkpt>
      <trkpt lat="50.257798" lon="3.415672">
        <ele>42.7</ele>
      </trkpt>
      <trkpt lat="50.257671" lon="3.415217">
        <ele>42.9</ele>
      </trkpt>
      <trkpt lat="50.257607" lon="3.415092">
        <ele>42.9</ele>
      </trkpt>
      <trkpt lat="50.257387" lon="3.414859">
        <ele>43.2</ele>
      </trkpt>
      <trkpt lat="50.256398" lon="3.413883">
        <ele>46.9</ele>
      </trkpt>
      <trkpt lat="50.256014" lon="3.413537">
        <ele>48</ele>
      </trkpt>
      <trkpt lat="50.255676" lon="3.41327">
        <ele>49.2</ele>
      </trkpt>
      <trkpt lat="50.255617" lon="3.413189">
        <ele>49.4</ele>
      </trkpt>
      <trkpt lat="50.255598" lon="3.413136">
        <ele>49.5</ele>
      </trkpt>
      <trkpt lat="50.255583" lon="3.413015">
        <ele>49.7</ele>
      </trkpt>
      <trkpt lat="50.25561" lon="3.412845">
        <ele>49.9</ele>
      </trkpt>
      <trkpt lat="50.255684" lon="3.412616">
        <ele>50.2</ele>
      </trkpt>
      <trkpt lat="50.255764" lon="3.412439">
        <ele>50.6</ele>
      </trkpt>
      <trkpt lat="50.256389" lon="3.411266">
        <ele>53.2</ele>
      </trkpt>
      <trkpt lat="50.257098" lon="3.410081">
        <ele>52.4</ele>
      </trkpt>
      <trkpt lat="50.257144" lon="3.409985">
        <ele>52.3</ele>
      </trkpt>
      <trkpt lat="50.257171" lon="3.409874">
        <ele>52.3</ele>
      </trkpt>
      <trkpt lat="50.257183" lon="3.409715">
        <ele>52.2</ele>
      </trkpt>
      <trkpt lat="50.257182" lon="3.409539">
        <ele>52.2</ele>
      </trkpt>
      <trkpt lat="50.257163" lon="3.409326">
        <ele>52.3</ele>
      </trkpt>
      <trkpt lat="50.257071" lon="3.408589">
        <ele>53</ele>
      </trkpt>
      <trkpt lat="50.25705" lon="3.408288">
        <ele>53.1</ele>
      </trkpt>
      <trkpt lat="50.257042" lon="3.407972">
        <ele>53</ele>
      </trkpt>
      <trkpt lat="50.257047" lon="3.407284">
        <ele>52.1</ele>
      </trkpt>
      <trkpt lat="50.257139" lon="3.405159">
        <ele>51.6</ele>
      </trkpt>
      <trkpt lat="50.257142" lon="3.404915">
        <ele>51.7</ele>
      </trkpt>
      <trkpt lat="50.257127" lon="3.404629">
        <ele>51.8</ele>
      </trkpt>
      <trkpt lat="50.257081" lon="3.404297">
        <ele>52.3</ele>
      </trkpt>
      <trkpt lat="50.256953" lon="3.403576">
        <ele>53.7</ele>
      </trkpt>
      <trkpt lat="50.25662" lon="3.401911">
        <ele>57.4</ele>
      </trkpt>
      <trkpt lat="50.256512" lon="3.401271">
        <ele>58.3</ele>
      </trkpt>
      <trkpt lat="50.256358" lon="3.399674">
        <ele>60.9</ele>
      </trkpt>
      <trkpt lat="50.256008" lon="3.396962">
        <ele>64.2</ele>
      </trkpt>
      <trkpt lat="50.255797" lon="3.394917">
        <ele>64.9</ele>
      </trkpt>
      <trkpt lat="50.255545" lon="3.39294">
        <ele>66.3</ele>
      </trkpt>
      <trkpt lat="50.25534" lon="3.390268">
        <ele>70</ele>
      </trkpt>
      <trkpt lat="50.255293" lon="3.389748">
        <ele>71</ele>
      </trkpt>
      <trkpt lat="50.255167" lon="3.388946">
        <ele>72.2</ele>
      </trkpt>
      <trkpt lat="50.255065" lon="3.388475">
        <ele>72.6</ele>
      </trkpt>
      <trkpt lat="50.254849" lon="3.387705">
        <ele>73.2</ele>
      </trkpt>
      <trkpt lat="50.254019" lon="3.384887">
        <ele>73.9</ele>
      </trkpt>
      <trkpt lat="50.253909" lon="3.384549">
        <ele>73.9</ele>
      </trkpt>
      <trkpt lat="50.253819" lon="3.384362">
        <ele>73.9</ele>
      </trkpt>
      <trkpt lat="50.253688" lon="3.384159">
        <ele>73.8</ele>
      </trkpt>
      <trkpt lat="50.253573" lon="3.384045">
        <ele>73.7</ele>
      </trkpt>
      <trkpt lat="50.253429" lon="3.383935">
        <ele>73.7</ele>
      </trkpt>
      <trkpt lat="50.253224" lon="3.383824">
        <ele>73.5</ele>
      </trkpt>
      <trkpt lat="50.252611" lon="3.383558">
        <ele>72.6</ele>
      </trkpt>
      <trkpt lat="50.252475" lon="3.383474">
        <ele>72.3</ele>
      </trkpt>
      <trkpt lat="50.252387" lon="3.3834">
        <ele>72.2</ele>
      </trkpt>
      <trkpt lat="50.252298" lon="3.383303">
        <ele>72</ele>
      </trkpt>
      <trkpt lat="50.252194" lon="3.383161">
        <ele>71.7</ele>
      </trkpt>
      <trkpt lat="50.251812" lon="3.382549">
        <ele>70.3</ele>
      </trkpt>
      <trkpt lat="50.251661" lon="3.382295">
        <ele>69.9</ele>
      </trkpt>
      <trkpt lat="50.251596" lon="3.382169">
        <ele>69.8</ele>
      </trkpt>
      <trkpt lat="50.251554" lon="3.382051">
        <ele>69.7</ele>
      </trkpt>
      <trkpt lat="50.251544" lon="3.381938">
        <ele>69.6</ele>
      </trkpt>
      <trkpt lat="50.251569" lon="3.381818">
        <ele>69.5</ele>
      </trkpt>
      <trkpt lat="50.251626" lon="3.38168">
        <ele>69.3</ele>
      </trkpt>
      <trkpt lat="50.252005" lon="3.380991">
        <ele>68.7</ele>
      </trkpt>
      <trkpt lat="50.252989" lon="3.379118">
        <ele>67.1</ele>
      </trkpt>
      <trkpt lat="50.253108" lon="3.378863">
        <ele>66.9</ele>
      </trkpt>
      <trkpt lat="50.253132" lon="3.378754">
        <ele>66.9</ele>
      </trkpt>
      <trkpt lat="50.253133" lon="3.378691">
        <ele>66.9</ele>
      </trkpt>
      <trkpt lat="50.253126" lon="3.37862">
        <ele>66.8</ele>
      </trkpt>
      <trkpt lat="50.253091" lon="3.378484">
        <ele>66.8</ele>
      </trkpt>
      <trkpt lat="50.253066" lon="3.378438">
        <ele>66.7</ele>
      </trkpt>
      <trkpt lat="50.252981" lon="3.378368">
        <ele>66.6</ele>
      </trkpt>
      <trkpt lat="50.25292" lon="3.378297">
        <ele>66.6</ele>
      </trkpt>
      <trkpt lat="50.252746" lon="3.378014">
        <ele>66.5</ele>
      </trkpt>
      <trkpt lat="50.252506" lon="3.37758">
        <ele>66.5</ele>
      </trkpt>
      <trkpt lat="50.252275" lon="3.377107">
        <ele>66.2</ele>
      </trkpt>
      <trkpt lat="50.251754" lon="3.376153">
        <ele>64.7</ele>
      </trkpt>
      <trkpt lat="50.251645" lon="3.37591">
        <ele>64.3</ele>
      </trkpt>
      <trkpt lat="50.251626" lon="3.375809">
        <ele>64.3</ele>
      </trkpt>
      <trkpt lat="50.251634" lon="3.375715">
        <ele>64.3</ele>
      </trkpt>
      <trkpt lat="50.251669" lon="3.375617">
        <ele>64.3</ele>
      </trkpt>
      <trkpt lat="50.251721" lon="3.375512">
        <ele>64.4</ele>
      </trkpt>
      <trkpt lat="50.25197" lon="3.375093">
        <ele>65.2</ele>
      </trkpt>
      <trkpt lat="50.252104" lon="3.374898">
        <ele>65.8</ele>
      </trkpt>
      <trkpt lat="50.252168" lon="3.374842">
        <ele>66</ele>
      </trkpt>
      <trkpt lat="50.252228" lon="3.374834">
        <ele>66.2</ele>
      </trkpt>
      <trkpt lat="50.25229" lon="3.374874">
        <ele>66.2</ele>
      </trkpt>
      <trkpt lat="50.252569" lon="3.375226">
        <ele>66.3</ele>
      </trkpt>
      <trkpt lat="50.252655" lon="3.37529">
        <ele>66.4</ele>
      </trkpt>
      <trkpt lat="50.25272" lon="3.375298">
        <ele>66.6</ele>
      </trkpt>
      <trkpt lat="50.252802" lon="3.375271">
        <ele>66.8</ele>
      </trkpt>
      <trkpt lat="50.252955" lon="3.375168">
        <ele>67.3</ele>
      </trkpt>
      <trkpt lat="50.253289" lon="3.374828">
        <ele>67.9</ele>
      </trkpt>
      <trkpt lat="50.253606" lon="3.374458">
        <ele>68.6</ele>
      </trkpt>
      <trkpt lat="50.253684" lon="3.374348">
        <ele>68.8</ele>
      </trkpt>
      <trkpt lat="50.253738" lon="3.37425">
        <ele>68.8</ele>
      </trkpt>
      <trkpt lat="50.253849" lon="3.373973">
        <ele>69</ele>
      </trkpt>
      <trkpt lat="50.25424" lon="3.372901">
        <ele>70.1</ele>
      </trkpt>
      <trkpt lat="50.254321" lon="3.372661">
        <ele>70.4</ele>
      </trkpt>
      <trkpt lat="50.254386" lon="3.372398">
        <ele>70.7</ele>
      </trkpt>
      <trkpt lat="50.254414" lon="3.372186">
        <ele>71</ele>
      </trkpt>
      <trkpt lat="50.254449" lon="3.371716">
        <ele>71.5</ele>
      </trkpt>
      <trkpt lat="50.254459" lon="3.371223">
        <ele>71.8</ele>
      </trkpt>
      <trkpt lat="50.254396" lon="3.368911">
        <ele>71.6</ele>
      </trkpt>
      <trkpt lat="50.254408" lon="3.368769">
        <ele>71.6</ele>
      </trkpt>
      <trkpt lat="50.25451" lon="3.368344">
        <ele>71.6</ele>
      </trkpt>
      <trkpt lat="50.254602" lon="3.368028">
        <ele>71.6</ele>
      </trkpt>
      <trkpt lat="50.254738" lon="3.367634">
        <ele>71.7</ele>
      </trkpt>
      <trkpt lat="50.255206" lon="3.366471">
        <ele>72.1</ele>
      </trkpt>
      <trkpt lat="50.255679" lon="3.365145">
        <ele>72.6</ele>
      </trkpt>
      <trkpt lat="50.255834" lon="3.364762">
        <ele>72.7</ele>
      </trkpt>
      <trkpt lat="50.256926" lon="3.362557">
        <ele>71.9</ele>
      </trkpt>
      <trkpt lat="50.258169" lon="3.360304">
        <ele>69.8</ele>
      </trkpt>
      <trkpt lat="50.258338" lon="3.359978">
        <ele>69.6</ele>
      </trkpt>
      <trkpt lat="50.25851" lon="3.359564">
        <ele>69.1</ele>
      </trkpt>
      <trkpt lat="50.258815" lon="3.358704">
        <ele>67.8</ele>
      </trkpt>
      <trkpt lat="50.259309" lon="3.357149">
        <ele>66.2</ele>
      </trkpt>
      <trkpt lat="50.259544" lon="3.356258">
        <ele>64.8</ele>
      </trkpt>
      <trkpt lat="50.259609" lon="3.355943">
        <ele>64.4</ele>
      </trkpt>
      <trkpt lat="50.259627" lon="3.355788">
        <ele>64.3</ele>
      </trkpt>
      <trkpt lat="50.259644" lon="3.35549">
        <ele>64</ele>
      </trkpt>
      <trkpt lat="50.259725" lon="3.35263">
        <ele>62.5</ele>
      </trkpt>
      <trkpt lat="50.259732" lon="3.352574">
        <ele>62.4</ele>
      </trkpt>
      <trkpt lat="50.259754" lon="3.352528">
        <ele>62.4</ele>
      </trkpt>
      <trkpt lat="50.259786" lon="3.352501">
        <ele>62.3</ele>
      </trkpt>
      <trkpt lat="50.259822" lon="3.352496">
        <ele>62.3</ele>
      </trkpt>
      <trkpt lat="50.259856" lon="3.352516">
        <ele>62.2</ele>
      </trkpt>
      <trkpt lat="50.260231" lon="3.352899">
        <ele>61.8</ele>
      </trkpt>
      <trkpt lat="50.261095" lon="3.353745">
        <ele>62.4</ele>
      </trkpt>
      <trkpt lat="50.261261" lon="3.353893">
        <ele>62.7</ele>
      </trkpt>
      <trkpt lat="50.261423" lon="3.354017">
        <ele>63.1</ele>
      </trkpt>
      <trkpt lat="50.261892" lon="3.354321">
        <ele>63.6</ele>
      </trkpt>
      <trkpt lat="50.262467" lon="3.354621">
        <ele>64.1</ele>
      </trkpt>
      <trkpt lat="50.264539" lon="3.355979">
        <ele>64.2</ele>
      </trkpt>
      <trkpt lat="50.264625" lon="3.356017">
        <ele>64.1</ele>
      </trkpt>
      <trkpt lat="50.264704" lon="3.356023">
        <ele>64</ele>
      </trkpt>
      <trkpt lat="50.264777" lon="3.355983">
        <ele>63.9</ele>
      </trkpt>
      <trkpt lat="50.264849" lon="3.355896">
        <ele>63.8</ele>
      </trkpt>
      <trkpt lat="50.264919" lon="3.355777">
        <ele>63.6</ele>
      </trkpt>
      <trkpt lat="50.265609" lon="3.354458">
        <ele>61.1</ele>
      </trkpt>
      <trkpt lat="50.266821" lon="3.352327">
        <ele>57.7</ele>
      </trkpt>
      <trkpt lat="50.266973" lon="3.35201">
        <ele>57.5</ele>
      </trkpt>
      <trkpt lat="50.267045" lon="3.351788">
        <ele>57.1</ele>
      </trkpt>
      <trkpt lat="50.267099" lon="3.351546">
        <ele>56.9</ele>
      </trkpt>
      <trkpt lat="50.267121" lon="3.35137">
        <ele>56.9</ele>
      </trkpt>
      <trkpt lat="50.267196" lon="3.350376">
        <ele>56.1</ele>
      </trkpt>
      <trkpt lat="50.267258" lon="3.350044">
        <ele>55.9</ele>
      </trkpt>
      <trkpt lat="50.267348" lon="3.349733">
        <ele>55.6</ele>
      </trkpt>
      <trkpt lat="50.267575" lon="3.349161">
        <ele>54.7</ele>
      </trkpt>
      <trkpt lat="50.268052" lon="3.348123">
        <ele>53</ele>
      </trkpt>
      <trkpt lat="50.268228" lon="3.347767">
        <ele>52.7</ele>
      </trkpt>
      <trkpt lat="50.268758" lon="3.346754">
        <ele>51.6</ele>
      </trkpt>
      <trkpt lat="50.268952" lon="3.346336">
        <ele>51</ele>
      </trkpt>
      <trkpt lat="50.269099" lon="3.345986">
        <ele>50.8</ele>
      </trkpt>
      <trkpt lat="50.269201" lon="3.34571">
        <ele>50.7</ele>
      </trkpt>
      <trkpt lat="50.269981" lon="3.343361">
        <ele>49</ele>
      </trkpt>
      <trkpt lat="50.270347" lon="3.342294">
        <ele>48.4</ele>
      </trkpt>
      <trkpt lat="50.270477" lon="3.341944">
        <ele>48.1</ele>
      </trkpt>
      <trkpt lat="50.270619" lon="3.341601">
        <ele>47.7</ele>
      </trkpt>
      <trkpt lat="50.270914" lon="3.34103">
        <ele>46.8</ele>
      </trkpt>
      <trkpt lat="50.271554" lon="3.339864">
        <ele>45</ele>
      </trkpt>
      <trkpt lat="50.271726" lon="3.339568">
        <ele>44.6</ele>
      </trkpt>
      <trkpt lat="50.271891" lon="3.339312">
        <ele>44.3</ele>
      </trkpt>
      <trkpt lat="50.272646" lon="3.338221">
        <ele>43.5</ele>
      </trkpt>
      <trkpt lat="50.272786" lon="3.337997">
        <ele>43.5</ele>
      </trkpt>
      <trkpt lat="50.272919" lon="3.337728">
        <ele>43.6</ele>
      </trkpt>
      <trkpt lat="50.273291" lon="3.33687">
        <ele>43.2</ele>
      </trkpt>
      <trkpt lat="50.27373" lon="3.335954">
        <ele>41.6</ele>
      </trkpt>
      <trkpt lat="50.273824" lon="3.335714">
        <ele>41.2</ele>
      </trkpt>
      <trkpt lat="50.273835" lon="3.335631">
        <ele>41</ele>
      </trkpt>
      <trkpt lat="50.273819" lon="3.335569">
        <ele>40.8</ele>
      </trkpt>
      <trkpt lat="50.273783" lon="3.335518">
        <ele>40.6</ele>
      </trkpt>
      <trkpt lat="50.27352" lon="3.335306">
        <ele>40</ele>
      </trkpt>
      <trkpt lat="50.27261" lon="3.334656">
        <ele>40.6</ele>
      </trkpt>
      <trkpt lat="50.271593" lon="3.333998">
        <ele>44.1</ele>
      </trkpt>
      <trkpt lat="50.270725" lon="3.333509">
        <ele>46.6</ele>
      </trkpt>
      <trkpt lat="50.266275" lon="3.3312">
        <ele>49.4</ele>
      </trkpt>
      <trkpt lat="50.265831" lon="3.330927">
        <ele>49.3</ele>
      </trkpt>
      <trkpt lat="50.265712" lon="3.330828">
        <ele>49.2</ele>
      </trkpt>
      <trkpt lat="50.265567" lon="3.33068">
        <ele>49.1</ele>
      </trkpt>
      <trkpt lat="50.2654" lon="3.330452">
        <ele>49.2</ele>
      </trkpt>
      <trkpt lat="50.265291" lon="3.330265">
        <ele>49.4</ele>
      </trkpt>
      <trkpt lat="50.2652" lon="3.330072">
        <ele>49.6</ele>
      </trkpt>
      <trkpt lat="50.265124" lon="3.329875">
        <ele>49.9</ele>
      </trkpt>
      <trkpt lat="50.264632" lon="3.328182">
        <ele>51.3</ele>
      </trkpt>
      <trkpt lat="50.264601" lon="3.328043">
        <ele>50.9</ele>
      </trkpt>
      <trkpt lat="50.264589" lon="3.32791">
        <ele>50.3</ele>
      </trkpt>
      <trkpt lat="50.264592" lon="3.327733">
        <ele>49.9</ele>
      </trkpt>
      <trkpt lat="50.264664" lon="3.326864">
        <ele>49.1</ele>
      </trkpt>
      <trkpt lat="50.264792" lon="3.325748">
        <ele>48.5</ele>
      </trkpt>
      <trkpt lat="50.264841" lon="3.325484">
        <ele>48.5</ele>
      </trkpt>
      <trkpt lat="50.264892" lon="3.325304">
        <ele>48.5</ele>
      </trkpt>
      <trkpt lat="50.264977" lon="3.325138">
        <ele>48.6</ele>
      </trkpt>
      <trkpt lat="50.265092" lon="3.324985">
        <ele>48.3</ele>
      </trkpt>
      <trkpt lat="50.265732" lon="3.32428">
        <ele>45.6</ele>
      </trkpt>
      <trkpt lat="50.265865" lon="3.32417">
        <ele>45.1</ele>
      </trkpt>
      <trkpt lat="50.266249" lon="3.323913">
        <ele>43.7</ele>
      </trkpt>
      <trkpt lat="50.26634" lon="3.323889">
        <ele>43.5</ele>
      </trkpt>
      <trkpt lat="50.266513" lon="3.323892">
        <ele>43.3</ele>
      </trkpt>
      <trkpt lat="50.267556" lon="3.323981">
        <ele>42.3</ele>
      </trkpt>
      <trkpt lat="50.26869" lon="3.324119">
        <ele>40.8</ele>
      </trkpt>
      <trkpt lat="50.269221" lon="3.32417">
        <ele>40</ele>
      </trkpt>
      <trkpt lat="50.270307" lon="3.32419">
        <ele>39.2</ele>
      </trkpt>
      <trkpt lat="50.271295" lon="3.324268">
        <ele>38.7</ele>
      </trkpt>
      <trkpt lat="50.271698" lon="3.324269">
        <ele>38.3</ele>
      </trkpt>
      <trkpt lat="50.271875" lon="3.324251">
        <ele>38.1</ele>
      </trkpt>
      <trkpt lat="50.271934" lon="3.324226">
        <ele>38.1</ele>
      </trkpt>
      <trkpt lat="50.271991" lon="3.324181">
        <ele>38.1</ele>
      </trkpt>
      <trkpt lat="50.272061" lon="3.324082">
        <ele>38</ele>
      </trkpt>
      <trkpt lat="50.27211" lon="3.324034">
        <ele>38</ele>
      </trkpt>
      <trkpt lat="50.272196" lon="3.324017">
        <ele>37.9</ele>
      </trkpt>
      <trkpt lat="50.272244" lon="3.324038">
        <ele>37.8</ele>
      </trkpt>
      <trkpt lat="50.272446" lon="3.324241">
        <ele>37.7</ele>
      </trkpt>
      <trkpt lat="50.27254" lon="3.324299">
        <ele>37.6</ele>
      </trkpt>
      <trkpt lat="50.272649" lon="3.324342">
        <ele>37.5</ele>
      </trkpt>
      <trkpt lat="50.272869" lon="3.324385">
        <ele>37.2</ele>
      </trkpt>
      <trkpt lat="50.273832" lon="3.324496">
        <ele>35.9</ele>
      </trkpt>
      <trkpt lat="50.274085" lon="3.324581">
        <ele>35.6</ele>
      </trkpt>
      <trkpt lat="50.274245" lon="3.324676">
        <ele>35.5</ele>
      </trkpt>
      <trkpt lat="50.274402" lon="3.324793">
        <ele>35.4</ele>
      </trkpt>
      <trkpt lat="50.274599" lon="3.324958">
        <ele>35.3</ele>
      </trkpt>
      <trkpt lat="50.274744" lon="3.325104">
        <ele>35.3</ele>
      </trkpt>
      <trkpt lat="50.274841" lon="3.325219">
        <ele>35.3</ele>
      </trkpt>
      <trkpt lat="50.274956" lon="3.325383">
        <ele>35.3</ele>
      </trkpt>
      <trkpt lat="50.275121" lon="3.325688">
        <ele>35.2</ele>
      </trkpt>
      <trkpt lat="50.275266" lon="3.326">
        <ele>35.1</ele>
      </trkpt>
      <trkpt lat="50.275533" lon="3.326699">
        <ele>35.1</ele>
      </trkpt>
      <trkpt lat="50.276491" lon="3.329089">
        <ele>35.1</ele>
      </trkpt>
      <trkpt lat="50.276974" lon="3.330284">
        <ele>36</ele>
      </trkpt>
      <trkpt lat="50.277091" lon="3.330534">
        <ele>36.4</ele>
      </trkpt>
      <trkpt lat="50.277137" lon="3.330605">
        <ele>36.5</ele>
      </trkpt>
      <trkpt lat="50.27723" lon="3.330684">
        <ele>36.6</ele>
      </trkpt>
      <trkpt lat="50.277725" lon="3.330963">
        <ele>36.7</ele>
      </trkpt>
      <trkpt lat="50.27784" lon="3.331011">
        <ele>36.7</ele>
      </trkpt>
      <trkpt lat="50.277914" lon="3.330988">
        <ele>36.7</ele>
      </trkpt>
      <trkpt lat="50.277984" lon="3.330886">
        <ele>36.7</ele>
      </trkpt>
      <trkpt lat="50.278086" lon="3.330643">
        <ele>36.5</ele>
      </trkpt>
      <trkpt lat="50.280929" lon="3.323062">
        <ele>34.2</ele>
      </trkpt>
      <trkpt lat="50.281144" lon="3.322508">
        <ele>34.1</ele>
      </trkpt>
      <trkpt lat="50.281366" lon="3.322029">
        <ele>33.9</ele>
      </trkpt>
      <trkpt lat="50.282197" lon="3.320429">
        <ele>33.5</ele>
      </trkpt>
      <trkpt lat="50.282508" lon="3.319789">
        <ele>33.8</ele>
      </trkpt>
      <trkpt lat="50.282628" lon="3.319497">
        <ele>34.3</ele>
      </trkpt>
      <trkpt lat="50.282805" lon="3.318966">
        <ele>35.5</ele>
      </trkpt>
      <trkpt lat="50.282862" lon="3.318826">
        <ele>35.8</ele>
      </trkpt>
      <trkpt lat="50.282925" lon="3.318703">
        <ele>36.1</ele>
      </trkpt>
      <trkpt lat="50.283082" lon="3.318477">
        <ele>36.6</ele>
      </trkpt>
      <trkpt lat="50.284038" lon="3.317352">
        <ele>38.6</ele>
      </trkpt>
      <trkpt lat="50.284199" lon="3.317149">
        <ele>38.9</ele>
      </trkpt>
      <trkpt lat="50.285123" lon="3.315831">
        <ele>41.9</ele>
      </trkpt>
      <trkpt lat="50.285327" lon="3.315568">
        <ele>42.8</ele>
      </trkpt>
      <trkpt lat="50.285405" lon="3.315499">
        <ele>43.1</ele>
      </trkpt>
      <trkpt lat="50.28547" lon="3.315479">
        <ele>43.3</ele>
      </trkpt>
      <trkpt lat="50.285531" lon="3.3155">
        <ele>43.4</ele>
      </trkpt>
      <trkpt lat="50.285713" lon="3.315627">
        <ele>43.7</ele>
      </trkpt>
      <trkpt lat="50.285768" lon="3.31563">
        <ele>43.8</ele>
      </trkpt>
      <trkpt lat="50.285821" lon="3.315606">
        <ele>43.8</ele>
      </trkpt>
      <trkpt lat="50.286032" lon="3.315454">
        <ele>43.9</ele>
      </trkpt>
      <trkpt lat="50.286139" lon="3.315399">
        <ele>43.9</ele>
      </trkpt>
      <trkpt lat="50.287508" lon="3.314888">
        <ele>43</ele>
      </trkpt>
      <trkpt lat="50.288571" lon="3.314448">
        <ele>41.1</ele>
      </trkpt>
      <trkpt lat="50.288747" lon="3.314364">
        <ele>40.9</ele>
      </trkpt>
      <trkpt lat="50.289127" lon="3.314119">
        <ele>40.8</ele>
      </trkpt>
      <trkpt lat="50.289765" lon="3.313676">
        <ele>40.7</ele>
      </trkpt>
      <trkpt lat="50.292356" lon="3.311779">
        <ele>42.3</ele>
      </trkpt>
      <trkpt lat="50.292788" lon="3.311475">
        <ele>42.7</ele>
      </trkpt>
      <trkpt lat="50.293053" lon="3.311337">
        <ele>42.8</ele>
      </trkpt>
      <trkpt lat="50.294014" lon="3.310901">
        <ele>42.1</ele>
      </trkpt>
      <trkpt lat="50.29422" lon="3.310796">
        <ele>41.8</ele>
      </trkpt>
      <trkpt lat="50.29473" lon="3.310484">
        <ele>40.8</ele>
      </trkpt>
      <trkpt lat="50.29659" lon="3.309297">
        <ele>37</ele>
      </trkpt>
      <trkpt lat="50.296941" lon="3.309087">
        <ele>36.5</ele>
      </trkpt>
      <trkpt lat="50.297137" lon="3.308992">
        <ele>36.3</ele>
      </trkpt>
      <trkpt lat="50.297424" lon="3.308876">
        <ele>36.1</ele>
      </trkpt>
      <trkpt lat="50.298273" lon="3.308627">
        <ele>35.4</ele>
      </trkpt>
      <trkpt lat="50.298775" lon="3.308455">
        <ele>35.2</ele>
      </trkpt>
      <trkpt lat="50.298973" lon="3.308345">
        <ele>35.1</ele>
      </trkpt>
      <trkpt lat="50.299506" lon="3.307995">
        <ele>34.9</ele>
      </trkpt>
      <trkpt lat="50.299567" lon="3.307916">
        <ele>34.9</ele>
      </trkpt>
      <trkpt lat="50.299625" lon="3.307748">
        <ele>34.7</ele>
      </trkpt>
      <trkpt lat="50.299717" lon="3.307573">
        <ele>34.6</ele>
      </trkpt>
      <trkpt lat="50.299789" lon="3.307477">
        <ele>34.5</ele>
      </trkpt>
      <trkpt lat="50.299867" lon="3.307398">
        <ele>34.5</ele>
      </trkpt>
      <trkpt lat="50.30264" lon="3.305172">
        <ele>35.5</ele>
      </trkpt>
      <trkpt lat="50.303018" lon="3.304853">
        <ele>35.7</ele>
      </trkpt>
      <trkpt lat="50.30326" lon="3.304626">
        <ele>35.7</ele>
      </trkpt>
      <trkpt lat="50.303421" lon="3.304433">
        <ele>35.6</ele>
      </trkpt>
      <trkpt lat="50.303616" lon="3.304135">
        <ele>35.6</ele>
      </trkpt>
      <trkpt lat="50.304319" lon="3.302964">
        <ele>36.1</ele>
      </trkpt>
      <trkpt lat="50.304431" lon="3.302764">
        <ele>36.3</ele>
      </trkpt>
      <trkpt lat="50.304516" lon="3.302569">
        <ele>36.3</ele>
      </trkpt>
      <trkpt lat="50.304568" lon="3.302493">
        <ele>36.3</ele>
      </trkpt>
      <trkpt lat="50.30463" lon="3.302436">
        <ele>36.4</ele>
      </trkpt>
      <trkpt lat="50.305402" lon="3.30186">
        <ele>36.3</ele>
      </trkpt>
      <trkpt lat="50.305538" lon="3.301721">
        <ele>36.4</ele>
      </trkpt>
      <trkpt lat="50.3061" lon="3.301066">
        <ele>36.9</ele>
      </trkpt>
      <trkpt lat="50.306124" lon="3.301008">
        <ele>36.9</ele>
      </trkpt>
      <trkpt lat="50.306261" lon="3.300535">
        <ele>37.2</ele>
      </trkpt>
      <trkpt lat="50.306748" lon="3.299724">
        <ele>38</ele>
      </trkpt>
      <trkpt lat="50.306918" lon="3.299408">
        <ele>38.3</ele>
      </trkpt>
      <trkpt lat="50.307222" lon="3.298647">
        <ele>39.2</ele>
      </trkpt>
      <trkpt lat="50.307284" lon="3.298471">
        <ele>39.4</ele>
      </trkpt>
      <trkpt lat="50.307302" lon="3.298384">
        <ele>39.4</ele>
      </trkpt>
      <trkpt lat="50.307299" lon="3.298294">
        <ele>39.5</ele>
      </trkpt>
      <trkpt lat="50.30727" lon="3.298099">
        <ele>39.8</ele>
      </trkpt>
      <trkpt lat="50.306738" lon="3.295006">
        <ele>41.1</ele>
      </trkpt>
      <trkpt lat="50.306711" lon="3.294765">
        <ele>41</ele>
      </trkpt>
      <trkpt lat="50.306707" lon="3.294617">
        <ele>41</ele>
      </trkpt>
      <trkpt lat="50.306833" lon="3.292126">
        <ele>40.9</ele>
      </trkpt>
      <trkpt lat="50.306898" lon="3.29062">
        <ele>41.6</ele>
      </trkpt>
      <trkpt lat="50.307217" lon="3.287412">
        <ele>44</ele>
      </trkpt>
      <trkpt lat="50.30745" lon="3.283806">
        <ele>43.5</ele>
      </trkpt>
      <trkpt lat="50.307452" lon="3.283643">
        <ele>43.5</ele>
      </trkpt>
      <trkpt lat="50.307437" lon="3.283462">
        <ele>43.5</ele>
      </trkpt>
      <trkpt lat="50.307137" lon="3.281203">
        <ele>45.3</ele>
      </trkpt>
      <trkpt lat="50.307124" lon="3.280936">
        <ele>46</ele>
      </trkpt>
      <trkpt lat="50.307132" lon="3.280869">
        <ele>46.2</ele>
      </trkpt>
      <trkpt lat="50.307152" lon="3.280814">
        <ele>46.4</ele>
      </trkpt>
      <trkpt lat="50.307191" lon="3.280775">
        <ele>46.6</ele>
      </trkpt>
      <trkpt lat="50.30735" lon="3.280733">
        <ele>47.1</ele>
      </trkpt>
      <trkpt lat="50.307703" lon="3.280708">
        <ele>48.1</ele>
      </trkpt>
      <trkpt lat="50.308072" lon="3.280703">
        <ele>49.2</ele>
      </trkpt>
      <trkpt lat="50.314097" lon="3.280757">
        <ele>59.3</ele>
      </trkpt>
      <trkpt lat="50.314446" lon="3.280783">
        <ele>59.5</ele>
      </trkpt>
      <trkpt lat="50.314507" lon="3.280806">
        <ele>59.5</ele>
      </trkpt>
      <trkpt lat="50.314551" lon="3.280839">
        <ele>59.5</ele>
      </trkpt>
      <trkpt lat="50.31479" lon="3.281132">
        <ele>59.6</ele>
      </trkpt>
      <trkpt lat="50.315477" lon="3.281847">
        <ele>59.5</ele>
      </trkpt>
      <trkpt lat="50.316031" lon="3.282463">
        <ele>59.7</ele>
      </trkpt>
      <trkpt lat="50.316897" lon="3.283501">
        <ele>59.1</ele>
      </trkpt>
      <trkpt lat="50.317266" lon="3.283961">
        <ele>58.6</ele>
      </trkpt>
      <trkpt lat="50.317615" lon="3.284466">
        <ele>58.3</ele>
      </trkpt>
      <trkpt lat="50.318974" lon="3.286514">
        <ele>58.2</ele>
      </trkpt>
      <trkpt lat="50.321322" lon="3.290114">
        <ele>61.4</ele>
      </trkpt>
      <trkpt lat="50.321544" lon="3.290373">
        <ele>61.8</ele>
      </trkpt>
      <trkpt lat="50.322888" lon="3.291765">
        <ele>62.5</ele>
      </trkpt>
      <trkpt lat="50.32302" lon="3.291921">
        <ele>62.4</ele>
      </trkpt>
      <trkpt lat="50.323171" lon="3.292129">
        <ele>62.4</ele>
      </trkpt>
      <trkpt lat="50.323506" lon="3.292632">
        <ele>62.2</ele>
      </trkpt>
      <trkpt lat="50.323864" lon="3.293198">
        <ele>62</ele>
      </trkpt>
      <trkpt lat="50.324116" lon="3.293609">
        <ele>61.8</ele>
      </trkpt>
      <trkpt lat="50.324329" lon="3.293985">
        <ele>61.8</ele>
      </trkpt>
      <trkpt lat="50.324533" lon="3.294424">
        <ele>61.5</ele>
      </trkpt>
      <trkpt lat="50.325013" lon="3.295616">
        <ele>60.6</ele>
      </trkpt>
      <trkpt lat="50.325107" lon="3.295825">
        <ele>60.5</ele>
      </trkpt>
      <trkpt lat="50.325185" lon="3.295971">
        <ele>60.5</ele>
      </trkpt>
      <trkpt lat="50.325478" lon="3.296381">
        <ele>60.2</ele>
      </trkpt>
      <trkpt lat="50.326068" lon="3.296985">
        <ele>59.6</ele>
      </trkpt>
      <trkpt lat="50.3263" lon="3.297279">
        <ele>59.2</ele>
      </trkpt>
      <trkpt lat="50.326488" lon="3.297581">
        <ele>58.8</ele>
      </trkpt>
      <trkpt lat="50.327039" lon="3.298702">
        <ele>58.3</ele>
      </trkpt>
      <trkpt lat="50.327216" lon="3.299009">
        <ele>58.1</ele>
      </trkpt>
      <trkpt lat="50.327816" lon="3.299788">
        <ele>57.9</ele>
      </trkpt>
      <trkpt lat="50.328093" lon="3.300102">
        <ele>57.8</ele>
      </trkpt>
      <trkpt lat="50.328511" lon="3.300528">
        <ele>57.7</ele>
      </trkpt>
      <trkpt lat="50.328718" lon="3.300723">
        <ele>57.7</ele>
      </trkpt>
      <trkpt lat="50.328847" lon="3.300803">
        <ele>57.7</ele>
      </trkpt>
      <trkpt lat="50.329169" lon="3.300928">
        <ele>57.7</ele>
      </trkpt>
      <trkpt lat="50.329243" lon="3.300976">
        <ele>57.7</ele>
      </trkpt>
      <trkpt lat="50.329272" lon="3.301028">
        <ele>57.7</ele>
      </trkpt>
      <trkpt lat="50.329309" lon="3.301186">
        <ele>57.6</ele>
      </trkpt>
      <trkpt lat="50.329318" lon="3.301277">
        <ele>57.5</ele>
      </trkpt>
      <trkpt lat="50.329319" lon="3.301477">
        <ele>57.3</ele>
      </trkpt>
      <trkpt lat="50.329298" lon="3.301764">
        <ele>57.2</ele>
      </trkpt>
      <trkpt lat="50.32925" lon="3.301925">
        <ele>57.1</ele>
      </trkpt>
      <trkpt lat="50.329161" lon="3.302149">
        <ele>56.9</ele>
      </trkpt>
      <trkpt lat="50.327929" lon="3.304959">
        <ele>53.5</ele>
      </trkpt>
      <trkpt lat="50.32613" lon="3.308943">
        <ele>49.8</ele>
      </trkpt>
      <trkpt lat="50.325909" lon="3.309462">
        <ele>49.2</ele>
      </trkpt>
      <trkpt lat="50.325751" lon="3.309953">
        <ele>48.7</ele>
      </trkpt>
      <trkpt lat="50.324737" lon="3.313523">
        <ele>46.1</ele>
      </trkpt>
      <trkpt lat="50.32459" lon="3.313983">
        <ele>45.9</ele>
      </trkpt>
      <trkpt lat="50.32448" lon="3.314272">
        <ele>45.8</ele>
      </trkpt>
      <trkpt lat="50.324291" lon="3.314741">
        <ele>45.7</ele>
      </trkpt>
      <trkpt lat="50.324069" lon="3.315221">
        <ele>45.4</ele>
      </trkpt>
      <trkpt lat="50.323083" lon="3.317073">
        <ele>43.9</ele>
      </trkpt>
      <trkpt lat="50.322798" lon="3.317566">
        <ele>43.8</ele>
      </trkpt>
      <trkpt lat="50.322604" lon="3.317851">
        <ele>43.7</ele>
      </trkpt>
      <trkpt lat="50.321417" lon="3.319468">
        <ele>43.4</ele>
      </trkpt>
      <trkpt lat="50.320609" lon="3.320463">
        <ele>43.6</ele>
      </trkpt>
      <trkpt lat="50.320197" lon="3.321005">
        <ele>43.4</ele>
      </trkpt>
      <trkpt lat="50.319576" lon="3.321855">
        <ele>42.5</ele>
      </trkpt>
      <trkpt lat="50.319324" lon="3.322229">
        <ele>41.9</ele>
      </trkpt>
      <trkpt lat="50.318217" lon="3.324134">
        <ele>40.2</ele>
      </trkpt>
      <trkpt lat="50.316527" lon="3.327244">
        <ele>38.6</ele>
      </trkpt>
      <trkpt lat="50.316274" lon="3.327662">
        <ele>38.8</ele>
      </trkpt>
      <trkpt lat="50.315755" lon="3.328462">
        <ele>39</ele>
      </trkpt>
      <trkpt lat="50.31554" lon="3.328828">
        <ele>39.1</ele>
      </trkpt>
      <trkpt lat="50.315252" lon="3.329382">
        <ele>39.3</ele>
      </trkpt>
      <trkpt lat="50.31514" lon="3.329622">
        <ele>39.4</ele>
      </trkpt>
      <trkpt lat="50.314666" lon="3.330756">
        <ele>39.5</ele>
      </trkpt>
      <trkpt lat="50.314542" lon="3.330988">
        <ele>39.4</ele>
      </trkpt>
      <trkpt lat="50.314267" lon="3.331423">
        <ele>39.1</ele>
      </trkpt>
      <trkpt lat="50.314083" lon="3.331673">
        <ele>38.7</ele>
      </trkpt>
      <trkpt lat="50.313888" lon="3.331912">
        <ele>38.3</ele>
      </trkpt>
      <trkpt lat="50.312548" lon="3.333426">
        <ele>35.5</ele>
      </trkpt>
      <trkpt lat="50.312253" lon="3.333775">
        <ele>35.1</ele>
      </trkpt>
      <trkpt lat="50.311656" lon="3.334595">
        <ele>34</ele>
      </trkpt>
      <trkpt lat="50.311311" lon="3.335111">
        <ele>33.3</ele>
      </trkpt>
      <trkpt lat="50.311144" lon="3.335303">
        <ele>33.2</ele>
      </trkpt>
      <trkpt lat="50.310939" lon="3.335488">
        <ele>33</ele>
      </trkpt>
      <trkpt lat="50.310713" lon="3.335639">
        <ele>32.9</ele>
      </trkpt>
      <trkpt lat="50.310507" lon="3.335732">
        <ele>32.9</ele>
      </trkpt>
      <trkpt lat="50.310416" lon="3.335757">
        <ele>32.9</ele>
      </trkpt>
      <trkpt lat="50.310098" lon="3.335743">
        <ele>32.8</ele>
      </trkpt>
      <trkpt lat="50.310066" lon="3.335769">
        <ele>32.7</ele>
      </trkpt>
      <trkpt lat="50.310041" lon="3.335811">
        <ele>32.7</ele>
      </trkpt>
      <trkpt lat="50.310027" lon="3.335864">
        <ele>32.7</ele>
      </trkpt>
      <trkpt lat="50.310026" lon="3.335921">
        <ele>32.7</ele>
      </trkpt>
      <trkpt lat="50.310039" lon="3.335975">
        <ele>32.6</ele>
      </trkpt>
      <trkpt lat="50.310531" lon="3.337321">
        <ele>31.8</ele>
      </trkpt>
      <trkpt lat="50.31088" lon="3.338373">
        <ele>32</ele>
      </trkpt>
      <trkpt lat="50.311261" lon="3.339712">
        <ele>32.7</ele>
      </trkpt>
      <trkpt lat="50.311522" lon="3.340546">
        <ele>33.5</ele>
      </trkpt>
      <trkpt lat="50.31185" lon="3.341728">
        <ele>35.2</ele>
      </trkpt>
      <trkpt lat="50.312122" lon="3.342954">
        <ele>36.5</ele>
      </trkpt>
      <trkpt lat="50.313181" lon="3.348597">
        <ele>33.3</ele>
      </trkpt>
      <trkpt lat="50.313277" lon="3.349058">
        <ele>33</ele>
      </trkpt>
      <trkpt lat="50.313374" lon="3.349313">
        <ele>32.9</ele>
      </trkpt>
      <trkpt lat="50.314059" lon="3.350913">
        <ele>32.2</ele>
      </trkpt>
      <trkpt lat="50.314381" lon="3.351713">
        <ele>32.1</ele>
      </trkpt>
      <trkpt lat="50.314507" lon="3.352059">
        <ele>32.1</ele>
      </trkpt>
      <trkpt lat="50.315094" lon="3.353956">
        <ele>32.9</ele>
      </trkpt>
      <trkpt lat="50.315657" lon="3.355999">
        <ele>33.5</ele>
      </trkpt>
      <trkpt lat="50.315766" lon="3.356353">
        <ele>33.7</ele>
      </trkpt>
      <trkpt lat="50.31611" lon="3.357388">
        <ele>34.3</ele>
      </trkpt>
      <trkpt lat="50.316224" lon="3.357795">
        <ele>34.6</ele>
      </trkpt>
      <trkpt lat="50.3165" lon="3.358891">
        <ele>35.9</ele>
      </trkpt>
      <trkpt lat="50.316779" lon="3.360213">
        <ele>37.5</ele>
      </trkpt>
      <trkpt lat="50.317052" lon="3.361781">
        <ele>39.2</ele>
      </trkpt>
      <trkpt lat="50.317239" lon="3.363099">
        <ele>40.5</ele>
      </trkpt>
      <trkpt lat="50.31732" lon="3.363566">
        <ele>41.1</ele>
      </trkpt>
      <trkpt lat="50.317418" lon="3.363824">
        <ele>41.3</ele>
      </trkpt>
      <trkpt lat="50.31771" lon="3.364525">
        <ele>41.7</ele>
      </trkpt>
      <trkpt lat="50.317859" lon="3.364929">
        <ele>41.8</ele>
      </trkpt>
      <trkpt lat="50.318036" lon="3.36537">
        <ele>42.1</ele>
      </trkpt>
      <trkpt lat="50.318615" lon="3.367076">
        <ele>42.2</ele>
      </trkpt>
      <trkpt lat="50.318949" lon="3.368017">
        <ele>41.7</ele>
      </trkpt>
      <trkpt lat="50.319397" lon="3.36935">
        <ele>40.7</ele>
      </trkpt>
      <trkpt lat="50.319558" lon="3.36979">
        <ele>40.4</ele>
      </trkpt>
      <trkpt lat="50.321117" lon="3.373644">
        <ele>36.4</ele>
      </trkpt>
      <trkpt lat="50.323447" lon="3.379275">
        <ele>32.6</ele>
      </trkpt>
      <trkpt lat="50.324187" lon="3.381099">
        <ele>31.9</ele>
      </trkpt>
      <trkpt lat="50.324376" lon="3.381588">
        <ele>31.7</ele>
      </trkpt>
      <trkpt lat="50.324598" lon="3.382217">
        <ele>31.6</ele>
      </trkpt>
      <trkpt lat="50.32475" lon="3.382718">
        <ele>31.5</ele>
      </trkpt>
      <trkpt lat="50.32495" lon="3.38332">
        <ele>31.3</ele>
      </trkpt>
    </trkseg>
  </trk>
</gpx>
