<?xml version='1.0' encoding='UTF-8'?>
<gpx version="1.1"
  creator="GPXmagic"
  xmlns="http://www.topografix.com/GPX/1/1"
  xmlns:rgt="http://www.rgtcycling.com/XML/GpxExtensions/v1"
  xmlns:xsi="http://www.w3.org/2001/XMLSchema-instance" xsi:schemaLocation="http://www.topografix.com/GPX/1/1
  http://www.topografix.com/GPX/1/1/gpx.xsd">
  <metadata>
    <name>Smoothed with GPXmagic</name>
    <author>
      <link href="https://www.stepwiserefinement.co.uk">
        <text>GPXmagic v3</text>
        <type>text/html</type>
      </link>
    </author>
  </metadata>
<trk>  <name>Tour&#32;de&#32;Gyoeongnam&#32;S4</name>
<trkseg>
<trkpt lat="34.72057" lon="127.99978999999999"><ele>76.86000000000001</ele></trkpt>
<trkpt lat="34.72051942386831" lon="127.99990239379483"><ele>76.91929355281208</ele></trkpt>
<trkpt lat="34.720473168724276" lon="127.99999830601455"><ele>76.99068587105624</ele></trkpt>
<trkpt lat="34.7204338271605" lon="128.00007199597852"><ele>77.07269547325103</ele></trkpt>
<trkpt lat="34.72040213048696" lon="128.00012889238457"><ele>77.1500754458162</ele></trkpt>
<trkpt lat="34.720378373628236" lon="128.00017520237355"><ele>77.20628257887519</ele></trkpt>
<trkpt lat="34.72036131237138" lon="128.00021489874996"><ele>77.23633134002058</ele></trkpt>
<trkpt lat="34.720338473722556" lon="128.0002797135511"><ele>77.2505845979081</ele></trkpt>
<trkpt lat="34.72033074074073" lon="128.00031245370906"><ele>77.25289351851853</ele></trkpt>
<trkpt lat="34.720326241319434" lon="128.00035600405045"><ele>77.257421875</ele></trkpt>
<trkpt lat="34.72032527488425" lon="128.00041741029085"><ele>77.26451099537039</ele></trkpt>
<trkpt lat="34.720328133680546" lon="128.000495607611"><ele>77.2717013888889</ele></trkpt>
<trkpt lat="34.72033632523147" lon="128.00058334773792"><ele>77.27327835648148</ele></trkpt>
<trkpt lat="34.72035247974536" lon="128.00067456874717"><ele>77.26239293981482</ele></trkpt>
<trkpt lat="34.72037824363425" lon="128.00076836787673"><ele>77.23422453703704</ele></trkpt>
<trkpt lat="34.72041164930555" lon="128.00086450499603"><ele>77.18730034722222</ele></trkpt>
<trkpt lat="34.72048221589957" lon="128.00105003100862"><ele>77.02405146176268</ele></trkpt>
<trkpt lat="34.72051295610674" lon="128.00113424624251"><ele>76.89941272290808</ele></trkpt>
<trkpt lat="34.72054020095168" lon="128.00121296666444"><ele>76.75071630658437</ele></trkpt>
<trkpt lat="34.72056469322513" lon="128.00128745222895"><ele>76.58481781550068</ele></trkpt>
<trkpt lat="34.72058730668537" lon="128.00136029421245"><ele>76.39904278120713</ele></trkpt>
<trkpt lat="34.720610416941646" lon="128.00143999951564"><ele>76.16854166666666</ele></trkpt>
<trkpt lat="34.72063704613979" lon="128.00153726256292"><ele>75.86126714677641</ele></trkpt>
<trkpt lat="34.72066912297269" lon="128.00165822922548"><ele>75.46033521947874</ele></trkpt>
<trkpt lat="34.72074268860431" lon="128.00194045072564"><ele>74.47187842935529</ele></trkpt>
<trkpt lat="34.72077760315379" lon="128.00207503902587"><ele>73.94892146776407</ele></trkpt>
<trkpt lat="34.720810002089884" lon="128.0021999978188"><ele>73.39354166666666</ele></trkpt>
<trkpt lat="34.72084240768054" lon="128.00232498758533"><ele>72.75020147462278</ele></trkpt>
<trkpt lat="34.72087739025041" lon="128.00245988487984"><ele>71.98169924554185</ele></trkpt>
<trkpt lat="34.72095225054471" lon="128.00274794113048"><ele>70.25522548010974</ele></trkpt>
<trkpt lat="34.720986665481355" lon="128.0028794332783"><ele>69.48189900548698</ele></trkpt>
<trkpt lat="34.72101791694164" lon="128.00299749939026"><ele>68.82875000000001</ele></trkpt>
<trkpt lat="34.72104863854492" lon="128.003111794249"><ele>68.25333208504802</ele></trkpt>
<trkpt lat="34.72111796416927" lon="128.00336491041583"><ele>67.13107699588477</ele></trkpt>
<trkpt lat="34.72115515302031" lon="128.0034985905347"><ele>66.59730775034295</ele></trkpt>
<trkpt lat="34.72119128780543" lon="128.0036261351117"><ele>66.14734936899863</ele></trkpt>
<trkpt lat="34.72122637777777" lon="128.00374655225295"><ele>65.80988</ele></trkpt>
<trkpt lat="34.721262195555546" lon="128.00386602928089"><ele>65.56748444444446</ele></trkpt>
<trkpt lat="34.721333115555545" lon="128.0040992782273"><ele>65.24504000000002</ele></trkpt>
<trkpt lat="34.72136157777778" lon="128.00419570794628"><ele>65.13210222222223</ele></trkpt>
<trkpt lat="34.72138269993055" lon="128.0042726133062"><ele>65.04221879629631</ele></trkpt>
<trkpt lat="34.72139818368055" lon="128.00433609205936"><ele>64.96473564814816</ele></trkpt>
<trkpt lat="34.72142537944443" lon="128.00445586845157"><ele>64.79308592592594</ele></trkpt>
<trkpt lat="34.72144332814814" lon="128.00452365619512"><ele>64.67092296296298</ele></trkpt>
<trkpt lat="34.72146665518518" lon="128.00460066170717"><ele>64.5109</ele></trkpt>
<trkpt lat="34.721494629236105" lon="128.00468452676594"><ele>64.31485416666666</ele></trkpt>
<trkpt lat="34.721525583449065" lon="128.00476963359432"><ele>64.08560694444445</ele></trkpt>
<trkpt lat="34.72155939071758" lon="128.004852664851"><ele>63.81002083333333</ele></trkpt>
<trkpt lat="34.72159842343299" lon="128.00493677040927"><ele>63.4588219478738</ele></trkpt>
<trkpt lat="34.72164490615803" lon="128.0050273240045"><ele>63.01443401920439</ele></trkpt>
<trkpt lat="34.72169714308829" lon="128.00512410132617"><ele>62.50696213991769</ele></trkpt>
<trkpt lat="34.72180131922727" lon="128.00531519476993"><ele>61.561636762688615</ele></trkpt>
<trkpt lat="34.72185093775934" lon="128.00540916573829"><ele>61.20166666666667</ele></trkpt>
<trkpt lat="34.72190428419269" lon="128.00551335590765"><ele>60.897823216735254</ele></trkpt>
<trkpt lat="34.72196538149562" lon="128.00563516937217"><ele>60.615252914951995</ele></trkpt>
<trkpt lat="34.722033014350004" lon="128.0057713655546"><ele>60.33962705761317</ele></trkpt>
<trkpt lat="34.72216559729662" lon="128.00603965009518"><ele>59.85371827846365</ele></trkpt>
<trkpt lat="34.72222500197108" lon="128.00615999637446"><ele>59.663541666666674</ele></trkpt>
<trkpt lat="34.72234842624748" lon="128.00641020678862"><ele>59.33543209876544</ele></trkpt>
<trkpt lat="34.722416694905576" lon="128.006549166481"><ele>59.166643518518526</ele></trkpt>
<trkpt lat="34.72248359137216" lon="128.00668671258353"><ele>58.98363425925927</ele></trkpt>
<trkpt lat="34.72254293388405" lon="128.00681174325697"><ele>58.7736188271605</ele></trkpt>
<trkpt lat="34.722592812759345" lon="128.00692229074542"><ele>58.50833333333334</ele></trkpt>
<trkpt lat="34.72263658022179" lon="128.0070270506868"><ele>58.148577366255154</ele></trkpt>
<trkpt lat="34.72267904895901" lon="128.00713657113587"><ele>57.66849423868314</ele></trkpt>
<trkpt lat="34.72272266792368" lon="128.00725477682414"><ele>57.07237283950618</ele></trkpt>
<trkpt lat="34.72276610969027" lon="128.00737654116017"><ele>56.386595473251035</ele></trkpt>
<trkpt lat="34.7228076461559" lon="128.00749729660308"><ele>55.60529341563786</ele></trkpt>
<trkpt lat="34.72284726533291" lon="128.00761798013536"><ele>54.68646248285323</ele></trkpt>
<trkpt lat="34.722886993230034" lon="128.00774428124825"><ele>53.59027002743485</ele></trkpt>
<trkpt lat="34.72292747212471" lon="128.00787548630277"><ele>52.36928744855967</ele></trkpt>
<trkpt lat="34.722967937695564" lon="128.0080048686697"><ele>51.142141015089166</ele></trkpt>
<trkpt lat="34.72300791795046" lon="128.0081259477358"><ele>50.01511680384088</ele></trkpt>
<trkpt lat="34.72305031283391" lon="128.00824291561042"><ele>48.98125</ele></trkpt>
<trkpt lat="34.72310000192884" lon="128.0083675480547"><ele>47.948557098765434</ele></trkpt>
<trkpt lat="34.723160134822756" lon="128.00850944883211"><ele>46.82831018518519</ele></trkpt>
<trkpt lat="34.723228454519266" lon="128.00866607183784"><ele>45.6257175925926</ele></trkpt>
<trkpt lat="34.72336406234186" lon="128.00897266897903"><ele>43.345810185185194</ele></trkpt>
<trkpt lat="34.72342500253783" lon="128.0091099956933"><ele>42.380625</ele></trkpt>
<trkpt lat="34.723485944200576" lon="128.00924729946613"><ele>41.467967249657065</ele></trkpt>
<trkpt lat="34.72362164639169" lon="128.009552602193"><ele>39.55459619341564</ele></trkpt>
<trkpt lat="34.72369021026857" lon="128.00970591661184"><ele>38.61342678326475</ele></trkpt>
<trkpt lat="34.72375092699743" lon="128.00983992548984"><ele>37.78836848422497</ele></trkpt>
<trkpt lat="34.72380177116725" lon="128.00994895734064"><ele>37.107083333333335</ele></trkpt>
<trkpt lat="34.7238461238421" lon="128.01003951966692"><ele>36.52527526748971</ele></trkpt>
<trkpt lat="34.72388895898501" lon="128.01012234444084"><ele>35.97508041152263</ele></trkpt>
<trkpt lat="34.723933041281086" lon="128.01020422898284"><ele>35.41393098765432</ele></trkpt>
<trkpt lat="34.72397758174169" lon="128.01028473375652"><ele>34.84185905349794</ele></trkpt>
<trkpt lat="34.72402165270603" lon="128.01036225456016"><ele>34.258487613168725</ele></trkpt>
<trkpt lat="34.72406574306878" lon="128.0104373342803"><ele>33.64807922686535</ele></trkpt>
<trkpt lat="34.72411173167044" lon="128.0105132685527"><ele>32.98505807148257</ele></trkpt>
<trkpt lat="34.724205821375655" lon="128.01066378868526"><ele>31.59348918259368</ele></trkpt>
<trkpt lat="34.72425073535903" lon="128.01073325511229"><ele>30.933053117373937</ele></trkpt>
<trkpt lat="34.72429663265306" lon="128.01080182162318"><ele>30.270991253644322</ele></trkpt>
<trkpt lat="34.72434928571428" lon="128.01087766687323"><ele>29.527580174927117</ele></trkpt>
<trkpt lat="34.72441468739876" lon="128.01096950815912"><ele>28.617907893316058</ele></trkpt>
<trkpt lat="34.72449487204405" lon="128.01108050399165"><ele>27.51246787603931</ele></trkpt>
<trkpt lat="34.72458527696792" lon="128.0112044445966"><ele>26.27538548752835</ele></trkpt>
<trkpt lat="34.72467615322319" lon="128.0113274427717"><ele>25.047467876039306</ele></trkpt>
<trkpt lat="34.724757946226106" lon="128.01143522245607"><ele>23.973301479321886</ele></trkpt>
<trkpt lat="34.724826618075795" lon="128.01152052403813"><ele>23.12721574344023</ele></trkpt>
<trkpt lat="34.72488491253644" lon="128.01158508696673"><ele>22.493498542274054</ele></trkpt>
<trkpt lat="34.72493958910268" lon="128.01163605223573"><ele>22.002186066299537</ele></trkpt>
<trkpt lat="34.724996614758666" lon="128.0116808657965"><ele>21.577667914912</ele></trkpt>
<trkpt lat="34.7250578966375" lon="128.0117239653256"><ele>21.16834338840298</ele></trkpt>
<trkpt lat="34.725177050197594" lon="128.01180383576698"><ele>20.32969782528885</ele></trkpt>
<trkpt lat="34.72522823504629" lon="128.01183901460905"><ele>19.863622175925926</ele></trkpt>
<trkpt lat="34.72527588773147" lon="128.01187331874561"><ele>19.32592615740741</ele></trkpt>
<trkpt lat="34.72532263097221" lon="128.01190916537038"><ele>18.71634736111111</ele></trkpt>
<trkpt lat="34.72536829592592" lon="128.01194793396172"><ele>18.077891851851852</ele></trkpt>
<trkpt lat="34.72541135113425" lon="128.01199078477296"><ele>17.45573861111111</ele></trkpt>
<trkpt lat="34.72545131655092" lon="128.01203901898077"><ele>16.867905092592594</ele></trkpt>
<trkpt lat="34.72548917534721" lon="128.01209296862658"><ele>16.309461805555557</ele></trkpt>
<trkpt lat="34.725525630787025" lon="128.0121519703549"><ele>15.784137731481481</ele></trkpt>
<trkpt lat="34.725561446759244" lon="128.01221644372026"><ele>15.296556712962962</ele></trkpt>
<trkpt lat="34.725597436342575" lon="128.01228759242818"><ele>14.842708333333334</ele></trkpt>
<trkpt lat="34.72563318576387" lon="128.01236318559688"><ele>14.4196875</ele></trkpt>
<trkpt lat="34.72566584780091" lon="128.01243569141334"><ele>14.047187500000001</ele></trkpt>
<trkpt lat="34.725692098443915" lon="128.01249741149783"><ele>13.75340749314129</ele></trkpt>
<trkpt lat="34.7257108924897" lon="128.01254660746204"><ele>13.548504801097394</ele></trkpt>
<trkpt lat="34.725724272762335" lon="128.01258908947884"><ele>13.416669238683127</ele></trkpt>
<trkpt lat="34.72573497277948" lon="128.0126323928106"><ele>13.342518004115227</ele></trkpt>
<trkpt lat="34.72574466971021" lon="128.01268149089"><ele>13.335434670781893</ele></trkpt>
<trkpt lat="34.72575304526749" lon="128.01273578187323"><ele>13.456460905349795</ele></trkpt>
<trkpt lat="34.72575879714677" lon="128.01279087164835"><ele>13.793395794225592</ele></trkpt>
<trkpt lat="34.72576061964334" lon="128.01284203599488"><ele>14.242453759764484</ele></trkpt>
<trkpt lat="34.72575834683127" lon="128.01288723194804"><ele>14.760064884161931</ele></trkpt>
<trkpt lat="34.72575234924554" lon="128.01292967712618"><ele>15.282169582463183</ele></trkpt>
<trkpt lat="34.725742349684495" lon="128.0129766023216"><ele>15.758411452929824</ele></trkpt>
<trkpt lat="34.72572701481481" lon="128.01303738383348"><ele>16.20201880140002</ele></trkpt>
<trkpt lat="34.72570555407407" lon="128.01311686981936"><ele>16.648069047590955</ele></trkpt>
<trkpt lat="34.725652882962954" lon="128.0133043809366"><ele>17.54984325570936</ele></trkpt>
<trkpt lat="34.725628970370366" lon="128.01338582829135"><ele>17.92936562443622</ele></trkpt>
<trkpt lat="34.725608869629625" lon="128.01344983120484"><ele>18.234867555061655</ele></trkpt>
<trkpt lat="34.725591001481476" lon="128.0135004045118"><ele>18.49037721537053</ele></trkpt>
<trkpt lat="34.725572635555544" lon="128.01354424006888"><ele>18.734114564470286</ele></trkpt>
<trkpt lat="34.725550245925916" lon="128.01358678232734"><ele>19.008832730574476</ele></trkpt>
<trkpt lat="34.7255186474074" lon="128.0136329424139"><ele>19.371770114226138</ele></trkpt>
<trkpt lat="34.725471853333325" lon="128.0136883840331"><ele>19.88953925925926</ele></trkpt>
<trkpt lat="34.72540703999999" lon="128.01375687010187"><ele>20.656354074074073</ele></trkpt>
<trkpt lat="34.72525014666666" lon="128.0139143812256"><ele>22.51365185185185</ele></trkpt>
<trkpt lat="34.725180919999985" lon="128.01398482850593"><ele>23.31185037037037</ele></trkpt>
<trkpt lat="34.72512552592592" lon="128.0140440965355"><ele>23.917151111111114</ele></trkpt>
<trkpt lat="34.72508058074073" lon="128.014096232765"><ele>24.364831111111112</ele></trkpt>
<trkpt lat="34.725040844444436" lon="128.0141466890443"><ele>24.72068</ele></trkpt>
<trkpt lat="34.72500254518518" lon="128.01420001944032"><ele>25.035142222222223</ele></trkpt>
<trkpt lat="34.72496250370369" lon="128.01426196322447"><ele>25.341595555555557</ele></trkpt>
<trkpt lat="34.72491664" lon="128.01434027743687"><ele>25.67261185185185</ele></trkpt>
<trkpt lat="34.724861991111105" lon="128.01443973239802"><ele>26.052872592592596</ele></trkpt>
<trkpt lat="34.72480101333333" lon="128.01455432505043"><ele>26.473142222222222</ele></trkpt>
<trkpt lat="34.724741759999986" lon="128.01466776793416"><ele>26.89025037037037</ele></trkpt>
<trkpt lat="34.72469299555554" lon="128.01476329961713"><ele>27.259722962962964</ele></trkpt>
<trkpt lat="34.724658663449915" lon="128.01483384176507"><ele>27.567952098765435</ele></trkpt>
<trkpt lat="34.72463673103565" lon="128.01488373983685"><ele>27.83328148148148</ele></trkpt>
<trkpt lat="34.72462258701644" lon="128.01492216586976"><ele>28.077577037037035</ele></trkpt>
<trkpt lat="34.72461198776405" lon="128.01495855639538"><ele>28.315595308641974</ele></trkpt>
<trkpt lat="34.72460209184498" lon="128.01500170213774"><ele>28.561127407407408</ele></trkpt>
<trkpt lat="34.72459062499998" lon="128.01506187513274"><ele>28.844166666666666</ele></trkpt>
<trkpt lat="34.724575769890244" lon="128.0151485350233"><ele>29.201504629629632</ele></trkpt>
<trkpt lat="34.72455679441014" lon="128.01526490941637"><ele>29.65170524691358</ele></trkpt>
<trkpt lat="34.724534902263365" lon="128.01540268808785"><ele>30.169837962962966</ele></trkpt>
<trkpt lat="34.72451284379286" lon="128.0155450406015"><ele>30.696203703703706</ele></trkpt>
<trkpt lat="34.72449330075445" lon="128.01567702270648"><ele>31.17449845679013</ele></trkpt>
<trkpt lat="34.72447729166665" lon="128.01579541685112"><ele>31.588958333333338</ele></trkpt>
<trkpt lat="34.72446390517831" lon="128.0159093243911"><ele>31.968856234567905</ele></trkpt>
<trkpt lat="34.724451539368985" lon="128.0160298365238"><ele>32.35501086419753</ele></trkpt>
<trkpt lat="34.724426397702324" lon="128.0162941089888"><ele>33.204105246913585</ele></trkpt>
<trkpt lat="34.724413257030164" lon="128.01642428981208"><ele>33.66042043209877</ele></trkpt>
<trkpt lat="34.7243989911111" lon="128.01655144904677"><ele>34.15825925925927</ele></trkpt>
<trkpt lat="34.724382702222215" lon="128.01668255129664"><ele>34.724709629629636</ele></trkpt>
<trkpt lat="34.724364493333326" lon="128.0168189868691"><ele>35.34451111111112</ele></trkpt>
<trkpt lat="34.72434542222222" lon="128.01695369797488"><ele>35.954971851851866</ele></trkpt>
<trkpt lat="34.72432619111111" lon="128.0170789157418"><ele>36.48954814814816</ele></trkpt>
<trkpt lat="34.72430613481481" lon="128.0171954461188"><ele>36.92803851851853</ele></trkpt>
<trkpt lat="34.72428402962963" lon="128.01731050095478"><ele>37.29812592592593</ele></trkpt>
<trkpt lat="34.72426008444444" lon="128.0174262846658"><ele>37.63326222222223</ele></trkpt>
<trkpt lat="34.724236282962956" lon="128.0175357453796"><ele>37.9484237037037</ele></trkpt>
<trkpt lat="34.724214668148136" lon="128.01762922384947"><ele>38.25034962962963</ele></trkpt>
<trkpt lat="34.72419553185184" lon="128.0177038089922"><ele>38.55648592592593</ele></trkpt>
<trkpt lat="34.72417742814814" lon="128.01776476897095"><ele>38.88961185185185</ele></trkpt>
<trkpt lat="34.724158648888874" lon="128.01781924008228"><ele>39.25369777777778</ele></trkpt>
<trkpt lat="34.72413757037036" lon="128.01787241788375"><ele>39.632585185185185</ele></trkpt>
<trkpt lat="34.72411162074073" lon="128.01792896460975"><ele>40.016219259259266</ele></trkpt>
<trkpt lat="34.72407723703704" lon="128.01799491581878"><ele>40.42014518518519</ele></trkpt>
<trkpt lat="34.724032309629635" lon="128.0180747070335"><ele>40.868490370370374</ele></trkpt>
<trkpt lat="34.72397957777777" lon="128.01816525374812"><ele>41.35307555555556</ele></trkpt>
<trkpt lat="34.72387874814813" lon="128.01833749361518"><ele>42.23401185185186</ele></trkpt>
<trkpt lat="34.723839376249984" lon="128.01840672350767"><ele>42.56116703703704</ele></trkpt>
<trkpt lat="34.723805424305546" lon="128.01846892434034"><ele>42.827962962962964</ele></trkpt>
<trkpt lat="34.723773804583324" lon="128.01852997047706"><ele>43.05757944444444</ele></trkpt>
<trkpt lat="34.723743761666654" lon="128.01859253048744"><ele>43.24817907407407</ele></trkpt>
<trkpt lat="34.723715814097226" lon="128.01865793742292"><ele>43.38223092592593</ele></trkpt>
<trkpt lat="34.723690321180555" lon="128.01872762741883"><ele>43.44708333333333</ele></trkpt>
<trkpt lat="34.723667473958336" lon="128.01880214419285"><ele>43.44541666666667</ele></trkpt>
<trkpt lat="34.72364883680554" lon="128.01888030967942"><ele>43.37638888888889</ele></trkpt>
<trkpt lat="34.723636513310176" lon="128.01896202550057"><ele>43.22814814814815</ele></trkpt>
<trkpt lat="34.72363149016203" lon="128.01904919271058"><ele>42.98476851851852</ele></trkpt>
<trkpt lat="34.72363263888888" lon="128.01914247393378"><ele>42.642986111111114</ele></trkpt>
<trkpt lat="34.723638278356475" lon="128.01923996523186"><ele>42.1956712962963</ele></trkpt>
<trkpt lat="34.72364742451388" lon="128.01933970631939"><ele>41.6238474074074</ele></trkpt>
<trkpt lat="34.72365997185184" lon="128.01944212434822"><ele>40.910527962962966</ele></trkpt>
<trkpt lat="34.72367557923611" lon="128.019545685922"><ele>40.09514944444445</ele></trkpt>
<trkpt lat="34.72369411678241" lon="128.0196458974266"><ele>39.257612962962966</ele></trkpt>
<trkpt lat="34.72371682405091" lon="128.0197394114122"><ele>38.45885481481482</ele></trkpt>
<trkpt lat="34.72374656962978" lon="128.01983003307407"><ele>37.680348148148155</ele></trkpt>
<trkpt lat="34.72378545259436" lon="128.01992475742995"><ele>36.865625185185195</ele></trkpt>
<trkpt lat="34.7238320688981" lon="128.02002563291862"><ele>35.99571111111111</ele></trkpt>
<trkpt lat="34.72388220595823" lon="128.02012758620324"><ele>35.10998962962964</ele></trkpt>
<trkpt lat="34.72393310305038" lon="128.02022598832244"><ele>34.24132592592593</ele></trkpt>
<trkpt lat="34.723986111302416" lon="128.02032297104765"><ele>33.36441037037037</ele></trkpt>
<trkpt lat="34.72404448257043" lon="128.02042480252928"><ele>32.424398518518515</ele></trkpt>
<trkpt lat="34.72410813386946" lon="128.02053279398297"><ele>31.42192444444444</ele></trkpt>
<trkpt lat="34.724234911922906" lon="128.02074483649167"><ele>29.53143259259259</ele></trkpt>
<trkpt lat="34.724294695048535" lon="128.02084449150817"><ele>28.737182139917696</ele></trkpt>
<trkpt lat="34.72435544174781" lon="128.02094576774974"><ele>28.004757613168724</ele></trkpt>
<trkpt lat="34.7244776374503" lon="128.02115002252538"><ele>26.667114650205765</ele></trkpt>
<trkpt lat="34.72453260378995" lon="128.02124270548393"><ele>26.112308065843624</ele></trkpt>
<trkpt lat="34.72458364611639" lon="128.02132989487427"><ele>25.64</ele></trkpt>
<trkpt lat="34.72463563609353" lon="128.02142008415052"><ele>25.209668209876547</ele></trkpt>
<trkpt lat="34.724692946381865" lon="128.02152063975217"><ele>24.778016975308645</ele></trkpt>
<trkpt lat="34.72481768837987" lon="128.02174107494756"><ele>23.9191975308642</ele></trkpt>
<trkpt lat="34.724930001287824" lon="128.02193999745376"><ele>23.281875000000003</ele></trkpt>
<trkpt lat="34.72504242532258" lon="128.02213909491573"><ele>22.88743141289438</ele></trkpt>
<trkpt lat="34.72516908383624" lon="128.02236252919522"><ele>22.573010116598084</ele></trkpt>
<trkpt lat="34.72522985333969" lon="128.02246849387242"><ele>22.42639317558299</ele></trkpt>
<trkpt lat="34.72528868115169" lon="128.0225693732974"><ele>22.275833333333335</ele></trkpt>
<trkpt lat="34.72535073849437" lon="128.0226737398938"><ele>22.1052829218107</ele></trkpt>
<trkpt lat="34.72542052495729" lon="128.0227894409579"><ele>21.904007201646092</ele></trkpt>
<trkpt lat="34.72557431998863" lon="128.0230421777361"><ele>21.4505658436214</ele></trkpt>
<trkpt lat="34.72571333700044" lon="128.02326999251858"><ele>21.05291666666667</ele></trkpt>
<trkpt lat="34.72585243199791" lon="128.02349789292992"><ele>20.6885768175583</ele></trkpt>
<trkpt lat="34.726007576023726" lon="128.02375209044914"><ele>20.323623113854598</ele></trkpt>
<trkpt lat="34.726146670318" lon="128.02397999249263"><ele>20.1125</ele></trkpt>
<trkpt lat="34.72621354592427" lon="128.02408957134813"><ele>20.096557784636488</ele></trkpt>
<trkpt lat="34.72636353900167" lon="128.024335581626"><ele>20.20490483539095</ele></trkpt>
<trkpt lat="34.726441621220154" lon="128.0244641527914"><ele>20.30294581618656</ele></trkpt>
<trkpt lat="34.72651506110327" lon="128.0245859953236"><ele>20.4251688957476</ele></trkpt>
<trkpt lat="34.72658434099292" lon="128.02470249783187"><ele>20.585208333333334</ele></trkpt>
<trkpt lat="34.72665523580256" lon="128.0248236499411"><ele>20.803121570644716</ele></trkpt>
<trkpt lat="34.72673318459351" lon="128.02495847443225"><ele>21.08789437585734</ele></trkpt>
<trkpt lat="34.726817705020295" lon="128.02510558272417"><ele>21.42228137860082</ele></trkpt>
<trkpt lat="34.726981703205944" lon="128.02539191918095"><ele>22.096115397805214</ele></trkpt>
<trkpt lat="34.727128295141036" lon="128.02564806587216"><ele>22.70411265432099</ele></trkpt>
<trkpt lat="34.72729196383921" lon="128.02593409227015"><ele>23.390717592592594</ele></trkpt>
<trkpt lat="34.7274515961455" lon="128.02621333084616"><ele>24.120254629629635</ele></trkpt>
<trkpt lat="34.72751854213279" lon="128.02633072757502"><ele>24.491875000000004</ele></trkpt>
<trkpt lat="34.72758122560412" lon="128.02644095482418"><ele>24.908704561042526</ele></trkpt>
<trkpt lat="34.72764527496212" lon="128.02655386306714"><ele>25.39652949245542</ele></trkpt>
<trkpt lat="34.72777773685732" lon="128.02678778590482"><ele>26.477139060356656</ele></trkpt>
<trkpt lat="34.72789500133221" lon="128.02699499712796"><ele>27.351666666666667</ele></trkpt>
<trkpt lat="34.72801204369625" lon="128.02720185998888"><ele>28.004719650205764</ele></trkpt>
<trkpt lat="34.72814069672496" lon="128.02742978915347"><ele>28.622798353909467</ele></trkpt>
<trkpt lat="34.72819787542318" lon="128.0275318811573"><ele>28.918366769547326</ele></trkpt>
<trkpt lat="34.72824697934195" lon="128.02762072843402"><ele>29.216458333333335</ele></trkpt>
<trkpt lat="34.72829154783867" lon="128.02770300487578"><ele>29.549642791495202</ele></trkpt>
<trkpt lat="34.72833627215504" lon="128.02778720250956"><ele>29.94373582990398</ele></trkpt>
<trkpt lat="34.72843040722038" lon="128.02796809705404"><ele>30.85360922496571</ele></trkpt>
<trkpt lat="34.72847576442744" lon="128.02805742667098"><ele>31.284219334705075</ele></trkpt>
<trkpt lat="34.72851939851852" lon="128.0281457448688"><ele>31.671423703703702</ele></trkpt>
<trkpt lat="34.7285636148148" lon="128.0282383122532"><ele>32.032296296296295</ele></trkpt>
<trkpt lat="34.72860864888888" lon="128.02833694187188"><ele>32.37221777777778</ele></trkpt>
<trkpt lat="34.7286513837037" lon="128.02843887671824"><ele>32.664860740740735</ele></trkpt>
<trkpt lat="34.728687754074066" lon="128.02854272269985"><ele>32.86440148148148</ele></trkpt>
<trkpt lat="34.7287163010288" lon="128.02865269346293"><ele>32.94166673525377</ele></trkpt>
<trkpt lat="34.728738605144024" lon="128.02877480957366"><ele>32.9011489026063</ele></trkpt>
<trkpt lat="34.728756417901224" lon="128.0289067508711"><ele>32.77078168724279</ele></trkpt>
<trkpt lat="34.72876985020575" lon="128.0290394498328"><ele>32.57268038408779</ele></trkpt>
<trkpt lat="34.72877732572016" lon="128.02916517883443"><ele>32.29977784636488</ele></trkpt>
<trkpt lat="34.72877708333333" lon="128.02928812509202"><ele>31.907083333333333</ele></trkpt>
<trkpt lat="34.72876819272975" lon="128.02942063637911"><ele>31.33945387517147</ele></trkpt>
<trkpt lat="34.728751308299024" lon="128.02957239147372"><ele>30.57826731824417</ele></trkpt>
<trkpt lat="34.72872902263373" lon="128.02973931625704"><ele>29.683500514403296</ele></trkpt>
<trkpt lat="34.72870507373113" lon="128.02990507669296"><ele>28.777673182441706</ele></trkpt>
<trkpt lat="34.72868251371741" lon="128.03005285868528"><ele>27.978743998628264</ele></trkpt>
<trkpt lat="34.728662083333326" lon="128.0301772919181"><ele>27.334375000000005</ele></trkpt>
<trkpt lat="34.72864228155006" lon="128.03028654866534"><ele>26.811112352537727</ele></trkpt>
<trkpt lat="34.728599715020565" lon="128.03050066887343"><ele>25.890107798353913</ele></trkpt>
<trkpt lat="34.728580089643344" lon="128.03060672118906"><ele>25.43954180384088</ele></trkpt>
<trkpt lat="34.72856654080932" lon="128.03070449791852"><ele>24.990733340192048</ele></trkpt>
<trkpt lat="34.72856209293981" lon="128.03079332751267"><ele>24.522000949074076</ele></trkpt>
<trkpt lat="34.728567250115745" lon="128.03087888467022"><ele>24.004708217592594</ele></trkpt>
<trkpt lat="34.7285810892361" lon="128.03096505073918"><ele>23.452320763888892</ele></trkpt>
<trkpt lat="34.72860334629628" lon="128.0310492565439"><ele>22.94540314814815</ele></trkpt>
<trkpt lat="34.7286356554398" lon="128.0311266781592"><ele>22.57987618055556</ele></trkpt>
<trkpt lat="34.72867964409721" lon="128.0311953267865"><ele>22.402398726851853</ele></trkpt>
<trkpt lat="34.72873395833332" lon="128.0312571959799"><ele>22.372934027777777</ele></trkpt>
<trkpt lat="34.72879500868055" lon="128.03131429377424"><ele>22.40802372685185</ele></trkpt>
<trkpt lat="34.72886000141217" lon="128.03136811376743"><ele>22.43133303240741</ele></trkpt>
<trkpt lat="34.72892869296453" lon="128.03142025680125"><ele>22.40944796296296</ele></trkpt>
<trkpt lat="34.729071167505595" lon="128.03152458147008"><ele>22.27467025462963</ele></trkpt>
<trkpt lat="34.72914145843426" lon="128.03158078900464"><ele>22.210296689814815</ele></trkpt>
<trkpt lat="34.72921509942951" lon="128.03164662721935"><ele>22.164962962962967</ele></trkpt>
<trkpt lat="34.729297561050636" lon="128.03172697262474"><ele>22.137263703703706</ele></trkpt>
<trkpt lat="34.729388724921584" lon="128.03181973580035"><ele>22.123022222222225</ele></trkpt>
<trkpt lat="34.729571544426186" lon="128.03200964781655"><ele>22.14131851851852</ele></trkpt>
<trkpt lat="34.72974804507489" lon="128.03219373689396"><ele>22.261894814814813</ele></trkpt>
<trkpt lat="34.729841360477145" lon="128.032290513576"><ele>22.357195555555556</ele></trkpt>
<trkpt lat="34.729932735865454" lon="128.03238391335927"><ele>22.456232592592592</ele></trkpt>
<trkpt lat="34.730015702392485" lon="128.0324657753539"><ele>22.543794074074075</ele></trkpt>
<trkpt lat="34.73009033711483" lon="128.0325345034484"><ele>22.614799398148147</ele></trkpt>
<trkpt lat="34.73016236299172" lon="128.03259499058046"><ele>22.673756712962962</ele></trkpt>
<trkpt lat="34.73023654445264" lon="128.03265212927292"><ele>22.727340694444443</ele></trkpt>
<trkpt lat="34.730312974075645" lon="128.0327062252946"><ele>22.77907462962963</ele></trkpt>
<trkpt lat="34.73038959132386" lon="128.03275498188705"><ele>22.829699801097394</ele></trkpt>
<trkpt lat="34.73046521690671" lon="128.03279705828015"><ele>22.879386145404666</ele></trkpt>
<trkpt lat="34.73053853137859" lon="128.03283301229976"><ele>22.92760352366255</ele></trkpt>
<trkpt lat="34.73060807956104" lon="128.03286396609602"><ele>22.973570173182445</ele></trkpt>
<trkpt lat="34.73067400120026" lon="128.03289117759198"><ele>23.017607810356655</ele></trkpt>
<trkpt lat="34.73074229166666" lon="128.03291729144607"><ele>23.063958333333336</ele></trkpt>
<trkpt lat="34.73082155778463" lon="128.0329456427055"><ele>23.118534807956106</ele></trkpt>
<trkpt lat="34.73091706618655" lon="128.03297848470336"><ele>23.18480109739369</ele></trkpt>
<trkpt lat="34.7311294967421" lon="128.03305042915926"><ele>23.332123628257886</ele></trkpt>
<trkpt lat="34.73121961334018" lon="128.0330815686585"><ele>23.393565672153635</ele></trkpt>
<trkpt lat="34.73128791666665" lon="128.03310645816183"><ele>23.438333333333333</ele></trkpt>
<trkpt lat="34.73133729209532" lon="128.0331266224132"><ele>23.46775880915638</ele></trkpt>
<trkpt lat="34.731375182184486" lon="128.03314521641335"><ele>23.486704925411523</ele></trkpt>
<trkpt lat="34.73140882073044" lon="128.03316590915074"><ele>23.500492862654323</ele></trkpt>
<trkpt lat="34.73144256258572" lon="128.03319272026224"><ele>23.51315072016461</ele></trkpt>
<trkpt lat="34.73147877229079" lon="128.03322938860694"><ele>23.52748971193416</ele></trkpt>
<trkpt lat="34.731518052983525" lon="128.03327762330196"><ele>23.546003086419756</ele></trkpt>
<trkpt lat="34.7315587692901" lon="128.0333344789783"><ele>23.572728587962967</ele></trkpt>
<trkpt lat="34.73159823431068" lon="128.03339572123838"><ele>23.617036072530865</ele></trkpt>
<trkpt lat="34.731634744084346" lon="128.03346009619523"><ele>23.696031057098768</ele></trkpt>
<trkpt lat="34.73167041666665" lon="128.03353416631398"><ele>23.835000000000004</ele></trkpt>
<trkpt lat="34.731709379286684" lon="128.033627535503"><ele>24.05730024005487</ele></trkpt>
<trkpt lat="34.731754669067215" lon="128.03374527197687"><ele>24.368080418381346</ele></trkpt>
<trkpt lat="34.73180480452674" lon="128.03388029248853"><ele>24.739447016460907</ele></trkpt>
<trkpt lat="34.731898762002736" lon="128.03413525155523"><ele>25.454985425240054</ele></trkpt>
<trkpt lat="34.73193541666666" lon="128.03423208298506"><ele>25.729791666666667</ele></trkpt>
<trkpt lat="34.73196712952245" lon="128.03431216378073"><ele>25.959477344821675</ele></trkpt>
<trkpt lat="34.73199796178412" lon="128.0343857640027"><ele>26.17396529921125</ele></trkpt>
<trkpt lat="34.73203089666923" lon="128.03446006250033"><ele>26.39594939557613</ele></trkpt>
<trkpt lat="34.73206648319615" lon="128.0345347503327"><ele>26.629890260631</ele></trkpt>
<trkpt lat="34.7321046470919" lon="128.0346070927079"><ele>26.874552722908092</ele></trkpt>
<trkpt lat="34.73214518388888" lon="128.03467499167954"><ele>27.127219629629632</ele></trkpt>
<trkpt lat="34.73218743895832" lon="128.03473852531002"><ele>27.38233590277778</ele></trkpt>
<trkpt lat="34.73223033576389" lon="128.03479798534778"><ele>27.629161226851853</ele></trkpt>
<trkpt lat="34.73227450506944" lon="128.03485525008642"><ele>27.863132939814815</ele></trkpt>
<trkpt lat="34.73232314747288" lon="128.03491450920586"><ele>28.09452224279835</ele></trkpt>
<trkpt lat="34.73237937923885" lon="128.03497992792276"><ele>28.337994547325103</ele></trkpt>
<trkpt lat="34.73244195039929" lon="128.03505081428492"><ele>28.59065302469136</ele></trkpt>
<trkpt lat="34.732506407911764" lon="128.03512251204927"><ele>28.830397448559673</ele></trkpt>
<trkpt lat="34.73256956801986" lon="128.03519125047438"><ele>29.031782736625516</ele></trkpt>
<trkpt lat="34.73263447956404" lon="128.03525978992022"><ele>29.18729166666667</ele></trkpt>
<trkpt lat="34.73270809190053" lon="128.0353352293036"><ele>29.30649519890261</ele></trkpt>
<trkpt lat="34.73279538880463" lon="128.0354230061707"><ele>29.40458762002744</ele></trkpt>
<trkpt lat="34.73289365031886" lon="128.0355209217079"><ele>29.488467078189302</ele></trkpt>
<trkpt lat="34.733087831896995" lon="128.03571358629736"><ele>29.583840877914955</ele></trkpt>
<trkpt lat="34.733175003547856" lon="128.03579998848494"><ele>29.566875000000007</ele></trkpt>
<trkpt lat="34.73326219524697" lon="128.035886407143"><ele>29.492643175582995</ele></trkpt>
<trkpt lat="34.7334575044158" lon="128.03607998559878"><ele>29.18501286008231</ele></trkpt>
<trkpt lat="34.733558646593934" lon="128.03618023194446"><ele>28.974306412894382</ele></trkpt>
<trkpt lat="34.73365281339655" lon="128.03627356496966"><ele>28.72730366941016</ele></trkpt>
<trkpt lat="34.73374000479993" lon="128.0363599846271"><ele>28.417083333333338</ele></trkpt>
<trkpt lat="34.73382719610356" lon="128.03644640446677"><ele>28.005483539094655</ele></trkpt>
<trkpt lat="34.7339213626246" lon="128.0365397380986"><ele>27.476507201646093</ele></trkpt>
<trkpt lat="34.734123646107854" lon="128.03674023328793"><ele>26.26434670781893</ele></trkpt>
<trkpt lat="34.73421781248677" lon="128.03683356759277"><ele>25.752397119341566</ele></trkpt>
<trkpt lat="34.73430500350143" lon="128.03691998843857"><ele>25.37541666666667</ele></trkpt>
<trkpt lat="34.734391646033075" lon="128.03700587108253"><ele>25.123802490131858</ele></trkpt>
<trkpt lat="34.73448388707218" lon="128.03709734950706"><ele>24.963393592004707</ele></trkpt>
<trkpt lat="34.734580692754406" lon="128.0371935382601"><ele>24.868319790879315</ele></trkpt>
<trkpt lat="34.73467537366182" lon="128.03728812161344"><ele>24.83976389938692</ele></trkpt>
<trkpt lat="34.734761440628155" lon="128.03737518861988"><ele>24.905519547325106</ele></trkpt>
<trkpt lat="34.73483884887833" lon="128.03745539125907"><ele>25.111224489795923</ele></trkpt>
<trkpt lat="34.7349137538907" lon="128.03753562513677"><ele>25.510510204081633</ele></trkpt>
<trkpt lat="34.73499444401431" lon="128.03762471995134"><ele>26.14382950005399</ele></trkpt>
<trkpt lat="34.735085639550995" lon="128.03772732766228"><ele>27.007373933700467</ele></trkpt>
<trkpt lat="34.735283904830375" lon="128.03795232775252"><ele>29.069471439369398</ele></trkpt>
<trkpt lat="34.73537438562887" lon="128.03805439950736"><ele>30.022190368210776</ele></trkpt>
<trkpt lat="34.73545362252347" lon="128.03814240413305"><ele>30.8368221574344</ele></trkpt>
<trkpt lat="34.73552602055385" lon="128.03822075679815"><ele>31.548892128279885</ele></trkpt>
<trkpt lat="34.735599572040506" lon="128.0382980650149"><ele>32.23620206901103</ele></trkpt>
<trkpt lat="34.73568036751874" lon="128.0383811757991"><ele>32.963805309601796</ele></trkpt>
<trkpt lat="34.735768690420656" lon="128.03847098768"><ele>33.747593087499546</ele></trkpt>
<trkpt lat="34.735944489497435" lon="128.03864871403283"><ele>35.34576853051627</ele></trkpt>
<trkpt lat="34.73602500089914" lon="128.0387299966228"><ele>36.13875</ele></trkpt>
<trkpt lat="34.736105980364826" lon="128.03881175253315"><ele>36.998419067215366</ele></trkpt>
<trkpt lat="34.736285277054094" lon="128.03899304271556"><ele>39.04377572016461</ele></trkpt>
<trkpt lat="34.736373680080106" lon="128.03908301592676"><ele>40.083118998628265</ele></trkpt>
<trkpt lat="34.736447877885496" lon="128.03915965582902"><ele>40.967307956104264</ele></trkpt>
<trkpt lat="34.736502604284965" lon="128.03921833264283"><ele>41.63541666666667</ele></trkpt>
<trkpt lat="34.73654012050878" lon="128.03926232819592"><ele>42.120509259259265</ele></trkpt>
<trkpt lat="34.736566714697105" lon="128.03929907049323"><ele>42.50845679012346</ele></trkpt>
<trkpt lat="34.736589319707186" lon="128.03933726329572"><ele>42.90773148148149</ele></trkpt>
<trkpt lat="34.73661210358903" lon="128.03938219279263"><ele>43.39662947959534</ele></trkpt>
<trkpt lat="34.73666417020318" lon="128.03949532719886"><ele>44.71146829989711</ele></trkpt>
<trkpt lat="34.7366941632373" lon="128.0395566802732"><ele>45.42073388203018</ele></trkpt>
<trkpt lat="34.7367292305384" lon="128.03961841238345"><ele>46.08267018175583</ele></trkpt>
<trkpt lat="34.73677188657407" lon="128.03968250849178"><ele>46.69947916666667</ele></trkpt>
<trkpt lat="34.73682082465277" lon="128.03974851541685"><ele>47.27981770833334</ele></trkpt>
<trkpt lat="34.73687116608795" lon="128.0398119963411"><ele>47.80879340277779</ele></trkpt>
<trkpt lat="34.73691807291665" lon="128.0398675287933"><ele>48.2559201388889</ele></trkpt>
<trkpt lat="34.73696041377314" lon="128.03991352998864"><ele>48.61355034722223</ele></trkpt>
<trkpt lat="34.73700016493054" lon="128.0399521960968"><ele>48.901796875</ele></trkpt>
<trkpt lat="34.73704019675925" lon="128.03998609077925"><ele>49.14204861111112</ele></trkpt>
<trkpt lat="34.73708279792523" lon="128.04001661868375"><ele>49.34554655349795</ele></trkpt>
<trkpt lat="34.7371295696159" lon="128.0400446166829"><ele>49.52045267489712</ele></trkpt>
<trkpt lat="34.737179791345156" lon="128.04007030469015"><ele>49.67858121141976</ele></trkpt>
<trkpt lat="34.73723246988596" lon="128.0400934168235"><ele>49.83780896347738</ele></trkpt>
<trkpt lat="34.73728886370455" lon="128.0401136045643"><ele>50.02317483281894</ele></trkpt>
<trkpt lat="34.73735625" lon="128.04013208317627"><ele>50.27333333333334</ele></trkpt>
<trkpt lat="34.73744386831274" lon="128.0401509754302"><ele>50.62721364883402</ele></trkpt>
<trkpt lat="34.73755636316871" lon="128.0401719201539"><ele>51.10188100137175</ele></trkpt>
<trkpt lat="34.73768734567901" lon="128.04019431553414"><ele>51.67265946502059</ele></trkpt>
<trkpt lat="34.73782231995884" lon="128.04021554670882"><ele>52.29050754458163</ele></trkpt>
<trkpt lat="34.73794843621398" lon="128.0402325186699"><ele>52.9257938957476</ele></trkpt>
<trkpt lat="34.73806374999999" lon="128.04024333323457"><ele>53.60625</ele></trkpt>
<trkpt lat="34.73817672925239" lon="128.0402479526541"><ele>54.4003335048011</ele></trkpt>
<trkpt lat="34.73829625943071" lon="128.04024766464056"><ele>55.35069015775035</ele></trkpt>
<trkpt lat="34.73842153034978" lon="128.04024441363575"><ele>56.40882458847737</ele></trkpt>
<trkpt lat="34.73864027863511" lon="128.04023647123321"><ele>58.295858196159124</ele></trkpt>
<trkpt lat="34.73875948816872" lon="128.04023348423434"><ele>59.26056498628258</ele></trkpt>
<trkpt lat="34.73879004115226" lon="128.04023446845144"><ele>59.44781207133059</ele></trkpt>
<trkpt lat="34.73881332561728" lon="128.04023758230062"><ele>59.54525977366256</ele></trkpt>
<trkpt lat="34.73886023486283" lon="128.0402528927671"><ele>59.733746303155016</ele></trkpt>
<trkpt lat="34.738886931522636" lon="128.04026606317788"><ele>59.890615308641976</ele></trkpt>
<trkpt lat="34.73891570644719" lon="128.0402843744215"><ele>60.10663539094651</ele></trkpt>
<trkpt lat="34.73894845272976" lon="128.04031147180373"><ele>60.41208954732511</ele></trkpt>
<trkpt lat="34.73898994074073" lon="128.040352737544"><ele>60.85958074074075</ele></trkpt>
<trkpt lat="34.73904317481481" lon="128.04041083076973"><ele>61.476819259259265</ele></trkpt>
<trkpt lat="34.73910542222222" lon="128.04048151960683"><ele>62.219035555555564</ele></trkpt>
<trkpt lat="34.739168388148144" lon="128.04055479519653"><ele>62.97662814814816</ele></trkpt>
<trkpt lat="34.73922407407407" lon="128.04062171528227"><ele>63.64633629629631</ele></trkpt>
<trkpt lat="34.73927015215278" lon="128.04068033987363"><ele>64.19631546296297</ele></trkpt>
<trkpt lat="34.73930955034723" lon="128.040734466167"><ele>64.66160231481481</ele></trkpt>
<trkpt lat="34.73934559770833" lon="128.04078744216307"><ele>65.08648972222221</ele></trkpt>
<trkpt lat="34.73937849555554" lon="128.04083818545274"><ele>65.48287425925925</ele></trkpt>
<trkpt lat="34.739406884307265" lon="128.0408842059901"><ele>65.84657854595335</ele></trkpt>
<trkpt lat="34.739430088305895" lon="128.0409246801637"><ele>66.17905949931412</ele></trkpt>
<trkpt lat="34.73944906475051" lon="128.04096162966027"><ele>66.49703832304526</ele></trkpt>
<trkpt lat="34.73946416312671" lon="128.0409958938872"><ele>66.80299900891632</ele></trkpt>
<trkpt lat="34.73947523462019" lon="128.0410276927737"><ele>67.09479136145406</ele></trkpt>
<trkpt lat="34.739481965596696" lon="128.04105722995388"><ele>67.37267473251029</ele></trkpt>
<trkpt lat="34.73948500027434" lon="128.04108879232248"><ele>67.67632290809328</ele></trkpt>
<trkpt lat="34.73948495742112" lon="128.041130436671"><ele>68.08262886145405</ele></trkpt>
<trkpt lat="34.73948217925926" lon="128.04119191411218"><ele>68.68559703703703</ele></trkpt>
<trkpt lat="34.739476900740726" lon="128.04127749042877"><ele>69.52528296296296</ele></trkpt>
<trkpt lat="34.739463411851844" lon="128.04148313487232"><ele>71.52064740740741</ele></trkpt>
<trkpt lat="34.7394586237037" lon="128.04156969188807"><ele>72.32257481481481</ele></trkpt>
<trkpt lat="34.73945678513888" lon="128.04163290605675"><ele>72.84936460648147</ele></trkpt>
<trkpt lat="34.739458118749994" lon="128.04167689756954"><ele>73.1375306712963</ele></trkpt>
<trkpt lat="34.739462636249996" lon="128.0417106610304"><ele>73.29938256944445</ele></trkpt>
<trkpt lat="34.739471084444425" lon="128.04174277164026"><ele>73.4772012962963</ele></trkpt>
<trkpt lat="34.73948505666666" lon="128.0417795861997"><ele>73.7969151851852</ele></trkpt>
<trkpt lat="34.739505833333325" lon="128.041824496449"><ele>74.32365740740741</ele></trkpt>
<trkpt lat="34.73953296874999" lon="128.041876484275"><ele>75.01947048611112</ele></trkpt>
<trkpt lat="34.73956515624999" lon="128.04193099815305"><ele>75.77394386574076</ele></trkpt>
<trkpt lat="34.73960201099536" lon="128.04198405369928"><ele>76.48649305555557</ele></trkpt>
<trkpt lat="34.73964418692129" lon="128.04203498250513"><ele>77.12761863425926</ele></trkpt>
<trkpt lat="34.73969082465277" lon="128.04208499985694"><ele>77.72417534722223</ele></trkpt>
<trkpt lat="34.73973886574073" lon="128.04213501721844"><ele>78.3193287037037</ele></trkpt>
<trkpt lat="34.7397854861111" lon="128.04218598076227"><ele>78.9560127314815</ele></trkpt>
<trkpt lat="34.739830023148144" lon="128.0422393835373"><ele>79.66090856481482</ele></trkpt>
<trkpt lat="34.73987219618055" lon="128.04229549465217"><ele>80.40552951388888</ele></trkpt>
<trkpt lat="34.73990959780092" lon="128.0423524477993"><ele>81.09149016203703</ele></trkpt>
<trkpt lat="34.73993894729166" lon="128.04240817218596"><ele>81.61074233796296</ele></trkpt>
<trkpt lat="34.73995903351851" lon="128.04246286087408"><ele>81.92764777777778</ele></trkpt>
<trkpt lat="34.73997163277777" lon="128.04251784531493"><ele>82.11157541666667</ele></trkpt>
<trkpt lat="34.73997933518517" lon="128.0425752741697"><ele>82.29818402777778</ele></trkpt>
<trkpt lat="34.739983832592586" lon="128.04263983441206"><ele>82.6468276388889</ele></trkpt>
<trkpt lat="34.73998584888888" lon="128.04271948444642"><ele>83.28817925925927</ele></trkpt>
<trkpt lat="34.739985999999995" lon="128.04281953334458"><ele>84.26538074074074</ele></trkpt>
<trkpt lat="34.73998493777778" lon="128.0430495288967"><ele>86.70713185185186</ele></trkpt>
<trkpt lat="34.73998656" lon="128.04314810666122"><ele>87.75102370370371</ele></trkpt>
<trkpt lat="34.73999150439815" lon="128.04322488065014"><ele>88.52376081018518</ele></trkpt>
<trkpt lat="34.74000071504629" lon="128.043285248458"><ele>89.07252002314816</ele></trkpt>
<trkpt lat="34.740015000694434" lon="128.04333848987224"><ele>89.49523284722223</ele></trkpt>
<trkpt lat="34.74003612962961" lon="128.04339239249575"><ele>89.87205537037036</ele></trkpt>
<trkpt lat="34.74006704895832" lon="128.0434527352555"><ele>90.25201069444444</ele></trkpt>
<trkpt lat="34.74010945891203" lon="128.0435227717577"><ele>90.66037615740741</ele></trkpt>
<trkpt lat="34.740211151620365" lon="128.043680280432"><ele>91.53633969907408</ele></trkpt>
<trkpt lat="34.74025472115054" lon="128.04375568065947"><ele>91.95980870627572</ele></trkpt>
<trkpt lat="34.740287995541834" lon="128.04382660653624"><ele>92.36910236625515</ele></trkpt>
<trkpt lat="34.74031277166923" lon="128.0438968022603"><ele>92.77929591049384</ele></trkpt>
<trkpt lat="34.740331099322106" lon="128.0439669356634"><ele>93.18072919238683</ele></trkpt>
<trkpt lat="34.740343796144074" lon="128.04403545233856"><ele>93.54925691872428</ele></trkpt>
<trkpt lat="34.74035060355445" lon="128.04409921391405"><ele>93.8516839506173</ele></trkpt>
<trkpt lat="34.74035151747503" lon="128.04416065575901"><ele>94.07499670781895</ele></trkpt>
<trkpt lat="34.7403457336712" lon="128.04422722408387"><ele>94.21155390946504</ele></trkpt>
<trkpt lat="34.7403319647636" lon="128.04431081372624"><ele>94.26865777777779</ele></trkpt>
<trkpt lat="34.740309713914236" lon="128.04441854954894"><ele>94.25948000000001</ele></trkpt>
<trkpt lat="34.74028110756107" lon="128.04454642758765"><ele>94.20682666666667</ele></trkpt>
<trkpt lat="34.740219788020944" lon="128.04481152564105"><ele>94.04608</ele></trkpt>
<trkpt lat="34.740159872292864" lon="128.0450689329592"><ele>93.83869185185186</ele></trkpt>
<trkpt lat="34.74012889422774" lon="128.04520315203175"><ele>93.71609777777778</ele></trkpt>
<trkpt lat="34.740100287247564" lon="128.04532997028898"><ele>93.59537185185185</ele></trkpt>
<trkpt lat="34.74007803587471" lon="128.04543517965132"><ele>93.49061925925926</ele></trkpt>
<trkpt lat="34.74006423918561" lon="128.04551366847318"><ele>93.40550979423868</ele></trkpt>
<trkpt lat="34.740058180849516" lon="128.04557110157765"><ele>93.33356378600823</ele></trkpt>
<trkpt lat="34.740057832690255" lon="128.0456166033896"><ele>93.26607308641977</ele></trkpt>
<trkpt lat="34.74006151496866" lon="128.04565500809645"><ele>93.20000146090536</ele></trkpt>
<trkpt lat="34.740068932935785" lon="128.04568753682898"><ele>93.13418644032922</ele></trkpt>
<trkpt lat="34.74008056584361" lon="128.0457143569845"><ele>93.0664737654321</ele></trkpt>
<trkpt lat="34.740096874142644" lon="128.0457366932315"><ele>92.99092078189301</ele></trkpt>
<trkpt lat="34.74011710219477" lon="128.04575481994732"><ele>92.90437242798355</ele></trkpt>
<trkpt lat="34.74013970679011" lon="128.04576768432042"><ele>92.80489197530865</ele></trkpt>
<trkpt lat="34.740163749999994" lon="128.04577415380567"><ele>92.68530092592594</ele></trkpt>
<trkpt lat="34.74019000578703" lon="128.04577403217846"><ele>92.52957561728395</ele></trkpt>
<trkpt lat="34.74022041859567" lon="128.0457683250979"><ele>92.31783179012346</ele></trkpt>
<trkpt lat="34.7402560011574" lon="128.04575796138633"><ele>92.03787037037038</ele></trkpt>
<trkpt lat="34.74029821759258" lon="128.04574262437245"><ele>91.66547839506173</ele></trkpt>
<trkpt lat="34.74034967496141" lon="128.04572061395913"><ele>91.16034336419753</ele></trkpt>
<trkpt lat="34.7404134693287" lon="128.04569046312096"><ele>90.48403935185185</ele></trkpt>
<trkpt lat="34.740568130787025" lon="128.04561526349707"><ele>88.72837962962963</ele></trkpt>
<trkpt lat="34.74064848090276" lon="128.0455789758596"><ele>87.75258680555555</ele></trkpt>
<trkpt lat="34.74072800636573" lon="128.045546386142"><ele>86.73507523148149</ele></trkpt>
<trkpt lat="34.74087489872683" lon="128.04549155102558"><ele>84.79082175925926</ele></trkpt>
<trkpt lat="34.7409296576003" lon="128.04547035242913"><ele>84.10164909122084</ele></trkpt>
<trkpt lat="34.740967361111096" lon="128.0454530735931"><ele>83.68884602194787</ele></trkpt>
<trkpt lat="34.74099224247684" lon="128.04543674866846"><ele>83.47693222736625</ele></trkpt>
<trkpt lat="34.74101008584104" lon="128.04541780319207"><ele>83.34108196159123</ele></trkpt>
<trkpt lat="34.741024887152776" lon="128.04539332724204"><ele>83.18421124828532</ele></trkpt>
<trkpt lat="34.7410376099537" lon="128.04536223574468"><ele>82.9814358281893</ele></trkpt>
<trkpt lat="34.74104831790124" lon="128.04532200362203"><ele>82.7499194101509</ele></trkpt>
<trkpt lat="34.74105689525462" lon="128.04526836197098"><ele>82.51171414180385</ele></trkpt>
<trkpt lat="34.74106390335647" lon="128.0451978327821"><ele>82.26040219907408</ele></trkpt>
<trkpt lat="34.74107016493055" lon="128.04511483509907"><ele>81.96254340277778</ele></trkpt>
<trkpt lat="34.74107670717592" lon="128.04503155674217"><ele>81.5498900462963</ele></trkpt>
<trkpt lat="34.74108464056069" lon="128.04496008168917"><ele>80.925747813786</ele></trkpt>
<trkpt lat="34.74109494855966" lon="128.04490450362786"><ele>80.03581275720164</ele></trkpt>
<trkpt lat="34.74110836323302" lon="128.04486061827643"><ele>78.95532503858024</ele></trkpt>
<trkpt lat="34.74112498939043" lon="128.04482307562546"><ele>77.91503290037723</ele></trkpt>
<trkpt lat="34.741145076195984" lon="128.04478859238858"><ele>77.1330085090878</ele></trkpt>
<trkpt lat="34.741169691358024" lon="128.0447565638224"><ele>76.66878600823046</ele></trkpt>
<trkpt lat="34.741201028806586" lon="128.0447264609499"><ele>76.38461591220852</ele></trkpt>
<trkpt lat="34.74124082304526" lon="128.04469771610428"><ele>76.10760631001372</ele></trkpt>
<trkpt lat="34.741288518518516" lon="128.04466921817172"><ele>75.74683127572017</ele></trkpt>
<trkpt lat="34.74134113854595" lon="128.04463962970252"><ele>75.31434156378602</ele></trkpt>
<trkpt lat="34.741395178326464" lon="128.04460775728074"><ele>74.84907407407408</ele></trkpt>
<trkpt lat="34.741448045267475" lon="128.04457304535003"><ele>74.36380658436215</ele></trkpt>
<trkpt lat="34.74149771566528" lon="128.04453613560972"><ele>73.84989091906722</ele></trkpt>
<trkpt lat="34.741542671495196" lon="128.0444980061144"><ele>73.29768982167353</ele></trkpt>
<trkpt lat="34.74158181349793" lon="128.04445989390786"><ele>72.72428032921812</ele></trkpt>
<trkpt lat="34.7416164504801" lon="128.0444206083317"><ele>72.13567133058984</ele></trkpt>
<trkpt lat="34.74164998425239" lon="128.04437574748255"><ele>71.5017210973937</ele></trkpt>
<trkpt lat="34.741687788148134" lon="128.0443178861778"><ele>70.73951555555556</ele></trkpt>
<trkpt lat="34.74173314962962" lon="128.04424278998118"><ele>69.79479111111112</ele></trkpt>
<trkpt lat="34.74178432444443" lon="128.04415483150495"><ele>68.71798666666668</ele></trkpt>
<trkpt lat="34.74183434962962" lon="128.0440665855303"><ele>67.67179111111112</ele></trkpt>
<trkpt lat="34.74187578814814" lon="128.04399050838603"><ele>66.83151555555555</ele></trkpt>
<trkpt lat="34.741905548861446" lon="128.04393062751436"><ele>66.2811114951989</ele></trkpt>
<trkpt lat="34.74192552290808" lon="128.0438822908776"><ele>65.98470644718792</ele></trkpt>
<trkpt lat="34.7419395147325" lon="128.04383744958417"><ele>65.83775522633745</ele></trkpt>
<trkpt lat="34.74194998145404" lon="128.04379173851387"><ele>65.73339445816187</ele></trkpt>
<trkpt lat="34.741957673360766" lon="128.04374405757207"><ele>65.60220899862827</ele></trkpt>
<trkpt lat="34.74196232526749" lon="128.0436960749002"><ele>65.42232477366255</ele></trkpt>
<trkpt lat="34.74196366968449" lon="128.04364595855776"><ele>65.1889207133059</ele></trkpt>
<trkpt lat="34.74196096373112" lon="128.04358753602702"><ele>64.88331122085049</ele></trkpt>
<trkpt lat="34.7419533985185" lon="128.04351043841766"><ele>64.4607525925926</ele></trkpt>
<trkpt lat="34.741940823703686" lon="128.0434090457734"><ele>63.89199851851853</ele></trkpt>
<trkpt lat="34.74190886370369" lon="128.04316970354964"><ele>62.47359851851852</ele></trkpt>
<trkpt lat="34.741895798518506" lon="128.04306634952565"><ele>61.7567525925926</ele></trkpt>
<trkpt lat="34.74188723476696" lon="128.04298637068672"><ele>61.05399746913581</ele></trkpt>
<trkpt lat="34.74188290243672" lon="128.0429251635626"><ele>60.32973364197531</ele></trkpt>
<trkpt lat="34.741881981717604" lon="128.04287458408953"><ele>59.58353351851852</ele></trkpt>
<trkpt lat="34.741884433395136" lon="128.04282751711116"><ele>58.85524716049383</ele></trkpt>
<trkpt lat="34.741891608933855" lon="128.0427779980984"><ele>58.18643820987655</ele></trkpt>
<trkpt lat="34.7419060418755" lon="128.04271791709078"><ele>57.56062500000001</ele></trkpt>
<trkpt lat="34.7419301761565" lon="128.0426387850627"><ele>56.91774777091907</ele></trkpt>
<trkpt lat="34.74196453428184" lon="128.04253673644513"><ele>56.20552640603568</ele></trkpt>
<trkpt lat="34.74200622270051" lon="128.0424175581812"><ele>55.433567386831285</ele></trkpt>
<trkpt lat="34.74209144269631" lon="128.04217798388683"><ele>53.976173696845</ele></trkpt>
<trkpt lat="34.742168564609884" lon="128.04196203138343"><ele>52.82525205761317</ele></trkpt>
<trkpt lat="34.74225402362643" lon="128.0417230803008"><ele>51.72140432098766</ele></trkpt>
<trkpt lat="34.7423321437491" lon="128.0415072461416"><ele>50.778276748971194</ele></trkpt>
<trkpt lat="34.74235916687551" lon="128.04143562542836"><ele>50.48083333333334</ele></trkpt>
<trkpt lat="34.74237878610121" lon="128.041387996604"><ele>50.302301097393695</ele></trkpt>
<trkpt lat="34.742394578223674" lon="128.0413562860958"><ele>50.206700960219486</ele></trkpt>
<trkpt lat="34.74241126544189" lon="128.0413315355351"><ele>50.143384773662554</ele></trkpt>
<trkpt lat="34.74243283264934" lon="128.04130790212574"><ele>50.06179355281208</ele></trkpt>
<trkpt lat="34.74246152949262" lon="128.04128266379183"><ele>49.9297085048011</ele></trkpt>
<trkpt lat="34.74249578189299" lon="128.04125695477558"><ele>49.755</ele></trkpt>
<trkpt lat="34.74253176526062" lon="128.04123363172314"><ele>49.580555555555556</ele></trkpt>
<trkpt lat="34.7425664137517" lon="128.04121589508455"><ele>49.45111111111111</ele></trkpt>
<trkpt lat="34.74259954218106" lon="128.0412051783366"><ele>49.38125514403292</ele></trkpt>
<trkpt lat="34.742632356824416" lon="128.04120169067204"><ele>49.35158436213992</ele></trkpt>
<trkpt lat="34.74266506344306" lon="128.0412051783169"><ele>49.3270987654321</ele></trkpt>
<trkpt lat="34.74269673018517" lon="128.0412155645621"><ele>49.27717662551441</ele></trkpt>
<trkpt lat="34.74272671104937" lon="128.04123257415424"><ele>49.18484411522634</ele></trkpt>
<trkpt lat="34.74275429185184" lon="128.04125545066037"><ele>49.05264790123457</ele></trkpt>
<trkpt lat="34.742779037037025" lon="128.04128499967314"><ele>48.88711934156378</ele></trkpt>
<trkpt lat="34.742800806419744" lon="128.04132550373544"><ele>48.6830070781893</ele></trkpt>
<trkpt lat="34.74282129925925" lon="128.0413841124737"><ele>48.41525185185185</ele></trkpt>
<trkpt lat="34.7428423674074" lon="128.04146460280114"><ele>48.06685481481481</ele></trkpt>
<trkpt lat="34.74286432444445" lon="128.04156135093146"><ele>47.65788888888889</ele></trkpt>
<trkpt lat="34.74288513185184" lon="128.0416603983605"><ele>47.245330370370375</ele></trkpt>
<trkpt lat="34.74290227703703" lon="128.04174873470356"><ele>46.88467407407408</ele></trkpt>
<trkpt lat="34.74291476002315" lon="128.0418227418778"><ele>46.593254560185194</ele></trkpt>
<trkpt lat="34.74292364247684" lon="128.04188772912633"><ele>46.3470457175926</ele></trkpt>
<trkpt lat="34.742931204652784" lon="128.0419510324651"><ele>46.102668263888894</ele></trkpt>
<trkpt lat="34.74294026129629" lon="128.0420176571722"><ele>45.809863703703705</ele></trkpt>
<trkpt lat="34.74295318902294" lon="128.04209023220787"><ele>45.42564676268862</ele></trkpt>
<trkpt lat="34.74297116641289" lon="128.04216994414622"><ele>44.92708247599452</ele></trkpt>
<trkpt lat="34.742993071969934" lon="128.04225422178686"><ele>44.33682452417696</ele></trkpt>
<trkpt lat="34.74301711072339" lon="128.04233935372977"><ele>43.68548043124143</ele></trkpt>
<trkpt lat="34.74304268117445" lon="128.04242461674218"><ele>42.96736550497257</ele></trkpt>
<trkpt lat="34.743072396212405" lon="128.04251833250146"><ele>42.09125</ele></trkpt>
<trkpt lat="34.74311012718724" lon="128.04263257744765"><ele>40.93783350480109</ele></trkpt>
<trkpt lat="34.74315800876825" lon="128.04277453829292"><ele>39.45072102194787</ele></trkpt>
<trkpt lat="34.743270884122644" lon="128.04310558639958"><ele>35.97591392318244</ele></trkpt>
<trkpt lat="34.74332486685209" lon="128.04326343931592"><ele>34.40508659122085</ele></trkpt>
<trkpt lat="34.74337500288102" lon="128.04340999614905"><ele>33.08145833333334</ele></trkpt>
<trkpt lat="34.74342513519914" lon="128.04355654545455"><ele>31.92925925925926</ele></trkpt>
<trkpt lat="34.743479082853796" lon="128.04371432182558"><ele>30.83533179012346</ele></trkpt>
<trkpt lat="34.743536255659826" lon="128.0438818206612"><ele>29.758981481481484</ele></trkpt>
<trkpt lat="34.743591307808025" lon="128.04404391415946"><ele>28.75747685185185</ele></trkpt>
<trkpt lat="34.743638018991085" lon="128.0441832453339"><ele>27.91895061728395</ele></trkpt>
<trkpt lat="34.74367343787908" lon="128.04429229086836"><ele>27.286041666666666</ele></trkpt>
<trkpt lat="34.743699178302364" lon="128.04437703941804"><ele>26.82684670781893</ele></trkpt>
<trkpt lat="34.74371892635269" lon="128.0444489424871"><ele>26.473840020576134</ele></trkpt>
<trkpt lat="34.74373576937221" lon="128.04451668649187"><ele>26.16729938271605</ele></trkpt>
<trkpt lat="34.743750476255144" lon="128.0445810433147"><ele>25.883161008230452</ele></trkpt>
<trkpt lat="34.74376269568789" lon="128.04463996802198"><ele>25.61401491769547</ele></trkpt>
<trkpt lat="34.74377200810184" lon="128.04469244789072"><ele>25.35476851851852</ele></trkpt>
<trkpt lat="34.743778845486105" lon="128.04474197915027"><ele>25.087569444444448</ele></trkpt>
<trkpt lat="34.74378371817129" lon="128.04479487846098"><ele>24.782199074074075</ele></trkpt>
<trkpt lat="34.743786975844976" lon="128.04485766067276"><ele>24.406105109739368</ele></trkpt>
<trkpt lat="34.74378871056793" lon="128.04493378715216"><ele>23.941129972565157</ele></trkpt>
<trkpt lat="34.7437889860111" lon="128.04501933236907"><ele>23.412829218106992</ele></trkpt>
<trkpt lat="34.743787535894214" lon="128.04510739641154"><ele>22.863475651577502</ele></trkpt>
<trkpt lat="34.74378350100014" lon="128.0451937449899"><ele>22.31689986282579</ele></trkpt>
<trkpt lat="34.74377541727618" lon="128.04528444488975"><ele>21.73125</ele></trkpt>
<trkpt lat="34.74376190275139" lon="128.04539044892434"><ele>21.035433813443074</ele></trkpt>
<trkpt lat="34.74374266315273" lon="128.04551908681628"><ele>20.189756515775034</ele></trkpt>
<trkpt lat="34.74371931876929" lon="128.04566542021374"><ele>19.25176440329218</ele></trkpt>
<trkpt lat="34.74369481011966" lon="128.04581530179206"><ele>18.367827503429353</ele></trkpt>
<trkpt lat="34.743671597612696" lon="128.04595604746325"><ele>17.706606652949244</ele></trkpt>
<trkpt lat="34.74365000524111" lon="128.0460866695821"><ele>17.385833333333334</ele></trkpt>
<trkpt lat="34.74362840063973" lon="128.04621732821266"><ele>17.43573388203018</ele></trkpt>
<trkpt lat="34.743605067471414" lon="128.04635843945675"><ele>17.810943072702333</ele></trkpt>
<trkpt lat="34.74358000579047" lon="128.04651000329642"><ele>18.413497942386833</ele></trkpt>
<trkpt lat="34.74355494401227" lon="128.04666156704297"><ele>19.141128257887523</ele></trkpt>
<trkpt lat="34.74353161051207" lon="128.04680267803224"><ele>19.943141289437587</ele></trkpt>
<trkpt lat="34.743510005235876" lon="128.04693333628032"><ele>20.860833333333336</ele></trkpt>
<trkpt lat="34.74348841173628" lon="128.0470639407284"><ele>21.991179698216737</ele></trkpt>
<trkpt lat="34.74346519763204" lon="128.0472045142121"><ele>23.389056927297673</ele></trkpt>
<trkpt lat="34.743440687078326" lon="128.04735360610644"><ele>24.97687242798354</ele></trkpt>
<trkpt lat="34.74341734079079" lon="128.0474974864639"><ele>26.559365569272977</ele></trkpt>
<trkpt lat="34.74339809959486" lon="128.04762027631955"><ele>27.939080932784638</ele></trkpt>
<trkpt lat="34.74338458394206" lon="128.04771472266862"><ele>29.0325</ele></trkpt>
<trkpt lat="34.74337650747269" lon="128.04778610559987"><ele>29.906793552812076</ele></trkpt>
<trkpt lat="34.743372551540524" lon="128.04784515325466"><ele>30.683957475994518</ele></trkpt>
<trkpt lat="34.74337146607793" lon="128.04790152608345"><ele>31.456306584362142</ele></trkpt>
<trkpt lat="34.74337257538273" lon="128.04795687781348"><ele>32.20105851851852</ele></trkpt>
<trkpt lat="34.74337569211297" lon="128.04800950972023"><ele>32.86112353909465</ele></trkpt>
<trkpt lat="34.743380818106985" lon="128.04805639685176"><ele>33.39048164609054</ele></trkpt>
<trkpt lat="34.743388609602185" lon="128.04810063589431"><ele>33.84609492455419</ele></trkpt>
<trkpt lat="34.743400835665284" lon="128.04814978750207"><ele>34.341139314128945</ele></trkpt>
<trkpt lat="34.74342001037036" lon="128.04821444426574"><ele>35.008685925925924</ele></trkpt>
<trkpt lat="34.74344731407406" lon="128.04830012862516"><ele>35.90898518518518</ele></trkpt>
<trkpt lat="34.743514874074066" lon="128.04850924860395"><ele>38.09134518518518</ele></trkpt>
<trkpt lat="34.743545610370354" lon="128.04860964421806"><ele>39.08628592592592</ele></trkpt>
<trkpt lat="34.74357154958332" lon="128.04870300160536"><ele>39.93691666666667</ele></trkpt>
<trkpt lat="34.74359443541666" lon="128.04879568722984"><ele>40.70196666666667</ele></trkpt>
<trkpt lat="34.74363825166666" lon="128.04898677468503"><ele>42.20440833333333</ele></trkpt>
<trkpt lat="34.74366016405092" lon="128.04907527585976"><ele>42.97164178240741</ele></trkpt>
<trkpt lat="34.74368250289351" lon="128.04915464688918"><ele>43.756351273148155</ele></trkpt>
<trkpt lat="34.74370582465278" lon="128.04922686622217"><ele>44.54745659722222</ele></trkpt>
<trkpt lat="34.743730549768514" lon="128.04929375279588"><ele>45.291689814814816</ele></trkpt>
<trkpt lat="34.74375747974537" lon="128.0493569125117"><ele>45.93247395833333</ele></trkpt>
<trkpt lat="34.74378749131944" lon="128.04941798020903"><ele>46.45225983796297</ele></trkpt>
<trkpt lat="34.74381999999999" lon="128.04947736099362"><ele>46.872829861111114</ele></trkpt>
<trkpt lat="34.74385250868054" lon="128.0495322510555"><ele>47.213127893518525</ele></trkpt>
<trkpt lat="34.743882583912026" lon="128.0495790566369"><ele>47.478194444444455</ele></trkpt>
<trkpt lat="34.743910150462945" lon="128.04961723373873"><ele>47.67458043981482</ele></trkpt>
<trkpt lat="34.74393780381943" lon="128.04965032980206"><ele>47.824774305555565</ele></trkpt>
<trkpt lat="34.74397022858795" lon="128.0496839871782"><ele>47.95756655092594</ele></trkpt>
<trkpt lat="34.74401290509258" lon="128.0497239147771"><ele>48.098148148148155</ele></trkpt>
<trkpt lat="34.74413549479166" lon="128.0498311542501"><ele>48.445607638888895</ele></trkpt>
<trkpt lat="34.74420274305554" lon="128.04989075207547"><ele>48.63973668981482</ele></trkpt>
<trkpt lat="34.744261605902764" lon="128.04994660283012"><ele>48.8329369212963</ele></trkpt>
<trkpt lat="34.74430901909721" lon="128.04999750565915"><ele>49.02680555555556</ele></trkpt>
<trkpt lat="34.74434802083332" lon="128.05004615440794"><ele>49.23231770833333</ele></trkpt>
<trkpt lat="34.74438365451387" lon="128.0500967678253"><ele>49.46730034722223</ele></trkpt>
<trkpt lat="34.74442009446758" lon="128.05015338163494"><ele>49.751724189814816</ele></trkpt>
<trkpt lat="34.74445967074073" lon="128.0502187259202"><ele>50.10005462962963</ele></trkpt>
<trkpt lat="34.74450167631944" lon="128.05029106519763"><ele>50.50096111111112</ele></trkpt>
<trkpt lat="34.74454330358795" lon="128.05036587547164"><ele>50.92936574074074</ele></trkpt>
<trkpt lat="34.744582322245364" lon="128.0504407390797"><ele>51.37640648148148</ele></trkpt>
<trkpt lat="34.74461964277092" lon="128.05051904668017"><ele>51.86758734567902</ele></trkpt>
<trkpt lat="34.744657585048" lon="128.05060578066823"><ele>52.43363117283951</ele></trkpt>
<trkpt lat="34.74469618609053" lon="128.05070033788795"><ele>53.06592314814815</ele></trkpt>
<trkpt lat="34.74473258529491" lon="128.05079746875208"><ele>53.7280024691358</ele></trkpt>
<trkpt lat="34.74476331190671" lon="128.05089371457913"><ele>54.40060586419754</ele></trkpt>
<trkpt lat="34.744787499999994" lon="128.05099479144346"><ele>55.13062500000001</ele></trkpt>
<trkpt lat="34.744806778120704" lon="128.05111186706336"><ele>56.001406893004116</ele></trkpt>
<trkpt lat="34.744823602537714" lon="128.05125210624593"><ele>57.06188786008231</ele></trkpt>
<trkpt lat="34.74483931584362" lon="128.05140912013178"><ele>58.25547067901235</ele></trkpt>
<trkpt lat="34.74486671639231" lon="128.05169976835634"><ele>60.43798096707819</ele></trkpt>
<trkpt lat="34.74487791666665" lon="128.05180645821866"><ele>61.196250000000006</ele></trkpt>
<trkpt lat="34.744888360768165" lon="128.05188957724695"><ele>61.734175240054874</ele></trkpt>
<trkpt lat="34.74489923696844" lon="128.05195938607008"><ele>62.1280109739369</ele></trkpt>
<trkpt lat="34.74491156378599" lon="128.05202377820842"><ele>62.44965534979424</ele></trkpt>
<trkpt lat="34.74492655178325" lon="128.05208609127425"><ele>62.74518689986283</ele></trkpt>
<trkpt lat="34.744946508916314" lon="128.0521488055287"><ele>63.04991598079561</ele></trkpt>
<trkpt lat="34.744975416666655" lon="128.05221749965455"><ele>63.40666666666667</ele></trkpt>
<trkpt lat="34.745017488854586" lon="128.05230006803774"><ele>63.862027606310015</ele></trkpt>
<trkpt lat="34.7450741212277" lon="128.0524009697629"><ele>64.43779749657064</ele></trkpt>
<trkpt lat="34.74514112397119" lon="128.05251539011212"><ele>65.1014994855967</ele></trkpt>
<trkpt lat="34.74521003943758" lon="128.05263047590594"><ele>65.7762620027435</ele></trkpt>
<trkpt lat="34.745273198731134" lon="128.05273364821335"><ele>66.38977451989028</ele></trkpt>
<trkpt lat="34.74532854166666" lon="128.0528208328566"><ele>66.92187500000001</ele></trkpt>
<trkpt lat="34.74537999331275" lon="128.05289765205146"><ele>67.4096555075446</ele></trkpt>
<trkpt lat="34.74543253045267" lon="128.0529721062507"><ele>67.90103434842251</ele></trkpt>
<trkpt lat="34.745487322530856" lon="128.05304713403268"><ele>68.40827133744858</ele></trkpt>
<trkpt lat="34.745539848662546" lon="128.0531174315179"><ele>68.88913576817559</ele></trkpt>
<trkpt lat="34.74558422170782" lon="128.05317516336075"><ele>69.28653081618657</ele></trkpt>
<trkpt lat="34.745617743518515" lon="128.05321607414768"><ele>69.57001962962963</ele></trkpt>
<trkpt lat="34.745642445370365" lon="128.05324255457904"><ele>69.75450925925925</ele></trkpt>
<trkpt lat="34.74566203504801" lon="128.05325999143258"><ele>69.87447821673524</ele></trkpt>
<trkpt lat="34.74569479032921" lon="128.05328241509562"><ele>70.0149679835391</ele></trkpt>
<trkpt lat="34.74574065414951" lon="128.05329935033686"><ele>70.130704946845</ele></trkpt>
<trkpt lat="34.74577520318928" lon="128.05330719455918"><ele>70.20412872942387</ele></trkpt>
<trkpt lat="34.745815343792856" lon="128.0533116752396"><ele>70.27141375171468</ele></trkpt>
<trkpt lat="34.745858669195805" lon="128.05330890766817"><ele>70.3091598079561</ele></trkpt>
<trkpt lat="34.745905480324076" lon="128.05329684901196"><ele>70.30645833333334</ele></trkpt>
<trkpt lat="34.745955329861104" lon="128.05327653653225"><ele>70.26619791666667</ele></trkpt>
<trkpt lat="34.746005740740735" lon="128.05325032994497"><ele>70.19394097222221</ele></trkpt>
<trkpt lat="34.74605402199073" lon="128.05321944742943"><ele>70.0885329861111</ele></trkpt>
<trkpt lat="34.74609989004629" lon="128.0531835215145"><ele>69.94367187499999</ele></trkpt>
<trkpt lat="34.74614434027777" lon="128.0531426910842"><ele>69.75580729166666</ele></trkpt>
<trkpt lat="34.74618766782406" lon="128.05309793125215"><ele>69.51826388888888</ele></trkpt>
<trkpt lat="34.746229702176" lon="128.05304989871436"><ele>69.21873907407408</ele></trkpt>
<trkpt lat="34.74627103944543" lon="128.05299808403254"><ele>68.84474092592592</ele></trkpt>
<trkpt lat="34.746312142088506" lon="128.05294325787787"><ele>68.40679909722222</ele></trkpt>
<trkpt lat="34.74639506935468" lon="128.05283052415524"><ele>67.3956081712963</ele></trkpt>
<trkpt lat="34.74644172158903" lon="128.05276895463282"><ele>66.77300148148149</ele></trkpt>
<trkpt lat="34.746496556492055" lon="128.05269810457605"><ele>66.01281185185186</ele></trkpt>
<trkpt lat="34.74662297669454" lon="128.05253689624695"><ele>64.1996562962963</ele></trkpt>
<trkpt lat="34.74674508341935" lon="128.05238180747597"><ele>62.323758518518524</ele></trkpt>
<trkpt lat="34.746871529190294" lon="128.05222160563827"><ele>60.22170222222222</ele></trkpt>
<trkpt lat="34.74693433278835" lon="128.05214278605828"><ele>59.17634370370371</ele></trkpt>
<trkpt lat="34.74699068307051" lon="128.05207345093064"><ele>58.28260296296297</ele></trkpt>
<trkpt lat="34.74704026773432" lon="128.05201479614863"><ele>57.576960185185186</ele></trkpt>
<trkpt lat="34.747086946777415" lon="128.05196255080213"><ele>57.00948981481482</ele></trkpt>
<trkpt lat="34.74713449139405" lon="128.05191238635697"><ele>56.50927222222223</ele></trkpt>
<trkpt lat="34.74718412370469" lon="128.05186360719264"><ele>56.03534537037037</ele></trkpt>
<trkpt lat="34.747236354838044" lon="128.0518171597296"><ele>55.57035543981482</ele></trkpt>
<trkpt lat="34.74729205729166" lon="128.051773362415"><ele>55.10515335648148</ele></trkpt>
<trkpt lat="34.747351484374995" lon="128.05173181438164"><ele>54.64198784722222</ele></trkpt>
<trkpt lat="34.74741343749999" lon="128.0516933537241"><ele>54.20773148148148</ele></trkpt>
<trkpt lat="34.74747701935184" lon="128.0516591894053"><ele>53.83311962962963</ele></trkpt>
<trkpt lat="34.747542922592565" lon="128.05162947863488"><ele>53.52874833333334</ele></trkpt>
<trkpt lat="34.74761105618045" lon="128.05160343331153"><ele>53.28564354166667</ele></trkpt>
<trkpt lat="34.74768053391172" lon="128.0515804526737"><ele>53.095768402777786</ele></trkpt>
<trkpt lat="34.747752616920444" lon="128.0515601548394"><ele>52.96051187500001</ele></trkpt>
<trkpt lat="34.74783339407222" lon="128.0515413232067"><ele>52.87931111111112</ele></trkpt>
<trkpt lat="34.74792879258922" lon="128.05152232406763"><ele>52.842151111111114</ele></trkpt>
<trkpt lat="34.74803719555037" lon="128.0515025427126"><ele>52.8326</ele></trkpt>
<trkpt lat="34.74825748295513" lon="128.05146407915106"><ele>52.842955555555555</ele></trkpt>
<trkpt lat="34.748470681474636" lon="128.05142721688125"><ele>52.85641925925926</ele></trkpt>
<trkpt lat="34.748691503700336" lon="128.05138856554453"><ele>52.8904637037037</ele></trkpt>
<trkpt lat="34.74878740740556" lon="128.05137108171542"><ele>52.9394162962963</ele></trkpt>
<trkpt lat="34.74886914953619" lon="128.0513551737808"><ele>53.0298218287037</ele></trkpt>
<trkpt lat="34.748942678240425" lon="128.05133950230234"><ele>53.16916122685185</ele></trkpt>
<trkpt lat="34.74901377361102" lon="128.0513227055739"><ele>53.34793590277778</ele></trkpt>
<trkpt lat="34.74908295740738" lon="128.05130394860257"><ele>53.54046407407407</ele></trkpt>
<trkpt lat="34.749148495023135" lon="128.05128238575819"><ele>53.72358178240741</ele></trkpt>
<trkpt lat="34.74920976562499" lon="128.05125734673754"><ele>53.88936053240741</ele></trkpt>
<trkpt lat="34.749267526041656" lon="128.05122934037448"><ele>54.04824652777777</ele></trkpt>
<trkpt lat="34.74932107638889" lon="128.0512002113164"><ele>54.22116608796296</ele></trkpt>
<trkpt lat="34.749369510995365" lon="128.0511714526244"><ele>54.43326099537037</ele></trkpt>
<trkpt lat="34.74941347511573" lon="128.0511429196325"><ele>54.70130208333333</ele></trkpt>
<trkpt lat="34.7494553298611" lon="128.0511133507703"><ele>55.018359375</ele></trkpt>
<trkpt lat="34.749497745949064" lon="128.05108097520767"><ele>55.358151041666666</ele></trkpt>
<trkpt lat="34.74954306451388" lon="128.05104387547004"><ele>55.69607701388889</ele></trkpt>
<trkpt lat="34.749593138703695" lon="128.05100040664516"><ele>56.02699055555556</ele></trkpt>
<trkpt lat="34.74964740993055" lon="128.05095127346522"><ele>56.354155416666664</ele></trkpt>
<trkpt lat="34.749703940162036" lon="128.05089819595904"><ele>56.68279236111111</ele></trkpt>
<trkpt lat="34.749762687893515" lon="128.05084055043406"><ele>57.028298194444446</ele></trkpt>
<trkpt lat="34.74982803999999" lon="128.05077334267568"><ele>57.42510518518519</ele></trkpt>
<trkpt lat="34.7499044222222" lon="128.05069223171387"><ele>57.90069481481481</ele></trkpt>
<trkpt lat="34.75007463999999" lon="128.0505096450367"><ele>58.96867703703704</ele></trkpt>
<trkpt lat="34.7501495511111" lon="128.050431475985"><ele>59.42759407407408</ele></trkpt>
<trkpt lat="34.75021200983795" lon="128.05037008652738"><ele>59.79131525462963</ele></trkpt>
<trkpt lat="34.750266391550916" lon="128.05032149115766"><ele>60.08439780092593</ele></trkpt>
<trkpt lat="34.75031793576388" lon="128.05027984972455"><ele>60.34299451388889</ele></trkpt>
<trkpt lat="34.75036864259259" lon="128.0502423967823"><ele>60.58769592592593</ele></trkpt>
<trkpt lat="34.75041881828703" lon="128.0502087711849"><ele>60.82674962962963</ele></trkpt>
<trkpt lat="34.75046875578704" lon="128.05017886871934"><ele>61.063541666666666</ele></trkpt>
<trkpt lat="34.75051818576388" lon="128.05015214417182"><ele>61.293671874999994</ele></trkpt>
<trkpt lat="34.75056452835646" lon="128.05012906834625"><ele>61.496015625000005</ele></trkpt>
<trkpt lat="34.75060504629629" lon="128.05011051508635"><ele>61.646776620370375</ele></trkpt>
<trkpt lat="34.75063945312499" lon="128.05009666669127"><ele>61.741860532407415</ele></trkpt>
<trkpt lat="34.750670494791656" lon="128.0500864843909"><ele>61.812595486111114</ele></trkpt>
<trkpt lat="34.750702378472205" lon="128.0500788281371"><ele>61.921782407407406</ele></trkpt>
<trkpt lat="34.75073944155092" lon="128.0500730266307"><ele>62.138515625000004</ele></trkpt>
<trkpt lat="34.75078446469907" lon="128.05006877026383"><ele>62.49848668981482</ele></trkpt>
<trkpt lat="34.75083631944444" lon="128.05006582466007"><ele>62.96852430555556</ele></trkpt>
<trkpt lat="34.75089041956018" lon="128.05006428241057"><ele>63.4615769675926</ele></trkpt>
<trkpt lat="34.75094298536093" lon="128.05006455675286"><ele>63.896018625685876</ele></trkpt>
<trkpt lat="34.750993599965696" lon="128.0500669607248"><ele>64.24063871742113</ele></trkpt>
<trkpt lat="34.751043950295774" lon="128.05007132939787"><ele>64.50725726594652</ele></trkpt>
<trkpt lat="34.751139328489366" lon="128.0500835826964"><ele>64.84848561814131</ele></trkpt>
<trkpt lat="34.75118146637087" lon="128.05009147438528"><ele>64.95775141460906</ele></trkpt>
<trkpt lat="34.751224046639216" lon="128.05010287718116"><ele>65.10858196159124</ele></trkpt>
<trkpt lat="34.7512731052812" lon="128.05012044057904"><ele>65.38286522633747</ele></trkpt>
<trkpt lat="34.75133331361454" lon="128.0501456582897"><ele>65.8236608367627</ele></trkpt>
<trkpt lat="34.751473995520385" lon="128.05020854210346"><ele>66.9901519633059</ele></trkpt>
<trkpt lat="34.7515460211977" lon="128.0502394898607"><ele>67.57356460048011</ele></trkpt>
<trkpt lat="34.751623749999986" lon="128.05027041635378"><ele>68.15791666666668</ele></trkpt>
<trkpt lat="34.7517167361111" lon="128.0503047475049"><ele>68.80708247599452</ele></trkpt>
<trkpt lat="34.75183084104936" lon="128.05034502001263"><ele>69.5685090877915</ele></trkpt>
<trkpt lat="34.75196043981481" lon="128.0503897061733"><ele>70.41203446502058</ele></trkpt>
<trkpt lat="34.75209078703703" lon="128.05043389347298"><ele>71.24200445816187</ele></trkpt>
<trkpt lat="34.75220744598765" lon="128.05047246356284"><ele>71.9571750685871</ele></trkpt>
<trkpt lat="34.752305625" lon="128.05050333303623"><ele>72.51229166666666</ele></trkpt>
<trkpt lat="34.752391569951975" lon="128.05052812423295"><ele>72.93236062414266</ele></trkpt>
<trkpt lat="34.752474454348416" lon="128.05054976377917"><ele>73.27138877914952</ele></trkpt>
<trkpt lat="34.752558228004105" lon="128.05056994503693"><ele>73.56818520576131</ele></trkpt>
<trkpt lat="34.75263827465706" lon="128.0505878887716"><ele>73.82357945816186</ele></trkpt>
<trkpt lat="34.75270780081618" lon="128.05060174412145"><ele>74.01925815500685</ele></trkpt>
<trkpt lat="34.7527636874074" lon="128.05061023403636"><ele>74.14091259259258</ele></trkpt>
<trkpt lat="34.75280928592592" lon="128.05061387702457"><ele>74.19534074074073</ele></trkpt>
<trkpt lat="34.75284991555555" lon="128.05061440888736"><ele>74.20108444444445</ele></trkpt>
<trkpt lat="34.75293550962963" lon="128.0506141451764"><ele>74.1192237037037</ele></trkpt>
<trkpt lat="34.752990939259256" lon="128.05061607701597"><ele>74.02877481481481</ele></trkpt>
<trkpt lat="34.75306035851852" lon="128.050620020707"><ele>73.90001185185184</ele></trkpt>
<trkpt lat="34.75314033777777" lon="128.05062559106995"><ele>73.74483111111111</ele></trkpt>
<trkpt lat="34.75322089185184" lon="128.0506321673661"><ele>73.58936296296297</ele></trkpt>
<trkpt lat="34.75329227259258" lon="128.05063954366537"><ele>73.45961925925926</ele></trkpt>
<trkpt lat="34.753352330096014" lon="128.05064841653217"><ele>73.36653876543211</ele></trkpt>
<trkpt lat="34.753405698216724" lon="128.05065981038237"><ele>73.3043901234568</ele></trkpt>
<trkpt lat="34.75345816362139" lon="128.0506745889233"><ele>73.26062074074073</ele></trkpt>
<trkpt lat="34.75351050266117" lon="128.05069259731673"><ele>73.22616126200275</ele></trkpt>
<trkpt lat="34.75356075725651" lon="128.050713424479"><ele>73.19694425240056</ele></trkpt>
<trkpt lat="34.75360648148148" lon="128.05073656373983"><ele>73.17156378600824</ele></trkpt>
<trkpt lat="34.75364753557965" lon="128.05076163146933"><ele>73.14811128257888</ele></trkpt>
<trkpt lat="34.75368443458617" lon="128.05078817295765"><ele>73.12309242112485</ele></trkpt>
<trkpt lat="34.7537175835964" lon="128.05081523911647"><ele>73.08884516460907</ele></trkpt>
<trkpt lat="34.753748751735316" lon="128.05084347719944"><ele>73.02819615912209</ele></trkpt>
<trkpt lat="34.75378162514158" lon="128.05087580467108"><ele>72.91185270919068</ele></trkpt>
<trkpt lat="34.75382322929209" lon="128.0509189575759"><ele>72.69854166666667</ele></trkpt>
<trkpt lat="34.753880267302506" lon="128.05097976116232"><ele>72.35093192729768</ele></trkpt>
<trkpt lat="34.75404452863116" lon="128.05115729400404"><ele>71.25191615226338</ele></trkpt>
<trkpt lat="34.75413687363411" lon="128.05125747694024"><ele>70.58964934842251</ele></trkpt>
<trkpt lat="34.75422401796775" lon="128.05135207369253"><ele>69.90448131001372</ele></trkpt>
<trkpt lat="34.75430500095327" lon="128.0514399962693"><ele>69.16625</ele></trkpt>
<trkpt lat="34.75438599670575" lon="128.05152793017382"><ele>68.30019975994514</ele></trkpt>
<trkpt lat="34.75447326938171" lon="128.05162263897552"><ele>67.25860168038409</ele></trkpt>
<trkpt lat="34.75465693799062" lon="128.05182120501993"><ele>64.92749828532236</ele></trkpt>
<trkpt lat="34.75473669048495" lon="128.05190626574844"><ele>63.91115655006858</ele></trkpt>
<trkpt lat="34.75480239595876" lon="128.05197458250052"><ele>63.09645833333333</ele></trkpt>
<trkpt lat="34.754858582446104" lon="128.0520303803898"><ele>62.43634966563786</ele></trkpt>
<trkpt lat="34.75491194875178" lon="128.05208060904323"><ele>61.84891268004115</ele></trkpt>
<trkpt lat="34.75496595550999" lon="128.05212937155758"><ele>61.28642168209876</ele></trkpt>
<trkpt lat="34.755017299812515" lon="128.0521742530936"><ele>60.780697016460906</ele></trkpt>
<trkpt lat="34.75506076652616" lon="128.05221066328804"><ele>60.3902303909465</ele></trkpt>
<trkpt lat="34.75509356037036" lon="128.05223572420937"><ele>60.14784037037037</ele></trkpt>
<trkpt lat="34.75511906055554" lon="128.0522514876136"><ele>60.012289305555555</ele></trkpt>
<trkpt lat="34.75514462870369" lon="128.05226210714966"><ele>59.89765162037037</ele></trkpt>
<trkpt lat="34.755180166851844" lon="128.05227182999812"><ele>59.70101560185186</ele></trkpt>
<trkpt lat="34.755234798518515" lon="128.05228340361762"><ele>59.343148148148146</ele></trkpt>
<trkpt lat="34.75531269037046" lon="128.05229808061407"><ele>58.79686074074074</ele></trkpt>
<trkpt lat="34.75540871555605" lon="128.05231521096107"><ele>58.114377777777776</ele></trkpt>
<trkpt lat="34.75551106370548" lon="128.05233270059105"><ele>57.405309629629635</ele></trkpt>
<trkpt lat="34.75561053185667" lon="128.05234860355947"><ele>56.7683037037037</ele></trkpt>
<trkpt lat="34.75570697630683" lon="128.0523624502106"><ele>56.2347362962963</ele></trkpt>
<trkpt lat="34.75580614816733" lon="128.05237507164838"><ele>55.77453037037037</ele></trkpt>
<trkpt lat="34.755909915585086" lon="128.05238720418546"><ele>55.35290222222222</ele></trkpt>
<trkpt lat="34.756112220785454" lon="128.05240973893245"><ele>54.60549185185185</ele></trkpt>
<trkpt lat="34.756306248927906" lon="128.05243105154932"><ele>53.94396444444444</ele></trkpt>
<trkpt lat="34.756510000019176" lon="128.05245285388884"><ele>53.294484444444436</ele></trkpt>
<trkpt lat="34.756602604454976" lon="128.05246193914095"><ele>53.02498222222222</ele></trkpt>
<trkpt lat="34.75668735806037" lon="128.05246911023121"><ele>52.80998393518519</ele></trkpt>
<trkpt lat="34.756770620835105" lon="128.05247463549065"><ele>52.635154398148146</ele></trkpt>
<trkpt lat="34.7568567925005" lon="128.05247837046366"><ele>52.48510097222222</ele></trkpt>
<trkpt lat="34.756943967777865" lon="128.05247877685454"><ele>52.360950370370375</ele></trkpt>
<trkpt lat="34.75702865909722" lon="128.05247352931988"><ele>52.27421101851852</ele></trkpt>
<trkpt lat="34.7571096267361" lon="128.05246113143855"><ele>52.23329861111112</ele></trkpt>
<trkpt lat="34.75718752604165" lon="128.05244236120672"><ele>52.23671875</ele></trkpt>
<trkpt lat="34.75726121527777" lon="128.05241910021974"><ele>52.2856076388889</ele></trkpt>
<trkpt lat="34.75732909379629" lon="128.05239270675142"><ele>52.386435509259265</ele></trkpt>
<trkpt lat="34.75739143037036" lon="128.05236327585675"><ele>52.54490518518519</ele></trkpt>
<trkpt lat="34.75744975784721" lon="128.05233135519595"><ele>52.74968861111112</ele></trkpt>
<trkpt lat="34.757505553356474" lon="128.05229785164636"><ele>52.98171990740741</ele></trkpt>
<trkpt lat="34.757561210810174" lon="128.05226239617306"><ele>53.2338500925926</ele></trkpt>
<trkpt lat="34.75762180148146" lon="128.0522220595047"><ele>53.52271851851852</ele></trkpt>
<trkpt lat="34.757691687407394" lon="128.05217423439507"><ele>53.86535703703704</ele></trkpt>
<trkpt lat="34.75784393629628" lon="128.05206889215543"><ele>54.61338370370371</ele></trkpt>
<trkpt lat="34.75790695703702" lon="128.052025970577"><ele>54.906985185185185</ele></trkpt>
<trkpt lat="34.75795420998627" lon="128.05199525273363"><ele>55.09922458161866</ele></trkpt>
<trkpt lat="34.75798961207132" lon="128.0519747734426"><ele>55.203990397805214</ele></trkpt>
<trkpt lat="34.75802103588477" lon="128.0519605697389"><ele>55.261401152263375</ele></trkpt>
<trkpt lat="34.75805520367626" lon="128.05195001587376"><ele>55.3158396707819</ele></trkpt>
<trkpt lat="34.75809596554182" lon="128.05194240571706"><ele>55.398385349794246</ele></trkpt>
<trkpt lat="34.7581435185185" lon="128.05193851852115"><ele>55.520411522633744</ele></trkpt>
<trkpt lat="34.758196303154996" lon="128.0519394238583"><ele>55.67766803840878</ele></trkpt>
<trkpt lat="34.75825180384087" lon="128.0519458847496"><ele>55.85973936899863</ele></trkpt>
<trkpt lat="34.75830687242798" lon="128.05195734564592"><ele>56.05421810699589</ele></trkpt>
<trkpt lat="34.7583575994513" lon="128.05197213302534"><ele>56.247613168724286</ele></trkpt>
<trkpt lat="34.75840079561042" lon="128.05198852534846"><ele>56.426625514403305</ele></trkpt>
<trkpt lat="34.75843609053498" lon="128.0520057818686"><ele>56.579588477366265</ele></trkpt>
<trkpt lat="34.75846549125514" lon="128.05202380141714"><ele>56.69713991769548</ele></trkpt>
<trkpt lat="34.75849159722222" lon="128.05204263886245"><ele>56.77481481481482</ele></trkpt>
<trkpt lat="34.758541241426606" lon="128.05208230101888"><ele>56.85266803840878</ele></trkpt>
<trkpt lat="34.758615208333325" lon="128.0521395830062"><ele>56.988333333333344</ele></trkpt>
<trkpt lat="34.75876454132372" lon="128.05225062939212"><ele>57.34289866255145</ele></trkpt>
<trkpt lat="34.758865781893" lon="128.05232514576394"><ele>57.591905864197535</ele></trkpt>
<trkpt lat="34.75896835305212" lon="128.0523999117903"><ele>57.84415637860082</ele></trkpt>
<trkpt lat="34.75905874828531" lon="128.05246435385817"><ele>58.06315072016461</ele></trkpt>
<trkpt lat="34.759131458333314" lon="128.05251354130672"><ele>58.23229166666666</ele></trkpt>
<trkpt lat="34.759190615783595" lon="128.05254947713098"><ele>58.35889585476681</ele></trkpt>
<trkpt lat="34.759244018990046" lon="128.05257715960866"><ele>58.4603312542867</ele></trkpt>
<trkpt lat="34.75929759966563" lon="128.05260053263336"><ele>58.55018872170782</ele></trkpt>
<trkpt lat="34.759352300240046" lon="128.05261989019343"><ele>58.62968021262004</ele></trkpt>
<trkpt lat="34.75940773962619" lon="128.0526337703232"><ele>58.69466263717422</ele></trkpt>
<trkpt lat="34.75946371527777" lon="128.0526408969779"><ele>58.742048611111116</ele></trkpt>
<trkpt lat="34.75952098958332" lon="128.05264186632687"><ele>58.775546875</ele></trkpt>
<trkpt lat="34.759579947916656" lon="128.05263750292022"><ele>58.801467013888896</ele></trkpt>
<trkpt lat="34.75964145819444" lon="128.0526281255831"><ele>58.82572252314815</ele></trkpt>
<trkpt lat="34.75970681444443" lon="128.0526136058178"><ele>58.851491851851854</ele></trkpt>
<trkpt lat="34.75977504416666" lon="128.05259499745813"><ele>58.87972027777778</ele></trkpt>
<trkpt lat="34.7598431736111" lon="128.05257388460143"><ele>58.91080601851852</ele></trkpt>
<trkpt lat="34.75990962972221" lon="128.05255072508695"><ele>58.94676175925927</ele></trkpt>
<trkpt lat="34.759977959999986" lon="128.0525238386951"><ele>58.99193777777778</ele></trkpt>
<trkpt lat="34.76005296888888" lon="128.0524914861531"><ele>59.049977777777784</ele></trkpt>
<trkpt lat="34.76013398666665" lon="128.05245466247217"><ele>59.12032000000001</ele></trkpt>
<trkpt lat="34.76021327999999" lon="128.05241726392907"><ele>59.19971555555556</ele></trkpt>
<trkpt lat="34.76028240444443" lon="128.052382949802"><ele>59.28864888888889</ele></trkpt>
<trkpt lat="34.760338773333324" lon="128.05235234679236"><ele>59.39365185185185</ele></trkpt>
<trkpt lat="34.760385986666655" lon="128.05232326232442"><ele>59.52070370370371</ele></trkpt>
<trkpt lat="34.76042847999999" lon="128.05229322676456"><ele>59.66415555555556</ele></trkpt>
<trkpt lat="34.76046838666666" lon="128.05226017344165"><ele>59.806170370370374</ele></trkpt>
<trkpt lat="34.760506773333326" lon="128.05222079125193"><ele>59.92831851851852</ele></trkpt>
<trkpt lat="34.76054596" lon="128.05217016019967"><ele>60.02380148148148</ele></trkpt>
<trkpt lat="34.76058856888888" lon="128.05210508915292"><ele>60.09826074074074</ele></trkpt>
<trkpt lat="34.76063398666667" lon="128.05202898695848"><ele>60.16001777777778</ele></trkpt>
<trkpt lat="34.76067767999999" lon="128.05195116025922"><ele>60.2132962962963</ele></trkpt>
<trkpt lat="34.760714404444435" lon="128.05188020463316"><ele>60.258823703703705</ele></trkpt>
<trkpt lat="34.76074221386572" lon="128.05181766354875"><ele>60.29848092592593</ele></trkpt>
<trkpt lat="34.7607629991898" lon="128.05175896999054"><ele>60.33678796296296</ele></trkpt>
<trkpt lat="34.76077984034721" lon="128.05169927367635"><ele>60.37967944444445</ele></trkpt>
<trkpt lat="34.76079474314813" lon="128.0516367769095"><ele>60.43459851851853</ele></trkpt>
<trkpt lat="34.76080859037035" lon="128.05157062586582"><ele>60.51018659722223</ele></trkpt>
<trkpt lat="34.76083516493054" lon="128.05142681429402"><ele>60.73412326388889</ele></trkpt>
<trkpt lat="34.760848712384245" lon="128.05135660885"><ele>60.863564814814815</ele></trkpt>
<trkpt lat="34.760863185335204" lon="128.05129513679296"><ele>60.98872170781893</ele></trkpt>
<trkpt lat="34.76087944358709" lon="128.05124386921344"><ele>61.10812242798354</ele></trkpt>
<trkpt lat="34.76089825102879" lon="128.051200089097"><ele>61.2280719521605</ele></trkpt>
<trkpt lat="34.760919338991755" lon="128.0511621139128"><ele>61.35169785236626</ele></trkpt>
<trkpt lat="34.760942240226335" lon="128.05112986017707"><ele>61.48005754886832</ele></trkpt>
<trkpt lat="34.7609669547325" lon="128.05110390949042"><ele>61.61555555555557</ele></trkpt>
<trkpt lat="34.760994636488334" lon="128.05108317560598"><ele>61.76751714677641</ele></trkpt>
<trkpt lat="34.76102657750342" lon="128.05106657752472"><ele>61.94855281207134</ele></trkpt>
<trkpt lat="34.76106351851851" lon="128.05105430042687"><ele>62.17495884773663</ele></trkpt>
<trkpt lat="34.76110535665295" lon="128.05104812071565"><ele>62.4633950617284</ele></trkpt>
<trkpt lat="34.76115126886145" lon="128.05104971877822"><ele>62.817510288065854</ele></trkpt>
<trkpt lat="34.76119921810699" lon="128.05105890943676"><ele>63.20341563786009</ele></trkpt>
<trkpt lat="34.76124569843621" lon="128.0510733703368"><ele>63.552600000000005</ele></trkpt>
<trkpt lat="34.761287563456776" lon="128.05109050037683"><ele>63.80394979423868</ele></trkpt>
<trkpt lat="34.7613237820576" lon="128.0511088106566"><ele>63.95210946502058</ele></trkpt>
<trkpt lat="34.76135761865568" lon="128.0511295255766"><ele>64.0540877914952</ele></trkpt>
<trkpt lat="34.76139559747599" lon="128.05115644292383"><ele>64.19333525377229</ele></trkpt>
<trkpt lat="34.76144524600823" lon="128.05119450175818"><ele>64.43509718792866</ele></trkpt>
<trkpt lat="34.761510138683114" lon="128.0512460206331"><ele>64.8014098079561</ele></trkpt>
<trkpt lat="34.76158633358024" lon="128.05130746671756"><ele>65.26492860082305</ele></trkpt>
<trkpt lat="34.76166529497942" lon="128.05137189308036"><ele>65.78300425240054</ele></trkpt>
<trkpt lat="34.76174025341563" lon="128.051434087978"><ele>66.33928237311385</ele></trkpt>
<trkpt lat="34.761812499999984" lon="128.05149562448793"><ele>66.97958333333334</ele></trkpt>
<trkpt lat="34.761888884602186" lon="128.05156255680643"><ele>67.78020404663924</ele></trkpt>
<trkpt lat="34.76197523062414" lon="128.05163966657537"><ele>68.78235253772291</ele></trkpt>
<trkpt lat="34.76216386488339" lon="128.0518094273879"><ele>71.08465192043897</ele></trkpt>
<trkpt lat="34.762248792009586" lon="128.0518851185596"><ele>72.11347565157752</ele></trkpt>
<trkpt lat="34.76232229166665" lon="128.05194916620152"><ele>72.96833333333333</ele></trkpt>
<trkpt lat="34.762389683587095" lon="128.0520058407621"><ele>73.70096864197531</ele></trkpt>
<trkpt lat="34.76245791174211" lon="128.05206123131276"><ele>74.39444271604938</ele></trkpt>
<trkpt lat="34.76260157205075" lon="128.05217420790302"><ele>75.79376172839507</ele></trkpt>
<trkpt lat="34.76266949963648" lon="128.05222623594196"><ele>76.46675135802471</ele></trkpt>
<trkpt lat="34.76273355884259" lon="128.05227399999558"><ele>77.13047645833335</ele></trkpt>
<trkpt lat="34.76279782060185" lon="128.05232048565236"><ele>77.8294232638889</ele></trkpt>
<trkpt lat="34.76286430402777" lon="128.05236738797524"><ele>78.57629145833334</ele></trkpt>
<trkpt lat="34.762929778518505" lon="128.05241252111043"><ele>79.32339833333334</ele></trkpt>
<trkpt lat="34.762989984417" lon="128.05245260644827"><ele>80.01580639231824</ele></trkpt>
<trkpt lat="34.76304369513031" lon="128.05248633992557"><ele>80.63560871056242</ele></trkpt>
<trkpt lat="34.763094367926946" lon="128.05251560370831"><ele>81.21658725565845</ele></trkpt>
<trkpt lat="34.76314496249142" lon="128.05254198532023"><ele>81.78309252829219</ele></trkpt>
<trkpt lat="34.76319706168552" lon="128.052566067547"><ele>82.3407744984568</ele></trkpt>
<trkpt lat="34.76324999999999" lon="128.05258687238293"><ele>82.86504115226339</ele></trkpt>
<trkpt lat="34.76330266150891" lon="128.05260343480887"><ele>83.3271122633745</ele></trkpt>
<trkpt lat="34.76335385931412" lon="128.05261496266843"><ele>83.69893942386832</ele></trkpt>
<trkpt lat="34.76340252082305" lon="128.0526213744803"><ele>83.96157596707819</ele></trkpt>
<trkpt lat="34.763450410425236" lon="128.0526229262157"><ele>84.10357805212621</ele></trkpt>
<trkpt lat="34.763502839286694" lon="128.0526193471008"><ele>84.10406507544583</ele></trkpt>
<trkpt lat="34.76356848148148" lon="128.0526098919525"><ele>83.94393777777779</ele></trkpt>
<trkpt lat="34.76365230074074" lon="128.05259445496608"><ele>83.62569777777779</ele></trkpt>
<trkpt lat="34.76384613629629" lon="128.0525561705195"><ele>82.77179555555557</ele></trkpt>
<trkpt lat="34.7639275037037" lon="128.05254171417053"><ele>82.41824888888891</ele></trkpt>
<trkpt lat="34.763988142057606" lon="128.0525342508536"><ele>82.18530085048012</ele></trkpt>
<trkpt lat="34.76403232757201" lon="128.0525338729858"><ele>82.05942935528121</ele></trkpt>
<trkpt lat="34.76406837876543" lon="128.0525397183439"><ele>81.99574847736626</ele></trkpt>
<trkpt lat="34.764101660576124" lon="128.05255063004805"><ele>81.94789196159122</ele></trkpt>
<trkpt lat="34.76413413547324" lon="128.052566043482"><ele>81.88617124828534</ele></trkpt>
<trkpt lat="34.764165145678994" lon="128.0525855082661"><ele>81.80379374485597</ele></trkpt>
<trkpt lat="34.76419592181069" lon="128.0526107590334"><ele>81.7042694101509</ele></trkpt>
<trkpt lat="34.76423002139917" lon="128.052646683333"><ele>81.5876616186557</ele></trkpt>
<trkpt lat="34.76427345037036" lon="128.0527004322728"><ele>81.4420414814815</ele></trkpt>
<trkpt lat="34.76432957629629" lon="128.0527753891638"><ele>81.25824740740742</ele></trkpt>
<trkpt lat="34.76446167407406" lon="128.05295679804405"><ele>80.8358162962963</ele></trkpt>
<trkpt lat="34.764519761481466" lon="128.0530351878096"><ele>80.65839703703705</ele></trkpt>
<trkpt lat="34.76456718803839" lon="128.05309592593628"><ele>80.52519978052126</ele></trkpt>
<trkpt lat="34.76460782743483" lon="128.0531432264813"><ele>80.4241536351166</ele></trkpt>
<trkpt lat="34.764647821893" lon="128.05318429389487"><ele>80.32840230452675</ele></trkpt>
<trkpt lat="34.76469054935527" lon="128.0532227422481"><ele>80.21095945130315</ele></trkpt>
<trkpt lat="34.764736858545945" lon="128.05325877874557"><ele>80.05192598079562</ele></trkpt>
<trkpt lat="34.764785390946486" lon="128.05329030857845"><ele>79.84207818930042</ele></trkpt>
<trkpt lat="34.76483502057612" lon="128.0533157955618"><ele>79.57884087791496</ele></trkpt>
<trkpt lat="34.76488440329218" lon="128.05333406032432"><ele>79.2702949245542</ele></trkpt>
<trkpt lat="34.76493187242797" lon="128.05334491767863"><ele>78.94736625514403</ele></trkpt>
<trkpt lat="34.76497531807269" lon="128.053348369338"><ele>78.66082475994513</ele></trkpt>
<trkpt lat="34.765013848593945" lon="128.05334412037857"><ele>78.44392832647463</ele></trkpt>
<trkpt lat="34.765048563528794" lon="128.05333237913354"><ele>78.28404674639917</ele></trkpt>
<trkpt lat="34.76508139960561" lon="128.05331437159725"><ele>78.12744802383402</ele></trkpt>
<trkpt lat="34.765112908521935" lon="128.05329215109913"><ele>77.93447970250342</ele></trkpt>
<trkpt lat="34.76514405092592" lon="128.05326527783507"><ele>77.68136574074074</ele></trkpt>
<trkpt lat="34.765177392939805" lon="128.0532304919956"><ele>77.3562818287037</ele></trkpt>
<trkpt lat="34.76526115451387" lon="128.05313033002864"><ele>76.43739583333333</ele></trkpt>
<trkpt lat="34.76530783564814" lon="128.0530766436665"><ele>75.87105034722222</ele></trkpt>
<trkpt lat="34.7653529076646" lon="128.05303284903945"><ele>75.24836880572703</ele></trkpt>
<trkpt lat="34.76539583847735" lon="128.05300273497096"><ele>74.55859139231825</ele></trkpt>
<trkpt lat="34.765438089313264" lon="128.05298430494523"><ele>73.81081822273664</ele></trkpt>
<trkpt lat="34.76547966403034" lon="128.05297454455416"><ele>73.07561996313444</ele></trkpt>
<trkpt lat="34.76552013921038" lon="128.05297214527724"><ele>72.42463080847051</ele></trkpt>
<trkpt lat="34.765558732853215" lon="128.05297681926228"><ele>71.89120713305898</ele></trkpt>
<trkpt lat="34.76559506087104" lon="128.05298752655708"><ele>71.45206618655693</ele></trkpt>
<trkpt lat="34.7656274228395" lon="128.0530021381697"><ele>71.0871536351166</ele></trkpt>
<trkpt lat="34.765655822187924" lon="128.05302018426198"><ele>70.77083504801097</ele></trkpt>
<trkpt lat="34.765683478223586" lon="128.0530440850786"><ele>70.46121227709192</ele></trkpt>
<trkpt lat="34.765717499999994" lon="128.05307999972325"><ele>70.07916666666668</ele></trkpt>
<trkpt lat="34.76576456875856" lon="128.05313401274023"><ele>69.55064043209876</ele></trkpt>
<trkpt lat="34.76582707733194" lon="128.05320791002757"><ele>68.84911265432098</ele></trkpt>
<trkpt lat="34.76597310356652" lon="128.0533822695946"><ele>67.21577160493827</ele></trkpt>
<trkpt lat="34.76603589591906" lon="128.05345645101"><ele>66.52190586419754</ele></trkpt>
<trkpt lat="34.76608354166665" lon="128.05351104138703"><ele>66.00895833333334</ele></trkpt>
<trkpt lat="34.76611819358709" lon="128.05354778877876"><ele>65.65921039094651</ele></trkpt>
<trkpt lat="34.76614547668037" lon="128.0535725993822"><ele>65.41680041152264</ele></trkpt>
<trkpt lat="34.766171478909456" lon="128.05359146858535"><ele>65.22554783950619</ele></trkpt>
<trkpt lat="34.7661996116255" lon="128.0536073893791"><ele>65.05812842935529</ele></trkpt>
<trkpt lat="34.76623126286007" lon="128.05362124226468"><ele>64.90348679698218</ele></trkpt>
<trkpt lat="34.76626539094649" lon="128.05363226335973"><ele>64.75609053497942</ele></trkpt>
<trkpt lat="34.76630061728394" lon="128.05363969134947"><ele>64.5987037037037</ele></trkpt>
<trkpt lat="34.76633602880657" lon="128.05364261316834"><ele>64.40637860082303</ele></trkpt>
<trkpt lat="34.76637273662551" lon="128.05363991770764"><ele>64.14133744855967</ele></trkpt>
<trkpt lat="34.766413312757194" lon="128.05363010291194"><ele>63.75968449931413</ele></trkpt>
<trkpt lat="34.76646018518518" lon="128.05361238688488"><ele>63.233463648834025</ele></trkpt>
<trkpt lat="34.76657310699588" lon="128.05356231831516"><ele>61.89192729766803</ele></trkpt>
<trkpt lat="34.766635823045256" lon="128.0535384842858"><ele>61.22648834019204</ele></trkpt>
<trkpt lat="34.76670039094649" lon="128.05352008234823"><ele>60.62487654320987</ele></trkpt>
<trkpt lat="34.766765555555544" lon="128.0535087448781"><ele>60.078230452674894</ele></trkpt>
<trkpt lat="34.766830349794226" lon="128.0535050000001"><ele>59.565781893004115</ele></trkpt>
<trkpt lat="34.766894218106984" lon="128.0535077366098"><ele>59.07641975308643</ele></trkpt>
<trkpt lat="34.766956961591205" lon="128.05351432096595"><ele>58.61126886145405</ele></trkpt>
<trkpt lat="34.76707726337446" lon="128.0535280452531"><ele>57.78800411522635</ele></trkpt>
<trkpt lat="34.767132116233704" lon="128.05353159614432"><ele>57.4596956447188</ele></trkpt>
<trkpt lat="34.76718144729509" lon="128.05353158029314"><ele>57.20500600137174</ele></trkpt>
<trkpt lat="34.76722545042438" lon="128.0535276215427"><ele>57.01877314814815</ele></trkpt>
<trkpt lat="34.76726803755143" lon="128.05351913583587"><ele>56.872376543209874</ele></trkpt>
<trkpt lat="34.76731508648405" lon="128.05350506179138"><ele>56.7297125771605</ele></trkpt>
<trkpt lat="34.76737154803239" lon="128.05348467602198"><ele>56.56501736111111</ele></trkpt>
<trkpt lat="34.76750333622684" lon="128.0534341031116"><ele>56.191319444444446</ele></trkpt>
<trkpt lat="34.7675670285708" lon="128.05341190786902"><ele>56.021861282578875</ele></trkpt>
<trkpt lat="34.76762620799038" lon="128.05339478400148"><ele>55.87670096021948</ele></trkpt>
<trkpt lat="34.76768256140688" lon="128.05338277780973"><ele>55.75034657921811</ele></trkpt>
<trkpt lat="34.76773496838562" lon="128.0533763811877"><ele>55.64149091220851</ele></trkpt>
<trkpt lat="34.7677810539909" lon="128.05337661265156"><ele>55.55343192729767</ele></trkpt>
<trkpt lat="34.767819582690315" lon="128.05338409720096"><ele>55.49107703189301</ele></trkpt>
<trkpt lat="34.76785491855279" lon="128.05339941353196"><ele>55.45373113854596</ele></trkpt>
<trkpt lat="34.767893617648305" lon="128.05342387818877"><ele>55.439598015260636</ele></trkpt>
<trkpt lat="34.76794084780091" lon="128.05345837081182"><ele>55.44544270833334</ele></trkpt>
<trkpt lat="34.76804976273147" lon="128.05354101838174"><ele>55.50203125</ele></trkpt>
<trkpt lat="34.76809785643861" lon="128.0535746338267"><ele>55.54918445644719</ele></trkpt>
<trkpt lat="34.76813766889574" lon="128.05359784803213"><ele>55.60963820301784</ele></trkpt>
<trkpt lat="34.76817287197788" lon="128.05361266619286"><ele>55.678950938786016</ele></trkpt>
<trkpt lat="34.76820759023491" lon="128.05362228725903"><ele>55.74398191015089</ele></trkpt>
<trkpt lat="34.768244261616935" lon="128.05362880453958"><ele>55.79125728737998</ele></trkpt>
<trkpt lat="34.76828223218878" lon="128.05363248135018"><ele>55.81408725565844</ele></trkpt>
<trkpt lat="34.768321474622766" lon="128.05363260717502"><ele>55.81435099451304</ele></trkpt>
<trkpt lat="34.76836312157064" lon="128.0536279567709"><ele>55.79525323645406</ele></trkpt>
<trkpt lat="34.76840944444444" lon="128.05361786462456"><ele>55.758920717592595</ele></trkpt>
<trkpt lat="34.76845950520833" lon="128.05360302088565"><ele>55.707743055555554</ele></trkpt>
<trkpt lat="34.768508723958334" lon="128.05358480908117"><ele>55.64421585648148</ele></trkpt>
<trkpt lat="34.76855207175925" lon="128.05356390051261"><ele>55.56855613425926</ele></trkpt>
<trkpt lat="34.76858823206018" lon="128.05353948500368"><ele>55.47969328703704</ele></trkpt>
<trkpt lat="34.76861983506944" lon="128.05350972228428"><ele>55.38214409722222</ele></trkpt>
<trkpt lat="34.7686511574074" lon="128.05347097810633"><ele>55.28824363425927</ele></trkpt>
<trkpt lat="34.7686864236111" lon="128.05341809333174"><ele>55.21108506944445</ele></trkpt>
<trkpt lat="34.76872818287036" lon="128.05334776932975"><ele>55.15688657407408</ele></trkpt>
<trkpt lat="34.76882242766203" lon="128.05318039954273"><ele>55.12294560185185</ele></trkpt>
<trkpt lat="34.768865335969636" lon="128.0531070571408"><ele>55.15754908264746</ele></trkpt>
<trkpt lat="34.76890287294238" lon="128.0530484234661"><ele>55.23870541838135</ele></trkpt>
<trkpt lat="34.768937550154305" lon="128.05300101763274"><ele>55.36621784979424</ele></trkpt>
<trkpt lat="34.76897154706789" lon="128.0529611065642"><ele>55.529299982853225</ele></trkpt>
<trkpt lat="34.76900598379628" lon="128.0529268860874"><ele>55.717443844307276</ele></trkpt>
<trkpt lat="34.76904117283949" lon="128.05289812761342"><ele>55.92563786008231</ele></trkpt>
<trkpt lat="34.76907751286008" lon="128.0528737843314"><ele>56.152432270233206</ele></trkpt>
<trkpt lat="34.7691151105967" lon="128.0528527589547"><ele>56.39667266803841</ele></trkpt>
<trkpt lat="34.76915292438271" lon="128.0528344496332"><ele>56.65236368312758</ele></trkpt>
<trkpt lat="34.76919168724279" lon="128.0528178738662"><ele>56.93072702331962</ele></trkpt>
<trkpt lat="34.76923497170781" lon="128.05280126726623"><ele>57.268025548696855</ele></trkpt>
<trkpt lat="34.76929145833332" lon="128.05278125021735"><ele>57.74020833333334</ele></trkpt>
<trkpt lat="34.76947398491083" lon="128.05271999962463"><ele>59.34059156378601</ele></trkpt>
<trkpt lat="34.76971800497256" lon="128.05263909685448"><ele>61.502975823045276</ele></trkpt>
<trkpt lat="34.769825132887505" lon="128.0526030516392"><ele>62.44228652263375</ele></trkpt>
<trkpt lat="34.76990999999999" lon="128.05257354191383"><ele>63.16791666666667</ele></trkpt>
<trkpt lat="34.769977099622764" lon="128.05254870397485"><ele>63.71168027692045</ele></trkpt>
<trkpt lat="34.77003561128257" lon="128.0525252713652"><ele>64.14474847822359</ele></trkpt>
<trkpt lat="34.77009312757202" lon="128.0525006775161"><ele>64.51366930298354</ele></trkpt>
<trkpt lat="34.77015216992455" lon="128.05247414191388"><ele>64.79714334705076</ele></trkpt>
<trkpt lat="34.77021368719993" lon="128.0524451815519"><ele>64.9436526920439</ele></trkpt>
<trkpt lat="34.77027767939814" lon="128.05241360256082"><ele>64.9192013888889</ele></trkpt>
<trkpt lat="34.770342690972214" lon="128.05238000013324"><ele>64.75299479166668</ele></trkpt>
<trkpt lat="34.77040377314814" lon="128.0523463976865"><ele>64.50679687500002</ele></trkpt>
<trkpt lat="34.770455854814806" lon="128.0523146485385"><ele>64.23488395833334</ele></trkpt>
<trkpt lat="34.770497468703695" lon="128.05228491043871"><ele>63.95478222222223</ele></trkpt>
<trkpt lat="34.770531408472216" lon="128.05225594082808"><ele>63.66397416666668</ele></trkpt>
<trkpt lat="34.770562291898145" lon="128.05222551663473"><ele>63.347706944444454</ele></trkpt>
<trkpt lat="34.77059527310185" lon="128.05218988053048"><ele>62.97252527777779</ele></trkpt>
<trkpt lat="34.770635616296296" lon="128.05214383726178"><ele>62.48590370370372</ele></trkpt>
<trkpt lat="34.77074466222222" lon="128.05201457813513"><ele>61.09797777777779</ele></trkpt>
<trkpt lat="34.77080241925925" lon="128.05194416772397"><ele>60.29738074074075</ele></trkpt>
<trkpt lat="34.77085117185184" lon="128.05188214837224"><ele>59.50714814814816</ele></trkpt>
<trkpt lat="34.770887743154994" lon="128.05183078976543"><ele>58.700540960219485</ele></trkpt>
<trkpt lat="34.77091457421124" lon="128.05178566427875"><ele>57.82007846364884</ele></trkpt>
<trkpt lat="34.77093601168723" lon="128.0517396904271"><ele>56.87000510288067</ele></trkpt>
<trkpt lat="34.77095443396433" lon="128.05168863549193"><ele>55.98948883401921</ele></trkpt>
<trkpt lat="34.77097056290808" lon="128.05163140475852"><ele>55.32421256515776</ele></trkpt>
<trkpt lat="34.77098499999999" lon="128.0515707819299"><ele>54.91203703703704</ele></trkpt>
<trkpt lat="34.77099943857338" lon="128.05151117177994"><ele>54.63053113854596</ele></trkpt>
<trkpt lat="34.77101558233195" lon="128.0514568628679"><ele>54.33170672153636</ele></trkpt>
<trkpt lat="34.77103407275719" lon="128.05141011445357"><ele>53.94490452674898</ele></trkpt>
<trkpt lat="34.77105572208504" lon="128.05136938992004"><ele>53.46758573388203</ele></trkpt>
<trkpt lat="34.77108305832647" lon="128.0513304283758"><ele>52.88530891632373</ele></trkpt>
<trkpt lat="34.77112058222222" lon="128.05128677797188"><ele>52.12912</ele></trkpt>
<trkpt lat="34.771170773333324" lon="128.05123444471863"><ele>51.15167555555555</ele></trkpt>
<trkpt lat="34.77129016444444" lon="128.05111555583204"><ele>48.870200000000004</ele></trkpt>
<trkpt lat="34.771341826666664" lon="128.05106322242162"><ele>47.89569777777778</ele></trkpt>
<trkpt lat="34.77138213291666" lon="128.0510199333444"><ele>47.14823393518519</ele></trkpt>
<trkpt lat="34.77141391319444" lon="128.0509822099233"><ele>46.57436550925926</ele></trkpt>
<trkpt lat="34.77144219291665" lon="128.050944610146"><ele>46.07339263888889</ele></trkpt>
<trkpt lat="34.77147142666665" lon="128.05090172694972"><ele>45.5485587037037</ele></trkpt>
<trkpt lat="34.77150510502313" lon="128.05084833382736"><ele>44.92051946759259</ele></trkpt>
<trkpt lat="34.77154508969906" lon="128.0507813688388"><ele>44.14742766203704</ele></trkpt>
<trkpt lat="34.77158983506944" lon="128.05070368078816"><ele>43.26417534722223</ele></trkpt>
<trkpt lat="34.77163429976851" lon="128.05062374731696"><ele>42.37951967592593</ele></trkpt>
<trkpt lat="34.77167337874999" lon="128.05054978407082"><ele>41.60226828703704</ele></trkpt>
<trkpt lat="34.771705235925914" lon="128.05048429548415"><ele>40.96881203703704</ele></trkpt>
<trkpt lat="34.771731024513876" lon="128.05042523168612"><ele>40.44372118055556</ele></trkpt>
<trkpt lat="34.77175254780091" lon="128.05036895968658"><ele>39.96171724537037</ele></trkpt>
<trkpt lat="34.771771205254616" lon="128.05031061964513"><ele>39.448025810185186</ele></trkpt>
<trkpt lat="34.77178859407406" lon="128.0502433467709"><ele>38.823813333333334</ele></trkpt>
<trkpt lat="34.7718062948148" lon="128.05016228012886"><ele>38.04412444444444</ele></trkpt>
<trkpt lat="34.7718424548148" lon="128.04998053345503"><ele>36.290266666666675</ele></trkpt>
<trkpt lat="34.77185819407407" lon="128.04990388008775"><ele>35.59590222222223</ele></trkpt>
<trkpt lat="34.771871860192036" lon="128.04984504049577"><ele>35.140318628257894</ele></trkpt>
<trkpt lat="34.7718851989026" lon="128.04979953721454"><ele>34.88798491083677</ele></trkpt>
<trkpt lat="34.771901467983525" lon="128.04975940876426"><ele>34.73256181069959</ele></trkpt>
<trkpt lat="34.771923612043885" lon="128.04971981595295"><ele>34.55479964677641</ele></trkpt>
<trkpt lat="34.77195341684498" lon="128.0496792908311"><ele>34.271872451989026</ele></trkpt>
<trkpt lat="34.771989655349785" lon="128.0496394355223"><ele>33.86954346707819</ele></trkpt>
<trkpt lat="34.772031051097386" lon="128.04960048792125"><ele>33.36355366941015</ele></trkpt>
<trkpt lat="34.77207760888202" lon="128.0495613956548"><ele>32.76176043810015</ele></trkpt>
<trkpt lat="34.772130856481475" lon="128.0495197397355"><ele>32.05463831018519</ele></trkpt>
<trkpt lat="34.772244259259246" lon="128.04943392374884"><ele>30.5609837962963</ele></trkpt>
<trkpt lat="34.77229022119341" lon="128.04939772342806"><ele>30.009909550754458</ele></trkpt>
<trkpt lat="34.77232409979423" lon="128.04936805475015"><ele>29.667257373113856</ele></trkpt>
<trkpt lat="34.772349205246904" lon="128.04934093045998"><ele>29.444332240226338</ele></trkpt>
<trkpt lat="34.77236987915655" lon="128.04931172332087"><ele>29.19954401834705</ele></trkpt>
<trkpt lat="34.77238893862332" lon="128.04927736569587"><ele>28.82592360510974</ele></trkpt>
<trkpt lat="34.77240660420751" lon="128.04923852531462"><ele>28.328502551440334</ele></trkpt>
<trkpt lat="34.77242307987043" lon="128.04919525247485"><ele>27.771172565157755</ele></trkpt>
<trkpt lat="34.77243920445692" lon="128.04914450213965"><ele>27.207770480109744</ele></trkpt>
<trkpt lat="34.77245715428151" lon="128.04907889950775"><ele>26.616931851851856</ele></trkpt>
<trkpt lat="34.772478537414585" lon="128.04899351002658"><ele>25.95854814814815</ele></trkpt>
<trkpt lat="34.77252849558288" lon="128.04878461249314"><ele>24.538650370370373</ele></trkpt>
<trkpt lat="34.772553066065385" lon="128.0486805888357"><ele>23.938620740740745</ele></trkpt>
<trkpt lat="34.77257693569502" lon="128.04857940957643"><ele>23.470654814814814</ele></trkpt>
<trkpt lat="34.772601505953254" lon="128.04847535619692"><ele>23.106314074074074</ele></trkpt>
<trkpt lat="34.77265146334051" lon="128.04826589817543"><ele>22.544962962962966</ele></trkpt>
<trkpt lat="34.772672846133354" lon="128.0481794980278"><ele>22.32381037037037</ele></trkpt>
<trkpt lat="34.77269083002618" lon="128.04811185912462"><ele>22.13060252400549</ele></trkpt>
<trkpt lat="34.77270729742872" lon="128.0480574958274"><ele>21.942724554183812</ele></trkpt>
<trkpt lat="34.77272535054495" lon="128.0480080362732"><ele>21.732580905349792</ele></trkpt>
<trkpt lat="34.77274741511851" lon="128.04795914107433"><ele>21.485025843621397</ele></trkpt>
<trkpt lat="34.77277456957491" lon="128.04791039402858"><ele>21.19665794238683</ele></trkpt>
<trkpt lat="34.77280539094648" lon="128.04786469142124"><ele>20.881090534979425</ele></trkpt>
<trkpt lat="34.772837085048" lon="128.0478248628781"><ele>20.555939643347052</ele></trkpt>
<trkpt lat="34.77286735939642" lon="128.04779305902247"><ele>20.23239368998628</ele></trkpt>
<trkpt lat="34.77289695473251" lon="128.04776890949228"><ele>19.896378600823045</ele></trkpt>
<trkpt lat="34.772928661947866" lon="128.0477504458404"><ele>19.521039176954734</ele></trkpt>
<trkpt lat="34.77296519336076" lon="128.04773546614373"><ele>19.08398814814815</ele></trkpt>
<trkpt lat="34.77300637711934" lon="128.0477228518804"><ele>18.595661069958847</ele></trkpt>
<trkpt lat="34.77305227462276" lon="128.04771204694742"><ele>18.063197256515775</ele></trkpt>
<trkpt lat="34.773106106941" lon="128.04770240745438"><ele>17.459053443072705</ele></trkpt>
<trkpt lat="34.77317553925925" lon="128.04769266229212"><ele>16.703327407407407</ele></trkpt>
<trkpt lat="34.773265527407396" lon="128.0476818178732"><ele>15.741797037037038</ele></trkpt>
<trkpt lat="34.77348041185184" lon="128.04765724454867"><ele>13.479441481481482</ele></trkpt>
<trkpt lat="34.77357971703703" lon="128.04764492897962"><ele>12.457105185185185</ele></trkpt>
<trkpt lat="34.773666199444435" lon="128.04763258168796"><ele>11.595459821673527</ele></trkpt>
<trkpt lat="34.773744674382705" lon="128.04761940564197"><ele>10.851973593964336</ele></trkpt>
<trkpt lat="34.77381972759258" lon="128.0476049997289"><ele>10.191176502057615</ele></trkpt>
<trkpt lat="34.77389331333332" lon="128.0475890922267"><ele>9.626504334705078</ele></trkpt>
<trkpt lat="34.773967301913565" lon="128.04757068797088"><ele>9.206341303155009</ele></trkpt>
<trkpt lat="34.77404895833332" lon="128.04754708365024"><ele>8.959583333333335</ele></trkpt>
<trkpt lat="34.77414828703702" lon="128.0475150647929"><ele>8.880198902606312</ele></trkpt>
<trkpt lat="34.774270655864186" lon="128.0474733777174"><ele>8.928592249657065</ele></trkpt>
<trkpt lat="34.77454608796295" lon="128.0473771662895"><ele>9.119178669410154</ele></trkpt>
<trkpt lat="34.77466334876543" lon="128.04733633020695"><ele>9.069951989026066</ele></trkpt>
<trkpt lat="34.774752291666665" lon="128.0473060419536"><ele>8.792083333333334</ele></trkpt>
<trkpt lat="34.77481634388889" lon="128.04728535313356"><ele>8.210680041152266</ele></trkpt>
<trkpt lat="34.77486482938271" lon="128.04727101653572"><ele>7.321029218106997</ele></trkpt>
<trkpt lat="34.77494800277777" lon="128.04724816064626"><ele>5.182836008230453</ele></trkpt>
<trkpt lat="34.77499395746913" lon="128.04723417405074"><ele>4.42839609053498</ele></trkpt>
<trkpt lat="34.77505014518517" lon="128.04721510827952"><ele>4.141383703703704</ele></trkpt>
<trkpt lat="34.775120143703695" lon="128.04718974537099"><ele>4.320865185185184</ele></trkpt>
<trkpt lat="34.775200675555546" lon="128.04715983132218"><ele>4.830204444444444</ele></trkpt>
<trkpt lat="34.77528235703703" lon="128.04712962982023"><ele>5.484540740740741</ele></trkpt>
<trkpt lat="34.77535627851851" lon="128.04710328606814"><ele>6.158805925925926</ele></trkpt>
<trkpt lat="34.77542068152776" lon="128.0470821961161"><ele>6.83114175925926</ele></trkpt>
<trkpt lat="34.775479864583325" lon="128.047065149608"><ele>7.53942824074074</ele></trkpt>
<trkpt lat="34.775537588749984" lon="128.04705072311089"><ele>8.334383796261472</ele></trkpt>
<trkpt lat="34.77559277388888" lon="128.0470391937426"><ele>9.10988843453642</ele></trkpt>
<trkpt lat="34.77564275396433" lon="128.04703196512253"><ele>9.820041004422395</ele></trkpt>
<trkpt lat="34.775686562928655" lon="128.04703000514698"><ele>10.453247064742733</ele></trkpt>
<trkpt lat="34.77572610018003" lon="128.04703293594923"><ele>11.05180162246629</ele></trkpt>
<trkpt lat="34.77576210626714" lon="128.0470397252106"><ele>11.649008607393803</ele></trkpt>
<trkpt lat="34.775794454946826" lon="128.0470496317586"><ele>12.25520650950484</ele></trkpt>
<trkpt lat="34.775822654320976" lon="128.047062736609"><ele>12.840194428278844</ele></trkpt>
<trkpt lat="34.77584759006858" lon="128.04707942017208"><ele>13.362441034534871</ele></trkpt>
<trkpt lat="34.77587043396432" lon="128.04710012990517"><ele>13.791250293475795</ele></trkpt>
<trkpt lat="34.77589191786007" lon="128.04712492210015"><ele>14.140808956755587</ele></trkpt>
<trkpt lat="34.775913346227696" lon="128.04715573764966"><ele>14.490008670439892</ele></trkpt>
<trkpt lat="34.775937420521245" lon="128.0471978943956"><ele>14.9668021212082</ele></trkpt>
<trkpt lat="34.775968325925916" lon="128.04725942344564"><ele>15.704933088141416</ele></trkpt>
<trkpt lat="34.77600866962962" lon="128.04734471813833"><ele>16.764139762045993</ele></trkpt>
<trkpt lat="34.7760571111111" lon="128.04744888399"><ele>18.074399999999997</ele></trkpt>
<trkpt lat="34.776109145185174" lon="128.047559660279"><ele>19.39300444444444</ele></trkpt>
<trkpt lat="34.77616174814814" lon="128.0476675121404"><ele>20.65791111111111</ele></trkpt>
<trkpt lat="34.776216174814806" lon="128.04777253877342"><ele>21.85273185185185</ele></trkpt>
<trkpt lat="34.77627565185184" lon="128.04788090907485"><ele>23.04309037037037</ele></trkpt>
<trkpt lat="34.7763398311111" lon="128.0479940705235"><ele>24.246915555555557</ele></trkpt>
<trkpt lat="34.77640372296295" lon="128.0481056513137"><ele>25.38593037037037</ele></trkpt>
<trkpt lat="34.77646221925925" lon="128.0482086277025"><ele>26.35513185185185</ele></trkpt>
<trkpt lat="34.77651475259258" lon="128.04830319813777"><ele>27.12049777777778</ele></trkpt>
<trkpt lat="34.7765645674074" lon="128.04839528556397"><ele>27.731595555555558</ele></trkpt>
<trkpt lat="34.77666011851851" lon="128.04857502340266"><ele>28.700235555555558</ele></trkpt>
<trkpt lat="34.776701597037025" lon="128.04865190939844"><ele>29.078897777777783</ele></trkpt>
<trkpt lat="34.77673795333339" lon="128.0487169176028"><ele>29.392189629629637</ele></trkpt>
<trkpt lat="34.776771913334066" lon="128.04877452207106"><ele>29.667059259259265</ele></trkpt>
<trkpt lat="34.77680614000382" lon="128.04882911317551"><ele>29.93200888888889</ele></trkpt>
<trkpt lat="34.77684230668011" lon="128.0488821953541"><ele>30.20888592592593</ele></trkpt>
<trkpt lat="34.77688288670304" lon="128.04893465079556"><ele>30.5244562962963</ele></trkpt>
<trkpt lat="34.77693210970926" lon="128.04898962465353"><ele>30.916788148148154</ele></trkpt>
<trkpt lat="34.77699327495974" lon="128.0490509317607"><ele>31.41582518518519</ele></trkpt>
<trkpt lat="34.777064315778716" lon="128.0491183010851"><ele>32.01359111111111</ele></trkpt>
<trkpt lat="34.77713844622079" lon="128.04918703567503"><ele>32.67702962962963</ele></trkpt>
<trkpt lat="34.77721015441199" lon="128.04925300149065"><ele>33.400165925925926</ele></trkpt>
<trkpt lat="34.7772798492268" lon="128.04931697630556"><ele>34.227666666666664</ele></trkpt>
<trkpt lat="34.777351586961544" lon="128.04938274975"><ele>35.20575111111111</ele></trkpt>
<trkpt lat="34.777497317922716" lon="128.04951521473433"><ele>37.35329333333334</ele></trkpt>
<trkpt lat="34.77755949341296" lon="128.04956995504625"><ele>38.235755555555556</ele></trkpt>
<trkpt lat="34.77761140664818" lon="128.04961294860965"><ele>38.88316411522634</ele></trkpt>
<trkpt lat="34.77765784582962" lon="128.04964758256347"><ele>39.34974650205762</ele></trkpt>
<trkpt lat="34.777705702802166" lon="128.04967876804724"><ele>39.75392493827161</ele></trkpt>
<trkpt lat="34.77775867245616" lon="128.0497085784349"><ele>40.206152592592595</ele></trkpt>
<trkpt lat="34.777817312235996" lon="128.04973673399934"><ele>40.76834024691359</ele></trkpt>
<trkpt lat="34.77787843621398" lon="128.04976148141782"><ele>41.4229012345679</ele></trkpt>
<trkpt lat="34.77793816186556" lon="128.04978172148856"><ele>42.100048010973936</ele></trkpt>
<trkpt lat="34.77799350480108" lon="128.04979665291862"><ele>42.72997256515775</ele></trkpt>
<trkpt lat="34.77804539094648" lon="128.0498060905202"><ele>43.29897119341563</ele></trkpt>
<trkpt lat="34.77809782578874" lon="128.04980999999975"><ele>43.84605624142661</ele></trkpt>
<trkpt lat="34.77815476680383" lon="128.0498085391082"><ele>44.416289437585725</ele></trkpt>
<trkpt lat="34.7782169547325" lon="128.04980226340015"><ele>45.019300411522636</ele></trkpt>
<trkpt lat="34.77828182441699" lon="128.04979209194104"><ele>45.626961591220855</ele></trkpt>
<trkpt lat="34.77834613854595" lon="128.04977889578777"><ele>46.20091906721537</ele></trkpt>
<trkpt lat="34.77840804526748" lon="128.04976304531286"><ele>46.711358024691364</ele></trkpt>
<trkpt lat="34.77846724279835" lon="128.0497443759084"><ele>47.13997256515776</ele></trkpt>
<trkpt lat="34.778523909465015" lon="128.04972243489973"><ele>47.47901920438958</ele></trkpt>
<trkpt lat="34.77857804526748" lon="128.04969648154628"><ele>47.73942386831276</ele></trkpt>
<trkpt lat="34.77862884707818" lon="128.0496661766423"><ele>47.94714096021948</ele></trkpt>
<trkpt lat="34.77867534172839" lon="128.04963171025568"><ele>48.129526694101514</ele></trkpt>
<trkpt lat="34.778716378106985" lon="128.04959491646125"><ele>48.30074255144033</ele></trkpt>
<trkpt lat="34.77875279231824" lon="128.04955670681784"><ele>48.472152812071336</ele></trkpt>
<trkpt lat="34.77878738727023" lon="128.049515537198"><ele>48.663581838134434</ele></trkpt>
<trkpt lat="34.77882527999999" lon="128.04946620316295"><ele>48.90721777777779</ele></trkpt>
<trkpt lat="34.77887018222222" lon="128.04940473509131"><ele>49.22510222222223</ele></trkpt>
<trkpt lat="34.77897732" lon="128.0492565129306"><ele>50.047115555555564</ele></trkpt>
<trkpt lat="34.779033991111106" lon="128.0491813144237"><ele>50.52535111111112</ele></trkpt>
<trkpt lat="34.77909413333333" lon="128.0491059070672"><ele>51.07789925925926</ele></trkpt>
<trkpt lat="34.77916120444444" lon="128.04902602714017"><ele>51.73503851851852</ele></trkpt>
<trkpt lat="34.77923373333333" lon="128.04894228049847"><ele>52.46665777777778</ele></trkpt>
<trkpt lat="34.77930410666665" lon="128.04886241376227"><ele>53.175571851851856</ele></trkpt>
<trkpt lat="34.77936382222221" lon="128.04879577363036"><ele>53.7552325925926</ele></trkpt>
<trkpt lat="34.77940971555555" lon="128.04874607424665"><ele>54.15712740740741</ele></trkpt>
<trkpt lat="34.77944498666666" lon="128.0487099971326"><ele>54.40429925925926</ele></trkpt>
<trkpt lat="34.77947525333332" lon="128.04868168895462"><ele>54.549195555555556</ele></trkpt>
<trkpt lat="34.779505951111105" lon="128.0486562548862"><ele>54.63316148148148</ele></trkpt>
<trkpt lat="34.779542693333326" lon="128.04862998529438"><ele>54.6724162962963</ele></trkpt>
<trkpt lat="34.77959145777778" lon="128.04859938832328"><ele>54.670016296296296</ele></trkpt>
<trkpt lat="34.779655666666656" lon="128.04856231876332"><ele>54.629508148148155</ele></trkpt>
<trkpt lat="34.77973202666665" lon="128.0485205913875"><ele>54.56079555555556</ele></trkpt>
<trkpt lat="34.77981183555554" lon="128.04847986987676"><ele>54.47641925925925</ele></trkpt>
<trkpt lat="34.77988781333332" lon="128.04844623277137"><ele>54.38246074074074</ele></trkpt>
<trkpt lat="34.77996001273148" lon="128.04842230439476"><ele>54.2741624537037</ele></trkpt>
<trkpt lat="34.78003327893517" lon="128.04840656384283"><ele>54.14274699074074</ele></trkpt>
<trkpt lat="34.78010968402777" lon="128.04839571914547"><ele>53.98505986111111</ele></trkpt>
<trkpt lat="34.78018433796296" lon="128.04838693151865"><ele>53.80493074074074</ele></trkpt>
<trkpt lat="34.78025104389574" lon="128.04837831813794"><ele>53.60067429355281</ele></trkpt>
<trkpt lat="34.78030745970507" lon="128.04836844395942"><ele>53.36361796982167</ele></trkpt>
<trkpt lat="34.78035717914094" lon="128.04835542923914"><ele>53.07919431584362</ele></trkpt>
<trkpt lat="34.780403467506865" lon="128.04833757173859"><ele>52.746547603737994</ele></trkpt>
<trkpt lat="34.78044807570302" lon="128.04831355876226"><ele>52.372152241941016</ele></trkpt>
<trkpt lat="34.78049011252572" lon="128.0482835552405"><ele>51.976474086934154</ele></trkpt>
<trkpt lat="34.78053051868998" lon="128.04824663332667"><ele>51.563102709190666</ele></trkpt>
<trkpt lat="34.78057158264746" lon="128.04820034414777"><ele>51.119553862311385</ele></trkpt>
<trkpt lat="34.780616319444434" lon="128.04814222819994"><ele>50.62216724537037</ele></trkpt>
<trkpt lat="34.7807100173611" lon="128.0480102143002"><ele>49.56324363425926</ele></trkpt>
<trkpt lat="34.78074954282407" lon="128.04795550359106"><ele>49.11528645833333</ele></trkpt>
<trkpt lat="34.78078189814814" lon="128.0479149074735"><ele>48.74900462962963</ele></trkpt>
<trkpt lat="34.78081050754457" lon="128.0478852707412"><ele>48.42466553069273</ele></trkpt>
<trkpt lat="34.780838407064465" lon="128.04786322468826"><ele>48.10907546724966</ele></trkpt>
<trkpt lat="34.78086724022633" lon="128.04784702740642"><ele>47.79491673096708</ele></trkpt>
<trkpt lat="34.78089811299724" lon="128.04783648577745"><ele>47.49035493827161</ele></trkpt>
<trkpt lat="34.78093321416322" lon="128.0478304792575"><ele>47.19009773662552</ele></trkpt>
<trkpt lat="34.780973909465004" lon="128.04782890946242"><ele>46.882880658436214</ele></trkpt>
<trkpt lat="34.781019739368986" lon="128.0478330795433"><ele>46.56225651577504</ele></trkpt>
<trkpt lat="34.78106877914951" lon="128.04784508912587"><ele>46.230706447187934</ele></trkpt>
<trkpt lat="34.78111843621399" lon="128.04786586414312"><ele>45.89304526748972</ele></trkpt>
<trkpt lat="34.78116567826216" lon="128.04789453879516"><ele>45.55520222479424</ele></trkpt>
<trkpt lat="34.781207820966216" lon="128.04792958787542"><ele>45.2239631558642</ele></trkpt>
<trkpt lat="34.78124331629371" lon="128.04796897723693"><ele>44.91048257458848</ele></trkpt>
<trkpt lat="34.78127284550754" lon="128.04801256080495"><ele>44.617850651577506</ele></trkpt>
<trkpt lat="34.781298187800054" lon="128.04806211658823"><ele>44.34050325788752</ele></trkpt>
<trkpt lat="34.78132176504628" lon="128.04812039053814"><ele>44.0630787037037</ele></trkpt>
<trkpt lat="34.781367624421286" lon="128.04825327247966"><ele>43.52050057870371</ele></trkpt>
<trkpt lat="34.781390214656206" lon="128.04831700212682"><ele>43.293520769032924</ele></trkpt>
<trkpt lat="34.7814132090192" lon="128.04837598157798"><ele>43.10690072016462</ele></trkpt>
<trkpt lat="34.78143719200102" lon="128.04843138849822"><ele>42.94263117283951</ele></trkpt>
<trkpt lat="34.781461409679345" lon="128.04848164335445"><ele>42.77843106995885</ele></trkpt>
<trkpt lat="34.78148521840705" lon="128.04852412429503"><ele>42.59825102880658</ele></trkpt>
<trkpt lat="34.78150869170095" lon="128.04855752740693"><ele>42.40062414266118</ele></trkpt>
<trkpt lat="34.78153296039093" lon="128.04858377741306"><ele>42.19256515775034</ele></trkpt>
<trkpt lat="34.78155909636487" lon="128.0486053051918"><ele>41.968827160493824</ele></trkpt>
<trkpt lat="34.78158856052811" lon="128.04862416149876"><ele>41.69962277091906</ele></trkpt>
<trkpt lat="34.781622581447174" lon="128.04864174379864"><ele>41.34774348422497</ele></trkpt>
<trkpt lat="34.78166039094649" lon="128.04865804523837"><ele>40.9141975308642</ele></trkpt>
<trkpt lat="34.78169851851851" lon="128.04867133742673"><ele>40.44582990397806</ele></trkpt>
<trkpt lat="34.7817333127572" lon="128.04867925924938"><ele>39.994005486968454</ele></trkpt>
<trkpt lat="34.78176421810699" lon="128.04868069958997"><ele>39.562798353909464</ele></trkpt>
<trkpt lat="34.7817938034765" lon="128.04867621646747"><ele>39.11241351594651</ele></trkpt>
<trkpt lat="34.78182521272719" lon="128.0486668326893"><ele>38.603256494341565</ele></trkpt>
<trkpt lat="34.7818597508359" lon="128.04865337869876"><ele>38.04660333076132</ele></trkpt>
<trkpt lat="34.78189886745541" lon="128.04863523668394"><ele>37.48187328532236</ele></trkpt>
<trkpt lat="34.781945138781715" lon="128.04861064117512"><ele>36.94147001457476</ele></trkpt>
<trkpt lat="34.782001293402764" lon="128.04857798047132"><ele>36.416310763888895</ele></trkpt>
<trkpt lat="34.78206499999999" lon="128.04853884565748"><ele>35.89104166666667</ele></trkpt>
<trkpt lat="34.78212870659721" lon="128.0484977461053"><ele>35.35903645833334</ele></trkpt>
<trkpt lat="34.782184597800914" lon="128.04845890926205"><ele>34.81741898148149</ele></trkpt>
<trkpt lat="34.782230271990734" lon="128.04842317138386"><ele>34.25222511574075</ele></trkpt>
<trkpt lat="34.7822688454861" lon="128.04838835077248"><ele>33.65548611111112</ele></trkpt>
<trkpt lat="34.7823054542824" lon="128.04835072347373"><ele>33.03404803240741</ele></trkpt>
<trkpt lat="34.78234494212962" lon="128.0483060880972"><ele>32.390596064814815</ele></trkpt>
<trkpt lat="34.7824418142361" lon="128.04819033006984"><ele>31.004010416666667</ele></trkpt>
<trkpt lat="34.78249627893517" lon="128.0481294214897"><ele>30.292925347222226</ele></trkpt>
<trkpt lat="34.78255151041665" lon="128.04807695617268"><ele>29.610489004629635</ele></trkpt>
<trkpt lat="34.78260748842591" lon="128.04803584502613"><ele>28.958634259259263</ele></trkpt>
<trkpt lat="34.7826641753472" lon="128.0480042882878"><ele>28.328967013888892</ele></trkpt>
<trkpt lat="34.78271945891202" lon="128.04798002900563"><ele>27.7315769675926</ele></trkpt>
<trkpt lat="34.78277103877313" lon="128.0479620573386"><ele>27.181987847222224</ele></trkpt>
<trkpt lat="34.78281905092591" lon="128.0479498235235"><ele>26.676678240740742</ele></trkpt>
<trkpt lat="34.78286565972221" lon="128.04794214411265"><ele>26.197256944444447</ele></trkpt>
<trkpt lat="34.782913391203685" lon="128.0479381134308"><ele>25.73018518518519</ele></trkpt>
<trkpt lat="34.78296496527776" lon="128.04793754628895"><ele>25.264510995370376</ele></trkpt>
<trkpt lat="34.78302275462962" lon="128.04794065970123"><ele>24.787769097222228</ele></trkpt>
<trkpt lat="34.783086319444436" lon="128.0479474739236"><ele>24.302369791666667</ele></trkpt>
<trkpt lat="34.78315212962962" lon="128.04795849821258"><ele>23.838020833333335</ele></trkpt>
<trkpt lat="34.783216273148135" lon="128.04797464166575"><ele>23.43150420096022</ele></trkpt>
<trkpt lat="34.78327758487653" lon="128.0479966965728"><ele>23.09598679698217</ele></trkpt>
<trkpt lat="34.78333560185184" lon="128.04802381803006"><ele>22.82238586676955</ele></trkpt>
<trkpt lat="34.78338993055554" lon="128.04805532690725"><ele>22.595744705932788</ele></trkpt>
<trkpt lat="34.78344084104937" lon="128.04809275395297"><ele>22.40548085991084</ele></trkpt>
<trkpt lat="34.78349291666665" lon="128.04814208293263"><ele>22.234375000000004</ele></trkpt>
<trkpt lat="34.78355270061727" lon="128.0482103646082"><ele>22.06096107681756</ele></trkpt>
<trkpt lat="34.78362425925925" lon="128.04830026666448"><ele>21.8688511659808</ele></trkpt>
<trkpt lat="34.78370412037036" lon="128.04840470588135"><ele>21.66024434156379</ele></trkpt>
<trkpt lat="34.783848935185176" lon="128.04859684612035"><ele>21.261362311385458</ele></trkpt>
<trkpt lat="34.78389833333332" lon="128.04866166631587"><ele>21.090833333333332</ele></trkpt>
<trkpt lat="34.78393271947872" lon="128.04870526388257"><ele>20.923000685871056</ele></trkpt>
<trkpt lat="34.78395818587104" lon="128.04873506507488"><ele>20.739705075445816</ele></trkpt>
<trkpt lat="34.78398232510286" lon="128.04875958843024"><ele>20.5386316872428</ele></trkpt>
<trkpt lat="34.784010254629614" lon="128.04878410146304"><ele>20.34999485596708</ele></trkpt>
<trkpt lat="34.78404442644032" lon="128.0488109601605"><ele>20.207515432098766</ele></trkpt>
<trkpt lat="34.7840825488683" lon="128.04883868305166"><ele>20.129387860082307</ele></trkpt>
<trkpt lat="34.78412270233195" lon="128.04886612815434"><ele>20.10116598079561</ele></trkpt>
<trkpt lat="34.7841653094993" lon="128.04889354236005"><ele>20.10087620027435</ele></trkpt>
<trkpt lat="34.78421687499999" lon="128.0489249997221"><ele>20.112916666666667</ele></trkpt>
<trkpt lat="34.78437340534978" lon="128.04901637543352"><ele>20.163965192043896</ele></trkpt>
<trkpt lat="34.7845825643004" lon="128.0491363368191"><ele>20.23187414266118</ele></trkpt>
<trkpt lat="34.78468033693415" lon="128.0491918333264"><ele>20.25519633058985</ele></trkpt>
<trkpt lat="34.78476749999999" lon="128.04924062457044"><ele>20.263125</ele></trkpt>
<trkpt lat="34.78485007544581" lon="128.04928595553233"><ele>20.25370541838134</ele></trkpt>
<trkpt lat="34.785025781893" lon="128.04937995069628"><ele>20.196856995884776</ele></trkpt>
<trkpt lat="34.78511740397804" lon="128.0494278296455"><ele>20.167634602194788</ele></trkpt>
<trkpt lat="34.78520735939642" lon="128.04947357895907"><ele>20.15395233196159</ele></trkpt>
<trkpt lat="34.78529916666666" lon="128.04951833284412"><ele>20.16645833333333</ele></trkpt>
<trkpt lat="34.785401780692716" lon="128.04956615850227"><ele>20.21119598765432</ele></trkpt>
<trkpt lat="34.78552159379286" lon="128.04962028044292"><ele>20.287993827160495</ele></trkpt>
<trkpt lat="34.78565446244855" lon="128.04967921728553"><ele>20.390115740740747</ele></trkpt>
<trkpt lat="34.785786416323724" lon="128.04973682368015"><ele>20.50945216049383</ele></trkpt>
<trkpt lat="34.785903107853215" lon="128.04978640548177"><ele>20.644992283950618</ele></trkpt>
<trkpt lat="34.78599937499999" lon="128.04982499963316"><ele>20.80916666666667</ele></trkpt>
<trkpt lat="34.786080590277784" lon="128.0498543001733"><ele>21.02175582990398</ele></trkpt>
<trkpt lat="34.78615569830267" lon="128.04987798336504"><ele>21.29508573388203</ele></trkpt>
<trkpt lat="34.786230219908504" lon="128.04989882701025"><ele>21.622674897119342</ele></trkpt>
<trkpt lat="34.786305115744625" lon="128.0499176747476"><ele>21.988851165980797</ele></trkpt>
<trkpt lat="34.78638150078213" lon="128.04993454714838"><ele>22.393854595336077</ele></trkpt>
<trkpt lat="34.78646531252365" lon="128.0499499997479"><ele>22.874166666666667</ele></trkpt>
<trkpt lat="34.786565947833594" lon="128.04996543171177"><ele>23.486231138545953</ele></trkpt>
<trkpt lat="34.786689063862354" lon="128.04998209820053"><ele>24.259067215363515</ele></trkpt>
<trkpt lat="34.78682962588403" lon="128.04999999925826"><ele>25.150360082304527</ele></trkpt>
<trkpt lat="34.78710926586029" lon="128.05003456695252"><ele>26.892280521262006</ele></trkpt>
<trkpt lat="34.78723500017977" lon="128.0500499990289"><ele>27.62666666666667</ele></trkpt>
<trkpt lat="34.78749302600368" lon="128.05008165327158"><ele>28.992037476954337</ele></trkpt>
<trkpt lat="34.78776905138387" lon="128.0501154278078"><ele>30.358503841277845</ele></trkpt>
<trkpt lat="34.788003833848364" lon="128.0501437314595"><ele>31.524912536443153</ele></trkpt>
<trkpt lat="34.78822529506116" lon="128.05016944742542"><ele>32.67142047295109</ele></trkpt>
<trkpt lat="34.788493907516084" lon="128.05019972275034"><ele>34.10038386783285</ele></trkpt>
<trkpt lat="34.788631671255935" lon="128.0502149009461"><ele>34.837680596047946</ele></trkpt>
<trkpt lat="34.788754316758464" lon="128.0502279184966"><ele>35.494685779073535</ele></trkpt>
<trkpt lat="34.7888560058309" lon="128.0502378278578"><ele>36.03947521865889</ele></trkpt>
<trkpt lat="34.78894062682215" lon="128.0502447229535"><ele>36.492667638483965</ele></trkpt>
<trkpt lat="34.789017962375546" lon="128.0502493347437"><ele>36.90670650253752</ele></trkpt>
<trkpt lat="34.789097025522075" lon="128.05025249521952"><ele>37.3305351819458</ele></trkpt>
<trkpt lat="34.789181662986714" lon="128.0502547593345"><ele>37.78701700032394</ele></trkpt>
<trkpt lat="34.7892685802613" lon="128.05025623201698"><ele>38.263596134326754</ele></trkpt>
<trkpt lat="34.789353861565694" lon="128.05025665788568"><ele>38.747654218766876</ele></trkpt>
<trkpt lat="34.78943692148147" lon="128.0502556814927"><ele>39.244688888888895</ele></trkpt>
<trkpt lat="34.78952176296295" lon="128.05025322076216"><ele>39.77887555555556</ele></trkpt>
<trkpt lat="34.789609324444434" lon="128.05024957780546"><ele>40.3462</ele></trkpt>
<trkpt lat="34.78969573629629" lon="128.05024521632623"><ele>40.90705777777777</ele></trkpt>
<trkpt lat="34.78977665481481" lon="128.05024030373588"><ele>41.419177777777776</ele></trkpt>
<trkpt lat="34.789853781481476" lon="128.05023445904342"><ele>41.88210453703704</ele></trkpt>
<trkpt lat="34.78993311851851" lon="128.05022688465738"><ele>42.32875324074074</ele></trkpt>
<trkpt lat="34.79001812777777" lon="128.05021639666626"><ele>42.780433611111114</ele></trkpt>
<trkpt lat="34.790106412962956" lon="128.05020088769186"><ele>43.2195624074074</ele></trkpt>
<trkpt lat="34.79019365219489" lon="128.0501780051926"><ele>43.613207434842245</ele></trkpt>
<trkpt lat="34.79027753772407" lon="128.05014653140543"><ele>43.94196073388203</ele></trkpt>
<trkpt lat="34.79035681584969" lon="128.05010867148263"><ele>44.20414480452674</ele></trkpt>
<trkpt lat="34.790430392682495" lon="128.05006770726516"><ele>44.396447616598074</ele></trkpt>
<trkpt lat="34.790498522005535" lon="128.05002502631638"><ele>44.505116169410144</ele></trkpt>
<trkpt lat="34.79056708346285" lon="128.04997666749406"><ele>44.515</ele></trkpt>
<trkpt lat="34.79064465216978" lon="128.04991645542256"><ele>44.419284979423864</ele></trkpt>
<trkpt lat="34.79073705117257" lon="128.04984081139432"><ele>44.23003600823045</ele></trkpt>
<trkpt lat="34.790841271191795" lon="128.049753438951"><ele>43.9829475308642</ele></trkpt>
<trkpt lat="34.79104743063456" lon="128.04957867977583"><ele>43.53119855967078</ele></trkpt>
<trkpt lat="34.79114000098442" lon="128.04950000358903"><ele>43.41125</ele></trkpt>
<trkpt lat="34.79123259095692" lon="128.04942129980378"><ele>43.37740569272977</ele></trkpt>
<trkpt lat="34.79133256510328" lon="128.04933629953544"><ele>43.417187928669414</ele></trkpt>
<trkpt lat="34.791439854010726" lon="128.04924500275962"><ele>43.513050411522634</ele></trkpt>
<trkpt lat="34.79154689342223" lon="128.04915370583808"><ele>43.65664780521262</ele></trkpt>
<trkpt lat="34.79164601619585" lon="128.04906870523575"><ele>43.85931927297668</ele></trkpt>
<trkpt lat="34.79173687512951" lon="128.0489900011238"><ele>44.156666666666666</ele></trkpt>
<trkpt lat="34.79182655698496" lon="128.04891130068754"><ele>44.590348079561046</ele></trkpt>
<trkpt lat="34.79192228825862" lon="128.04882633497763"><ele>45.17314986282579</ele></trkpt>
<trkpt lat="34.79202402263981" lon="128.04873519643223"><ele>45.857247942386834</ele></trkpt>
<trkpt lat="34.79212409379403" lon="128.04864439044502"><ele>46.545171467764064</ele></trkpt>
<trkpt lat="34.79221414951998" lon="128.048560559705"><ele>47.14102709190673</ele></trkpt>
<trkpt lat="34.792292291666655" lon="128.04848416727012"><ele>47.60125</ele></trkpt>
<trkpt lat="34.79236433288751" lon="128.04840875805283"><ele>47.944424430727025</ele></trkpt>
<trkpt lat="34.79243750589848" lon="128.04832753161034"><ele>48.21553478737997</ele></trkpt>
<trkpt lat="34.79258910991083" lon="128.04815352535928"><ele>48.64831021947874</ele></trkpt>
<trkpt lat="34.7926562526406" lon="128.0480775479885"><ele>48.80312319615913</ele></trkpt>
<trkpt lat="34.79271342326388" lon="128.0480157434317"><ele>48.90418650462963</ele></trkpt>
<trkpt lat="34.79276407812499" lon="128.04796467506708"><ele>48.95769155092593</ele></trkpt>
<trkpt lat="34.792811959375" lon="128.04791961090717"><ele>48.97783076388889</ele></trkpt>
<trkpt lat="34.79285761944444" lon="128.0478788843727"><ele>48.97726092592593</ele></trkpt>
<trkpt lat="34.79289966296296" lon="128.04784334897374"><ele>48.961701481481484</ele></trkpt>
<trkpt lat="34.79293778703703" lon="128.04781337858404"><ele>48.93333592592593</ele></trkpt>
<trkpt lat="34.792974017013876" lon="128.0477874634657"><ele>48.89609118055556</ele></trkpt>
<trkpt lat="34.79301218530092" lon="128.04776324047805"><ele>48.8554255787037</ele></trkpt>
<trkpt lat="34.79305857997683" lon="128.04773756835857"><ele>48.815238587962966</ele></trkpt>
<trkpt lat="34.793120891851835" lon="128.0477068209741"><ele>48.77478962962963</ele></trkpt>
<trkpt lat="34.793203254814806" lon="128.04766869958928"><ele>48.731157037037036</ele></trkpt>
<trkpt lat="34.793397370370364" lon="128.04758098848026"><ele>48.63196592592593</ele></trkpt>
<trkpt lat="34.793480714074065" lon="128.04754237653424"><ele>48.57754518518519</ele></trkpt>
<trkpt lat="34.79354534463648" lon="128.04751040377045"><ele>48.51448932784637</ele></trkpt>
<trkpt lat="34.793596001371725" lon="128.04748236635118"><ele>48.43535692729767</ele></trkpt>
<trkpt lat="34.793640955390934" lon="128.0474541324211"><ele>48.333787983539096</ele></trkpt>
<trkpt lat="34.79368451426619" lon="128.04742395702516"><ele>48.212490809327846</ele></trkpt>
<trkpt lat="34.79372740672248" lon="128.0473918302788"><ele>48.076854869684496</ele></trkpt>
<trkpt lat="34.793767655725105" lon="128.0473593499694"><ele>47.93505646090535</ele></trkpt>
<trkpt lat="34.79380597889252" lon="128.04732573514016"><ele>47.78194430727024</ele></trkpt>
<trkpt lat="34.793845809731444" lon="128.04728735942015"><ele>47.59735264746228</ele></trkpt>
<trkpt lat="34.79389371269535" lon="128.04723765691597"><ele>47.347847407407414</ele></trkpt>
<trkpt lat="34.79395386759444" lon="128.04717264027482"><ele>47.01493037037038</ele></trkpt>
<trkpt lat="34.794024484732425" lon="128.04709501030084"><ele>46.61756888888889</ele></trkpt>
<trkpt lat="34.79417015747309" lon="128.04693365814282"><ele>45.83149185185186</ele></trkpt>
<trkpt lat="34.79423984191753" lon="128.04685635147612"><ele>45.500299259259265</ele></trkpt>
<trkpt lat="34.794385431399085" lon="128.0466953302993"><ele>44.904524444444455</ele></trkpt>
<trkpt lat="34.79445583648332" lon="128.04661854693728"><ele>44.63829185185186</ele></trkpt>
<trkpt lat="34.79451548602868" lon="128.0465555502409"><ele>44.41781037037038</ele></trkpt>
<trkpt lat="34.79456188893584" lon="128.04651014401492"><ele>44.250644444444454</ele></trkpt>
<trkpt lat="34.79459853112861" lon="128.0464792364392"><ele>44.12635555555557</ele></trkpt>
<trkpt lat="34.79463126667244" lon="128.0464568578607"><ele>44.03273333333334</ele></trkpt>
<trkpt lat="34.79466615778167" lon="128.04643764084463"><ele>43.9692888888889</ele></trkpt>
<trkpt lat="34.79471015556361" lon="128.04641752168573"><ele>43.94797777777779</ele></trkpt>
<trkpt lat="34.79477086964707" lon="128.0463931055753"><ele>43.98163111111111</ele></trkpt>
<trkpt lat="34.794852541513215" lon="128.04636240878722"><ele>44.07409777777778</ele></trkpt>
<trkpt lat="34.79505480599052" lon="128.0462889981045"><ele>44.41562222222222</ele></trkpt>
<trkpt lat="34.795155847481425" lon="128.04625266189626"><ele>44.68020888888889</ele></trkpt>
<trkpt lat="34.79525416303699" lon="128.04621733597037"><ele>45.048620740740745</ele></trkpt>
<trkpt lat="34.79535530821274" lon="128.0461809551421"><ele>45.541414814814814</ele></trkpt>
<trkpt lat="34.79555953262434" lon="128.046106703609"><ele>46.71702814814815</ele></trkpt>
<trkpt lat="34.79564474075818" lon="128.04607449077483"><ele>47.23875407407408</ele></trkpt>
<trkpt lat="34.79571188872201" lon="128.04604736173957"><ele>47.66184722222223</ele></trkpt>
<trkpt lat="34.795765208696935" lon="128.04602353948502"><ele>48.00812932098766</ele></trkpt>
<trkpt lat="34.79581069744212" lon="128.04600093223914"><ele>48.304976851851855</ele></trkpt>
<trkpt lat="34.79585293836465" lon="128.04597776706356"><ele>48.56223333333334</ele></trkpt>
<trkpt lat="34.795895458495735" lon="128.04595189203545"><ele>48.77539660493827</ele></trkpt>
<trkpt lat="34.795943854231" lon="128.0459192713602"><ele>48.94854166666667</ele></trkpt>
<trkpt lat="34.7960045495923" lon="128.0458753614293"><ele>49.096759259259265</ele></trkpt>
<trkpt lat="34.79608088155197" lon="128.0458181529816"><ele>49.23661265432099</ele></trkpt>
<trkpt lat="34.79616908852594" lon="128.04575106025945"><ele>49.372962962962966</ele></trkpt>
<trkpt lat="34.79634555301993" lon="128.04561593391878"><ele>49.59632716049383</ele></trkpt>
<trkpt lat="34.796425000488945" lon="128.04555500247935"><ele>49.661458333333336</ele></trkpt>
<trkpt lat="34.796590247741015" lon="128.04542835828062"><ele>49.69790980795611</ele></trkpt>
<trkpt lat="34.796682182661755" lon="128.045358259344"><ele>49.67941100823046</ele></trkpt>
<trkpt lat="34.79677357702523" lon="128.04528944930837"><ele>49.634383573388206</ele></trkpt>
<trkpt lat="34.79685750998325" lon="128.04522814699055"><ele>49.548368484224966</ele></trkpt>
<trkpt lat="34.796933229231" lon="128.04517614648378"><ele>49.39625</ele></trkpt>
<trkpt lat="34.79700645536129" lon="128.0451301423582"><ele>49.1532981824417</ele></trkpt>
<trkpt lat="34.797083612836374" lon="128.04508550794802"><ele>48.81256087105624</ele></trkpt>
<trkpt lat="34.79716614840835" lon="128.04504017142546"><ele>48.39892232510289</ele></trkpt>
<trkpt lat="34.79725063828932" lon="128.04499512597872"><ele>47.95792352537723</ele></trkpt>
<trkpt lat="34.79733446459195" lon="128.04495148487598"><ele>47.52382287379973</ele></trkpt>
<trkpt lat="34.797421249999985" lon="128.04490750047236"><ele>47.091041666666676</ele></trkpt>
<trkpt lat="34.79751962448558" lon="128.04485888436633"><ele>46.621504629629634</ele></trkpt>
<trkpt lat="34.79776470679011" lon="128.0447397076422"><ele>45.500115740740746</ele></trkpt>
<trkpt lat="34.79789336934155" lon="128.04467647197788"><ele>44.932245370370374</ele></trkpt>
<trkpt lat="34.798007587448545" lon="128.04461832881827"><ele>44.45468364197531</ele></trkpt>
<trkpt lat="34.79810249999999" lon="128.04456625048567"><ele>44.10458333333334</ele></trkpt>
<trkpt lat="34.79818399374485" lon="128.04451608144416"><ele>43.871119382716046</ele></trkpt>
<trkpt lat="34.79826130526748" lon="128.04446278987237"><ele>43.71956197530864</ele></trkpt>
<trkpt lat="34.79833969901234" lon="128.04440439683134"><ele>43.618767777777784</ele></trkpt>
<trkpt lat="34.79841772674896" lon="128.0443429006054"><ele>43.55805987654322</ele></trkpt>
<trkpt lat="34.79849320855966" lon="128.04427946660857"><ele>43.543857654320995</ele></trkpt>
<trkpt lat="34.798567253333324" lon="128.04421203302542"><ele>43.587936296296306</ele></trkpt>
<trkpt lat="34.79864407999999" lon="128.04413695012906"><ele>43.6909525925926</ele></trkpt>
<trkpt lat="34.798803106666654" lon="128.04397523899564"><ele>43.983739259259266</ele></trkpt>
<trkpt lat="34.79887551999999" lon="128.04390358852731"><ele>44.10980296296297</ele></trkpt>
<trkpt lat="34.79894197613425" lon="128.0438420762509"><ele>44.198836990740745</ele></trkpt>
<trkpt lat="34.79900745081018" lon="128.0437865501521"><ele>44.25691689814815</ele></trkpt>
<trkpt lat="34.79907528965277" lon="128.04373347101154"><ele>44.30138347222223</ele></trkpt>
<trkpt lat="34.799143796851844" lon="128.04368417835693"><ele>44.35421314814815</ele></trkpt>
<trkpt lat="34.79921000599536" lon="128.0436421191597"><ele>44.43588803240741</ele></trkpt>
<trkpt lat="34.799272699652775" lon="128.043609106012"><ele>44.55728298611111</ele></trkpt>
<trkpt lat="34.799332031249996" lon="128.0435839584109"><ele>44.71044270833334</ele></trkpt>
<trkpt lat="34.79938631076388" lon="128.0435655469276"><ele>44.87286458333334</ele></trkpt>
<trkpt lat="34.79943351273148" lon="128.04355357352415"><ele>45.02405381944445</ele></trkpt>
<trkpt lat="34.79947364872684" lon="128.043548136583"><ele>45.159991319444444</ele></trkpt>
<trkpt lat="34.79950934027777" lon="128.0435487933958"><ele>45.29385416666667</ele></trkpt>
<trkpt lat="34.79954390914351" lon="128.04355590564597"><ele>45.45129340277778</ele></trkpt>
<trkpt lat="34.799580457175914" lon="128.04357103872155"><ele>45.6630005787037</ele></trkpt>
<trkpt lat="34.7996211892361" lon="128.04359565964032"><ele>45.954282407407405</ele></trkpt>
<trkpt lat="34.79966598958332" lon="128.0436289582282"><ele>46.33519965277778</ele></trkpt>
<trkpt lat="34.79971247395832" lon="128.0436689929362"><ele>46.81856192129629</ele></trkpt>
<trkpt lat="34.799758226689804" lon="128.04371460440348"><ele>47.42761965277778</ele></trkpt>
<trkpt lat="34.79980296685184" lon="128.04376610114207"><ele>48.18093203703704</ele></trkpt>
<trkpt lat="34.799847285902764" lon="128.04382225010158"><ele>49.03528722222222</ele></trkpt>
<trkpt lat="34.79989198622683" lon="128.0438806641477"><ele>49.901081481481484</ele></trkpt>
<trkpt lat="34.799939302384246" lon="128.0439409153842"><ele>50.70398851851852</ele></trkpt>
<trkpt lat="34.79999406370369" lon="128.0440072262946"><ele>51.45171111111111</ele></trkpt>
<trkpt lat="34.800060074074054" lon="128.04408399506354"><ele>52.194742222222224</ele></trkpt>
<trkpt lat="34.8001348311111" lon="128.04416898612405"><ele>52.94713333333334</ele></trkpt>
<trkpt lat="34.800209300740725" lon="128.044252252855"><ele>53.65210222222223</ele></trkpt>
<trkpt lat="34.80027433037036" lon="128.04432313743675"><ele>54.233311111111114</ele></trkpt>
<trkpt lat="34.800327600548684" lon="128.04437813783977"><ele>54.66377574759946</ele></trkpt>
<trkpt lat="34.80037366776404" lon="128.0444213460926"><ele>54.9834877914952</ele></trkpt>
<trkpt lat="34.80041974979422" lon="128.0444593651637"><ele>55.273187983539096</ele></trkpt>
<trkpt lat="34.800469283511646" lon="128.04449517647777"><ele>55.60080982167353</ele></trkpt>
<trkpt lat="34.800522386117954" lon="128.04452882531808"><ele>56.00207017832648</ele></trkpt>
<trkpt lat="34.80057520131686" lon="128.04455861687225"><ele>56.45822534979424</ele></trkpt>
<trkpt lat="34.8006754305624" lon="128.04461138380614"><ele>57.47037536351166</ele></trkpt>
<trkpt lat="34.80072931408778" lon="128.0446411884025"><ele>58.08189414951989</ele></trkpt>
<trkpt lat="34.80079165891631" lon="128.0446773520978"><ele>58.82075860768176</ele></trkpt>
<trkpt lat="34.800861077078174" lon="128.0447193113654"><ele>59.65882207818931</ele></trkpt>
<trkpt lat="34.800931753113844" lon="128.04476481658955"><ele>60.515436570644724</ele></trkpt>
<trkpt lat="34.800998941248274" lon="128.04481340796485"><ele>61.32434970507545</ele></trkpt>
<trkpt lat="34.80106458333332" lon="128.0448695828505"><ele>62.102291666666666</ele></trkpt>
<trkpt lat="34.80113517061041" lon="128.04494017850658"><ele>62.92362911522634</ele></trkpt>
<trkpt lat="34.80121581189985" lon="128.04502868311292"><ele>63.84978909465021</ele></trkpt>
<trkpt lat="34.80130416923867" lon="128.045129656971"><ele>64.85695216049383</ele></trkpt>
<trkpt lat="34.801391112825776" lon="128.0452300488722"><ele>65.84191100823047</ele></trkpt>
<trkpt lat="34.80146692986967" lon="128.04531656743845"><ele>66.69230195473253</ele></trkpt>
<trkpt lat="34.80152770833332" lon="128.04538312459357"><ele>67.35958333333335</ele></trkpt>
<trkpt lat="34.80157711023232" lon="128.0454327276989"><ele>67.87991330161181</ele></trkpt>
<trkpt lat="34.801621738790274" lon="128.04547239149198"><ele>68.32400002143349</ele></trkpt>
<trkpt lat="34.801666764724786" lon="128.04550806218296"><ele>68.74714152520578</ele></trkpt>
<trkpt lat="34.80171345850479" lon="128.04554156110922"><ele>69.1589566186557</ele></trkpt>
<trkpt lat="34.80176208804869" lon="128.04557291882477"><ele>69.55272290809329</ele></trkpt>
<trkpt lat="34.801812650462956" lon="128.04560177364093"><ele>69.92027777777778</ele></trkpt>
<trkpt lat="34.80186483506944" lon="128.04562835061466"><ele>70.25976562500001</ele></trkpt>
<trkpt lat="34.80191673900462" lon="128.04565212088"><ele>70.5563107638889</ele></trkpt>
<trkpt lat="34.801967501821835" lon="128.0456725930726"><ele>70.79363308041839</ele></trkpt>
<trkpt lat="34.802018250171464" lon="128.04568979076362"><ele>70.96707904663923</ele></trkpt>
<trkpt lat="34.80207142618312" lon="128.04570430712508"><ele>71.09009773662551</ele></trkpt>
<trkpt lat="34.80212697487997" lon="128.04571585956126"><ele>71.175844478738</ele></trkpt>
<trkpt lat="34.80218348808299" lon="128.04572361956207"><ele>71.23045696159122</ele></trkpt>
<trkpt lat="34.80223921810698" lon="128.04572687242512"><ele>71.2538888888889</ele></trkpt>
<trkpt lat="34.80229363462276" lon="128.04572596516513"><ele>71.24909322359397</ele></trkpt>
<trkpt lat="34.802346434348415" lon="128.0457215270401"><ele>71.21981311385461</ele></trkpt>
<trkpt lat="34.80239666320987" lon="128.04571419509134"><ele>71.17083226337449</ele></trkpt>
<trkpt lat="34.80244527078188" lon="128.0457035671338"><ele>71.10141262002745</ele></trkpt>
<trkpt lat="34.802496234897106" lon="128.04568775401796"><ele>71.00190310013718</ele></trkpt>
<trkpt lat="34.802557143703694" lon="128.04566377056125"><ele>70.85483555555557</ele></trkpt>
<trkpt lat="34.80263271851851" lon="128.04563016323874"><ele>70.64976444444444</ele></trkpt>
<trkpt lat="34.80271932444444" lon="128.04558957809112"><ele>70.39682666666666</ele></trkpt>
<trkpt lat="34.802804780740736" lon="128.04554827435115"><ele>70.1214711111111</ele></trkpt>
<trkpt lat="34.80287643259258" lon="128.0455122150085"><ele>69.83990222222222</ele></trkpt>
<trkpt lat="34.802929380521256" lon="128.04548313838524"><ele>69.53758041152264</ele></trkpt>
<trkpt lat="34.80296760795609" lon="128.0454581901893"><ele>69.1895341563786</ele></trkpt>
<trkpt lat="34.80299935637859" lon="128.04543162227512"><ele>68.79057234567902</ele></trkpt>
<trkpt lat="34.80303098156292" lon="128.04539852305783"><ele>68.38497393004116</ele></trkpt>
<trkpt lat="34.80306545007286" lon="128.04535607585692"><ele>68.02399718106996</ele></trkpt>
<trkpt lat="34.80310163355195" lon="128.04530565982674"><ele>67.73758487654322</ele></trkpt>
<trkpt lat="34.803138077846356" lon="128.0452483874689"><ele>67.49926954732511</ele></trkpt>
<trkpt lat="34.80317417009601" lon="128.04518350323877"><ele>67.26231995884775</ele></trkpt>
<trkpt lat="34.80321145833332" lon="128.04510817148514"><ele>66.98384259259261</ele></trkpt>
<trkpt lat="34.803290373263884" lon="128.04493938677362"><ele>66.28335648148148</ele></trkpt>
<trkpt lat="34.80333000578703" lon="128.04486095214244"><ele>65.87223958333334</ele></trkpt>
<trkpt lat="34.80336969039351" lon="128.04479122411487"><ele>65.41627893518519</ele></trkpt>
<trkpt lat="34.80340983506944" lon="128.0447284636855"><ele>64.93022569444445</ele></trkpt>
<trkpt lat="34.80344969907407" lon="128.04467159735015"><ele>64.46157407407406</ele></trkpt>
<trkpt lat="34.803488069701736" lon="128.0446209993389"><ele>64.06277520576131</ele></trkpt>
<trkpt lat="34.80352492412654" lon="128.04457625396267"><ele>63.751777263374485</ele></trkpt>
<trkpt lat="34.80356072820748" lon="128.04453591158293"><ele>63.50747492283951</ele></trkpt>
<trkpt lat="34.803596645787714" lon="128.04449775386416"><ele>63.28855388374486</ele></trkpt>
<trkpt lat="34.80363516755312" lon="128.04445874362887"><ele>63.04873006687244</ele></trkpt>
<trkpt lat="34.80368218761354" lon="128.0444130215664"><ele>62.73312500000001</ele></trkpt>
<trkpt lat="34.80382509295913" lon="128.04427860621544"><ele>61.704905692729774</ele></trkpt>
<trkpt lat="34.80401723450014" lon="128.0440999769615"><ele>60.30909550754458</ele></trkpt>
<trkpt lat="34.804195000863004" lon="128.0439350034633"><ele>59.10958333333333</ele></trkpt>
<trkpt lat="34.80428060996008" lon="128.04385556108002"><ele>58.60473593964335</ele></trkpt>
<trkpt lat="34.80447027703149" lon="128.0436793840492"><ele>57.59457818930042</ele></trkpt>
<trkpt lat="34.80456405043513" lon="128.04359191210878"><ele>57.101030521262004</ele></trkpt>
<trkpt lat="34.80464324824672" lon="128.04351733366215"><ele>56.65634087791495</ele></trkpt>
<trkpt lat="34.804702604280216" lon="128.04346010488175"><ele>56.264583333333334</ele></trkpt>
<trkpt lat="34.80474465936554" lon="128.04341733670944"><ele>55.89090695730453</ele></trkpt>
<trkpt lat="34.80477593226749" lon="128.04338243232928"><ele>55.4969827031893</ele></trkpt>
<trkpt lat="34.804802988366944" lon="128.04334847327976"><ele>55.07625675154321</ele></trkpt>
<trkpt lat="34.804830207905695" lon="128.04330980590004"><ele>54.67840534979424</ele></trkpt>
<trkpt lat="34.804860749207045" lon="128.04326115109666"><ele>54.36493955761318</ele></trkpt>
<trkpt lat="34.80489609664351" lon="128.04319956034874"><ele>54.16690972222222</ele></trkpt>
<trkpt lat="34.8049353298611" lon="128.0431268665094"><ele>54.046536458333335</ele></trkpt>
<trkpt lat="34.80497512442129" lon="128.0430488398856"><ele>53.920269097222224</ele></trkpt>
<trkpt lat="34.80501250289351" lon="128.04296999438174"><ele>53.69728298611111</ele></trkpt>
<trkpt lat="34.80504664351851" lon="128.04289109679874"><ele>53.33178819444445</ele></trkpt>
<trkpt lat="34.80507785590276" lon="128.0428128039603"><ele>52.85317708333334</ele></trkpt>
<trkpt lat="34.80510541956017" lon="128.04273928252098"><ele>52.345937500000005</ele></trkpt>
<trkpt lat="34.80512792831017" lon="128.04267567933664"><ele>51.891738796296295</ele></trkpt>
<trkpt lat="34.80514503629628" lon="128.0426230367153"><ele>51.51976148148148</ele></trkpt>
<trkpt lat="34.805158057777774" lon="128.04257726816107"><ele>51.21122597222222</ele></trkpt>
<trkpt lat="34.805168885185175" lon="128.04253119274907"><ele>50.927496064814825</ele></trkpt>
<trkpt lat="34.80517928814814" lon="128.04247538152148"><ele>50.623831157407416</ele></trkpt>
<trkpt lat="34.80519087185204" lon="128.04239958380612"><ele>50.252887407407414</ele></trkpt>
<trkpt lat="34.80522156223338" lon="128.0421765379702"><ele>49.242315555555564</ele></trkpt>
<trkpt lat="34.805240930409525" lon="128.04204902098488"><ele>48.68580148148149</ele></trkpt>
<trkpt lat="34.8052639830689" lon="128.0419274951644"><ele>48.17404296296297</ele></trkpt>
<trkpt lat="34.80529312171334" lon="128.04181290129162"><ele>47.718576296296305</ele></trkpt>
<trkpt lat="34.80533019671831" lon="128.04169835342816"><ele>47.29238814814816</ele></trkpt>
<trkpt lat="34.80537372509422" lon="128.04158067668183"><ele>46.876315555555564</ele></trkpt>
<trkpt lat="34.80541933715483" lon="128.04146414948733"><ele>46.47949925925926</ele></trkpt>
<trkpt lat="34.80546352246535" lon="128.0413535244054"><ele>46.119020740740744</ele></trkpt>
<trkpt lat="34.805550713451126" lon="128.04113613022778"><ele>45.47324444444445</ele></trkpt>
<trkpt lat="34.80559652953866" lon="128.0410207611252"><ele>45.152786666666664</ele></trkpt>
<trkpt lat="34.8056406930146" lon="128.0409066852777"><ele>44.837071111111115</ele></trkpt>
<trkpt lat="34.80567928319483" lon="128.04080072499215"><ele>44.535382222222225</ele></trkpt>
<trkpt lat="34.805711151436526" lon="128.04070288503763"><ele>44.241122839506176</ele></trkpt>
<trkpt lat="34.80573816368799" lon="128.04060747061337"><ele>43.93727469135803</ele></trkpt>
<trkpt lat="34.80576220733626" lon="128.04051197945867"><ele>43.62281666666667</ele></trkpt>
<trkpt lat="34.805783857231226" lon="128.04041828733645"><ele>43.31287901234568</ele></trkpt>
<trkpt lat="34.80580286491102" lon="128.040328312016"><ele>43.02207345679013</ele></trkpt>
<trkpt lat="34.80581999999999" lon="128.04023666684182"><ele>42.739583333333336</ele></trkpt>
<trkpt lat="34.80583697616609" lon="128.04013326238697"><ele>42.43677211934157</ele></trkpt>
<trkpt lat="34.805855318074" lon="128.04001113108862"><ele>42.091329732510296</ele></trkpt>
<trkpt lat="34.80589486284951" lon="128.03973687956318"><ele>41.33789609053499</ele></trkpt>
<trkpt lat="34.80591348857584" lon="128.03961162663364"><ele>41.00692644032923</ele></trkpt>
<trkpt lat="34.80593104181081" lon="128.039501875282"><ele>40.733541666666675</ele></trkpt>
<trkpt lat="34.8059491383381" lon="128.03939948176964"><ele>40.50030541152264</ele></trkpt>
<trkpt lat="34.80596939597222" lon="128.03929401849433"><ele>40.2755116872428</ele></trkpt>
<trkpt lat="34.805992036727005" lon="128.03918142226723"><ele>40.02655660493828</ele></trkpt>
<trkpt lat="34.8060155691844" lon="128.03906666436706"><ele>39.71853508230453</ele></trkpt>
<trkpt lat="34.8060386909425" lon="128.03895468838746"><ele>39.293807880658434</ele></trkpt>
<trkpt lat="34.80606131969421" lon="128.03884531580184"><ele>38.68967397805213</ele></trkpt>
<trkpt lat="34.80608452693473" lon="128.03873336543143"><ele>37.87945425240055</ele></trkpt>
<trkpt lat="34.806132319648476" lon="128.03850649692188"><ele>35.97256005486969</ele></trkpt>
<trkpt lat="34.80615550042314" lon="128.03840191046365"><ele>35.11982459533608</ele></trkpt>
<trkpt lat="34.80617937514413" lon="128.03830125037146"><ele>34.39541666666667</ele></trkpt>
<trkpt lat="34.80620658999918" lon="128.03819437283806"><ele>33.74612911522634</ele></trkpt>
<trkpt lat="34.80623904023472" lon="128.03807302003105"><ele>33.10274434156379</ele></trkpt>
<trkpt lat="34.80627590407992" lon="128.03793941411618"><ele>32.4410262345679</ele></trkpt>
<trkpt lat="34.806314306447106" lon="128.03780481022474"><ele>31.78105452674897</ele></trkpt>
<trkpt lat="34.80635200669066" lon="128.03768005203764"><ele>31.14362911522634</ele></trkpt>
<trkpt lat="34.806389896033295" lon="128.03756625076224"><ele>30.506458333333335</ele></trkpt>
<trkpt lat="34.806431474579064" lon="128.03745475933312"><ele>29.808627400548698</ele></trkpt>
<trkpt lat="34.806479530823815" lon="128.03733633902849"><ele>29.003134430727023</ele></trkpt>
<trkpt lat="34.806532965199445" lon="128.03721029528182"><ele>28.10889146090535</ele></trkpt>
<trkpt lat="34.806587189596826" lon="128.03708475039718"><ele>27.20425325788752</ele></trkpt>
<trkpt lat="34.806685001519774" lon="128.03686000274368"><ele>25.593333333333337</ele></trkpt>
<trkpt lat="34.8067827562978" lon="128.0366357260459"><ele>24.031143689986287</ele></trkpt>
<trkpt lat="34.806889441660594" lon="128.03639223748127"><ele>22.36578875171468</ele></trkpt>
<trkpt lat="34.80693574326905" lon="128.03628843380062"><ele>21.665996227709186</ele></trkpt>
<trkpt lat="34.80697385436664" lon="128.03620583393345"><ele>21.122083333333332</ele></trkpt>
<trkpt lat="34.80700641651994" lon="128.03613950297805"><ele>20.704909443587105</ele></trkpt>
<trkpt lat="34.80703751364317" lon="128.03608070205357"><ele>20.356689064643344</ele></trkpt>
<trkpt lat="34.80706983379281" lon="128.0360230856146"><ele>20.0307410622428</ele></trkpt>
<trkpt lat="34.80710299682965" lon="128.03596649961497"><ele>19.715893347050756</ele></trkpt>
<trkpt lat="34.8071359997644" lon="128.0359126788622"><ele>19.414420438957478</ele></trkpt>
<trkpt lat="34.807168532986104" lon="128.0358625579662"><ele>19.129976851851854</ele></trkpt>
<trkpt lat="34.807201979166656" lon="128.0358141754476"><ele>18.859730902777784</ele></trkpt>
<trkpt lat="34.80723879340277" lon="128.03576438959615"><ele>18.60604456018519</ele></trkpt>
<trkpt lat="34.807282476851846" lon="128.0357090540038"><ele>18.370335648148153</ele></trkpt>
<trkpt lat="34.80733574363425" lon="128.03564506391035"><ele>18.150703125000003</ele></trkpt>
<trkpt lat="34.80739763888888" lon="128.0355733509917"><ele>17.947317708333333</ele></trkpt>
<trkpt lat="34.80746402488424" lon="128.03549883132007"><ele>17.77340277777778</ele></trkpt>
<trkpt lat="34.80753153645832" lon="128.0354259667254"><ele>17.647566550925927</ele></trkpt>
<trkpt lat="34.80760002893518" lon="128.03535541116884"><ele>17.57781539351852</ele></trkpt>
<trkpt lat="34.807669835069426" lon="128.03528631973185"><ele>17.555121527777782</ele></trkpt>
<trkpt lat="34.807739360532395" lon="128.03521947364928"><ele>17.566669560185186</ele></trkpt>
<trkpt lat="34.807806976273135" lon="128.03515605059377"><ele>17.605601851851855</ele></trkpt>
<trkpt lat="34.80787307291666" lon="128.0350956917849"><ele>17.669603587962964</ele></trkpt>
<trkpt lat="34.807938020833326" lon="128.03503813389872"><ele>17.75032986111111</ele></trkpt>
<trkpt lat="34.807999600694444" lon="128.03498590874534"><ele>17.83161747685185</ele></trkpt>
<trkpt lat="34.80805503472222" lon="128.03494251170252"><ele>17.89759548611111</ele></trkpt>
<trkpt lat="34.80810425347222" lon="128.03490901050222"><ele>17.941585648148145</ele></trkpt>
<trkpt lat="34.80815" lon="128.03488346360163"><ele>17.966258680555555</ele></trkpt>
<trkpt lat="34.80819574652778" lon="128.03486381080918"><ele>17.97605613425926</ele></trkpt>
<trkpt lat="34.808244982638875" lon="128.03484907121504"><ele>17.972870370370373</ele></trkpt>
<trkpt lat="34.80830059027776" lon="128.03483888891387"><ele>17.956767939814817</ele></trkpt>
<trkpt lat="34.80836296874999" lon="128.03483296876198"><ele>17.929227430555557</ele></trkpt>
<trkpt lat="34.80843039930555" lon="128.03483210068225"><ele>17.89186342592593</ele></trkpt>
<trkpt lat="34.80850142717594" lon="128.03483783425588"><ele>17.845022500000002</ele></trkpt>
<trkpt lat="34.808576488518696" lon="128.0348510765748"><ele>17.788286851851854</ele></trkpt>
<trkpt lat="34.80865446361203" lon="128.0348702532051"><ele>17.725075902777775</ele></trkpt>
<trkpt lat="34.80873246157729" lon="128.03489263872106"><ele>17.662169560185184</ele></trkpt>
<trkpt lat="34.808809341768" lon="128.03491670975347"><ele>17.605572384259258</ele></trkpt>
<trkpt lat="34.80888972298208" lon="128.03494361145422"><ele>17.555392592592593</ele></trkpt>
<trkpt lat="34.808979572627386" lon="128.03497508975767"><ele>17.50796740740741</ele></trkpt>
<trkpt lat="34.80918027266338" lon="128.03504740937282"><ele>17.41515851851852</ele></trkpt>
<trkpt lat="34.80937227119224" lon="128.0351171959587"><ele>17.332496296296302</ele></trkpt>
<trkpt lat="34.809570853386916" lon="128.03518983027476"><ele>17.250422222222227</ele></trkpt>
<trkpt lat="34.809669242257016" lon="128.03522668678724"><ele>17.20949925925926</ele></trkpt>
<trkpt lat="34.80975707113022" lon="128.035261196623"><ele>17.17151851851852</ele></trkpt>
<trkpt lat="34.809833046675394" lon="128.0352937078734"><ele>17.136168888888893</ele></trkpt>
<trkpt lat="34.80990218666989" lon="128.0353265138639"><ele>17.101195555555556</ele></trkpt>
<trkpt lat="34.809968860000915" lon="128.03536109758772"><ele>17.06576</ele></trkpt>
<trkpt lat="34.81003359333351" lon="128.03539754944083"><ele>17.031617777777775</ele></trkpt>
<trkpt lat="34.810096113333344" lon="128.03543673015986"><ele>17.001057777777778</ele></trkpt>
<trkpt lat="34.81015876144736" lon="128.03548127448147"><ele>16.974414801097392</ele></trkpt>
<trkpt lat="34.81022531814327" lon="128.03553377544955"><ele>16.94992379972565</ele></trkpt>
<trkpt lat="34.81029566916662" lon="128.0355929897531"><ele>16.925862181069956</ele></trkpt>
<trkpt lat="34.81036636947352" lon="128.0356554309639"><ele>16.900909108367628</ele></trkpt>
<trkpt lat="34.810434654137" lon="128.03571940490312"><ele>16.87321233196159</ele></trkpt>
<trkpt lat="34.810503958551664" lon="128.0357895821924"><ele>16.838749999999997</ele></trkpt>
<trkpt lat="34.810581717669976" lon="128.0358741047948"><ele>16.79290809327846</ele></trkpt>
<trkpt lat="34.8106733271794" lon="128.03597799448522"><ele>16.73428840877915</ele></trkpt>
<trkpt lat="34.81077612500897" lon="128.0360968533327"><ele>16.668909465020576</ele></trkpt>
<trkpt lat="34.8109789719144" lon="128.03633354640462"><ele>16.57426611796982</ele></trkpt>
<trkpt lat="34.81116101581015" lon="128.03654643220736"><ele>16.617457133058988</ele></trkpt>
<trkpt lat="34.81136299743695" lon="128.03678245519555"><ele>16.807834362139918</ele></trkpt>
<trkpt lat="34.8114635878104" lon="128.0368995994546"><ele>16.920639574759946</ele></trkpt>
<trkpt lat="34.811549934405235" lon="128.03699939807152"><ele>17.01949417009602</ele></trkpt>
<trkpt lat="34.811617291885" lon="128.0370758323114"><ele>17.095833333333335</ele></trkpt>
<trkpt lat="34.81166929461453" lon="128.0371326118928"><ele>17.152762881515777</ele></trkpt>
<trkpt lat="34.811713003615324" lon="128.0371777023868"><ele>17.19935774605624</ele></trkpt>
<trkpt lat="34.811753815275154" lon="128.0372175419662"><ele>17.246118505658437</ele></trkpt>
<trkpt lat="34.8117922599471" lon="128.03725334009545"><ele>17.303432784636488</ele></trkpt>
<trkpt lat="34.81182692213323" lon="128.0372839100331"><ele>17.38086120713306</ele></trkpt>
<trkpt lat="34.81185694740739" lon="128.03730827977293"><ele>17.482660555555558</ele></trkpt>
<trkpt lat="34.8118842254861" lon="128.0373280115606"><ele>17.60139854166667</ele></trkpt>
<trkpt lat="34.81191268553239" lon="128.03734602621992"><ele>17.721610069444445</ele></trkpt>
<trkpt lat="34.81194846141202" lon="128.03736614835077"><ele>17.830021319444445</ele></trkpt>
<trkpt lat="34.811998328888876" lon="128.03739207686553"><ele>17.925520000000002</ele></trkpt>
<trkpt lat="34.81214727999999" lon="128.03746559082253"><ele>18.101706666666665</ele></trkpt>
<trkpt lat="34.81223253777777" lon="128.03750636713613"><ele>18.18312</ele></trkpt>
<trkpt lat="34.8123133511111" lon="128.03754354348047"><ele>18.25316444444444</ele></trkpt>
<trkpt lat="34.81238942972222" lon="128.03757622235958"><ele>18.310539930555557</ele></trkpt>
<trkpt lat="34.812466206944435" lon="128.03760652227913"><ele>18.357100347222225</ele></trkpt>
<trkpt lat="34.81254739416666" lon="128.03763612663832"><ele>18.389067708333336</ele></trkpt>
<trkpt lat="34.812631164444426" lon="128.03766403744726"><ele>18.388644444444445</ele></trkpt>
<trkpt lat="34.812714663287025" lon="128.0376882181509"><ele>18.33100289351852</ele></trkpt>
<trkpt lat="34.812797320601845" lon="128.03770762433584"><ele>18.201906828703706</ele></trkpt>
<trkpt lat="34.8128803298611" lon="128.03772285583682"><ele>18.01482638888889</ele></trkpt>
<trkpt lat="34.81296390046296" lon="128.03773443860865"><ele>17.801924189814816</ele></trkpt>
<trkpt lat="34.813048972800914" lon="128.03774246524753"><ele>17.59070601851852</ele></trkpt>
<trkpt lat="34.813137717013866" lon="128.03774691549583"><ele>17.386050347222227</ele></trkpt>
<trkpt lat="34.81323049479166" lon="128.03774818576503"><ele>17.17322916666667</ele></trkpt>
<trkpt lat="34.81332411458332" lon="128.03774636865165"><ele>16.923359375</ele></trkpt>
<trkpt lat="34.81341550347221" lon="128.03774098094135"><ele>16.601067708333336</ele></trkpt>
<trkpt lat="34.813504965277765" lon="128.0377315046907"><ele>16.184010416666666</ele></trkpt>
<trkpt lat="34.81359351562499" lon="128.03771835077134"><ele>15.693567708333335</ele></trkpt>
<trkpt lat="34.81367953993055" lon="128.03770239013096"><ele>15.192178819444445</ele></trkpt>
<trkpt lat="34.81375984340415" lon="128.03768438205861"><ele>14.74503797004913</ele></trkpt>
<trkpt lat="34.81383346540631" lon="128.03766456453857"><ele>14.379131708238853</ele></trkpt>
<trkpt lat="34.81390033902415" lon="128.03764385358042"><ele>14.090293013038552</ele></trkpt>
<trkpt lat="34.81396139412491" lon="128.03762310343953"><ele>13.864208593159487</ele></trkpt>
<trkpt lat="34.814018450405655" lon="128.03760240155114"><ele>13.69321912792895</ele></trkpt>
<trkpt lat="34.814077900909616" lon="128.0375795413332"><ele>13.566122448979593</ele></trkpt>
<trkpt lat="34.81414873184685" lon="128.03755102131635"><ele>13.469591836734695</ele></trkpt>
<trkpt lat="34.81435260573731" lon="128.0374660978326"><ele>13.314320267789657</ele></trkpt>
<trkpt lat="34.814613660312084" lon="128.0373560025466"><ele>13.17547673037469</ele></trkpt>
<trkpt lat="34.81484734736876" lon="128.03725725578477"><ele>13.066822157434403</ele></trkpt>
<trkpt lat="34.81495265349121" lon="128.03721275141157"><ele>13.024198250728864</ele></trkpt>
<trkpt lat="34.81518644726814" lon="128.0371139325771"><ele>12.942955944282478</ele></trkpt>
<trkpt lat="34.81544933827159" lon="128.0370026106455"><ele>12.858069322967285</ele></trkpt>
<trkpt lat="34.81566307587016" lon="128.03691110885205"><ele>12.781705539358603</ele></trkpt>
<trkpt lat="34.81574518953935" lon="128.03687506623228"><ele>12.744723032069974</ele></trkpt>
<trkpt lat="34.8158216903082" lon="128.0368406550309"><ele>12.703051432890618</ele></trkpt>
<trkpt lat="34.81598755950925" lon="128.0367644656589"><ele>12.597506018788469</ele></trkpt>
<trkpt lat="34.816077271742024" lon="128.03672372593704"><ele>12.541204362379874</ele></trkpt>
<trkpt lat="34.81616693940182" lon="128.03668453681615"><ele>12.492418974192852</ele></trkpt>
<trkpt lat="34.8162566311111" lon="128.03664778397106"><ele>12.455887407407408</ele></trkpt>
<trkpt lat="34.816350475555545" lon="128.03661191879237"><ele>12.430214814814816</ele></trkpt>
<trkpt lat="34.81644797333333" lon="128.03657660471526"><ele>12.411182222222223</ele></trkpt>
<trkpt lat="34.81654202222221" lon="128.03654402096944"><ele>12.394161481481481</ele></trkpt>
<trkpt lat="34.81662409777777" lon="128.0365174727515"><ele>12.375354074074075</ele></trkpt>
<trkpt lat="34.81669197629628" lon="128.03649835861268"><ele>12.35142962962963</ele></trkpt>
<trkpt lat="34.81675034814813" lon="128.0364854104234"><ele>12.320548148148147</ele></trkpt>
<trkpt lat="34.81680491555554" lon="128.03647643558824"><ele>12.284155555555555</ele></trkpt>
<trkpt lat="34.816859339259246" lon="128.03646990372584"><ele>12.246325925925927</ele></trkpt>
<trkpt lat="34.816917220740734" lon="128.03646529186648"><ele>12.210540740740742</ele></trkpt>
<trkpt lat="34.81698411999999" lon="128.03646240889722"><ele>12.177066666666668</ele></trkpt>
<trkpt lat="34.81706447555555" lon="128.0364609377812"><ele>12.14348888888889</ele></trkpt>
<trkpt lat="34.81715550666665" lon="128.03646050666617"><ele>12.107466666666667</ele></trkpt>
<trkpt lat="34.81724739999999" lon="128.03646093777317"><ele>12.067133333333334</ele></trkpt>
<trkpt lat="34.81733069777777" lon="128.03646240887852"><ele>12.018844444444445</ele></trkpt>
<trkpt lat="34.81740332" lon="128.03646528294493"><ele>11.956767407407408</ele></trkpt>
<trkpt lat="34.81746999555555" lon="128.03646980589932"><ele>11.87713037037037</ele></trkpt>
<trkpt lat="34.81753550666666" lon="128.03647592885324"><ele>11.78440888888889</ele></trkpt>
<trkpt lat="34.81760188" lon="128.03648363254337"><ele>11.690681481481482</ele></trkpt>
<trkpt lat="34.817671497777766" lon="128.03649354955382"><ele>11.607611851851852</ele></trkpt>
<trkpt lat="34.81774920338133" lon="128.03650677581467"><ele>11.539180637860081</ele></trkpt>
<trkpt lat="34.81783934879971" lon="128.03652389411002"><ele>11.481927263374486</ele></trkpt>
<trkpt lat="34.81803938071329" lon="128.03656331749195"><ele>11.389889794238684</ele></trkpt>
<trkpt lat="34.81813358733194" lon="128.03658057455064"><ele>11.357426316872427</ele></trkpt>
<trkpt lat="34.818223541666654" lon="128.03659479154163"><ele>11.336041666666667</ele></trkpt>
<trkpt lat="34.818317854938265" lon="128.03660693489306"><ele>11.324681069958846</ele></trkpt>
<trkpt lat="34.81842378858023" lon="128.03661834520867"><ele>11.320697016460905</ele></trkpt>
<trkpt lat="34.81853912037035" lon="128.03662946232063"><ele>11.321172839506172</ele></trkpt>
<trkpt lat="34.8186529552469" lon="128.03663966466962"><ele>11.323644547325104</ele></trkpt>
<trkpt lat="34.818753780864185" lon="128.0366479534522"><ele>11.326471193415639</ele></trkpt>
<trkpt lat="34.81883770833331" lon="128.0366537499521"><ele>11.328958333333336</ele></trkpt>
<trkpt lat="34.818910094026045" lon="128.03665721112844"><ele>11.331074588477367</ele></trkpt>
<trkpt lat="34.81897915311384" lon="128.03665890599893"><ele>11.332901646090535</ele></trkpt>
<trkpt lat="34.81904961874484" lon="128.03665936901146"><ele>11.33410339506173</ele></trkpt>
<trkpt lat="34.81912043947186" lon="128.0366587582367"><ele>11.333564917695474</ele></trkpt>
<trkpt lat="34.819190189087784" lon="128.03665678894612"><ele>11.32943878600823</ele></trkpt>
<trkpt lat="34.819260441481475" lon="128.03665297336298"><ele>11.319875555555555</ele></trkpt>
<trkpt lat="34.81933506962962" lon="128.03664711559858"><ele>11.304275555555556</ele></trkpt>
<trkpt lat="34.81941356444444" lon="128.03663974671602"><ele>11.28424</ele></trkpt>
<trkpt lat="34.819555908148146" lon="128.03662461781312"><ele>11.24289777777778</ele></trkpt>
<trkpt lat="34.81965695407406" lon="128.03661124891315"><ele>11.20740888888889</ele></trkpt>
<trkpt lat="34.8197005911111" lon="128.03660373336365"><ele>11.190000000000001</ele></trkpt>
<trkpt lat="34.81974523407406" lon="128.0365940622731"><ele>11.17259111111111</ele></trkpt>
<trkpt lat="34.819795210370366" lon="128.03658004454033"><ele>11.155244444444444</ele></trkpt>
<trkpt lat="34.81985582411522" lon="128.03655925288896"><ele>11.137224615912208</ele></trkpt>
<trkpt lat="34.81993058477365" lon="128.03653056735425"><ele>11.117511762688615</ele></trkpt>
<trkpt lat="34.82001611530863" lon="128.0364959647578"><ele>11.096421625514404</ele></trkpt>
<trkpt lat="34.82010489860082" lon="128.03645892934173"><ele>11.075392071330592</ele></trkpt>
<trkpt lat="34.8201914438683" lon="128.03642165924424"><ele>11.055722146776407</ele></trkpt>
<trkpt lat="34.82027916666666" lon="128.03638229210736"><ele>11.036875</ele></trkpt>
<trkpt lat="34.8203771622085" lon="128.0363365832473"><ele>11.016964163237311</ele></trkpt>
<trkpt lat="34.820620097736615" lon="128.0362204895148"><ele>10.9676054526749</ele></trkpt>
<trkpt lat="34.82074827503428" lon="128.0361600256139"><ele>10.937022462277094</ele></trkpt>
<trkpt lat="34.82086376714677" lon="128.03610806469763"><ele>10.900266632373116</ele></trkpt>
<trkpt lat="34.82096291666666" lon="128.03606812538183"><ele>10.852083333333336</ele></trkpt>
<trkpt lat="34.82105258873799" lon="128.0360385295754"><ele>10.785350850480112</ele></trkpt>
<trkpt lat="34.82114190019204" lon="128.0360153421649"><ele>10.696627873799729</ele></trkpt>
<trkpt lat="34.821233891399174" lon="128.0359955047844"><ele>10.591109588477368</ele></trkpt>
<trkpt lat="34.821322212414266" lon="128.03597845598475"><ele>10.483327503429356</ele></trkpt>
<trkpt lat="34.82139828503429" lon="128.0359649182901"><ele>10.387773072702334</ele></trkpt>
<trkpt lat="34.82145817622685" lon="128.03595544691933"><ele>10.31083990740741</ele></trkpt>
<trkpt lat="34.82150561516203" lon="128.0359494545349"><ele>10.24863564814815</ele></trkpt>
<trkpt lat="34.821546969930544" lon="128.03594593021728"><ele>10.194899722222223</ele></trkpt>
<trkpt lat="34.821587510370364" lon="128.03594426666845"><ele>10.146826481481481</ele></trkpt>
<trkpt lat="34.8216300745336" lon="128.0359444229722"><ele>10.104996783264745</ele></trkpt>
<trkpt lat="34.821676042524" lon="128.03594636230144"><ele>10.069909122085047</ele></trkpt>
<trkpt lat="34.82177524294838" lon="128.03595236442663"><ele>10.014951560356652</ele></trkpt>
<trkpt lat="34.821829040745016" lon="128.0359540771881"><ele>9.991316443758572</ele></trkpt>
<trkpt lat="34.82189312499998" lon="128.035953750027"><ele>9.966458333333334</ele></trkpt>
<trkpt lat="34.82197630315499" lon="128.03595104686408"><ele>9.93693158436214</ele></trkpt>
<trkpt lat="34.82208299982856" lon="128.03594616005714"><ele>9.900715020576133</ele></trkpt>
<trkpt lat="34.8223349597057" lon="128.03593329740994"><ele>9.816571502057615</ele></trkpt>
<trkpt lat="34.82245414266289" lon="128.03592755922733"><ele>9.776098251028806</ele></trkpt>
<trkpt lat="34.822562708337195" lon="128.03592312506106"><ele>9.737916666666665</ele></trkpt>
<trkpt lat="34.822668605117194" lon="128.03591984831488"><ele>9.698954046639232</ele></trkpt>
<trkpt lat="34.822780651590065" lon="128.03591730460641"><ele>9.656256858710561</ele></trkpt>
<trkpt lat="34.82301808215833" lon="128.03591323829477"><ele>9.564466735253774</ele></trkpt>
<trkpt lat="34.82323000003709" lon="128.03591000015925"><ele>9.48625</ele></trkpt>
<trkpt lat="34.82344185190059" lon="128.03590679029986"><ele>9.417161351165982</ele></trkpt>
<trkpt lat="34.82367814820814" lon="128.0359032100528"><ele>9.35025548696845</ele></trkpt>
<trkpt lat="34.82389000006211" lon="128.03590000015888"><ele>9.316458333333333</ele></trkpt>
<trkpt lat="34.82410160670108" lon="128.03589676195682"><ele>9.334045781893005</ele></trkpt>
<trkpt lat="34.82433369001104" lon="128.0358926955499"><ele>9.380295781893006</ele></trkpt>
<trkpt lat="34.82443608883504" lon="128.03589015180538"><ele>9.401779835390947</ele></trkpt>
<trkpt lat="34.824522916674326" lon="128.03588687504592"><ele>9.418541666666668</ele></trkpt>
<trkpt lat="34.82460018665635" lon="128.03588237346816"><ele>9.43106790809328</ele></trkpt>
<trkpt lat="34.82467627231949" lon="128.03587629689645"><ele>9.440585569272978</ele></trkpt>
<trkpt lat="34.82475526884808" lon="128.03586859995497"><ele>9.447000390946501</ele></trkpt>
<trkpt lat="34.82483465466398" lon="128.03585937808185"><ele>9.447452914951988</ele></trkpt>
<trkpt lat="34.824911473072696" lon="128.03584815744946"><ele>9.436565438957475</ele></trkpt>
<trkpt lat="34.82498646666665" lon="128.03583386528524"><ele>9.408844444444444</ele></trkpt>
<trkpt lat="34.82506394666665" lon="128.03581556161055"><ele>9.362742222222222</ele></trkpt>
<trkpt lat="34.825144999999985" lon="128.03579364903806"><ele>9.303733333333334</ele></trkpt>
<trkpt lat="34.82522605333333" lon="128.03576943719352"><ele>9.242568888888888</ele></trkpt>
<trkpt lat="34.825303533333326" lon="128.0357432875752"><ele>9.189111111111112</ele></trkpt>
<trkpt lat="34.82537901481481" lon="128.03571366390378"><ele>9.147131851851853</ele></trkpt>
<trkpt lat="34.82545735407407" lon="128.03567862543002"><ele>9.114414814814815</ele></trkpt>
<trkpt lat="34.82553957777777" lon="128.03563856471663"><ele>9.08744888888889</ele></trkpt>
<trkpt lat="34.825621082962954" lon="128.03559606100873"><ele>9.064650370370371</ele></trkpt>
<trkpt lat="34.82569697037036" lon="128.03555268618257"><ele>9.046154074074076</ele></trkpt>
<trkpt lat="34.825767631111106" lon="128.0355068728621"><ele>9.031794074074076</ele></trkpt>
<trkpt lat="34.82583726666666" lon="128.0354560610413"><ele>9.020423703703706</ele></trkpt>
<trkpt lat="34.825906706666665" lon="128.035401604751"><ele>9.01092888888889</ele></trkpt>
<trkpt lat="34.82602105333332" lon="128.03530838387252"><ele>8.99703851851852</ele></trkpt>
<trkpt lat="34.82607363999999" lon="128.0352645496661"><ele>8.991250370370372</ele></trkpt>
<trkpt lat="34.82608474666665" lon="128.03525457779895"><ele>8.990675555555557</ele></trkpt>
<trkpt lat="34.82611303999999" lon="128.03522534824117"><ele>8.993211851851854</ele></trkpt>
<trkpt lat="34.82618812592956" lon="128.03514546612985"><ele>9.002495816186558</ele></trkpt>
<trkpt lat="34.82630396130094" lon="128.0350211723316"><ele>9.013904087791497</ele></trkpt>
<trkpt lat="34.82636478980917" lon="128.03495461014302"><ele>9.015432414266119</ele></trkpt>
<trkpt lat="34.8264291670699" lon="128.0348825016636"><ele>9.011250000000002</ele></trkpt>
<trkpt lat="34.82650403712777" lon="128.0347968238714"><ele>9.000070301783266</ele></trkpt>
<trkpt lat="34.82669637024821" lon="128.0345732470002"><ele>8.960488683127572</ele></trkpt>
<trkpt lat="34.826898977716155" lon="128.03433645964793"><ele>8.924576474622773</ele></trkpt>
<trkpt lat="34.82708105306909" lon="128.03412352908268"><ele>8.924711076817559</ele></trkpt>
<trkpt lat="34.827285003821245" lon="128.03388501116427"><ele>8.968161008230455</ele></trkpt>
<trkpt lat="34.8274889542902" lon="128.03364649206148"><ele>9.07289008916324</ele></trkpt>
<trkpt lat="34.82758000344862" lon="128.03354000993437"><ele>9.174791666666668</ele></trkpt>
<trkpt lat="34.82767104474284" lon="128.03343354471656"><ele>9.330662722908095</ele></trkpt>
<trkpt lat="34.8278745621087" lon="128.033195983655"><ele>9.806386316872429</ele></trkpt>
<trkpt lat="34.827979075371196" lon="128.03307491539968"><ele>10.086317729766806</ele></trkpt>
<trkpt lat="34.8280747770063" lon="128.03296576087916"><ele>10.36760716735254</ele></trkpt>
<trkpt lat="34.8281606254007" lon="128.0328708351913"><ele>10.657916666666667</ele></trkpt>
<trkpt lat="34.8282429682854" lon="128.03278367406818"><ele>10.984670781893005</ele></trkpt>
<trkpt lat="34.82832875263796" lon="128.03269629726273"><ele>11.367844650205761</ele></trkpt>
<trkpt lat="34.82850582047687" lon="128.03252021677406"><ele>12.217813786008232</ele></trkpt>
<trkpt lat="34.8285830915641" lon="128.03244305612034"><ele>12.594176954732513</ele></trkpt>
<trkpt lat="34.828648124999994" lon="128.03237666709302"><ele>12.907083333333334</ele></trkpt>
<trkpt lat="34.8287053565912" lon="128.0323160969518"><ele>13.176118010973939</ele></trkpt>
<trkpt lat="34.82876083207132" lon="128.0322552036542"><ele>13.432533305898493</ele></trkpt>
<trkpt lat="34.828816918292176" lon="128.0321920064086"><ele>13.696337736625516</ele></trkpt>
<trkpt lat="34.82887005065157" lon="128.03213079025258"><ele>13.968792935528121</ele></trkpt>
<trkpt lat="34.8289150146159" lon="128.03207714863612"><ele>14.252806899862826</ele></trkpt>
<trkpt lat="34.82894907555555" lon="128.03203355122346"><ele>14.562765925925927</ele></trkpt>
<trkpt lat="34.828974195555546" lon="128.03199723117862"><ele>14.91736740740741</ele></trkpt>
<trkpt lat="34.828994239999986" lon="128.03196348005423"><ele>15.311924444444445</ele></trkpt>
<trkpt lat="34.8290129911111" lon="128.0319271422919"><ele>15.718265185185187</ele></trkpt>
<trkpt lat="34.82903369777777" lon="128.0318819956737"><ele>16.11307703703704</ele></trkpt>
<trkpt lat="34.82905951407407" lon="128.0318208253834"><ele>16.503022222222228</ele></trkpt>
<trkpt lat="34.82909225037036" lon="128.031739530653"><ele>16.91411555555556</ele></trkpt>
<trkpt lat="34.82913016888888" lon="128.03164263587962"><ele>17.356400000000004</ele></trkpt>
<trkpt lat="34.829168374814806" lon="128.03154171733567"><ele>17.818084444444448</ele></trkpt>
<trkpt lat="34.82920209185185" lon="128.03144669208615"><ele>18.29537777777778</ele></trkpt>
<trkpt lat="34.82922992636573" lon="128.031358089253"><ele>18.82016986111111</ele></trkpt>
<trkpt lat="34.82925362002314" lon="128.03126943441032"><ele>19.43491736111111</ele></trkpt>
<trkpt lat="34.82927507784721" lon="128.03117566902435"><ele>20.146315416666667</ele></trkpt>
<trkpt lat="34.82929416814813" lon="128.03107741326093"><ele>20.91237888888889</ele></trkpt>
<trkpt lat="34.82930964604165" lon="128.03097635316146"><ele>21.692887569444444</ele></trkpt>
<trkpt lat="34.82932081886573" lon="128.03087294855175"><ele>22.47328993055556</ele></trkpt>
<trkpt lat="34.82932835069443" lon="128.03076912330158"><ele>23.247734375000004</ele></trkpt>
<trkpt lat="34.82933307581018" lon="128.03067231483828"><ele>23.984288194444446</ele></trkpt>
<trkpt lat="34.829335465856474" lon="128.03059040799678"><ele>24.650497685185186</ele></trkpt>
<trkpt lat="34.82933559027777" lon="128.0305252980324"><ele>25.242922453703706</ele></trkpt>
<trkpt lat="34.82933351562499" lon="128.03047131943478"><ele>25.782404513888892</ele></trkpt>
<trkpt lat="34.82932891493054" lon="128.0304195862037"><ele>26.283434606481485</ele></trkpt>
<trkpt lat="34.82932097800924" lon="128.0303615913905"><ele>26.753761574074073</ele></trkpt>
<trkpt lat="34.82930892650462" lon="128.03029201671126"><ele>27.206276041666666</ele></trkpt>
<trkpt lat="34.829292855902764" lon="128.0302113714335"><ele>27.65450520833333</ele></trkpt>
<trkpt lat="34.82927313657406" lon="128.03012455138997"><ele>28.101892361111112</ele></trkpt>
<trkpt lat="34.82924973083332" lon="128.03003611400334"><ele>28.54830041666667</ele></trkpt>
<trkpt lat="34.8292221998148" lon="128.02994681223595"><ele>29.00225388888889</ele></trkpt>
<trkpt lat="34.82919144743055" lon="128.02985736362479"><ele>29.470014375</ele></trkpt>
<trkpt lat="34.8291592693287" lon="128.02976989088097"><ele>29.957653125</ele></trkpt>
<trkpt lat="34.82912639761573" lon="128.02968496784712"><ele>30.490777152777778</ele></trkpt>
<trkpt lat="34.82909082814814" lon="128.02959735674722"><ele>31.126263703703703</ele></trkpt>
<trkpt lat="34.82905018074073" lon="128.02950058482267"><ele>31.905940740740743</ele></trkpt>
<trkpt lat="34.82896106962962" lon="128.02928972705263"><ele>33.66530074074074</ele></trkpt>
<trkpt lat="34.82892238370369" lon="128.02919344565458"><ele>34.3998637037037</ele></trkpt>
<trkpt lat="34.828890705833324" lon="128.029106803968"><ele>34.9464974537037</ele></trkpt>
<trkpt lat="34.82886399305554" lon="128.02902338456295"><ele>35.34450532407408</ele></trkpt>
<trkpt lat="34.82884001583332" lon="128.0289377956958"><ele>35.673604861111116</ele></trkpt>
<trkpt lat="34.82881884333332" lon="128.02885022488843"><ele>36.01454074074074</ele></trkpt>
<trkpt lat="34.82880189713991" lon="128.02876340585394"><ele>36.425220061728396</ele></trkpt>
<trkpt lat="34.828790012860075" lon="128.02867884082764"><ele>36.92976080246914</ele></trkpt>
<trkpt lat="34.828782472993815" lon="128.02859762471257"><ele>37.492100694444446</ele></trkpt>
<trkpt lat="34.82877815715021" lon="128.02852066570952"><ele>38.04464313271605</ele></trkpt>
<trkpt lat="34.82877641846707" lon="128.0284470168957"><ele>38.527918595679004</ele></trkpt>
<trkpt lat="34.82877729166666" lon="128.02836937503434"><ele>38.94270833333333</ele></trkpt>
<trkpt lat="34.82878095593278" lon="128.0282777392661"><ele>39.32757801783264</ele></trkpt>
<trkpt lat="34.82878717421124" lon="128.02816606491382"><ele>39.72225480109739</ele></trkpt>
<trkpt lat="34.828802644890246" lon="128.0279123071964"><ele>40.49303412208505</ele></trkpt>
<trkpt lat="34.82880857938956" lon="128.02779807876865"><ele>40.770510116598075</ele></trkpt>
<trkpt lat="34.828811666666645" lon="128.02770125002698"><ele>40.91708333333333</ele></trkpt>
<trkpt lat="34.828811554998275" lon="128.02761470378314"><ele>40.9209038494513</ele></trkpt>
<trkpt lat="34.82880844757372" lon="128.0275283311595"><ele>40.79670160322358</ele></trkpt>
<trkpt lat="34.82880273212447" lon="128.02743691224956"><ele>40.577144418724274</ele></trkpt>
<trkpt lat="34.8287946339163" lon="128.02734487820632"><ele>40.30560785322359</ele></trkpt>
<trkpt lat="34.82878409722221" lon="128.0272593235037"><ele>40.01679269547325</ele></trkpt>
<trkpt lat="34.82877102194786" lon="128.02718474873606"><ele>39.72735253772291</ele></trkpt>
<trkpt lat="34.82875576324588" lon="128.0271197620072"><ele>39.43517811213992</ele></trkpt>
<trkpt lat="34.828738357981806" lon="128.0270595750627"><ele>39.119754158093286</ele></trkpt>
<trkpt lat="34.828717557656034" lon="128.0269967646055"><ele>38.73639810528122</ele></trkpt>
<trkpt lat="34.82868979166666" lon="128.0269202079232"><ele>38.20604166666667</ele></trkpt>
<trkpt lat="34.82865101766117" lon="128.0268185384304"><ele>37.44760888203019</ele></trkpt>
<trkpt lat="34.82859973593963" lon="128.02668693067932"><ele>36.43314986282579</ele></trkpt>
<trkpt lat="34.82848008316185" lon="128.0263808967231"><ele>34.03772548010974</ele></trkpt>
<trkpt lat="34.828428517661166" lon="128.0262458840971"><ele>32.97757801783265</ele></trkpt>
<trkpt lat="34.82838916666665" lon="128.02613729123607"><ele>32.12625</ele></trkpt>
<trkpt lat="34.828360541920425" lon="128.02604946344132"><ele>31.440414910836765</ele></trkpt>
<trkpt lat="34.82833870063099" lon="128.0259714977259"><ele>30.835109080932785</ele></trkpt>
<trkpt lat="34.82832029687242" lon="128.025895375046"><ele>30.24861288065844</ele></trkpt>
<trkpt lat="34.8283041137174" lon="128.02581910130922"><ele>29.668313648834022</ele></trkpt>
<trkpt lat="34.82828996908091" lon="128.02574115620519"><ele>29.08829392318244</ele></trkpt>
<trkpt lat="34.82827764148147" lon="128.02565749917764"><ele>28.48378074074074</ele></trkpt>
<trkpt lat="34.8282664074074" lon="128.02556308732215"><ele>27.817623703703703</ele></trkpt>
<trkpt lat="34.82825609777777" lon="128.02545932436198"><ele>27.09256888888889</ele></trkpt>
<trkpt lat="34.82824765629628" lon="128.02535441178983"><ele>26.35486814814815</ele></trkpt>
<trkpt lat="34.82824279703702" lon="128.0252560770116"><ele>25.645558518518524</ele></trkpt>
<trkpt lat="34.828242801481466" lon="128.02516435705334"><ele>24.953680000000006</ele></trkpt>
<trkpt lat="34.82824770518517" lon="128.0250733852369"><ele>24.233733333333337</ele></trkpt>
<trkpt lat="34.8282563511111" lon="128.02498008451832"><ele>23.46936</ele></trkpt>
<trkpt lat="34.82826729629628" lon="128.0248869274933"><ele>22.686880000000006</ele></trkpt>
<trkpt lat="34.82828004592591" lon="128.02479644602735"><ele>21.90514666666667</ele></trkpt>
<trkpt lat="34.828295190116584" lon="128.0247062942322"><ele>21.099240157750348</ele></trkpt>
<trkpt lat="34.82831349029492" lon="128.02461128713583"><ele>20.226165192043897</ele></trkpt>
<trkpt lat="34.82833441812756" lon="128.02451148620324"><ele>19.301503806584368</ele></trkpt>
<trkpt lat="34.82835671443072" lon="128.024411787181"><ele>18.394742661179702</ele></trkpt>
<trkpt lat="34.82837984814128" lon="128.02431636842078"><ele>17.57554262688615</ele></trkpt>
<trkpt lat="34.828405625" lon="128.0242208336586"><ele>16.838125</ele></trkpt>
<trkpt lat="34.828437076474614" lon="128.02411512305474"><ele>16.11760631001372</ele></trkpt>
<trkpt lat="34.82847598165294" lon="128.02399187387317"><ele>15.351346879286695</ele></trkpt>
<trkpt lat="34.82852048868312" lon="128.02385495178044"><ele>14.545133744855969</ele></trkpt>
<trkpt lat="34.82856582733196" lon="128.02371794641937"><ele>13.773183299039783</ele></trkpt>
<trkpt lat="34.82860757030178" lon="128.02359441321582"><ele>13.123840877914953</ele></trkpt>
<trkpt lat="34.828644791666655" lon="128.02348812539614"><ele>12.641041666666668</ele></trkpt>
<trkpt lat="34.828680347482845" lon="128.02339164773147"><ele>12.30665131001372</ele></trkpt>
<trkpt lat="34.82871763805211" lon="128.02329516436947"><ele>12.07205607681756</ele></trkpt>
<trkpt lat="34.82875747318929" lon="128.02319532655395"><ele>11.894069115226339</ele></trkpt>
<trkpt lat="34.82879701416323" lon="128.02309868512003"><ele>11.755462928669411</ele></trkpt>
<trkpt lat="34.82883298822359" lon="128.02301388340754"><ele>11.65632168038409</ele></trkpt>
<trkpt lat="34.82886428592592" lon="128.02294474238298"><ele>11.60060888888889</ele></trkpt>
<trkpt lat="34.828892838518506" lon="128.02288727123317"><ele>11.583928888888892</ele></trkpt>
<trkpt lat="34.82892109777777" lon="128.02283550678234"><ele>11.595640000000001</ele></trkpt>
<trkpt lat="34.82895122518518" lon="128.02278460458407"><ele>11.625457777777779</ele></trkpt>
<trkpt lat="34.828986152592584" lon="128.02273007576184"><ele>11.670564444444445</ele></trkpt>
<trkpt lat="34.829030087407396" lon="128.0226660447637"><ele>11.734448888888888</ele></trkpt>
<trkpt lat="34.82908572592592" lon="128.0225882715505"><ele>11.82017777777778</ele></trkpt>
<trkpt lat="34.82921396148148" lon="128.0224117293271"><ele>12.03013777777778</ele></trkpt>
<trkpt lat="34.82926910962962" lon="128.02233395587217"><ele>12.13204888888889</ele></trkpt>
<trkpt lat="34.82931254814813" lon="128.0222690119452"><ele>12.229443347050758</ele></trkpt>
<trkpt lat="34.8293474345679" lon="128.02221137078072"><ele>12.330079286694104</ele></trkpt>
<trkpt lat="34.82937872592592" lon="128.0221529138533"><ele>12.439011522633747</ele></trkpt>
<trkpt lat="34.829408294814804" lon="128.02209062220837"><ele>12.54833668038409</ele></trkpt>
<trkpt lat="34.829435707160485" lon="128.0220250318002"><ele>12.647205541838135</ele></trkpt>
<trkpt lat="34.82945925629629" lon="128.02195993522292"><ele>12.729130699588477</ele></trkpt>
<trkpt lat="34.82947919259258" lon="128.02189450845304"><ele>12.803468861454046</ele></trkpt>
<trkpt lat="34.829496973827155" lon="128.02182273998048"><ele>12.88892406035665</ele></trkpt>
<trkpt lat="34.829515317496565" lon="128.02173378647905"><ele>13.006105260631001</ele></trkpt>
<trkpt lat="34.829535913203" lon="128.02162150685885"><ele>13.163137620027435</ele></trkpt>
<trkpt lat="34.8295583861934" lon="128.02149159362952"><ele>13.347170226337449</ele></trkpt>
<trkpt lat="34.82958068598077" lon="128.021357676455"><ele>13.531669903978052</ele></trkpt>
<trkpt lat="34.829600869348404" lon="128.02123067666926"><ele>13.691844766803841</ele></trkpt>
<trkpt lat="34.82961895833331" lon="128.02110812523605"><ele>13.820625</ele></trkpt>
<trkpt lat="34.82963650891631" lon="128.0209782941601"><ele>13.92610682441701</ele></trkpt>
<trkpt lat="34.829655108882015" lon="128.0208311945803"><ele>14.021241426611798</ele></trkpt>
<trkpt lat="34.82967480452673" lon="128.02066951164338"><ele>14.112996399176957</ele></trkpt>
<trkpt lat="34.829711632373105" lon="128.02035705957834"><ele>14.284841392318246</ele></trkpt>
<trkpt lat="34.82972687499999" lon="128.02022145854286"><ele>14.366666666666669</ele></trkpt>
<trkpt lat="34.82974095250342" lon="128.02009010307972"><ele>14.454956275720166</ele></trkpt>
<trkpt lat="34.82976975565843" lon="128.0198055866335"><ele>14.683618827160494</ele></trkpt>
<trkpt lat="34.82978394975994" lon="128.01966027540178"><ele>14.840514403292183</ele></trkpt>
<trkpt lat="34.82979672410837" lon="128.01952547341597"><ele>15.052085905349795</ele></trkpt>
<trkpt lat="34.82980791666666" lon="128.01940104180935"><ele>15.360208333333336</ele></trkpt>
<trkpt lat="34.82981832561727" lon="128.01927704746615"><ele>15.80956704389575</ele></trkpt>
<trkpt lat="34.82982885030863" lon="128.01914382474"><ele>16.413979766803845</ele></trkpt>
<trkpt lat="34.829839560185164" lon="128.0190023458321"><ele>17.125228909465022</ele></trkpt>
<trkpt lat="34.82984952160493" lon="128.01886485867115"><ele>17.845376371742113</ele></trkpt>
<trkpt lat="34.82985749228394" lon="128.0187452572949"><ele>18.480153463648836</ele></trkpt>
<trkpt lat="34.82986270833333" lon="128.01864895838557"><ele>18.991249999999997</ele></trkpt>
<trkpt lat="34.8298652023322" lon="128.01857082992447"><ele>19.402518004115226</ele></trkpt>
<trkpt lat="34.82986550497527" lon="128.0185016520913"><ele>19.7596579218107</ele></trkpt>
<trkpt lat="34.829864218121045" lon="128.0184348045083"><ele>20.08815586419753</ele></trkpt>
<trkpt lat="34.82986160070088" lon="128.01836762426666"><ele>20.379480452674898</ele></trkpt>
<trkpt lat="34.829857362959174" lon="128.0182973112778"><ele>20.60977109053498</ele></trkpt>
<trkpt lat="34.82985062529958" lon="128.01821687477994"><ele>20.763125</ele></trkpt>
<trkpt lat="34.829840394095235" lon="128.01811671514199"><ele>20.842702331961593</ele></trkpt>
<trkpt lat="34.82982635899174" lon="128.01799162490718"><ele>20.86314386145405</ele></trkpt>
<trkpt lat="34.82980956160913" lon="128.0178475068998"><ele>20.837829218107</ele></trkpt>
<trkpt lat="34.82979201574581" lon="128.0176991476882"><ele>20.76627657750343</ele></trkpt>
<trkpt lat="34.82977542654835" lon="128.0175595848414"><ele>20.628936899862826</ele></trkpt>
<trkpt lat="34.82976000227683" lon="128.0174299989083"><ele>20.387708333333336</ele></trkpt>
<trkpt lat="34.829744575210896" lon="128.01730036159026"><ele>20.004186385459533</ele></trkpt>
<trkpt lat="34.82972795967585" lon="128.0171602845184"><ele>19.469020919067216</ele></trkpt>
<trkpt lat="34.82971029463382" lon="128.0170095593644"><ele>18.82704989711934</ele></trkpt>
<trkpt lat="34.82969312853906" lon="128.01685808579958"><ele>18.16304098079561</ele></trkpt>
<trkpt lat="34.8296782155973" lon="128.01671545482608"><ele>17.55267403978052</ele></trkpt>
<trkpt lat="34.82966625029957" lon="128.01658062473032"><ele>17.016249999999996</ele></trkpt>
<trkpt lat="34.82965661193036" lon="128.01644237464515"><ele>16.519219821673524</ele></trkpt>
<trkpt lat="34.82964820821117" lon="128.01629068315276"><ele>16.017884087791494</ele></trkpt>
<trkpt lat="34.82964039096054" lon="128.01612842065393"><ele>15.50534465020576</ele></trkpt>
<trkpt lat="34.829627105624375" lon="128.0158401525293"><ele>14.606688957475995</ele></trkpt>
<trkpt lat="34.829622083333334" lon="128.01574229161812"><ele>14.290833333333333</ele></trkpt>
<trkpt lat="34.82961775880915" lon="128.01567454676083"><ele>14.054917481138546</ele></trkpt>
<trkpt lat="34.829613417888375" lon="128.0156260254656"><ele>13.864370070301781</ele></trkpt>
<trkpt lat="34.829608131751534" lon="128.0155850465986"><ele>13.68751864711934</ele></trkpt>
<trkpt lat="34.82960065072017" lon="128.01554252911822"><ele>13.50784807956104</ele></trkpt>
<trkpt lat="34.82958970893377" lon="128.015492128717"><ele>13.317880658436213</ele></trkpt>
<trkpt lat="34.8295746737859" lon="128.01543117275122"><ele>13.117064471879287</ele></trkpt>
<trkpt lat="34.82955644645495" lon="128.0153623233634"><ele>12.913924254115226</ele></trkpt>
<trkpt lat="34.8295362508105" lon="128.0152896940374"><ele>12.722247728052126</ele></trkpt>
<trkpt lat="34.82951417636776" lon="128.01521406692794"><ele>12.552353609396432</ele></trkpt>
<trkpt lat="34.829487604533185" lon="128.01512749925553"><ele>12.397499999999999</ele></trkpt>
<trkpt lat="34.82945296066788" lon="128.01501865097055"><ele>12.240931927297668</ele></trkpt>
<trkpt lat="34.829356451073416" lon="128.01472206526387"><ele>11.88386059670782</ele></trkpt>
<trkpt lat="34.829252052118015" lon="128.01440346366994"><ele>11.555777606310013</ele></trkpt>
<trkpt lat="34.82920500278562" lon="128.0142599965077"><ele>11.444791666666665</ele></trkpt>
<trkpt lat="34.82910723778285" lon="128.01396164809952"><ele>11.317436556927298</ele></trkpt>
<trkpt lat="34.82905321033268" lon="128.01379587698113"><ele>11.279349279835392</ele></trkpt>
<trkpt lat="34.829000388700294" lon="128.01363160293118"><ele>11.248663408779151</ele></trkpt>
<trkpt lat="34.82895379400121" lon="128.0134818659208"><ele>11.22229852537723</ele></trkpt>
<trkpt lat="34.82891510453318" lon="128.01334874912777"><ele>11.197916666666668</ele></trkpt>
<trkpt lat="34.8288820419156" lon="128.01322262458"><ele>11.172848079561044</ele></trkpt>
<trkpt lat="34.82885121319476" lon="128.01309253382163"><ele>11.145202331961592</ele></trkpt>
<trkpt lat="34.828821148422534" lon="128.01295685657996"><ele>11.115488683127573</ele></trkpt>
<trkpt lat="34.828793037983424" lon="128.01282433949618"><ele>11.086606652949248</ele></trkpt>
<trkpt lat="34.82876887817245" lon="128.01270503230768"><ele>11.061798696844996</ele></trkpt>
<trkpt lat="34.828749374999994" lon="128.0126008331352"><ele>11.042500000000002</ele></trkpt>
<trkpt lat="34.82873337234255" lon="128.01250436755709"><ele>11.027840363511661</ele></trkpt>
<trkpt lat="34.82871907879273" lon="128.01240653235195"><ele>11.015904492455421</ele></trkpt>
<trkpt lat="34.82870546426603" lon="128.01230414466565"><ele>11.005048868312759</ele></trkpt>
<trkpt lat="34.8286926398061" lon="128.0122003016423"><ele>10.994276406035667</ele></trkpt>
<trkpt lat="34.82868104225729" lon="128.01209750027016"><ele>10.982624314128945</ele></trkpt>
<trkpt lat="34.82867052119705" lon="128.01199093728596"><ele>10.968541666666665</ele></trkpt>
<trkpt lat="34.828660201746146" lon="128.01186985950437"><ele>10.950108882030179</ele></trkpt>
<trkpt lat="34.828649222710425" lon="128.0117266559114"><ele>10.925680727023321</ele></trkpt>
<trkpt lat="34.82863752616296" lon="128.01156566682005"><ele>10.893891460905353</ele></trkpt>
<trkpt lat="34.82861503392214" lon="128.01124771395646"><ele>10.791806412894378</ele></trkpt>
<trkpt lat="34.828605002764284" lon="128.011104999171"><ele>10.701250000000003</ele></trkpt>
<trkpt lat="34.82858419935667" lon="128.01080878827284"><ele>10.384158950617286</ele></trkpt>
<trkpt lat="34.82856197991208" lon="128.0104896874756"><ele>9.954212962962963</ele></trkpt>
<trkpt lat="34.828546771197054" lon="128.01025760400793"><ele>9.629375</ele></trkpt>
<trkpt lat="34.82854303557004" lon="128.0101857548136"><ele>9.528642832647462</ele></trkpt>
<trkpt lat="34.82854134093778" lon="128.01013042178363"><ele>9.450757887517145</ele></trkpt>
<trkpt lat="34.8285414905006" lon="128.0100803896555"><ele>9.37838220164609</ele></trkpt>
<trkpt lat="34.82854376532822" lon="128.01003118431262"><ele>9.302877764917696</ele></trkpt>
<trkpt lat="34.82854860478853" lon="128.0099820397303"><ele>9.221799447016462</ele></trkpt>
<trkpt lat="34.82855607542438" lon="128.00993493218525"><ele>9.140346900720166</ele></trkpt>
<trkpt lat="34.82856644032922" lon="128.00988819362266"><ele>9.062339677640605</ele></trkpt>
<trkpt lat="34.8285802727574" lon="128.0098384064503"><ele>8.98980326474623</ele></trkpt>
<trkpt lat="34.82859830537258" lon="128.00978122527422"><ele>8.92020703703704</ele></trkpt>
<trkpt lat="34.82862006202536" lon="128.00971695686624"><ele>8.853825763888892</ele></trkpt>
<trkpt lat="34.82864470200781" lon="128.00964796282102"><ele>8.794408217592595</ele></trkpt>
<trkpt lat="34.82867270675232" lon="128.00957414858544"><ele>8.747468726851855</ele></trkpt>
<trkpt lat="34.828706789867745" lon="128.0094895784391"><ele>8.714469629629631</ele></trkpt>
<trkpt lat="34.828749279692666" lon="128.00938830772984"><ele>8.692597037037038</ele></trkpt>
<trkpt lat="34.82879880955619" lon="128.00927246813782"><ele>8.677702222222223</ele></trkpt>
<trkpt lat="34.828900657306704" lon="128.00903633525866"><ele>8.661225185185186</ele></trkpt>
<trkpt lat="34.82899712880705" lon="128.00881305774345"><ele>8.660758190260232</ele></trkpt>
<trkpt lat="34.82909169343429" lon="128.00859323122447"><ele>8.667962816110572</ele></trkpt>
<trkpt lat="34.829133467392026" lon="128.00849472156415"><ele>8.669726578123313</ele></trkpt>
<trkpt lat="34.82917221591757" lon="128.008401400201"><ele>8.668279883381924</ele></trkpt>
<trkpt lat="34.829212019039474" lon="128.00830298913425"><ele>8.662638483965015</ele></trkpt>
<trkpt lat="34.829257556189084" lon="128.00818800600777"><ele>8.65227675197063</ele></trkpt>
<trkpt lat="34.82931087195072" lon="128.0080516898976"><ele>8.637439801317353</ele></trkpt>
<trkpt lat="34.82942747624526" lon="128.00775047670354"><ele>8.601079257099666</ele></trkpt>
<trkpt lat="34.82947820078831" lon="128.00761755562118"><ele>8.583919123204838</ele></trkpt>
<trkpt lat="34.82951846938774" lon="128.00750947578368"><ele>8.568833819241982</ele></trkpt>
<trkpt lat="34.82954918367346" lon="128.00742297412447"><ele>8.555043731778426</ele></trkpt>
<trkpt lat="34.82957376317459" lon="128.00734818269396"><ele>8.54092047511068</ele></trkpt>
<trkpt lat="34.829595776326514" lon="128.00727520118906"><ele>8.525235689450383</ele></trkpt>
<trkpt lat="34.829617439727876" lon="128.0071980033798"><ele>8.50809390346615</ele></trkpt>
<trkpt lat="34.829639053968236" lon="128.00711566628664"><ele>8.491527480833604</ele></trkpt>
<trkpt lat="34.82966052598638" lon="128.0070265053923"><ele>8.478145483209156</ele></trkpt>
<trkpt lat="34.82968212014426" lon="128.00692693647116"><ele>8.469788024691358</ele></trkpt>
<trkpt lat="34.829704822327784" lon="128.00681270516387"><ele>8.46645</ele></trkpt>
<trkpt lat="34.82975233552227" lon="128.0065623080995"><ele>8.47274049382716</ele></trkpt>
<trkpt lat="34.82977550175814" lon="128.00644455331295"><ele>8.484229999999998</ele></trkpt>
<trkpt lat="34.82979937529788" lon="128.0063317713721"><ele>8.505416666666667</ele></trkpt>
<trkpt lat="34.82982658236359" lon="128.00621302595277"><ele>8.53979852537723</ele></trkpt>
<trkpt lat="34.82985895157886" lon="128.00607897584268"><ele>8.588354766803842</ele></trkpt>
<trkpt lat="34.82989544123072" lon="128.0059316464095"><ele>8.647590020576134</ele></trkpt>
<trkpt lat="34.82996760246204" lon="128.0056438450786"><ele>8.774829389574762</ele></trkpt>
<trkpt lat="34.83003238898468" lon="128.00538619332934"><ele>8.912099622770922</ele></trkpt>
<trkpt lat="34.8301038285764" lon="128.00510031152155"><ele>9.088289609053497</ele></trkpt>
<trkpt lat="34.83013847832785" lon="128.00495788527516"><ele>9.17758659122085</ele></trkpt>
<trkpt lat="34.83016646147881" lon="128.0048355284544"><ele>9.251636659807955</ele></trkpt>
<trkpt lat="34.83018500029788" lon="128.00473989624592"><ele>9.303749999999999</ele></trkpt>
<trkpt lat="34.830194257502725" lon="128.00466675771014"><ele>9.335006613756613</ele></trkpt>
<trkpt lat="34.83019627178529" lon="128.00460708948452"><ele>9.35132275132275</ele></trkpt>
<trkpt lat="34.830193594146" lon="128.00455360420798"><ele>9.360376984126983</ele></trkpt>
<trkpt lat="34.83018802164196" lon="128.0045018979165"><ele>9.37007275132275</ele></trkpt>
<trkpt lat="34.830180100414665" lon="128.0044478048836"><ele>9.388578042328042</ele></trkpt>
<trkpt lat="34.83016898018305" lon="128.00438447463992"><ele>9.424285714285713</ele></trkpt>
<trkpt lat="34.83015289231262" lon="128.00430236043127"><ele>9.485714285714286</ele></trkpt>
<trkpt lat="34.830130165245286" lon="128.0041926717635"><ele>9.57945308282043</ele></trkpt>
<trkpt lat="34.83010052506962" lon="128.004053133557"><ele>9.70715851419933</ele></trkpt>
<trkpt lat="34.83003057687756" lon="128.0037278596748"><ele>10.044902278371667</ele></trkpt>
<trkpt lat="34.829997422142476" lon="128.003574203908"><ele>10.254276536011231</ele></trkpt>
<trkpt lat="34.82996754915826" lon="128.00343581070183"><ele>10.514067055393586</ele></trkpt>
<trkpt lat="34.82993913378486" lon="128.00330417768154"><ele>10.86195335276968</ele></trkpt>
<trkpt lat="34.82990924964981" lon="128.00316574201918"><ele>11.333609221466364</ele></trkpt>
<trkpt lat="34.829875987743065" lon="128.00301166018394"><ele>11.935831983587086</ele></trkpt>
<trkpt lat="34.82980403006867" lon="128.00267832683934"><ele>13.306421552748084</ele></trkpt>
<trkpt lat="34.829770767839946" lon="128.00252424539994"><ele>13.896492279451463</ele></trkpt>
<trkpt lat="34.82974088305024" lon="128.00238581030797"><ele>14.343440233236151</ele></trkpt>
<trkpt lat="34.829712466547505" lon="128.0022541780197"><ele>14.648702623906706</ele></trkpt>
<trkpt lat="34.82968259400406" lon="128.00211578362283"><ele>14.843598963394882</ele></trkpt>
<trkpt lat="34.829649458562464" lon="128.0019621075718"><ele>14.965851959831552</ele></trkpt>
<trkpt lat="34.82961406615855" lon="128.00179730439544"><ele>15.044674441205055</ele></trkpt>
<trkpt lat="34.82957991318167" lon="128.00163642908657"><ele>15.097416585681893</ele></trkpt>
<trkpt lat="34.82955100712509" lon="128.00149615626592"><ele>15.130673793326856</ele></trkpt>
<trkpt lat="34.8295297339053" lon="128.00138501349883"><ele>15.144620991253644</ele></trkpt>
<trkpt lat="34.82951615219414" lon="128.00130039302275"><ele>15.137725947521867</ele></trkpt>
<trkpt lat="34.82950891351198" lon="128.00123230863318"><ele>15.107649526576505</ele></trkpt>
<trkpt lat="34.829506313166924" lon="128.00116998704812"><ele>15.052793561372964</ele></trkpt>
<trkpt lat="34.829507082795836" lon="128.0011055896322"><ele>14.970702922538063</ele></trkpt>
<trkpt lat="34.82951073714676" lon="128.00103645983828"><ele>14.857294163697226</ele></trkpt>
<trkpt lat="34.82951757387941" lon="128.0009613296017"><ele>14.70388591101123</ele></trkpt>
<trkpt lat="34.82952807581018" lon="128.00088030967078"><ele>14.505633680555556</ele></trkpt>
<trkpt lat="34.82954230902776" lon="128.00079467022218"><ele>14.271093750000002</ele></trkpt>
<trkpt lat="34.829560471643504" lon="128.0007084694304"><ele>14.021397569444446</ele></trkpt>
<trkpt lat="34.829583492476836" lon="128.00062452558942"><ele>13.773582175925926</ele></trkpt>
<trkpt lat="34.82961232060184" lon="128.00054276925198"><ele>13.532381365740742</ele></trkpt>
<trkpt lat="34.829645824652765" lon="128.00046296891702"><ele>13.30215277777778</ele></trkpt>
<trkpt lat="34.82968073206017" lon="128.00038822063738"><ele>13.10111400462963</ele></trkpt>
<trkpt lat="34.8297140653935" lon="128.0003224653981"><ele>12.95217013888889</ele></trkpt>
<trkpt lat="34.8297453761574" lon="128.00026618933316"><ele>12.862271412037037</ele></trkpt>
<trkpt lat="34.82977631944443" lon="128.0002159896746"><ele>12.811649305555557</ele></trkpt>
<trkpt lat="34.82980950810184" lon="128.00016747406406"><ele>12.763833912037038</ele></trkpt>
<trkpt lat="34.82984793402776" lon="128.00011664365866"><ele>12.683101851851852</ele></trkpt>
<trkpt lat="34.82989359953702" lon="128.0000612299257"><ele>12.552300347222223</ele></trkpt>
<trkpt lat="34.82994467013888" lon="128.0000036286646"><ele>12.384010416666666</ele></trkpt>
<trkpt lat="34.82999517939814" lon="127.99995220212308"><ele>12.214036458333334</ele></trkpt>
<trkpt lat="34.83003930962791" lon="127.99991650568313"><ele>12.077772955246914</ele></trkpt>
<trkpt lat="34.83007555984225" lon="127.9999002469447"><ele>11.987554012345678</ele></trkpt>
<trkpt lat="34.83010722865225" lon="127.99989828993256"><ele>11.927624421296297</ele></trkpt>
<trkpt lat="34.8301381837277" lon="127.99990072970144"><ele>11.870584169238684</ele></trkpt>
<trkpt lat="34.83017051997598" lon="127.99989911469919"><ele>11.796587898662553</ele></trkpt>
<trkpt lat="34.830203045267474" lon="127.99988991771401"><ele>11.707345679012347</ele></trkpt>
<trkpt lat="34.830233131001364" lon="127.99987335993335"><ele>11.621460905349798</ele></trkpt>
<trkpt lat="34.83025800068586" lon="127.99984981912313"><ele>11.558724279835394</ele></trkpt>
<trkpt lat="34.83027642746913" lon="127.99981862398907"><ele>11.525339506172841</ele></trkpt>
<trkpt lat="34.830287564300406" lon="127.99977946846009"><ele>11.513960905349796</ele></trkpt>
<trkpt lat="34.83029049125514" lon="127.99973468792653"><ele>11.5144341563786</ele></trkpt>
<trkpt lat="34.830283518518506" lon="127.999689074058"><ele>11.520740740740742</ele></trkpt>
<trkpt lat="34.830266365740734" lon="127.99964752312252"><ele>11.530208333333334</ele></trkpt>
<trkpt lat="34.83023965277777" lon="127.99961405089894"><ele>11.541550925925925</ele></trkpt>
<trkpt lat="34.83020656978737" lon="127.99959044236674"><ele>11.554608196159123</ele></trkpt>
<trkpt lat="34.830171133401905" lon="127.99957686470057"><ele>11.57210219478738</ele></trkpt>
<trkpt lat="34.83011120284635" lon="127.99956148659093"><ele>11.638097565157752</ele></trkpt>
<trkpt lat="34.83008832904663" lon="127.99954298087577"><ele>11.705603566529492</ele></trkpt>
<trkpt lat="34.830065416666656" lon="127.99950395814254"><ele>11.820208333333333</ele></trkpt>
<trkpt lat="34.83003801011659" lon="127.99943655060157"><ele>12.00116512345679</ele></trkpt>
<trkpt lat="34.83000374399862" lon="127.99933933596672"><ele>12.254521604938272</ele></trkpt>
<trkpt lat="34.82996416923867" lon="127.99922016151262"><ele>12.561875</ele></trkpt>
<trkpt lat="34.829923180727015" lon="127.99909275410576"><ele>12.889436728395063</ele></trkpt>
<trkpt lat="34.8298840903635" lon="127.99896744548805"><ele>13.211751543209877</ele></trkpt>
<trkpt lat="34.82984687499999" lon="127.9988429161421"><ele>13.532916666666667</ele></trkpt>
<trkpt lat="34.829808504801086" lon="127.99870830870282"><ele>13.881167695473252</ele></trkpt>
<trkpt lat="34.82976624571331" lon="127.99855484321697"><ele>14.278816872427985</ele></trkpt>
<trkpt lat="34.82972097736625" lon="127.99838714941494"><ele>14.71266975308642</ele></trkpt>
<trkpt lat="34.829677372256505" lon="127.99822311487121"><ele>15.134048353909465</ele></trkpt>
<trkpt lat="34.82964078875171" lon="127.99808213598112"><ele>15.489130658436215</ele></trkpt>
<trkpt lat="34.82961395833333" lon="127.99797291635862"><ele>15.750833333333333</ele></trkpt>
<trkpt lat="34.82959604423868" lon="127.99789075000903"><ele>15.92752914951989</ele></trkpt>
<trkpt lat="34.82958438014401" lon="127.99782477958361"><ele>16.04704903978052</ele></trkpt>
<trkpt lat="34.82957646604937" lon="127.99776553751059"><ele>16.139902263374484</ele></trkpt>
<trkpt lat="34.829571046810685" lon="127.99770721019982"><ele>16.23258916323731</ele></trkpt>
<trkpt lat="34.82956789609052" lon="127.99764436128325"><ele>16.351541495198905</ele></trkpt>
<trkpt lat="34.829567291666656" lon="127.99756854169449"><ele>16.527083333333334</ele></trkpt>
<trkpt lat="34.82956941100822" lon="127.9974699666247"><ele>16.786886145404665</ele></trkpt>
<trkpt lat="34.82957394547326" lon="127.99734436223008"><ele>17.139528463648837</ele></trkpt>
<trkpt lat="34.829585511831276" lon="127.99705509525131"><ele>17.993756858710565</ele></trkpt>
<trkpt lat="34.82958919495884" lon="127.99692863945616"><ele>18.398614540466397</ele></trkpt>
<trkpt lat="34.82958958333333" lon="127.99682833334673"><ele>18.764583333333338</ele></trkpt>
<trkpt lat="34.82958591027949" lon="127.99674877709175"><ele>19.12392339677641</ele></trkpt>
<trkpt lat="34.829578114926264" lon="127.99667941857012"><ele>19.514129586762692</ele></trkpt>
<trkpt lat="34.82956674704218" lon="127.9966123787337"><ele>19.945855838477367</ele></trkpt>
<trkpt lat="34.82955279663923" lon="127.99654713556863"><ele>20.383336762688618</ele></trkpt>
<trkpt lat="34.82953675808041" lon="127.99648556235344"><ele>20.78449920696159</ele></trkpt>
<trkpt lat="34.82951844039351" lon="127.9964287499362"><ele>21.130182291666667</ele></trkpt>
<trkpt lat="34.82949686631943" lon="127.99637450513117"><ele>21.448307291666666</ele></trkpt>
<trkpt lat="34.82946995949073" lon="127.99631941829162"><ele>21.797586805555554</ele></trkpt>
<trkpt lat="34.829434505208326" lon="127.99625909415688"><ele>22.248686342592595</ele></trkpt>
<trkpt lat="34.829388000578696" lon="127.99619048008113"><ele>22.844560185185188</ele></trkpt>
<trkpt lat="34.82933170138888" lon="127.9961153295772"><ele>23.56254340277778</ele></trkpt>
<trkpt lat="34.82926978877314" lon="127.99604074046621"><ele>24.327398726851854</ele></trkpt>
<trkpt lat="34.829205937430544" lon="127.99597424105902"><ele>25.06708229166667</ele></trkpt>
<trkpt lat="34.82914079796294" lon="127.99591837442239"><ele>25.758873148148147</ele></trkpt>
<trkpt lat="34.829074877986095" lon="127.99587129883672"><ele>26.404647222222223</ele></trkpt>
<trkpt lat="34.82900948136572" lon="127.99583022041776"><ele>27.00319814814815</ele></trkpt>
<trkpt lat="34.82894443002313" lon="127.99579259086963"><ele>27.556140740740744</ele></trkpt>
<trkpt lat="34.828875137777764" lon="127.99575495976342"><ele>28.096540740740743</ele></trkpt>
<trkpt lat="34.82870898666665" lon="127.99566898633803"><ele>29.29948888888889</ele></trkpt>
<trkpt lat="34.82861979555555" lon="127.99562227967564"><ele>29.96954814814815</ele></trkpt>
<trkpt lat="34.82853522666666" lon="127.99557540413335"><ele>30.68631851851852</ele></trkpt>
<trkpt lat="34.82845548133744" lon="127.99552705965993"><ele>31.49129485596708</ele></trkpt>
<trkpt lat="34.82837614557612" lon="127.99547474935912"><ele>32.425655761316875</ele></trkpt>
<trkpt lat="34.82821652526748" lon="127.99536570577285"><ele>34.475182304526754</ele></trkpt>
<trkpt lat="34.82814065788065" lon="127.995317901622"><ele>35.40157880658436</ele></trkpt>
<trkpt lat="34.828063958333324" lon="127.99527624966224"><ele>36.232083333333335</ele></trkpt>
<trkpt lat="34.82797811299726" lon="127.99523728013577"><ele>37.03804783950618</ele></trkpt>
<trkpt lat="34.82787725994512" lon="127.99519710688558"><ele>37.89378858024692</ele></trkpt>
<trkpt lat="34.827651835562406" lon="127.99511216860536"><ele>39.72109567901236</ele></trkpt>
<trkpt lat="34.82754956361453" lon="127.9950708603611"><ele>40.58449845679013</ele></trkpt>
<trkpt lat="34.82746083333332" lon="127.99502958295383"><ele>41.406041666666674</ele></trkpt>
<trkpt lat="34.82737927764059" lon="127.99498400278874"><ele>42.2626991563786</ele></trkpt>
<trkpt lat="34.82729666515774" lon="127.9949303698787"><ele>43.22481695473252</ele></trkpt>
<trkpt lat="34.82721021440328" lon="127.99486879280174"><ele>44.283055617283964</ele></trkpt>
<trkpt lat="34.827125268861444" lon="127.99480372951962"><ele>45.324661831275726</ele></trkpt>
<trkpt lat="34.82704846282578" lon="127.99473869170308"><ele>46.22141644032923</ele></trkpt>
<trkpt lat="34.826982167407394" lon="127.99467321744477"><ele>46.90872444444445</ele></trkpt>
<trkpt lat="34.82692299703703" lon="127.99460391523598"><ele>47.42129777777778</ele></trkpt>
<trkpt lat="34.82686820888888" lon="127.99453101302696"><ele>47.82916</ele></trkpt>
<trkpt lat="34.82681888148147" lon="127.99445983529705"><ele>48.19304888888889</ele></trkpt>
<trkpt lat="34.826778345185176" lon="127.99439641759255"><ele>48.55556888888889</ele></trkpt>
<trkpt lat="34.82674781661179" lon="127.99434216964706"><ele>48.95504683813443</ele></trkpt>
<trkpt lat="34.82672511063099" lon="127.99429353105671"><ele>49.41802534293553</ele></trkpt>
<trkpt lat="34.826706995020565" lon="127.99424642108022"><ele>49.930084588477364</ele></trkpt>
<trkpt lat="34.826690773470496" lon="127.99419722660524"><ele>50.44955873799726</ele></trkpt>
<trkpt lat="34.826674426488324" lon="127.9941411622179"><ele>50.941890048010976</ele></trkpt>
<trkpt lat="34.826655416666654" lon="127.99406916642427"><ele>51.42104166666667</ele></trkpt>
<trkpt lat="34.826631115397795" lon="127.99397116216753"><ele>51.934230109739374</ele></trkpt>
<trkpt lat="34.8266003712277" lon="127.99384318878201"><ele>52.518822873799735</ele></trkpt>
<trkpt lat="34.82656524434155" lon="127.99369441300591"><ele>53.15806069958848</ele></trkpt>
<trkpt lat="34.82653053326474" lon="127.9935446394021"><ele>53.78548954046639</ele></trkpt>
<trkpt lat="34.82650120799039" lon="127.99341326093949"><ele>54.32978566529493</ele></trkpt>
<trkpt lat="34.82647979166666" lon="127.99330833310265"><ele>54.76104166666667</ele></trkpt>
<trkpt lat="34.82646572836076" lon="127.99322459891684"><ele>55.10139638545954</ele></trkpt>
<trkpt lat="34.826457030178325" lon="127.99315150789585"><ele>55.39334326474623</ele></trkpt>
<trkpt lat="34.826452201748964" lon="127.99308108968873"><ele>55.66672360082304</ele></trkpt>
<trkpt lat="34.82645154900548" lon="127.9930110931544"><ele>55.92367061042524</ele></trkpt>
<trkpt lat="34.82645712959533" lon="127.99293993244079"><ele>56.15760502743485</ele></trkpt>
<trkpt lat="34.82647145037036" lon="127.9928639201426"><ele>56.36917777777778</ele></trkpt>
<trkpt lat="34.826495176296284" lon="127.99277876465943"><ele>56.57104888888889</ele></trkpt>
<trkpt lat="34.82652533777776" lon="127.99268677357942"><ele>56.769933333333334</ele></trkpt>
<trkpt lat="34.826581761481464" lon="127.99252294236996"><ele>57.132644444444445</ele></trkpt>
<trkpt lat="34.82659985864883" lon="127.9924666655403"><ele>57.28753530178327</ele></trkpt>
<trkpt lat="34.826611248593956" lon="127.99242509935158"><ele>57.43396930727024</ele></trkpt>
<trkpt lat="34.82661815779835" lon="127.99239064232023"><ele>57.57583072016462</ele></trkpt>
<trkpt lat="34.82662236087791" lon="127.99235470524371"><ele>57.708589245541845</ele></trkpt>
<trkpt lat="34.82662454630315" lon="127.99230790989465"><ele>57.82500320301784</ele></trkpt>
<trkpt lat="34.82662479166665" lon="127.99223833330427"><ele>57.92645833333334</ele></trkpt>
<trkpt lat="34.826623051268854" lon="127.99213492449891"><ele>58.021801268861466</ele></trkpt>
<trkpt lat="34.82661951303154" lon="127.99199460211466"><ele>58.1192815500686</ele></trkpt>
<trkpt lat="34.82660958247599" lon="127.9916625033437"><ele>58.300508401920446</ele></trkpt>
<trkpt lat="34.82660462534293" lon="127.99151764053634"><ele>58.350597565157756</ele></trkpt>
<trkpt lat="34.82659999999999" lon="127.99140499995144"><ele>58.349583333333335</ele></trkpt>
<trkpt lat="34.826595259773654" lon="127.99131934967133"><ele>58.285990119170094</ele></trkpt>
<trkpt lat="34.82658975565843" lon="127.9912488961428"><ele>58.15990365655007</ele></trkpt>
<trkpt lat="34.82658279320987" lon="127.99118413705438"><ele>57.985209940843625</ele></trkpt>
<trkpt lat="34.82657355195472" lon="127.99112318240431"><ele>57.790546982167356</ele></trkpt>
<trkpt lat="34.82656064128943" lon="127.99106674892724"><ele>57.599381001371746</ele></trkpt>
<trkpt lat="34.82654271519203" lon="127.99101522285433"><ele>57.41884002057614</ele></trkpt>
<trkpt lat="34.82651869084361" lon="127.99096569309299"><ele>57.22875482253087</ele></trkpt>
<trkpt lat="34.826489169849125" lon="127.99091689468067"><ele>57.00670623713992</ele></trkpt>
<trkpt lat="34.8264553599042" lon="127.99086888133151"><ele>56.73841829989713</ele></trkpt>
<trkpt lat="34.82641966082428" lon="127.99082445035347"><ele>56.43831358024691</ele></trkpt>
<trkpt lat="34.82638238326911" lon="127.99078437571762"><ele>56.12009053497942</ele></trkpt>
<trkpt lat="34.82634094324914" lon="127.99074740571182"><ele>55.77939341563786</ele></trkpt>
<trkpt lat="34.82628925928515" lon="127.99070897438504"><ele>55.377531851851856</ele></trkpt>
<trkpt lat="34.82622323189898" lon="127.99066542671923"><ele>54.88060592592593</ele></trkpt>
<trkpt lat="34.82614517785034" lon="127.99061669682827"><ele>54.29198222222222</ele></trkpt>
<trkpt lat="34.82606317194773" lon="127.9905666018203"><ele>53.64717037037037</ele></trkpt>
<trkpt lat="34.82598365936913" lon="127.99051839579903"><ele>52.95850962962963</ele></trkpt>
<trkpt lat="34.82590633492469" lon="127.99047161653984"><ele>52.18919555555556</ele></trkpt>
<trkpt lat="34.825744484517" lon="127.99037414571988"><ele>50.311213333333335</ele></trkpt>
<trkpt lat="34.825665583010085" lon="127.99032753487477"><ele>49.35403111111111</ele></trkpt>
<trkpt lat="34.8255975348407" lon="127.9902890395853"><ele>48.55497333333333</ele></trkpt>
<trkpt lat="34.825541840478216" lon="127.99026064485923"><ele>47.96396203017833</ele></trkpt>
<trkpt lat="34.82549379204826" lon="127.99024029893623"><ele>47.53789245541839</ele></trkpt>
<trkpt lat="34.82544698065967" lon="127.99022453220985"><ele>47.19447275720165</ele></trkpt>
<trkpt lat="34.82539946268885" lon="127.99021145393132"><ele>46.87939165980796</ele></trkpt>
<trkpt lat="34.825352144718806" lon="127.99020074008769"><ele>46.57275599451303</ele></trkpt>
<trkpt lat="34.82530767489712" lon="127.99019290994529"><ele>46.28377613168725</ele></trkpt>
<trkpt lat="34.825264719067206" lon="127.99018798984432"><ele>46.00969519890261</ele></trkpt>
<trkpt lat="34.82521838545952" lon="127.99018602974573"><ele>45.73152043895748</ele></trkpt>
<trkpt lat="34.82516039777776" lon="127.99018688891017"><ele>45.40705037037037</ele></trkpt>
<trkpt lat="34.82508579777762" lon="127.99019043114954"><ele>45.00806518518519</ele></trkpt>
<trkpt lat="34.824997339999214" lon="127.99019626672435"><ele>44.545204444444444</ele></trkpt>
<trkpt lat="34.8249043555528" lon="127.99020425786605"><ele>44.065674074074074</ele></trkpt>
<trkpt lat="34.82481430888146" lon="127.99021515570664"><ele>43.609805925925926</ele></trkpt>
<trkpt lat="34.82472692294671" lon="127.99023043730034"><ele>43.17928444444445</ele></trkpt>
<trkpt lat="34.82463688367413" lon="127.99025103893524"><ele>42.74952</ele></trkpt>
<trkpt lat="34.8245425421767" lon="127.99027584501712"><ele>42.314946666666664</ele></trkpt>
<trkpt lat="34.82444827253245" lon="127.99030208809607"><ele>41.905808888888885</ele></trkpt>
<trkpt lat="34.8243584784496" lon="127.99032759333886"><ele>41.56284</ele></trkpt>
<trkpt lat="34.824271556968114" lon="127.99035239926465"><ele>41.301149629629634</ele></trkpt>
<trkpt lat="34.82418211845837" lon="127.99037781550226"><ele>41.10474370370371</ele></trkpt>
<trkpt lat="34.82408948439892" lon="127.99040364945645"><ele>40.95246222222223</ele></trkpt>
<trkpt lat="34.824000227377844" lon="127.99042718410652"><ele>40.83840592592593</ele></trkpt>
<trkpt lat="34.82392231257635" lon="127.9904447543091"><ele>40.77243851851852</ele></trkpt>
<trkpt lat="34.823857434599056" lon="127.99045424964214"><ele>40.765650625000006</ele></trkpt>
<trkpt lat="34.8238009362241" lon="127.99045616160085"><ele>40.818096875</ele></trkpt>
<trkpt lat="34.82374785590199" lon="127.99045259860142"><ele>40.918535625000004</ele></trkpt>
<trkpt lat="34.823697237962804" lon="127.99044578238517"><ele>41.052535</ele></trkpt>
<trkpt lat="34.823649754458145" lon="127.99043677445962"><ele>41.215832565157754</ele></trkpt>
<trkpt lat="34.82360524348422" lon="127.99042563011506"><ele>41.410562414266124</ele></trkpt>
<trkpt lat="34.823561849601326" lon="127.99041180166505"><ele>41.63657568158437</ele></trkpt>
<trkpt lat="34.82351979381" lon="127.99039525234433"><ele>41.87708772719479</ele></trkpt>
<trkpt lat="34.82348016760973" lon="127.99037604773879"><ele>42.11712909379287</ele></trkpt>
<trkpt lat="34.82344431359309" lon="127.9903543354128"><ele>42.35914480452675</ele></trkpt>
<trkpt lat="34.82341013460218" lon="127.99032829726313"><ele>42.65079561042524</ele></trkpt>
<trkpt lat="34.82337418899862" lon="127.9902950952916"><ele>43.05577360768175</ele></trkpt>
<trkpt lat="34.82333311629629" lon="127.99025216633618"><ele>43.61626592592592</ele></trkpt>
<trkpt lat="34.823287637569436" lon="127.99020093266664"><ele>44.29525638888889</ele></trkpt>
<trkpt lat="34.82324081400463" lon="127.99014461982031"><ele>45.00845509259259</ele></trkpt>
<trkpt lat="34.82319480460648" lon="127.9900840827938"><ele>45.687657129629635</ele></trkpt>
<trkpt lat="34.823147657777774" lon="127.99001492561568"><ele>46.340007407407406</ele></trkpt>
<trkpt lat="34.82309617777777" lon="127.98993261145674"><ele>47.01194370370371</ele></trkpt>
<trkpt lat="34.82304075999999" lon="127.98983957734546"><ele>47.72428888888889</ele></trkpt>
<trkpt lat="34.82298663555555" lon="127.98974582479819"><ele>48.45244148148149</ele></trkpt>
<trkpt lat="34.822939568888884" lon="127.98966105896793"><ele>49.17831851851852</ele></trkpt>
<trkpt lat="34.82290151018518" lon="127.989587855433"><ele>49.92457231138546</ele></trkpt>
<trkpt lat="34.8228702712963" lon="127.98952198173673"><ele>50.73146628943759</ele></trkpt>
<trkpt lat="34.82284319166665" lon="127.98945925640652"><ele>51.586525452674906</ele></trkpt>
<trkpt lat="34.82281897037036" lon="127.98939755632954"><ele>52.42920005486969</ele></trkpt>
<trkpt lat="34.82279730648147" lon="127.98933474932281"><ele>53.20047478052127</ele></trkpt>
<trkpt lat="34.82277687499999" lon="127.98926416648595"><ele>53.91229166666667</ele></trkpt>
<trkpt lat="34.82275546724964" lon="127.98917696134446"><ele>54.630213477366254</ele></trkpt>
<trkpt lat="34.82273141289436" lon="127.98906839817641"><ele>55.413389917695476</ele></trkpt>
<trkpt lat="34.822705244341556" lon="127.98894421776335"><ele>56.250779320987654</ele></trkpt>
<trkpt lat="34.82267949159807" lon="127.98881870681979"><ele>57.063968621399184</ele></trkpt>
<trkpt lat="34.82265685613853" lon="127.9887056033229"><ele>57.76456532921811</ele></trkpt>
<trkpt lat="34.82263833333333" lon="127.98860916649132"><ele>58.31458333333333</ele></trkpt>
<trkpt lat="34.82262282021947" lon="127.98852294214312"><ele>58.741648408779156</ele></trkpt>
<trkpt lat="34.822608523648825" lon="127.98843753159636"><ele>59.09911706447189</ele></trkpt>
<trkpt lat="34.822594400658424" lon="127.98834798746043"><ele>59.42294078189301</ele></trkpt>
<trkpt lat="34.82258075871055" lon="127.98825615902048"><ele>59.7100243484225</ele></trkpt>
<trkpt lat="34.822568207873786" lon="127.98816362366779"><ele>59.93981384087792</ele></trkpt>
<trkpt lat="34.82255682074073" lon="127.98806771843047"><ele>60.09844148148148</ele></trkpt>
<trkpt lat="34.82254589925925" lon="127.98796322805478"><ele>60.19412740740741</ele></trkpt>
<trkpt lat="34.822523788148146" lon="127.98774302361454"><ele>60.2555362962963</ele></trkpt>
<trkpt lat="34.82251237629628" lon="127.98764834066368"><ele>60.22519703703704</ele></trkpt>
<trkpt lat="34.82249980340276" lon="127.98757053335542"><ele>60.138597592592596</ele></trkpt>
<trkpt lat="34.82248498854166" lon="127.98750421983593"><ele>59.98966018518519</ele></trkpt>
<trkpt lat="34.822467660624994" lon="127.98744326353851"><ele>59.79041277777778</ele></trkpt>
<trkpt lat="34.82244857388888" lon="127.98738629678373"><ele>59.56914851851852</ele></trkpt>
<trkpt lat="34.822428093196145" lon="127.987334180295"><ele>59.34705174211248</ele></trkpt>
<trkpt lat="34.822405759602184" lon="127.98728667775273"><ele>59.12316015089163</ele></trkpt>
<trkpt lat="34.82238029738939" lon="127.98724078054462"><ele>58.86330504115226</ele></trkpt>
<trkpt lat="34.82235155264059" lon="127.98719498621546"><ele>58.528110746742115</ele></trkpt>
<trkpt lat="34.82231992112482" lon="127.98714910315255"><ele>58.09271101251715</ele></trkpt>
<trkpt lat="34.82228666441614" lon="127.98710491376116"><ele>57.58185988940329</ele></trkpt>
<trkpt lat="34.82225106138545" lon="127.98706201808457"><ele>57.03452503429356</ele></trkpt>
<trkpt lat="34.82221120408779" lon="127.98701877458346"><ele>56.481631961591226</ele></trkpt>
<trkpt lat="34.82216453018518" lon="127.98697233798644"><ele>55.91815833333334</ele></trkpt>
<trkpt lat="34.82211184590277" lon="127.98692278119377"><ele>55.34926145833333</ele></trkpt>
<trkpt lat="34.82205563622684" lon="127.98687184653751"><ele>54.79530659722222</ele></trkpt>
<trkpt lat="34.82199649905092" lon="127.98682017630344"><ele>54.27408645833333</ele></trkpt>
<trkpt lat="34.82193074255143" lon="127.98676485034426"><ele>53.766798353909465</ele></trkpt>
<trkpt lat="34.82185451028805" lon="127.98670257507965"><ele>53.23897448559671</ele></trkpt>
<trkpt lat="34.82177009209876" lon="127.98663502307394"><ele>52.68561728395062</ele></trkpt>
<trkpt lat="34.821684690288066" lon="127.98656830078248"><ele>52.13240411522634</ele></trkpt>
<trkpt lat="34.82160443144032" lon="127.98650832062563"><ele>51.600872427983546</ele></trkpt>
<trkpt lat="34.821527499999995" lon="127.98645520790433"><ele>51.065000000000005</ele></trkpt>
<trkpt lat="34.82144646176268" lon="127.9864044714088"><ele>50.46773491083677</ele></trkpt>
<trkpt lat="34.82135487568586" lon="127.98635126574631"><ele>49.767861796982174</ele></trkpt>
<trkpt lat="34.8212538760288" lon="127.98629480394168"><ele>48.98755658436214</ele></trkpt>
<trkpt lat="34.821052850651554" lon="127.98618366887023"><ele>47.48903120713306</ele></trkpt>
<trkpt lat="34.820958541666656" lon="127.98613062443407"><ele>46.86291666666667</ele></trkpt>
<trkpt lat="34.820859973422486" lon="127.98607409483313"><ele>46.28241769547325</ele></trkpt>
<trkpt lat="34.82074999314128" lon="127.98601004205597"><ele>45.69491255144033</ele></trkpt>
<trkpt lat="34.82063024434156" lon="127.98593946157229"><ele>45.08762345679012</ele></trkpt>
<trkpt lat="34.82051091135116" lon="127.98586796642722"><ele>44.493307613168724</ele></trkpt>
<trkpt lat="34.82040234996569" lon="127.98580079233548"><ele>43.95007201646091</ele></trkpt>
<trkpt lat="34.82030666666665" lon="127.98573791604629"><ele>43.459583333333335</ele></trkpt>
<trkpt lat="34.82021716763847" lon="127.98567425291554"><ele>42.98390260631001</ele></trkpt>
<trkpt lat="34.820125757603435" lon="127.98560479754356"><ele>42.48260459533608</ele></trkpt>
<trkpt lat="34.8200304072448" lon="127.98552967345378"><ele>41.95078189300412</ele></trkpt>
<trkpt lat="34.81984670475957" lon="127.98538264766212"><ele>40.923532235939646</ele></trkpt>
<trkpt lat="34.819762014078044" lon="127.98531513755988"><ele>40.45708333333334</ele></trkpt>
<trkpt lat="34.81957716339243" lon="127.98516940246603"><ele>39.46328360768176</ele></trkpt>
<trkpt lat="34.81936478486907" lon="127.98500307824199"><ele>38.35914780521263</ele></trkpt>
<trkpt lat="34.81917333496371" lon="127.9848533266003"><ele>37.472083333333345</ele></trkpt>
<trkpt lat="34.8190812568825" lon="127.98478130970244"><ele>37.12533521947874</ele></trkpt>
<trkpt lat="34.818875001815194" lon="127.98461999243507"><ele>36.475033436214</ele></trkpt>
<trkpt lat="34.818668746613376" lon="127.98445867597245"><ele>35.86252657750343</ele></trkpt>
<trkpt lat="34.81848458281035" lon="127.9843146558056"><ele>35.27118141289438</ele></trkpt>
<trkpt lat="34.81827792702234" lon="127.98415399694062"><ele>34.54317386831276</ele></trkpt>
<trkpt lat="34.818170094359566" lon="127.98407213452545"><ele>34.139176097393694</ele></trkpt>
<trkpt lat="34.81806821339131" lon="127.9839983532718"><ele>33.726366598079565</ele></trkpt>
<trkpt lat="34.81797131963719" lon="127.98393423477546"><ele>33.28270833333334</ele></trkpt>
<trkpt lat="34.8178712223652" lon="127.98387543514428"><ele>32.7622127914952</ele></trkpt>
<trkpt lat="34.81776058245055" lon="127.98381667127838"><ele>32.13687928669411</ele></trkpt>
<trkpt lat="34.817641058822474" lon="127.98375698655991"><ele>31.43825874485597</ele></trkpt>
<trkpt lat="34.8175233370502" lon="127.98370068380389"><ele>30.75369255829904</ele></trkpt>
<trkpt lat="34.81741884573631" lon="127.9836534603221"><ele>30.176317729766808</ele></trkpt>
<trkpt lat="34.81733124999999" lon="127.98361812469825"><ele>29.753333333333337</ele></trkpt>
<trkpt lat="34.81725477507543" lon="127.9835931947338"><ele>29.47202106995885</ele></trkpt>
<trkpt lat="34.817180885706435" lon="127.98357511527064"><ele>29.287160164609052</ele></trkpt>
<trkpt lat="34.81710492004114" lon="127.98356083244227"><ele>29.14971950617284</ele></trkpt>
<trkpt lat="34.817028457681744" lon="127.98354925291719"><ele>29.02123621399177</ele></trkpt>
<trkpt lat="34.816953439272964" lon="127.983540487466"><ele>28.867596378600826</ele></trkpt>
<trkpt lat="34.81687891981481" lon="127.98353481786668"><ele>28.661693230452673</ele></trkpt>
<trkpt lat="34.816801107098826" lon="127.98353187679196"><ele>28.390924794238686</ele></trkpt>
<trkpt lat="34.8167198257411" lon="127.98353101979127"><ele>28.071825246913583</ele></trkpt>
<trkpt lat="34.81663796518649" lon="127.9835318982246"><ele>27.735539423868317</ele></trkpt>
<trkpt lat="34.81655756549737" lon="127.9835348790946"><ele>27.40353397119342</ele></trkpt>
<trkpt lat="34.81647354167463" lon="127.98354093769672"><ele>27.061875000000004</ele></trkpt>
<trkpt lat="34.81637648235417" lon="127.98355107417095"><ele>26.67465449245542</ele></trkpt>
<trkpt lat="34.816260048036725" lon="127.98356550466143"><ele>26.215991083676272</ele></trkpt>
<trkpt lat="34.815993620591286" lon="127.98360139618623"><ele>25.179717935528124</ele></trkpt>
<trkpt lat="34.815750000060625" lon="127.98363500096545"><ele>24.265833333333333</ele></trkpt>
<trkpt lat="34.81550619089307" lon="127.98366902993702"><ele>23.418039266117972</ele></trkpt>
<trkpt lat="34.81537073306261" lon="127.98368918671453"><ele>22.97058899176955</ele></trkpt>
<trkpt lat="34.81523652265949" lon="127.98371221256204"><ele>22.549667352537725</ele></trkpt>
<trkpt lat="34.815114241270486" lon="127.98373979863914"><ele>22.208020404663927</ele></trkpt>
<trkpt lat="34.81500562500797" lon="127.98377593805542"><ele>21.976458333333333</ele></trkpt>
<trkpt lat="34.814902845511085" lon="127.98382543233842"><ele>21.851494341563786</ele></trkpt>
<trkpt lat="34.81479703360899" lon="127.98389020056968"><ele>21.80769547325103</ele></trkpt>
<trkpt lat="34.81468710133781" lon="127.98396585606508"><ele>21.813047839506176</ele></trkpt>
<trkpt lat="34.81458074502749" lon="127.98404296675473"><ele>21.840604423868314</ele></trkpt>
<trkpt lat="34.81448713563098" lon="127.98411270080926"><ele>21.87257458847737</ele></trkpt>
<trkpt lat="34.81440916666665" lon="127.98417229212438"><ele>21.90166666666667</ele></trkpt>
<trkpt lat="34.81434164021946" lon="127.98422566493943"><ele>21.92800493827161</ele></trkpt>
<trkpt lat="34.81421132584361" lon="127.98433245515096"><ele>21.977874074074077</ele></trkpt>
<trkpt lat="34.81414645871055" lon="127.98438473652148"><ele>21.995520987654324</ele></trkpt>
<trkpt lat="34.81408513651576" lon="127.98443076972517"><ele>21.998325925925926</ele></trkpt>
<trkpt lat="34.81402675078703" lon="127.98446883141267"><ele>21.97838402777778</ele></trkpt>
<trkpt lat="34.813967227546286" lon="127.98450107722064"><ele>21.932946527777776</ele></trkpt>
<trkpt lat="34.813904028194436" lon="127.98452988137225"><ele>21.86547291666667</ele></trkpt>
<trkpt lat="34.813838444074065" lon="127.98455515009974"><ele>21.782722222222223</ele></trkpt>
<trkpt lat="34.81377327570415" lon="127.98457512928724"><ele>21.68982911522634</ele></trkpt>
<trkpt lat="34.81370994484458" lon="127.98458874489566"><ele>21.589596193415638</ele></trkpt>
<trkpt lat="34.813649136017084" lon="127.98459675733999"><ele>21.487606095679013</ele></trkpt>
<trkpt lat="34.81359107717576" lon="127.9846002359434"><ele>21.39195151748971</ele></trkpt>
<trkpt lat="34.813534394364225" lon="127.98459940122633"><ele>21.309699717078185</ele></trkpt>
<trkpt lat="34.813472847228184" lon="127.98459333301767"><ele>21.239374999999995</ele></trkpt>
<trkpt lat="34.813398292478325" lon="127.98458097334377"><ele>21.17403120713306</ele></trkpt>
<trkpt lat="34.8133059419488" lon="127.98456231729278"><ele>21.1068201303155</ele></trkpt>
<trkpt lat="34.81319992372497" lon="127.98453921677509"><ele>21.037834362139918</ele></trkpt>
<trkpt lat="34.81309093939375" lon="127.98451478571131"><ele>20.973671982167353</ele></trkpt>
<trkpt lat="34.8128933333739" lon="127.98446999788132"><ele>20.891041666666666</ele></trkpt>
<trkpt lat="34.81269539096809" lon="127.98442505937398"><ele>20.881255144032924</ele></trkpt>
<trkpt lat="34.8124746090432" lon="127.98437493590995"><ele>20.922080761316874</ele></trkpt>
<trkpt lat="34.81227666663639" lon="127.98432999786526"><ele>21.023333333333337</ele></trkpt>
<trkpt lat="34.8121815103134" lon="127.98430839311646"><ele>21.11604938271605</ele></trkpt>
<trkpt lat="34.81196880570463" lon="127.98425999864803"><ele>21.397037037037038</ele></trkpt>
<trkpt lat="34.811759648196116" lon="127.9842116042834"><ele>21.730864197530863</ele></trkpt>
<trkpt lat="34.811670069439664" lon="127.98418999957585"><ele>21.906666666666666</ele></trkpt>
<trkpt lat="34.811583603374636" lon="127.9841682175265"><ele>22.109224636488342</ele></trkpt>
<trkpt lat="34.81149214300788" lon="127.98414428725093"><ele>22.35311050754458</ele></trkpt>
<trkpt lat="34.81139422580909" lon="127.9841179347312"><ele>22.6322116872428</ele></trkpt>
<trkpt lat="34.811297632453076" lon="127.98409107001869"><ele>22.916090260631</ele></trkpt>
<trkpt lat="34.81121146387058" lon="127.98406560038222"><ele>23.173985130315504</ele></trkpt>
<trkpt lat="34.81113949629629" lon="127.98404186950239"><ele>23.393764444444443</ele></trkpt>
<trkpt lat="34.81107787259258" lon="127.98401841026157"><ele>23.587515555555555</ele></trkpt>
<trkpt lat="34.81102168888887" lon="127.98399390211607"><ele>23.771773333333336</ele></trkpt>
<trkpt lat="34.81096837925925" lon="127.98396752581174"><ele>23.95904888888889</ele></trkpt>
<trkpt lat="34.81091656296295" lon="127.98393769171088"><ele>24.16309777777778</ele></trkpt>
<trkpt lat="34.810863041481475" lon="127.98390139388152"><ele>24.404706666666666</ele></trkpt>
<trkpt lat="34.8108042474074" lon="127.98385637456425"><ele>24.698444444444444</ele></trkpt>
<trkpt lat="34.81074109777777" lon="127.98380466194666"><ele>25.028413333333337</ele></trkpt>
<trkpt lat="34.81067981629629" lon="127.98375237456978"><ele>25.347173333333334</ele></trkpt>
<trkpt lat="34.81062739703703" lon="127.98370539389413"><ele>25.602662222222225</ele></trkpt>
<trkpt lat="34.81058644131001" lon="127.9836654292493"><ele>25.769973936899866</ele></trkpt>
<trkpt lat="34.8105544153978" lon="127.9836299570467"><ele>25.860713305898493</ele></trkpt>
<trkpt lat="34.81052737318929" lon="127.9835956628394"><ele>25.908514403292184</ele></trkpt>
<trkpt lat="34.81050201089163" lon="127.98355928035518"><ele>25.953787379972567</ele></trkpt>
<trkpt lat="34.810475553655685" lon="127.98351645880979"><ele>26.035899862825794</ele></trkpt>
<trkpt lat="34.81044395833332" lon="127.98345958299942"><ele>26.193333333333335</ele></trkpt>
<trkpt lat="34.810402852366245" lon="127.98338043241996"><ele>26.455862482853227</ele></trkpt>
<trkpt lat="34.81035019547324" lon="127.98327561054981"><ele>26.829178669410155</ele></trkpt>
<trkpt lat="34.810288973765424" lon="127.98315152951525"><ele>27.280457818930046</ele></trkpt>
<trkpt lat="34.81022600565843" lon="127.98302154411627"><ele>27.74953360768176</ele></trkpt>
<trkpt lat="34.81016738940328" lon="127.98289657421086"><ele>28.18357853223594</ele></trkpt>
<trkpt lat="34.81011416666666" lon="127.98277645765265"><ele>28.569583333333334</ele></trkpt>
<trkpt lat="34.81006249914265" lon="127.98265131956384"><ele>28.933193587105624</ele></trkpt>
<trkpt lat="34.81000826217421" lon="127.98251244686386"><ele>29.30529921124829</ele></trkpt>
<trkpt lat="34.80995171039094" lon="127.9823631267044"><ele>29.68851594650206</ele></trkpt>
<trkpt lat="34.80989806927297" lon="127.98221912904485"><ele>30.052189643347056</ele></trkpt>
<trkpt lat="34.809853764574754" lon="127.98209841852628"><ele>30.35760716735254</ele></trkpt>
<trkpt lat="34.809822291666656" lon="127.9820102080158"><ele>30.585625000000004</ele></trkpt>
<trkpt lat="34.809802813786" lon="127.98195177368012"><ele>30.745054012345683</ele></trkpt>
<trkpt lat="34.80979186985596" lon="127.98191374822163"><ele>30.858981481481482</ele></trkpt>
<trkpt lat="34.80977921553497" lon="127.98185932694429"><ele>31.029853395061732</ele></trkpt>
<trkpt lat="34.80976997427982" lon="127.9818261255841"><ele>31.110578703703705</ele></trkpt>
<trkpt lat="34.809753958333324" lon="127.98177749979187"><ele>31.202500000000004</ele></trkpt>
<trkpt lat="34.80972830075445" lon="127.98170574553177"><ele>31.31743741426612</ele></trkpt>
<trkpt lat="34.80969247342249" lon="127.98160885239163"><ele>31.46073131001372</ele></trkpt>
<trkpt lat="34.809607164780516" lon="127.98138223202139"><ele>31.78257544581619</ele></trkpt>
<trkpt lat="34.80957076989026" lon="127.98128704182827"><ele>31.91536951303155</ele></trkpt>
<trkpt lat="34.80954395833333" lon="127.98121874979212"><ele>32.00895833333333</ele></trkpt>
<trkpt lat="34.8095137630744" lon="127.98115053140066"><ele>32.093399455589854</ele></trkpt>
<trkpt lat="34.809494926268854" lon="127.98111433640109"><ele>32.109663923182445</ele></trkpt>
<trkpt lat="34.80948393689985" lon="127.98108555070064"><ele>32.11141278720851</ele></trkpt>
<trkpt lat="34.809470370370356" lon="127.98104280955663"><ele>32.11302951388889</ele></trkpt>
<trkpt lat="34.8094384085648" lon="127.9809359692766"><ele>32.116970486111114</ele></trkpt>
<trkpt lat="34.80942304699073" lon="127.98089140924563"><ele>32.11821960648149</ele></trkpt>
<trkpt lat="34.80940883055554" lon="127.98085915775198"><ele>32.116292407407414</ele></trkpt>
<trkpt lat="34.809379194444425" lon="127.98080765097082"><ele>32.063079282407415</ele></trkpt>
<trkpt lat="34.80935884444443" lon="127.98076603852056"><ele>31.966112662037037</ele></trkpt>
<trkpt lat="34.809330411899836" lon="127.98069888197854"><ele>31.785041817558305</ele></trkpt>
<trkpt lat="34.80929238768859" lon="127.980602310531"><ele>31.510968141289442</ele></trkpt>
<trkpt lat="34.80924779310697" lon="127.98048480038337"><ele>31.169961378600828</ele></trkpt>
<trkpt lat="34.80920259108366" lon="127.98036130824485"><ele>30.80473684499314</ele></trkpt>
<trkpt lat="34.809162121776396" lon="127.98024334109274"><ele>30.44516403978052</ele></trkpt>
<trkpt lat="34.809127291666655" lon="127.98012916626062"><ele>30.08020833333333</ele></trkpt>
<trkpt lat="34.80909547325119" lon="127.98000802040548"><ele>29.672780349794238</ele></trkpt>
<trkpt lat="34.8090634696521" lon="127.97987066695735"><ele>29.1935853909465</ele></trkpt>
<trkpt lat="34.80903058642965" lon="127.97971977958527"><ele>28.652831790123457</ele></trkpt>
<trkpt lat="34.80899870116645" lon="127.97956851803926"><ele>28.091370884773664</ele></trkpt>
<trkpt lat="34.80897010297472" lon="127.97942988768665"><ele>27.541514917695473</ele></trkpt>
<trkpt lat="34.808945208544564" lon="127.97930614540428"><ele>26.990416666666665</ele></trkpt>
<trkpt lat="34.808922089085314" lon="127.979187477543"><ele>26.382036474622772</ele></trkpt>
<trkpt lat="34.808898365327536" lon="127.97906221586568"><ele>25.6706734430727</ele></trkpt>
<trkpt lat="34.80884735972961" lon="127.97878748690378"><ele>24.07778196159122</ele></trkpt>
<trkpt lat="34.80882225932403" lon="127.97865146397719"><ele>23.388029067215363</ele></trkpt>
<trkpt lat="34.808797588176105" lon="127.97851765665594"><ele>22.85185481481481</ele></trkpt>
<trkpt lat="34.808772023539376" lon="127.97837878118494"><ele>22.441962962962965</ele></trkpt>
<trkpt lat="34.808745507663545" lon="127.97823389246697"><ele>22.104524444444447</ele></trkpt>
<trkpt lat="34.80871985398079" lon="127.97809137491845"><ele>21.79180296296297</ele></trkpt>
<trkpt lat="34.80869723146683" lon="127.97796059069582"><ele>21.466254814814818</ele></trkpt>
<trkpt lat="34.80867821614357" lon="127.97784229834815"><ele>21.09183443072703</ele></trkpt>
<trkpt lat="34.80866174375284" lon="127.97772961117228"><ele>20.645573799725657</ele></trkpt>
<trkpt lat="34.80864695908506" lon="127.9776188204963"><ele>20.14746995884774</ele></trkpt>
<trkpt lat="34.80863400732424" lon="127.97751146142292"><ele>19.64694170096022</ele></trkpt>
<trkpt lat="34.808623685254055" lon="127.97740968000679"><ele>19.188402331961594</ele></trkpt>
<trkpt lat="34.808616250308056" lon="127.97730770828132"><ele>18.770000000000003</ele></trkpt>
<trkpt lat="34.808611240304955" lon="127.97719444870413"><ele>18.354970850480115</ele></trkpt>
<trkpt lat="34.80860781992443" lon="127.97706184498637"><ele>17.907580589849115</ele></trkpt>
<trkpt lat="34.80860529467409" lon="127.97691348509372"><ele>17.430375514403295</ele></trkpt>
<trkpt lat="34.808601550580775" lon="127.97662114630332"><ele>16.546143689986284</ele></trkpt>
<trkpt lat="34.80859846073184" lon="127.97635884049069"><ele>15.885749314128946</ele></trkpt>
<trkpt lat="34.80859509921048" lon="127.97606575747531"><ele>15.29604423868313</ele></trkpt>
<trkpt lat="34.808592471535135" lon="127.9757783620628"><ele>14.789267832647463</ele></trkpt>
<trkpt lat="34.80859208384716" lon="127.97565614584994"><ele>14.610833333333336</ele></trkpt>
<trkpt lat="34.80859248436279" lon="127.97553903428008"><ele>14.476864910836763</ele></trkpt>
<trkpt lat="34.80859361232881" lon="127.97541548527573"><ele>14.369093031550069</ele></trkpt>
<trkpt lat="34.808597150061566" lon="127.97514461793003"><ele>14.18006364883402</ele></trkpt>
<trkpt lat="34.808600958507434" lon="127.9748786386053"><ele>13.992597037037037</ele></trkpt>
<trkpt lat="34.80860508541553" lon="127.97460032895658"><ele>13.771097777777777</ele></trkpt>
<trkpt lat="34.80860984627245" lon="127.97434326077796"><ele>13.55784148148148</ele></trkpt>
<trkpt lat="34.808612751848145" lon="127.97424187322359"><ele>13.473185462962961</ele></trkpt>
<trkpt lat="34.80861635086872" lon="127.97415234516573"><ele>13.397446759259259</ele></trkpt>
<trkpt lat="34.80862072966945" lon="127.97406847210942"><ele>13.32252138888889</ele></trkpt>
<trkpt lat="34.80862579463283" lon="127.97399199891233"><ele>13.243202592592594</ele></trkpt>
<trkpt lat="34.80863144129243" lon="127.97392862066147"><ele>13.156907119341565</ele></trkpt>
<trkpt lat="34.80863758088028" lon="127.97388099424245"><ele>13.062602880658437</ele></trkpt>
<trkpt lat="34.80864957845253" lon="127.97381273613752"><ele>12.865754886831276</ele></trkpt>
<trkpt lat="34.80865419800982" lon="127.97377443295447"><ele>12.771035236625515</ele></trkpt>
<trkpt lat="34.808657569958534" lon="127.97371951390393"><ele>12.672083333333335</ele></trkpt>
<trkpt lat="34.80865994754931" lon="127.97363875887858"><ele>12.55675497256516</ele></trkpt>
<trkpt lat="34.808661741490376" lon="127.97352909696126"><ele>12.417530006858712</ele></trkpt>
<trkpt lat="34.80866322177491" lon="127.97339835994"><ele>12.261514917695475</ele></trkpt>
<trkpt lat="34.80866563980483" lon="127.97313313131642"><ele>11.977650034293553</ele></trkpt>
<trkpt lat="34.808666671087934" lon="127.97301333335822"><ele>11.880208333333334</ele></trkpt>
<trkpt lat="34.80866881143064" lon="127.97276403292832"><ele>11.765507544581618</ele></trkpt>
<trkpt lat="34.80867119826219" lon="127.97248596705352"><ele>11.707104766803843</ele></trkpt>
<trkpt lat="34.8086733377552" lon="127.97223666662222"><ele>11.700000000000001</ele></trkpt>
<trkpt lat="34.80867544194339" lon="127.97198767429245"><ele>11.764646776406037</ele></trkpt>
<trkpt lat="34.80867723303159" lon="127.9717149016763"><ele>11.883443072702331</ele></trkpt>
<trkpt lat="34.80867727150924" lon="127.97159500741562"><ele>11.953233882030178</ele></trkpt>
<trkpt lat="34.80867618106972" lon="127.97149402775777"><ele>12.034166666666666</ele></trkpt>
<trkpt lat="34.80867355354113" lon="127.97140432870947"><ele>12.137829003772291</ele></trkpt>
<trkpt lat="34.808669063370516" lon="127.97131502349896"><ele>12.272615955075446</ele></trkpt>
<trkpt lat="34.80866228418906" lon="127.97121949272136"><ele>12.43609117798354</ele></trkpt>
<trkpt lat="34.80865235997264" lon="127.97111972157654"><ele>12.610638717421127</ele></trkpt>
<trkpt lat="34.80863789551939" lon="127.97101913862991"><ele>12.778756858710564</ele></trkpt>
<trkpt lat="34.80861787037036" lon="127.97091990148645"><ele>12.93113425925926</ele></trkpt>
<trkpt lat="34.80859269097222" lon="127.97082214394071"><ele>13.070711805555556</ele></trkpt>
<trkpt lat="34.808563582175914" lon="127.9707280351343"><ele>13.202991898148149</ele></trkpt>
<trkpt lat="34.80853127967592" lon="127.97063958498686"><ele>13.334034027777777</ele></trkpt>
<trkpt lat="34.80849559425925" lon="127.97055658462483"><ele>13.469793518518518</ele></trkpt>
<trkpt lat="34.808457417222215" lon="127.97047825160568"><ele>13.614894444444444</ele></trkpt>
<trkpt lat="34.808418631481466" lon="127.9704050722549"><ele>13.77620462962963</ele></trkpt>
<trkpt lat="34.80838012296296" lon="127.97033716678669"><ele>13.970400925925926</ele></trkpt>
<trkpt lat="34.8083397037037" lon="127.97027065309754"><ele>14.224404444444444</ele></trkpt>
<trkpt lat="34.80829445629629" lon="127.97020032860573"><ele>14.554071111111112</ele></trkpt>
<trkpt lat="34.80824457777777" lon="127.97012550635989"><ele>14.93772</ele></trkpt>
<trkpt lat="34.80819398074073" lon="127.97005154638225"><ele>15.317488888888889</ele></trkpt>
<trkpt lat="34.80814628148147" lon="127.9699841642056"><ele>15.633915555555557</ele></trkpt>
<trkpt lat="34.80810162655692" lon="127.96992428245993"><ele>15.860815342935531</ele></trkpt>
<trkpt lat="34.808057294101495" lon="127.96986834420429"><ele>16.011504080932788</ele></trkpt>
<trkpt lat="34.808011550781885" lon="127.96981371926248"><ele>16.116311584362144</ele></trkpt>
<trkpt lat="34.807963729163234" lon="127.96975984889973"><ele>16.204686364883404</ele></trkpt>
<trkpt lat="34.807911977174214" lon="127.96970609835631"><ele>16.299777071330595</ele></trkpt>
<trkpt lat="34.80785" lon="127.96964770777657"><ele>16.424375</ele></trkpt>
<trkpt lat="34.80776971536351" lon="127.96957766719608"><ele>16.598127572016462</ele></trkpt>
<trkpt lat="34.8076671159122" lon="127.96949182415077"><ele>16.827127057613172</ele></trkpt>
<trkpt lat="34.80754784979423" lon="127.9693940213728"><ele>17.092067901234568</ele></trkpt>
<trkpt lat="34.80742492455417" lon="127.96929455556031"><ele>17.352019032921813</ele></trkpt>
<trkpt lat="34.80730983882029" lon="127.96920303739083"><ele>17.56399176954733</ele></trkpt>
<trkpt lat="34.80720416666665" lon="127.96912145744635"><ele>17.703125000000004</ele></trkpt>
<trkpt lat="34.807100035150874" lon="127.96904413749097"><ele>17.7690877914952</ele></trkpt>
<trkpt lat="34.806989182956094" lon="127.96896449492885"><ele>17.777272805212622</ele></trkpt>
<trkpt lat="34.806872003600816" lon="127.96888190488893"><ele>17.7484670781893</ele></trkpt>
<trkpt lat="34.80675823388202" lon="127.96880255829532"><ele>17.700035150891633</ele></trkpt>
<trkpt lat="34.806659016632366" lon="127.96873398340563"><ele>17.64124828532236</ele></trkpt>
<trkpt lat="34.80657854166667" lon="127.96867916623088"><ele>17.57104166666667</ele></trkpt>
<trkpt lat="34.80651200379286" lon="127.96863494864971"><ele>17.48143460219479</ele></trkpt>
<trkpt lat="34.80645124326473" lon="127.96859567148616"><ele>17.366220438957477</ele></trkpt>
<trkpt lat="34.8063279520919" lon="127.96851659223121"><ele>17.074443587105627</ele></trkpt>
<trkpt lat="34.80626213836076" lon="127.96847256348012"><ele>16.912601268861458</ele></trkpt>
<trkpt lat="34.806188907407474" lon="127.96842116850516"><ele>16.736764444444447</ele></trkpt>
<trkpt lat="34.80610380814896" lon="127.96835917726877"><ele>16.536653333333334</ele></trkpt>
<trkpt lat="34.80600852222647" lon="127.96828822607158"><ele>16.312906666666667</ele></trkpt>
<trkpt lat="34.805910721496396" lon="127.96821425714518"><ele>16.07708888888889</ele></trkpt>
<trkpt lat="34.8058170407811" lon="127.96814196817824"><ele>15.835786666666667</ele></trkpt>
<trkpt lat="34.80572676897722" lon="127.96807032795132"><ele>15.578882962962963</ele></trkpt>
<trkpt lat="34.8056342512719" lon="127.96799488312125"><ele>15.290765925925928</ele></trkpt>
<trkpt lat="34.80553762691422" lon="127.96791474491349"><ele>14.975928888888891</ele></trkpt>
<trkpt lat="34.8053494359304" lon="127.96775725996744"><ele>14.379949629629632</ele></trkpt>
<trkpt lat="34.80526116359915" lon="127.96768322816627"><ele>14.134849026063103</ele></trkpt>
<trkpt lat="34.805079809559395" lon="127.96753094336249"><ele>13.710761152263375</ele></trkpt>
<trkpt lat="34.80490865226027" lon="127.9673858199965"><ele>13.384967544581619</ele></trkpt>
<trkpt lat="34.804831666822906" lon="127.96731906135021"><ele>13.281666666666666</ele></trkpt>
<trkpt lat="34.80475218472245" lon="127.96724873956126"><ele>13.213888031550068</ele></trkpt>
<trkpt lat="34.804567109549225" lon="127.96708198437464"><ele>13.141988168724279</ele></trkpt>
<trkpt lat="34.804379098829806" lon="127.96691137668726"><ele>13.122560871056244</ele></trkpt>
<trkpt lat="34.80421091253004" lon="127.96675862120064"><ele>13.173368484224968</ele></trkpt>
<trkpt lat="34.804023453425366" lon="127.96658825496822"><ele>13.300244341563786</ele></trkpt>
<trkpt lat="34.80384314963393" lon="127.96642357681651"><ele>13.428954903978052</ele></trkpt>
<trkpt lat="34.80377031260376" lon="127.96635614500471"><ele>13.467916666666667</ele></trkpt>
<trkpt lat="34.803704603197765" lon="127.96629428274588"><ele>13.487455569272978</ele></trkpt>
<trkpt lat="34.80363921724614" lon="127.96623157141411"><ele>13.491635336076818</ele></trkpt>
<trkpt lat="34.80357159260773" lon="127.96616538008652"><ele>13.48563411522634</ele></trkpt>
<trkpt lat="34.8035056742979" lon="127.96609861797037"><ele>13.473489780521264</ele></trkpt>
<trkpt lat="34.80344663216399" lon="127.96603446512769"><ele>13.45679631001372</ele></trkpt>
<trkpt lat="34.80339611092591" lon="127.9659722092559"><ele>13.434478171296297</ele></trkpt>
<trkpt lat="34.80335096018517" lon="127.96590740973832"><ele>13.403860995370371</ele></trkpt>
<trkpt lat="34.803307772777764" lon="127.96583714909524"><ele>13.361247430555554</ele></trkpt>
<trkpt lat="34.803265795185176" lon="127.96576213961431"><ele>13.299952592592593</ele></trkpt>
<trkpt lat="34.80322612582112" lon="127.9656845028976"><ele>13.212425672153636</ele></trkpt>
<trkpt lat="34.803189491316395" lon="127.96560537789901"><ele>13.095572702331962</ele></trkpt>
<trkpt lat="34.80315611198974" lon="127.96552668382908"><ele>12.960393197016462</ele></trkpt>
<trkpt lat="34.80312624293026" lon="127.96545064598253"><ele>12.82546371313443</ele></trkpt>
<trkpt lat="34.80309988731929" lon="127.96537746300653"><ele>12.707004136659808</ele></trkpt>
<trkpt lat="34.80307513934309" lon="127.96530041609115"><ele>12.605625</ele></trkpt>
<trkpt lat="34.80304902979568" lon="127.96520971953484"><ele>12.512001886145406</ele></trkpt>
<trkpt lat="34.803019283591944" lon="127.9650991617297"><ele>12.415161179698218</ele></trkpt>
<trkpt lat="34.80298644079479" lon="127.96497314091684"><ele>12.311237139917695</ele></trkpt>
<trkpt lat="34.802922139402554" lon="127.96472261873522"><ele>12.08221793552812</ele></trkpt>
<trkpt lat="34.80289333723977" lon="127.96460999669993"><ele>11.944166666666668</ele></trkpt>
<trkpt lat="34.80283341992" lon="127.96437567535392"><ele>11.552948388203017</ele></trkpt>
<trkpt lat="34.80276658864475" lon="127.96411431733112"><ele>11.051443758573388</ele></trkpt>
<trkpt lat="34.80270667057416" lon="127.96387999670416"><ele>10.633541666666668</ele></trkpt>
<trkpt lat="34.8026467204266" lon="127.96364578014688"><ele>10.305211762688614</ele></trkpt>
<trkpt lat="34.802613172619964" lon="127.96351553545877"><ele>10.147134773662552</ele></trkpt>
<trkpt lat="34.80257934760709" lon="127.96338620560202"><ele>10.001199417009603</ele></trkpt>
<trkpt lat="34.80254726139179" lon="127.96326775531367"><ele>9.882193072702334</ele></trkpt>
<trkpt lat="34.80251652823215" lon="127.96316145764524"><ele>9.798541666666667</ele></trkpt>
<trkpt lat="34.80248421062298" lon="127.96305864459904"><ele>9.74797816872428</ele></trkpt>
<trkpt lat="34.80244743630706" lon="127.9629495214929"><ele>9.722512016460906</ele></trkpt>
<trkpt lat="34.80240577177714" lon="127.96283179008431"><ele>9.715237098765432</ele></trkpt>
<trkpt lat="34.80236162919935" lon="127.96271338258897"><ele>9.725597633744856</ele></trkpt>
<trkpt lat="34.80231672647042" lon="127.96260287559788"><ele>9.760325082304526</ele></trkpt>
<trkpt lat="34.80227078024834" lon="127.96250337884258"><ele>9.827402651981428</ele></trkpt>
<trkpt lat="34.80222193538494" lon="127.96241096345697"><ele>9.928173480185725</ele></trkpt>
<trkpt lat="34.802170890482664" lon="127.96232404891953"><ele>10.049981094914155</ele></trkpt>
<trkpt lat="34.80211955824208" lon="127.96224423899307"><ele>10.174109443904547</ele></trkpt>
<trkpt lat="34.802068816399945" lon="127.9621745736095"><ele>10.28527735233776</ele></trkpt>
<trkpt lat="34.8020147813411" lon="127.9621129878409"><ele>10.381618075801748</ele></trkpt>
<trkpt lat="34.80195021865889" lon="127.96205343957135"><ele>10.470626822157435</ele></trkpt>
<trkpt lat="34.801867870640315" lon="127.96198875949862"><ele>10.563000215959399</ele></trkpt>
<trkpt lat="34.80176558740956" lon="127.96191533794567"><ele>10.664450383327935</ele></trkpt>
<trkpt lat="34.80164975380628" lon="127.96183552196308"><ele>10.771799481697443</ele></trkpt>
<trkpt lat="34.801429788359776" lon="127.96168621335264"><ele>10.956566785444336</ele></trkpt>
<trkpt lat="34.801344533527676" lon="127.96162771073548"><ele>11.011151603498542</ele></trkpt>
<trkpt lat="34.80127495626821" lon="127.96157881878675"><ele>11.03497084548105</ele></trkpt>
<trkpt lat="34.80121309107439" lon="127.9615338529598"><ele>11.029838332793435</ele></trkpt>
<trkpt lat="34.80115131992656" lon="127.96148743229702"><ele>11.000810452434942</ele></trkpt>
<trkpt lat="34.801085870540966" lon="127.9614367353819"><ele>10.956067768059604</ele></trkpt>
<trkpt lat="34.80101825180865" lon="127.96138228618094"><ele>10.907963740416802</ele></trkpt>
<trkpt lat="34.80095026606629" lon="127.96132397776064"><ele>10.868517957024078</ele></trkpt>
<trkpt lat="34.800881292592805" lon="127.96125957145073"><ele>10.845317037037036</ele></trkpt>
<trkpt lat="34.80080790296538" lon="127.96118544099551"><ele>10.837754074074073</ele></trkpt>
<trkpt lat="34.80073021112371" lon="127.96110212833457"><ele>10.83907111111111</ele></trkpt>
<trkpt lat="34.80065287856274" lon="127.96101392976927"><ele>10.838807407407408</ele></trkpt>
<trkpt lat="34.80058071493444" lon="127.96092312669674"><ele>10.82585037037037</ele></trkpt>
<trkpt lat="34.8005133528544" lon="127.96082568049954"><ele>10.791376296296297</ele></trkpt>
<trkpt lat="34.800446441217275" lon="127.96071541043685"><ele>10.732552592592592</ele></trkpt>
<trkpt lat="34.800377965178164" lon="127.96059330922579"><ele>10.654848888888889</ele></trkpt>
<trkpt lat="34.80031027948797" lon="127.96046833405192"><ele>10.56837925925926</ele></trkpt>
<trkpt lat="34.80024606481468" lon="127.96034825683492"><ele>10.479642962962963</ele></trkpt>
<trkpt lat="34.80012165212603" lon="127.96011482758462"><ele>10.288207990397805</ele></trkpt>
<trkpt lat="34.79999494625623" lon="127.95987767267592"><ele>10.078021755829903</ele></trkpt>
<trkpt lat="34.79993709771191" lon="127.95977028808635"><ele>9.981396618655694</ele></trkpt>
<trkpt lat="34.799882187655484" lon="127.95966958246895"><ele>9.890625</ele></trkpt>
<trkpt lat="34.79982481702739" lon="127.9595658196467"><ele>9.797144204389577</ele></trkpt>
<trkpt lat="34.79969100180771" lon="127.95932602532565"><ele>9.584349279835392</ele></trkpt>
<trkpt lat="34.799623125430074" lon="127.95920312162308"><ele>9.482151063100138</ele></trkpt>
<trkpt lat="34.799564708933595" lon="127.95909393715067"><ele>9.404212105624143</ele></trkpt>
<trkpt lat="34.79951916666667" lon="127.95900229125871"><ele>9.362083333333334</ele></trkpt>
<trkpt lat="34.79948410997513" lon="127.9589214037244"><ele>9.359124871399178</ele></trkpt>
<trkpt lat="34.79945474676354" lon="127.95884123853614"><ele>9.392333461934157</ele></trkpt>
<trkpt lat="34.799427324138364" lon="127.95875512038066"><ele>9.45683063271605</ele></trkpt>
<trkpt lat="34.799401254286686" lon="127.95866336918131"><ele>9.55025205761317</ele></trkpt>
<trkpt lat="34.79937715974364" lon="127.95856731339042"><ele>9.675938143004116</ele></trkpt>
<trkpt lat="34.79935567418979" lon="127.95846795126609"><ele>9.835885416666668</ele></trkpt>
<trkpt lat="34.799336649305545" lon="127.95836648426646"><ele>10.020000000000001</ele></trkpt>
<trkpt lat="34.79932043113425" lon="127.95826754331479"><ele>10.204114583333334</ele></trkpt>
<trkpt lat="34.799307547847214" lon="127.9581755125535"><ele>10.364520416666668</ele></trkpt>
<trkpt lat="34.799298125740734" lon="127.95809100644041"><ele>10.49193777777778</ele></trkpt>
<trkpt lat="34.79929147381944" lon="127.95801215136095"><ele>10.58978875</ele></trkpt>
<trkpt lat="34.79928677442128" lon="127.95793685507284"><ele>10.662689583333334</ele></trkpt>
<trkpt lat="34.79928356474536" lon="127.95786177822774"><ele>10.710684305555557</ele></trkpt>
<trkpt lat="34.79928161037036" lon="127.95778002073342"><ele>10.733411851851853</ele></trkpt>
<trkpt lat="34.799280674074055" lon="127.95768562814533"><ele>10.734334814814815</ele></trkpt>
<trkpt lat="34.799280591111106" lon="127.95758118222334"><ele>10.720608888888888</ele></trkpt>
<trkpt lat="34.79928151407405" lon="127.957478748154"><ele>10.699410370370371</ele></trkpt>
<trkpt lat="34.799284010370364" lon="127.95739122075298"><ele>10.674834074074075</ele></trkpt>
<trkpt lat="34.799289059807954" lon="127.9573226604867"><ele>10.64649728395062</ele></trkpt>
<trkpt lat="34.79929771467763" lon="127.95726779207358"><ele>10.612745679012347</ele></trkpt>
<trkpt lat="34.79931144609053" lon="127.95721812069955"><ele>10.574611851851854</ele></trkpt>
<trkpt lat="34.7993311005487" lon="127.95716972940903"><ele>10.539038024691358</ele></trkpt>
<trkpt lat="34.79935702043899" lon="127.95712267811815"><ele>10.515921975308641</ele></trkpt>
<trkpt lat="34.7993876761319" lon="127.95708033497617"><ele>10.518570370370371</ele></trkpt>
<trkpt lat="34.79942276186635" lon="127.95704405250585"><ele>10.566913580246913</ele></trkpt>
<trkpt lat="34.79946488710775" lon="127.95701363229547"><ele>10.694501234567902</ele></trkpt>
<trkpt lat="34.79952032741209" lon="127.95698574399263"><ele>10.938094814814816</ele></trkpt>
<trkpt lat="34.79959319037891" lon="127.95695738341752"><ele>11.312976296296297</ele></trkpt>
<trkpt lat="34.799680328902035" lon="127.95692745840027"><ele>11.789404444444445</ele></trkpt>
<trkpt lat="34.79986157187175" lon="127.95686885562239"><ele>12.823961481481483</ele></trkpt>
<trkpt lat="34.80003827260996" lon="127.9568123444537"><ele>13.889694814814815</ele></trkpt>
<trkpt lat="34.80013254223536" lon="127.95678152952728"><ele>14.452488888888887</ele></trkpt>
<trkpt lat="34.800226883712234" lon="127.95674906198401"><ele>14.959957037037036</ele></trkpt>
<trkpt lat="34.800316922967646" lon="127.95671463891726"><ele>15.318074074074072</ele></trkpt>
<trkpt lat="34.800404356298436" lon="127.95667592703398"><ele>15.469807407407407</ele></trkpt>
<trkpt lat="34.80049487703782" lon="127.95663031150319"><ele>15.42345037037037</ele></trkpt>
<trkpt lat="34.800590042222446" lon="127.95657835374976"><ele>15.23608888888889</ele></trkpt>
<trkpt lat="34.80068527925929" lon="127.9565235937415"><ele>14.974001481481482</ele></trkpt>
<trkpt lat="34.80077604518518" lon="127.9564684159534"><ele>14.672651851851851</ele></trkpt>
<trkpt lat="34.80086390074073" lon="127.95641112931807"><ele>14.328613333333333</ele></trkpt>
<trkpt lat="34.80095412592591" lon="127.95634837382227"><ele>13.926760000000002</ele></trkpt>
<trkpt lat="34.80104687555555" lon="127.95628101384054"><ele>13.483360000000001</ele></trkpt>
<trkpt lat="34.80113430814814" lon="127.95621537821302"><ele>13.054186666666668</ele></trkpt>
<trkpt lat="34.80120638962963" lon="127.9561585069696"><ele>12.700880000000002</ele></trkpt>
<trkpt lat="34.80125899925934" lon="127.95611262017908"><ele>12.450517037037038</ele></trkpt>
<trkpt lat="34.80129599185277" lon="127.95607457121778"><ele>12.286736296296297</ele></trkpt>
<trkpt lat="34.801353851868626" lon="127.9560049601622"><ele>12.072647407407407</ele></trkpt>
<trkpt lat="34.80139059930466" lon="127.95596617589293"><ele>11.954961481481483</ele></trkpt>
<trkpt lat="34.80144273195122" lon="127.95591884657487"><ele>11.794314074074075</ele></trkpt>
<trkpt lat="34.80151407944013" lon="127.95585965513729"><ele>11.579339259259259</ele></trkpt>
<trkpt lat="34.80160058250072" lon="127.95579068591753"><ele>11.326435555555555</ele></trkpt>
<trkpt lat="34.801781576717985" lon="127.95564889228288"><ele>10.869336296296295</ele></trkpt>
<trkpt lat="34.801955651040274" lon="127.95551302849665"><ele>10.636715775034293</ele></trkpt>
<trkpt lat="34.802132390286864" lon="127.95537449578248"><ele>10.555996268861454</ele></trkpt>
<trkpt lat="34.80221220848901" lon="127.95531107124795"><ele>10.5442322085048</ele></trkpt>
<trkpt lat="34.80228677096221" lon="127.9552506260009"><ele>10.55</ele></trkpt>
<trkpt lat="34.80236326190632" lon="127.95518715403524"><ele>10.574756515775034</ele></trkpt>
<trkpt lat="34.802448028355954" lon="127.95511561899511"><ele>10.617630315500687</ele></trkpt>
<trkpt lat="34.80263314815306" lon="127.95495775723336"><ele>10.736117969821674</ele></trkpt>
<trkpt lat="34.80280000053098" lon="127.95481500290192"><ele>10.869166666666665</ele></trkpt>
<trkpt lat="34.802966781983116" lon="127.95467221496449"><ele>11.043794581618656</ele></trkpt>
<trkpt lat="34.80315068609657" lon="127.95451378425335"><ele>11.26090877914952</ele></trkpt>
<trkpt lat="34.803233259736686" lon="127.95444122501075"><ele>11.363417352537725</ele></trkpt>
<trkpt lat="34.80330541673652" lon="127.95437572995047"><ele>11.457916666666668</ele></trkpt>
<trkpt lat="34.803372619413814" lon="127.95431187662474"><ele>11.552376886145407</ele></trkpt>
<trkpt lat="34.80344156445594" lon="127.95424364475797"><ele>11.655043895747601</ele></trkpt>
<trkpt lat="34.80351434185513" lon="127.95416973989818"><ele>11.766038065843622</ele></trkpt>
<trkpt lat="34.80358635987717" lon="127.95409524531492"><ele>11.87444204389575</ele></trkpt>
<trkpt lat="34.80365214777783" lon="127.95402558193847"><ele>11.967376886145404</ele></trkpt>
<trkpt lat="34.80370967595335" lon="127.9539623943599"><ele>12.038091735253772</ele></trkpt>
<trkpt lat="34.80376177524005" lon="127.95390256674358"><ele>12.08993501371742</ele></trkpt>
<trkpt lat="34.80381099971192" lon="127.95384385545111"><ele>12.129840020576133</ele></trkpt>
<trkpt lat="34.80385834844992" lon="127.95378570088997"><ele>12.164180384087791</ele></trkpt>
<trkpt lat="34.80390438953359" lon="127.95372735611888"><ele>12.19725840192044</ele></trkpt>
<trkpt lat="34.80395291666665" lon="127.95366354209642"><ele>12.233958333333334</ele></trkpt>
<trkpt lat="34.80400963134429" lon="127.95358656268876"><ele>12.279328703703705</ele></trkpt>
<trkpt lat="34.8040780281207" lon="127.95349197525641"><ele>12.336126543209877</ele></trkpt>
<trkpt lat="34.80415509773661" lon="127.95338431673224"><ele>12.402199074074073</ele></trkpt>
<trkpt lat="34.804232333676254" lon="127.95327549378747"><ele>12.472013888888888</ele></trkpt>
<trkpt lat="34.804301298010955" lon="127.95317693308934"><ele>12.541581790123455</ele></trkpt>
<trkpt lat="34.80435916666666" lon="127.95309187548568"><ele>12.612916666666667</ele></trkpt>
<trkpt lat="34.80440932270233" lon="127.95301489151448"><ele>12.692739197530864</ele></trkpt>
<trkpt lat="34.80445702503429" lon="127.95293840915389"><ele>12.785733024691359</ele></trkpt>
<trkpt lat="34.80450509773662" lon="127.95285907188254"><ele>12.887800925925927</ele></trkpt>
<trkpt lat="34.80460160665294" lon="127.9526962804642"><ele>13.066350308641976</ele></trkpt>
<trkpt lat="34.80471272612367" lon="127.95250491211907"><ele>13.148148148148149</ele></trkpt>
<trkpt lat="34.80486557423504" lon="127.952238461919"><ele>13.153240740740744</ele></trkpt>
<trkpt lat="34.80494758584744" lon="127.95209429144258"><ele>13.14715277777778</ele></trkpt>
<trkpt lat="34.80502273414635" lon="127.95196045281406"><ele>13.145123456790126</ele></trkpt>
<trkpt lat="34.80508932360656" lon="127.95183885601953"><ele>13.152291666666668</ele></trkpt>
<trkpt lat="34.80515196013374" lon="127.95172051932795"><ele>13.171431755829905</ele></trkpt>
<trkpt lat="34.805216207653686" lon="127.95159553573623"><ele>13.202531721536353</ele></trkpt>
<trkpt lat="34.80534944479968" lon="127.95133101350253"><ele>13.286513203017833</ele></trkpt>
<trkpt lat="34.805467506162735" lon="127.95109500984283"><ele>13.379791666666668</ele></trkpt>
<trkpt lat="34.805585470213565" lon="127.95085908568673"><ele>13.501037379972566</ele></trkpt>
<trkpt lat="34.80571704507676" lon="127.95059593871581"><ele>13.64769633058985</ele></trkpt>
<trkpt lat="34.80583500836685" lon="127.95036001313099"><ele>13.76291666666667</ele></trkpt>
<trkpt lat="34.80595297099925" lon="127.95012408687087"><ele>13.83985510973937</ele></trkpt>
<trkpt lat="34.806084544280694" lon="127.9498609375526"><ele>13.900557270233197</ele></trkpt>
<trkpt lat="34.80620250615421" lon="127.94962500986007"><ele>13.931875000000002</ele></trkpt>
<trkpt lat="34.80625920999247" lon="127.94951160256221"><ele>13.932015603566532</ele></trkpt>
<trkpt lat="34.80638577685629" lon="127.94925862979801"><ele>13.907019032921811</ele></trkpt>
<trkpt lat="34.80650876616689" lon="127.94901409648686"><ele>13.859639060356653</ele></trkpt>
<trkpt lat="34.80655984455349" lon="127.94891396003278"><ele>13.824583333333335</ele></trkpt>
<trkpt lat="34.80660749531793" lon="127.94882208167098"><ele>13.775791975308643</ele></trkpt>
<trkpt lat="34.80670899523307" lon="127.94863026263411"><ele>13.632994444444446</ele></trkpt>
<trkpt lat="34.80681454283299" lon="127.948432621512"><ele>13.47987839506173</ele></trkpt>
<trkpt lat="34.806917549897996" lon="127.948239877705"><ele>13.366193861454049</ele></trkpt>
<trkpt lat="34.80702277510781" lon="127.94804172516194"><ele>13.272672565157752</ele></trkpt>
<trkpt lat="34.80707076610692" lon="127.94794954366867"><ele>13.225552640603567</ele></trkpt>
<trkpt lat="34.80711625011472" lon="127.94785968812388"><ele>13.171458333333335</ele></trkpt>
<trkpt lat="34.807163718329534" lon="127.9477629245896"><ele>13.103287037037038</ele></trkpt>
<trkpt lat="34.807217058489385" lon="127.94765189028905"><ele>13.016983024691358</ele></trkpt>
<trkpt lat="34.80733601680487" lon="127.94740313645906"><ele>12.806736111111112</ele></trkpt>
<trkpt lat="34.80739418124152" lon="127.94728429810917"><ele>12.694891975308643</ele></trkpt>
<trkpt lat="34.807451458333325" lon="127.94717166739152"><ele>12.574791666666668</ele></trkpt>
<trkpt lat="34.80751300411541" lon="127.94705592292519"><ele>12.434016632373114</ele></trkpt>
<trkpt lat="34.80758313014609" lon="127.94692829192611"><ele>12.26346536351166</ele></trkpt>
<trkpt lat="34.80766058643043" lon="127.94678978122515"><ele>12.06644804526749</ele></trkpt>
<trkpt lat="34.80773904067532" lon="127.94665089618825"><ele>11.854877400548698</ele></trkpt>
<trkpt lat="34.80781257211781" lon="127.94652198800343"><ele>11.634664780521263</ele></trkpt>
<trkpt lat="34.80788104189429" lon="127.94640364712966"><ele>11.392916666666666</ele></trkpt>
<trkpt lat="34.807949908702945" lon="127.94628665599373"><ele>11.103990054869683</ele></trkpt>
<trkpt lat="34.80802461664698" lon="127.94616146678628"><ele>10.752764060356654</ele></trkpt>
<trkpt lat="34.80818556639719" lon="127.94589417256168"><ele>9.965557270233196</ele></trkpt>
<trkpt lat="34.80826055805836" lon="127.94576997621485"><ele>9.627385116598079</ele></trkpt>
<trkpt lat="34.80833000172996" lon="127.94565500417959"><ele>9.365</ele></trkpt>
<trkpt lat="34.80839944823379" lon="127.94554003815861"><ele>9.167676611796981</ele></trkpt>
<trkpt lat="34.80855512328284" lon="127.94528268649657"><ele>8.876826131687244</ele></trkpt>
<trkpt lat="34.80863598506544" lon="127.94514978146543"><ele>8.762914951989027</ele></trkpt>
<trkpt lat="34.80871171583045" lon="127.94502671078175"><ele>8.674775377229082</ele></trkpt>
<trkpt lat="34.80878260503645" lon="127.94491390880827"><ele>8.617083333333333</ele></trkpt>
<trkpt lat="34.80885446335817" lon="127.94480256078165"><ele>8.588285322359395</ele></trkpt>
<trkpt lat="34.808932899923335" lon="127.94468354946513"><ele>8.58238854595336</ele></trkpt>
<trkpt lat="34.809017625273945" lon="127.94455644049627"><ele>8.592818930041153</ele></trkpt>
<trkpt lat="34.8091817046984" lon="127.94431169616594"><ele>8.656063100137175</ele></trkpt>
<trkpt lat="34.80932830876307" lon="127.94409333125817"><ele>8.81653463648834</ele></trkpt>
<trkpt lat="34.80949250715979" lon="127.94384876524236"><ele>9.111548353909466</ele></trkpt>
<trkpt lat="34.809656705256" lon="127.94360419825176"><ele>9.455732167352538</ele></trkpt>
<trkpt lat="34.80973000780834" lon="127.94349501624488"><ele>9.63</ele></trkpt>
<trkpt lat="34.809882476646656" lon="127.94326791704867"><ele>10.047007030178326</ele></trkpt>
<trkpt lat="34.81005253764872" lon="127.94301461310961"><ele>10.547153635116599</ele></trkpt>
<trkpt lat="34.81020500577428" lon="127.94278751214722"><ele>10.983958333333334</ele></trkpt>
<trkpt lat="34.81035722808895" lon="127.94256059192149"><ele>11.384044924554185</ele></trkpt>
<trkpt lat="34.81044123254462" lon="127.94243469788529"><ele>11.59653034979424</ele></trkpt>
<trkpt lat="34.81052307481835" lon="127.94231040460576"><ele>11.803111282578877</ele></trkpt>
<trkpt lat="34.81059463950334" lon="127.94219811388633"><ele>11.986544067215364</ele></trkpt>
<trkpt lat="34.81065291743544" lon="127.9421000540243"><ele>12.142083333333334</ele></trkpt>
<trkpt lat="34.81070139920717" lon="127.94200878616834"><ele>12.280730438957477</ele></trkpt>
<trkpt lat="34.81074581873563" lon="127.94191496528101"><ele>12.417684828532238</ele></trkpt>
<trkpt lat="34.81078979037379" lon="127.94181491350903"><ele>12.560857242798356</ele></trkpt>
<trkpt lat="34.81087471313623" lon="127.9416135604972"><ele>12.853315624142663</ele></trkpt>
<trkpt lat="34.81095788224142" lon="127.9414140573982"><ele>13.16661925925926</ele></trkpt>
<trkpt lat="34.8110020361307" lon="127.94130695205007"><ele>13.344222222222223</ele></trkpt>
<trkpt lat="34.8110453996328" lon="127.94119891257012"><ele>13.52901037037037</ele></trkpt>
<trkpt lat="34.811085047612636" lon="127.94109400199484"><ele>13.716696296296298</ele></trkpt>
<trkpt lat="34.81112087194562" lon="127.9409893566855"><ele>13.915371851851853</ele></trkpt>
<trkpt lat="34.81115513484947" lon="127.94087806849355"><ele>14.137339259259262</ele></trkpt>
<trkpt lat="34.81118902889876" lon="127.94075877588392"><ele>14.379662222222224</ele></trkpt>
<trkpt lat="34.811221270372265" lon="127.94063739955361"><ele>14.621410370370373</ele></trkpt>
<trkpt lat="34.81124989407423" lon="127.9405190009915"><ele>14.8414162962963</ele></trkpt>
<trkpt lat="34.81127474222245" lon="127.94040052615324"><ele>15.036429629629632</ele></trkpt>
<trkpt lat="34.81129746222484" lon="127.94027437208112"><ele>15.219783703703706</ele></trkpt>
<trkpt lat="34.81131924001363" lon="127.94013957801128"><ele>15.404222222222225</ele></trkpt>
<trkpt lat="34.81133972449227" lon="127.94000406541016"><ele>15.595845925925929</ele></trkpt>
<trkpt lat="34.811358031240495" lon="127.93987545948322"><ele>15.80371851851852</ele></trkpt>
<trkpt lat="34.81137428472761" lon="127.93975220470804"><ele>16.046322962962968</ele></trkpt>
<trkpt lat="34.811389613848725" lon="127.93962636924019"><ele>16.338610370370375</ele></trkpt>
<trkpt lat="34.81140474746021" lon="127.93949525379172"><ele>16.668142222222226</ele></trkpt>
<trkpt lat="34.811433307868235" lon="127.9392402050358"><ele>17.276011851851855</ele></trkpt>
<trkpt lat="34.81144669305341" lon="127.93911981096167"><ele>17.497625185185186</ele></trkpt>
<trkpt lat="34.81147516968244" lon="127.93886559156722"><ele>17.823835555555558</ele></trkpt>
<trkpt lat="34.811490090885776" lon="127.9387365944184"><ele>17.963997037037036</ele></trkpt>
<trkpt lat="34.811504914357236" lon="127.93861581061772"><ele>18.103758518518518</ele></trkpt>
<trkpt lat="34.81152021049975" lon="127.93850210982376"><ele>18.25597037037037</ele></trkpt>
<trkpt lat="34.8115370341219" lon="127.93838817055148"><ele>18.432754074074072</ele></trkpt>
<trkpt lat="34.81155559112474" lon="127.93827118240311"><ele>18.63471111111111</ele></trkpt>
<trkpt lat="34.8115751540767" lon="127.93815620610056"><ele>18.853194074074075</ele></trkpt>
<trkpt lat="34.81159541037061" lon="127.93804913202305"><ele>19.08637037037037</ele></trkpt>
<trkpt lat="34.811617215514396" lon="127.93794940961688"><ele>19.34583217421125</ele></trkpt>
<trkpt lat="34.81164179485596" lon="127.93785127926202"><ele>19.644436385459535</ele></trkpt>
<trkpt lat="34.81166878802468" lon="127.93775287482575"><ele>19.970630226337448</ele></trkpt>
<trkpt lat="34.811696720658425" lon="127.9376573641675"><ele>20.29287706447188</ele></trkpt>
<trkpt lat="34.811724714279826" lon="127.93756837882627"><ele>20.580618593964335</ele></trkpt>
<trkpt lat="34.811754583333325" lon="127.93748229198397"><ele>20.831458333333334</ele></trkpt>
<trkpt lat="34.81178971021947" lon="127.93739026362618"><ele>21.065798182441704</ele></trkpt>
<trkpt lat="34.811832352537714" lon="127.93728523373369"><ele>21.30658093278464</ele></trkpt>
<trkpt lat="34.811881075102875" lon="127.93716916983705"><ele>21.55799639917696</ele></trkpt>
<trkpt lat="34.81193162722907" lon="127.93705169211174"><ele>21.806002229080935</ele></trkpt>
<trkpt lat="34.81198051268861" lon="127.93694183781247"><ele>22.035150034293558</ele></trkpt>
<trkpt lat="34.81202833333332" lon="127.93684000053419"><ele>22.245833333333334</ele></trkpt>
<trkpt lat="34.8120792626886" lon="127.93673816761968"><ele>22.45485939643347</ele></trkpt>
<trkpt lat="34.812136889574745" lon="127.93662835634082"><ele>22.67860768175583</ele></trkpt>
<trkpt lat="34.81220019547323" lon="127.93651107586692"><ele>22.91550411522634</ele></trkpt>
<trkpt lat="34.8122638340192" lon="127.93639562484753"><ele>23.144749657064477</ele></trkpt>
<trkpt lat="34.81232259602195" lon="127.93629205647906"><ele>23.342390260631003</ele></trkpt>
<trkpt lat="34.81237583333333" lon="127.93620291714409"><ele>23.49833333333334</ele></trkpt>
<trkpt lat="34.812427950096016" lon="127.93612173524691"><ele>23.6207550617284</ele></trkpt>
<trkpt lat="34.81248399303154" lon="127.93603998389636"><ele>23.725122962962963</ele></trkpt>
<trkpt lat="34.81254552584361" lon="127.93595395821991"><ele>23.822557037037036</ele></trkpt>
<trkpt lat="34.81260960068586" lon="127.9358670847567"><ele>23.91447901234568</ele></trkpt>
<trkpt lat="34.812673841454036" lon="127.9357830957312"><ele>23.999352592592594</ele></trkpt>
<trkpt lat="34.81273938074073" lon="127.93570148193234"><ele>24.078160000000004</ele></trkpt>
<trkpt lat="34.812810045925914" lon="127.93561771013235"><ele>24.155897777777778</ele></trkpt>
<trkpt lat="34.81288643555554" lon="127.93553084498008"><ele>24.235253333333333</ele></trkpt>
<trkpt lat="34.81296526814814" lon="127.93544541681108"><ele>24.31504</ele></trkpt>
<trkpt lat="34.81304426962962" lon="127.93536654862797"><ele>24.39424888888889</ele></trkpt>
<trkpt lat="34.81312580457139" lon="127.93529435436966"><ele>24.475797283950616</ele></trkpt>
<trkpt lat="34.81321419497679" lon="127.9352246744746"><ele>24.564114814814815</ele></trkpt>
<trkpt lat="34.81330792353295" lon="127.93515572000118"><ele>24.657508148148146</ele></trkpt>
<trkpt lat="34.81340011650293" lon="127.93508920810277"><ele>24.74865901234568</ele></trkpt>
<trkpt lat="34.81348399658613" lon="127.93502735697399"><ele>24.830054074074074</ele></trkpt>
<trkpt lat="34.81356052092204" lon="127.93496750078813"><ele>24.901666666666667</ele></trkpt>
<trkpt lat="34.81363662096982" lon="127.93490344763707"><ele>24.969609053497944</ele></trkpt>
<trkpt lat="34.81371897490914" lon="127.9348302896855"><ele>25.04076131687243</ele></trkpt>
<trkpt lat="34.813807524855825" lon="127.93474941569497"><ele>25.11734567901235</ele></trkpt>
<trkpt lat="34.813896116376355" lon="127.9346675436466"><ele>25.19792181069959</ele></trkpt>
<trkpt lat="34.81405500067422" lon="127.93452000277424"><ele>25.378333333333334</ele></trkpt>
<trkpt lat="34.81421376212395" lon="127.93437233874275"><ele>25.641045096021948</ele></trkpt>
<trkpt lat="34.814301840699436" lon="127.93428995324675"><ele>25.80817644032922</ele></trkpt>
<trkpt lat="34.814388796582655" lon="127.93420748447373"><ele>25.98071330589849</ele></trkpt>
<trkpt lat="34.81446734970781" lon="127.93413052497093"><ele>26.144531035665295</ele></trkpt>
<trkpt lat="34.81453593758871" lon="127.93405895912494"><ele>26.299374999999998</ele></trkpt>
<trkpt lat="34.814599737477764" lon="127.9339864064099"><ele>26.459041268861455</ele></trkpt>
<trkpt lat="34.8146650965578" lon="127.93390631573413"><ele>26.63704438957476</ele></trkpt>
<trkpt lat="34.8147339506523" lon="127.93381775977025"><ele>26.832926399176955</ele></trkpt>
<trkpt lat="34.814801808488454" lon="127.93372695966373"><ele>27.02807692043896</ele></trkpt>
<trkpt lat="34.81486323188278" lon="127.93363991112881"><ele>27.20200546639232</ele></trkpt>
<trkpt lat="34.81491629037036" lon="127.93355739440727"><ele>27.346062222222223</ele></trkpt>
<trkpt lat="34.81496386962963" lon="127.93347498400583"><ele>27.469102222222222</ele></trkpt>
<trkpt lat="34.81500881777777" lon="127.93339092917759"><ele>27.586080000000003</ele></trkpt>
<trkpt lat="34.81509246814814" lon="127.93323143875807"><ele>27.871751111111113</ele></trkpt>
<trkpt lat="34.8151326311111" lon="127.93315877949803"><ele>28.085789629629634</ele></trkpt>
<trkpt lat="34.81517509333332" lon="127.93308545211362"><ele>28.36941037037037</ele></trkpt>
<trkpt lat="34.81526678222222" lon="127.93293017213884"><ele>29.051845925925928</ele></trkpt>
<trkpt lat="34.81531218666666" lon="127.93284997956083"><ele>29.368811851851856</ele></trkpt>
<trkpt lat="34.81535772369365" lon="127.93276464913595"><ele>29.64626634430727</ele></trkpt>
<trkpt lat="34.815405925568534" lon="127.93266940370586"><ele>29.89940682441701</ele></trkpt>
<trkpt lat="34.81545664313127" lon="127.9325659811026"><ele>30.14182606995885</ele></trkpt>
<trkpt lat="34.8155553429621" lon="127.93236032538425"><ele>30.610477455418383</ele></trkpt>
<trkpt lat="34.81560302113177" lon="127.93225927181612"><ele>30.86020833333334</ele></trkpt>
<trkpt lat="34.815715724557386" lon="127.93201691925155"><ele>31.51941443758574</ele></trkpt>
<trkpt lat="34.81585153948715" lon="127.93172274997391"><ele>32.36893604252401</ele></trkpt>
<trkpt lat="34.81597500226831" lon="127.9314550038795"><ele>33.21062500000001</ele></trkpt>
<trkpt lat="34.81603440502103" lon="127.93132615648048"><ele>33.663329046639234</ele></trkpt>
<trkpt lat="34.8161668905647" lon="127.9310381138111"><ele>34.747996399176955</ele></trkpt>
<trkpt lat="34.81623427736946" lon="127.93089017029405"><ele>35.312452846364884</ele></trkpt>
<trkpt lat="34.816294789240544" lon="127.93075465733662"><ele>35.81761917009602</ele></trkpt>
<trkpt lat="34.81634697946512" lon="127.93063302187484"><ele>36.24666666666667</ele></trkpt>
<trkpt lat="34.81639431640517" lon="127.93051623147743"><ele>36.626119684499315</ele></trkpt>
<trkpt lat="34.8164412097542" lon="127.93039425221424"><ele>36.99287208504802</ele></trkpt>
<trkpt lat="34.81648885160864" lon="127.9302656603499"><ele>37.35993312757202</ele></trkpt>
<trkpt lat="34.816534539183074" lon="127.93013819114022"><ele>37.709862825788754</ele></trkpt>
<trkpt lat="34.81657476380339" lon="127.93002004288779"><ele>38.01815672153636</ele></trkpt>
<trkpt lat="34.816608541666646" lon="127.9299110420328"><ele>38.27875</ele></trkpt>
<trkpt lat="34.816638040980784" lon="127.92980243174932"><ele>38.50902349108368</ele></trkpt>
<trkpt lat="34.816666205418365" lon="127.92968539557837"><ele>38.73198988340192</ele></trkpt>
<trkpt lat="34.81669416923867" lon="127.92955960940132"><ele>38.957116769547326</ele></trkpt>
<trkpt lat="34.816720719307256" lon="127.92943315789542"><ele>39.17733710562415</ele></trkpt>
<trkpt lat="34.81674405949931" lon="127.92931385142954"><ele>39.38356052812072</ele></trkpt>
<trkpt lat="34.81676374999999" lon="127.92920062522342"><ele>39.57979166666667</ele></trkpt>
<trkpt lat="34.81678110253803" lon="127.92908389853514"><ele>39.7834122085048</ele></trkpt>
<trkpt lat="34.81679782236287" lon="127.92895472588077"><ele>40.01045867626886</ele></trkpt>
<trkpt lat="34.81681451133491" lon="127.92881377852882"><ele>40.26125514403292</ele></trkpt>
<trkpt lat="34.81683036871901" lon="127.92867075210965"><ele>40.52269633058986</ele></trkpt>
<trkpt lat="34.81684425085715" lon="127.92853448494336"><ele>40.78606652949246</ele></trkpt>
<trkpt lat="34.816855833718016" lon="127.9284033335418"><ele>41.063541666666666</ele></trkpt>
<trkpt lat="34.81686586150873" lon="127.92826597419277"><ele>41.38330161179698</ele></trkpt>
<trkpt lat="34.81687536475341" lon="127.92811231858373"><ele>41.76506001371742</ele></trkpt>
<trkpt lat="34.81688480635518" lon="127.92794421853867"><ele>42.19698816872428</ele></trkpt>
<trkpt lat="34.816893915278776" lon="127.92777478788423"><ele>42.640808470507544</ele></trkpt>
<trkpt lat="34.81691000292359" lon="127.92747000055812"><ele>43.46541666666668</ele></trkpt>
<trkpt lat="34.8169260800593" lon="127.92716532629268"><ele>44.33984567901235</ele></trkpt>
<trkpt lat="34.81694446626233" lon="127.92682973970382"><ele>45.32387345679013</ele></trkpt>
<trkpt lat="34.816953676152075" lon="127.92667959215143"><ele>45.75733024691358</ele></trkpt>
<trkpt lat="34.81696312538468" lon="127.92654916685325"><ele>46.12083333333334</ele></trkpt>
<trkpt lat="34.81697384556909" lon="127.92642874041564"><ele>46.43818449931413</ele></trkpt>
<trkpt lat="34.81698671271078" lon="127.92630599597878"><ele>46.74321591220851</ele></trkpt>
<trkpt lat="34.81700172472998" lon="127.92617628685015"><ele>47.04988683127573</ele></trkpt>
<trkpt lat="34.81701795641638" lon="127.92604611622642"><ele>47.3395035665295</ele></trkpt>
<trkpt lat="34.817034866385775" lon="127.9259227947359"><ele>47.583986968449935</ele></trkpt>
<trkpt lat="34.81705290814814" lon="127.92580712017451"><ele>47.76853037037038</ele></trkpt>
<trkpt lat="34.81707302518518" lon="127.92569310241551"><ele>47.904211851851855</ele></trkpt>
<trkpt lat="34.817094831111106" lon="127.92557930686542"><ele>48.01356444444444</ele></trkpt>
<trkpt lat="34.81711634962962" lon="127.92547284017195"><ele>48.120474074074075</ele></trkpt>
<trkpt lat="34.81713548592592" lon="127.92538383123495"><ele>48.24781925925926</ele></trkpt>
<trkpt lat="34.81715174518517" lon="127.92531589489488"><ele>48.418016296296294</ele></trkpt>
<trkpt lat="34.817166303703694" lon="127.92526387857443"><ele>48.64300592592593</ele></trkpt>
<trkpt lat="34.81719619703703" lon="127.92517268304222"><ele>49.184499259259255</ele></trkpt>
<trkpt lat="34.81721467851851" lon="127.9251152727339"><ele>49.43694962962963</ele></trkpt>
<trkpt lat="34.81723833511692" lon="127.92503771453177"><ele>49.65921701646091</ele></trkpt>
<trkpt lat="34.81726845912562" lon="127.92493574347876"><ele>49.863007921810706</ele></trkpt>
<trkpt lat="34.81733947893967" lon="127.9246946320652"><ele>50.24088995884774</ele></trkpt>
<trkpt lat="34.81737416245158" lon="127.92458186178712"><ele>50.41050960905349</ele></trkpt>
<trkpt lat="34.817408333725204" lon="127.92447826473624"><ele>50.574374999999996</ele></trkpt>
<trkpt lat="34.8174453779838" lon="127.92437480443789"><ele>50.74969050068587</ele></trkpt>
<trkpt lat="34.81748803967731" lon="127.92426251460424"><ele>50.9494427297668</ele></trkpt>
<trkpt lat="34.81753539282759" lon="127.92414158800975"><ele>51.16819187242799</ele></trkpt>
<trkpt lat="34.81758341127292" lon="127.9240205227367"><ele>51.3838640260631</ele></trkpt>
<trkpt lat="34.8176700033718" lon="127.9238033377287"><ele>51.72708333333333</ele></trkpt>
<trkpt lat="34.81771167025708" lon="127.92369891414366"><ele>51.853927469135805</ele></trkpt>
<trkpt lat="34.81780500373319" lon="127.92346500493034"><ele>52.07516203703704</ele></trkpt>
<trkpt lat="34.817898336932615" lon="127.92323109519138"><ele>52.26006944444444</ele></trkpt>
<trkpt lat="34.817981666256784" lon="127.9230222589229"><ele>52.38821502057613</ele></trkpt>
<trkpt lat="34.818074806421556" lon="127.92278902841164"><ele>52.49353395061729</ele></trkpt>
<trkpt lat="34.81816647886566" lon="127.92256099605221"><ele>52.58784465020577</ele></trkpt>
<trkpt lat="34.81820583385174" lon="127.92246475793296"><ele>52.62895833333334</ele></trkpt>
<trkpt lat="34.818243937426615" lon="127.92237331567063"><ele>52.669925919067225</ele></trkpt>
<trkpt lat="34.8183286138743" lon="127.92217433403768"><ele>52.76020331275721</ele></trkpt>
<trkpt lat="34.818418318150506" lon="127.9219654415486"><ele>52.827020980795616</ele></trkpt>
<trkpt lat="34.81850756077853" lon="127.92175836281423"><ele>52.810902222222225</ele></trkpt>
<trkpt lat="34.81855601392255" lon="127.9216477966902"><ele>52.77366666666667</ele></trkpt>
<trkpt lat="34.8186061914938" lon="127.92153773347637"><ele>52.725653333333334</ele></trkpt>
<trkpt lat="34.818657640210255" lon="127.92143392808335"><ele>52.66931111111111</ele></trkpt>
<trkpt lat="34.81871262442405" lon="127.92133566653648"><ele>52.60192672153635</ele></trkpt>
<trkpt lat="34.81877418813719" lon="127.92123741965769"><ele>52.51864924554184</ele></trkpt>
<trkpt lat="34.818841145964605" lon="127.92113798959632"><ele>52.41676016460905</ele></trkpt>
<trkpt lat="34.818909050043686" lon="127.92104143355361"><ele>52.29034208504801</ele></trkpt>
<trkpt lat="34.818974363910016" lon="127.92095224943331"><ele>52.122632894375855</ele></trkpt>
<trkpt lat="34.81903979183695" lon="127.92086750105805"><ele>51.88</ele></trkpt>
<trkpt lat="34.81911214624688" lon="127.92077875674705"><ele>51.5263177297668</ele></trkpt>
<trkpt lat="34.819196591770535" lon="127.9206789323718"><ele>51.0484456447188</ele></trkpt>
<trkpt lat="34.819290929307336" lon="127.92056941663859"><ele>50.47862911522634</ele></trkpt>
<trkpt lat="34.81938684690599" lon="127.92045890278537"><ele>49.880953360768174</ele></trkpt>
<trkpt lat="34.81956000129421" lon="127.9202600040083"><ele>48.761041666666664</ele></trkpt>
<trkpt lat="34.81973307976007" lon="127.92006114686987"><ele>47.571460905349795</ele></trkpt>
<trkpt lat="34.81982868136939" lon="127.91995080938702"><ele>46.898649691358024</ele></trkpt>
<trkpt lat="34.819922037602275" lon="127.91984184390245"><ele>46.240558127572015</ele></trkpt>
<trkpt lat="34.82000414388841" lon="127.9197433336784"><ele>45.66644804526749</ele></trkpt>
<trkpt lat="34.82007187526479" lon="127.91965718863396"><ele>45.20333333333333</ele></trkpt>
<trkpt lat="34.82012949414771" lon="127.91957684748007"><ele>44.82493404663923</ele></trkpt>
<trkpt lat="34.82018362478161" lon="127.91949410574169"><ele>44.485731303155006</ele></trkpt>
<trkpt lat="34.820238152132404" lon="127.91940577282777"><ele>44.15605547325103</ele></trkpt>
<trkpt lat="34.820344527898726" lon="127.9192279028885"><ele>43.53623281207134</ele></trkpt>
<trkpt lat="34.82044899910775" lon="127.91905181019263"><ele>42.96389481481482</ele></trkpt>
<trkpt lat="34.82055943880816" lon="127.91886459860835"><ele>42.395801481481485</ele></trkpt>
<trkpt lat="34.82061019275173" lon="127.91877708502162"><ele>42.15567407407408</ele></trkpt>
<trkpt lat="34.820657026739376" lon="127.91869442930549"><ele>41.958838518518526</ele></trkpt>
<trkpt lat="34.820750253341" lon="127.91852538033261"><ele>41.643528888888895</ele></trkpt>
<trkpt lat="34.82079785333481" lon="127.9184401580918"><ele>41.50902370370371</ele></trkpt>
<trkpt lat="34.82084538222236" lon="127.91835918475041"><ele>41.392260740740745</ele></trkpt>
<trkpt lat="34.82089471708217" lon="127.91828132802299"><ele>41.292486488340195</ele></trkpt>
<trkpt lat="34.82094877975565" lon="127.91820203411359"><ele>41.204282235939644</ele></trkpt>
<trkpt lat="34.82100729590555" lon="127.9181202750618"><ele>41.12743353909465</ele></trkpt>
<trkpt lat="34.82106764309941" lon="127.91803870069323"><ele>41.07167544581619</ele></trkpt>
<trkpt lat="34.82112840070984" lon="127.91795942651669"><ele>41.054844513031554</ele></trkpt>
<trkpt lat="34.82119385482895" lon="127.91787771075302"><ele>41.09541666666667</ele></trkpt>
<trkpt lat="34.821271526052776" lon="127.91778451474659"><ele>41.20545438957476</ele></trkpt>
<trkpt lat="34.82136619213212" lon="127.9176735802138"><ele>41.38272976680384</ele></trkpt>
<trkpt lat="34.82147409140948" lon="127.91754849474785"><ele>41.60478909465021</ele></trkpt>
<trkpt lat="34.821688582426845" lon="127.91730109911349"><ele>42.04008401920439</ele></trkpt>
<trkpt lat="34.82178500591616" lon="127.9171900163952"><ele>42.20666666666667</ele></trkpt>
<trkpt lat="34.821985624244626" lon="127.9169589082302"><ele>42.4615877914952</ele></trkpt>
<trkpt lat="34.82220939043457" lon="127.91670113241013"><ele>42.66729766803841</ele></trkpt>
<trkpt lat="34.82241000803288" lon="127.91647002186325"><ele>42.774166666666666</ele></trkpt>
<trkpt lat="34.82250645856701" lon="127.91635891062286"><ele>42.7750968792867</ele></trkpt>
<trkpt lat="34.82272250737098" lon="127.9161100205001"><ele>42.709040637860085</ele></trkpt>
<trkpt lat="34.82283438967161" lon="127.9159811304587"><ele>42.68576474622771</ele></trkpt>
<trkpt lat="34.822938555864276" lon="127.91586112907052"><ele>42.71086848422497</ele></trkpt>
<trkpt lat="34.82303500590987" lon="127.91575001640294"><ele>42.81854166666667</ele></trkpt>
<trkpt lat="34.82313142621374" lon="127.91563893434028"><ele>43.033316186556924</ele></trkpt>
<trkpt lat="34.823235296169145" lon="127.9155192407433"><ele>43.355714163237316</ele></trkpt>
<trkpt lat="34.823453469221356" lon="127.91526729077184"><ele>44.15020490397806</ele></trkpt>
<trkpt lat="34.823547548856396" lon="127.915157812914"><ele>44.49757544581619</ele></trkpt>
<trkpt lat="34.82362406316145" lon="127.9150675023896"><ele>44.76312500000001</ele></trkpt>
<trkpt lat="34.823687577643724" lon="127.91499066791613"><ele>44.95625351851853</ele></trkpt>
<trkpt lat="34.82374567240078" lon="127.91491841179925"><ele>45.10279703703704</ele></trkpt>
<trkpt lat="34.82380328856557" lon="127.9148453337983"><ele>45.22295055555556</ele></trkpt>
<trkpt lat="34.823916784194296" lon="127.91469955602413"><ele>45.38482018518519</ele></trkpt>
<trkpt lat="34.82403490984685" lon="127.91454682242616"><ele>45.39861333333334</ele></trkpt>
<trkpt lat="34.824166341182654" lon="127.91437646076079"><ele>45.28699555555556</ele></trkpt>
<trkpt lat="34.82429058050656" lon="127.91421533940016"><ele>45.04986370370371</ele></trkpt>
<trkpt lat="34.8244201270086" lon="127.91404712128471"><ele>44.624631111111114</ele></trkpt>
<trkpt lat="34.82455062463473" lon="127.91387604974624"><ele>44.08399703703704</ele></trkpt>
<trkpt lat="34.824613213543145" lon="127.91379243867267"><ele>43.77032592592593</ele></trkpt>
<trkpt lat="34.82467856252501" lon="127.9137039389101"><ele>43.40044740740741</ele></trkpt>
<trkpt lat="34.824816907242734" lon="127.91351465726007"><ele>42.490145185185185</ele></trkpt>
<trkpt lat="34.82488299177011" lon="127.91342395072414"><ele>41.94863703703704</ele></trkpt>
<trkpt lat="34.82494699769593" lon="127.91333605961262"><ele>41.30127703703704</ele></trkpt>
<trkpt lat="34.825012963537915" lon="127.91324541947799"><ele>40.50993185185185</ele></trkpt>
<trkpt lat="34.82514906769003" lon="127.91305739661779"><ele>38.70756740740741</ele></trkpt>
<trkpt lat="34.82521037497009" lon="127.91297116960376"><ele>37.912299259259264</ele></trkpt>
<trkpt lat="34.82526533266354" lon="127.91289182863102"><ele>37.25717333333334</ele></trkpt>
<trkpt lat="34.825317625211405" lon="127.91281397222997"><ele>36.70258666666667</ele></trkpt>
<trkpt lat="34.82536995778525" lon="127.91273407145685"><ele>36.201280000000004</ele></trkpt>
<trkpt lat="34.82542221851996" lon="127.91265258996981"><ele>35.736186666666676</ele></trkpt>
<trkpt lat="34.825474265926054" lon="127.91256933962913"><ele>35.305173333333336</ele></trkpt>
<trkpt lat="34.82552872592592" lon="127.91247955008461"><ele>34.8900888888889</ele></trkpt>
<trkpt lat="34.825589091851846" lon="127.91237763315523"><ele>34.46094222222223</ele></trkpt>
<trkpt lat="34.82571934518518" lon="127.91215580646896"><ele>33.55905777777778</ele></trkpt>
<trkpt lat="34.82577725925925" lon="127.91205928337176"><ele>33.12991111111112</ele></trkpt>
<trkpt lat="34.82582696148147" lon="127.91197998991868"><ele>32.71530518518519</ele></trkpt>
<trkpt lat="34.82587179407406" lon="127.91191290392752"><ele>32.289077037037046</ele></trkpt>
<trkpt lat="34.825915337777765" lon="127.91185194242274"><ele>31.845995555555564</ele></trkpt>
<trkpt lat="34.825959456296275" lon="127.91179428612583"><ele>31.413117037037043</ele></trkpt>
<trkpt lat="34.82600625037036" lon="127.91173847874633"><ele>31.021705185185187</ele></trkpt>
<trkpt lat="34.82605975703703" lon="127.91168113066374"><ele>30.675035555555556</ele></trkpt>
<trkpt lat="34.82612342518517" lon="127.91161839000088"><ele>30.35209777777778</ele></trkpt>
<trkpt lat="34.82619508444443" lon="127.91155109818207"><ele>30.04222666666667</ele></trkpt>
<trkpt lat="34.826266887407385" lon="127.91148567443305"><ele>29.761671111111113</ele></trkpt>
<trkpt lat="34.82633104592591" lon="127.91142930841302"><ele>29.538768888888892</ele></trkpt>
<trkpt lat="34.82638588268517" lon="127.91138417663764"><ele>29.38667814814815</ele></trkpt>
<trkpt lat="34.82643557175925" lon="127.91134710672792"><ele>29.2956462962963</ele></trkpt>
<trkpt lat="34.82648534638888" lon="127.91131381657047"><ele>29.24775444444445</ele></trkpt>
<trkpt lat="34.82653866370369" lon="127.91128212344277"><ele>29.23340962962963</ele></trkpt>
<trkpt lat="34.826597359314114" lon="127.91125166254443"><ele>29.252516213991772</ele></trkpt>
<trkpt lat="34.82666220850478" lon="127.91122242554133"><ele>29.30505144032922</ele></trkpt>
<trkpt lat="34.82673075488682" lon="127.91119474068748"><ele>29.379429012345682</ele></trkpt>
<trkpt lat="34.826799318844294" lon="127.91116921664378"><ele>29.45747427983539</ele></trkpt>
<trkpt lat="34.82686635502399" lon="127.91114611159075"><ele>29.522340534979424</ele></trkpt>
<trkpt lat="34.82693749999999" lon="127.91112375020128"><ele>29.56833333333333</ele></trkpt>
<trkpt lat="34.827021625943075" lon="127.91109944514923"><ele>29.597590877914953</ele></trkpt>
<trkpt lat="34.82712433599112" lon="127.9110712550695"><ele>29.615660150891635</ele></trkpt>
<trkpt lat="34.82724119727388" lon="127.91104002482686"><ele>29.62638374485597</ele></trkpt>
<trkpt lat="34.827360096022744" lon="127.9110088361086"><ele>29.630953360768178</ele></trkpt>
<trkpt lat="34.82746975866129" lon="127.91098078779743"><ele>29.628022976680388</ele></trkpt>
<trkpt lat="34.8275680208382" lon="127.9109567711528"><ele>29.614583333333336</ele></trkpt>
<trkpt lat="34.827662590616434" lon="127.9109351190607"><ele>29.58758451303155</ele></trkpt>
<trkpt lat="34.827762707958335" lon="127.91091352533134"><ele>29.54655001371742</ele></trkpt>
<trkpt lat="34.82798273115206" lon="127.91086806813345"><ele>29.443782235939643</ele></trkpt>
<trkpt lat="34.82819894818301" lon="127.91082401411754"><ele>29.36883111111111</ele></trkpt>
<trkpt lat="34.828425177800796" lon="127.91077762727458"><ele>29.34057333333333</ele></trkpt>
<trkpt lat="34.828536369644574" lon="127.91075412711561"><ele>29.34078222222222</ele></trkpt>
<trkpt lat="34.82863397037857" lon="127.91073219140635"><ele>29.354164444444447</ele></trkpt>
<trkpt lat="34.82871568815189" lon="127.91071162315174"><ele>29.385594074074074</ele></trkpt>
<trkpt lat="34.82878698518656" lon="127.91069089495224"><ele>29.436294814814815</ele></trkpt>
<trkpt lat="34.82885369111149" lon="127.91066877567886"><ele>29.499662222222224</ele></trkpt>
<trkpt lat="34.828918169629695" lon="127.91064457272425"><ele>29.562454814814814</ele></trkpt>
<trkpt lat="34.82898186592592" lon="127.91061673424115"><ele>29.611194074074074</ele></trkpt>
<trkpt lat="34.82904877777777" lon="127.9105823335674"><ele>29.63885777777778</ele></trkpt>
<trkpt lat="34.829123444444434" lon="127.91053912475455"><ele>29.646871111111114</ele></trkpt>
<trkpt lat="34.829204999999995" lon="127.91048873368308"><ele>29.64196</ele></trkpt>
<trkpt lat="34.82928655555555" lon="127.91043618699742"><ele>29.631875555555556</ele></trkpt>
<trkpt lat="34.82936122222221" lon="127.9103856225056"><ele>29.62223555555555</ele></trkpt>
<trkpt lat="34.82942810222221" lon="127.91033686988405"><ele>29.61556148148148</ele></trkpt>
<trkpt lat="34.82949147999999" lon="127.91028660173868"><ele>29.611536296296297</ele></trkpt>
<trkpt lat="34.82955449333332" lon="127.910232635828"><ele>29.607804444444444</ele></trkpt>
<trkpt lat="34.82961664444443" lon="127.91017464621699"><ele>29.600336296296295</ele></trkpt>
<trkpt lat="34.829677079999996" lon="127.91011064774662"><ele>29.583561481481482</ele></trkpt>
<trkpt lat="34.829738235555546" lon="127.9100351485881"><ele>29.55223111111111</ele></trkpt>
<trkpt lat="34.82980409333332" lon="127.9099431501911"><ele>29.505915555555557</ele></trkpt>
<trkpt lat="34.829874493333314" lon="127.90983704506999"><ele>29.454373333333336</ele></trkpt>
<trkpt lat="34.8299440311111" lon="127.90972591022187"><ele>29.418782222222223</ele></trkpt>
<trkpt lat="34.83000694666664" lon="127.90961674866188"><ele>29.426897777777782</ele></trkpt>
<trkpt lat="34.83006235555576" lon="127.90950785972925"><ele>29.50153777777778</ele></trkpt>
<trkpt lat="34.83011376000236" lon="127.90939250566336"><ele>29.648408888888895</ele></trkpt>
<trkpt lat="34.83016373334559" lon="127.9092695782701"><ele>29.850453333333338</ele></trkpt>
<trkpt lat="34.83021155115414" lon="127.90914593233636"><ele>30.07879555555556</ele></trkpt>
<trkpt lat="34.83025560011641" lon="127.90902812642699"><ele>30.31540444444445</ele></trkpt>
<trkpt lat="34.83029670692145" lon="127.90891442431575"><ele>30.564782222222227</ele></trkpt>
<trkpt lat="34.83033768935264" lon="127.9087974926784"><ele>30.842991111111115</ele></trkpt>
<trkpt lat="34.83037974738069" lon="127.90867508551752"><ele>31.154186666666668</ele></trkpt>
<trkpt lat="34.8304608855256" lon="127.90843638061762"><ele>31.850115555555558</ele></trkpt>
<trkpt lat="34.83053841575824" lon="127.90820760422254"><ele>32.741992592592595</ele></trkpt>
<trkpt lat="34.830618459723006" lon="127.90797021262713"><ele>33.80331259259259</ele></trkpt>
<trkpt lat="34.83065287432886" lon="127.90786641531173"><ele>34.246882962962964</ele></trkpt>
<trkpt lat="34.83068154233864" lon="127.90777752177709"><ele>34.58094962962963</ele></trkpt>
<trkpt lat="34.83070634226525" lon="127.9076975320402"><ele>34.82426814814815</ele></trkpt>
<trkpt lat="34.83072924001226" lon="127.90762059125488"><ele>35.00679555555555</ele></trkpt>
<trkpt lat="34.830750844446804" lon="127.90754465642297"><ele>35.141325925925926</ele></trkpt>
<trkpt lat="34.83077123111132" lon="127.90746809938621"><ele>35.22086074074074</ele></trkpt>
<trkpt lat="34.83079116984911" lon="127.90738652165484"><ele>35.23698888203018</ele></trkpt>
<trkpt lat="34.83081186735253" lon="127.90729500689622"><ele>35.19280264060357</ele></trkpt>
<trkpt lat="34.83083326288065" lon="127.90719494101585"><ele>35.10305886831276</ele></trkpt>
<trkpt lat="34.83085406093277" lon="127.90709213308594"><ele>34.981200850480114</ele></trkpt>
<trkpt lat="34.83087288342934" lon="127.90699048712843"><ele>34.8266098696845</ele></trkpt>
<trkpt lat="34.83089" lon="127.90688416687267"><ele>34.618125000000006</ele></trkpt>
<trkpt lat="34.83090697530863" lon="127.90676147830717"><ele>34.327420267489714</ele></trkpt>
<trkpt lat="34.830925308641966" lon="127.90661468481112"><ele>33.9409670781893</ele></trkpt>
<trkpt lat="34.83096469135802" lon="127.90628459221963"><ele>32.977085905349796</ele></trkpt>
<trkpt lat="34.83098302469135" lon="127.9061366634952"><ele>32.46208076131688</ele></trkpt>
<trkpt lat="34.83099999999999" lon="127.90601166687823"><ele>31.910000000000007</ele></trkpt>
<trkpt lat="34.83101698302468" lon="127.90590211525083"><ele>31.26488082990398</ele></trkpt>
<trkpt lat="34.831035393518505" lon="127.90579690778276"><ele>30.489861968449937</ele></trkpt>
<trkpt lat="34.831055439814804" lon="127.90569092871122"><ele>29.61672582304527</ele></trkpt>
<trkpt lat="34.831076234567895" lon="127.90558652970759"><ele>28.738017832647465</ele></trkpt>
<trkpt lat="34.831097199074065" lon="127.90548671404557"><ele>27.943985768175587</ele></trkpt>
<trkpt lat="34.83111937499999" lon="127.90538812527035"><ele>27.260208333333335</ele></trkpt>
<trkpt lat="34.83114504029507" lon="127.90528144111384"><ele>26.643159293552813</ele></trkpt>
<trkpt lat="34.83117575960392" lon="127.90515932872539"><ele>26.03318587105624</ele></trkpt>
<trkpt lat="34.831210537560445" lon="127.9050244385186"><ele>25.407394547325104</ele></trkpt>
<trkpt lat="34.831246230312814" lon="127.90488859189647"><ele>24.78567815500686</ele></trkpt>
<trkpt lat="34.831280071244635" lon="127.9047632159503"><ele>24.189609910836765</ele></trkpt>
<trkpt lat="34.8313120835254" lon="127.90464989641072"><ele>23.600833333333334</ele></trkpt>
<trkpt lat="34.831345164116755" lon="127.90453936448533"><ele>22.958524060356652</ele></trkpt>
<trkpt lat="34.83138225429085" lon="127.90442099486064"><ele>22.212020219478738</ele></trkpt>
<trkpt lat="34.83146687795611" lon="127.90415882277432"><ele>20.521686145404665</ele></trkpt>
<trkpt lat="34.8315092663541" lon="127.90402863405312"><ele>19.749664801097396</ele></trkpt>
<trkpt lat="34.83155102063166" lon="127.90390054405613"><ele>19.09008740740741</ele></trkpt>
<trkpt lat="34.831594404160526" lon="127.90376776614005"><ele>18.51261037037037</ele></trkpt>
<trkpt lat="34.83163983201747" lon="127.9036299080845"><ele>17.99044888888889</ele></trkpt>
<trkpt lat="34.83168497244052" lon="127.90349614549298"><ele>17.537121481481485</ele></trkpt>
<trkpt lat="34.831727375138236" lon="127.90337734291892"><ele>17.194531851851856</ele></trkpt>
<trkpt lat="34.83176751866629" lon="127.90327557156907"><ele>16.98597925925926</ele></trkpt>
<trkpt lat="34.83180809931388" lon="127.90318416923306"><ele>16.89596740740741</ele></trkpt>
<trkpt lat="34.83185042223778" lon="127.903097153634"><ele>16.886684444444445</ele></trkpt>
<trkpt lat="34.8318934637067" lon="127.90301380249942"><ele>16.922811851851854</ele></trkpt>
<trkpt lat="34.83193649629656" lon="127.90293490471653"><ele>16.98775703703704</ele></trkpt>
<trkpt lat="34.831981071145385" lon="127.90285798525296"><ele>17.079770452674897</ele></trkpt>
<trkpt lat="34.83202968926611" lon="127.90277832223178"><ele>17.198449794238684</ele></trkpt>
<trkpt lat="34.832134089080924" lon="127.90261277745974"><ele>17.438663868312755</ele></trkpt>
<trkpt lat="34.83218402299725" lon="127.90253329647183"><ele>17.490688971193418</ele></trkpt>
<trkpt lat="34.83223354166666" lon="127.90245291715019"><ele>17.4525</ele></trkpt>
<trkpt lat="34.832287734053494" lon="127.90236303818254"><ele>17.306564643347052</ele></trkpt>
<trkpt lat="34.832350360082295" lon="127.90225765768162"><ele>17.058599965706446</ele></trkpt>
<trkpt lat="34.83248692644032" lon="127.90202505734716"><ele>16.419873113854596</ele></trkpt>
<trkpt lat="34.832545295781884" lon="127.90192393318257"><ele>16.138138717421125</ele></trkpt>
<trkpt lat="34.832590833333335" lon="127.90184270870357"><ele>15.923541666666667</ele></trkpt>
<trkpt lat="34.83262554398168" lon="127.90177730904483"><ele>15.769486454046639</ele></trkpt>
<trkpt lat="34.83265385416884" lon="127.90171991099967"><ele>15.654636488340191</ele></trkpt>
<trkpt lat="34.83267934028905" lon="127.90166465807036"><ele>15.559153806584362</ele></trkpt>
<trkpt lat="34.83270370374326" lon="127.90160882305956"><ele>15.470739883401919</ele></trkpt>
<trkpt lat="34.83272818297739" lon="127.90154943874293"><ele>15.380011145404662</ele></trkpt>
<trkpt lat="34.83275510440703" lon="127.90148000053304"><ele>15.275</ele></trkpt>
<trkpt lat="34.83278762091883" lon="127.90139199678889"><ele>15.14233281893004</ele></trkpt>
<trkpt lat="34.83282754878686" lon="127.90128103017548"><ele>14.976154835390945</ele></trkpt>
<trkpt lat="34.83292007650703" lon="127.90102029022324"><ele>14.604156378600823</ele></trkpt>
<trkpt lat="34.83300500182678" lon="127.90078000240044"><ele>14.354375000000001</ele></trkpt>
<trkpt lat="34.83304588522521" lon="127.90066430104075"><ele>14.304531893004116</ele></trkpt>
<trkpt lat="34.833136841420256" lon="127.90040724976375"><ele>14.306743827160494</ele></trkpt>
<trkpt lat="34.833222843826924" lon="127.90016707738307"><ele>14.359593621399178</ele></trkpt>
<trkpt lat="34.83325593774037" lon="127.90007791720745"><ele>14.389375000000001</ele></trkpt>
<trkpt lat="34.83328423032393" lon="127.90000569904389"><ele>14.423502657750344</ele></trkpt>
<trkpt lat="34.83331153628356" lon="127.89994089612216"><ele>14.465003000685872</ele></trkpt>
<trkpt lat="34.833341099226814" lon="127.89987647135558"><ele>14.513933899176957</ele></trkpt>
<trkpt lat="34.83337464292055" lon="127.89981180656628"><ele>14.56576303155007</ele></trkpt>
<trkpt lat="34.833413829947034" lon="127.8997481805668"><ele>14.615883058984913</ele></trkpt>
<trkpt lat="34.83345925347222" lon="127.89968691279137"><ele>14.662407407407409</ele></trkpt>
<trkpt lat="34.83350851562499" lon="127.89962879357621"><ele>14.708298611111113</ele></trkpt>
<trkpt lat="34.83359330150463" lon="127.89953504638535"><ele>14.827280092592593</ele></trkpt>
<trkpt lat="34.83362064814815" lon="127.8995024768983"><ele>14.916111111111112</ele></trkpt>
<trkpt lat="34.83363999335562" lon="127.899475224539"><ele>15.020625</ele></trkpt>
<trkpt lat="34.833654402220496" lon="127.89944915950048"><ele>15.117152777777777</ele></trkpt>
<trkpt lat="34.83366517682612" lon="127.8994217788796"><ele>15.185555555555556</ele></trkpt>
<trkpt lat="34.8336718089849" lon="127.899391700964"><ele>15.218569101508917</ele></trkpt>
<trkpt lat="34.83367419924552" lon="127.89935751714548"><ele>15.229260116598079</ele></trkpt>
<trkpt lat="34.83367265432098" lon="127.89931999999422"><ele>15.23156378600823</ele></trkpt>
<trkpt lat="34.83366739026062" lon="127.89928250599178"><ele>15.235721879286695</ele></trkpt>
<trkpt lat="34.83365740397805" lon="127.89924855365562"><ele>15.248413923182442</ele></trkpt>
<trkpt lat="34.833622118650126" lon="127.89918201025736"><ele>15.400009195157741</ele></trkpt>
<trkpt lat="34.833605753370556" lon="127.89914139868584"><ele>15.486577209339776</ele></trkpt>
<trkpt lat="34.833597574203054" lon="127.89909725953969"><ele>15.573145223521813</ele></trkpt>
<trkpt lat="34.83359802769948" lon="127.89905200263807"><ele>15.659713237703848</ele></trkpt>
<trkpt lat="34.833607089100624" lon="127.89900809882405"><ele>15.746281251885883</ele></trkpt>
<trkpt lat="34.83362094802264" lon="127.89896369617301"><ele>15.837112482853227</ele></trkpt>
<trkpt lat="34.83366465005524" lon="127.8988399221819"><ele>16.06376971879287</ele></trkpt>
<trkpt lat="34.83371953290824" lon="127.89869090146072"><ele>16.334578189300412</ele></trkpt>
<trkpt lat="34.833777867005544" lon="127.8985348950199"><ele>16.621686385459533</ele></trkpt>
<trkpt lat="34.83388500903976" lon="127.89825001088435"><ele>17.185625</ele></trkpt>
<trkpt lat="34.83399254149973" lon="127.8979643338302"><ele>17.84285751028807</ele></trkpt>
<trkpt lat="34.83411248092895" lon="127.89764569315864"><ele>18.618227880658438</ele></trkpt>
<trkpt lat="34.83422001227309" lon="127.89736001452579"><ele>19.280625000000004</ele></trkpt>
<trkpt lat="34.834327542652545" lon="127.89707433514678"><ele>19.860270919067215</ele></trkpt>
<trkpt lat="34.83444747976164" lon="127.89675569188095"><ele>20.4673774005487</ele></trkpt>
<trkpt lat="34.834555009027845" lon="127.89647001091633"><ele>21.035833333333333</ele></trkpt>
<trkpt lat="34.83468103303206" lon="127.89613518941937"><ele>21.78380315500686</ele></trkpt>
<trkpt lat="34.83489" lon="127.89558000000001"><ele>23.080000000000002</ele></trkpt>
</trkseg>
</trk></gpx>
