<?xml version='1.0' encoding='UTF-8'?>
<gpx version="1.1"
  creator="GPXmagic"
  xmlns="http://www.topografix.com/GPX/1/1"
  xmlns:rgt="http://www.rgtcycling.com/XML/GpxExtensions/v1"
  xmlns:xsi="http://www.w3.org/2001/XMLSchema-instance" xsi:schemaLocation="http://www.topografix.com/GPX/1/1
  http://www.topografix.com/GPX/1/1/gpx.xsd">
  <metadata>
    <name>Smoothed with GPXmagic</name>
    <author>
      <link href="https://www.stepwiserefinement.co.uk">
        <text>GPXmagic v3</text>
        <type>text/html</type>
      </link>
    </author>
  </metadata>
<trk>  <name>Higashigama&#32;Interior&#32;Hilly&#32;Route</name>
<trkseg>
<trkpt lat="33.90055754378964" lon="132.25627040261347"><ele>172.37560832533507</ele></trkpt>
<trkpt lat="33.900963999899005" lon="132.25630599965857"><ele>169.64962013516498</ele></trkpt>
<trkpt lat="33.901467200085264" lon="132.2563508599128"><ele>165.57021336073214</ele></trkpt>
<trkpt lat="33.9015792667614" lon="132.25636381582478"><ele>164.63474352626028</ele></trkpt>
<trkpt lat="33.90167633291257" lon="132.25639222385388"><ele>163.9044279182436</ele></trkpt>
<trkpt lat="33.901778346062876" lon="132.2564432579151"><ele>163.141044145274</ele></trkpt>
<trkpt lat="33.90187293931684" lon="132.2565139229542"><ele>162.36263427963016</ele></trkpt>
<trkpt lat="33.901959628679485" lon="132.25661036970783"><ele>161.59382655898935</ele></trkpt>
<trkpt lat="33.90202817335846" lon="132.25672721976883"><ele>160.83314979205448</ele></trkpt>
<trkpt lat="33.90206968724416" lon="132.2568313676277"><ele>160.1236937951243</ele></trkpt>
<trkpt lat="33.90210295771883" lon="132.25696661009331"><ele>159.20406659494398</ele></trkpt>
<trkpt lat="33.90212962369822" lon="132.25733802660892"><ele>156.73589270317635</ele></trkpt>
<trkpt lat="33.90211400201282" lon="132.25779000042826"><ele>153.66044715805413</ele></trkpt>
<trkpt lat="33.902102001328736" lon="132.25813500032427"><ele>151.97218876620752</ele></trkpt>
<trkpt lat="33.90208955441361" lon="132.25848009201044"><ele>150.75681501835018</ele></trkpt>
<trkpt lat="33.90205400197902" lon="132.25893600044353"><ele>149.07884489986475</ele></trkpt>
<trkpt lat="33.902000575009474" lon="132.2596199267363"><ele>146.63002975177213</ele></trkpt>
<trkpt lat="33.90199055256932" lon="132.2600810850597"><ele>144.12281922274684</ele></trkpt>
<trkpt lat="33.90201115305361" lon="132.26073898613592"><ele>139.3456452710243</ele></trkpt>
<trkpt lat="33.90204837478469" lon="132.26100633166993"><ele>137.43072243610615</ele></trkpt>
<trkpt lat="33.902074954192756" lon="132.2611163262118"><ele>136.59524413584413</ele></trkpt>
<trkpt lat="33.902099482227776" lon="132.26117083301554"><ele>136.15428620240218</ele></trkpt>
<trkpt lat="33.90214847989878" lon="132.26124369558045"><ele>135.54911790469455</ele></trkpt>
<trkpt lat="33.90235643046855" lon="132.26148483070136"><ele>133.78311461208847</ele></trkpt>
<trkpt lat="33.902787222900145" lon="132.26184007022331"><ele>131.12751035870522</ele></trkpt>
<trkpt lat="33.902858745035786" lon="132.26190104212407"><ele>130.58678212081884</ele></trkpt>
<trkpt lat="33.9029260498769" lon="132.26197406183596"><ele>129.95216928362746</ele></trkpt>
<trkpt lat="33.90318803032282" lon="132.26226938067524"><ele>127.10854108192453</ele></trkpt>
<trkpt lat="33.90325305194132" lon="132.26236099511078"><ele>126.32089031259486</ele></trkpt>
<trkpt lat="33.903629005520806" lon="132.2629035588894"><ele>121.73164724308818</ele></trkpt>
<trkpt lat="33.90398566918695" lon="132.26341735474068"><ele>116.55665754673127</ele></trkpt>
<trkpt lat="33.90401619260279" lon="132.26345484126364"><ele>116.21214823126623</ele></trkpt>
<trkpt lat="33.90407082431416" lon="132.26348866001646"><ele>115.76802518626882</ele></trkpt>
<trkpt lat="33.904112049519014" lon="132.2634881857497"><ele>115.5112424369227</ele></trkpt>
<trkpt lat="33.90421189575526" lon="132.26342757478665"><ele>115.00969009167028</ele></trkpt>
<trkpt lat="33.90433908382783" lon="132.2633633537526"><ele>114.75446656517977</ele></trkpt>
<trkpt lat="33.90444041457639" lon="132.2633337055794"><ele>114.76497528871934</ele></trkpt>
<trkpt lat="33.904536010504145" lon="132.26331852744997"><ele>114.89580575141032</ele></trkpt>
<trkpt lat="33.90471344307968" lon="132.26331143634846"><ele>115.42263987081951</ele></trkpt>
<trkpt lat="33.904811798670735" lon="132.26331708498432"><ele>115.89500427119324</ele></trkpt>
<trkpt lat="33.90517764748987" lon="132.2633450492368"><ele>118.01511376625153</ele></trkpt>
<trkpt lat="33.905319610942925" lon="132.26334337687703"><ele>118.69559358257679</ele></trkpt>
<trkpt lat="33.905395676922694" lon="132.26332532389267"><ele>119.05215523906261</ele></trkpt>
<trkpt lat="33.90546216516807" lon="132.26328790566214"><ele>119.39342603489139</ele></trkpt>
<trkpt lat="33.905512310486074" lon="132.26324820712557"><ele>119.6662156302793</ele></trkpt>
<trkpt lat="33.90562233049342" lon="132.26314382112895"><ele>120.25586740047301</ele></trkpt>
<trkpt lat="33.90569611454292" lon="132.26303692596713"><ele>120.72185067539269</ele></trkpt>
<trkpt lat="33.90594911169725" lon="132.2625321998722"><ele>123.10072581469353</ele></trkpt>
<trkpt lat="33.90597807732811" lon="132.26247902331906"><ele>123.42409029592923</ele></trkpt>
<trkpt lat="33.90604752540199" lon="132.2623899511293"><ele>124.13466739318021</ele></trkpt>
<trkpt lat="33.90615787673486" lon="132.26227479429696"><ele>125.17666711249123</ele></trkpt>
<trkpt lat="33.90625741342929" lon="132.26219386935455"><ele>125.86680583838451</ele></trkpt>
<trkpt lat="33.906367779818424" lon="132.2621350358018"><ele>126.49454812925113</ele></trkpt>
<trkpt lat="33.90649487459605" lon="132.2620790986251"><ele>127.24509723667012</ele></trkpt>
<trkpt lat="33.90688025817592" lon="132.26197386070973"><ele>128.72461093106716</ele></trkpt>
<trkpt lat="33.90696552640174" lon="132.26195878688773"><ele>128.93574228841752</ele></trkpt>
<trkpt lat="33.90707976761635" lon="132.26195414954728"><ele>129.14788984264325</ele></trkpt>
<trkpt lat="33.90721602076584" lon="132.26198135597826"><ele>129.34767359915455</ele></trkpt>
<trkpt lat="33.90731790452814" lon="132.26202499357754"><ele>129.4668348447205</ele></trkpt>
<trkpt lat="33.90737191629392" lon="132.26206136805033"><ele>129.52000962705816</ele></trkpt>
<trkpt lat="33.90752939220721" lon="132.26218460427543"><ele>129.64884829305043</ele></trkpt>
<trkpt lat="33.90759806237726" lon="132.26224309052702"><ele>129.71396977693996</ele></trkpt>
<trkpt lat="33.907703505403276" lon="132.26236361888905"><ele>129.85786432288361</ele></trkpt>
<trkpt lat="33.90775422184585" lon="132.26244061383866"><ele>129.94789772664998</ele></trkpt>
<trkpt lat="33.90779241430207" lon="132.26252813345144"><ele>130.0343130113611</ele></trkpt>
<trkpt lat="33.90784157169363" lon="132.26276925047722"><ele>130.20694328524777</ele></trkpt>
<trkpt lat="33.90784096453849" lon="132.26291235060117"><ele>130.31296908866693</ele></trkpt>
<trkpt lat="33.907822767230996" lon="132.26300979040178"><ele>130.41953754387927</ele></trkpt>
<trkpt lat="33.90778513566758" lon="132.26312692632018"><ele>130.6015700902964</ele></trkpt>
<trkpt lat="33.90772630063438" lon="132.26323300822148"><ele>130.82455863676216</ele></trkpt>
<trkpt lat="33.90729299531998" lon="132.26393422565437"><ele>132.51400338060412</ele></trkpt>
<trkpt lat="33.90696084468606" lon="132.26447168596428"><ele>133.35408487083308</ele></trkpt>
<trkpt lat="33.9067397327042" lon="132.26482946318802"><ele>133.5975564052158</ele></trkpt>
<trkpt lat="33.906297508064505" lon="132.26554501424383"><ele>132.7683779017594</ele></trkpt>
<trkpt lat="33.905855236731554" lon="132.26626062835464"><ele>131.1908610988861</ele></trkpt>
<trkpt lat="33.905799244559276" lon="132.2663486757715"><ele>131.0231788575779</ele></trkpt>
<trkpt lat="33.90560001310333" lon="132.26658804591983"><ele>130.5918823737439</ele></trkpt>
<trkpt lat="33.90533844827165" lon="132.2668199425326"><ele>129.9022655989123</ele></trkpt>
<trkpt lat="33.905272424802796" lon="132.26688284572003"><ele>129.73077855460474</ele></trkpt>
<trkpt lat="33.90521004155674" lon="132.2669609232849"><ele>129.5235992015876</ele></trkpt>
<trkpt lat="33.90515926733976" lon="132.26703846491472"><ele>129.27513374496286</ele></trkpt>
<trkpt lat="33.904969341230746" lon="132.26737964688758"><ele>127.72074862045058</ele></trkpt>
<trkpt lat="33.90493357673592" lon="132.26745227918454"><ele>127.4415960226467</ele></trkpt>
<trkpt lat="33.90488356933286" lon="132.2676034553522"><ele>126.9814919784649</ele></trkpt>
<trkpt lat="33.90485800657342" lon="132.2677235865833"><ele>126.65747262895435</ele></trkpt>
<trkpt lat="33.90485525487942" lon="132.26788986161563"><ele>126.22790390237321</ele></trkpt>
<trkpt lat="33.90487294952728" lon="132.26817085933757"><ele>125.62163828119785</ele></trkpt>
<trkpt lat="33.904875200521396" lon="132.26827986033751"><ele>125.46470434966814</ele></trkpt>
<trkpt lat="33.90485436697876" lon="132.26839724008858"><ele>125.34198525133736</ele></trkpt>
<trkpt lat="33.90482010137405" lon="132.26847278706836"><ele>125.2808886447031</ele></trkpt>
<trkpt lat="33.90478025492994" lon="132.2685256583883"><ele>125.24117544992465</ele></trkpt>
<trkpt lat="33.90470867620922" lon="132.26857671173758"><ele>125.19142657735951</ele></trkpt>
<trkpt lat="33.9045978389821" lon="132.26860110851754"><ele>125.11554949650625</ele></trkpt>
<trkpt lat="33.904393868789455" lon="132.26861250023532"><ele>124.95377175151701</ele></trkpt>
<trkpt lat="33.90427672074022" lon="132.26865452429422"><ele>124.871717790991</ele></trkpt>
<trkpt lat="33.90421013034917" lon="132.26869966566002"><ele>124.81584258831809</ele></trkpt>
<trkpt lat="33.90416358369767" lon="132.26875716713292"><ele>124.75655442387979</ele></trkpt>
<trkpt lat="33.904131756912314" lon="132.2688165303902"><ele>124.69745542877308</ele></trkpt>
<trkpt lat="33.90409868230385" lon="132.26892248091787"><ele>124.60109767369175</ele></trkpt>
<trkpt lat="33.90397464553299" lon="132.26945457818533"><ele>124.15597278846626</ele></trkpt>
<trkpt lat="33.90395274374481" lon="132.26958231508158"><ele>123.93583176557016</ele></trkpt>
<trkpt lat="33.903950465125156" lon="132.26967104351846"><ele>123.71807250895436</ele></trkpt>
<trkpt lat="33.903957767790224" lon="132.26975778776085"><ele>123.4533010376266</ele></trkpt>
<trkpt lat="33.903985742927034" lon="132.26983675364366"><ele>123.15406230218618</ele></trkpt>
<trkpt lat="33.90401865126694" lon="132.26988467928444"><ele>122.92224789803377</ele></trkpt>
<trkpt lat="33.90407220348959" lon="132.26993604700525"><ele>122.60413805344736</ele></trkpt>
<trkpt lat="33.90416912913815" lon="132.27000488937986"><ele>122.07229793528624</ele></trkpt>
<trkpt lat="33.90421824391065" lon="132.27005796352415"><ele>121.75215111065734</ele></trkpt>
<trkpt lat="33.90427535603484" lon="132.27016406856367"><ele>121.20707720224753</ele></trkpt>
<trkpt lat="33.904292139108534" lon="132.27023556587073"><ele>120.85669921433445</ele></trkpt>
<trkpt lat="33.90429320734331" lon="132.27028963248603"><ele>120.59174802287728</ele></trkpt>
<trkpt lat="33.90427853133634" lon="132.27037620512138"><ele>120.15728484866399</ele></trkpt>
<trkpt lat="33.90425230631363" lon="132.27045421727962"><ele>119.76648291490582</ele></trkpt>
<trkpt lat="33.90417752930885" lon="132.2706335163242"><ele>118.95972360954723</ele></trkpt>
<trkpt lat="33.90415401116265" lon="132.2707217956264"><ele>118.605723126691</ele></trkpt>
<trkpt lat="33.90414548297754" lon="132.27079300883815"><ele>118.32306273460703</ele></trkpt>
<trkpt lat="33.90414855381411" lon="132.27086962735154"><ele>118.0138754193381</ele></trkpt>
<trkpt lat="33.904163747981336" lon="132.27094920068512"><ele>117.68208490496333</ele></trkpt>
<trkpt lat="33.904188525096956" lon="132.27102700477764"><ele>117.34675294957117</ele></trkpt>
<trkpt lat="33.90439231881404" lon="132.27158377037568"><ele>114.81627836971377</ele></trkpt>
<trkpt lat="33.90442812327087" lon="132.27174244672963"><ele>114.22896175625634</ele></trkpt>
<trkpt lat="33.9044493387251" lon="132.27201665223524"><ele>113.33558159177436</ele></trkpt>
<trkpt lat="33.90443174507069" lon="132.2727357442689"><ele>110.3631782921935</ele></trkpt>
<trkpt lat="33.90444402565316" lon="132.2729090567048"><ele>109.60448877699164</ele></trkpt>
<trkpt lat="33.90446337993685" lon="132.272990286344"><ele>109.23465243768929</ele></trkpt>
<trkpt lat="33.90455903603882" lon="132.27332269464586"><ele>107.43529864286334</ele></trkpt>
<trkpt lat="33.904593607382814" lon="132.27345964605638"><ele>106.89449971825564</ele></trkpt>
<trkpt lat="33.90460249177689" lon="132.27351998307893"><ele>106.72306181449127</ele></trkpt>
<trkpt lat="33.90460056884763" lon="132.2736161164502"><ele>106.50056440626922</ele></trkpt>
<trkpt lat="33.90458684795279" lon="132.27367539803845"><ele>106.38737968899456</ele></trkpt>
<trkpt lat="33.90455032426051" lon="132.2737505303103"><ele>106.26217022686492</ele></trkpt>
<trkpt lat="33.90449642836614" lon="132.27381495440645"><ele>106.16663908647003</ele></trkpt>
<trkpt lat="33.90437587816648" lon="132.27390526238813"><ele>106.06890438282755</ele></trkpt>
<trkpt lat="33.90432172228049" lon="132.27395699347423"><ele>106.0644497051834</ele></trkpt>
<trkpt lat="33.90426325157119" lon="132.2740662914653"><ele>106.12949339887146</ele></trkpt>
<trkpt lat="33.90424496027686" lon="132.27417036620562"><ele>106.2500723564886</ele></trkpt>
<trkpt lat="33.9042270801618" lon="132.27442881292185"><ele>106.7244313019316</ele></trkpt>
<trkpt lat="33.90422932665912" lon="132.2745493665302"><ele>106.99269588748481</ele></trkpt>
<trkpt lat="33.904250545800124" lon="132.27462726404497"><ele>107.1779798540434</ele></trkpt>
<trkpt lat="33.90428338959062" lon="132.27470012627373"><ele>107.36366871043677</ele></trkpt>
<trkpt lat="33.90433308294297" lon="132.27477866916453"><ele>107.59278092950365</ele></trkpt>
<trkpt lat="33.90440122791964" lon="132.27484720007217"><ele>107.87899775915908</ele></trkpt>
<trkpt lat="33.904653439575334" lon="132.27502506149716"><ele>109.28238017502827</ele></trkpt>
<trkpt lat="33.904723725198856" lon="132.2750817822696"><ele>109.76175472617729</ele></trkpt>
<trkpt lat="33.90477064977359" lon="132.27513909037702"><ele>110.11193412679017</ele></trkpt>
<trkpt lat="33.90481741753192" lon="132.27524451416258"><ele>110.53695286486115</ele></trkpt>
<trkpt lat="33.9048315389791" lon="132.27531542096665"><ele>110.73402738552161</ele></trkpt>
<trkpt lat="33.90483018264492" lon="132.2753789048057"><ele>110.87213079828048</ele></trkpt>
<trkpt lat="33.904770394274806" lon="132.27563015502125"><ele>111.17733260890506</ele></trkpt>
<trkpt lat="33.90476070974878" lon="132.27576343716143"><ele>111.15808740921368</ele></trkpt>
<trkpt lat="33.9047664291437" lon="132.27583042392322"><ele>111.09601064775009</ele></trkpt>
<trkpt lat="33.904800575430734" lon="132.27592177471087"><ele>110.94110153110749</ele></trkpt>
<trkpt lat="33.90485589465605" lon="132.27601595836592"><ele>110.68478499643231</ele></trkpt>
<trkpt lat="33.90490243882993" lon="132.2760754824098"><ele>110.45888696873915</ele></trkpt>
<trkpt lat="33.90504798755833" lon="132.27623584326344"><ele>109.55419374372782</ele></trkpt>
<trkpt lat="33.90511233775736" lon="132.27632128223934"><ele>108.94480346885037</ele></trkpt>
<trkpt lat="33.905210415643786" lon="132.2764759638693"><ele>107.83195658596637</ele></trkpt>
<trkpt lat="33.90525325471798" lon="132.27657545841322"><ele>107.28432790376114</ele></trkpt>
<trkpt lat="33.90530022742377" lon="132.27676367038842"><ele>106.46176555019434</ele></trkpt>
<trkpt lat="33.90530701385615" lon="132.2768619356892"><ele>105.99491628598764</ele></trkpt>
<trkpt lat="33.90530330394693" lon="132.27703901506584"><ele>105.02962001021064</ele></trkpt>
<trkpt lat="33.90532449959695" lon="132.27716583768728"><ele>104.33404601227245</ele></trkpt>
<trkpt lat="33.90538089159838" lon="132.27731281559971"><ele>103.56551339809594</ele></trkpt>
<trkpt lat="33.90557624441068" lon="132.27764778576127"><ele>101.83234434476908</ele></trkpt>
<trkpt lat="33.905653249746784" lon="132.27774093593757"><ele>101.32112953264793</ele></trkpt>
<trkpt lat="33.905702630829275" lon="132.27776669111134"><ele>101.09200285321374</ele></trkpt>
<trkpt lat="33.90584014363554" lon="132.27779679274573"><ele>100.60098196896311</ele></trkpt>
<trkpt lat="33.90607212938679" lon="132.27781428858205"><ele>100.07669431323235</ele></trkpt>
<trkpt lat="33.90612014384587" lon="132.27783511880824"><ele>99.97973280327598</ele></trkpt>
<trkpt lat="33.906206904461975" lon="132.27791196903104"><ele>99.75453293760425</ele></trkpt>
<trkpt lat="33.90627586354149" lon="132.27800739483538"><ele>99.48333969862507</ele></trkpt>
<trkpt lat="33.90649603201486" lon="132.27838049224434"><ele>98.34068389840105</ele></trkpt>
<trkpt lat="33.906527511373866" lon="132.27846131270502"><ele>98.1834921658394</ele></trkpt>
<trkpt lat="33.90653640018922" lon="132.27854524218967"><ele>98.05796470272102</ele></trkpt>
<trkpt lat="33.90653141407436" lon="132.2786746140141"><ele>97.88921144042648</ele></trkpt>
<trkpt lat="33.90652200641011" lon="132.27873723557292"><ele>97.81008612489597</ele></trkpt>
<trkpt lat="33.90649609454393" lon="132.2788097974495"><ele>97.71360903269053</ele></trkpt>
<trkpt lat="33.90642256953961" lon="132.2789566272945"><ele>97.50716253372816</ele></trkpt>
<trkpt lat="33.906342913235356" lon="132.2790767192151"><ele>97.29238053428512</ele></trkpt>
<trkpt lat="33.90622648343938" lon="132.27921449451756"><ele>96.93452513813783</ele></trkpt>
<trkpt lat="33.9061790967076" lon="132.27931803574103"><ele>96.72867664387208</ele></trkpt>
<trkpt lat="33.906150893668475" lon="132.27941647292508"><ele>96.59428137784009</ele></trkpt>
<trkpt lat="33.906142670531764" lon="132.2794719403416"><ele>96.54300478615909</ele></trkpt>
<trkpt lat="33.90614552992216" lon="132.27962924513508"><ele>96.48118616796764</ele></trkpt>
<trkpt lat="33.90617307734001" lon="132.2797374625094"><ele>96.51224043700806</ele></trkpt>
<trkpt lat="33.90628548678119" lon="132.27998173128344"><ele>96.8436449314133</ele></trkpt>
<trkpt lat="33.90631863764437" lon="132.28008937242055"><ele>97.08096689746021</ele></trkpt>
<trkpt lat="33.90636229245499" lon="132.2803394010028"><ele>97.64636017883078</ele></trkpt>
<trkpt lat="33.90638732585314" lon="132.28043303216853"><ele>97.78277499261019</ele></trkpt>
<trkpt lat="33.906434823270956" lon="132.2805551312558"><ele>97.85219574547278</ele></trkpt>
<trkpt lat="33.90652263100125" lon="132.28073652339546"><ele>97.75132632929649</ele></trkpt>
<trkpt lat="33.9065827410534" lon="132.28081763436137"><ele>97.61178996971728</ele></trkpt>
<trkpt lat="33.906640292983354" lon="132.28087389952253"><ele>97.44714475217654</ele></trkpt>
<trkpt lat="33.906844471851876" lon="132.28105986089741"><ele>96.62167193258995</ele></trkpt>
<trkpt lat="33.906881606542534" lon="132.2811070319198"><ele>96.41598275314408</ele></trkpt>
<trkpt lat="33.906906330403864" lon="132.2811823115071"><ele>96.15142994913916</ele></trkpt>
<trkpt lat="33.906907975884586" lon="132.28128880004476"><ele>95.81633528316077</ele></trkpt>
<trkpt lat="33.90690014063468" lon="132.28134910447383"><ele>95.64299838550507</ele></trkpt>
<trkpt lat="33.90686433834534" lon="132.2814912664796"><ele>95.32038483351842</ele></trkpt>
<trkpt lat="33.906853684468345" lon="132.28159957532847"><ele>95.19435049757831</ele></trkpt>
<trkpt lat="33.906863591753535" lon="132.28176002554122"><ele>95.20667021053984</ele></trkpt>
<trkpt lat="33.906893588386616" lon="132.28192009620008"><ele>95.46192988600713</ele></trkpt>
<trkpt lat="33.90705691523784" lon="132.28247956787504"><ele>97.28956132635136</ele></trkpt>
<trkpt lat="33.90711560627426" lon="132.28261206076135"><ele>97.73227227433934</ele></trkpt>
<trkpt lat="33.907197328654405" lon="132.2827341339579"><ele>98.12061869808633</ele></trkpt>
<trkpt lat="33.907239229403366" lon="132.2827865039019"><ele>98.24998626736472</ele></trkpt>
<trkpt lat="33.90731276929896" lon="132.28285412501327"><ele>98.36705186220394</ele></trkpt>
<trkpt lat="33.90740926383564" lon="132.28290641516324"><ele>98.3872723981328</ele></trkpt>
<trkpt lat="33.907685030439644" lon="132.28303545004937"><ele>98.14431161684738</ele></trkpt>
<trkpt lat="33.90788389292191" lon="132.2831202100484"><ele>97.93942408745427</ele></trkpt>
<trkpt lat="33.90832006203991" lon="132.2833312392553"><ele>97.49543176798504</ele></trkpt>
<trkpt lat="33.90839927452575" lon="132.28337607055434"><ele>97.50721501037242</ele></trkpt>
<trkpt lat="33.90846795124743" lon="132.28343242260135"><ele>97.58631324549131</ele></trkpt>
<trkpt lat="33.90851634301873" lon="132.28350577714366"><ele>97.72454555757159</ele></trkpt>
<trkpt lat="33.908552752529886" lon="132.28359357159687"><ele>97.92651708448942</ele></trkpt>
<trkpt lat="33.90857856748981" lon="132.28368837500844"><ele>98.17695094991035</ele></trkpt>
<trkpt lat="33.90858647551787" lon="132.28376982097706"><ele>98.40624511276637</ele></trkpt>
<trkpt lat="33.908608004695004" lon="132.28410100309534"><ele>99.65000878594242</ele></trkpt>
<trkpt lat="33.90863027969711" lon="132.2841882993359"><ele>100.13867597065533</ele></trkpt>
<trkpt lat="33.908663990174155" lon="132.2842456587151"><ele>100.53556722325014</ele></trkpt>
<trkpt lat="33.908718068610696" lon="132.284301267406"><ele>101.00981771790774</ele></trkpt>
<trkpt lat="33.90882056577411" lon="132.2843459261445"><ele>101.68195874388935</ele></trkpt>
<trkpt lat="33.90891922441498" lon="132.28435181387852"><ele>102.28739786855483</ele></trkpt>
<trkpt lat="33.9089580018136" lon="132.28434060278107"><ele>102.5542714732397</ele></trkpt>
<trkpt lat="33.909019014812294" lon="132.28429703826095"><ele>103.07597065801701</ele></trkpt>
<trkpt lat="33.909157675595274" lon="132.28414824312193"><ele>104.5247233548289</ele></trkpt>
<trkpt lat="33.90929393386731" lon="132.28396034206932"><ele>105.84442916270619</ele></trkpt>
<trkpt lat="33.90936118943752" lon="132.28389754987833"><ele>106.38610411471495</ele></trkpt>
<trkpt lat="33.90940163048501" lon="132.28387664281792"><ele>106.6664074078348</ele></trkpt>
<trkpt lat="33.90950693077123" lon="132.2838507030919"><ele>107.28949746555712</ele></trkpt>
<trkpt lat="33.90959665404194" lon="132.2838486949834"><ele>107.70926920372322</ele></trkpt>
<trkpt lat="33.909669450089375" lon="132.28386432765177"><ele>108.01267146307745</ele></trkpt>
<trkpt lat="33.909728905899165" lon="132.2838886525765"><ele>108.26928782566246</ele></trkpt>
<trkpt lat="33.90978639741247" lon="132.28392653115606"><ele>108.5486063434231</ele></trkpt>
<trkpt lat="33.90983650189482" lon="132.28398588840517"><ele>108.85727698182596</ele></trkpt>
<trkpt lat="33.90986601215202" lon="132.28405210392887"><ele>109.12787427677229</ele></trkpt>
<trkpt lat="33.9098927868638" lon="132.28417701411982"><ele>109.57124699711355</ele></trkpt>
<trkpt lat="33.90992480085407" lon="132.28450365943914"><ele>110.56641008975984</ele></trkpt>
<trkpt lat="33.909922206978834" lon="132.28458991720217"><ele>110.78141364507758</ele></trkpt>
<trkpt lat="33.90990666121267" lon="132.2846890158883"><ele>110.98803426418164</ele></trkpt>
<trkpt lat="33.90987945015199" lon="132.28478540827558"><ele>111.14085811698907</ele></trkpt>
<trkpt lat="33.90971278327783" lon="132.2853075923832"><ele>111.64939151869086</ele></trkpt>
<trkpt lat="33.909684432815304" lon="132.28541068291338"><ele>111.80944522771803</ele></trkpt>
<trkpt lat="33.90967240357897" lon="132.28549845134827"><ele>111.99150998472786</ele></trkpt>
<trkpt lat="33.90965478591304" lon="132.28571392548162"><ele>112.64108014345557</ele></trkpt>
<trkpt lat="33.90966400556991" lon="132.28585835330472"><ele>113.22396008933573</ele></trkpt>
<trkpt lat="33.909711112943484" lon="132.28622531450506"><ele>115.02061649513881</ele></trkpt>
<trkpt lat="33.90974221228873" lon="132.28645474988792"><ele>115.84416616588497</ele></trkpt>
<trkpt lat="33.90978077389247" lon="132.28661624609992"><ele>116.00641429272325</ele></trkpt>
<trkpt lat="33.90985516910156" lon="132.28681731783558"><ele>115.81157492914204</ele></trkpt>
<trkpt lat="33.90992796298" lon="132.2870201725524"><ele>115.14854776520497</ele></trkpt>
<trkpt lat="33.90993879812633" lon="132.28710030532946"><ele>114.717213386213</ele></trkpt>
<trkpt lat="33.909934968449114" lon="132.2872584484833"><ele>113.73436734852436</ele></trkpt>
<trkpt lat="33.90991396872421" lon="132.287333239261"><ele>113.27266715131054</ele></trkpt>
<trkpt lat="33.90987904953639" lon="132.28740320618127"><ele>112.83967864539888</ele></trkpt>
<trkpt lat="33.909611560632335" lon="132.28785130944064"><ele>109.6612681019726</ele></trkpt>
<trkpt lat="33.909562736350544" lon="132.28796176561224"><ele>108.83271081157453</ele></trkpt>
<trkpt lat="33.909548270324436" lon="132.28805748174653"><ele>108.14175550636494</ele></trkpt>
<trkpt lat="33.90953857464323" lon="132.28820017877166"><ele>107.14342280954054</ele></trkpt>
<trkpt lat="33.909524500584176" lon="132.2882657681662"><ele>106.70447664707429</ele></trkpt>
<trkpt lat="33.909496367881516" lon="132.28833743346073"><ele>106.23067318222293</ele></trkpt>
<trkpt lat="33.909459045014955" lon="132.2884033510753"><ele>105.8009208381701</ele></trkpt>
<trkpt lat="33.9092818079208" lon="132.28867922813876"><ele>104.32560813165459</ele></trkpt>
<trkpt lat="33.90923516851078" lon="132.28873903733577"><ele>104.05862717122591</ele></trkpt>
<trkpt lat="33.909180359676135" lon="132.28877920108079"><ele>103.83585245113757</ele></trkpt>
<trkpt lat="33.909129201769815" lon="132.28879460201608"><ele>103.66869774450849</ele></trkpt>
<trkpt lat="33.90896523617114" lon="132.28880681298025"><ele>103.15667191512121</ele></trkpt>
<trkpt lat="33.90886830953137" lon="132.28883653660387"><ele>102.84725791986162</ele></trkpt>
<trkpt lat="33.908742668643896" lon="132.28891149871424"><ele>102.52100152161881</ele></trkpt>
<trkpt lat="33.90868175286259" lon="132.2889540679374"><ele>102.40696492450355</ele></trkpt>
<trkpt lat="33.90860454957274" lon="132.2890345267032"><ele>102.2750352468895</ele></trkpt>
<trkpt lat="33.90855287604598" lon="132.2891321582304"><ele>102.18139896330837</ele></trkpt>
<trkpt lat="33.908513688870954" lon="132.28925974764508"><ele>102.11773574921874</ele></trkpt>
<trkpt lat="33.90849742777715" lon="132.28936138089847"><ele>102.10172246243195</ele></trkpt>
<trkpt lat="33.90842200342156" lon="132.289965479454"><ele>102.18904583182491</ele></trkpt>
<trkpt lat="33.90841536049045" lon="132.29006001867646"><ele>102.20425912479689</ele></trkpt>
<trkpt lat="33.90842728588864" lon="132.29017964558395"><ele>102.22569031802904</ele></trkpt>
<trkpt lat="33.90845346502901" lon="132.29029326148353"><ele>102.2491734999099</ele></trkpt>
<trkpt lat="33.908505292844175" lon="132.29045678753624"><ele>102.27527353688926</ele></trkpt>
<trkpt lat="33.908547437012295" lon="132.29053250923656"><ele>102.28205504990333</ele></trkpt>
<trkpt lat="33.90862081199618" lon="132.2906381365157"><ele>102.30221985468889</ele></trkpt>
<trkpt lat="33.9086786366306" lon="132.2906898403346"><ele>102.3358142208274</ele></trkpt>
<trkpt lat="33.908824072686954" lon="132.29078462336332"><ele>102.51548653588424</ele></trkpt>
<trkpt lat="33.908894770873765" lon="132.29083797764352"><ele>102.67206060712358</ele></trkpt>
<trkpt lat="33.908954552340326" lon="132.2909053258128"><ele>102.86197208309544</ele></trkpt>
<trkpt lat="33.908986664279354" lon="132.29097386744598"><ele>103.02415958807502</ele></trkpt>
<trkpt lat="33.9089965210383" lon="132.29102394195942"><ele>103.12862463551063</ele></trkpt>
<trkpt lat="33.908999631238004" lon="132.2911213062805"><ele>103.31946308032211</ele></trkpt>
<trkpt lat="33.90898554263221" lon="132.29123201830362"><ele>103.5431372229003</ele></trkpt>
<trkpt lat="33.90894352900268" lon="132.29132083783003"><ele>103.76826231054795</ele></trkpt>
<trkpt lat="33.908840006035675" lon="132.29150788932193"><ele>104.28304455042019</ele></trkpt>
<trkpt lat="33.90881495223256" lon="132.29156274045778"><ele>104.39803064786713</ele></trkpt>
<trkpt lat="33.908779774251755" lon="132.29169639879692"><ele>104.56255023782953</ele></trkpt>
<trkpt lat="33.90876447433459" lon="132.29191899477883"><ele>104.5640397275818</ele></trkpt>
<trkpt lat="33.90875310620507" lon="132.29197416856402"><ele>104.52728093565244</ele></trkpt>
<trkpt lat="33.908709475625656" lon="132.2920730701332"><ele>104.42643564412677</ele></trkpt>
<trkpt lat="33.90848569753805" lon="132.2924054889719"><ele>103.76122544178402</ele></trkpt>
<trkpt lat="33.90842141061202" lon="132.29247373701267"><ele>103.51307323540648</ele></trkpt>
<trkpt lat="33.90836860372836" lon="132.2925045618217"><ele>103.3470787140219</ele></trkpt>
<trkpt lat="33.90828400911614" lon="132.29253219480995"><ele>103.14736627271229</ele></trkpt>
<trkpt lat="33.90821995511946" lon="132.29254185233276"><ele>103.05407028049994</ele></trkpt>
<trkpt lat="33.90814114526597" lon="132.29252993565063"><ele>103.00072759836442</ele></trkpt>
<trkpt lat="33.90808527998514" lon="132.2925034611586"><ele>102.99675543465777</ele></trkpt>
<trkpt lat="33.90788347901003" lon="132.2923674092893"><ele>103.2044069049626</ele></trkpt>
<trkpt lat="33.90778866547209" lon="132.2923496024994"><ele>103.39683103393675</ele></trkpt>
<trkpt lat="33.90765417294083" lon="132.29236877166764"><ele>103.70521915340342</ele></trkpt>
<trkpt lat="33.90749190395173" lon="132.29242609708345"><ele>104.08593285315811</ele></trkpt>
<trkpt lat="33.9074347667527" lon="132.29245884613613"><ele>104.25570883191959</ele></trkpt>
<trkpt lat="33.907384834419396" lon="132.2925116906927"><ele>104.44984723818877</ele></trkpt>
<trkpt lat="33.90734855080699" lon="132.2925718126432"><ele>104.62526653940357</ele></trkpt>
<trkpt lat="33.9073145568603" lon="132.29266578603725"><ele>104.82576996666018</ele></trkpt>
<trkpt lat="33.90727459237537" lon="132.29288058793364"><ele>105.02453820060205</ele></trkpt>
<trkpt lat="33.907273038108244" lon="132.29298962801874"><ele>105.01841048037554</ele></trkpt>
<trkpt lat="33.90727952713731" lon="132.2932499394901"><ele>104.79235673711354</ele></trkpt>
<trkpt lat="33.90726323952916" lon="132.2936964880291"><ele>104.01771329801275</ele></trkpt>
<trkpt lat="33.907276177354404" lon="132.29381817191518"><ele>103.82763921375896</ele></trkpt>
<trkpt lat="33.907302478305546" lon="132.29388323651216"><ele>103.71040349018814</ele></trkpt>
<trkpt lat="33.907355863349494" lon="132.29395910375226"><ele>103.53741252399</ele></trkpt>
<trkpt lat="33.90746017777941" lon="132.2940547066028"><ele>103.26390087564899</ele></trkpt>
<trkpt lat="33.90787000065168" lon="132.29437499789648"><ele>102.45853576958513</ele></trkpt>
<trkpt lat="33.90829102634835" lon="132.29470340244228"><ele>101.17116692133332</ele></trkpt>
<trkpt lat="33.908352469335284" lon="132.29474301854776"><ele>100.92114673669606</ele></trkpt>
<trkpt lat="33.90843576083981" lon="132.29477229960384"><ele>100.55700032577101</ele></trkpt>
<trkpt lat="33.90866724246381" lon="132.2948331467303"><ele>99.46304200716078</ele></trkpt>
<trkpt lat="33.90874773587908" lon="132.2948585631639"><ele>99.14064571090394</ele></trkpt>
<trkpt lat="33.908820000562606" lon="132.29490848941353"><ele>98.86122201563352</ele></trkpt>
<trkpt lat="33.90886538521796" lon="132.29497906032952"><ele>98.61862831834672</ele></trkpt>
<trkpt lat="33.90887901385981" lon="132.29503738614562"><ele>98.44237334991274</ele></trkpt>
<trkpt lat="33.90888681941236" lon="132.29522068030795"><ele>97.84937980824526</ele></trkpt>
<trkpt lat="33.90888239674961" lon="132.29528838351132"><ele>97.64028716247222</ele></trkpt>
<trkpt lat="33.90886215324274" lon="132.29536786927997"><ele>97.42090697853854</ele></trkpt>
<trkpt lat="33.90878765273795" lon="132.29558196438214"><ele>97.10683326910696</ele></trkpt>
<trkpt lat="33.90874944581478" lon="132.2957399626616"><ele>97.22290786705022</ele></trkpt>
<trkpt lat="33.908722517028394" lon="132.29593593157944"><ele>97.71920526184498</ele></trkpt>
<trkpt lat="33.90869750256503" lon="132.29605279109552"><ele>98.13608207750322</ele></trkpt>
<trkpt lat="33.90864447198368" lon="132.29618880069378"><ele>98.70909980724166</ele></trkpt>
<trkpt lat="33.90861467187141" lon="132.29628418023103"><ele>99.11469806496625</ele></trkpt>
<trkpt lat="33.908600020988054" lon="132.29638004692833"><ele>99.51496027239043</ele></trkpt>
<trkpt lat="33.908623897121764" lon="132.29652013651926"><ele>100.11035164783462</ele></trkpt>
<trkpt lat="33.908660760521514" lon="132.29662844426355"><ele>100.56768431062486</ele></trkpt>
<trkpt lat="33.90872994072265" lon="132.29674799895156"><ele>101.05584545613726</ele></trkpt>
<trkpt lat="33.908912399162304" lon="132.29698808275796"><ele>101.84533472870449</ele></trkpt>
<trkpt lat="33.908956520480274" lon="132.29705236139503"><ele>101.98198745366803</ele></trkpt>
<trkpt lat="33.90899918724245" lon="132.29713722238276"><ele>102.10092212782786</ele></trkpt>
<trkpt lat="33.90902839287254" lon="132.2972182077596"><ele>102.17007993218606</ele></trkpt>
<trkpt lat="33.90908027511838" lon="132.2974301861295"><ele>102.23809102352773</ele></trkpt>
<trkpt lat="33.90908854563608" lon="132.29750690083338"><ele>102.23401469386798</ele></trkpt>
<trkpt lat="33.909085839192656" lon="132.29759938824935"><ele>102.20973532521106</ele></trkpt>
<trkpt lat="33.90907179861095" lon="132.2976851829193"><ele>102.1659730422204</ele></trkpt>
<trkpt lat="33.90904450067588" lon="132.29776666468078"><ele>102.09958814173787</ele></trkpt>
<trkpt lat="33.90895436768687" lon="132.29791452542673"><ele>101.8810179775781</ele></trkpt>
<trkpt lat="33.90889263766446" lon="132.29798453400326"><ele>101.71572650239762</ele></trkpt>
<trkpt lat="33.9087414334611" lon="132.29809275874933"><ele>101.37042259583464</ele></trkpt>
<trkpt lat="33.908603978259066" lon="132.29822027394675"><ele>101.11263047375317</ele></trkpt>
<trkpt lat="33.90853607664539" lon="132.29832353869497"><ele>100.95203221698219</ele></trkpt>
<trkpt lat="33.9085102792383" lon="132.29840815115486"><ele>100.85009676038375</ele></trkpt>
<trkpt lat="33.908484008418405" lon="132.29854055591218"><ele>100.73887332297372</ele></trkpt>
<trkpt lat="33.90847776197614" lon="132.29862446042728"><ele>100.69991704916113</ele></trkpt>
<trkpt lat="33.90846281783719" lon="132.2991181077401"><ele>100.6383932266792</ele></trkpt>
<trkpt lat="33.908453119903314" lon="132.29921787706593"><ele>100.615441013852</ele></trkpt>
<trkpt lat="33.90843867976776" lon="132.29927060453576"><ele>100.59684554374473</ele></trkpt>
<trkpt lat="33.90834645847631" lon="132.29949834462602"><ele>100.4383121614486</ele></trkpt>
<trkpt lat="33.908294893350536" lon="132.2995930550311"><ele>100.24254670435558</ele></trkpt>
<trkpt lat="33.90827051286275" lon="132.29967923649514"><ele>100.00871990949923</ele></trkpt>
<trkpt lat="33.908266772705815" lon="132.29972467656683"><ele>99.89180651207107</ele></trkpt>
<trkpt lat="33.90827662790215" lon="132.29981496642796"><ele>99.65797971721474</ele></trkpt>
<trkpt lat="33.90830860905199" lon="132.29989749000347"><ele>99.4241529223584</ele></trkpt>
<trkpt lat="33.90853236519981" lon="132.30030024724937"><ele>97.69558070726045</ele></trkpt>
<trkpt lat="33.90873764072198" lon="132.30066974426734"><ele>95.5693460424279</ele></trkpt>
<trkpt lat="33.90902709593934" lon="132.30118870623625"><ele>91.7284355265003</ele></trkpt>
<trkpt lat="33.909066280882634" lon="132.3012412047703"><ele>91.22647572302286</ele></trkpt>
<trkpt lat="33.909132228713574" lon="132.30128963070453"><ele>90.49023423415478</ele></trkpt>
<trkpt lat="33.90922881902233" lon="132.3013345594637"><ele>89.38754398441957</ele></trkpt>
<trkpt lat="33.909286606766585" lon="132.3013366340828"><ele>88.74924635008189</ele></trkpt>
<trkpt lat="33.909392197577525" lon="132.30130770449173"><ele>87.62852047245906</ele></trkpt>
<trkpt lat="33.909439005017155" lon="132.30127745061267"><ele>87.13130209576488</ele></trkpt>
<trkpt lat="33.90949750302089" lon="132.3012181024201"><ele>86.4328880875133</ele></trkpt>
<trkpt lat="33.90954156012391" lon="132.30112642411578"><ele>85.53777125110734</ele></trkpt>
<trkpt lat="33.90959130536779" lon="132.30088045062683"><ele>82.89633144939638</ele></trkpt>
<trkpt lat="33.909593260847615" lon="132.30075508189657"><ele>81.62377042513836</ele></trkpt>
<trkpt lat="33.9095796275317" lon="132.30057186098253"><ele>80.08487442553023</ele></trkpt>
<trkpt lat="33.90955562709367" lon="132.30044312343009"><ele>79.1126808997049</ele></trkpt>
<trkpt lat="33.90950084919058" lon="132.30017921078104"><ele>77.37999097832211</ele></trkpt>
<trkpt lat="33.90948655766749" lon="132.30007950168033"><ele>76.74734997504189</ele></trkpt>
<trkpt lat="33.90949048311353" lon="132.29998517778975"><ele>76.12281487432614</ele></trkpt>
<trkpt lat="33.90950773393884" lon="132.2998243511967"><ele>75.0163882105151</ele></trkpt>
<trkpt lat="33.90953385895765" lon="132.29969117756923"><ele>74.08829777544757</ele></trkpt>
<trkpt lat="33.90965487211218" lon="132.29944065608592"><ele>72.22685220372989</ele></trkpt>
<trkpt lat="33.90971907273345" lon="132.2993412599212"><ele>71.46966755447005</ele></trkpt>
<trkpt lat="33.90977977778745" lon="132.29928783312633"><ele>70.95434387592854</ele></trkpt>
<trkpt lat="33.90994944154028" lon="132.2991553718356"><ele>69.75557532280686</ele></trkpt>
<trkpt lat="33.91002245571348" lon="132.29910740079174"><ele>69.4084686125304</ele></trkpt>
<trkpt lat="33.91008444387334" lon="132.29908513980047"><ele>69.22515413785905</ele></trkpt>
<trkpt lat="33.91020806701628" lon="132.29905558512039"><ele>69.08930993657036</ele></trkpt>
<trkpt lat="33.910269972085864" lon="132.2990484435179"><ele>69.11790854043497</ele></trkpt>
<trkpt lat="33.91035259975468" lon="132.29906087721983"><ele>69.23694352820092</ele></trkpt>
<trkpt lat="33.910497537634534" lon="132.29909761325686"><ele>69.65882930869326</ele></trkpt>
<trkpt lat="33.9108457504606" lon="132.29925165712314"><ele>71.50594484167436</ele></trkpt>
<trkpt lat="33.911133856671604" lon="132.29935301233175"><ele>73.24418853561674</ele></trkpt>
<trkpt lat="33.91123658626015" lon="132.29937626550694"><ele>73.7849858564471</ele></trkpt>
<trkpt lat="33.91128947563027" lon="132.29937677600756"><ele>74.03096325986519</ele></trkpt>
<trkpt lat="33.9117422248712" lon="132.29935905847813"><ele>75.90132144176187</ele></trkpt>
<trkpt lat="33.9124991371501" lon="132.29925122140938"><ele>78.96665549089902</ele></trkpt>
<trkpt lat="33.912729507553216" lon="132.2992504356923"><ele>79.74792983466484</ele></trkpt>
<trkpt lat="33.91277607715348" lon="132.2992535221587"><ele>79.89882529732715</ele></trkpt>
<trkpt lat="33.912865747301055" lon="132.29928052185537"><ele>80.20363236464418</ele></trkpt>
<trkpt lat="33.91314131724368" lon="132.2994058712251"><ele>81.29474453578212</ele></trkpt>
<trkpt lat="33.91344883368864" lon="132.2994871643507"><ele>83.29081063002462</ele></trkpt>
<trkpt lat="33.91349010833896" lon="132.29949150311165"><ele>83.61593016653069</ele></trkpt>
<trkpt lat="33.913571833447634" lon="132.29948105468992"><ele>84.34465646777551</ele></trkpt>
<trkpt lat="33.913757212819505" lon="132.29943869897414"><ele>86.1218624435502</ele></trkpt>
<trkpt lat="33.91383740217176" lon="132.29941228135908"><ele>86.78054787511219</ele></trkpt>
<trkpt lat="33.913874583388456" lon="132.29939028740978"><ele>87.05635995314604</ele></trkpt>
<trkpt lat="33.914009964925995" lon="132.29928490036218"><ele>87.85481895055776</ele></trkpt>
<trkpt lat="33.91422736686332" lon="132.29911139591064"><ele>88.69771543669025</ele></trkpt>
<trkpt lat="33.91470120631556" lon="132.29868163160953"><ele>89.54429129037636</ele></trkpt>
<trkpt lat="33.9147802936833" lon="132.2986074905979"><ele>89.671350797778</ele></trkpt>
<trkpt lat="33.914842662114346" lon="132.2985309905602"><ele>89.78717953207</ele></trkpt>
<trkpt lat="33.915197966346916" lon="132.2980822211243"><ele>90.50242011273359</ele></trkpt>
<trkpt lat="33.915236247296406" lon="132.29802656455422"><ele>90.59521474412063</ele></trkpt>
<trkpt lat="33.915278868821595" lon="132.29794172191683"><ele>90.73220922396024</ele></trkpt>
<trkpt lat="33.9154057258239" lon="132.29765123498015"><ele>91.25872227247126</ele></trkpt>
<trkpt lat="33.915425082934036" lon="132.2975779154042"><ele>91.4060383631876</ele></trkpt>
<trkpt lat="33.91542978650806" lon="132.297496784714"><ele>91.57314777332407</ele></trkpt>
<trkpt lat="33.91542960550569" lon="132.29723527484973"><ele>92.13279847012761</ele></trkpt>
<trkpt lat="33.91542558779331" lon="132.2971733948411"><ele>92.25287358026274</ele></trkpt>
<trkpt lat="33.915404545638935" lon="132.2971021749241"><ele>92.38563362943144</ele></trkpt>
<trkpt lat="33.91536127578498" lon="132.29702297676633"><ele>92.52976663484745</ele></trkpt>
<trkpt lat="33.91520858619007" lon="132.29676289631087"><ele>92.92409657445968</ele></trkpt>
<trkpt lat="33.91515778465839" lon="132.2966822646915"><ele>93.04126873246209</ele></trkpt>
<trkpt lat="33.9150996986971" lon="132.2966083093495"><ele>93.15684402652973</ele></trkpt>
<trkpt lat="33.91473900984765" lon="132.29617986849652"><ele>93.74924235464142</ele></trkpt>
<trkpt lat="33.91457053218378" lon="132.29600156478605"><ele>93.68011587457205</ele></trkpt>
<trkpt lat="33.91453610098454" lon="132.29595584403168"><ele>93.62845284223536</ele></trkpt>
<trkpt lat="33.91451264635714" lon="132.29590138363773"><ele>93.56629765069175</ele></trkpt>
<trkpt lat="33.91446667100465" lon="132.29568699296263"><ele>93.28206032251948</ele></trkpt>
<trkpt lat="33.91446198996747" lon="132.29559578083516"><ele>93.15266598139486</ele></trkpt>
<trkpt lat="33.914474711099274" lon="132.29553603848962"><ele>93.06683047308935</ele></trkpt>
<trkpt lat="33.91454587867026" lon="132.29531198451662"><ele>92.70111592231672</ele></trkpt>
<trkpt lat="33.91460981719379" lon="132.29494968012304"><ele>91.91430750787778</ele></trkpt>
<trkpt lat="33.91461345974663" lon="132.29489986610605"><ele>91.82195853808227</ele></trkpt>
<trkpt lat="33.914605515538284" lon="132.29479729341347"><ele>91.63801649786782</ele></trkpt>
<trkpt lat="33.914568144746994" lon="132.294537417488"><ele>91.17333416947581</ele></trkpt>
<trkpt lat="33.914550614734274" lon="132.29447569969477"><ele>91.03680510202005</ele></trkpt>
<trkpt lat="33.91449082536668" lon="132.29438373683413"><ele>90.76077390201388</ele></trkpt>
<trkpt lat="33.91427869439149" lon="132.2941199058625"><ele>89.7404895514067</ele></trkpt>
<trkpt lat="33.91397722478275" lon="132.29380932254858"><ele>88.62879877098177</ele></trkpt>
<trkpt lat="33.91392118286697" lon="132.29375877896533"><ele>88.45429776632295</ele></trkpt>
<trkpt lat="33.913859734650224" lon="132.29372657109744"><ele>88.29081684236324</ele></trkpt>
<trkpt lat="33.91364235927521" lon="132.29366045919693"><ele>87.75936190522897</ele></trkpt>
<trkpt lat="33.91353946250305" lon="132.29363488923676"><ele>87.49695302263119</ele></trkpt>
<trkpt lat="33.913469336373154" lon="132.29363025449007"><ele>87.32101566247584</ele></trkpt>
<trkpt lat="33.9131728067604" lon="132.29362811488213"><ele>86.3854006090165</ele></trkpt>
<trkpt lat="33.91302485660909" lon="132.2935970118847"><ele>85.91049644588198</ele></trkpt>
<trkpt lat="33.91297166839383" lon="132.29357097548325"><ele>85.7161821229574</ele></trkpt>
<trkpt lat="33.91292491642039" lon="132.2935280807208"><ele>85.50886409387697</ele></trkpt>
<trkpt lat="33.91285217480084" lon="132.2934323164574"><ele>85.14268513204608</ele></trkpt>
<trkpt lat="33.91274514609981" lon="132.293254582806"><ele>84.67810705241507</ele></trkpt>
<trkpt lat="33.91270712145863" lon="132.29317632486902"><ele>84.57002228766159</ele></trkpt>
<trkpt lat="33.91269031519513" lon="132.2931113290243"><ele>84.52541559771942</ele></trkpt>
<trkpt lat="33.91261557005801" lon="132.2926307625058"><ele>84.75011684635126</ele></trkpt>
<trkpt lat="33.91260154194181" lon="132.29247919734138"><ele>84.97745574727034</ele></trkpt>
<trkpt lat="33.912608337698025" lon="132.29204172163904"><ele>86.09402626204322</ele></trkpt>
<trkpt lat="33.91261306822342" lon="132.29194042291584"><ele>86.3624693700452</ele></trkpt>
<trkpt lat="33.91262752937488" lon="132.2918399653788"><ele>86.62035224637071</ele></trkpt>
<trkpt lat="33.91272140916044" lon="132.2913074978834"><ele>88.0731844080086</ele></trkpt>
<trkpt lat="33.91282263155778" lon="132.29094661924722"><ele>89.45436947893326</ele></trkpt>
<trkpt lat="33.91285548831819" lon="132.29079961461932"><ele>89.96392412307699</ele></trkpt>
<trkpt lat="33.91288780672388" lon="132.2905219495096"><ele>90.75265499332109</ele></trkpt>
<trkpt lat="33.91288816098116" lon="132.29042011876265"><ele>91.01602135033983</ele></trkpt>
<trkpt lat="33.912881726350534" lon="132.290054693412"><ele>91.91532387198168</ele></trkpt>
<trkpt lat="33.912883807887056" lon="132.28997112262246"><ele>92.11257867886303</ele></trkpt>
<trkpt lat="33.91289653040981" lon="132.289877072285"><ele>92.33932900246256</ele></trkpt>
<trkpt lat="33.91293775915435" lon="132.28965888715996"><ele>92.91549562414502</ele></trkpt>
<trkpt lat="33.91297704897823" lon="132.28955904667836"><ele>93.24736226390452</ele></trkpt>
<trkpt lat="33.91306059897159" lon="132.2893973527968"><ele>93.85178693021697</ele></trkpt>
<trkpt lat="33.91310660065054" lon="132.28932884075408"><ele>94.10732755435808</ele></trkpt>
<trkpt lat="33.91318211258846" lon="132.2892723480404"><ele>94.37263800487707</ele></trkpt>
<trkpt lat="33.91346431062924" lon="132.28910557989627"><ele>95.14211967396298</ele></trkpt>
<trkpt lat="33.91366177677489" lon="132.2889560371537"><ele>95.74150245417444</ele></trkpt>
<trkpt lat="33.91370126129624" lon="132.28890493358554"><ele>95.91029231155306</ele></trkpt>
<trkpt lat="33.913731820077075" lon="132.28884245383517"><ele>96.0904872813884</ele></trkpt>
<trkpt lat="33.9139378056749" lon="132.28836567374023"><ele>97.54447489514855</ele></trkpt>
<trkpt lat="33.91398624496612" lon="132.28827725707862"><ele>97.80301374556213</ele></trkpt>
<trkpt lat="33.91403787485706" lon="132.28821776068617"><ele>97.99636907866861</ele></trkpt>
<trkpt lat="33.91413003923914" lon="132.28814767641873"><ele>98.25093697551041</ele></trkpt>
<trkpt lat="33.914318195477534" lon="132.28802301981278"><ele>98.70588662931132</ele></trkpt>
<trkpt lat="33.91444998137615" lon="132.28790407737415"><ele>99.11299452116032</ele></trkpt>
<trkpt lat="33.91449182918338" lon="132.28784134662934"><ele>99.31169311949745</ele></trkpt>
<trkpt lat="33.914585121502014" lon="132.28760260968602"><ele>100.08706126673471</ele></trkpt>
<trkpt lat="33.91460573360933" lon="132.28751754140097"><ele>100.38039160944943</ele></trkpt>
<trkpt lat="33.91460984222776" lon="132.28743365904768"><ele>100.67704791953788</ele></trkpt>
<trkpt lat="33.91460917661317" lon="132.2872493877348"><ele>101.44562735089647</ele></trkpt>
<trkpt lat="33.914597844527144" lon="132.28715886438187"><ele>101.92377683332462</ele></trkpt>
<trkpt lat="33.914527181973135" lon="132.28695938201508"><ele>103.32443539790559</ele></trkpt>
<trkpt lat="33.91448590309369" lon="132.28686282834747"><ele>104.12941206441481</ele></trkpt>
<trkpt lat="33.91445177351392" lon="132.2868060077667"><ele>104.67402369474834</ele></trkpt>
<trkpt lat="33.91427746115996" lon="132.2865497733218"><ele>107.58239242353775</ele></trkpt>
<trkpt lat="33.914240446479155" lon="132.2864642168931"><ele>108.59693396628846</ele></trkpt>
<trkpt lat="33.914200777699065" lon="132.28633471256572"><ele>110.11246471731313</ele></trkpt>
<trkpt lat="33.91418716079133" lon="132.28626870995703"><ele>110.83098245052953</ele></trkpt>
<trkpt lat="33.91418685163703" lon="132.2861289351219"><ele>112.15787478786382</ele></trkpt>
<trkpt lat="33.91421089995254" lon="132.28564633487807"><ele>116.07416734514416</ele></trkpt>
<trkpt lat="33.91425166490011" lon="132.28525887490883"><ele>118.8745128995825</ele></trkpt>
<trkpt lat="33.914250826386365" lon="132.28517173069716"><ele>119.64413048423076</ele></trkpt>
<trkpt lat="33.91423892840408" lon="132.28510738724634"><ele>120.28293558076369</ele></trkpt>
<trkpt lat="33.91419902580926" lon="132.28495752674755"><ele>121.85330859237223</ele></trkpt>
<trkpt lat="33.91417331872882" lon="132.28490569678763"><ele>122.4078292035628</ele></trkpt>
<trkpt lat="33.91413644040341" lon="132.2848630286682"><ele>122.92014770264285</ele></trkpt>
<trkpt lat="33.913891306314085" lon="132.2846389614535"><ele>125.224730635669</ele></trkpt>
<trkpt lat="33.91365391274015" lon="132.28435698110454"><ele>127.03418736680636</ele></trkpt>
<trkpt lat="33.913621509265624" lon="132.28429773281906"><ele>127.3299757268491</ele></trkpt>
<trkpt lat="33.91359948205988" lon="132.28418886707573"><ele>127.80632872874642</ele></trkpt>
<trkpt lat="33.91361089741687" lon="132.28409022396335"><ele>128.2315936868899</ele></trkpt>
<trkpt lat="33.91366072902669" lon="132.2839571158461"><ele>128.84167815682602</ele></trkpt>
<trkpt lat="33.913707775043655" lon="132.28388093404294"><ele>129.23222003481655</ele></trkpt>
<trkpt lat="33.91379264550447" lon="132.28381744059513"><ele>129.72444151134832</ele></trkpt>
<trkpt lat="33.91390462900577" lon="132.28377891366358"><ele>130.23797651180067</ele></trkpt>
<trkpt lat="33.914117543828894" lon="132.2837325210594"><ele>130.98814804492372</ele></trkpt>
<trkpt lat="33.914177414246915" lon="132.2837120660799"><ele>131.2128034224646</ele></trkpt>
<trkpt lat="33.91424830507321" lon="132.28366587335051"><ele>131.54244456092005</ele></trkpt>
<trkpt lat="33.9144512885719" lon="132.2835059678245"><ele>132.9216904610341</ele></trkpt>
<trkpt lat="33.91455658737422" lon="132.28340137024853"><ele>134.16305962571602</ele></trkpt>
<trkpt lat="33.91470873615709" lon="132.28321318607942"><ele>136.4539921508972</ele></trkpt>
<trkpt lat="33.91475480862081" lon="132.2831696859652"><ele>136.9175339795323</ele></trkpt>
<trkpt lat="33.914833413592504" lon="132.28313247532805"><ele>137.4051150795939</ele></trkpt>
<trkpt lat="33.914991778787204" lon="132.28307999900494"><ele>138.20122431130125</ele></trkpt>
<trkpt lat="33.915051199682594" lon="132.2830654882063"><ele>138.66343626434164</ele></trkpt>
<trkpt lat="33.91520986085212" lon="132.28306083461442"><ele>140.4893996449303</ele></trkpt>
<trkpt lat="33.915288594647755" lon="132.28307428647474"><ele>141.51667712761056</ele></trkpt>
<trkpt lat="33.91536873845134" lon="132.2831110772791"><ele>142.51921225471804</ele></trkpt>
<trkpt lat="33.91582170590319" lon="132.28334408281745"><ele>147.57586718970958</ele></trkpt>
<trkpt lat="33.9158713297239" lon="132.28336371963616"><ele>148.09193412916798</ele></trkpt>
<trkpt lat="33.91594945385116" lon="132.28337885815517"><ele>148.8685345354711</ele></trkpt>
<trkpt lat="33.91622629109389" lon="132.2834098316432"><ele>151.81796580557648</ele></trkpt>
<trkpt lat="33.91690234786813" lon="132.28340125122102"><ele>157.42492545061816</ele></trkpt>
<trkpt lat="33.91700074304848" lon="132.28339848224974"><ele>158.24100245112368</ele></trkpt>
<trkpt lat="33.917369249212825" lon="132.2833288170999"><ele>161.43938829747796</ele></trkpt>
<trkpt lat="33.917737754378656" lon="132.28319808926315"><ele>165.09086510853234</ele></trkpt>
<trkpt lat="33.91820888048458" lon="132.2830291787949"><ele>169.13252250978582</ele></trkpt>
<trkpt lat="33.91833205614583" lon="132.2829961252359"><ele>170.27019910991694</ele></trkpt>
<trkpt lat="33.91855128551787" lon="132.28297201437167"><ele>172.30929854346513</ele></trkpt>
<trkpt lat="33.91889422088124" lon="132.2829990648866"><ele>174.9858584348796</ele></trkpt>
<trkpt lat="33.91919526883618" lon="132.28298413325055"><ele>178.08584688711846</ele></trkpt>
<trkpt lat="33.91927840968755" lon="132.28297213798092"><ele>178.92049655369877</ele></trkpt>
<trkpt lat="33.91933906417197" lon="132.28294693180226"><ele>179.52463735226803</ele></trkpt>
<trkpt lat="33.91952012889261" lon="132.28284790341365"><ele>181.2674036900561</ele></trkpt>
<trkpt lat="33.919585533977" lon="132.28280275510696"><ele>181.9486557682239</ele></trkpt>
<trkpt lat="33.919626001327906" lon="132.282758481557"><ele>182.4654572550272</ele></trkpt>
<trkpt lat="33.91980418261566" lon="132.28251378416138"><ele>185.1531421517715</ele></trkpt>
<trkpt lat="33.91987882925584" lon="132.28242561362208"><ele>186.10172317955357</ele></trkpt>
<trkpt lat="33.92017453167268" lon="132.2821580526613"><ele>189.03638310583153</ele></trkpt>
<trkpt lat="33.920252715802896" lon="132.28209645517714"><ele>189.8461427592013</ele></trkpt>
<trkpt lat="33.920317267506505" lon="132.28206565388268"><ele>190.51383170412282</ele></trkpt>
<trkpt lat="33.920562973432745" lon="132.28197492857365"><ele>193.3617180433563</ele></trkpt>
<trkpt lat="33.920700177636334" lon="132.2819430268877"><ele>195.08326253984418</ele></trkpt>
<trkpt lat="33.92102123329928" lon="132.281910654353"><ele>199.16716519518343</ele></trkpt>
<trkpt lat="33.92135977394298" lon="132.28190080228018"><ele>202.54066022608774</ele></trkpt>
<trkpt lat="33.92178958268688" lon="132.2819212521236"><ele>207.1244236371462</ele></trkpt>
<trkpt lat="33.92187674408535" lon="132.2819350180073"><ele>207.921207986169</ele></trkpt>
<trkpt lat="33.92230959105811" lon="132.28200851182828"><ele>211.39911934195956</ele></trkpt>
<trkpt lat="33.922583242919984" lon="132.2820169746276"><ele>213.8870384505064</ele></trkpt>
<trkpt lat="33.92266132732141" lon="132.28201665081144"><ele>214.64794076963906</ele></trkpt>
<trkpt lat="33.922751024026454" lon="132.2819925275979"><ele>215.61484345747184</ele></trkpt>
<trkpt lat="33.92295252702738" lon="132.2818898251551"><ele>218.04056805983558</ele></trkpt>
<trkpt lat="33.92302855953079" lon="132.28184652601448"><ele>218.91258976479492</ele></trkpt>
<trkpt lat="33.92309995435872" lon="132.28179229759053"><ele>219.70014573971974</ele></trkpt>
<trkpt lat="33.92337433832919" lon="132.28156534946967"><ele>222.58256978205472</ele></trkpt>
<trkpt lat="33.92357357240055" lon="132.28138081412703"><ele>224.80867208205214</ele></trkpt>
<trkpt lat="33.92366058240596" lon="132.2812789750744"><ele>225.75732408126422</ele></trkpt>
<trkpt lat="33.92372283279514" lon="132.28113749631268"><ele>226.48410209972798</ele></trkpt>
<trkpt lat="33.92373263728246" lon="132.28107886505092"><ele>226.64254109914188</ele></trkpt>
<trkpt lat="33.92372961626991" lon="132.28102076929804"><ele>226.733803214181</ele></trkpt>
<trkpt lat="33.92370598761677" lon="132.28092683824772"><ele>226.7585894821116</ele></trkpt>
<trkpt lat="33.92367389882586" lon="132.28084367151922"><ele>226.6621703039209</ele></trkpt>
<trkpt lat="33.92361589726137" lon="132.2807551363466"><ele>226.4368770193521</ele></trkpt>
<trkpt lat="33.92324500083386" lon="132.28036499787052"><ele>224.49373280604334</ele></trkpt>
<trkpt lat="33.92290286457316" lon="132.2800062395497"><ele>221.3763555471858</ele></trkpt>
<trkpt lat="33.9228477592552" lon="132.2799425684715"><ele>220.78286809630413</ele></trkpt>
<trkpt lat="33.92282076257163" lon="132.27989791736428"><ele>220.42235047361484</ele></trkpt>
<trkpt lat="33.922764937537295" lon="132.2797480052467"><ele>219.4322266699463</ele></trkpt>
<trkpt lat="33.92274937420642" lon="132.27965295475352"><ele>218.9377200999891</ele></trkpt>
<trkpt lat="33.92274680389007" lon="132.27958046271053"><ele>218.5799366997736</ele></trkpt>
<trkpt lat="33.922760291895926" lon="132.2794850039836"><ele>218.06441483766238</ele></trkpt>
<trkpt lat="33.92278201791482" lon="132.27939079592457"><ele>217.47354082063976</ele></trkpt>
<trkpt lat="33.922841444717356" lon="132.27919817824758"><ele>216.13586868237965</ele></trkpt>
<trkpt lat="33.92286785873729" lon="132.2790904336813"><ele>215.48157200044443</ele></trkpt>
<trkpt lat="33.922874601434955" lon="132.2790155610727"><ele>215.08582537631673</ele></trkpt>
<trkpt lat="33.922871140273976" lon="132.27894231208995"><ele>214.69710468848865</ele></trkpt>
<trkpt lat="33.92283881213743" lon="132.27884075189948"><ele>214.00407550078782</ele></trkpt>
<trkpt lat="33.92280568080107" lon="132.2787792682361"><ele>213.39927698102414</ele></trkpt>
<trkpt lat="33.92275418717499" lon="132.2787131346542"><ele>212.49779902360038</ele></trkpt>
<trkpt lat="33.92266658627114" lon="132.27863328690117"><ele>211.0713149066879</ele></trkpt>
<trkpt lat="33.92253170002702" lon="132.27854549879135"><ele>209.4485846711252</ele></trkpt>
<trkpt lat="33.922477981782585" lon="132.27850439636273"><ele>208.97170151303993</ele></trkpt>
<trkpt lat="33.92243113618151" lon="132.27844311755624"><ele>208.54740356704855</ele></trkpt>
<trkpt lat="33.92239173344205" lon="132.2783492276303"><ele>208.0278554893328</ele></trkpt>
<trkpt lat="33.922379331986356" lon="132.27827632673575"><ele>207.5800185551</ele></trkpt>
<trkpt lat="33.92238075768247" lon="132.27820059204535"><ele>207.02101198763737</ele></trkpt>
<trkpt lat="33.922394419287954" lon="132.2781408314965"><ele>206.51067256991269</ele></trkpt>
<trkpt lat="33.92242744861251" lon="132.27806836872062"><ele>205.82681206494414</ele></trkpt>
<trkpt lat="33.9224939678616" lon="132.27799782205014"><ele>205.06061404178973</ele></trkpt>
<trkpt lat="33.922632268238246" lon="132.27793186476183"><ele>204.0773371743989</ele></trkpt>
<trkpt lat="33.92269407434266" lon="132.2778918001068"><ele>203.620627809918</ele></trkpt>
<trkpt lat="33.922728733216836" lon="132.27785192273393"><ele>203.2789425524735</ele></trkpt>
<trkpt lat="33.92278884855555" lon="132.27775909194034"><ele>202.49381584978914</ele></trkpt>
<trkpt lat="33.92281533281224" lon="132.2776977903831"><ele>202.00089222389374</ele></trkpt>
<trkpt lat="33.92283081561874" lon="132.2776286704606"><ele>201.50188136538824</ele></trkpt>
<trkpt lat="33.92283146471818" lon="132.27757205016889"><ele>201.13808016617494</ele></trkpt>
<trkpt lat="33.92281905879852" lon="132.2774568995579"><ele>200.51618658057268</ele></trkpt>
<trkpt lat="33.9227985477821" lon="132.2773306725556"><ele>200.00724196787476</ele></trkpt>
<trkpt lat="33.922762438634656" lon="132.27715867308362"><ele>199.5039821180151</ele></trkpt>
<trkpt lat="33.922756862646736" lon="132.2771095500606"><ele>199.3946027702623</ele></trkpt>
<trkpt lat="33.92276146444243" lon="132.27700909414258"><ele>199.21217010107847</ele></trkpt>
<trkpt lat="33.9227774150903" lon="132.27693872779702"><ele>199.11014486012192</ele></trkpt>
<trkpt lat="33.92282351426341" lon="132.27687275632334"><ele>199.01527739235496</ele></trkpt>
<trkpt lat="33.922885031664464" lon="132.2768232367172"><ele>198.93771343295418</ele></trkpt>
<trkpt lat="33.922928823922035" lon="132.27680224746507"><ele>198.89381715631865</ele></trkpt>
<trkpt lat="33.92304252667359" lon="132.27677109636102"><ele>198.7870473183389</ele></trkpt>
<trkpt lat="33.92318638632218" lon="132.27676003212488"><ele>198.63690611232315</ele></trkpt>
<trkpt lat="33.92360783411033" lon="132.27676093938658"><ele>198.0132699373114</ele></trkpt>
<trkpt lat="33.923706898305866" lon="132.27677459755657"><ele>197.76729528105307</ele></trkpt>
<trkpt lat="33.92382080457361" lon="132.27680474248646"><ele>197.45601383061776</ele></trkpt>
<trkpt lat="33.923878156710806" lon="132.27682924161206"><ele>197.31104981434103</ele></trkpt>
<trkpt lat="33.92416329577877" lon="132.27700053462743"><ele>196.79100467035528</ele></trkpt>
<trkpt lat="33.924211438807255" lon="132.27702414408023"><ele>196.69679079523047</ele></trkpt>
<trkpt lat="33.92429429116865" lon="132.27704713264222"><ele>196.50987735996162</ele></trkpt>
<trkpt lat="33.92436591936041" lon="132.27705355714468"><ele>196.32078001642265</ele></trkpt>
<trkpt lat="33.924491847909685" lon="132.2770356423776"><ele>195.9565928551786</ele></trkpt>
<trkpt lat="33.92453645252743" lon="132.27701968108786"><ele>195.82978905238764</ele></trkpt>
<trkpt lat="33.92458728932531" lon="132.27698447926485"><ele>195.68453814158963</ele></trkpt>
<trkpt lat="33.92483815779944" lon="132.27675228024248"><ele>195.07179003385878</ele></trkpt>
<trkpt lat="33.92512607952767" lon="132.27650562583602"><ele>194.32177719543245</ele></trkpt>
<trkpt lat="33.92517468226772" lon="132.2764483767023"><ele>194.18791500517742</ele></trkpt>
<trkpt lat="33.9252581915966" lon="132.27627384000468"><ele>193.87410611423596</ele></trkpt>
<trkpt lat="33.925273602193506" lon="132.2762275050026"><ele>193.7972369481938</ele></trkpt>
<trkpt lat="33.92529183215939" lon="132.2761050439867"><ele>193.6015226816786</ele></trkpt>
<trkpt lat="33.92529290443547" lon="132.2760307246896"><ele>193.48265859976178</ele></trkpt>
<trkpt lat="33.92527579975098" lon="132.2759322644876"><ele>193.32182354473466</ele></trkpt>
<trkpt lat="33.92518420226077" lon="132.2755577536158"><ele>192.7347445272436</ele></trkpt>
<trkpt lat="33.925166762283006" lon="132.27545922510876"><ele>192.6290321187154</ele></trkpt>
<trkpt lat="33.92517553047914" lon="132.27528586497098"><ele>192.48838361749253</ele></trkpt>
<trkpt lat="33.925192390063" lon="132.27520641516068"><ele>192.4214953571209</ele></trkpt>
<trkpt lat="33.925218808031026" lon="132.27514328528696"><ele>192.35859443481203</ele></trkpt>
<trkpt lat="33.92527645742941" lon="132.27504058704483"><ele>192.24437001714088</ele></trkpt>
<trkpt lat="33.92531573935179" lon="132.27500018475718"><ele>192.18890299142157</ele></trkpt>
<trkpt lat="33.925405173515905" lon="132.27493985703194"><ele>192.07442699820646</ele></trkpt>
<trkpt lat="33.9255178873125" lon="132.27488809589286"><ele>191.89455884185247</ele></trkpt>
<trkpt lat="33.92599917331696" lon="132.2747289969176"><ele>190.71201845920817</ele></trkpt>
<trkpt lat="33.92659931651243" lon="132.27444298204156"><ele>189.2871360170667</ele></trkpt>
<trkpt lat="33.9266868774659" lon="132.2743974769184"><ele>189.0745616689664</ele></trkpt>
<trkpt lat="33.926758786383736" lon="132.2743379383053"><ele>188.8732061828719</ele></trkpt>
<trkpt lat="33.926880412110165" lon="132.27420625546588"><ele>188.52134948347458</ele></trkpt>
<trkpt lat="33.92691680039794" lon="132.2741506562204"><ele>188.41321685163888</ele></trkpt>
<trkpt lat="33.92697178765318" lon="132.27403686408218"><ele>188.22507103101273</ele></trkpt>
<trkpt lat="33.92699791539612" lon="132.2739489596833"><ele>188.08156223412902</ele></trkpt>
<trkpt lat="33.92700610544491" lon="132.2737999063663"><ele>187.8127511228015</ele></trkpt>
<trkpt lat="33.92699739407639" lon="132.27371723265856"><ele>187.6464649165122</ele></trkpt>
<trkpt lat="33.92696463539825" lon="132.27357754150833"><ele>187.34965461090454</ele></trkpt>
<trkpt lat="33.92691573206065" lon="132.27349019114547"><ele>187.1386991694035</ele></trkpt>
<trkpt lat="33.92643754094449" lon="132.27293472893112"><ele>185.55074422441396</ele></trkpt>
<trkpt lat="33.92637318484873" lon="132.27287624781133"><ele>185.32794116925163</ele></trkpt>
<trkpt lat="33.92627130453384" lon="132.27281175633524"><ele>185.00834232401493</ele></trkpt>
<trkpt lat="33.926163857182246" lon="132.2727588943117"><ele>184.73889503824006</ele></trkpt>
<trkpt lat="33.925960619303275" lon="132.2726807079276"><ele>184.36673692960704</ele></trkpt>
<trkpt lat="33.9258803279728" lon="132.27264599944002"><ele>184.19227588597178</ele></trkpt>
<trkpt lat="33.92574184011779" lon="132.2725596863368"><ele>183.7794798231362</ele></trkpt>
<trkpt lat="33.92564878284385" lon="132.27247637339605"><ele>183.4426859975552</ele></trkpt>
<trkpt lat="33.92558736068336" lon="132.2723903374491"><ele>183.2005282408409</ele></trkpt>
<trkpt lat="33.925567386556736" lon="132.27234202003714"><ele>183.1021700850197</ele></trkpt>
<trkpt lat="33.92555554533143" lon="132.27223281932183"><ele>182.93733133601773</ele></trkpt>
<trkpt lat="33.925541587497925" lon="132.27186345890567"><ele>182.56246800662498</ele></trkpt>
<trkpt lat="33.92551628604493" lon="132.27172329583814"><ele>182.4262566307423</ele></trkpt>
<trkpt lat="33.92546634505462" lon="132.2715714904471"><ele>182.26620156709706</ele></trkpt>
<trkpt lat="33.925375720158236" lon="132.27139505262164"><ele>182.06363215862035</ele></trkpt>
<trkpt lat="33.92532744732847" lon="132.27131246033454"><ele>181.97307849622328</ele></trkpt>
<trkpt lat="33.92524017031832" lon="132.27119914929378"><ele>181.8519248908253</ele></trkpt>
<trkpt lat="33.924859849714466" lon="132.27073053358836"><ele>181.36923022919592</ele></trkpt>
<trkpt lat="33.924449413321064" lon="132.27027132166026"><ele>180.60704975641974</ele></trkpt>
<trkpt lat="33.924138049360494" lon="132.27001036802127"><ele>179.99418988131387</ele></trkpt>
<trkpt lat="33.92375003404232" lon="132.2697676417274"><ele>179.21613477267658</ele></trkpt>
<trkpt lat="33.92355535810082" lon="132.26959837496912"><ele>178.73385095726323</ele></trkpt>
<trkpt lat="33.92348395298748" lon="132.26949693395252"><ele>178.55640147680998</ele></trkpt>
<trkpt lat="33.923433395211894" lon="132.26938673723026"><ele>178.41810400973517</ele></trkpt>
<trkpt lat="33.923412796790664" lon="132.26927611326468"><ele>178.3032839336601</ele></trkpt>
<trkpt lat="33.92340484840391" lon="132.26915097622125"><ele>178.1905578798636</ele></trkpt>
<trkpt lat="33.92341041853558" lon="132.2690695103053"><ele>178.1359603166805</ele></trkpt>
<trkpt lat="33.92343719506836" lon="132.26893603884767"><ele>178.09881419477352</ele></trkpt>
<trkpt lat="33.92345666102251" lon="132.26888921090148"><ele>178.10599928072753</ele></trkpt>
<trkpt lat="33.92350001571345" lon="132.26882628621266"><ele>178.14290661094674</ele></trkpt>
<trkpt lat="33.92361201654498" lon="132.26869435798307"><ele>178.34673017825367</ele></trkpt>
<trkpt lat="33.923670164489785" lon="132.2686447168468"><ele>178.48335255611676</ele></trkpt>
<trkpt lat="33.92391048817286" lon="132.26845865154598"><ele>179.31611481959575</ele></trkpt>
<trkpt lat="33.924053938708035" lon="132.26830627008772"><ele>179.81548688222432</ele></trkpt>
<trkpt lat="33.9241024501427" lon="132.26823696607758"><ele>179.96511087806803</ele></trkpt>
<trkpt lat="33.92418591852483" lon="132.26804783019656"><ele>180.25299521936532</ele></trkpt>
<trkpt lat="33.924209132827094" lon="132.2679563837861"><ele>180.4054172667851</ele></trkpt>
<trkpt lat="33.924254580206785" lon="132.2677454067837"><ele>180.81476961253838</ele></trkpt>
<trkpt lat="33.92431396542385" lon="132.2675971023439"><ele>181.1042802025396</ele></trkpt>
<trkpt lat="33.92436641457636" lon="132.26750765259476"><ele>181.3048808940144</ele></trkpt>
<trkpt lat="33.924416588276216" lon="132.26746068502183"><ele>181.4572384416088</ele></trkpt>
<trkpt lat="33.92447277296596" lon="132.26742326149707"><ele>181.61451758895157</ele></trkpt>
<trkpt lat="33.924522575829116" lon="132.26740353516084"><ele>181.73830495773453</ele></trkpt>
<trkpt lat="33.92460697299529" lon="132.26739475983504"><ele>181.91667677795598</ele></trkpt>
<trkpt lat="33.92468977841761" lon="132.2674093787161"><ele>182.0617040313494</ele></trkpt>
<trkpt lat="33.92477007899047" lon="132.2674435372916"><ele>182.1760907377925</ele></trkpt>
<trkpt lat="33.92484491849514" lon="132.26748633252487"><ele>182.25423627287364</ele></trkpt>
<trkpt lat="33.925187608002524" lon="132.26773310799524"><ele>182.33894474241688</ele></trkpt>
<trkpt lat="33.925300036777955" lon="132.26780164064434"><ele>182.25460649380042</ele></trkpt>
<trkpt lat="33.92537365644148" lon="132.2678238291038"><ele>182.14845278402868</ele></trkpt>
<trkpt lat="33.92546002784546" lon="132.2678286551066"><ele>181.9736482385262</ele></trkpt>
<trkpt lat="33.9255758524424" lon="132.26779023942314"><ele>181.6624499692073</ele></trkpt>
<trkpt lat="33.925657658442006" lon="132.26771104112632"><ele>181.3680113204243</ele></trkpt>
<trkpt lat="33.92568589515045" lon="132.26766196341438"><ele>181.2327890773596</ele></trkpt>
<trkpt lat="33.92571089975804" lon="132.2675597360815"><ele>181.00189060456648</ele></trkpt>
<trkpt lat="33.925716791380765" lon="132.26744780739324"><ele>180.76759814539307</ele></trkpt>
<trkpt lat="33.92570524839894" lon="132.26712835230327"><ele>180.11311366317176</ele></trkpt>
<trkpt lat="33.92570711243882" lon="132.26699125748183"><ele>179.8881370271577</ele></trkpt>
<trkpt lat="33.92574505259038" lon="132.26685304369454"><ele>179.7263192132884</ele></trkpt>
<trkpt lat="33.92577895124611" lon="132.26678851789308"><ele>179.6710173624946</ele></trkpt>
<trkpt lat="33.92586688440441" lon="132.26669947240734"><ele>179.60683731415781</ele></trkpt>
<trkpt lat="33.92594035395914" lon="132.26666205810676"><ele>179.57885088263376</ele></trkpt>
<trkpt lat="33.926020166263655" lon="132.26664051913963"><ele>179.55511885987727</ele></trkpt>
<trkpt lat="33.926107600735" lon="132.2666418221738"><ele>179.52761963668462</ele></trkpt>
<trkpt lat="33.92625596719269" lon="132.26667620794365"><ele>179.4661755368181</ele></trkpt>
<trkpt lat="33.92648047273009" lon="132.2667684009847"><ele>179.36079049178895</ele></trkpt>
<trkpt lat="33.926596872022486" lon="132.26679292296535"><ele>179.31102422816252</ele></trkpt>
<trkpt lat="33.92672958684141" lon="132.26679498850532"><ele>179.21837087875087</ele></trkpt>
<trkpt lat="33.92679825699936" lon="132.2667826564724"><ele>179.13915178441215</ele></trkpt>
<trkpt lat="33.9269687590704" lon="132.26673522441507"><ele>178.8517110248746</ele></trkpt>
<trkpt lat="33.92706022155369" lon="132.2666875701785"><ele>178.6524314067485</ele></trkpt>
<trkpt lat="33.92724771337363" lon="132.26657728570385"><ele>178.12471705313317</ele></trkpt>
<trkpt lat="33.927321000848934" lon="132.26652041602622"><ele>177.81571201702144</ele></trkpt>
<trkpt lat="33.92741989219494" lon="132.26642658365017"><ele>177.24086409928609</ele></trkpt>
<trkpt lat="33.92748935495485" lon="132.26633443219353"><ele>176.6624263885644</ele></trkpt>
<trkpt lat="33.927568867221495" lon="132.2661666596797"><ele>175.63734790131943</ele></trkpt>
<trkpt lat="33.927820968221525" lon="132.26562375387283"><ele>171.97130198106657</ele></trkpt>
<trkpt lat="33.92785385105641" lon="132.2655635299961"><ele>171.52304557669305</ele></trkpt>
<trkpt lat="33.92791462909146" lon="132.26548313018563"><ele>170.82033704278456</ele></trkpt>
<trkpt lat="33.92825522917955" lon="132.26507687849602"><ele>166.87794056619367</ele></trkpt>
<trkpt lat="33.92829560224172" lon="132.26502338270336"><ele>166.43837583730655</ele></trkpt>
<trkpt lat="33.92832536911209" lon="132.2649607023321"><ele>166.0176513775277</ele></trkpt>
<trkpt lat="33.928369062145094" lon="132.26477434161137"><ele>164.93118627722356</ele></trkpt>
<trkpt lat="33.92838058367355" lon="132.2646610647602"><ele>164.227681317006</ele></trkpt>
<trkpt lat="33.92836969118318" lon="132.26458541148938"><ele>163.70277828073088</ele></trkpt>
<trkpt lat="33.92830599023999" lon="132.26428274205378"><ele>161.24357738586488</ele></trkpt>
<trkpt lat="33.92828419463423" lon="132.26415925812566"><ele>160.16649287983282</ele></trkpt>
<trkpt lat="33.92828258282068" lon="132.2639397502318"><ele>158.33221210753396</ele></trkpt>
<trkpt lat="33.92829226938086" lon="132.2638650589456"><ele>157.77355731022658</ele></trkpt>
<trkpt lat="33.92832512419413" lon="132.26371875205035"><ele>156.80992583297268</ele></trkpt>
<trkpt lat="33.928364720314875" lon="132.26363870482928"><ele>156.26484018192718</ele></trkpt>
<trkpt lat="33.92843024624379" lon="132.26355353885526"><ele>155.49248541185182</ele></trkpt>
<trkpt lat="33.92851877983737" lon="132.26346726517218"><ele>154.26350880375807</ele></trkpt>
<trkpt lat="33.92863240665725" lon="132.26339559054767"><ele>152.69775203887124</ele></trkpt>
<trkpt lat="33.92874042566671" lon="132.26336038152533"><ele>151.68225723813543</ele></trkpt>
<trkpt lat="33.92887076291076" lon="132.26334205159705"><ele>151.00991189753333</ele></trkpt>
<trkpt lat="33.92897957930401" lon="132.26333503943178"><ele>150.55060818451847</ele></trkpt>
<trkpt lat="33.9293895602531" lon="132.2633144132829"><ele>148.44841051255358</ele></trkpt>
<trkpt lat="33.929512105253764" lon="132.26329564772576"><ele>147.83072058330453</ele></trkpt>
<trkpt lat="33.92959114324953" lon="132.26326106438938"><ele>147.45850225325486</ele></trkpt>
<trkpt lat="33.929664598665504" lon="132.26318996769817"><ele>147.10238357679316</ele></trkpt>
<trkpt lat="33.92970407076393" lon="132.26311233294135"><ele>146.8345279293897</ele></trkpt>
<trkpt lat="33.92974925271952" lon="132.2629006536168"><ele>146.04278144884086</ele></trkpt>
<trkpt lat="33.929761876692986" lon="132.26279855661235"><ele>145.56041866077672</ele></trkpt>
<trkpt lat="33.92978485017678" lon="132.2623296543857"><ele>142.8263603380778</ele></trkpt>
<trkpt lat="33.92980074461548" lon="132.26218584490064"><ele>142.127649689859</ele></trkpt>
<trkpt lat="33.92981795829533" lon="132.26211543871432"><ele>141.8205948915362</ele></trkpt>
<trkpt lat="33.92994935545476" lon="132.2616194208486"><ele>140.03817639261698</ele></trkpt>
<trkpt lat="33.93000107053172" lon="132.26130971529432"><ele>139.31371661193228</ele></trkpt>
<trkpt lat="33.93000943448774" lon="132.26120492955604"><ele>139.2355789806157</ele></trkpt>
<trkpt lat="33.93000720282077" lon="132.26101924582207"><ele>139.38472133708905</ele></trkpt>
<trkpt lat="33.92997767605685" lon="132.26071190140536"><ele>140.2147675548922</ele></trkpt>
<trkpt lat="33.929975213288174" lon="132.26062420207546"><ele>140.53277645051327</ele></trkpt>
<trkpt lat="33.929994270555056" lon="132.26049970366313"><ele>141.08218409106567</ele></trkpt>
<trkpt lat="33.93003536622097" lon="132.2604228979695"><ele>141.52737885868623</ele></trkpt>
<trkpt lat="33.930081713249635" lon="132.26036972928674"><ele>141.9102295979489</ele></trkpt>
<trkpt lat="33.93014212399884" lon="132.2603302309503"><ele>142.31143462374672</ele></trkpt>
<trkpt lat="33.93019334601204" lon="132.26031262940256"><ele>142.60776362156736</ele></trkpt>
<trkpt lat="33.9302569020995" lon="132.26030857232243"><ele>142.94766659178572</ele></trkpt>
<trkpt lat="33.93031769765979" lon="132.26031896834772"><ele>143.2661998077967</ele></trkpt>
<trkpt lat="33.93038946124139" lon="132.26035596088016"><ele>143.6632030498502</ele></trkpt>
<trkpt lat="33.930450419244266" lon="132.26040474256803"><ele>144.01332775806614</ele></trkpt>
<trkpt lat="33.930523296883095" lon="132.26045061600527"><ele>144.36695014729975</ele></trkpt>
<trkpt lat="33.930587660681844" lon="132.26047414353908"><ele>144.6294631227536</ele></trkpt>
<trkpt lat="33.93064575516362" lon="132.26048005038757"><ele>144.8536424863591</ele></trkpt>
<trkpt lat="33.93069594276921" lon="132.26047223931602"><ele>145.05489708417008</ele></trkpt>
<trkpt lat="33.93076890186823" lon="132.26043645084434"><ele>145.3889519835449</ele></trkpt>
<trkpt lat="33.930832416090354" lon="132.26035935125122"><ele>145.77976645761322</ele></trkpt>
<trkpt lat="33.93086306542557" lon="132.260305316217"><ele>146.00568883412427</ele></trkpt>
<trkpt lat="33.9308883679323" lon="132.26022831780094"><ele>146.2687843305452</ele></trkpt>
<trkpt lat="33.930950181970346" lon="132.2599926113614"><ele>146.84843340615842</ele></trkpt>
<trkpt lat="33.931020002299675" lon="132.25979428355387"><ele>147.21977294881702</ele></trkpt>
<trkpt lat="33.93105562121893" lon="132.25972178237183"><ele>147.39690789428073</ele></trkpt>
<trkpt lat="33.931131934621796" lon="132.25960095940292"><ele>147.76657641901664</ele></trkpt>
<trkpt lat="33.931187160928715" lon="132.2595331827461"><ele>148.00160343157316</ele></trkpt>
<trkpt lat="33.93133482273346" lon="132.25942269673388"><ele>148.57805158988535</ele></trkpt>
<trkpt lat="33.93143277628097" lon="132.25936958829544"><ele>149.13717201785525</ele></trkpt>
<trkpt lat="33.93154986036156" lon="132.25932228423693"><ele>150.06585479749762</ele></trkpt>
<trkpt lat="33.93163100936332" lon="132.25929778279854"><ele>150.87095403784517</ele></trkpt>
<trkpt lat="33.93175711752514" lon="132.25930149839792"><ele>152.3500429469518</ele></trkpt>
<trkpt lat="33.93181032092501" lon="132.2593202147325"><ele>153.07270253075873</ele></trkpt>
<trkpt lat="33.931936398218625" lon="132.25941515616947"><ele>154.95083007208638</ele></trkpt>
<trkpt lat="33.93200926855863" lon="132.2595077331671"><ele>156.010165308439</ele></trkpt>
<trkpt lat="33.93213434772719" lon="132.2596839957611"><ele>157.4387609637494</ele></trkpt>
<trkpt lat="33.9323555992875" lon="132.25999592406814"><ele>159.21000100007396</ele></trkpt>
<trkpt lat="33.93249503090854" lon="132.2601921724497"><ele>159.91771227145495</ele></trkpt>
<trkpt lat="33.932538468880075" lon="132.26024764988998"><ele>160.0249980882834</ele></trkpt>
<trkpt lat="33.93259890439202" lon="132.2603006847054"><ele>160.06724425868597</ele></trkpt>
<trkpt lat="33.932699696975696" lon="132.26036615226968"><ele>159.95573263621654</ele></trkpt>
<trkpt lat="33.932782239776884" lon="132.26039953618394"><ele>159.76293318473935</ele></trkpt>
<trkpt lat="33.93284318035523" lon="132.26040219455527"><ele>159.5970796316957</ele></trkpt>
<trkpt lat="33.93294605915061" lon="132.26036196898687"><ele>159.28813810939675</ele></trkpt>
<trkpt lat="33.93299811007497" lon="132.26032369095344"><ele>159.12856360719377</ele></trkpt>
<trkpt lat="33.933132879340235" lon="132.2601742425815"><ele>158.7838216801367</ele></trkpt>
<trkpt lat="33.93317147622768" lon="132.2601409220678"><ele>158.731098547182</ele></trkpt>
<trkpt lat="33.93325176618807" lon="132.26009800151655"><ele>158.674531033531</ele></trkpt>
<trkpt lat="33.93334585001371" lon="132.2600851767799"><ele>158.67201866751003</ele></trkpt>
<trkpt lat="33.933413235416005" lon="132.26009480767976"><ele>158.70292715191965</ele></trkpt>
<trkpt lat="33.93349743885012" lon="132.26012662955395"><ele>158.77402943467726</ele></trkpt>
<trkpt lat="33.93354220895807" lon="132.2601559797683"><ele>158.82600475686652</ele></trkpt>
<trkpt lat="33.933722050411326" lon="132.26030203557156"><ele>159.06533304085488</ele></trkpt>
<trkpt lat="33.933803144591195" lon="132.26035774730727"><ele>159.15296194134038</ele></trkpt>
<trkpt lat="33.93393778794065" lon="132.2604166897484"><ele>159.30098646053835</ele></trkpt>
<trkpt lat="33.93399190424108" lon="132.26042747572697"><ele>159.3761797883632</ele></trkpt>
<trkpt lat="33.93414980772843" lon="132.26042487708423"><ele>159.6215252899752</ele></trkpt>
<trkpt lat="33.93421493981125" lon="132.26040990981497"><ele>159.7077400270993</ele></trkpt>
<trkpt lat="33.93437872402056" lon="132.26035663085463"><ele>159.8470582880516</ele></trkpt>
<trkpt lat="33.934444668528805" lon="132.2603243492842"><ele>159.88804344687654</ele></trkpt>
<trkpt lat="33.93450485406599" lon="132.26028217630093"><ele>159.92836672119046</ele></trkpt>
<trkpt lat="33.93453534140785" lon="132.260248139541"><ele>159.9532171330186</ele></trkpt>
<trkpt lat="33.93458355622145" lon="132.260165957086"><ele>160.0026764089456</ele></trkpt>
<trkpt lat="33.93461018121357" lon="132.2600779851026"><ele>160.04342757759193</ele></trkpt>
<trkpt lat="33.934654148704155" lon="132.25988409015383"><ele>160.10631991167256</ele></trkpt>
<trkpt lat="33.93469226017096" lon="132.2597799308402"><ele>160.1372745004529</ele></trkpt>
<trkpt lat="33.93473322934793" lon="132.25972053234202"><ele>160.163529837257</ele></trkpt>
<trkpt lat="33.93477390315487" lon="132.25968389031897"><ele>160.1901491943941</ele></trkpt>
<trkpt lat="33.93485895856345" lon="132.25963932661705"><ele>160.2559066893469</ele></trkpt>
<trkpt lat="33.934940088504966" lon="132.25964140996783"><ele>160.33192471512254</ele></trkpt>
<trkpt lat="33.935010850389865" lon="132.25966598364653"><ele>160.41044271214798</ele></trkpt>
<trkpt lat="33.93507640996759" lon="132.2597159215914"><ele>160.49658634941386</ele></trkpt>
<trkpt lat="33.935128362985424" lon="132.25979735640183"><ele>160.58268257088082</ele></trkpt>
<trkpt lat="33.93516337701277" lon="132.25986683436068"><ele>160.63824186105654</ele></trkpt>
<trkpt lat="33.935251730012006" lon="132.26009946400796"><ele>160.7299384603828</ele></trkpt>
<trkpt lat="33.93528581861955" lon="132.2601615949166"><ele>160.74019064567975</ele></trkpt>
<trkpt lat="33.93537929316176" lon="132.26028699383252"><ele>160.75432337055986</ele></trkpt>
<trkpt lat="33.9354529996983" lon="132.26035463779297"><ele>160.76474001119192</ele></trkpt>
<trkpt lat="33.93564116483941" lon="132.2604656333209"><ele>160.81820391808014</ele></trkpt>
<trkpt lat="33.93570850281158" lon="132.2604905267062"><ele>160.8491897677214</ele></trkpt>
<trkpt lat="33.93622349957689" lon="132.2606465716782"><ele>161.1915371219896</ele></trkpt>
<trkpt lat="33.9363167575104" lon="132.26066501063602"><ele>161.26449276948202</ele></trkpt>
<trkpt lat="33.9363831364388" lon="132.26066348761708"><ele>161.3151555505316</ele></trkpt>
<trkpt lat="33.936447319187145" lon="132.26064963904292"><ele>161.36015143130317</ele></trkpt>
<trkpt lat="33.9364928870229" lon="132.26062504491117"><ele>161.39002288977176</ele></trkpt>
<trkpt lat="33.93657666782764" lon="132.260555171855"><ele>161.44148371824227</ele></trkpt>
<trkpt lat="33.936617318234084" lon="132.26050641059027"><ele>161.46876075712595</ele></trkpt>
<trkpt lat="33.93680471428531" lon="132.26024484888947"><ele>161.62088841391054</ele></trkpt>
<trkpt lat="33.936871960754125" lon="132.2601799253491"><ele>161.66229096054178</ele></trkpt>
<trkpt lat="33.937002204945834" lon="132.26013417215157"><ele>161.71075818442134</ele></trkpt>
<trkpt lat="33.937082194682006" lon="132.26012919554273"><ele>161.73082862883524</ele></trkpt>
<trkpt lat="33.937247906053926" lon="132.2601552209123"><ele>161.77643158299077</ele></trkpt>
<trkpt lat="33.9374171598549" lon="132.26016617367097"><ele>161.85014984767994</ele></trkpt>
<trkpt lat="33.93754420860458" lon="132.2601444772886"><ele>161.90622587911164</ele></trkpt>
<trkpt lat="33.93759328187207" lon="132.26012523844878"><ele>161.928000917238</ele></trkpt>
<trkpt lat="33.937673259740684" lon="132.26004643520417"><ele>161.97447108282373</ele></trkpt>
<trkpt lat="33.93794204357948" lon="132.25969275869747"><ele>162.23150142615606</ele></trkpt>
<trkpt lat="33.93800707737088" lon="132.25959032597592"><ele>162.28153923735323</ele></trkpt>
<trkpt lat="33.9380755389499" lon="132.2594438083411"><ele>162.32801125666558</ele></trkpt>
<trkpt lat="33.938111055934314" lon="132.25934136052112"><ele>162.3431145309966</ele></trkpt>
<trkpt lat="33.9381283471069" lon="132.25923247995135"><ele>162.34592586247646</ele></trkpt>
<trkpt lat="33.93813207968558" lon="132.25912135698138"><ele>162.33895532263497</ele></trkpt>
<trkpt lat="33.93811471816391" lon="132.259006389482"><ele>162.32873734073215</ele></trkpt>
<trkpt lat="33.93809454908215" lon="132.25892253938989"><ele>162.325331382794</ele></trkpt>
<trkpt lat="33.93805073312477" lon="132.25882165837905"><ele>162.33075643879616</ele></trkpt>
<trkpt lat="33.93787135411774" lon="132.2584626551295"><ele>162.43624620921358</ele></trkpt>
<trkpt lat="33.937831560891816" lon="132.25837887151232"><ele>162.47202570113</ele></trkpt>
<trkpt lat="33.93780450857588" lon="132.2582797234327"><ele>162.5235756582871</ele></trkpt>
<trkpt lat="33.93779599871501" lon="132.25818959116722"><ele>162.5773591204879</ele></trkpt>
<trkpt lat="33.93780265173564" lon="132.25809124757595"><ele>162.63922379468625</ele></trkpt>
<trkpt lat="33.937832480609984" lon="132.25795865124184"><ele>162.71974878222426</ele></trkpt>
<trkpt lat="33.93786893744393" lon="132.2579075243748"><ele>162.75374354952885</ele></trkpt>
<trkpt lat="33.937924575307505" lon="132.2578676065298"><ele>162.78652977995657</ele></trkpt>
<trkpt lat="33.93801005730982" lon="132.2578417964631"><ele>162.82023872047805</ele></trkpt>
<trkpt lat="33.93817681634185" lon="132.25783987806003"><ele>162.86039902595445</ele></trkpt>
<trkpt lat="33.938283562486916" lon="132.25782854673074"><ele>162.8822171650338</ele></trkpt>
<trkpt lat="33.938368990937114" lon="132.2577898944151"><ele>162.90207772943617</ele></trkpt>
<trkpt lat="33.93842902143905" lon="132.25773042753073"><ele>162.921437347677</ele></trkpt>
<trkpt lat="33.93848791137608" lon="132.25763414965752"><ele>162.95445932246088</ele></trkpt>
<trkpt lat="33.93851635689509" lon="132.2575709131565"><ele>162.98180926620643</ele></trkpt>
<trkpt lat="33.93864934036202" lon="132.25719745613097"><ele>163.2423293795726</ele></trkpt>
<trkpt lat="33.938703281684184" lon="132.25707921509263"><ele>163.36702592679598</ele></trkpt>
<trkpt lat="33.938794951658465" lon="132.25695797579957"><ele>163.521851887362</ele></trkpt>
<trkpt lat="33.938839080704234" lon="132.2569260033181"><ele>163.57137920875488</ele></trkpt>
<trkpt lat="33.93903275488866" lon="132.25682343479193"><ele>163.72614953823995</ele></trkpt>
<trkpt lat="33.93944849611348" lon="132.25658196754094"><ele>164.13916858278603</ele></trkpt>
<trkpt lat="33.93952159706158" lon="132.25654647835154"><ele>164.22448493991692</ele></trkpt>
<trkpt lat="33.93957245137251" lon="132.25653286231025"><ele>164.2876596931365</ele></trkpt>
<trkpt lat="33.93977876173113" lon="132.25650247539522"><ele>164.61592055175646</ele></trkpt>
<trkpt lat="33.940023460641605" lon="132.25649731742087"><ele>165.04757693423971</ele></trkpt>
<trkpt lat="33.940149716270234" lon="132.25646188870263"><ele>165.11797694651167</ele></trkpt>
<trkpt lat="33.94022691634211" lon="132.25641936177976"><ele>165.08861639049974</ele></trkpt>
<trkpt lat="33.94030339147127" lon="132.25635125090636"><ele>165.01268954800557</ele></trkpt>
<trkpt lat="33.94055441349197" lon="132.25611228608292"><ele>164.6492624496529</ele></trkpt>
<trkpt lat="33.94060575828029" lon="132.25605523328048"><ele>164.57233638257915</ele></trkpt>
<trkpt lat="33.940655079705" lon="132.25597395314438"><ele>164.485602480908</ele></trkpt>
<trkpt lat="33.940684015694856" lon="132.25590706465601"><ele>164.42835254915846</ele></trkpt>
<trkpt lat="33.94070672740493" lon="132.25581046946826"><ele>164.36590037994182</ele></trkpt>
<trkpt lat="33.940770125767415" lon="132.2554424614495"><ele>164.28035343026175</ele></trkpt>
<trkpt lat="33.940814033708904" lon="132.2553051016964"><ele>164.36478757050153</ele></trkpt>
<trkpt lat="33.94086053106452" lon="132.25520738672762"><ele>164.49666077404862</ele></trkpt>
<trkpt lat="33.940896965441375" lon="132.2551529370693"><ele>164.60506074169973</ele></trkpt>
<trkpt lat="33.941059824294264" lon="132.2549607317037"><ele>165.15787376405987</ele></trkpt>
<trkpt lat="33.94114333770505" lon="132.25481618645998"><ele>165.5159460013579</ele></trkpt>
<trkpt lat="33.94117745736348" lon="132.2546673495323"><ele>165.73220272627356</ele></trkpt>
<trkpt lat="33.94117850296498" lon="132.25458232416187"><ele>165.80297721923458</ele></trkpt>
<trkpt lat="33.94113058449095" lon="132.25438618453427"><ele>165.86179716668073</ele></trkpt>
<trkpt lat="33.94108881488713" lon="132.25428847956343"><ele>165.84807762763924</ele></trkpt>
<trkpt lat="33.94095064614638" lon="132.2540529939794"><ele>165.80208205490248</ele></trkpt>
<trkpt lat="33.94065249920655" lon="132.25366999182955"><ele>166.12336483329196</ele></trkpt>
<trkpt lat="33.940587090110036" lon="132.25359433940582"><ele>166.2230455135985</ele></trkpt>
<trkpt lat="33.94053820062271" lon="132.2535527492345"><ele>166.29669837141952</ele></trkpt>
<trkpt lat="33.939813081732915" lon="132.25302169534538"><ele>167.32721463717365</ele></trkpt>
<trkpt lat="33.93962622909499" lon="132.2528624331134"><ele>167.9267138795393</ele></trkpt>
<trkpt lat="33.93949783670729" lon="132.2527143374471"><ele>168.56987883411648</ele></trkpt>
<trkpt lat="33.93946077047853" lon="132.25263897004638"><ele>168.9083622538705</ele></trkpt>
<trkpt lat="33.93943227246333" lon="132.25254949838984"><ele>169.3084116804634</ele></trkpt>
<trkpt lat="33.93941495214651" lon="132.25241383198184"><ele>169.87336877805978</ele></trkpt>
<trkpt lat="33.93942349333478" lon="132.2523223154176"><ele>170.24221713009157</ele></trkpt>
<trkpt lat="33.93948489022982" lon="132.2521530374666"><ele>171.0840294846732</ele></trkpt>
<trkpt lat="33.939531864298296" lon="132.25207805034287"><ele>171.61015442566074</ele></trkpt>
<trkpt lat="33.93981009123493" lon="132.25168933081167"><ele>175.29584114144964</ele></trkpt>
<trkpt lat="33.940050000785746" lon="132.25133000100942"><ele>178.59470880526803</ele></trkpt>
<trkpt lat="33.9401691825071" lon="132.2511503880097"><ele>179.83964399930534</ele></trkpt>
<trkpt lat="33.94034248496168" lon="132.25085752601956"><ele>180.176602103509</ele></trkpt>
<trkpt lat="33.94039932979801" lon="132.2507592769317"><ele>179.84828711307588</ele></trkpt>
<trkpt lat="33.940494286329745" lon="132.25055142925999"><ele>178.4240045666094</ele></trkpt>
<trkpt lat="33.94072980844652" lon="132.25002834256966"><ele>173.86185709689832</ele></trkpt>
<trkpt lat="33.94087666770244" lon="132.24961666737454"><ele>171.42430719406943</ele></trkpt>
<trkpt lat="33.940951516641526" lon="132.24941006468697"><ele>170.49485938685373</ele></trkpt>
<trkpt lat="33.94109215313391" lon="132.24913316302943"><ele>169.95523486481662</ele></trkpt>
<trkpt lat="33.941138929678786" lon="132.2490381241201"><ele>170.05441691958475</ele></trkpt>
<trkpt lat="33.94122664348936" lon="132.24878636900715"><ele>171.02275434565885</ele></trkpt>
<trkpt lat="33.94125338941798" lon="132.24867135417963"><ele>171.65124975209358</ele></trkpt>
<trkpt lat="33.941262598829056" lon="132.24854324889128"><ele>172.38412446449564</ele></trkpt>
<trkpt lat="33.94123976211536" lon="132.24844364151735"><ele>173.0020943951012</ele></trkpt>
<trkpt lat="33.94118625024082" lon="132.2483217445085"><ele>173.88274067491454</ele></trkpt>
<trkpt lat="33.9411401880483" lon="132.2482469205766"><ele>174.35848380810978</ele></trkpt>
<trkpt lat="33.941023368564494" lon="132.24813347797001"><ele>175.30377454648894</ele></trkpt>
<trkpt lat="33.94092236329638" lon="132.24807567000647"><ele>175.98599789560615</ele></trkpt>
<trkpt lat="33.94068904427182" lon="132.24799044577503"><ele>177.36718943633886</ele></trkpt>
<trkpt lat="33.94037029487471" lon="132.24792068203837"><ele>178.98236859516615</ele></trkpt>
<trkpt lat="33.94003091747946" lon="132.24788836747814"><ele>180.19354176056447</ele></trkpt>
<trkpt lat="33.939941366416804" lon="132.2478744943831"><ele>180.4930818146956</ele></trkpt>
<trkpt lat="33.93987799261227" lon="132.24785177788112"><ele>180.71325657202053</ele></trkpt>
<trkpt lat="33.939680253481264" lon="132.247759206905"><ele>181.4495091761134</ele></trkpt>
<trkpt lat="33.939632321745705" lon="132.24771654883816"><ele>181.67505119696443</ele></trkpt>
<trkpt lat="33.9395818968166" lon="132.24762854476054"><ele>182.05039436776053</ele></trkpt>
<trkpt lat="33.93954107507439" lon="132.24748423631868"><ele>182.77331917294657</ele></trkpt>
<trkpt lat="33.9395335180235" lon="132.2473853474903"><ele>183.4431037340276</ele></trkpt>
<trkpt lat="33.93954241070122" lon="132.2472460150529"><ele>184.58995936056454</ele></trkpt>
<trkpt lat="33.93955457989013" lon="132.24717174854504"><ele>185.19009688988183</ele></trkpt>
<trkpt lat="33.93958914263451" lon="132.2470658859211"><ele>185.90651684471374</ele></trkpt>
<trkpt lat="33.93962142307608" lon="132.24700225048153"><ele>186.24161113372628</ele></trkpt>
<trkpt lat="33.93968100117996" lon="132.2469153326377"><ele>186.1772294625511</ele></trkpt>
<trkpt lat="33.93974185209269" lon="132.2468598050668"><ele>185.84112180236298</ele></trkpt>
<trkpt lat="33.93990698224365" lon="132.24678735421034"><ele>184.63397720437783</ele></trkpt>
<trkpt lat="33.940133720210106" lon="132.24672380235674"><ele>182.52699602903655</ele></trkpt>
<trkpt lat="33.94022910431019" lon="132.24666979303447"><ele>181.42561648014504</ele></trkpt>
<trkpt lat="33.94031011033761" lon="132.24660752109278"><ele>180.27065457730623</ele></trkpt>
<trkpt lat="33.94034805412732" lon="132.24656268444312"><ele>179.56408334941892</ele></trkpt>
<trkpt lat="33.940415987613484" lon="132.24642257173733"><ele>177.7523566986967</ele></trkpt>
<trkpt lat="33.94044158827863" lon="132.24631639562193"><ele>176.71475167941125</ele></trkpt>
<trkpt lat="33.94046540707519" lon="132.2461521549984"><ele>175.58503467459673</ele></trkpt>
<trkpt lat="33.94049824989678" lon="132.2459236736632"><ele>174.64235341397122</ele></trkpt>
<trkpt lat="33.940531950190234" lon="132.24577531156928"><ele>174.53372267592042</ele></trkpt>
<trkpt lat="33.94058692196319" lon="132.2456109829365"><ele>174.98480186429728</ele></trkpt>
<trkpt lat="33.94061544882297" lon="132.2455442334048"><ele>175.30989749000454</ele></trkpt>
<trkpt lat="33.94067054817662" lon="132.24546238838937"><ele>175.84872837130496</ele></trkpt>
<trkpt lat="33.94082284480382" lon="132.24526655363377"><ele>177.3503208776474</ele></trkpt>
<trkpt lat="33.94088379132852" lon="132.24519923215507"><ele>177.8369691534023</ele></trkpt>
<trkpt lat="33.94092680580351" lon="132.24517278858787"><ele>178.07985917237724</ele></trkpt>
<trkpt lat="33.94106184938772" lon="132.2451304181843"><ele>178.57584359798645</ele></trkpt>
<trkpt lat="33.941129977038365" lon="132.24511951205014"><ele>178.7047397901138</ele></trkpt>
<trkpt lat="33.941191810852516" lon="132.24512695274314"><ele>178.75640520943125</ele></trkpt>
<trkpt lat="33.941303552432856" lon="132.24515628004963"><ele>178.6981790489556</ele></trkpt>
<trkpt lat="33.94137319256305" lon="132.2451874072377"><ele>178.5622089254813</ele></trkpt>
<trkpt lat="33.941555333779846" lon="132.2453390574872"><ele>177.80547708334208</ele></trkpt>
<trkpt lat="33.94163525749358" lon="132.2453953052614"><ele>177.373811157684</ele></trkpt>
<trkpt lat="33.94181829017272" lon="132.24549937743296"><ele>176.35175930564154</ele></trkpt>
<trkpt lat="33.941871679547404" lon="132.2455215461995"><ele>176.07942017316805</ele></trkpt>
<trkpt lat="33.941950746753974" lon="132.2455327042769"><ele>175.72669951854266</ele></trkpt>
<trkpt lat="33.94209689414303" lon="132.24553755709707"><ele>175.23425230952773</ele></trkpt>
<trkpt lat="33.94218184924955" lon="132.2455300160646"><ele>175.07032253608682</ele></trkpt>
<trkpt lat="33.94268441922204" lon="132.24542079108028"><ele>175.03153140301114</ele></trkpt>
<trkpt lat="33.94275942910649" lon="132.24539946430286"><ele>174.9948937777517</ele></trkpt>
<trkpt lat="33.94283600816533" lon="132.2453507172973"><ele>174.89851832688467</ele></trkpt>
<trkpt lat="33.94290923950431" lon="132.24528352347758"><ele>174.718943119992</ele></trkpt>
<trkpt lat="33.94295666754131" lon="132.24521922152792"><ele>174.51911146367556</ele></trkpt>
<trkpt lat="33.94302597894329" lon="132.24508471110408"><ele>174.00465495807072</ele></trkpt>
<trkpt lat="33.94304527113656" lon="132.24499464450597"><ele>173.62937756866484</ele></trkpt>
<trkpt lat="33.94305664105977" lon="132.2448020532375"><ele>172.86290639592326</ele></trkpt>
<trkpt lat="33.94305157399433" lon="132.2447090768317"><ele>172.57051717655432</ele></trkpt>
<trkpt lat="33.943026534929835" lon="132.24437337900653"><ele>171.995016926788</ele></trkpt>
<trkpt lat="33.943024075497746" lon="132.24429059215592"><ele>171.99062583446886</ele></trkpt>
<trkpt lat="33.94303220065702" lon="132.2441931250869"><ele>172.08035427581174</ele></trkpt>
<trkpt lat="33.943046634217865" lon="132.24412280223603"><ele>172.20756737920993</ele></trkpt>
<trkpt lat="33.943102516321765" lon="132.2439972996106"><ele>172.58913549132438</ele></trkpt>
<trkpt lat="33.943146656489986" lon="132.24392229376576"><ele>172.9562392041601</ele></trkpt>
<trkpt lat="33.94324098036941" lon="132.24378588197536"><ele>173.91286887258923</ele></trkpt>
<trkpt lat="33.94329153301652" lon="132.243703705663"><ele>174.45739400728743</ele></trkpt>
<trkpt lat="33.94335425272506" lon="132.24356134747444"><ele>175.3472071146907</ele></trkpt>
<trkpt lat="33.943391127644624" lon="132.24339743409158"><ele>176.3790584403956</ele></trkpt>
<trkpt lat="33.943396012366236" lon="132.2433319255582"><ele>176.7587615378795</ele></trkpt>
<trkpt lat="33.94339054497559" lon="132.24321825611102"><ele>177.35094704818013</ele></trkpt>
<trkpt lat="33.943379162110276" lon="132.2431458559018"><ele>177.68838309750674</ele></trkpt>
<trkpt lat="33.94328813678365" lon="132.24279358370669"><ele>179.33578871977318</ele></trkpt>
<trkpt lat="33.943262281642625" lon="132.2426134383042"><ele>180.19937424915474</ele></trkpt>
<trkpt lat="33.94325725264807" lon="132.2425023236458"><ele>180.802664753071</ele></trkpt>
<trkpt lat="33.943299762535396" lon="132.2422173014071"><ele>182.5902800837132</ele></trkpt>
<trkpt lat="33.94332826723303" lon="132.24209695947835"><ele>183.39992579913152</ele></trkpt>
<trkpt lat="33.94347939375661" lon="132.2414914461758"><ele>187.19577919923117</ele></trkpt>
<trkpt lat="33.94350231985432" lon="132.24134716296243"><ele>187.84797042781778</ele></trkpt>
<trkpt lat="33.943502002990755" lon="132.24116767287055"><ele>188.32731673894898</ele></trkpt>
<trkpt lat="33.943471205619566" lon="132.2410349345408"><ele>188.40921213712826</ele></trkpt>
<trkpt lat="33.94343164840426" lon="132.24095810312951"><ele>188.32461543384164</ele></trkpt>
<trkpt lat="33.94338002276205" lon="132.24089144906443"><ele>188.13458782203895</ele></trkpt>
<trkpt lat="33.94331728552308" lon="132.24084168689038"><ele>187.85756948109938</ele></trkpt>
<trkpt lat="33.94318571328856" lon="132.24076714120167"><ele>187.14704819044368</ele></trkpt>
<trkpt lat="33.94259575218867" lon="132.24043774534076"><ele>183.251077564586</ele></trkpt>
<trkpt lat="33.942532704090404" lon="132.24039908035337"><ele>182.8901035427165</ele></trkpt>
<trkpt lat="33.9424670346638" lon="132.24033946153665"><ele>182.51838526873354</ele></trkpt>
<trkpt lat="33.94238563086967" lon="132.24023517507513"><ele>182.05718971026235</ele></trkpt>
<trkpt lat="33.94232283366604" lon="132.24007975759048"><ele>181.5412005056246</ele></trkpt>
<trkpt lat="33.9423033476566" lon="132.2399733765819"><ele>181.2151050271801</ele></trkpt>
<trkpt lat="33.942303946152514" lon="132.23987895827625"><ele>180.9354705972354</ele></trkpt>
<trkpt lat="33.942319457905356" lon="132.23929707154662"><ele>179.20903447664577</ele></trkpt>
<trkpt lat="33.942312474340085" lon="132.2389497193664"><ele>178.4550295477763</ele></trkpt>
<trkpt lat="33.94231837424057" lon="132.23880473567132"><ele>178.28872836011982</ele></trkpt>
<trkpt lat="33.94234781587078" lon="132.23864788920503"><ele>178.25944709729654</ele></trkpt>
<trkpt lat="33.942373479735586" lon="132.23856768382583"><ele>178.31151225773726</ele></trkpt>
<trkpt lat="33.942443663578594" lon="132.23844932112576"><ele>178.50711234416747</ele></trkpt>
<trkpt lat="33.9425137817024" lon="132.23837766613724"><ele>178.75258611593074</ele></trkpt>
<trkpt lat="33.942636755300306" lon="132.23831641526303"><ele>179.22842704281499</ele></trkpt>
<trkpt lat="33.942691219609685" lon="132.238298673897"><ele>179.4544985320148</ele></trkpt>
<trkpt lat="33.94280715385297" lon="132.23829574541597"><ele>179.92680745197512</ele></trkpt>
<trkpt lat="33.943304999925004" lon="132.23831999977668"><ele>181.8282636927021</ele></trkpt>
<trkpt lat="33.94360667113051" lon="132.2383347154418"><ele>182.1065930123269</ele></trkpt>
<trkpt lat="33.94388490206843" lon="132.23834693378816"><ele>181.89653117615597</ele></trkpt>
<trkpt lat="33.94397988530618" lon="132.23833629109632"><ele>181.5524853950731</ele></trkpt>
<trkpt lat="33.9440986042726" lon="132.23830477135175"><ele>180.86590919730892</ele></trkpt>
<trkpt lat="33.944261944386184" lon="132.23821404137374"><ele>179.60836230117297</ele></trkpt>
<trkpt lat="33.94435874158652" lon="132.23812770179785"><ele>178.79680309674836</ele></trkpt>
<trkpt lat="33.94462111925098" lon="132.2378522017407"><ele>176.48155566842507</ele></trkpt>
<trkpt lat="33.94468676118552" lon="132.23777630412206"><ele>175.97749543341587</ele></trkpt>
<trkpt lat="33.9447492705004" lon="132.23767298966752"><ele>175.4553660137851</ele></trkpt>
<trkpt lat="33.94477501959583" lon="132.23761705639012"><ele>175.22748570829722</ele></trkpt>
<trkpt lat="33.94480616845846" lon="132.23750646961034"><ele>174.82836319124138</ele></trkpt>
<trkpt lat="33.94482268039484" lon="132.23740402169474"><ele>174.41276523076493</ele></trkpt>
<trkpt lat="33.944846774692145" lon="132.23711066194423"><ele>172.63203887267338</ele></trkpt>
<trkpt lat="33.944860773005615" lon="132.2370183008099"><ele>171.9165035214655</ele></trkpt>
<trkpt lat="33.94489132028682" lon="132.23689174051543"><ele>170.87684648430707</ele></trkpt>
<trkpt lat="33.94491287793959" lon="132.2368279813993"><ele>170.3532396057914</ele></trkpt>
<trkpt lat="33.94497868702286" lon="132.23668757817796"><ele>169.29128939269643</ele></trkpt>
<trkpt lat="33.94500448425281" lon="132.23664512411813"><ele>169.0093681660306</ele></trkpt>
<trkpt lat="33.94509685881712" lon="132.23654547781183"><ele>168.37551748742152</ele></trkpt>
<trkpt lat="33.94520224009967" lon="132.23647332918702"><ele>167.91889824911854</ele></trkpt>
<trkpt lat="33.94562659156532" lon="132.236233085952"><ele>166.19127803576382</ele></trkpt>
<trkpt lat="33.94594509247815" lon="132.23612031558685"><ele>164.32266679339807</ele></trkpt>
<trkpt lat="33.94632986977551" lon="132.23606037999082"><ele>162.66231107432384</ele></trkpt>
<trkpt lat="33.94643983675786" lon="132.23603104106698"><ele>162.1088801090961</ele></trkpt>
<trkpt lat="33.94655920176832" lon="132.23597647372614"><ele>161.36371250077943</ele></trkpt>
<trkpt lat="33.946634944079804" lon="132.2359187880168"><ele>160.7864911828758</ele></trkpt>
<trkpt lat="33.9467551717196" lon="132.2357755001669"><ele>159.67497048031984</ele></trkpt>
<trkpt lat="33.946819600884666" lon="132.23563744299673"><ele>158.8255713076356</ele></trkpt>
<trkpt lat="33.94685127559474" lon="132.23555151205528"><ele>158.3005694152476</ele></trkpt>
<trkpt lat="33.94690930570052" lon="132.23536822077372"><ele>157.00492188454226</ele></trkpt>
<trkpt lat="33.946934173135304" lon="132.23530243511553"><ele>156.428583457754</ele></trkpt>
<trkpt lat="33.94699056053199" lon="132.23520074742277"><ele>155.36698999531504</ele></trkpt>
<trkpt lat="33.947062955671534" lon="132.2351129218507"><ele>154.3067261692005</ele></trkpt>
<trkpt lat="33.94732972842835" lon="132.23487468688816"><ele>151.4520862277798</ele></trkpt>
<trkpt lat="33.94746673388989" lon="132.2347517239158"><ele>150.26209244641183</ele></trkpt>
<trkpt lat="33.947619966343304" lon="132.2345799024266"><ele>149.2293860031823</ele></trkpt>
<trkpt lat="33.9479927983878" lon="132.2341477678243"><ele>147.9344459158265</ele></trkpt>
<trkpt lat="33.948268984094774" lon="132.23386323575457"><ele>147.67400749353757</ele></trkpt>
<trkpt lat="33.948347331617825" lon="132.23377699649603"><ele>147.64155562158953</ele></trkpt>
<trkpt lat="33.9484773804291" lon="132.2335772765583"><ele>147.61347957676807</ele></trkpt>
<trkpt lat="33.948516645738394" lon="132.23350754384853"><ele>147.6141359389524</ele></trkpt>
<trkpt lat="33.94856093160417" lon="132.23339881283496"><ele>147.62109515411848</ele></trkpt>
<trkpt lat="33.94862777847002" lon="132.23321694266824"><ele>147.63236868813428</ele></trkpt>
<trkpt lat="33.94866596408071" lon="132.23306670872105"><ele>147.62201968768463</ele></trkpt>
<trkpt lat="33.94869926621638" lon="132.23274447627733"><ele>147.55386742875027</ele></trkpt>
<trkpt lat="33.94868750294476" lon="132.232183333181"><ele>147.49006244160725</ele></trkpt>
<trkpt lat="33.94867096562674" lon="132.23139372755344"><ele>147.21662721555364</ele></trkpt>
<trkpt lat="33.94870108723684" lon="132.23110420184747"><ele>147.13596830009712</ele></trkpt>
<trkpt lat="33.94871364130099" lon="132.23102123365535"><ele>147.10948985329003</ele></trkpt>
<trkpt lat="33.94874861133718" lon="132.23089391494696"><ele>147.05724637000452</ele></trkpt>
<trkpt lat="33.94883092301619" lon="132.23062521072404"><ele>146.9312390410348</ele></trkpt>
<trkpt lat="33.9488629180582" lon="132.23053170666796"><ele>146.89577842159474</ele></trkpt>
<trkpt lat="33.94892674024731" lon="132.23039875206993"><ele>146.85883703732028</ele></trkpt>
<trkpt lat="33.94911583310614" lon="132.23002673448522"><ele>146.79709099960886</ele></trkpt>
<trkpt lat="33.949157197726855" lon="132.22993863936628"><ele>146.77923220747806</ele></trkpt>
<trkpt lat="33.94919227378111" lon="132.22983843212933"><ele>146.75540090111596</ele></trkpt>
<trkpt lat="33.94926977321425" lon="132.22959476816763"><ele>146.67654898453856</ele></trkpt>
<trkpt lat="33.949296659287484" lon="132.22949892205932"><ele>146.63421487495648</ele></trkpt>
<trkpt lat="33.949313170749825" lon="132.22939904877646"><ele>146.5838455272236</ele></trkpt>
<trkpt lat="33.949379830683725" lon="132.22888941276554"><ele>146.25500990886616</ele></trkpt>
<trkpt lat="33.949477775815545" lon="132.22794783580304"><ele>145.56476047197546</ele></trkpt>
<trkpt lat="33.94949078926873" lon="132.22782983089857"><ele>145.44151671452525</ele></trkpt>
<trkpt lat="33.94963926989929" lon="132.22703578674307"><ele>144.22478967923146</ele></trkpt>
<trkpt lat="33.94972636216992" lon="132.22674023453038"><ele>143.84250241353848</ele></trkpt>
<trkpt lat="33.949753439528926" lon="132.2266622063314"><ele>143.75127972012265</ele></trkpt>
<trkpt lat="33.9498694627592" lon="132.22643889088664"><ele>143.4330504302019</ele></trkpt>
<trkpt lat="33.94990534267219" lon="132.2263865039838"><ele>143.33821498280858</ele></trkpt>
<trkpt lat="33.94996501537232" lon="132.22633091348771"><ele>143.20593925681138</ele></trkpt>
<trkpt lat="33.95010162153792" lon="132.22622778448394"><ele>142.9428877087817</ele></trkpt>
<trkpt lat="33.950208226406126" lon="132.22616920855899"><ele>142.7925920396511</ele></trkpt>
<trkpt lat="33.950403392958414" lon="132.2260690449978"><ele>142.54934295394537</ele></trkpt>
<trkpt lat="33.95081653094598" lon="132.22589236543502"><ele>141.70792115002104</ele></trkpt>
<trkpt lat="33.951271032956086" lon="132.22576813232433"><ele>140.6728596591438</ele></trkpt>
<trkpt lat="33.95131607845458" lon="132.22575292847904"><ele>140.59139017152475</ele></trkpt>
<trkpt lat="33.95139679703798" lon="132.2257054546659"><ele>140.45209032146516</ele></trkpt>
<trkpt lat="33.95157118826313" lon="132.2255708765238"><ele>140.11927067097727</ele></trkpt>
<trkpt lat="33.95162838011322" lon="132.22552248344925"><ele>139.93413951440684</ele></trkpt>
<trkpt lat="33.95168401377876" lon="132.22545336783242"><ele>139.64900583726282</ele></trkpt>
<trkpt lat="33.95178113065085" lon="132.22529481312753"><ele>138.95552783726365</ele></trkpt>
<trkpt lat="33.951831121608265" lon="132.2251689114063"><ele>138.56864068569658</ele></trkpt>
<trkpt lat="33.95189838754771" lon="132.22491432675983"><ele>138.11488398252746</ele></trkpt>
<trkpt lat="33.95196802516858" lon="132.2245167511889"><ele>137.26277950622512</ele></trkpt>
<trkpt lat="33.95198233929918" lon="132.22442078671358"><ele>137.0984809224729</ele></trkpt>
<trkpt lat="33.95198290671296" lon="132.22431338118668"><ele>136.93860224691736</ele></trkpt>
<trkpt lat="33.951963488783626" lon="132.22416253208817"><ele>136.69530734211526</ele></trkpt>
<trkpt lat="33.95193584982786" lon="132.22408512939558"><ele>136.533453333486</ele></trkpt>
<trkpt lat="33.95188894381687" lon="132.2239868606581"><ele>136.3030904597239</ele></trkpt>
<trkpt lat="33.951854760431026" lon="132.22393586042668"><ele>136.17568767095915</ele></trkpt>
<trkpt lat="33.95178301763156" lon="132.22385728740534"><ele>135.96026015120086</ele></trkpt>
<trkpt lat="33.951679252432" lon="132.22377985073626"><ele>135.66168239400093</ele></trkpt>
<trkpt lat="33.95138044618006" lon="132.2235936197238"><ele>134.5673155360001</ele></trkpt>
<trkpt lat="33.95128705503541" lon="132.22352052271654"><ele>134.25544220917615</ele></trkpt>
<trkpt lat="33.95121489414256" lon="132.22343687781122"><ele>133.9927441601427</ele></trkpt>
<trkpt lat="33.95116387126336" lon="132.22335954292578"><ele>133.7792857573549</ele></trkpt>
<trkpt lat="33.95111520325726" lon="132.2232573426083"><ele>133.5330784733187</ele></trkpt>
<trkpt lat="33.95109146155241" lon="132.22316988308256"><ele>133.35774727487853</ele></trkpt>
<trkpt lat="33.951068769207716" lon="132.22304970762804"><ele>133.14704705283023</ele></trkpt>
<trkpt lat="33.951066647907055" lon="132.22293534482336"><ele>132.9618249359632</ele></trkpt>
<trkpt lat="33.95110799970797" lon="132.22235927075323"><ele>131.93287885603314</ele></trkpt>
<trkpt lat="33.951097675311125" lon="132.22214658306743"><ele>131.5746639988311</ele></trkpt>
<trkpt lat="33.95107253341377" lon="132.2220530531928"><ele>131.3744648290981</ele></trkpt>
<trkpt lat="33.95101707180279" lon="132.22191682440388"><ele>131.00910985445483</ele></trkpt>
<trkpt lat="33.950979038423206" lon="132.2218522980116"><ele>130.79804088654464</ele></trkpt>
<trkpt lat="33.950887187401214" lon="132.22175234118004"><ele>130.3747550723049</ele></trkpt>
<trkpt lat="33.95081465662308" lon="132.22170091302888"><ele>130.08358181290114</ele></trkpt>
<trkpt lat="33.95067762926148" lon="132.2216467221074"><ele>129.64707664387862</ele></trkpt>
<trkpt lat="33.949955831704166" lon="132.22144233943192"><ele>128.08149373836582</ele></trkpt>
<trkpt lat="33.94970028351234" lon="132.2214168167355"><ele>127.49021775440328</ele></trkpt>
<trkpt lat="33.94963010886359" lon="132.22141438978065"><ele>127.38200007266836</ele></trkpt>
<trkpt lat="33.949524004485575" lon="132.22142768998782"><ele>127.27942421135812</ele></trkpt>
<trkpt lat="33.94920666019798" lon="132.22148201104645"><ele>127.06626937439655</ele></trkpt>
<trkpt lat="33.94869122876556" lon="132.22164859758684"><ele>125.74477840977042</ele></trkpt>
<trkpt lat="33.948214999909126" lon="132.221745834351"><ele>124.96174581985214</ele></trkpt>
<trkpt lat="33.94764566165737" lon="132.22186069629637"><ele>123.80417174125911</ele></trkpt>
<trkpt lat="33.94754793453154" lon="132.22187833593495"><ele>123.6347965143738</ele></trkpt>
<trkpt lat="33.947302803516976" lon="132.22187959186053"><ele>123.31229309439065</ele></trkpt>
<trkpt lat="33.94719320232001" lon="132.2218649059837"><ele>123.1173798842448</ele></trkpt>
<trkpt lat="33.947067881532874" lon="132.22183705831674"><ele>122.85401838744127</ele></trkpt>
<trkpt lat="33.94697653141955" lon="132.22180692539246"><ele>122.67160274028626</ele></trkpt>
<trkpt lat="33.94684283399732" lon="132.22172375653557"><ele>122.43632276032672</ele></trkpt>
<trkpt lat="33.94679296365165" lon="132.22168569314746"><ele>122.35408269155424</ele></trkpt>
<trkpt lat="33.94672443569642" lon="132.22161419139002"><ele>122.22611100162113</ele></trkpt>
<trkpt lat="33.946534960641614" lon="132.22139484490438"><ele>121.76606953463974</ele></trkpt>
<trkpt lat="33.94624351107482" lon="132.22099639013535"><ele>120.57225405157773</ele></trkpt>
<trkpt lat="33.94611682524774" lon="132.2208526798668"><ele>120.05525858907365</ele></trkpt>
<trkpt lat="33.94607834629725" lon="132.22082301679197"><ele>119.90966731234136</ele></trkpt>
<trkpt lat="33.94599922878437" lon="132.2207818663536"><ele>119.6366136945618</ele></trkpt>
<trkpt lat="33.94585958392672" lon="132.2207441820583"><ele>119.22836099488984</ele></trkpt>
<trkpt lat="33.945700241238335" lon="132.22074008230126"><ele>118.8194183794463</ele></trkpt>
<trkpt lat="33.94561067827376" lon="132.22074517097508"><ele>118.62400534239154</ele></trkpt>
<trkpt lat="33.94548086120687" lon="132.2207814423758"><ele>118.3981758613342</ele></trkpt>
<trkpt lat="33.94541302512285" lon="132.22081013020448"><ele>118.28290608892942</ele></trkpt>
<trkpt lat="33.94526517603138" lon="132.22088758090973"><ele>117.98612529939693</ele></trkpt>
<trkpt lat="33.94496726429745" lon="132.221060868684"><ele>117.35938967766876</ele></trkpt>
<trkpt lat="33.94436387031038" lon="132.22135778515465"><ele>116.07827886755828</ele></trkpt>
<trkpt lat="33.94413533620662" lon="132.2214501705565"><ele>115.44973237277361</ele></trkpt>
<trkpt lat="33.943499829202864" lon="132.22157986037897"><ele>114.73462098104122</ele></trkpt>
<trkpt lat="33.9430376020009" lon="132.22166544331043"><ele>114.02473172925218</ele></trkpt>
<trkpt lat="33.94290830556756" lon="132.22170016537967"><ele>113.80198988317692</ele></trkpt>
<trkpt lat="33.94277688965654" lon="132.22175765532396"><ele>113.6365997063161</ele></trkpt>
<trkpt lat="33.94256898456345" lon="132.22188265998471"><ele>113.48398764464106</ele></trkpt>
<trkpt lat="33.94249593827929" lon="132.22194333150546"><ele>113.39310271697445</ele></trkpt>
<trkpt lat="33.941985137046274" lon="132.22238009593474"><ele>112.43161704511483</ele></trkpt>
<trkpt lat="33.941878516147696" lon="132.22246670830864"><ele>112.23323126854149</ele></trkpt>
<trkpt lat="33.941788492420386" lon="132.22252113409505"><ele>112.08501800099891</ele></trkpt>
<trkpt lat="33.941668479313165" lon="132.22256698155772"><ele>111.92266969569269</ele></trkpt>
<trkpt lat="33.94150646124587" lon="132.22259157226074"><ele>111.74384931263705</ele></trkpt>
<trkpt lat="33.941460474207766" lon="132.2225927749548"><ele>111.69212329419679</ele></trkpt>
<trkpt lat="33.94137964307087" lon="132.2225781474427"><ele>111.590251785037</ele></trkpt>
<trkpt lat="33.94122653033473" lon="132.22253423530353"><ele>111.33467489328241</ele></trkpt>
<trkpt lat="33.941142334444656" lon="132.2224875505737"><ele>111.14354814814595</ele></trkpt>
<trkpt lat="33.94101710711595" lon="132.2223948154262"><ele>110.84630968923841</ele></trkpt>
<trkpt lat="33.940943024542605" lon="132.22230791627385"><ele>110.70611579284018</ele></trkpt>
<trkpt lat="33.940812241664375" lon="132.2220913719817"><ele>110.57422871118973</ele></trkpt>
<trkpt lat="33.94076363708637" lon="132.2219861794901"><ele>110.51138886394402</ele></trkpt>
<trkpt lat="33.940383207388685" lon="132.22113485720223"><ele>109.80453987269212</ele></trkpt>
<trkpt lat="33.94030347383398" lon="132.22099638802032"><ele>109.5961838623911</ele></trkpt>
<trkpt lat="33.94010871656728" lon="132.2207317672181"><ele>108.92438486360815</ele></trkpt>
<trkpt lat="33.93999292826228" lon="132.22061447794047"><ele>108.54183718225961</ele></trkpt>
<trkpt lat="33.939905075670524" lon="132.22054594995708"><ele>108.32566995740345</ele></trkpt>
<trkpt lat="33.93940000087079" lon="132.22016499686112"><ele>107.47012928255651</ele></trkpt>
<trkpt lat="33.93889438970678" lon="132.21978364800572"><ele>106.1511360023534</ele></trkpt>
<trkpt lat="33.938808905903315" lon="132.21972059780515"><ele>105.82499676713971</ele></trkpt>
<trkpt lat="33.93862855094957" lon="132.21961844568662"><ele>104.84877485679736</ele></trkpt>
<trkpt lat="33.93850018835095" lon="132.21955562912564"><ele>104.01131626784726</ele></trkpt>
<trkpt lat="33.93843925624901" lon="132.2195346398116"><ele>103.63825906335462</ele></trkpt>
<trkpt lat="33.93826977574276" lon="132.21950896093787"><ele>102.71382241987308</ele></trkpt>
<trkpt lat="33.938129929872716" lon="132.21951054314945"><ele>101.864583767036</ele></trkpt>
<trkpt lat="33.937853926378885" lon="132.2195520634783"><ele>99.51879790156248</ele></trkpt>
<trkpt lat="33.93753841430207" lon="132.21964938537363"><ele>97.26711147329473</ele></trkpt>
<trkpt lat="33.93743184885498" lon="132.21970313259737"><ele>96.6257279560772</ele></trkpt>
<trkpt lat="33.93724251600447" lon="132.21985988749535"><ele>95.3578430054464</ele></trkpt>
<trkpt lat="33.93697348564763" lon="132.22014436814467"><ele>92.51384921508472</ele></trkpt>
<trkpt lat="33.9368496309565" lon="132.22025411015056"><ele>91.63851044711362</ele></trkpt>
<trkpt lat="33.93677700151247" lon="132.22030046779597"><ele>91.32815182688407</ele></trkpt>
<trkpt lat="33.936678601000246" lon="132.2203354433248"><ele>91.07605064479057</ele></trkpt>
<trkpt lat="33.93652739325919" lon="132.22035356449018"><ele>90.97484248067057</ele></trkpt>
<trkpt lat="33.93647093051499" lon="132.2203514287782"><ele>91.02190092641078</ele></trkpt>
<trkpt lat="33.936397245862544" lon="132.22032952184773"><ele>91.15410700929569</ele></trkpt>
<trkpt lat="33.93627195661451" lon="132.22027791756813"><ele>91.52533856672484</ele></trkpt>
<trkpt lat="33.93618474897764" lon="132.22023131043395"><ele>91.85058023986791</ele></trkpt>
<trkpt lat="33.93613476371893" lon="132.2201801208894"><ele>92.08208265015239</ele></trkpt>
<trkpt lat="33.936016533412555" lon="132.22002620959015"><ele>92.67164813515281</ele></trkpt>
<trkpt lat="33.93598425139767" lon="132.21997627537698"><ele>92.83075901239773</ele></trkpt>
<trkpt lat="33.935946055331335" lon="132.21989346148624"><ele>93.04547417381754</ele></trkpt>
<trkpt lat="33.935729923616464" lon="132.21934617544278"><ele>94.10643585393105</ele></trkpt>
<trkpt lat="33.935650081720475" lon="132.21914381915653"><ele>94.13806413162963</ele></trkpt>
<trkpt lat="33.93541878908042" lon="132.2185554988135"><ele>93.08547142765782</ele></trkpt>
<trkpt lat="33.93537752954765" lon="132.21840137027087"><ele>92.60987187671728</ele></trkpt>
<trkpt lat="33.93536470331286" lon="132.2182626441768"><ele>92.16023509132047</ele></trkpt>
<trkpt lat="33.93537438156713" lon="132.21810211887143"><ele>91.65555106670251</ele></trkpt>
<trkpt lat="33.93538742580559" lon="132.21801273549508"><ele>91.35778647851579</ele></trkpt>
<trkpt lat="33.93541690888012" lon="132.2179334426376"><ele>91.06187791085769</ele></trkpt>
<trkpt lat="33.93548185723162" lon="132.2177999053084"><ele>90.55136608655118</ele></trkpt>
<trkpt lat="33.935649028620446" lon="132.21751829082575"><ele>89.80656341583563</ele></trkpt>
<trkpt lat="33.93576849910987" lon="132.21723003267837"><ele>89.63180875527681</ele></trkpt>
<trkpt lat="33.93579860904637" lon="132.2171241423949"><ele>89.65342191489452</ele></trkpt>
<trkpt lat="33.935940794616705" lon="132.21659795321233"><ele>90.03719511759941</ele></trkpt>
<trkpt lat="33.93596978706325" lon="132.2164808240057"><ele>90.25182535252657</ele></trkpt>
<trkpt lat="33.9360022460205" lon="132.21624199732034"><ele>90.9971466193199</ele></trkpt>
<trkpt lat="33.93600673339421" lon="132.21615383072043"><ele>91.37213265211967</ele></trkpt>
<trkpt lat="33.935995342107965" lon="132.21601060785227"><ele>92.06117642866701</ele></trkpt>
<trkpt lat="33.93596595351057" lon="132.215931898451"><ele>92.4968986573123</ele></trkpt>
<trkpt lat="33.93590172719067" lon="132.21581793600268"><ele>93.17758919743012</ele></trkpt>
<trkpt lat="33.9358648273235" lon="132.21576658823574"><ele>93.49248455690044</ele></trkpt>
<trkpt lat="33.93580415838956" lon="132.21571255431203"><ele>93.87810497255336</ele></trkpt>
<trkpt lat="33.93565451177785" lon="132.21560496930653"><ele>94.57342603572454</ele></trkpt>
<trkpt lat="33.93556862082885" lon="132.21555535214955"><ele>94.84101318661017</ele></trkpt>
<trkpt lat="33.93521727098165" lon="132.21536252872434"><ele>95.52105980614307</ele></trkpt>
<trkpt lat="33.93513827004166" lon="132.21532332830537"><ele>95.65337118153671</ele></trkpt>
<trkpt lat="33.93502667205657" lon="132.2152872681774"><ele>95.85116164980712</ele></trkpt>
<trkpt lat="33.934969775240674" lon="132.2152759378724"><ele>95.96668747115808</ele></trkpt>
<trkpt lat="33.93483415881883" lon="132.21527961953586"><ele>96.3011507613148</ele></trkpt>
<trkpt lat="33.93477198171655" lon="132.2152925699494"><ele>96.4853729229104</ele></trkpt>
<trkpt lat="33.934463290511104" lon="132.2154061132828"><ele>97.7548501068916</ele></trkpt>
<trkpt lat="33.93439384470054" lon="132.21542281956695"><ele>98.15637234294232</ele></trkpt>
<trkpt lat="33.93428589996771" lon="132.2154345464009"><ele>98.80607586125079</ele></trkpt>
<trkpt lat="33.9342252945693" lon="132.2154333750931"><ele>99.14021755858673</ele></trkpt>
<trkpt lat="33.93407920291038" lon="132.21540778987"><ele>99.76971611217208</ele></trkpt>
<trkpt lat="33.93396799558221" lon="132.2153598606998"><ele>100.12384840727107</ele></trkpt>
<trkpt lat="33.933784732422076" lon="132.21524216774023"><ele>100.44502063956311</ele></trkpt>
<trkpt lat="33.93350605237544" lon="132.2150207216176"><ele>99.8427589105136</ele></trkpt>
<trkpt lat="33.93341535029073" lon="132.21493583134082"><ele>99.37296366649367</ele></trkpt>
<trkpt lat="33.9333184368575" lon="132.21480071782827"><ele>98.58277658397213</ele></trkpt>
<trkpt lat="33.93325836978074" lon="132.2146539459642"><ele>97.82326623642587</ele></trkpt>
<trkpt lat="33.93323746466007" lon="132.2145685310481"><ele>97.41010681202529</ele></trkpt>
<trkpt lat="33.93323627683982" lon="132.21442614914943"><ele>96.73685719987976</ele></trkpt>
<trkpt lat="33.933251231812996" lon="132.21431548893884"><ele>96.19646076475038</ele></trkpt>
<trkpt lat="33.93330088370058" lon="132.21418828407323"><ele>95.46432663291989</ele></trkpt>
<trkpt lat="33.933338094160334" lon="132.2141219062276"><ele>95.00321257336007</ele></trkpt>
<trkpt lat="33.933403682884325" lon="132.2140460387554"><ele>94.37111406830545</ele></trkpt>
<trkpt lat="33.9334638167826" lon="132.21400352435478"><ele>93.94521971544661</ele></trkpt>
<trkpt lat="33.9335827021669" lon="132.21393591965392"><ele>93.31847250270425</ele></trkpt>
<trkpt lat="33.93368192523109" lon="132.21389557470124"><ele>92.89142969276998</ele></trkpt>
<trkpt lat="33.934063247209124" lon="132.21375245443843"><ele>91.32548931413909</ele></trkpt>
<trkpt lat="33.93414783483387" lon="132.2137154556999"><ele>91.07667429046023</ele></trkpt>
<trkpt lat="33.93427742731023" lon="132.21362287550383"><ele>90.87001018021182</ele></trkpt>
<trkpt lat="33.93432671626826" lon="132.21357686444168"><ele>90.87399084560585</ele></trkpt>
<trkpt lat="33.93443039805254" lon="132.21344986123793"><ele>91.07563660127549</ele></trkpt>
<trkpt lat="33.93446302307659" lon="132.213394342732"><ele>91.21197894054896</ele></trkpt>
<trkpt lat="33.93455319133905" lon="132.21319144595168"><ele>91.80318539581408</ele></trkpt>
<trkpt lat="33.93464366752768" lon="132.2130464454222"><ele>92.28823627666615</ele></trkpt>
<trkpt lat="33.93469533831562" lon="132.2129914963257"><ele>92.49611474221423</ele></trkpt>
<trkpt lat="33.934737692740924" lon="132.21296597067982"><ele>92.63239191994484</ele></trkpt>
<trkpt lat="33.934829436672516" lon="132.21292968419579"><ele>92.89219487908782</ele></trkpt>
<trkpt lat="33.93489251941103" lon="132.21291945701063"><ele>93.04828503566932</ele></trkpt>
<trkpt lat="33.935194312739675" lon="132.21290790178682"><ele>93.85309205187986</ele></trkpt>
<trkpt lat="33.9353682465356" lon="132.21288255554816"><ele>94.39730874519356</ele></trkpt>
<trkpt lat="33.93542773906773" lon="132.21286521114294"><ele>94.63520409968008</ele></trkpt>
<trkpt lat="33.93565667250247" lon="132.2127606100549"><ele>95.74386042859369</ele></trkpt>
<trkpt lat="33.936155709645845" lon="132.21247793699683"><ele>98.04098314138093</ele></trkpt>
<trkpt lat="33.93624395592257" lon="132.21242463364848"><ele>98.38347053066126</ele></trkpt>
<trkpt lat="33.93640997540553" lon="132.21229035097886"><ele>99.0133654036758</ele></trkpt>
<trkpt lat="33.936503168156726" lon="132.21218966913887"><ele>99.52782676698406</ele></trkpt>
<trkpt lat="33.93658835876998" lon="132.21206844481085"><ele>100.11649751024957</ele></trkpt>
<trkpt lat="33.93662630736898" lon="132.21200490262294"><ele>100.36820071542971</ele></trkpt>
<trkpt lat="33.93709590379904" lon="132.21116744670388"><ele>102.64575187815447</ele></trkpt>
<trkpt lat="33.93726687045176" lon="132.21089740707302"><ele>103.61581927372603</ele></trkpt>
<trkpt lat="33.937306926518936" lon="132.21082773860292"><ele>103.83585383937347</ele></trkpt>
<trkpt lat="33.937355668736664" lon="132.21071356623537"><ele>104.16656602580564</ele></trkpt>
<trkpt lat="33.93759032565296" lon="132.2101173136616"><ele>105.84331308949601</ele></trkpt>
<trkpt lat="33.93761895381286" lon="132.21006067826394"><ele>106.01886943854035</ele></trkpt>
<trkpt lat="33.937670842146346" lon="132.21000426590234"><ele>106.24451595615024</ele></trkpt>
<trkpt lat="33.93777199644531" lon="132.20993538086233"><ele>106.59898745874706</ele></trkpt>
<trkpt lat="33.937898865038676" lon="132.20989081863326"><ele>107.01070197346418</ele></trkpt>
<trkpt lat="33.9379459028845" lon="132.20988612027827"><ele>107.18765050928187</ele></trkpt>
<trkpt lat="33.93804838567478" lon="132.2098952384167"><ele>107.64416775758187</ele></trkpt>
<trkpt lat="33.93814837745599" lon="132.2099265964733"><ele>108.13865092619176</ele></trkpt>
<trkpt lat="33.93824616234156" lon="132.20997598003274"><ele>108.56033349042517</ele></trkpt>
<trkpt lat="33.938417010719235" lon="132.21003835485004"><ele>108.97087278569566</ele></trkpt>
<trkpt lat="33.93848054774997" lon="132.2100517364545"><ele>109.08417741694971</ele></trkpt>
<trkpt lat="33.938560012093006" lon="132.2100477111078"><ele>109.25203859406838</ele></trkpt>
<trkpt lat="33.93863946487423" lon="132.21003411547517"><ele>109.47139628489121</ele></trkpt>
<trkpt lat="33.93872186283301" lon="132.20999974737717"><ele>109.76293602175413</ele></trkpt>
<trkpt lat="33.93880648420555" lon="132.20994306085458"><ele>110.11542814648436</ele></trkpt>
<trkpt lat="33.93890092089394" lon="132.209856131706"><ele>110.52630880829551</ele></trkpt>
<trkpt lat="33.939101161050964" lon="132.2095885394911"><ele>111.27606339329391</ele></trkpt>
<trkpt lat="33.939195864535584" lon="132.20949965257157"><ele>111.46112715999335</ele></trkpt>
<trkpt lat="33.93969020090536" lon="132.20910549337282"><ele>112.0202422444086</ele></trkpt>
<trkpt lat="33.93977199896271" lon="132.2090329026489"><ele>112.12948715504366</ele></trkpt>
<trkpt lat="33.93985153014645" lon="132.20893971529154"><ele>112.27225843088162</ele></trkpt>
<trkpt lat="33.93988418339769" lon="132.2088836852908"><ele>112.35147108654871</ele></trkpt>
<trkpt lat="33.939916944442444" lon="132.20879104899404"><ele>112.46359355201231</ele></trkpt>
<trkpt lat="33.939938777257225" lon="132.2086647166215"><ele>112.58074688982298</ele></trkpt>
<trkpt lat="33.9399359857514" lon="132.20846690183845"><ele>112.71042056050747</ele></trkpt>
<trkpt lat="33.939914387277135" lon="132.20819055239974"><ele>112.90033686260304</ele></trkpt>
<trkpt lat="33.93992205268471" lon="132.20808733302965"><ele>112.98090032790549</ele></trkpt>
<trkpt lat="33.93994338929139" lon="132.20799023192092"><ele>113.0796563692368</ele></trkpt>
<trkpt lat="33.93998021893123" lon="132.20790475135837"><ele>113.20031142274881</ele></trkpt>
<trkpt lat="33.94003604975772" lon="132.2078128567637"><ele>113.36842872062697</ele></trkpt>
<trkpt lat="33.94008272535561" lon="132.2077661320918"><ele>113.48166704530793</ele></trkpt>
<trkpt lat="33.94017203965998" lon="132.20769519937937"><ele>113.67629402987303</ele></trkpt>
<trkpt lat="33.94022666030699" lon="132.20766565940275"><ele>113.77861826953276</ele></trkpt>
<trkpt lat="33.94067987162611" lon="132.20746518463352"><ele>114.55923128988366</ele></trkpt>
<trkpt lat="33.94075948479264" lon="132.20742578427405"><ele>114.67777498381835</ele></trkpt>
<trkpt lat="33.94082382631081" lon="132.2073828097513"><ele>114.7750617981002</ele></trkpt>
<trkpt lat="33.9409297181297" lon="132.2073000893912"><ele>114.93963637127503</ele></trkpt>
<trkpt lat="33.940970729102084" lon="132.20725230366824"><ele>115.01421124954275</ele></trkpt>
<trkpt lat="33.94101558864152" lon="132.20718184467702"><ele>115.1056680382859</ele></trkpt>
<trkpt lat="33.94106308939077" lon="132.20707285768043"><ele>115.21120661897648</ele></trkpt>
<trkpt lat="33.94108815860116" lon="132.20693102339283"><ele>115.30398197426429</ele></trkpt>
<trkpt lat="33.94109552032148" lon="132.20680401127677"><ele>115.39009799978867</ele></trkpt>
<trkpt lat="33.94108412842596" lon="132.20660051472439"><ele>115.57803665722955</ele></trkpt>
<trkpt lat="33.94108715265295" lon="132.20648982220288"><ele>115.69416019391457</ele></trkpt>
<trkpt lat="33.941101148139325" lon="132.2063640663407"><ele>115.8353692262925</ele></trkpt>
<trkpt lat="33.94111765937831" lon="132.20628355180455"><ele>115.93532925686411</ele></trkpt>
<trkpt lat="33.94116038163498" lon="132.20619187283833"><ele>116.070291078073</ele></trkpt>
<trkpt lat="33.94145558020489" lon="132.2056715204114"><ele>117.01408147588694</ele></trkpt>
<trkpt lat="33.941496216225026" lon="132.20558263813626"><ele>117.14153161675709</ele></trkpt>
<trkpt lat="33.94157691500127" lon="132.20534881501544"><ele>117.4163049163713</ele></trkpt>
<trkpt lat="33.941606850492924" lon="132.20519847787673"><ele>117.56332265286976</ele></trkpt>
<trkpt lat="33.94170036738554" lon="132.20467104767664"><ele>118.07098274748448</ele></trkpt>
<trkpt lat="33.941724045710956" lon="132.20455142301313"><ele>118.18530208379869</ele></trkpt>
<trkpt lat="33.941791317913484" lon="132.20433447993636"><ele>118.39772553983083</ele></trkpt>
<trkpt lat="33.94182309955228" lon="132.20426502107122"><ele>118.47334109202396</ele></trkpt>
<trkpt lat="33.941889372320766" lon="132.2041579208932"><ele>118.59348611633541</ele></trkpt>
<trkpt lat="33.94193123038596" lon="132.20411101422476"><ele>118.64875510771681</ele></trkpt>
<trkpt lat="33.94200395724129" lon="132.20405815817995"><ele>118.727990348898</ele></trkpt>
<trkpt lat="33.942100505627856" lon="132.2040158685612"><ele>118.84214922554214</ele></trkpt>
<trkpt lat="33.94222014608898" lon="132.20399698337144"><ele>119.02793821774743</ele></trkpt>
<trkpt lat="33.942309896713766" lon="132.20399500397843"><ele>119.20000580620098</ele></trkpt>
<trkpt lat="33.94245993364496" lon="132.2040051945911"><ele>119.51829287903277</ele></trkpt>
<trkpt lat="33.94255161292785" lon="132.20399345031643"><ele>119.71346212134901</ele></trkpt>
<trkpt lat="33.942663613372225" lon="132.2039636668713"><ele>119.93740493660978</ele></trkpt>
<trkpt lat="33.942750337656086" lon="132.20391984098754"><ele>120.09650122325644</ele></trkpt>
<trkpt lat="33.942856895156474" lon="132.20382653474718"><ele>120.27329869702724</ele></trkpt>
<trkpt lat="33.94291613747777" lon="132.20376594257627"><ele>120.35555329933955</ele></trkpt>
<trkpt lat="33.9429520426632" lon="132.2037164121637"><ele>120.40605670113054</ele></trkpt>
<trkpt lat="33.94307812351404" lon="132.20351039675316"><ele>120.59807785635871</ele></trkpt>
<trkpt lat="33.94312236466775" lon="132.20341077898894"><ele>120.70752346576225</ele></trkpt>
<trkpt lat="33.943186459854985" lon="132.20316907204682"><ele>120.9347246835545</ele></trkpt>
<trkpt lat="33.94319734664899" lon="132.20308561045434"><ele>120.96306836095947</ele></trkpt>
<trkpt lat="33.9432412622759" lon="132.20261128758372"><ele>120.68151288638151</ele></trkpt>
<trkpt lat="33.94329323160967" lon="132.20235237829291"><ele>120.19981528805137</ele></trkpt>
<trkpt lat="33.94334112474941" lon="132.2021938954852"><ele>119.89511137843802</ele></trkpt>
<trkpt lat="33.94344049396465" lon="132.2019504385143"><ele>119.55536164504122</ele></trkpt>
<trkpt lat="33.943538620725334" lon="132.20174494395224"><ele>119.39720541823357</ele></trkpt>
<trkpt lat="33.94362653568533" lon="132.20158040199962"><ele>119.28414624113907</ele></trkpt>
<trkpt lat="33.94366940747709" lon="132.20148221501282"><ele>119.18113704352976</ele></trkpt>
<trkpt lat="33.94372907787723" lon="132.20130839488428"><ele>118.92081155301878</ele></trkpt>
<trkpt lat="33.94375392371136" lon="132.20118642684739"><ele>118.71011343845878</ele></trkpt>
<trkpt lat="33.943780065216586" lon="132.200832379626"><ele>118.02574305123177</ele></trkpt>
<trkpt lat="33.9437977051162" lon="132.19991810807485"><ele>116.6174114324032</ele></trkpt>
<trkpt lat="33.94379768857713" lon="132.19978951546395"><ele>116.47727152054867</ele></trkpt>
<trkpt lat="33.94378151852544" lon="132.1996222027991"><ele>116.36789821665364</ele></trkpt>
<trkpt lat="33.943764196061906" lon="132.19951215182854"><ele>116.31741920400005</ele></trkpt>
<trkpt lat="33.943737580646996" lon="132.19943450417415"><ele>116.27737511448966</ele></trkpt>
<trkpt lat="33.94362955667836" lon="132.1991804841242"><ele>116.03120309175192</ele></trkpt>
<trkpt lat="33.94338636458327" lon="132.19872591858268"><ele>115.00409378658611</ele></trkpt>
<trkpt lat="33.9433464859201" lon="132.19863688539365"><ele>114.83295025946306</ele></trkpt>
<trkpt lat="33.94332700952353" lon="132.19854963120392"><ele>114.6962078334658</ele></trkpt>
<trkpt lat="33.94329868145356" lon="132.19833876975747"><ele>114.43253869733236</ele></trkpt>
<trkpt lat="33.94330128589551" lon="132.1982787304267"><ele>114.36902173361761</ele></trkpt>
<trkpt lat="33.94333481881688" lon="132.19814749573993"><ele>114.23785032932658</ele></trkpt>
<trkpt lat="33.94336643093959" lon="132.19806470936393"><ele>114.16304650891439</ele></trkpt>
<trkpt lat="33.94343233319591" lon="132.19797059683938"><ele>114.07938440364202</ele></trkpt>
<trkpt lat="33.943484504998366" lon="132.19791863850767"><ele>114.03446352044327</ele></trkpt>
<trkpt lat="33.943599600353764" lon="132.19786218149338"><ele>113.9678153674146</ele></trkpt>
<trkpt lat="33.9441431804533" lon="132.19764472709204"><ele>113.70708804438864</ele></trkpt>
<trkpt lat="33.94424619407855" lon="132.1976019450896"><ele>113.66667311538421</ele></trkpt>
<trkpt lat="33.94430544282439" lon="132.19756838091197"><ele>113.64445060140224</ele></trkpt>
<trkpt lat="33.944407137867394" lon="132.1974858416449"><ele>113.60349207595162</ele></trkpt>
<trkpt lat="33.94447118367535" lon="132.1974093658669"><ele>113.57230142415737</ele></trkpt>
<trkpt lat="33.94460154542953" lon="132.19723287699628"><ele>113.52519837761491</ele></trkpt>
<trkpt lat="33.9446746287542" lon="132.19710281851124"><ele>113.54702488609527</ele></trkpt>
<trkpt lat="33.944715552019865" lon="132.19701695077651"><ele>113.58735358509463</ele></trkpt>
<trkpt lat="33.94474619269861" lon="132.19688648902152"><ele>113.6615103964256</ele></trkpt>
<trkpt lat="33.94474563933546" lon="132.19678588051175"><ele>113.72222672821917</ele></trkpt>
<trkpt lat="33.94471482908883" lon="132.19671219204986"><ele>113.77837095585245</ele></trkpt>
<trkpt lat="33.9446426988036" lon="132.19667605131497"><ele>113.85478035595754</ele></trkpt>
<trkpt lat="33.94449458708819" lon="132.19665162227588"><ele>114.05281461935249</ele></trkpt>
<trkpt lat="33.94431185397624" lon="132.1966075034097"><ele>114.38744109487766</ele></trkpt>
<trkpt lat="33.94420840263981" lon="132.19658865118768"><ele>114.59611578093111</ele></trkpt>
<trkpt lat="33.944110357507604" lon="132.1965852412883"><ele>114.83731685177524</ele></trkpt>
<trkpt lat="33.94404196913081" lon="132.19659633572283"><ele>115.04830660311245</ele></trkpt>
<trkpt lat="33.943941147183494" lon="132.19662431924797"><ele>115.4189620428562</ele></trkpt>
<trkpt lat="33.94387558388008" lon="132.19665443872822"><ele>115.6894769640236</ele></trkpt>
<trkpt lat="33.943295393396795" lon="132.19696204065028"><ele>118.29499468682653</ele></trkpt>
<trkpt lat="33.94253456394174" lon="132.19736599870606"><ele>121.1151333609643</ele></trkpt>
<trkpt lat="33.94247188781621" lon="132.197403922516"><ele>121.32481835463231</ele></trkpt>
<trkpt lat="33.94238435201508" lon="132.19747636986293"><ele>121.62842808546377</ele></trkpt>
<trkpt lat="33.94201001931923" lon="132.1978094108865"><ele>122.993302496361</ele></trkpt>
<trkpt lat="33.941632600265365" lon="132.1981169463793"><ele>124.93663928366254</ele></trkpt>
<trkpt lat="33.94133313553478" lon="132.1983018196502"><ele>126.23188083553201</ele></trkpt>
<trkpt lat="33.941042491073354" lon="132.19842128238244"><ele>127.42056091949165</ele></trkpt>
<trkpt lat="33.94093007887532" lon="132.19844388335628"><ele>128.02344535773943</ele></trkpt>
<trkpt lat="33.940875705267224" lon="132.19844086884723"><ele>128.30352657636462</ele></trkpt>
<trkpt lat="33.94080252856136" lon="132.19840675387067"><ele>128.6568890939372</ele></trkpt>
<trkpt lat="33.940717922756896" lon="132.19833157311723"><ele>129.04356905337917</ele></trkpt>
<trkpt lat="33.9406716065769" lon="132.1982361702329"><ele>129.3652729292637</ele></trkpt>
<trkpt lat="33.94058359200558" lon="132.19800665522692"><ele>130.08098508913216</ele></trkpt>
<trkpt lat="33.94052689843798" lon="132.1979035136124"><ele>130.30705042074115</ele></trkpt>
<trkpt lat="33.94046511054934" lon="132.19783698456146"><ele>130.41989585892935</ele></trkpt>
<trkpt lat="33.940381198996064" lon="132.19780221459493"><ele>130.50293858540562</ele></trkpt>
<trkpt lat="33.94031135691775" lon="132.19779526158982"><ele>130.55859931032774</ele></trkpt>
<trkpt lat="33.94023046242002" lon="132.1978051563761"><ele>130.61646063092553</ele></trkpt>
<trkpt lat="33.94014396534208" lon="132.19783459465881"><ele>130.66710409105949</ele></trkpt>
<trkpt lat="33.94004403526887" lon="132.19790150509047"><ele>130.7103295816531</ele></trkpt>
<trkpt lat="33.93969166080235" lon="132.19822104240336"><ele>130.82525879820858</ele></trkpt>
<trkpt lat="33.93961913079442" lon="132.19827115772424"><ele>130.83718898041835</ele></trkpt>
<trkpt lat="33.939559113562424" lon="132.19829529014646"><ele>130.84242582411653</ele></trkpt>
<trkpt lat="33.939454390383816" lon="132.19831546169587"><ele>130.84530103896418</ele></trkpt>
<trkpt lat="33.939012521714446" lon="132.19838029724485"><ele>130.85259852695313</ele></trkpt>
<trkpt lat="33.93885192855502" lon="132.1984020700405"><ele>130.97349360178896</ele></trkpt>
<trkpt lat="33.938746472243515" lon="132.19838931861858"><ele>131.20674460971682</ele></trkpt>
<trkpt lat="33.9386168879572" lon="132.1983459866544"><ele>131.78844672495072</ele></trkpt>
<trkpt lat="33.93851338500663" lon="132.19829312510845"><ele>132.54209236434284</ele></trkpt>
<trkpt lat="33.93823137375215" lon="132.19814286908334"><ele>135.04024752435976</ele></trkpt>
<trkpt lat="33.938138389956634" lon="132.1981015329174"><ele>135.87192261306697</ele></trkpt>
<trkpt lat="33.93800988478296" lon="132.19807193935142"><ele>137.08940315326893</ele></trkpt>
<trkpt lat="33.93795010374949" lon="132.19807243105816"><ele>137.71648373097597</ele></trkpt>
<trkpt lat="33.9378813295481" lon="132.19808599013285"><ele>138.48159847977882</ele></trkpt>
<trkpt lat="33.93770619070072" lon="132.19815275094942"><ele>140.38741291356618</ele></trkpt>
<trkpt lat="33.93759821099968" lon="132.19822897545524"><ele>141.3965512726838</ele></trkpt>
<trkpt lat="33.93754060979673" lon="132.1982907793389"><ele>141.89066202319083</ele></trkpt>
<trkpt lat="33.93748525893607" lon="132.1983738746517"><ele>142.3508000512618</ele></trkpt>
<trkpt lat="33.93745455013135" lon="132.1984477605166"><ele>142.6186589478578</ele></trkpt>
<trkpt lat="33.93741138273467" lon="132.19859754777968"><ele>142.86696092842485</ele></trkpt>
<trkpt lat="33.937343692696025" lon="132.19895012639486"><ele>142.48435562440275</ele></trkpt>
<trkpt lat="33.937234745101314" lon="132.19952135986804"><ele>141.3881111416747</ele></trkpt>
<trkpt lat="33.93705062229548" lon="132.20049100183746"><ele>138.71778348690827</ele></trkpt>
<trkpt lat="33.936998572693376" lon="132.20091285746037"><ele>137.7934383090441</ele></trkpt>
<trkpt lat="33.93695937829118" lon="132.201228406789"><ele>136.818214109695</ele></trkpt>
<trkpt lat="33.93689333465386" lon="132.2015600006433"><ele>134.68299970110314</ele></trkpt>
<trkpt lat="33.936760744760655" lon="132.20221863753332"><ele>129.80832359320436</ele></trkpt>
<trkpt lat="33.93669000271261" lon="132.20269333433205"><ele>126.49778448465928</ele></trkpt>
<trkpt lat="33.93665489758728" lon="132.2029307079692"><ele>125.16771496740093</ele></trkpt>
<trkpt lat="33.93662097083139" lon="132.20316011958914"><ele>124.52157353164779</ele></trkpt>
<trkpt lat="33.93656202774252" lon="132.20355614168548"><ele>124.01423424206851</ele></trkpt>
<trkpt lat="33.93655125839698" lon="132.20361099463148"><ele>123.99316138746684</ele></trkpt>
<trkpt lat="33.93651984763744" lon="132.20369864136933"><ele>123.99736162576917</ele></trkpt>
<trkpt lat="33.93646586029726" lon="132.2038071000827"><ele>124.05734341755178</ele></trkpt>
<trkpt lat="33.936412542549775" lon="132.20388558088243"><ele>124.10866450275535</ele></trkpt>
<trkpt lat="33.93636033360565" lon="132.2039294418962"><ele>124.12850306826391</ele></trkpt>
<trkpt lat="33.93625212474816" lon="132.2039918775497"><ele>124.10664193643505</ele></trkpt>
<trkpt lat="33.93570944395215" lon="132.2042478351025"><ele>123.52852712636424</ele></trkpt>
<trkpt lat="33.93554044059825" lon="132.20432978012283"><ele>122.90108698393135</ele></trkpt>
<trkpt lat="33.935263480048455" lon="132.20447282068844"><ele>121.15988448558568</ele></trkpt>
<trkpt lat="33.93496685159871" lon="132.20465661225708"><ele>119.03755931486917</ele></trkpt>
<trkpt lat="33.93477776120204" lon="132.20475117719994"><ele>117.29710020667943</ele></trkpt>
<trkpt lat="33.93464262694477" lon="132.20479090310414"><ele>116.09438047361989</ele></trkpt>
<trkpt lat="33.93457253028132" lon="132.20479616878188"><ele>115.47819744915114</ele></trkpt>
<trkpt lat="33.934460458555506" lon="132.2047851002956"><ele>114.40034133318433</ele></trkpt>
<trkpt lat="33.93439681243843" lon="132.20476639969854"><ele>113.71951708968923</ele></trkpt>
<trkpt lat="33.934270983561014" lon="132.20471692051225"><ele>112.33620037689752</ele></trkpt>
<trkpt lat="33.93421156140851" lon="132.20468511339962"><ele>111.70327503017076</ele></trkpt>
<trkpt lat="33.93379284026112" lon="132.2044375013725"><ele>107.7757825735254</ele></trkpt>
<trkpt lat="33.93372893613702" lon="132.20440460719004"><ele>107.15831465681714</ele></trkpt>
<trkpt lat="33.933656318673265" lon="132.20438138934614"><ele>106.48711570319605</ele></trkpt>
<trkpt lat="33.93359348235186" lon="132.2043718726503"><ele>105.93641289042566</ele></trkpt>
<trkpt lat="33.93349088309206" lon="132.20437603837354"><ele>105.07722358867696</ele></trkpt>
<trkpt lat="33.93343510121662" lon="132.20439101455403"><ele>104.59674834901266</ele></trkpt>
<trkpt lat="33.93332279433904" lon="132.20444349890894"><ele>103.50151383572258</ele></trkpt>
<trkpt lat="33.93313350734849" lon="132.2045534308588"><ele>101.37956519687445</ele></trkpt>
<trkpt lat="33.933071547915894" lon="132.20459408990396"><ele>100.7082319740233</ele></trkpt>
<trkpt lat="33.93295220079125" lon="132.20470152996657"><ele>99.53041002638852</ele></trkpt>
<trkpt lat="33.93289410332413" lon="132.20476432718777"><ele>99.04180687711306</ele></trkpt>
<trkpt lat="33.93285703968772" lon="132.20482048867532"><ele>98.68590596800064</ele></trkpt>
<trkpt lat="33.93279382964465" lon="132.2049423205707"><ele>97.84819851323314</ele></trkpt>
<trkpt lat="33.93276051984612" lon="132.20504215059455"><ele>97.07372722635948</ele></trkpt>
<trkpt lat="33.93273710671063" lon="132.205183442568"><ele>96.08353769958742</ele></trkpt>
<trkpt lat="33.93273480057144" lon="132.20532955024598"><ele>95.42191222081809</ele></trkpt>
<trkpt lat="33.93275755528748" lon="132.20547258127186"><ele>95.10847972918738</ele></trkpt>
<trkpt lat="33.9327798645153" lon="132.20556529747495"><ele>95.05558200009808</ele></trkpt>
<trkpt lat="33.93289233655107" lon="132.2058917491366"><ele>95.63373649703794</ele></trkpt>
<trkpt lat="33.932931907123006" lon="132.20600933540788"><ele>96.09062463953984</ele></trkpt>
<trkpt lat="33.93299607316463" lon="132.2062420289238"><ele>97.26886901395847</ele></trkpt>
<trkpt lat="33.933020354406636" lon="132.2063907212617"><ele>98.0260131402345</ele></trkpt>
<trkpt lat="33.933037689192915" lon="132.20657161487568"><ele>98.99995688757869</ele></trkpt>
<trkpt lat="33.93303764735471" lon="132.20668838688692"><ele>99.81086321578849</ele></trkpt>
<trkpt lat="33.933030458812446" lon="132.2069991521819"><ele>102.14155526578627</ele></trkpt>
<trkpt lat="33.93302052298235" lon="132.20709950217824"><ele>102.75969759154835</ele></trkpt>
<trkpt lat="33.9329803946856" lon="132.20732201855932"><ele>103.81622613841375</ele></trkpt>
<trkpt lat="33.932899441807756" lon="132.2076279728949"><ele>105.08404183391544</ele></trkpt>
<trkpt lat="33.932860992848994" lon="132.20773253092173"><ele>105.547922796056</ele></trkpt>
<trkpt lat="33.932550687271714" lon="132.20854936107017"><ele>109.2772780008447</ele></trkpt>
<trkpt lat="33.93237083605034" lon="132.20909166872684"><ele>111.19252359482996</ele></trkpt>
<trkpt lat="33.93229916838554" lon="132.20930833491389"><ele>111.50589709898745</ele></trkpt>
<trkpt lat="33.932191668378785" lon="132.2096333345921"><ele>111.40277132179256</ele></trkpt>
<trkpt lat="33.93211911085544" lon="132.20985047657024"><ele>111.6029630407843</ele></trkpt>
<trkpt lat="33.932007891462135" lon="132.21012400929146"><ele>112.65691674015294</ele></trkpt>
<trkpt lat="33.93194948594206" lon="132.21023455062382"><ele>113.10952532296697</ele></trkpt>
<trkpt lat="33.93187363441866" lon="132.21032786266514"><ele>113.4860351208297</ele></trkpt>
<trkpt lat="33.93179846285712" lon="132.2103869355653"><ele>113.73363513243001</ele></trkpt>
<trkpt lat="33.931717116008166" lon="132.21043275944834"><ele>113.87649284861179</ele></trkpt>
<trkpt lat="33.93166529871422" lon="132.21045130301715"><ele>113.88235954879984</ele></trkpt>
<trkpt lat="33.9315701939273" lon="132.21046349681257"><ele>113.7084955307018</ele></trkpt>
<trkpt lat="33.93149175084312" lon="132.21045329429938"><ele>113.39529145180255</ele></trkpt>
<trkpt lat="33.93107137604088" lon="132.21036513184455"><ele>110.62316534798417</ele></trkpt>
<trkpt lat="33.93100196593313" lon="132.21035388553753"><ele>110.21336186102396</ele></trkpt>
<trkpt lat="33.93090287228379" lon="132.2103515304184"><ele>109.60299847244139</ele></trkpt>
<trkpt lat="33.930835191947665" lon="132.21036134780007"><ele>109.09604368073376</ele></trkpt>
<trkpt lat="33.93073144777647" lon="132.21039468258675"><ele>108.14085342282216</ele></trkpt>
<trkpt lat="33.930665912513376" lon="132.21043033725772"><ele>107.46132468561369</ele></trkpt>
<trkpt lat="33.93055089322235" lon="132.21050789295103"><ele>106.26552242258228</ele></trkpt>
<trkpt lat="33.93033697504535" lon="132.21069557031205"><ele>103.93381440981551</ele></trkpt>
<trkpt lat="33.930204384631054" lon="132.21084239478446"><ele>102.2622118561204</ele></trkpt>
<trkpt lat="33.93014444656573" lon="132.210922916043"><ele>101.40733681013911</ele></trkpt>
<trkpt lat="33.93006277358984" lon="132.21106143285002"><ele>100.0442089204573</ele></trkpt>
<trkpt lat="33.93001827886875" lon="132.21116230522256"><ele>99.07760157881656</ele></trkpt>
<trkpt lat="33.929983673554794" lon="132.21127291620815"><ele>98.03417234053592</ele></trkpt>
<trkpt lat="33.92996351970969" lon="132.21140041911286"><ele>96.92776152140029</ele></trkpt>
<trkpt lat="33.92996017060741" lon="132.21148826642937"><ele>96.25197471432959</ele></trkpt>
<trkpt lat="33.92996364817229" lon="132.21164510275509"><ele>95.17326356352473</ele></trkpt>
<trkpt lat="33.930037754637894" lon="132.21232136596558"><ele>90.80036160031574</ele></trkpt>
<trkpt lat="33.9300424406419" lon="132.21239335529987"><ele>90.39579680388044</ele></trkpt>
<trkpt lat="33.930030014121826" lon="132.2124762498196"><ele>89.9496210574614</ele></trkpt>
<trkpt lat="33.929975938920414" lon="132.21261414843772"><ele>89.2368341827146</ele></trkpt>
<trkpt lat="33.92994087051993" lon="132.21266861023543"><ele>88.9624750797193</ele></trkpt>
<trkpt lat="33.92982309282603" lon="132.21278566364978"><ele>88.42625158615546</ele></trkpt>
<trkpt lat="33.92960579156228" lon="132.2129431161485"><ele>88.38036239576611</ele></trkpt>
<trkpt lat="33.92952993170998" lon="132.21298595215845"><ele>88.67721057477065</ele></trkpt>
<trkpt lat="33.92937572926073" lon="132.21305159437085"><ele>89.677298973375</ele></trkpt>
<trkpt lat="33.929138481733425" lon="132.21315112368598"><ele>91.64866046170705</ele></trkpt>
<trkpt lat="33.92904458397855" lon="132.21318437629895"><ele>92.35966702433377</ele></trkpt>
<trkpt lat="33.928921410942145" lon="132.21320359183935"><ele>93.13439272964635</ele></trkpt>
<trkpt lat="33.92881579011114" lon="132.21317926402367"><ele>93.6378398522267</ele></trkpt>
<trkpt lat="33.9287780057626" lon="132.21313947128422"><ele>93.81446911368194</ele></trkpt>
<trkpt lat="33.928713631435805" lon="132.2130201394655"><ele>94.15097034094963</ele></trkpt>
<trkpt lat="33.92860520100075" lon="132.21283864053396"><ele>94.75404931085257</ele></trkpt>
<trkpt lat="33.928514533412574" lon="132.21272744144875"><ele>95.26981519710041</ele></trkpt>
<trkpt lat="33.92837270390946" lon="132.21259427814527"><ele>95.95914963692485</ele></trkpt>
<trkpt lat="33.92826661467936" lon="132.212528408855"><ele>96.33733137905051</ele></trkpt>
<trkpt lat="33.92801327624881" lon="132.2124015495275"><ele>97.16820146236358</ele></trkpt>
<trkpt lat="33.92793247369846" lon="132.21235547779375"><ele>97.56681319389024</ele></trkpt>
<trkpt lat="33.9278188023219" lon="132.2122549830652"><ele>98.24802482695081</ele></trkpt>
<trkpt lat="33.92776892682657" lon="132.21219592098478"><ele>98.49096662481658</ele></trkpt>
<trkpt lat="33.92770075753404" lon="132.21209522057404"><ele>98.65393619947407</ele></trkpt>
<trkpt lat="33.92742689392037" lon="132.21168163151776"><ele>98.23113108844899</ele></trkpt>
<trkpt lat="33.92732687280369" lon="132.21152922689987"><ele>97.87454507824592</ele></trkpt>
<trkpt lat="33.927281765010434" lon="132.21144412872442"><ele>97.56422819684995</ele></trkpt>
<trkpt lat="33.9272084590884" lon="132.2112692198832"><ele>96.71833481426123</ele></trkpt>
<trkpt lat="33.92697459628631" lon="132.21070849585303"><ele>93.41358850149557</ele></trkpt>
<trkpt lat="33.9269293868403" lon="132.21062718528225"><ele>92.9045013707781</ele></trkpt>
<trkpt lat="33.92686631701634" lon="132.21054538277966"><ele>92.40150925501501</ele></trkpt>
<trkpt lat="33.92682527730665" lon="132.21050883486726"><ele>92.18847650581955</ele></trkpt>
<trkpt lat="33.92673184656838" lon="132.21044778751886"><ele>91.91875419201007</ele></trkpt>
<trkpt lat="33.92642266733963" lon="132.2102972852554"><ele>92.09614773859002</ele></trkpt>
<trkpt lat="33.926259147476934" lon="132.21021841117135"><ele>92.77492208246699</ele></trkpt>
<trkpt lat="33.9259887579596" lon="132.21008790942855"><ele>94.62652924396272</ele></trkpt>
<trkpt lat="33.92591104490209" lon="132.2100464588705"><ele>95.07907303498335</ele></trkpt>
<trkpt lat="33.925753813074074" lon="132.20993017282197"><ele>95.73179005054497</ele></trkpt>
<trkpt lat="33.92570475870948" lon="132.20988396944716"><ele>95.8704691759685</ele></trkpt>
<trkpt lat="33.92563622412575" lon="132.20976663905685"><ele>96.09616662358422</ele></trkpt>
<trkpt lat="33.92561948324058" lon="132.20968982762406"><ele>96.23226104208521</ele></trkpt>
<trkpt lat="33.92562319463251" lon="132.2096175865467"><ele>96.3819411366877</ele></trkpt>
<trkpt lat="33.92563893741534" lon="132.20954869028964"><ele>96.55994431324974</ele></trkpt>
<trkpt lat="33.92567414950769" lon="132.20945580250802"><ele>96.86602139176745</ele></trkpt>
<trkpt lat="33.92585601422921" lon="132.2090561900119"><ele>98.82394169398687</ele></trkpt>
<trkpt lat="33.925904119791966" lon="132.20892262206615"><ele>99.31331702209012</ele></trkpt>
<trkpt lat="33.92591070395874" lon="132.208850509943"><ele>99.50851145838152</ele></trkpt>
<trkpt lat="33.925903303689246" lon="132.20879379989654"><ele>99.6327086516418</ele></trkpt>
<trkpt lat="33.92584726371182" lon="132.2086242073186"><ele>99.88166421846793</ele></trkpt>
<trkpt lat="33.92558340880418" lon="132.20801085777254"><ele>100.44913536465468</ele></trkpt>
<trkpt lat="33.92553887930641" lon="132.20790956786234"><ele>100.66109888195393</ele></trkpt>
<trkpt lat="33.925298989565796" lon="132.20745292549316"><ele>102.48347198488186</ele></trkpt>
<trkpt lat="33.92524691677147" lon="132.20735723044987"><ele>102.82729880758872</ele></trkpt>
<trkpt lat="33.92512882026927" lon="132.2071750423055"><ele>103.21480256887885</ele></trkpt>
<trkpt lat="33.92506280498386" lon="132.20708990182015"><ele>103.23018737456223</ele></trkpt>
<trkpt lat="33.924973363179184" lon="132.20701740386414"><ele>103.08975858022006</ele></trkpt>
<trkpt lat="33.92490843509778" lon="132.20699111002122"><ele>102.90868373467715</ele></trkpt>
<trkpt lat="33.92484737349529" lon="132.20697887859518"><ele>102.68048268053941</ele></trkpt>
<trkpt lat="33.92472264641083" lon="132.20698176584176"><ele>102.0530913834615</ele></trkpt>
<trkpt lat="33.92464580042828" lon="132.20701181197265"><ele>101.58815952358559</ele></trkpt>
<trkpt lat="33.924583165011725" lon="132.2070534090569"><ele>101.19174088515815</ele></trkpt>
<trkpt lat="33.9245030923609" lon="132.20712342524388"><ele>100.72075826672376</ele></trkpt>
<trkpt lat="33.924453121823674" lon="132.20718363807816"><ele>100.4543126329252</ele></trkpt>
<trkpt lat="33.92415887280888" lon="132.2075796308528"><ele>99.35268807649089</ele></trkpt>
<trkpt lat="33.924025001694886" lon="132.20776000365098"><ele>99.07600760689901</ele></trkpt>
<trkpt lat="33.92368387552437" lon="132.20821962503953"><ele>99.56870344642833</ele></trkpt>
<trkpt lat="33.923571426546026" lon="132.2083744002569"><ele>99.58954609625006</ele></trkpt>
<trkpt lat="33.92353133383997" lon="132.2084508587163"><ele>99.45592122742855</ele></trkpt>
<trkpt lat="33.92349397735416" lon="132.2085827343593"><ele>99.04465303028093</ele></trkpt>
<trkpt lat="33.92341345660791" lon="132.20898903094078"><ele>97.32237959892942</ele></trkpt>
<trkpt lat="33.92338156233686" lon="132.2090955286428"><ele>97.08131832695598</ele></trkpt>
<trkpt lat="33.92333255375858" lon="132.20917638956286"><ele>97.02748425131549</ele></trkpt>
<trkpt lat="33.923281307137415" lon="132.20922357382065"><ele>97.07562038285525</ele></trkpt>
<trkpt lat="33.92306145549795" lon="132.2093988825059"><ele>97.96880691402008</ele></trkpt>
<trkpt lat="33.9229297968386" lon="132.20953033011725"><ele>98.86196513793986</ele></trkpt>
<trkpt lat="33.92286336566599" lon="132.2096039241164"><ele>99.27834202023108</ele></trkpt>
<trkpt lat="33.922830482136035" lon="132.20965250135202"><ele>99.45620287974772</ele></trkpt>
<trkpt lat="33.92274113735976" lon="132.2098084522358"><ele>99.64641478560782</ele></trkpt>
<trkpt lat="33.922717617757584" lon="132.20986358834443"><ele>99.61290542197244</ele></trkpt>
<trkpt lat="33.922700650410185" lon="132.20994524074928"><ele>99.51964551164168</ele></trkpt>
<trkpt lat="33.92269371048221" lon="132.21008319831628"><ele>99.31829475652272</ele></trkpt>
<trkpt lat="33.92270613134878" lon="132.21035337047337"><ele>99.0770878836387</ele></trkpt>
<trkpt lat="33.922689629630376" lon="132.21047570928906"><ele>99.10652707828305</ele></trkpt>
<trkpt lat="33.9226482051579" lon="132.21055811380586"><ele>99.19543508558496</ele></trkpt>
<trkpt lat="33.922603921022024" lon="132.210609281746"><ele>99.29550784343672</ele></trkpt>
<trkpt lat="33.922306247122904" lon="132.2108673055934"><ele>100.17851019564135</ele></trkpt>
<trkpt lat="33.92218987683878" lon="132.2110054342445"><ele>100.52232809201094</ele></trkpt>
<trkpt lat="33.922129036180245" lon="132.21109724080515"><ele>100.66335219922797</ele></trkpt>
<trkpt lat="33.9220675673057" lon="132.21121222017482"><ele>100.75617558628234</ele></trkpt>
<trkpt lat="33.92204139021403" lon="132.211282637539"><ele>100.77707782932976</ele></trkpt>
<trkpt lat="33.922010989833645" lon="132.21140824643072"><ele>100.76687116997758</ele></trkpt>
<trkpt lat="33.921998849440925" lon="132.2114924661135"><ele>100.73271616833394</ele></trkpt>
<trkpt lat="33.92196796951305" lon="132.21203273606665"><ele>100.43076970178473</ele></trkpt>
<trkpt lat="33.92192675702157" lon="132.21226687018614"><ele>100.63708123543981</ele></trkpt>
<trkpt lat="33.92189088009561" lon="132.21239406235102"><ele>100.88578081922516</ele></trkpt>
<trkpt lat="33.921836508615804" lon="132.2124967506453"><ele>101.20546091907583</ele></trkpt>
<trkpt lat="33.92179148761357" lon="132.21255610415687"><ele>101.46075066589881</ele></trkpt>
<trkpt lat="33.92169297814323" lon="132.21266491489317"><ele>102.05009984206666</ele></trkpt>
<trkpt lat="33.92136192147798" lon="132.21297742261396"><ele>103.99526085961256</ele></trkpt>
<trkpt lat="33.921197558547654" lon="132.21313187450366"><ele>104.48444929929462</ele></trkpt>
<trkpt lat="33.92105581521729" lon="132.21325786329075"><ele>104.09097530168322</ele></trkpt>
<trkpt lat="33.92070722440894" lon="132.21356538066243"><ele>102.23175189356743</ele></trkpt>
<trkpt lat="33.92062924281114" lon="132.2136117521235"><ele>102.00753569806822</ele></trkpt>
<trkpt lat="33.920518686150935" lon="132.21362202689514"><ele>101.86600775000973</ele></trkpt>
<trkpt lat="33.920401622178815" lon="132.21360261569868"><ele>101.85468599946277</ele></trkpt>
<trkpt lat="33.92036026123012" lon="132.21358507897196"><ele>101.86728987566498</ele></trkpt>
<trkpt lat="33.92022235917256" lon="132.2134971147212"><ele>101.88708650148278</ele></trkpt>
<trkpt lat="33.919962720451515" lon="132.2133044905865"><ele>101.66528121126817</ele></trkpt>
<trkpt lat="33.91979434081367" lon="132.21317950820895"><ele>101.23102635530736</ele></trkpt>
<trkpt lat="33.91947166714217" lon="132.2129399983755"><ele>99.24171328987043</ele></trkpt>
<trkpt lat="33.91930393405366" lon="132.21281763531812"><ele>98.59103660263322</ele></trkpt>
<trkpt lat="33.919124115460946" lon="132.21271212483495"><ele>98.95954922223284</ele></trkpt>
<trkpt lat="33.91903923484339" lon="132.212675715693"><ele>99.3458028868343</ele></trkpt>
<trkpt lat="33.91894684819647" lon="132.21266551248226"><ele>99.8290198542471</ele></trkpt>
<trkpt lat="33.91888095441246" lon="132.21267506313865"><ele>100.21380886716554</ele></trkpt>
<trkpt lat="33.91881475094777" lon="132.21269964367866"><ele>100.62919891004539</ele></trkpt>
<trkpt lat="33.91874101782327" lon="132.21276139273152"><ele>101.1507477672395</ele></trkpt>
<trkpt lat="33.91870431905088" lon="132.2128136893629"><ele>101.45060087537387</ele></trkpt>
<trkpt lat="33.918647729715104" lon="132.21293691845912"><ele>101.96807159875827</ele></trkpt>
<trkpt lat="33.91862612593126" lon="132.21305253278223"><ele>102.28625090246352</ele></trkpt>
<trkpt lat="33.918639589494255" lon="132.21324705654874"><ele>102.60234414331126</ele></trkpt>
<trkpt lat="33.91865883057141" lon="132.21338447679864"><ele>102.74165171115077</ele></trkpt>
<trkpt lat="33.9187508311257" lon="132.21399329277799"><ele>103.17641826094331</ele></trkpt>
<trkpt lat="33.91876624377815" lon="132.21412020198008"><ele>103.30833300936564</ele></trkpt>
<trkpt lat="33.91876718804707" lon="132.2141953873284"><ele>103.40474913078776</ele></trkpt>
<trkpt lat="33.918758350507794" lon="132.21439082640234"><ele>103.68228288089341</ele></trkpt>
<trkpt lat="33.918721238484245" lon="132.21453198610047"><ele>103.86581723450233</ele></trkpt>
<trkpt lat="33.91867636337719" lon="132.214626301126"><ele>103.97999795029301</ele></trkpt>
<trkpt lat="33.91860640793262" lon="132.21473644973617"><ele>104.13417903300235</ele></trkpt>
<trkpt lat="33.91853724721516" lon="132.2148035360341"><ele>104.28700570913591</ele></trkpt>
<trkpt lat="33.91848725504568" lon="132.21483227664592"><ele>104.39987365971777</ele></trkpt>
<trkpt lat="33.91831441403314" lon="132.21490651312212"><ele>104.79813650088482</ele></trkpt>
<trkpt lat="33.9182580695223" lon="132.21491950882591"><ele>104.90402005197619</ele></trkpt>
<trkpt lat="33.91810038095334" lon="132.21492444379848"><ele>105.14015547867248</ele></trkpt>
<trkpt lat="33.91800922090843" lon="132.21490463555313"><ele>105.29469649923898</ele></trkpt>
<trkpt lat="33.91790425148585" lon="132.2148718017322"><ele>105.57764130484341</ele></trkpt>
<trkpt lat="33.91780427801712" lon="132.21482840607732"><ele>105.99688221674708</ele></trkpt>
<trkpt lat="33.917358612974624" lon="132.21462974079208"><ele>108.38632988411874</ele></trkpt>
<trkpt lat="33.91709201498123" lon="132.21451206005042"><ele>110.34176855916276</ele></trkpt>
<trkpt lat="33.91687748884225" lon="132.21446047893025"><ele>112.89531960513689</ele></trkpt>
<trkpt lat="33.916684302300574" lon="132.21444090668504"><ele>114.9909234417983</ele></trkpt>
<trkpt lat="33.91649040421134" lon="132.2144405847631"><ele>116.79369794854212</ele></trkpt>
<trkpt lat="33.9164219507295" lon="132.21444968651824"><ele>117.39452821690352</ele></trkpt>
<trkpt lat="33.91637154794123" lon="132.21447141358155"><ele>117.83908901443797</ele></trkpt>
<trkpt lat="33.91628043643177" lon="132.21454429160514"><ele>118.66967453067303</ele></trkpt>
<trkpt lat="33.916247510625546" lon="132.2146087783674"><ele>119.09191976317909</ele></trkpt>
<trkpt lat="33.91623682596841" lon="132.21466119183125"><ele>119.36508853998049</ele></trkpt>
<trkpt lat="33.9162369248977" lon="132.21476132762285"><ele>119.80730226205365</ele></trkpt>
<trkpt lat="33.916249021587596" lon="132.21494292713973"><ele>120.45908450533778</ele></trkpt>
<trkpt lat="33.9162998510569" lon="132.2152974179312"><ele>121.51564830043776</ele></trkpt>
<trkpt lat="33.91630436410769" lon="132.21536003277237"><ele>121.65791147753977</ele></trkpt>
<trkpt lat="33.91628882827006" lon="132.21547089028547"><ele>121.91584494439024</ele></trkpt>
<trkpt lat="33.916256913037486" lon="132.2155571312305"><ele>122.13078238813556</ele></trkpt>
<trkpt lat="33.916207179249334" lon="132.21565122680835"><ele>122.38968625984451</ele></trkpt>
<trkpt lat="33.91613752216062" lon="132.21573770941185"><ele>122.7060641404851</ele></trkpt>
<trkpt lat="33.91589695193087" lon="132.21595887409336"><ele>123.89416111966831</ele></trkpt>
<trkpt lat="33.915832223805744" lon="132.21602256019608"><ele>124.18496246580625</ele></trkpt>
<trkpt lat="33.91574220690793" lon="132.21614231048633"><ele>124.63781247685769</ele></trkpt>
<trkpt lat="33.91559221253238" lon="132.21642802583833"><ele>125.99273179379752</ele></trkpt>
<trkpt lat="33.91551085039195" lon="132.2166307874518"><ele>127.156987599645</ele></trkpt>
<trkpt lat="33.91539000103534" lon="132.21704333391156"><ele>129.72412739841025</ele></trkpt>
<trkpt lat="33.915330073111555" lon="132.21724862980545"><ele>130.79953989735125</ele></trkpt>
<trkpt lat="33.915225123454285" lon="132.21757212225944"><ele>131.7483110108016</ele></trkpt>
<trkpt lat="33.915156880942604" lon="132.21777740995478"><ele>132.52825235623442</ele></trkpt>
<trkpt lat="33.91501924262787" lon="132.21817669838492"><ele>134.59410770636495</ele></trkpt>
<trkpt lat="33.9149562218192" lon="132.2183129846868"><ele>135.05514622103095</ele></trkpt>
<trkpt lat="33.914914316935246" lon="132.21838375021798"><ele>135.21710260416324</ele></trkpt>
<trkpt lat="33.91487496809591" lon="132.2184265082914"><ele>135.30466572947427</ele></trkpt>
<trkpt lat="33.91467373311804" lon="132.21859767029585"><ele>135.54277654774555</ele></trkpt>
<trkpt lat="33.91459778421163" lon="132.21865482162335"><ele>135.62251144664037</ele></trkpt>
<trkpt lat="33.91448658786252" lon="132.21870608477212"><ele>135.74636945279946</ele></trkpt>
<trkpt lat="33.914372834655694" lon="132.21873214303073"><ele>135.87415667812448</ele></trkpt>
<trkpt lat="33.914083481007516" lon="132.21874726707912"><ele>136.1865409020935</ele></trkpt>
<trkpt lat="33.91400038773081" lon="132.2187584457284"><ele>136.2802592255267</ele></trkpt>
<trkpt lat="33.913923004689025" lon="132.2187875993452"><ele>136.3665085687525</ele></trkpt>
<trkpt lat="33.91382503989639" lon="132.21887552255035"><ele>136.48425282696536</ele></trkpt>
<trkpt lat="33.913801466233856" lon="132.21891157302852"><ele>136.52104072567738</ele></trkpt>
<trkpt lat="33.91371344874422" lon="132.21909595836345"><ele>136.71939941610302</ele></trkpt>
<trkpt lat="33.91365274183235" lon="132.21920578620478"><ele>136.84236568505122</ele></trkpt>
<trkpt lat="33.9135974645708" lon="132.21927842198096"><ele>136.9162608566414</ele></trkpt>
<trkpt lat="33.913473813576644" lon="132.2194056408422"><ele>137.04767656119412</ele></trkpt>
<trkpt lat="33.91339484397662" lon="132.21946714180828"><ele>137.16693146592505</ele></trkpt>
<trkpt lat="33.91325312042879" lon="132.21952690675025"><ele>137.56083125493805</ele></trkpt>
<trkpt lat="33.91319636309211" lon="132.21953709817583"><ele>137.8098988159748</ele></trkpt>
<trkpt lat="33.913131938207684" lon="132.21953048200137"><ele>138.1573088670878</ele></trkpt>
<trkpt lat="33.913066910401305" lon="132.21950169005362"><ele>138.59151081741436</ele></trkpt>
<trkpt lat="33.912638511533444" lon="132.21924657243017"><ele>142.36024234672044</ele></trkpt>
<trkpt lat="33.912458600380354" lon="132.21914528682623"><ele>143.65010821371976</ele></trkpt>
<trkpt lat="33.912304225565414" lon="132.21910705284643"><ele>144.73044423756622</ele></trkpt>
<trkpt lat="33.912235231216485" lon="132.21910686714742"><ele>145.38579965749273</ele></trkpt>
<trkpt lat="33.912166234254315" lon="132.21912514909127"><ele>146.18175534182862</ele></trkpt>
<trkpt lat="33.91201649179621" lon="132.21922260702203"><ele>148.26185437825558</ele></trkpt>
<trkpt lat="33.91193420160547" lon="132.21930569151812"><ele>149.47627961691813</ele></trkpt>
<trkpt lat="33.91172723883092" lon="132.2195456750035"><ele>152.4339390708847</ele></trkpt>
<trkpt lat="33.91157317690786" lon="132.21976210082897"><ele>154.73164182909818</ele></trkpt>
<trkpt lat="33.91151160824593" lon="132.21988812602157"><ele>156.03360226536708</ele></trkpt>
<trkpt lat="33.91149663811507" lon="132.21993253413913"><ele>156.46210319798297</ele></trkpt>
<trkpt lat="33.911479853843105" lon="132.22003551921554"><ele>157.37009201861298</ele></trkpt>
<trkpt lat="33.91145842040797" lon="132.22025579846482"><ele>159.10125564383787</ele></trkpt>
<trkpt lat="33.91145389065275" lon="132.22034024578647"><ele>159.70217182438938</ele></trkpt>
<trkpt lat="33.91145818014186" lon="132.22042433154027"><ele>160.26339543159452</ele></trkpt>
<trkpt lat="33.911514562888" lon="132.22102958787596"><ele>164.06728511341294</ele></trkpt>
<trkpt lat="33.911511373018776" lon="132.22120701318207"><ele>165.0282017710604</ele></trkpt>
<trkpt lat="33.911497115348716" lon="132.22129320563303"><ele>165.41303248311812</ele></trkpt>
<trkpt lat="33.91146525926022" lon="132.2214116712896"><ele>165.8376021513958</ele></trkpt>
<trkpt lat="33.911425820562535" lon="132.221515885342"><ele>166.1680257158734</ele></trkpt>
<trkpt lat="33.9113878212202" lon="132.2215803789679"><ele>166.4129545123933</ele></trkpt>
<trkpt lat="33.91136012903814" lon="132.22160661199175"><ele>166.55844723831845</ele></trkpt>
<trkpt lat="33.911304408189224" lon="132.22162795972184"><ele>166.8227052619555</ele></trkpt>
<trkpt lat="33.91122599218959" lon="132.22162088158154"><ele>167.20751971217632</ele></trkpt>
<trkpt lat="33.91115023712193" lon="132.22159158302566"><ele>167.60873756536475</ele></trkpt>
<trkpt lat="33.911092375950794" lon="132.2215572861575"><ele>167.93505716735834</ele></trkpt>
<trkpt lat="33.910992844566856" lon="132.22147672842922"><ele>168.52392011119187</ele></trkpt>
<trkpt lat="33.91090123651347" lon="132.22137642957125"><ele>169.05239615823564</ele></trkpt>
<trkpt lat="33.91062416104541" lon="132.22103021153728"><ele>170.43658228333268</ele></trkpt>
<trkpt lat="33.91055700317712" lon="132.22094910212124"><ele>170.82638262377174</ele></trkpt>
<trkpt lat="33.91038674819849" lon="132.22078535469447"><ele>171.92168092600224</ele></trkpt>
<trkpt lat="33.91033754868778" lon="132.2207451098149"><ele>172.25157072972587</ele></trkpt>
<trkpt lat="33.91025874062787" lon="132.22070485858617"><ele>172.72143025828123</ele></trkpt>
<trkpt lat="33.91019345611225" lon="132.2206901233039"><ele>173.07553731943364</ele></trkpt>
<trkpt lat="33.91013274492185" lon="132.22069394353665"><ele>173.39784791631283</ele></trkpt>
<trkpt lat="33.910078520041594" lon="132.22071266197764"><ele>173.69957545278407</ele></trkpt>
<trkpt lat="33.91002847924403" lon="132.22074386312957"><ele>174.00666527258232</ele></trkpt>
<trkpt lat="33.90998674015824" lon="132.22079422004308"><ele>174.3357178191285</ele></trkpt>
<trkpt lat="33.90994186351393" lon="132.2209110690412"><ele>174.94996804936025</ele></trkpt>
<trkpt lat="33.909932191087535" lon="132.22099958901362"><ele>175.3949016091449</ele></trkpt>
<trkpt lat="33.909941521915464" lon="132.22146621627235"><ele>178.28138558879203</ele></trkpt>
<trkpt lat="33.909999748082576" lon="132.22187459923688"><ele>180.84562781074126</ele></trkpt>
<trkpt lat="33.91006706855087" lon="132.22217825302315"><ele>182.05426219565604</ele></trkpt>
<trkpt lat="33.91008508997052" lon="132.2222372407105"><ele>182.36839311219578</ele></trkpt>
<trkpt lat="33.91012368483656" lon="132.2223192412175"><ele>182.9595852954252</ele></trkpt>
<trkpt lat="33.91022039357926" lon="132.22249656185787"><ele>184.5458440958418</ele></trkpt>
<trkpt lat="33.91029583507968" lon="132.2226631753571"><ele>185.7411938051334</ele></trkpt>
<trkpt lat="33.91031537245368" lon="132.2227396413388"><ele>186.1520060313081</ele></trkpt>
<trkpt lat="33.91034360791635" lon="132.22295428223595"><ele>187.26305421457982</ele></trkpt>
<trkpt lat="33.910345288510605" lon="132.223026095042"><ele>187.6811508140978</ele></trkpt>
<trkpt lat="33.91032102352161" lon="132.22334531628493"><ele>189.8428091868724</ele></trkpt>
<trkpt lat="33.91032021700739" lon="132.22358521171384"><ele>191.3371272675303</ele></trkpt>
<trkpt lat="33.91032401409065" lon="132.22366958378075"><ele>191.80103551544622</ele></trkpt>
<trkpt lat="33.91034396879987" lon="132.2237818446232"><ele>192.3783438728372</ele></trkpt>
<trkpt lat="33.9103648267875" lon="132.2238484036116"><ele>192.6988384889503</ele></trkpt>
<trkpt lat="33.91045203331193" lon="132.22404642030938"><ele>193.50727141567288</ele></trkpt>
<trkpt lat="33.91049111169275" lon="132.22415387660143"><ele>193.814409077045</ele></trkpt>
<trkpt lat="33.910512031245844" lon="132.22428742725708"><ele>194.13402688340156</ele></trkpt>
<trkpt lat="33.910495440419865" lon="132.22442970689642"><ele>194.54190479258662</ele></trkpt>
<trkpt lat="33.91047244353764" lon="132.22450516844106"><ele>194.81336832645064</ele></trkpt>
<trkpt lat="33.910425566558615" lon="132.22457340534845"><ele>195.12955657709085</ele></trkpt>
<trkpt lat="33.910325897841645" lon="132.22463827439583"><ele>195.5979144589569</ele></trkpt>
<trkpt lat="33.9101464117315" lon="132.22471325883907"><ele>196.27630473225517</ele></trkpt>
<trkpt lat="33.91003576053527" lon="132.22477577594262"><ele>196.66010787062388</ele></trkpt>
<trkpt lat="33.90997332732968" lon="132.22483144081065"><ele>196.8857825429817</ele></trkpt>
<trkpt lat="33.9098694801932" lon="132.22495203087058"><ele>197.27099668078958</ele></trkpt>
<trkpt lat="33.90980265054579" lon="132.2250781283061"><ele>197.54921540069245</ele></trkpt>
<trkpt lat="33.90977836007935" lon="132.2251525327987"><ele>197.6689604192831</ele></trkpt>
<trkpt lat="33.909771431086625" lon="132.22526960404969"><ele>197.8172603064824</ele></trkpt>
<trkpt lat="33.90978291905285" lon="132.22534739482285"><ele>197.9093678837023</ele></trkpt>
<trkpt lat="33.90980319772854" lon="132.22540531513704"><ele>197.9835924933431</ele></trkpt>
<trkpt lat="33.91000489816459" lon="132.22587393613404"><ele>198.64468269334225</ele></trkpt>
<trkpt lat="33.910039464307125" lon="132.22600020776088"><ele>198.5118535621157</ele></trkpt>
<trkpt lat="33.910055062819886" lon="132.22614038753807"><ele>198.23490787425425</ele></trkpt>
<trkpt lat="33.91003823209917" lon="132.22626885456097"><ele>197.97299999448248</ele></trkpt>
<trkpt lat="33.909984901706466" lon="132.22638898550693"><ele>197.7595354198294</ele></trkpt>
<trkpt lat="33.90991721710488" lon="132.22648958385832"><ele>197.64830281472834</ele></trkpt>
<trkpt lat="33.90986573070627" lon="132.2265527433558"><ele>197.63754812555723</ele></trkpt>
<trkpt lat="33.909376625219195" lon="132.22711958552628"><ele>198.44094361882046</ele></trkpt>
<trkpt lat="33.909295725746354" lon="132.227224242628"><ele>198.58704237580287</ele></trkpt>
<trkpt lat="33.9092422491902" lon="132.22730325520328"><ele>198.66557971247343</ele></trkpt>
<trkpt lat="33.90915564154047" lon="132.22747693405518"><ele>198.72021071927836</ele></trkpt>
<trkpt lat="33.90912788549063" lon="132.2275528961234"><ele>198.70056783466828</ele></trkpt>
<trkpt lat="33.90911744139486" lon="132.2276236067535"><ele>198.66447419666295</ele></trkpt>
<trkpt lat="33.90911423375273" lon="132.22776936586246"><ele>198.53718966045167</ele></trkpt>
<trkpt lat="33.90912829751973" lon="132.22788464981733"><ele>198.38734475792384</ele></trkpt>
<trkpt lat="33.90916648955885" lon="132.22812702361773"><ele>197.97141948426744</ele></trkpt>
<trkpt lat="33.90917246670482" lon="132.22825020193383"><ele>197.7177713819028</ele></trkpt>
<trkpt lat="33.9091511651681" lon="132.22841644963964"><ele>197.32382343921464</ele></trkpt>
<trkpt lat="33.90913414864053" lon="132.22849742890048"><ele>197.11058728165614</ele></trkpt>
<trkpt lat="33.909066444502166" lon="132.22865311688963"><ele>196.62451581727163</ele></trkpt>
<trkpt lat="33.9089920017205" lon="132.22876778807105"><ele>196.17186226648496</ele></trkpt>
<trkpt lat="33.90878539857073" lon="132.22898233463212"><ele>194.83632242889317</ele></trkpt>
<trkpt lat="33.90868800437583" lon="132.22905857461953"><ele>193.95668866040427</ele></trkpt>
<trkpt lat="33.9085017701297" lon="132.22916389179187"><ele>191.8893344584946</ele></trkpt>
<trkpt lat="33.90839358233552" lon="132.22921268617173"><ele>190.59450793679625</ele></trkpt>
<trkpt lat="33.90821390614517" lon="132.22924985878896"><ele>188.92743049909132</ele></trkpt>
<trkpt lat="33.90814445941559" lon="132.22926191586282"><ele>188.72843590353904</ele></trkpt>
<trkpt lat="33.908032258156574" lon="132.22926306516027"><ele>189.2203362465031</ele></trkpt>
<trkpt lat="33.90794823444027" lon="132.22924325347074"><ele>190.13821830110263</ele></trkpt>
<trkpt lat="33.907834452787284" lon="132.22918460046702"><ele>191.70641692244666</ele></trkpt>
<trkpt lat="33.90773452457726" lon="132.22910522114077"><ele>193.07418485444074</ele></trkpt>
<trkpt lat="33.90768725589131" lon="132.22905016889626"><ele>193.7666413776331</ele></trkpt>
<trkpt lat="33.9076032912113" lon="132.22890048185516"><ele>195.27049489357205</ele></trkpt>
<trkpt lat="33.90757417428925" lon="132.2288374656457"><ele>195.81379499407532</ele></trkpt>
<trkpt lat="33.907536168035904" lon="132.2287093083296"><ele>196.7277845947252</ele></trkpt>
<trkpt lat="33.907515427111065" lon="132.22861328572174"><ele>197.40318013566286</ele></trkpt>
<trkpt lat="33.90749010872605" lon="132.2284298861177"><ele>198.95742314541528</ele></trkpt>
<trkpt lat="33.9074876455554" lon="132.22804208421135"><ele>202.06405466484384</ele></trkpt>
<trkpt lat="33.907469884869016" lon="132.22793888723507"><ele>202.7765599481783</ele></trkpt>
<trkpt lat="33.90741228955374" lon="132.22774448625825"><ele>203.89749767466256</ele></trkpt>
<trkpt lat="33.907339687583104" lon="132.227633147998"><ele>204.36799511689676</ele></trkpt>
<trkpt lat="33.907272578410115" lon="132.2275722653929"><ele>204.53997900061046</ele></trkpt>
<trkpt lat="33.907218313814994" lon="132.22754910095924"><ele>204.58218697758667</ele></trkpt>
<trkpt lat="33.90710397834867" lon="132.22751823992184"><ele>204.50381761885933</ele></trkpt>
<trkpt lat="33.90698389472154" lon="132.22751654294817"><ele>204.24883607950724</ele></trkpt>
<trkpt lat="33.906670476146644" lon="132.22753539636383"><ele>203.26711715996063</ele></trkpt>
<trkpt lat="33.90655569562012" lon="132.22752787570292"><ele>202.87735614972453</ele></trkpt>
<trkpt lat="33.906488526106315" lon="132.22750204747746"><ele>202.59924851613354</ele></trkpt>
<trkpt lat="33.90644399193667" lon="132.22747240290093"><ele>202.37782508973348</ele></trkpt>
<trkpt lat="33.906388056341946" lon="132.2274165394238"><ele>202.04011930515574</ele></trkpt>
<trkpt lat="33.90628545049841" lon="132.22727849283007"><ele>201.27117425914025</ele></trkpt>
<trkpt lat="33.90622719439292" lon="132.22717631920673"><ele>200.702602250943</ele></trkpt>
<trkpt lat="33.90586777530025" lon="132.22652761038626"><ele>197.0942071173675</ele></trkpt>
<trkpt lat="33.905742176190394" lon="132.22632746257761"><ele>196.2738245499493</ele></trkpt>
<trkpt lat="33.90566755550763" lon="132.2262290459605"><ele>195.90591284758153</ele></trkpt>
<trkpt lat="33.9055712165843" lon="132.2261337053321"><ele>195.46951853009637</ele></trkpt>
<trkpt lat="33.90547575244597" lon="132.22607655111017"><ele>195.03366420537387</ele></trkpt>
<trkpt lat="33.90541181860427" lon="132.22605369276613"><ele>194.74136285046055</ele></trkpt>
<trkpt lat="33.905334124066925" lon="132.22603819773136"><ele>194.40253167933642</ele></trkpt>
<trkpt lat="33.90524318225766" lon="132.22603479693157"><ele>194.05547185692487</ele></trkpt>
<trkpt lat="33.90515241432788" lon="132.2260542790005"><ele>193.7720669791182</ele></trkpt>
<trkpt lat="33.90455514445464" lon="132.22626465617805"><ele>192.42518309251182</ele></trkpt>
<trkpt lat="33.90436939276802" lon="132.2263314412213"><ele>191.853013379478</ele></trkpt>
<trkpt lat="33.904116997295176" lon="132.22645644880689"><ele>190.5803178194018</ele></trkpt>
<trkpt lat="33.90402187708025" lon="132.22650050875242"><ele>190.13496849010485</ele></trkpt>
<trkpt lat="33.90384982737656" lon="132.22654956804806"><ele>189.60949824052344</ele></trkpt>
<trkpt lat="33.903789763378164" lon="132.22655714943107"><ele>189.47830729813984</ele></trkpt>
<trkpt lat="33.903486972810015" lon="132.2265523559663"><ele>188.96543608514767</ele></trkpt>
<trkpt lat="33.90330365281918" lon="132.22657842690094"><ele>188.96804420633566</ele></trkpt>
<trkpt lat="33.90325876801367" lon="132.2265956487791"><ele>189.04476879422552</ele></trkpt>
<trkpt lat="33.903222631356265" lon="132.22662773280166"><ele>189.15245211011774</ele></trkpt>
<trkpt lat="33.90319279051441" lon="132.22669122511047"><ele>189.350639127954</ele></trkpt>
<trkpt lat="33.90316526026379" lon="132.22688585693348"><ele>190.09492688558024</ele></trkpt>
<trkpt lat="33.90312282535223" lon="132.22703992470025"><ele>190.79649095912347</ele></trkpt>
<trkpt lat="33.90296941253444" lon="132.22745404730898"><ele>192.80372964746948</ele></trkpt>
<trkpt lat="33.90294177568711" lon="132.2275399637975"><ele>193.2035365759625</ele></trkpt>
<trkpt lat="33.90293016868265" lon="132.22766467759632"><ele>193.75091098072255</ele></trkpt>
<trkpt lat="33.902928414967874" lon="132.2278630510295"><ele>194.57690085726145</ele></trkpt>
<trkpt lat="33.902918638852114" lon="132.22794305094115"><ele>194.87592049674893</ele></trkpt>
<trkpt lat="33.902883892555785" lon="132.22806465245924"><ele>195.28000459504864</ele></trkpt>
<trkpt lat="33.90283665198381" lon="132.22816702995388"><ele>195.59265080774978</ele></trkpt>
<trkpt lat="33.90279325885039" lon="132.22823369894772"><ele>195.8164083058438</ele></trkpt>
<trkpt lat="33.902511259725415" lon="132.22862388542316"><ele>197.54199434104507</ele></trkpt>
<trkpt lat="33.90246528972936" lon="132.22871758568243"><ele>197.89495688973358</ele></trkpt>
<trkpt lat="33.90244667714216" lon="132.22878638624078"><ele>198.1589343911462</ele></trkpt>
<trkpt lat="33.90238727609877" lon="132.22918294806024"><ele>200.2180429123055</ele></trkpt>
<trkpt lat="33.9023356487086" lon="132.22938305367387"><ele>201.48157207741687</ele></trkpt>
<trkpt lat="33.90230411688754" lon="132.2294761300209"><ele>202.12453245222193</ele></trkpt>
<trkpt lat="33.902279009034785" lon="132.22952229898596"><ele>202.51016601171986</ele></trkpt>
<trkpt lat="33.90221596176978" lon="132.22960438145824"><ele>203.40902611826994</ele></trkpt>
<trkpt lat="33.90216591099511" lon="132.22964239660115"><ele>204.0685179550807</ele></trkpt>
<trkpt lat="33.90208977306532" lon="132.2296645898536"><ele>205.0031680829866</ele></trkpt>
<trkpt lat="33.90200657997203" lon="132.22966358491462"><ele>205.98851287604703</ele></trkpt>
<trkpt lat="33.901410352393974" lon="132.22960733313263"><ele>212.72724905846218</ele></trkpt>
<trkpt lat="33.901341321289316" lon="132.22960986774353"><ele>213.4191569167484</ele></trkpt>
<trkpt lat="33.90127342420928" lon="132.22963493827635"><ele>214.0992131109827</ele></trkpt>
<trkpt lat="33.90116142732083" lon="132.22970745273759"><ele>215.258278569624</ele></trkpt>
<trkpt lat="33.900806867862975" lon="132.22996651995473"><ele>219.02081725114817</ele></trkpt>
<trkpt lat="33.90071709262939" lon="132.23003007223386"><ele>220.09221088777906</ele></trkpt>
<trkpt lat="33.900384210174984" lon="132.23019777708913"><ele>224.59569809786097</ele></trkpt>
<trkpt lat="33.90028803789019" lon="132.2302387876055"><ele>225.94366497109291</ele></trkpt>
<trkpt lat="33.900222549602994" lon="132.2302584297118"><ele>226.80665449539094</ele></trkpt>
<trkpt lat="33.9001499602885" lon="132.23026867330628"><ele>227.7136283426718</ele></trkpt>
<trkpt lat="33.90007025472361" lon="132.23026568203014"><ele>228.66830885877275</ele></trkpt>
<trkpt lat="33.89982455569182" lon="132.23021300189902"><ele>231.58278900722829</ele></trkpt>
<trkpt lat="33.89965020161433" lon="132.2301953764974"><ele>233.3990209052784</ele></trkpt>
<trkpt lat="33.899583401326666" lon="132.2302101780567"><ele>234.06240000752592</ele></trkpt>
<trkpt lat="33.89954686772091" lon="132.2302334964522"><ele>234.487842832052</ele></trkpt>
<trkpt lat="33.8994914829549" lon="132.23030164496336"><ele>235.38417293533877</ele></trkpt>
<trkpt lat="33.89942795396489" lon="132.23045147959297"><ele>237.05986498787072</ele></trkpt>
<trkpt lat="33.8993511039134" lon="132.23069892542054"><ele>239.19350249211368</ele></trkpt>
<trkpt lat="33.89927567524627" lon="132.2309974802479"><ele>241.31375806992997</ele></trkpt>
<trkpt lat="33.89924455203224" lon="132.2311411206914"><ele>242.15662014425573</ele></trkpt>
<trkpt lat="33.899220299944346" lon="132.2313185323196"><ele>242.90207727269112</ele></trkpt>
<trkpt lat="33.89921471529181" lon="132.23139015533528"><ele>243.13140244613277</ele></trkpt>
<trkpt lat="33.89922007153286" lon="132.23149901819065"><ele>243.4203829478059</ele></trkpt>
<trkpt lat="33.8992649220739" lon="132.23198913335236"><ele>244.44947021586796</ele></trkpt>
<trkpt lat="33.89931868767891" lon="132.23259211418812"><ele>245.93554432134303</ele></trkpt>
<trkpt lat="33.89931463486367" lon="132.23270052299722"><ele>246.20680057145856</ele></trkpt>
<trkpt lat="33.89927384207107" lon="132.23353528171597"><ele>248.22524230434686</ele></trkpt>
<trkpt lat="33.89926334334419" lon="132.23363393855547"><ele>248.39568274079144</ele></trkpt>
<trkpt lat="33.899213440060635" lon="132.2338175287436"><ele>248.7271608219291</ele></trkpt>
<trkpt lat="33.8991655057566" lon="132.2338814537306"><ele>248.91711038004178</ele></trkpt>
<trkpt lat="33.8990723293193" lon="132.2339151430797"><ele>249.2164183561275</ele></trkpt>
<trkpt lat="33.89893390154705" lon="132.23390634741392"><ele>249.64898196459032</ele></trkpt>
<trkpt lat="33.898850556021245" lon="132.2338710875373"><ele>249.90301324925585</ele></trkpt>
<trkpt lat="33.898777649974434" lon="132.2337902325535"><ele>250.18049237607465</ele></trkpt>
<trkpt lat="33.898740749418465" lon="132.2336995143473"><ele>250.4223079422421</ele></trkpt>
<trkpt lat="33.89871450058445" lon="132.23357914485902"><ele>250.73007686057832</ele></trkpt>
<trkpt lat="33.898650152344565" lon="132.23306455337143"><ele>252.28090213718338</ele></trkpt>
<trkpt lat="33.89863589661107" lon="132.23298045617148"><ele>252.55640653178776</ele></trkpt>
<trkpt lat="33.898577289437796" lon="132.23279651008957"><ele>253.329568092485</ele></trkpt>
<trkpt lat="33.89853864876216" lon="132.23272562500722"><ele>253.72307292552065</ele></trkpt>
<trkpt lat="33.898485907063964" lon="132.2326794043024"><ele>254.11405695485382</ele></trkpt>
<trkpt lat="33.89844314056437" lon="132.23266630786424"><ele>254.38846501001885</ele></trkpt>
<trkpt lat="33.89834900554447" lon="132.23266736118714"><ele>254.99455515416818</ele></trkpt>
<trkpt lat="33.898271396261435" lon="132.23267749891343"><ele>255.51932737568993</ele></trkpt>
<trkpt lat="33.898095260038296" lon="132.23272564061543"><ele>256.8314119565694</ele></trkpt>
<trkpt lat="33.89773544696779" lon="132.23282853069517"><ele>259.8848173407608</ele></trkpt>
<trkpt lat="33.89766137507142" lon="132.23285218534792"><ele>260.5329978696609</ele></trkpt>
<trkpt lat="33.89757190594901" lon="132.2328938630147"><ele>261.34684448143395</ele></trkpt>
<trkpt lat="33.89735489826362" lon="132.2330555321138"><ele>263.37214073857393</ele></trkpt>
<trkpt lat="33.896802481411434" lon="132.23343828855184"><ele>268.5581263777455</ele></trkpt>
<trkpt lat="33.89644109152669" lon="132.23368797627745"><ele>272.1373222966366</ele></trkpt>
<trkpt lat="33.89627717684255" lon="132.23379978131544"><ele>273.53129125804423</ele></trkpt>
<trkpt lat="33.896189473000454" lon="132.23384460713277"><ele>274.0216659395544</ele></trkpt>
<trkpt lat="33.896130949380044" lon="132.23386081401713"><ele>274.2955810022654</ele></trkpt>
<trkpt lat="33.896017106994535" lon="132.2338739130746"><ele>274.84106750620833</ele></trkpt>
<trkpt lat="33.89589583215832" lon="132.23387278952717"><ele>275.53864376839715</ele></trkpt>
<trkpt lat="33.89562000893779" lon="132.23384535435147"><ele>277.2125781448374</ele></trkpt>
<trkpt lat="33.895561725151886" lon="132.23384887850398"><ele>277.45410796389285</ele></trkpt>
<trkpt lat="33.895392244044615" lon="132.23389021261025"><ele>277.9821682928862</ele></trkpt>
<trkpt lat="33.89501984155888" lon="132.23401973929055"><ele>279.4782093262593</ele></trkpt>
<trkpt lat="33.89482934287691" lon="132.2340865604543"><ele>280.6775285663892</ele></trkpt>
<trkpt lat="33.89469037865698" lon="132.23414739175368"><ele>281.8969500858854</ele></trkpt>
<trkpt lat="33.894616187940414" lon="132.23419676320103"><ele>282.55046493156493</ele></trkpt>
<trkpt lat="33.8945294816334" lon="132.2342906029716"><ele>283.2308336562829</ele></trkpt>
<trkpt lat="33.89445320608954" lon="132.23441795833617"><ele>283.8254772660947</ele></trkpt>
<trkpt lat="33.89432951115729" lon="132.23467430278984"><ele>285.3000663726609</ele></trkpt>
<trkpt lat="33.89427563171847" lon="132.23475838628738"><ele>285.9314832547499</ele></trkpt>
<trkpt lat="33.89420868767896" lon="132.2348221130382"><ele>286.63540975714295</ele></trkpt>
<trkpt lat="33.894167753408524" lon="132.23484251714893"><ele>287.0361958960724</ele></trkpt>
<trkpt lat="33.89405050384266" lon="132.23486365394575"><ele>288.1791322302724</ele></trkpt>
<trkpt lat="33.89397524825739" lon="132.23485745415456"><ele>288.8910173399307</ele></trkpt>
<trkpt lat="33.893912814668084" lon="132.23483304270368"><ele>289.459625085083</ele></trkpt>
<trkpt lat="33.89383917713574" lon="132.23478140901625"><ele>290.2430189034296</ele></trkpt>
<trkpt lat="33.89378933999231" lon="132.23473512712096"><ele>290.81383077109484</ele></trkpt>
<trkpt lat="33.89367150916969" lon="132.23460713599135"><ele>292.3255332512098</ele></trkpt>
<trkpt lat="33.89326018208221" lon="132.23415646695685"><ele>298.0722776486269</ele></trkpt>
<trkpt lat="33.893180161088495" lon="132.23409044093796"><ele>299.1025585092747</ele></trkpt>
<trkpt lat="33.89311237883242" lon="132.23406643629744"><ele>299.8894467996024</ele></trkpt>
<trkpt lat="33.89302600826377" lon="132.23406136180526"><ele>300.9050257030467</ele></trkpt>
<trkpt lat="33.892882017869454" lon="132.23409518953943"><ele>302.76080663090465</ele></trkpt>
<trkpt lat="33.892804639144046" lon="132.23412736563915"><ele>303.84243140703154</ele></trkpt>
<trkpt lat="33.892701402384795" lon="132.23421374245058"><ele>305.43288491564067</ele></trkpt>
<trkpt lat="33.89252781079047" lon="132.2344065564121"><ele>308.09714796238495</ele></trkpt>
<trkpt lat="33.892429845018086" lon="132.23448464189468"><ele>309.46022490854017</ele></trkpt>
<trkpt lat="33.89231968154723" lon="132.2345422824432"><ele>310.81856116605564</ele></trkpt>
<trkpt lat="33.89221965181421" lon="132.23456338956402"><ele>311.8987951215853</ele></trkpt>
<trkpt lat="33.89211591081033" lon="132.23454729853435"><ele>313.03402912213244</ele></trkpt>
<trkpt lat="33.89203060823132" lon="132.23449591562604"><ele>314.12069484336087</ele></trkpt>
<trkpt lat="33.89194627102724" lon="132.2344066329227"><ele>315.3892528998979</ele></trkpt>
<trkpt lat="33.89190796902085" lon="132.23431713043558"><ele>316.2801756457783</ele></trkpt>
<trkpt lat="33.89188019134152" lon="132.23420697670082"><ele>317.23736218657655</ele></trkpt>
<trkpt lat="33.89187154407646" lon="132.2340950927983"><ele>318.1250960336779</ele></trkpt>
<trkpt lat="33.89187817948155" lon="132.2335884607735"><ele>321.96725723604743</ele></trkpt>
<trkpt lat="33.89187108010968" lon="132.2334364220987"><ele>323.06176803731216</ele></trkpt>
<trkpt lat="33.8918529441349" lon="132.2333658948798"><ele>323.599976385559</ele></trkpt>
<trkpt lat="33.891814050888904" lon="132.23328579639278"><ele>324.30634273274165</ele></trkpt>
<trkpt lat="33.89176479881745" lon="132.23321854037903"><ele>325.0389061197707</ele></trkpt>
<trkpt lat="33.891712085643995" lon="132.23316642991168"><ele>325.76056434866183</ele></trkpt>
<trkpt lat="33.89162162697165" lon="132.2331086862921"><ele>326.92087087591744</ele></trkpt>
<trkpt lat="33.89156863720129" lon="132.23308579288425"><ele>327.58314231167236</ele></trkpt>
<trkpt lat="33.89148448068988" lon="132.23306662836623"><ele>328.6032818369391</ele></trkpt>
<trkpt lat="33.891225055118696" lon="132.23302861894214"><ele>331.62397349154287</ele></trkpt>
<trkpt lat="33.891161306545925" lon="132.23303654684025"><ele>332.30169904148465</ele></trkpt>
<trkpt lat="33.89100226178623" lon="132.23310364731944"><ele>333.8920682917711</ele></trkpt>
<trkpt lat="33.8909392180677" lon="132.2331372301739"><ele>334.46167884548595</ele></trkpt>
<trkpt lat="33.89086960595319" lon="132.23320958239955"><ele>334.87717580028885</ele></trkpt>
<trkpt lat="33.89084217135937" lon="132.233257819124"><ele>335.03716937400105</ele></trkpt>
<trkpt lat="33.890805546119545" lon="132.2333617650363"><ele>335.23416518539017</ele></trkpt>
<trkpt lat="33.89079577106982" lon="132.2334192000575"><ele>335.27496835945163</ele></trkpt>
<trkpt lat="33.89077249772319" lon="132.233657793995"><ele>334.97335986437974</ele></trkpt>
<trkpt lat="33.890759152323454" lon="132.23373103466136"><ele>334.7185339389949</ele></trkpt>
<trkpt lat="33.8907070564691" lon="132.23391002868766"><ele>333.6880469841956</ele></trkpt>
<trkpt lat="33.89066622544685" lon="132.234003963989"><ele>332.85846311751993</ele></trkpt>
<trkpt lat="33.89059725950548" lon="132.23410700259444"><ele>331.6478382023082</ele></trkpt>
<trkpt lat="33.89054570240838" lon="132.2341640084493"><ele>330.84649237636467</ele></trkpt>
<trkpt lat="33.89028902396883" lon="132.2344209796709"><ele>326.99542974478135</ele></trkpt>
<trkpt lat="33.890140466788765" lon="132.23456953659536"><ele>324.99798115252776</ele></trkpt>
<trkpt lat="33.8899100009257" lon="132.23480000209466"><ele>322.54900231997414</ele></trkpt>
<trkpt lat="33.88967900083514" lon="132.23503173767017"><ele>320.367497318885</ele></trkpt>
<trkpt lat="33.889410337983804" lon="132.23533187040815"><ele>317.8825215828904</ele></trkpt>
<trkpt lat="33.88907500096853" lon="132.23582000210135"><ele>313.37182891969013</ele></trkpt>
<trkpt lat="33.888741085719644" lon="132.23630933211814"><ele>309.97494033033416</ele></trkpt>
<trkpt lat="33.8886325976352" lon="132.2364869028004"><ele>308.50036813527106</ele></trkpt>
<trkpt lat="33.888521033330115" lon="132.2367194753967"><ele>306.51426634598874</ele></trkpt>
<trkpt lat="33.888438518932496" lon="132.2369910153712"><ele>304.8212789313811</ele></trkpt>
<trkpt lat="33.88839569823714" lon="132.23721739002934"><ele>302.93903116211004</ele></trkpt>
<trkpt lat="33.888380265949706" lon="132.23737752998306"><ele>301.5012363947686</ele></trkpt>
<trkpt lat="33.888380189517186" lon="132.23758546754843"><ele>299.86657565695367</ele></trkpt>
<trkpt lat="33.88839526966548" lon="132.23775291534798"><ele>298.7034919326243</ele></trkpt>
<trkpt lat="33.88851481898188" lon="132.2384116457473"><ele>294.2584606586173</ele></trkpt>
<trkpt lat="33.8885324362458" lon="132.23855020195103"><ele>293.221420226101</ele></trkpt>
<trkpt lat="33.8885246427643" lon="132.23863194598206"><ele>292.5362329899448</ele></trkpt>
<trkpt lat="33.88849060021083" lon="132.23881780949176"><ele>290.8757555171818</ele></trkpt>
<trkpt lat="33.88847524491082" lon="132.2388776926221"><ele>290.3456822259211</ele></trkpt>
<trkpt lat="33.888422382958616" lon="132.23899860643914"><ele>289.21757496272073</ele></trkpt>
<trkpt lat="33.88838966351491" lon="132.23904988436274"><ele>288.6888350903071</ele></trkpt>
<trkpt lat="33.88826225603963" lon="132.23919418801734"><ele>286.9884898598169</ele></trkpt>
<trkpt lat="33.88809664820207" lon="132.23933964672077"><ele>285.1777909464297</ele></trkpt>
<trkpt lat="33.88769848977546" lon="132.23968631942444"><ele>281.29366279277986</ele></trkpt>
<trkpt lat="33.887194028210146" lon="132.24012557691753"><ele>275.93248241963056</ele></trkpt>
<trkpt lat="33.887115753128384" lon="132.24019598609317"><ele>275.17570818163983</ele></trkpt>
<trkpt lat="33.8869844163558" lon="132.24033446336634"><ele>274.04686049200444</ele></trkpt>
<trkpt lat="33.886925082289686" lon="132.24041025314642"><ele>273.534064939265</ele></trkpt>
<trkpt lat="33.88676295062293" lon="132.24066316574198"><ele>272.0793297436988</ele></trkpt>
<trkpt lat="33.886723400513134" lon="132.24073233783164"><ele>271.7857375524909</ele></trkpt>
<trkpt lat="33.88669013884761" lon="132.2408101410472"><ele>271.54866369537126</ele></trkpt>
<trkpt lat="33.88663357430177" lon="132.24097131519426"><ele>271.2926112015096</ele></trkpt>
<trkpt lat="33.88661504815832" lon="132.24105869915644"><ele>271.2582285964827</ele></trkpt>
<trkpt lat="33.88656430663681" lon="132.24135721697223"><ele>271.56833762555726</ele></trkpt>
<trkpt lat="33.886554069518084" lon="132.2414404014013"><ele>271.82201445472566</ele></trkpt>
<trkpt lat="33.88655293786338" lon="132.24152451728696"><ele>272.15380555387065</ele></trkpt>
<trkpt lat="33.88656031888676" lon="132.24173808012029"><ele>273.0439137285636</ele></trkpt>
<trkpt lat="33.88661056075904" lon="132.24213094341067"><ele>273.7738558392686</ele></trkpt>
<trkpt lat="33.88670067943714" lon="132.24260937329822"><ele>274.7661142821855</ele></trkpt>
<trkpt lat="33.88684105724096" lon="132.24308018417398"><ele>275.6851938841559</ele></trkpt>
<trkpt lat="33.88707333745093" lon="132.2436188844239"><ele>276.55571564690985</ele></trkpt>
<trkpt lat="33.887306671194175" lon="132.24415777264733"><ele>277.0889327943915</ele></trkpt>
<trkpt lat="33.88740000348544" lon="132.2443733291115"><ele>276.71786521514895</ele></trkpt>
<trkpt lat="33.88749333616713" lon="132.24458888551638"><ele>275.1625692834814</ele></trkpt>
<trkpt lat="33.88768078421041" lon="132.24501983747587"><ele>271.1275083543225</ele></trkpt>
<trkpt lat="33.88779659892202" lon="132.24522700656271"><ele>268.87114608794127</ele></trkpt>
<trkpt lat="33.887937370235875" lon="132.24541750503997"><ele>265.5961441344107</ele></trkpt>
<trkpt lat="33.88798906127249" lon="132.24547399240345"><ele>264.4310397405905</ele></trkpt>
<trkpt lat="33.888456682383556" lon="132.24588647593143"><ele>255.5128922336271</ele></trkpt>
<trkpt lat="33.8886221380571" lon="132.24603259681533"><ele>252.16773877643553</ele></trkpt>
<trkpt lat="33.888891825565224" lon="132.246293839842"><ele>245.88988803739036</ele></trkpt>
<trkpt lat="33.8889596068556" lon="132.24636206481867"><ele>244.55049172096838</ele></trkpt>
<trkpt lat="33.889127424954225" lon="132.24657878386427"><ele>241.86816723621692</ele></trkpt>
<trkpt lat="33.88934581445638" lon="132.24695167636685"><ele>237.5591031916146</ele></trkpt>
<trkpt lat="33.889552856760645" lon="132.2473082506621"><ele>232.65860203693018</ele></trkpt>
<trkpt lat="33.88964635772244" lon="132.24746789645073"><ele>230.7397183663661</ele></trkpt>
<trkpt lat="33.88970095611742" lon="132.2475445674953"><ele>230.06043728968683</ele></trkpt>
<trkpt lat="33.889814591687156" lon="132.24767659301924"><ele>229.36247269355303</ele></trkpt>
<trkpt lat="33.89009993186327" lon="132.24800432833126"><ele>228.71113540029557</ele></trkpt>
<trkpt lat="33.89016564915891" lon="132.24806717689708"><ele>229.57684301664722</ele></trkpt>
<trkpt lat="33.89045311242815" lon="132.24829436415126"><ele>233.20417570114677</ele></trkpt>
<trkpt lat="33.890599499772925" lon="132.2484112992839"><ele>235.14737451819397</ele></trkpt>
<trkpt lat="33.8907967858052" lon="132.24860810416106"><ele>238.2197911421948</ele></trkpt>
<trkpt lat="33.89093883542742" lon="132.2487900563413"><ele>240.8288255435586</ele></trkpt>
<trkpt lat="33.89106343517412" lon="132.24901153303387"><ele>243.72746025638367</ele></trkpt>
<trkpt lat="33.891131434872726" lon="132.24918419990988"><ele>245.73382257569594</ele></trkpt>
<trkpt lat="33.89117207291665" lon="132.24932801368428"><ele>247.2747602287161</ele></trkpt>
<trkpt lat="33.891217877490526" lon="132.24954175054617"><ele>249.44618520819728</ele></trkpt>
<trkpt lat="33.891235339385275" lon="132.2496985420677"><ele>250.9240265339465</ele></trkpt>
<trkpt lat="33.89124688927106" lon="132.24985049574315"><ele>250.6210597664875</ele></trkpt>
<trkpt lat="33.89124475839454" lon="132.24993695734148"><ele>249.654804723415</ele></trkpt>
<trkpt lat="33.89123475361941" lon="132.25010563775098"><ele>246.3489493858246</ele></trkpt>
<trkpt lat="33.89121819381" lon="132.25023002031605"><ele>243.2494704317507</ele></trkpt>
<trkpt lat="33.891168183519284" lon="132.25042350600313"><ele>238.37903374844075</ele></trkpt>
<trkpt lat="33.891137815415476" lon="132.25053485357182"><ele>236.17152724118307</ele></trkpt>
<trkpt lat="33.89108534422519" lon="132.25069817255002"><ele>234.37542318791193</ele></trkpt>
<trkpt lat="33.891023633544684" lon="132.25089159434717"><ele>233.684847981762</ele></trkpt>
<trkpt lat="33.89100032059185" lon="132.25100675104213"><ele>233.52463255293847</ele></trkpt>
<trkpt lat="33.890984323300785" lon="132.25116017428084"><ele>233.49155918771228</ele></trkpt>
<trkpt lat="33.89098956850663" lon="132.25127749896274"><ele>233.59469414046708</ele></trkpt>
<trkpt lat="33.8910136608535" lon="132.25152876624887"><ele>233.86904806838712</ele></trkpt>
<trkpt lat="33.891048524435526" lon="132.25166628894732"><ele>233.4673662299031</ele></trkpt>
<trkpt lat="33.89108212702009" lon="132.25176018996422"><ele>232.5687074507147</ele></trkpt>
<trkpt lat="33.89116787636239" lon="132.2519588794811"><ele>228.94131714240388</ele></trkpt>
<trkpt lat="33.891334634401844" lon="132.25234361607082"><ele>220.48120881419442</ele></trkpt>
<trkpt lat="33.8914173412864" lon="132.25253444028644"><ele>217.32507998392444</ele></trkpt>
<trkpt lat="33.89150751309901" lon="132.2527424836632"><ele>216.11528352533315</ele></trkpt>
<trkpt lat="33.891597015167605" lon="132.25294898139168"><ele>216.0021880677615</ele></trkpt>
<trkpt lat="33.89231301518088" lon="132.2546009814217"><ele>216.00163286497138</ele></trkpt>
<trkpt lat="33.89240251449344" lon="132.25480748283405"><ele>217.44639114998944</ele></trkpt>
<trkpt lat="33.89249201122131" lon="132.2550139860914"><ele>219.1072869869896</ele></trkpt>
<trkpt lat="33.89258150897665" lon="132.25522048889002"><ele>221.22978852216028</ele></trkpt>
<trkpt lat="33.89276050482951" lon="132.25563349492737"><ele>225.90493206996348</ele></trkpt>
<trkpt lat="33.89285094924684" lon="132.2558407586394"><ele>228.03817233632117</ele></trkpt>
<trkpt lat="33.89294500029159" lon="132.25602999968777"><ele>229.61771209475563</ele></trkpt>
<trkpt lat="33.89304047414168" lon="132.2562195986471"><ele>230.9974450621668</ele></trkpt>
<trkpt lat="33.89340763011841" lon="132.2568589699598"><ele>231.00000000000006</ele></trkpt>
<trkpt lat="33.89346028162575" lon="132.25694814359318"><ele>230.9999999996249</ele></trkpt>
<trkpt lat="33.893788572467244" lon="132.2573785699481"><ele>230.93952978709095</ele></trkpt>
<trkpt lat="33.8939195555604" lon="132.25754793499513"><ele>230.2715878249975</ele></trkpt>
<trkpt lat="33.8940001644683" lon="132.25763016383274"><ele>229.3208459993647</ele></trkpt>
<trkpt lat="33.89416309578008" lon="132.2577910064596"><ele>226.67190484973315</ele></trkpt>
<trkpt lat="33.8943882481965" lon="132.25795789904154"><ele>223.07105768447542</ele></trkpt>
<trkpt lat="33.89457287855192" lon="132.25807048359218"><ele>219.6606885386195</ele></trkpt>
<trkpt lat="33.89489094608542" lon="132.25822079182757"><ele>214.5361275416583</ele></trkpt>
<trkpt lat="33.89501313868799" lon="132.2582598819751"><ele>212.7558135596305</ele></trkpt>
<trkpt lat="33.89523602233635" lon="132.25831344509442"><ele>209.54454574733995</ele></trkpt>
<trkpt lat="33.895429797239835" lon="132.25835950857817"><ele>207.2249900670185</ele></trkpt>
<trkpt lat="33.89562998301918" lon="132.2583951317393"><ele>205.89659137717328</ele></trkpt>
<trkpt lat="33.896139093745084" lon="132.25848395059992"><ele>203.6151573944502</ele></trkpt>
<trkpt lat="33.89629741015633" lon="132.25848921434692"><ele>202.83508558733874</ele></trkpt>
<trkpt lat="33.89638123943763" lon="132.25847923814834"><ele>202.48640069824734</ele></trkpt>
<trkpt lat="33.89663187898972" lon="132.25841736787825"><ele>201.6538705138705</ele></trkpt>
<trkpt lat="33.896790318105445" lon="132.25834730378284"><ele>200.8623175893437</ele></trkpt>
<trkpt lat="33.89690585616774" lon="132.258273878193"><ele>200.1508567409089</ele></trkpt>
<trkpt lat="33.89696774156907" lon="132.2582266468957"><ele>199.73473239350386</ele></trkpt>
<trkpt lat="33.89703060244947" lon="132.25816410389453"><ele>199.27520900465413</ele></trkpt>
<trkpt lat="33.89711544865923" lon="132.2580661065926"><ele>198.6496975270732</ele></trkpt>
<trkpt lat="33.897281382178406" lon="132.257846928929"><ele>197.3306770088032</ele></trkpt>
<trkpt lat="33.89751917607578" lon="132.2574596375895"><ele>194.5524984067899</ele></trkpt>
<trkpt lat="33.89767009616833" lon="132.2571415060153"><ele>193.08835640973064</ele></trkpt>
<trkpt lat="33.897858598160845" lon="132.25683304433295"><ele>191.7341802030763</ele></trkpt>
<trkpt lat="33.89795000589448" lon="132.25672136355644"><ele>191.3058085146082</ele></trkpt>
<trkpt lat="33.898103079778245" lon="132.2565773234188"><ele>190.51615203164778</ele></trkpt>
<trkpt lat="33.89818951336238" lon="132.2565177283526"><ele>189.9526150675167</ele></trkpt>
<trkpt lat="33.89844057186432" lon="132.2563837934423"><ele>188.37269482605896</ele></trkpt>
<trkpt lat="33.89858442839092" lon="132.2563427048302"><ele>187.67091618838617</ele></trkpt>
<trkpt lat="33.89874408528966" lon="132.2563271811693"><ele>186.61740142771322</ele></trkpt>
<trkpt lat="33.899220912446324" lon="132.2562899291013"><ele>182.70889344812767</ele></trkpt>
<trkpt lat="33.89985848158306" lon="132.25624103812882"><ele>177.91392968329856</ele></trkpt>
<trkpt lat="33.90055754378964" lon="132.25627040261347"><ele>172.37560832533507</ele></trkpt>
</trkseg>
</trk></gpx>
