<?xml version='1.0' encoding='UTF-8'?>
<gpx version="1.1"
  creator="GPXmagic"
  xmlns="http://www.topografix.com/GPX/1/1"
  xmlns:rgt="http://www.rgtcycling.com/XML/GpxExtensions/v1"
  xmlns:xsi="http://www.w3.org/2001/XMLSchema-instance" xsi:schemaLocation="http://www.topografix.com/GPX/1/1
  http://www.topografix.com/GPX/1/1/gpx.xsd">
  <metadata>
    <name>Smoothed with GPXmagic</name>
    <author>
      <link href="https://www.stepwiserefinement.co.uk">
        <text>GPXmagic v3</text>
        <type>text/html</type>
      </link>
    </author>
  </metadata>
<trk>  <name>Trofeo&#32;Oro&#32;in&#32;Euro</name>
<trkseg>
<trkpt lat="43.9765" lon="10.14537"><ele>2.8000000000000003</ele></trkpt>
<trkpt lat="43.97688784059108" lon="10.144906856865873"><ele>2.890586419753087</ele></trkpt>
<trkpt lat="43.9770944315352" lon="10.144660147102675"><ele>2.9816272290809334</ele></trkpt>
<trkpt lat="43.97726993522683" lon="10.144450313958927"><ele>3.1145113168724285</ele></trkpt>
<trkpt lat="43.97735568985272" lon="10.144347269805174"><ele>3.1849134087791495</ele></trkpt>
<trkpt lat="43.9774261744549" lon="10.144261579004567"><ele>3.2437259945130315</ele></trkpt>
<trkpt lat="43.97752181274189" lon="10.144145187736584"><ele>3.3226268861454047</ele></trkpt>
<trkpt lat="43.977568686910764" lon="10.144088141994601"><ele>3.330980795610425</ele></trkpt>
<trkpt lat="43.977637053839736" lon="10.144004939457817"><ele>3.3948070987654324</ele></trkpt>
<trkpt lat="43.977765268345536" lon="10.143848901917215"><ele>3.702771776406036</ele></trkpt>
<trkpt lat="43.97790344363582" lon="10.14366934274407"><ele>4.081417181069959</ele></trkpt>
<trkpt lat="43.97805495111415" lon="10.143472292145855"><ele>4.470703875171467</ele></trkpt>
<trkpt lat="43.97819175166888" lon="10.14329435082509"><ele>4.7266203703703695</ele></trkpt>
<trkpt lat="43.97834500278468" lon="10.143095009801113"><ele>4.896805555555556</ele></trkpt>
<trkpt lat="43.97849825369409" lon="10.142895667739726"><ele>4.9679166666666665</ele></trkpt>
<trkpt lat="43.97856666916573" lon="10.142806675406815"><ele>4.924166666666666</ele></trkpt>
<trkpt lat="43.97863509153395" lon="10.142717672289484"><ele>4.807572016460906</ele></trkpt>
<trkpt lat="43.978709050062555" lon="10.142621454395902"><ele>4.619989711934156</ele></trkpt>
<trkpt lat="43.97886909684147" lon="10.14241299252121"><ele>4.142644032921811</ele></trkpt>
<trkpt lat="43.979018507900996" lon="10.142217156717766"><ele>3.755833333333334</ele></trkpt>
<trkpt lat="43.97909480779753" lon="10.142116260273754"><ele>3.6193672839506177</ele></trkpt>
<trkpt lat="43.979272902315216" lon="10.141879408309196"><ele>3.396157407407408</ele></trkpt>
<trkpt lat="43.97945399369802" lon="10.141638030642953"><ele>3.2191820987654327</ele></trkpt>
<trkpt lat="43.97961602504817" lon="10.141421995655895"><ele>3.1049116941015096</ele></trkpt>
<trkpt lat="43.979797507421644" lon="10.141180023231176"><ele>3.0220036008230458</ele></trkpt>
<trkpt lat="43.98006000808167" lon="10.140830024785323"><ele>2.927291666666667</ele></trkpt>
<trkpt lat="43.98041648847415" lon="10.140354713297775"><ele>2.8292223936899865</ele></trkpt>
<trkpt lat="43.98058500593926" lon="10.14013001860353"><ele>2.774375</ele></trkpt>
<trkpt lat="43.980753169131965" lon="10.139905907348302"><ele>2.6978532235939645</ele></trkpt>
<trkpt lat="43.98084567063889" lon="10.139783040785066"><ele>2.6508307613168727</ele></trkpt>
<trkpt lat="43.98093505359372" lon="10.139665330054818"><ele>2.6052220507544583</ele></trkpt>
<trkpt lat="43.98101158950034" lon="10.139566786309976"><ele>2.56803926611797</ele></trkpt>
<trkpt lat="43.981070938164606" lon="10.139494585895148"><ele>2.5433333333333334</ele></trkpt>
<trkpt lat="43.98111660223351" lon="10.139445980274749"><ele>2.531207133058985</ele></trkpt>
<trkpt lat="43.98115548021914" lon="10.139413162352305"><ele>2.5289574759945133</ele></trkpt>
<trkpt lat="43.98119394936245" lon="10.139388400389846"><ele>2.5325102880658443</ele></trkpt>
<trkpt lat="43.98123372385718" lon="10.139368074494996"><ele>2.5371193415637863</ele></trkpt>
<trkpt lat="43.98127453232222" lon="10.139351390645482"><ele>2.538641975308642</ele></trkpt>
<trkpt lat="43.981315390946506" lon="10.139339691380151"><ele>2.5337448559670785</ele></trkpt>
<trkpt lat="43.98135759259259" lon="10.139334183815818"><ele>2.520342935528121</ele></trkpt>
<trkpt lat="43.981402386831284" lon="10.139335713288341"><ele>2.4975582990397807</ele></trkpt>
<trkpt lat="43.981449218107" lon="10.13934390943131"><ele>2.4668724279835397</ele></trkpt>
<trkpt lat="43.98149433867454" lon="10.139357196534835"><ele>2.432437041836135</ele></trkpt>
<trkpt lat="43.98153370383592" lon="10.139373780167132"><ele>2.3989347802613112</ele></trkpt>
<trkpt lat="43.98156526279216" lon="10.13939217422689"><ele>2.3702836866669066</ele></trkpt>
<trkpt lat="43.98159126420292" lon="10.139413361817011"><ele>2.3475396625434417</ele></trkpt>
<trkpt lat="43.981616290417186" lon="10.139440900044166"><ele>2.330439017464717</ele></trkpt>
<trkpt lat="43.981646829692565" lon="10.139481697067477"><ele>2.316924198250729</ele></trkpt>
<trkpt lat="43.98168914042374" lon="10.139544064848288"><ele>2.3050145772594752</ele></trkpt>
<trkpt lat="43.98174825642828" lon="10.139634905667629"><ele>2.292819889860706</ele></trkpt>
<trkpt lat="43.98182498917081" lon="10.139754901585164"><ele>2.2797797214123747</ele></trkpt>
<trkpt lat="43.98191402519093" lon="10.139895124348907"><ele>2.2670310981535473</ele></trkpt>
<trkpt lat="43.98216833393301" lon="10.140297009905707"><ele>2.268279883381924</ele></trkpt>
<trkpt lat="43.98231878587625" lon="10.140534902177855"><ele>2.3478895367670876</ele></trkpt>
<trkpt lat="43.98249668635063" lon="10.140816062133748"><ele>2.5002769679300294</ele></trkpt>
<trkpt lat="43.9826684632094" lon="10.141086478276065"><ele>2.654744088111435</ele></trkpt>
<trkpt lat="43.982735948003906" lon="10.14119151361987"><ele>2.7081632653061227</ele></trkpt>
<trkpt lat="43.98279267517361" lon="10.141278329392625"><ele>2.743265306122449</ele></trkpt>
<trkpt lat="43.98284520619765" lon="10.141356897576255"><ele>2.7636610128495844</ele></trkpt>
<trkpt lat="43.98289932314607" lon="10.14143619049037"><ele>2.774148692365835</ele></trkpt>
<trkpt lat="43.983013496395714" lon="10.141600262608634"><ele>2.783222978080121</ele></trkpt>
<trkpt lat="43.983064106120494" lon="10.141671417793544"><ele>2.7895875434618294</ele></trkpt>
<trkpt lat="43.98310531103835" lon="10.141727599316841"><ele>2.8009252949245544</ele></trkpt>
<trkpt lat="43.98313884216265" lon="10.141771259252971"><ele>2.8179589849108373</ele></trkpt>
<trkpt lat="43.98319639433782" lon="10.14184389052167"><ele>2.8602856515775037</ele></trkpt>
<trkpt lat="43.983227375454156" lon="10.141885685127042"><ele>2.8794882578875174</ele></trkpt>
<trkpt lat="43.98326611160221" lon="10.141941803766247"><ele>2.8958333333333335</ele></trkpt>
<trkpt lat="43.98331809651053" lon="10.142020685461311"><ele>2.9104792524005494</ele></trkpt>
<trkpt lat="43.98338574004425" lon="10.142125559505242"><ele>2.924870541838135</ele></trkpt>
<trkpt lat="43.98354720248516" lon="10.142378492873721"><ele>2.9520541838134435</ele></trkpt>
<trkpt lat="43.98376868762804" lon="10.14272648982048"><ele>2.966257716049383</ele></trkpt>
<trkpt lat="43.98409132138652" lon="10.143233485726546"><ele>2.939560185185185</ele></trkpt>
<trkpt lat="43.98439692972733" lon="10.14371384715992"><ele>2.9254886831275724</ele></trkpt>
<trkpt lat="43.98456045876918" lon="10.143971773657407"><ele>2.9243295610425246</ele></trkpt>
<trkpt lat="43.98463555733168" lon="10.144091105487025"><ele>2.926250000000001</ele></trkpt>
<trkpt lat="43.9847127233121" lon="10.144214569052451"><ele>2.9304878257887523</ele></trkpt>
<trkpt lat="43.984890266840004" lon="10.144500504449642"><ele>2.9446579218106996</ele></trkpt>
<trkpt lat="43.985150011670534" lon="10.14491997057383"><ele>2.956458333333334</ele></trkpt>
<trkpt lat="43.98550310280141" lon="10.145490329352235"><ele>2.9198431069958852</ele></trkpt>
<trkpt lat="43.985670017828674" lon="10.145759955863934"><ele>2.9160416666666666</ele></trkpt>
<trkpt lat="43.98583693194008" lon="10.14602958389193"><ele>2.9486942729766805</ele></trkpt>
<trkpt lat="43.986190017833266" lon="10.146599955870673"><ele>3.042291666666667</ele></trkpt>
<trkpt lat="43.98635692996939" lon="10.146869588622566"><ele>3.057056755829904</ele></trkpt>
<trkpt lat="43.98671001168181" lon="10.147439970590703"><ele>3.0568750000000002</ele></trkpt>
<trkpt lat="43.98696983516859" lon="10.147860007645157"><ele>3.045488683127572</ele></trkpt>
<trkpt lat="43.98706249049714" lon="10.148010444195817"><ele>3.0418304183813447</ele></trkpt>
<trkpt lat="43.98714813233141" lon="10.148150594437107"><ele>3.0406567215363514</ele></trkpt>
<trkpt lat="43.98722635577143" lon="10.148280515559259"><ele>3.043541666666667</ele></trkpt>
<trkpt lat="43.98730322349738" lon="10.148410628817652"><ele>3.0514523319615914</ele></trkpt>
<trkpt lat="43.98738508012235" lon="10.148551315691682"><ele>3.064224108367627</ele></trkpt>
<trkpt lat="43.987472330546375" lon="10.148702518979116"><ele>3.080097736625515</ele></trkpt>
<trkpt lat="43.987715002438804" lon="10.149124993050057"><ele>3.1185416666666668</ele></trkpt>
<trkpt lat="43.98795698840796" lon="10.149546395177413"><ele>3.1249511316872427</ele></trkpt>
<trkpt lat="43.98804252161197" lon="10.149694903380569"><ele>3.1248208161865567</ele></trkpt>
<trkpt lat="43.98812028482558" lon="10.149829160030633"><ele>3.1261719821673526</ele></trkpt>
<trkpt lat="43.9881890628209" lon="10.149946560646404"><ele>3.1304166666666666</ele></trkpt>
<trkpt lat="43.988254214748515" lon="10.150055976614029"><ele>3.1386246227709194</ele></trkpt>
<trkpt lat="43.988392908461556" lon="10.150285197477825"><ele>3.1658812757201646</ele></trkpt>
<trkpt lat="43.98846076325736" lon="10.150397915036152"><ele>3.1804115912208504</ele></trkpt>
<trkpt lat="43.98851692263058" lon="10.150493870590003"><ele>3.1911061042524</ele></trkpt>
<trkpt lat="43.9885566162963" lon="10.150566706339408"><ele>3.195768888888889</ele></trkpt>
<trkpt lat="43.988582130370375" lon="10.150620479845053"><ele>3.1945466666666666</ele></trkpt>
<trkpt lat="43.98861661925927" lon="10.150703893219553"><ele>3.183577777777778</ele></trkpt>
<trkpt lat="43.988640171851856" lon="10.150748839782448"><ele>3.179413333333333</ele></trkpt>
<trkpt lat="43.98867650814815" lon="10.150805227759417"><ele>3.178496296296296</ele></trkpt>
<trkpt lat="43.988728194074085" lon="10.150876811286828"><ele>3.1810725925925927</ele></trkpt>
<trkpt lat="43.98879109777778" lon="10.150959070467968"><ele>3.186688888888889</ele></trkpt>
<trkpt lat="43.98885586962963" lon="10.151039749061429"><ele>3.1951792592592594</ele></trkpt>
<trkpt lat="43.988913930370366" lon="10.151105938864873"><ele>3.2075629629629634</ele></trkpt>
<trkpt lat="43.988962436378614" lon="10.151151725407386"><ele>3.2256771330589853</ele></trkpt>
<trkpt lat="43.98900416954748" lon="10.151179788738549"><ele>3.251716117969822</ele></trkpt>
<trkpt lat="43.98904289950704" lon="10.151196790517007"><ele>3.288515102880659</ele></trkpt>
<trkpt lat="43.98908170016768" lon="10.151209188311432"><ele>3.3432355006858714</ele></trkpt>
<trkpt lat="43.98917583335204" lon="10.15123770788495"><ele>3.5745833333333334</ele></trkpt>
<trkpt lat="43.98933334711117" lon="10.151290321137255"><ele>4.1088485939643355</ele></trkpt>
<trkpt lat="43.98954461259886" lon="10.151362750974098"><ele>4.886325445816188</ele></trkpt>
<trkpt lat="43.989740000142255" lon="10.151429997838203"><ele>5.683125</ele></trkpt>
<trkpt lat="43.9899359440469" lon="10.15149763178919"><ele>6.625412379972566</ele></trkpt>
<trkpt lat="43.99004573311802" lon="10.151536171133843"><ele>7.179819958847737</ele></trkpt>
<trkpt lat="43.99015676962307" lon="10.151576706366336"><ele>7.725412379972567</ele></trkpt>
<trkpt lat="43.99026282157954" lon="10.151618722909522"><ele>8.19963134430727</ele></trkpt>
<trkpt lat="43.990365625111814" lon="10.151664998356557"><ele>8.576458333333333</ele></trkpt>
<trkpt lat="43.99047424144269" lon="10.151720573788051"><ele>8.873672839506174</ele></trkpt>
<trkpt lat="43.990596522937324" lon="10.15178855631883"><ele>9.124375</ele></trkpt>
<trkpt lat="43.99073073346804" lon="10.151866168453559"><ele>9.345370370370372</ele></trkpt>
<trkpt lat="43.99086619142081" lon="10.151945776716005"><ele>9.524452160493828</ele></trkpt>
<trkpt lat="43.99099272958242" lon="10.15202057051007"><ele>9.632129629629631</ele></trkpt>
<trkpt lat="43.99111000070751" lon="10.152089994242443"><ele>9.638541666666667</ele></trkpt>
<trkpt lat="43.99122726319014" lon="10.152159430249183"><ele>9.528805727023322</ele></trkpt>
<trkpt lat="43.991353715426584" lon="10.152234344957815"><ele>9.310173182441703</ele></trkpt>
<trkpt lat="43.991488778737" lon="10.152314506919842"><ele>9.014426440329219</ele></trkpt>
<trkpt lat="43.991621762997326" lon="10.152393837490425"><ele>8.683668552812073</ele></trkpt>
<trkpt lat="43.99174112074325" lon="10.152465914920672"><ele>8.34556498628258</ele></trkpt>
<trkpt lat="43.99184395847628" lon="10.152529581507359"><ele>7.992916666666667</ele></trkpt>
<trkpt lat="43.99193777014483" lon="10.15258982662621"><ele>7.589094060356654</ele></trkpt>
<trkpt lat="43.9920324156242" lon="10.15265268678012"><ele>7.105624170096023</ele></trkpt>
<trkpt lat="43.992132223970096" lon="10.152720304785962"><ele>6.556602181069959</ele></trkpt>
<trkpt lat="43.99223338964883" lon="10.152789449528822"><ele>6.007636145404664</ele></trkpt>
<trkpt lat="43.99233190740073" lon="10.152856998154752"><ele>5.528898998628258</ele></trkpt>
<trkpt lat="43.992428709985795" lon="10.152923420694153"><ele>5.154688888888889</ele></trkpt>
<trkpt lat="43.992529112903384" lon="10.152992280179012"><ele>4.86828</ele></trkpt>
<trkpt lat="43.99263364912411" lon="10.153063815450949"><ele>4.640333333333333</ele></trkpt>
<trkpt lat="43.9927358860787" lon="10.153133339028642"><ele>4.4554977777777784</ele></trkpt>
<trkpt lat="43.992828443046896" lon="10.15319533369817"><ele>4.3162</ele></trkpt>
<trkpt lat="43.99291019745947" lon="10.153248588148703"><ele>4.224250521262003</ele></trkpt>
<trkpt lat="43.99298605214038" lon="10.153296293133163"><ele>4.1715270919067216</ele></trkpt>
<trkpt lat="43.99305961226741" lon="10.153341219465196"><ele>4.145142674897119</ele></trkpt>
<trkpt lat="43.99313150867018" lon="10.153384215813983"><ele>4.134946474622771</ele></trkpt>
<trkpt lat="43.993202207297735" lon="10.153425647654563"><ele>4.137388792866941</ele></trkpt>
<trkpt lat="43.9932775" lon="10.153468749396723"><ele>4.15375</ele></trkpt>
<trkpt lat="43.993366231138545" lon="10.153518509096893"><ele>4.186548353909465</ele></trkpt>
<trkpt lat="43.993594804526744" lon="10.153644510121408"><ele>4.295293209876543</ele></trkpt>
<trkpt lat="43.99371557956103" lon="10.153710182394269"><ele>4.3554578189300415</ele></trkpt>
<trkpt lat="43.993821910150885" lon="10.153766842473003"><ele>4.406239711934157</ele></trkpt>
<trkpt lat="43.99390833333333" lon="10.153810832807835"><ele>4.4425</ele></trkpt>
<trkpt lat="43.993979706748966" lon="10.153844141123203"><ele>4.4648690260631</ele></trkpt>
<trkpt lat="43.994044665596704" lon="10.153871268108322"><ele>4.477209903978052</ele></trkpt>
<trkpt lat="43.99410919209876" lon="10.153896044169171"><ele>4.483997448559671</ele></trkpt>
<trkpt lat="43.9942403635391" lon="10.153945217793405"><ele>4.494636927297669</ele></trkpt>
<trkpt lat="43.9943101615295" lon="10.15397258425125"><ele>4.503154430727023</ele></trkpt>
<trkpt lat="43.994387111145414" lon="10.154003820359458"><ele>4.515072565157751</ele></trkpt>
<trkpt lat="43.994552214787376" lon="10.154072820871676"><ele>4.544650589849108</ele></trkpt>
<trkpt lat="43.994630059060356" lon="10.154106173033044"><ele>4.559416159122086</ele></trkpt>
<trkpt lat="43.994705625" lon="10.15413937459164"><ele>4.574166666666667</ele></trkpt>
<trkpt lat="43.99478648233882" lon="10.154175852535543"><ele>4.590402091906721</ele></trkpt>
<trkpt lat="43.99498180812758" lon="10.154266123250213"><ele>4.631808127572017</ele></trkpt>
<trkpt lat="43.99508774091222" lon="10.154315818027651"><ele>4.6571776406035665</ele></trkpt>
<trkpt lat="43.9951907107339" lon="10.154364833794244"><ele>4.686790980795611</ele></trkpt>
<trkpt lat="43.99529291666667" lon="10.154414582488162"><ele>4.724375000000001</ele></trkpt>
<trkpt lat="43.99540363983199" lon="10.154469755011558"><ele>4.774722222222223</ele></trkpt>
<trkpt lat="43.995530331361834" lon="10.154533905129648"><ele>4.839791666666668</ele></trkpt>
<trkpt lat="43.99580921639904" lon="10.154676725294403"><ele>4.990208333333334</ele></trkpt>
<trkpt lat="43.99593519849215" lon="10.154741869064484"><ele>5.055277777777778</ele></trkpt>
<trkpt lat="43.99604447920756" lon="10.15479906133373"><ele>5.105625</ele></trkpt>
<trkpt lat="43.996145004835704" lon="10.154852592220221"><ele>5.143449650205762</ele></trkpt>
<trkpt lat="43.9963554935417" lon="10.154967035332039"><ele>5.205018950617285</ele></trkpt>
<trkpt lat="43.9965726661603" lon="10.15508623950829"><ele>5.292742242798354</ele></trkpt>
<trkpt lat="43.99667731727827" lon="10.15514375053737"><ele>5.367223120713306</ele></trkpt>
<trkpt lat="43.99689352948819" lon="10.155262715838829"><ele>5.587914176954733</ele></trkpt>
<trkpt lat="43.997095718916626" lon="10.15537508606256"><ele>5.819787318244171</ele></trkpt>
<trkpt lat="43.99718468754089" lon="10.155425728192753"><ele>5.916458333333334</ele></trkpt>
<trkpt lat="43.997274677658865" lon="10.155478100519463"><ele>6.007306241426613</ele></trkpt>
<trkpt lat="43.99737334062806" lon="10.155536441086241"><ele>6.10113254458162</ele></trkpt>
<trkpt lat="43.997587021187655" lon="10.155663466549319"><ele>6.297058470507546</ele></trkpt>
<trkpt lat="43.99768625174451" lon="10.155721665335065"><ele>6.388046982167354</ele></trkpt>
<trkpt lat="43.997777395900265" lon="10.155773749028892"><ele>6.4731250000000005</ele></trkpt>
<trkpt lat="43.99786757514601" lon="10.155823512128945"><ele>6.559365569272978</ele></trkpt>
<trkpt lat="43.997964139447895" lon="10.155875265800637"><ele>6.653599965706448</ele></trkpt>
<trkpt lat="43.998067378147375" lon="10.155929704626253"><ele>6.755781893004116</ele></trkpt>
<trkpt lat="43.99844375176988" lon="10.156126307272675"><ele>7.154060356652949</ele></trkpt>
<trkpt lat="43.99864345325025" lon="10.156230779713262"><ele>7.390977366255145</ele></trkpt>
<trkpt lat="43.99874877593623" lon="10.156286445448954"><ele>7.5166315157750345</ele></trkpt>
<trkpt lat="43.99885031005684" lon="10.15634112346289"><ele>7.635233196159123</ele></trkpt>
<trkpt lat="43.998950312566926" lon="10.156396665458283"><ele>7.747291666666667</ele></trkpt>
<trkpt lat="43.99905787340093" lon="10.156458404484015"><ele>7.862153635116599</ele></trkpt>
<trkpt lat="43.999180522988475" lon="10.156530363300279"><ele>7.989237825788752</ele></trkpt>
<trkpt lat="43.99945336635557" lon="10.156691894828917"><ele>8.278852023319615</ele></trkpt>
<trkpt lat="43.99958211723636" lon="10.15676740111311"><ele>8.43431412894376</ele></trkpt>
<trkpt lat="43.999702083418875" lon="10.156836352367412"><ele>8.606875</ele></trkpt>
<trkpt lat="43.99982284138552" lon="10.156903960636095"><ele>8.815520404663923</ele></trkpt>
<trkpt lat="43.99995392345856" lon="10.156975816273665"><ele>9.072059327846365</ele></trkpt>
<trkpt lat="44.000236439144736" lon="10.15712854215833"><ele>9.673085562414265</ele></trkpt>
<trkpt lat="44.00049000065008" lon="10.157264994355064"><ele>10.257916666666667</ele></trkpt>
<trkpt lat="44.000611912912646" lon="10.157330581764244"><ele>10.564575617283952</ele></trkpt>
<trkpt lat="44.00102616284238" lon="10.157553748281849"><ele>11.658410493827162</ele></trkpt>
<trkpt lat="44.00115739089408" lon="10.157624874740813"><ele>11.986149691358024</ele></trkpt>
<trkpt lat="44.0012784376756" lon="10.157691039307782"><ele>12.256458333333333</ele></trkpt>
<trkpt lat="44.00139890324645" lon="10.157757590784517"><ele>12.48468878600823</ele></trkpt>
<trkpt lat="44.00152850853525" lon="10.157829797653546"><ele>12.69610596707819</ele></trkpt>
<trkpt lat="44.00180622098081" lon="10.157985374696786"><ele>13.119863683127573</ele></trkpt>
<trkpt lat="44.00193540059966" lon="10.158057865695062"><ele>13.340645576131687</ele></trkpt>
<trkpt lat="44.002055000684464" lon="10.158124994334823"><ele>13.587916666666667</ele></trkpt>
<trkpt lat="44.00217457755433" lon="10.158192109094593"><ele>13.889922839506172</ele></trkpt>
<trkpt lat="44.0023035255068" lon="10.158264459498692"><ele>14.26141975308642</ele></trkpt>
<trkpt lat="44.00257686243063" lon="10.158417366418247"><ele>15.09229938271605</ele></trkpt>
<trkpt lat="44.00269857399025" lon="10.15848475129928"><ele>15.438256172839507</ele></trkpt>
<trkpt lat="44.00280343759006" lon="10.158541769422364"><ele>15.688333333333333</ele></trkpt>
<trkpt lat="44.00289843261047" lon="10.158592003938919"><ele>15.848883744855968</ele></trkpt>
<trkpt lat="44.0029926849864" lon="10.158640436485257"><ele>15.947597736625516</ele></trkpt>
<trkpt lat="44.00308949910778" lon="10.15868904635947"><ele>16.018225308641977</ele></trkpt>
<trkpt lat="44.00318546083366" lon="10.158736034496913"><ele>16.094341563786006</ele></trkpt>
<trkpt lat="44.00327680451975" lon="10.15877893298645"><ele>16.211784979423868</ele></trkpt>
<trkpt lat="44.003365885497054" lon="10.158817915295625"><ele>16.410416666666666</ele></trkpt>
<trkpt lat="44.00346085427865" lon="10.158856107175128"><ele>16.72419667352538</ele></trkpt>
<trkpt lat="44.00356847934142" lon="10.158896690667028"><ele>17.160746742112483</ele></trkpt>
<trkpt lat="44.003686995628975" lon="10.158939897441831"><ele>17.681988168724285</ele></trkpt>
<trkpt lat="44.003918732839644" lon="10.159022953994876"><ele>18.69225222908094</ele></trkpt>
<trkpt lat="44.00402250071944" lon="10.159059991844169"><ele>19.08854166666667</ele></trkpt>
<trkpt lat="44.004126281654194" lon="10.159097028107242"><ele>19.425087448559676</ele></trkpt>
<trkpt lat="44.00423836504668" lon="10.159137027416898"><ele>19.737728909465023</ele></trkpt>
<trkpt lat="44.004591220112054" lon="10.159262952156562"><ele>20.638667695473256</ele></trkpt>
<trkpt lat="44.00479878184606" lon="10.159337026232588"><ele>21.251359739369</ele></trkpt>
<trkpt lat="44.00515163667513" lon="10.159462953351007"><ele>22.440952503429354</ele></trkpt>
<trkpt lat="44.00536750074829" lon="10.159539991854217"><ele>23.104374999999997</ele></trkpt>
<trkpt lat="44.00558326807245" lon="10.159617012038915"><ele>23.605402091906722</ele></trkpt>
<trkpt lat="44.00582237853412" lon="10.15970261656508"><ele>24.07433727709191</ele></trkpt>
<trkpt lat="44.00602932302205" lon="10.15977791509449"><ele>24.478958333333335</ele></trkpt>
<trkpt lat="44.00622455669498" lon="10.159851566372188"><ele>24.890041838134433</ele></trkpt>
<trkpt lat="44.00644630799577" lon="10.159936837069443"><ele>25.400858196159124</ele></trkpt>
<trkpt lat="44.00655626436816" lon="10.159979259451113"><ele>25.692324931412895</ele></trkpt>
<trkpt lat="44.006664426818105" lon="10.160020993458165"><ele>26.024971851851856</ele></trkpt>
<trkpt lat="44.00677650679881" lon="10.160064140283357"><ele>26.416690370370375</ele></trkpt>
<trkpt lat="44.00689272010002" lon="10.160108478386997"><ele>26.853395555555558</ele></trkpt>
<trkpt lat="44.00700505339829" lon="10.16015022994613"><ele>27.287370370370372</ele></trkpt>
<trkpt lat="44.00710389336902" lon="10.160184550396833"><ele>27.669771851851856</ele></trkpt>
<trkpt lat="44.007187526335755" lon="10.16020945311896"><ele>27.987634629629632</ele></trkpt>
<trkpt lat="44.00726186285325" lon="10.16022655271077"><ele>28.261778703703705</ele></trkpt>
<trkpt lat="44.00733245021005" lon="10.16023861581003"><ele>28.514190555555558</ele></trkpt>
<trkpt lat="44.00739887388923" lon="10.160247212357037"><ele>28.74428925925926</ele></trkpt>
<trkpt lat="44.0074580522454" lon="10.160252525462061"><ele>28.940096087962967</ele></trkpt>
<trkpt lat="44.00750890914352" lon="10.160254337379765"><ele>29.09801215277778</ele></trkpt>
<trkpt lat="44.007554340277785" lon="10.16025269098447"><ele>29.234453125000005</ele></trkpt>
<trkpt lat="44.00759864872685" lon="10.160247115195762"><ele>29.378472222222225</ele></trkpt>
<trkpt lat="44.00764640335649" lon="10.160236533630345"><ele>29.56203993055556</ele></trkpt>
<trkpt lat="44.00770046875" lon="10.160220379149983"><ele>29.80348090277778</ele></trkpt>
<trkpt lat="44.007759505208334" lon="10.160200659834203"><ele>30.091927083333335</ele></trkpt>
<trkpt lat="44.00781610477599" lon="10.160182572830507"><ele>30.230433945254365</ele></trkpt>
<trkpt lat="44.00785564036234" lon="10.160171411377076"><ele>30.326648179755523</ele></trkpt>
<trkpt lat="44.007895535201925" lon="10.16016307643338"><ele>30.422862414256677</ele></trkpt>
<trkpt lat="44.00793568483495" lon="10.160157589829044"><ele>30.51907664875783</ele></trkpt>
<trkpt lat="44.00797598413449" lon="10.160154965935817"><ele>30.61529088325899</ele></trkpt>
<trkpt lat="44.00801632758172" lon="10.160155211629865"><ele>30.711505117760147</ele></trkpt>
<trkpt lat="44.00805660954223" lon="10.160158326273718"><ele>30.8077193522613</ele></trkpt>
<trkpt lat="44.00809672454262" lon="10.160164301717874"><ele>30.903933586762456</ele></trkpt>
<trkpt lat="44.00813656754661" lon="10.160173122322073"><ele>31.000147821263614</ele></trkpt>
<trkpt lat="44.00817603423015" lon="10.1601847649962"><ele>31.09636205576477</ele></trkpt>
<trkpt lat="44.00821502125452" lon="10.16019919926067"><ele>31.192576290265926</ele></trkpt>
<trkpt lat="44.008253426536946" lon="10.160216387326198"><ele>31.28879052476708</ele></trkpt>
<trkpt lat="44.00829114951785" lon="10.160236284192667"><ele>31.385004759268238</ele></trkpt>
<trkpt lat="44.008328091424204" lon="10.160258837766932"><ele>31.481218993769396</ele></trkpt>
<trkpt lat="44.008393631111105" lon="10.16030587502695"><ele>31.65711851851852</ele></trkpt>
<trkpt lat="44.008466284444445" lon="10.160374683657231"><ele>31.71886814814815</ele></trkpt>
<trkpt lat="44.00854924000001" lon="10.160460505767222"><ele>31.79668888888889</ele></trkpt>
<trkpt lat="44.00869914222222" lon="10.160618941689382"><ele>31.948940740740746</ele></trkpt>
<trkpt lat="44.008749222277096" lon="10.160668744900786"><ele>32.008013058984915</ele></trkpt>
<trkpt lat="44.00878521591221" lon="10.160699602342806"><ele>32.05950809327847</ele></trkpt>
<trkpt lat="44.0088161290535" lon="10.160719305127934"><ele>32.111677695473254</ele></trkpt>
<trkpt lat="44.00884954375857" lon="10.160734494774502"><ele>32.168790836762696</ele></trkpt>
<trkpt lat="44.00888938463649" lon="10.160748660203113"><ele>32.23212224965707</ele></trkpt>
<trkpt lat="44.00893384872428" lon="10.160762188099193"><ele>32.300193415637864</ele></trkpt>
<trkpt lat="44.00898043840878" lon="10.160774666614914"><ele>32.37746721536352</ele></trkpt>
<trkpt lat="44.009028883895745" lon="10.160785803891622"><ele>32.47636076817559</ele></trkpt>
<trkpt lat="44.00908408" lon="10.160796522887418"><ele>32.61581925925926</ele></trkpt>
<trkpt lat="44.00915025333334" lon="10.160807739163964"><ele>32.80550074074075</ele></trkpt>
<trkpt lat="44.009225760000014" lon="10.160819408786887"><ele>33.032364444444454</ele></trkpt>
<trkpt lat="44.00930256000001" lon="10.160830072506977"><ele>33.263251851851855</ele></trkpt>
<trkpt lat="44.00937314666667" lon="10.160837856243754"><ele>33.4666637037037</ele></trkpt>
<trkpt lat="44.00943665650464" lon="10.160841635028518"><ele>33.632641388888885</ele></trkpt>
<trkpt lat="44.00949759155093" lon="10.16084154329534"><ele>33.77133194444444</ele></trkpt>
<trkpt lat="44.00955964576389" lon="10.160838514328775"><ele>33.89498416666666</ele></trkpt>
<trkpt lat="44.009622105925935" lon="10.160833512623206"><ele>34.004442777777776</ele></trkpt>
<trkpt lat="44.009682611111124" lon="10.16082701188779"><ele>34.093826666666665</ele></trkpt>
<trkpt lat="44.00974026907408" lon="10.160819078931837"><ele>34.161411666666666</ele></trkpt>
<trkpt lat="44.00979575006944" lon="10.160809786302893"><ele>34.21701083333333</ele></trkpt>
<trkpt lat="44.009850109837956" lon="10.16079901882133"><ele>34.27964305555556</ele></trkpt>
<trkpt lat="44.00990619766204" lon="10.160785874137618"><ele>34.3754325</ele></trkpt>
<trkpt lat="44.00996962814814" lon="10.16076862832084"><ele>34.52940296296296</ele></trkpt>
<trkpt lat="44.010044851851845" lon="10.160746260979277"><ele>34.7510637037037</ele></trkpt>
<trkpt lat="44.01021170962962" lon="10.160694989859476"><ele>35.28487259259259</ele></trkpt>
<trkpt lat="44.01028153925925" lon="10.16067458385773"><ele>35.50015851851852</ele></trkpt>
<trkpt lat="44.01033411555555" lon="10.160661234154132"><ele>35.64165925925926</ele></trkpt>
<trkpt lat="44.01037302666666" lon="10.160654294845799"><ele>35.719211851851846</ele></trkpt>
<trkpt lat="44.01040525333333" lon="10.160651942225346"><ele>35.76337777777778</ele></trkpt>
<trkpt lat="44.01043791111111" lon="10.160652894794694"><ele>35.81329185185185</ele></trkpt>
<trkpt lat="44.010478293333335" lon="10.160657234019288"><ele>35.91045925925927</ele></trkpt>
<trkpt lat="44.010533736296296" lon="10.160665882856305"><ele>36.090278518518524</ele></trkpt>
<trkpt lat="44.01060801481481" lon="10.160679792425732"><ele>36.36584592592593</ele></trkpt>
<trkpt lat="44.01069643555555" lon="10.160699728667003"><ele>36.713342222222224</ele></trkpt>
<trkpt lat="44.010787299259256" lon="10.160727712314563"><ele>37.083543703703704</ele></trkpt>
<trkpt lat="44.01086991407408" lon="10.16076908259627"><ele>37.43658962962963</ele></trkpt>
<trkpt lat="44.01094149777778" lon="10.160831110607212"><ele>37.76678814814815</ele></trkpt>
<trkpt lat="44.01100605333334" lon="10.160917177133298"><ele>38.09227851851852</ele></trkpt>
<trkpt lat="44.01106670666667" lon="10.161019999306433"><ele>38.41919111111111</ele></trkpt>
<trkpt lat="44.01112175555556" lon="10.161122821624748"><ele>38.727709629629636</ele></trkpt>
<trkpt lat="44.01116718666667" lon="10.161208888479933"><ele>38.9904325925926</ele></trkpt>
<trkpt lat="44.01120197739369" lon="10.161271290030683"><ele>39.201384032921816</ele></trkpt>
<trkpt lat="44.011229202194784" lon="10.161313814973152"><ele>39.3780658436214</ele></trkpt>
<trkpt lat="44.01125357069959" lon="10.161344211460959"><ele>39.54413432098766</ele></trkpt>
<trkpt lat="44.011277724060356" lon="10.16136726503792"><ele>39.70691144032922</ele></trkpt>
<trkpt lat="44.01130250705076" lon="10.161384445023966"><ele>39.864119670781896</ele></trkpt>
<trkpt lat="44.01132752707819" lon="10.161395864017466"><ele>40.01114123456791</ele></trkpt>
<trkpt lat="44.011354649657065" lon="10.161402893541476"><ele>40.1621267489712</ele></trkpt>
<trkpt lat="44.01138844186558" lon="10.161407148740219"><ele>40.34771670781894</ele></trkpt>
<trkpt lat="44.011435580740745" lon="10.161410161467215"><ele>40.60851407407408</ele></trkpt>
<trkpt lat="44.01157516888888" lon="10.161415337756843"><ele>41.39023555555556</ele></trkpt>
<trkpt lat="44.01165126814814" lon="10.161418536273906"><ele>41.82529481481482</ele></trkpt>
<trkpt lat="44.01171602518518" lon="10.161423050346743"><ele>42.21126962962963</ele></trkpt>
<trkpt lat="44.01176491090278" lon="10.161429915876314"><ele>42.53089000000001</ele></trkpt>
<trkpt lat="44.01180115104167" lon="10.161440281564497"><ele>42.80410555555556</ele></trkpt>
<trkpt lat="44.011830938125" lon="10.16145565641155"><ele>43.05386333333333</ele></trkpt>
<trkpt lat="44.01185954388889" lon="10.161478990476999"><ele>43.28130666666666</ele></trkpt>
<trkpt lat="44.011890632777785" lon="10.16151462977318"><ele>43.4758380324074</ele></trkpt>
<trkpt lat="44.01192631944445" lon="10.161565752112812"><ele>43.6330005787037</ele></trkpt>
<trkpt lat="44.011966484375" lon="10.1616311021752"><ele>43.763237847222214</ele></trkpt>
<trkpt lat="44.012009175347224" lon="10.16170683709373"><ele>43.88196759259259</ele></trkpt>
<trkpt lat="44.01205300347222" lon="10.16179106159063"><ele>44.00441550925925</ele></trkpt>
<trkpt lat="44.01209816840277" lon="10.161884982255241"><ele>44.14111689814815</ele></trkpt>
<trkpt lat="44.01214450520833" lon="10.161987968334923"><ele>44.29605034722221</ele></trkpt>
<trkpt lat="44.01219" lon="10.162096006541013"><ele>44.469788773148146</ele></trkpt>
<trkpt lat="44.01223248842593" lon="10.16220599788971"><ele>44.66603009259259</ele></trkpt>
<trkpt lat="44.01227160879629" lon="10.162318584711617"><ele>44.8912644675926</ele></trkpt>
<trkpt lat="44.012307855902776" lon="10.162433515287935"><ele>45.14308159722223</ele></trkpt>
<trkpt lat="44.0123404542824" lon="10.162545919853173"><ele>45.40865162037037</ele></trkpt>
<trkpt lat="44.01236789506983" lon="10.162649975387268"><ele>45.67573041666666</ele></trkpt>
<trkpt lat="44.01238986926354" lon="10.162744791875932"><ele>45.94321351851852</ele></trkpt>
<trkpt lat="44.012407746411064" lon="10.162833364367009"><ele>46.21169798611111</ele></trkpt>
<trkpt lat="44.01242345517042" lon="10.162920089280888"><ele>46.480148032407406</ele></trkpt>
<trkpt lat="44.01243894400682" lon="10.16301172216766"><ele>46.754701134259264</ele></trkpt>
<trkpt lat="44.01245627601629" lon="10.163118919459714"><ele>47.05866222222223</ele></trkpt>
<trkpt lat="44.012500507957796" lon="10.163401172158599"><ele>47.81734666666667</ele></trkpt>
<trkpt lat="44.01254854417722" lon="10.16371100737068"><ele>48.63119555555556</ele></trkpt>
<trkpt lat="44.01261816076973" lon="10.164159933826705"><ele>49.796461995884776</ele></trkpt>
<trkpt lat="44.01266271775202" lon="10.164441945866722"><ele>50.5562296776406</ele></trkpt>
<trkpt lat="44.012683125273604" lon="10.164565728626608"><ele>50.923125000000006</ele></trkpt>
<trkpt lat="44.012704535444186" lon="10.164690585480503"><ele>51.325628429355284</ele></trkpt>
<trkpt lat="44.01272861544284" lon="10.164826796437803"><ele>51.791688957476</ele></trkpt>
<trkpt lat="44.01275490227621" lon="10.16497233612139"><ele>52.305357510288076</ele></trkpt>
<trkpt lat="44.01278102280767" lon="10.16511334355766"><ele>52.81112568587106</ele></trkpt>
<trkpt lat="44.01280453532258" lon="10.165234088704707"><ele>53.250227194787385</ele></trkpt>
<trkpt lat="44.01282479166666" lon="10.165327499746397"><ele>53.59791666666668</ele></trkpt>
<trkpt lat="44.01284366855281" lon="10.165398916148224"><ele>53.87615740740742</ele></trkpt>
<trkpt lat="44.01286364883401" lon="10.165458789298102"><ele>54.12413580246914</ele></trkpt>
<trkpt lat="44.01288642232509" lon="10.165515915515172"><ele>54.372268518518524</ele></trkpt>
<trkpt lat="44.012910860661" lon="10.165570794864093"><ele>54.61554751800412</ele></trkpt>
<trkpt lat="44.01293532118055" lon="10.165620915343343"><ele>54.83838380915638</ele></trkpt>
<trkpt lat="44.012958736175406" lon="10.165663713277143"><ele>55.02854648919754</ele></trkpt>
<trkpt lat="44.01298386231139" lon="10.165703312658593"><ele>55.20688786008231</ele></trkpt>
<trkpt lat="44.013015289566184" lon="10.165746603162887"><ele>55.407716692386835</ele></trkpt>
<trkpt lat="44.013056938657414" lon="10.165799771158063"><ele>55.66050347222223</ele></trkpt>
<trkpt lat="44.013107803819445" lon="10.165862143787564"><ele>55.960390625</ele></trkpt>
<trkpt lat="44.01316344039352" lon="10.165928165194654"><ele>56.27796006944445</ele></trkpt>
<trkpt lat="44.01321966543982" lon="10.165992160491532"><ele>56.583611689814816</ele></trkpt>
<trkpt lat="44.01327556277778" lon="10.166052522305064"><ele>56.86955185185186</ele></trkpt>
<trkpt lat="44.01333133458334" lon="10.166109749637265"><ele>57.14251736111112</ele></trkpt>
<trkpt lat="44.01338725763889" lon="10.166164431515108"><ele>57.415176157407416</ele></trkpt>
<trkpt lat="44.01344523847223" lon="10.166218010294259"><ele>57.70933217592593</ele></trkpt>
<trkpt lat="44.01351005592942" lon="10.166274354595423"><ele>58.056784602194796</ele></trkpt>
<trkpt lat="44.01358575300135" lon="10.16633720766003"><ele>58.479018278463656</ele></trkpt>
<trkpt lat="44.01366982131003" lon="10.166405306581902"><ele>58.956740843621404</ele></trkpt>
<trkpt lat="44.01375472588317" lon="10.166473139112604"><ele>59.44190932784637</ele></trkpt>
<trkpt lat="44.01383394670285" lon="10.166535619092988"><ele>59.89340805898492</ele></trkpt>
<trkpt lat="44.01390885424023" lon="10.166593644808739"><ele>60.31645833333334</ele></trkpt>
<trkpt lat="44.01398650434257" lon="10.166652578698965"><ele>60.74995884773663</ele></trkpt>
<trkpt lat="44.01416791573029" lon="10.166787668329592"><ele>61.752932098765434</ele></trkpt>
<trkpt lat="44.01443500055905" lon="10.16698499645131"><ele>63.24604166666667</ele></trkpt>
<trkpt lat="44.01460632804511" lon="10.167111518159924"><ele>64.24623799725651</ele></trkpt>
<trkpt lat="44.014790984462415" lon="10.167248321035506"><ele>65.34993398491083</ele></trkpt>
<trkpt lat="44.01486772605039" lon="10.167305823022948"><ele>65.81940757887517</ele></trkpt>
<trkpt lat="44.014925729240225" lon="10.167350311760377"><ele>66.18916666666668</ele></trkpt>
<trkpt lat="44.0149678974093" lon="10.1673844384993"><ele>66.48332647462277</ele></trkpt>
<trkpt lat="44.01500092593804" lon="10.167413854412152"><ele>66.74933813443073</ele></trkpt>
<trkpt lat="44.015031585651606" lon="10.16744500632017"><ele>67.03951646090535</ele></trkpt>
<trkpt lat="44.01506295653359" lon="10.167481915627476"><ele>67.38261316872428</ele></trkpt>
<trkpt lat="44.01509563914615" lon="10.167526556396977"><ele>67.78987654320989</ele></trkpt>
<trkpt lat="44.01512765432099" lon="10.167577736521284"><ele>68.24602880658436</ele></trkpt>
<trkpt lat="44.01515696844993" lon="10.167633408683326"><ele>68.729780521262</ele></trkpt>
<trkpt lat="44.015181899862824" lon="10.167691673443883"><ele>69.21396433470508</ele></trkpt>
<trkpt lat="44.01520226337448" lon="10.16775234561089"><ele>69.66487654320989</ele></trkpt>
<trkpt lat="44.01521861282579" lon="10.167815085675711"><ele>70.03847393689988</ele></trkpt>
<trkpt lat="44.015231736968445" lon="10.167879214625303"><ele>70.30117626886147</ele></trkpt>
<trkpt lat="44.01524223765432" lon="10.167942325048378"><ele>70.45927983539094</ele></trkpt>
<trkpt lat="44.015251121399174" lon="10.168005408016308"><ele>70.56442729766803</ele></trkpt>
<trkpt lat="44.01525981995884" lon="10.168074015637897"><ele>70.68676611796981</ele></trkpt>
<trkpt lat="44.01528469564472" lon="10.168282082070368"><ele>71.22221879286694</ele></trkpt>
<trkpt lat="44.01532524434156" lon="10.168627589396307"><ele>72.25239711934157</ele></trkpt>
<trkpt lat="44.01536762774348" lon="10.168992544973827"><ele>73.41320644718795</ele></trkpt>
<trkpt lat="44.01538479166667" lon="10.169143541309579"><ele>73.94916666666667</ele></trkpt>
<trkpt lat="44.015400090390955" lon="10.169281933943433"><ele>74.500547654321</ele></trkpt>
<trkpt lat="44.01541485201645" lon="10.16942129277151"><ele>75.1129439506173</ele></trkpt>
<trkpt lat="44.01542880043209" lon="10.1695650480279"><ele>75.78130888888889</ele></trkpt>
<trkpt lat="44.01543899207818" lon="10.169701097985039"><ele>76.4331975308642</ele></trkpt>
<trkpt lat="44.01544081508229" lon="10.169813031677647"><ele>76.98393530864197</ele></trkpt>
<trkpt lat="44.01542937761316" lon="10.169891607892303"><ele>77.390781563786</ele></trkpt>
<trkpt lat="44.01540269794238" lon="10.169940486462497"><ele>77.67591275720163</ele></trkpt>
<trkpt lat="44.015362183209874" lon="10.16996830227331"><ele>77.88801580246913</ele></trkpt>
<trkpt lat="44.01531405168724" lon="10.169981388667331"><ele>78.06098748971193</ele></trkpt>
<trkpt lat="44.015264408065846" lon="10.16998190714232"><ele>78.2081932510288</ele></trkpt>
<trkpt lat="44.015218034567916" lon="10.169971257707125"><ele>78.33586864197531</ele></trkpt>
<trkpt lat="44.015173388477365" lon="10.169950856637392"><ele>78.46816872427983</ele></trkpt>
<trkpt lat="44.01512439176955" lon="10.169919659446176"><ele>78.64527176954732</ele></trkpt>
<trkpt lat="44.01506165481481" lon="10.169873578713698"><ele>78.9135525925926</ele></trkpt>
<trkpt lat="44.01498013629629" lon="10.16980992216732"><ele>79.29522518518519</ele></trkpt>
<trkpt lat="44.01488432444444" lon="10.169732550190565"><ele>79.7688977777778</ele></trkpt>
<trkpt lat="44.01478736296296" lon="10.169651010998866"><ele>80.28323851851852</ele></trkpt>
<trkpt lat="44.01470192148148" lon="10.16957313414064"><ele>80.80368592592592</ele></trkpt>
<trkpt lat="44.01463186879629" lon="10.169499044919252"><ele>81.3452480787037</ele></trkpt>
<trkpt lat="44.014572852314814" lon="10.16942405939609"><ele>81.94269664351853</ele></trkpt>
<trkpt lat="44.01451980472222" lon="10.16934688968087"><ele>82.58988215277779</ele></trkpt>
<trkpt lat="44.014472535925925" lon="10.169274427661179"><ele>83.20948407407408</ele></trkpt>
<trkpt lat="44.014433151666665" lon="10.169215536107247"><ele>83.7132201851852</ele></trkpt>
<trkpt lat="44.01440164351852" lon="10.169174490644465"><ele>84.06310185185185</ele></trkpt>
<trkpt lat="44.01437435416666" lon="10.169147990534995"><ele>84.2953207175926</ele></trkpt>
<trkpt lat="44.014347889351846" lon="10.169131575976792"><ele>84.4653408564815</ele></trkpt>
<trkpt lat="44.01432086342592" lon="10.169122541695105"><ele>84.61595682870372</ele></trkpt>
<trkpt lat="44.01429155277778" lon="10.16912155190209"><ele>84.77748796296298</ele></trkpt>
<trkpt lat="44.01425445833333" lon="10.16913037717496"><ele>84.99492314814816</ele></trkpt>
<trkpt lat="44.01420130518518" lon="10.169151215086462"><ele>85.3229288888889</ele></trkpt>
<trkpt lat="44.0141276237037" lon="10.169184492263813"><ele>85.78999555555556</ele></trkpt>
<trkpt lat="44.01403839555555" lon="10.169227111598298"><ele>86.36628000000002</ele></trkpt>
<trkpt lat="44.01394643703704" lon="10.169273323426964"><ele>86.97877777777778</ele></trkpt>
<trkpt lat="44.01386343851852" lon="10.16931885964767"><ele>87.56941777777779</ele></trkpt>
<trkpt lat="44.0137923811574" lon="10.16936410304087"><ele>88.13903511574077</ele></trkpt>
<trkpt lat="44.01372892384259" lon="10.16941183677267"><ele>88.72264293981483</ele></trkpt>
<trkpt lat="44.01366924263889" lon="10.16946205466794"><ele>89.32457659722223</ele></trkpt>
<trkpt lat="44.01356186129609" lon="10.169556048984488"><ele>90.11260403971265</ele></trkpt>
<trkpt lat="44.01352254044693" lon="10.169575175171166"><ele>90.37130507503757</ele></trkpt>
<trkpt lat="44.01348114871277" lon="10.169568581225528"><ele>90.6300061103625</ele></trkpt>
<trkpt lat="44.01344594741428" lon="10.169537583272673"><ele>90.88870714568742</ele></trkpt>
<trkpt lat="44.013423962331395" lon="10.169488368173633"><ele>91.14740818101234</ele></trkpt>
<trkpt lat="44.01341958143731" lon="10.169430758681978"><ele>91.40610921633727</ele></trkpt>
<trkpt lat="44.01343367910879" lon="10.169376252950308"><ele>91.66481025166219</ele></trkpt>
<trkpt lat="44.013463226273146" lon="10.169309592152427"><ele>91.94356481481482</ele></trkpt>
<trkpt lat="44.01348993344907" lon="10.169241623478996"><ele>92.2068287037037</ele></trkpt>
<trkpt lat="44.01355495081018" lon="10.169069218999828"><ele>92.8840769675926</ele></trkpt>
<trkpt lat="44.013588535879634" lon="10.168988345117596"><ele>93.20571759259259</ele></trkpt>
<trkpt lat="44.01362179108797" lon="10.168918478188026"><ele>93.48812210648148</ele></trkpt>
<trkpt lat="44.01365532986112" lon="10.168856154681174"><ele>93.74714409722223</ele></trkpt>
<trkpt lat="44.01372444733796" lon="10.168732141405128"><ele>94.30370949074074</ele></trkpt>
<trkpt lat="44.01376094907407" lon="10.168661924426031"><ele>94.6446701388889</ele></trkpt>
<trkpt lat="44.01379785590277" lon="10.168587144339716"><ele>95.01565104166667</ele></trkpt>
<trkpt lat="44.013831114004624" lon="10.168516012927617"><ele>95.36221354166668</ele></trkpt>
<trkpt lat="44.01385595775462" lon="10.168456811461155"><ele>95.62652488425925</ele></trkpt>
<trkpt lat="44.01386997685184" lon="10.168411064865655"><ele>95.79358796296297</ele></trkpt>
<trkpt lat="44.01387434027777" lon="10.168373278366692"><ele>95.89870949074076</ele></trkpt>
<trkpt lat="44.013871331018514" lon="10.168337821169045"><ele>95.99605902777779</ele></trkpt>
<trkpt lat="44.01386269675926" lon="10.168302815363141"><ele>96.11688078703705</ele></trkpt>
<trkpt lat="44.0138475" lon="10.168267685121613"><ele>96.27342592592595</ele></trkpt>
<trkpt lat="44.01382321180555" lon="10.16822972210219"><ele>96.47024016203704</ele></trkpt>
<trkpt lat="44.01378782986111" lon="10.168185370186794"><ele>96.7153269675926</ele></trkpt>
<trkpt lat="44.013744010416666" lon="10.168135659508625"><ele>96.99615451388888</ele></trkpt>
<trkpt lat="44.013698506944436" lon="10.168087071572728"><ele>97.27894675925926</ele></trkpt>
<trkpt lat="44.01365768218449" lon="10.168046843581568"><ele>97.52892361111111</ele></trkpt>
<trkpt lat="44.013623358196156" lon="10.168017807714062"><ele>97.73358796296296</ele></trkpt>
<trkpt lat="44.01359283243312" lon="10.16799822784309"><ele>97.89905381944445</ele></trkpt>
<trkpt lat="44.01356290487825" lon="10.167985816167059"><ele>98.02819540895062</ele></trkpt>
<trkpt lat="44.01353126436042" lon="10.167979415289057"><ele>98.12841338734569</ele></trkpt>
<trkpt lat="44.01349648148148" lon="10.167978909472842"><ele>98.2362962962963</ele></trkpt>
<trkpt lat="44.0134570197831" lon="10.167983716801333"><ele>98.41911554783951</ele></trkpt>
<trkpt lat="44.01341206329304" lon="10.167993255999406"><ele>98.73314139660495</ele></trkpt>
<trkpt lat="44.01336322948817" lon="10.168007116189056"><ele>99.16824363425927</ele></trkpt>
<trkpt lat="44.01331236711248" lon="10.168026499582558"><ele>99.66985339506174</ele></trkpt>
<trkpt lat="44.013259969242974" lon="10.168053878752934"><ele>100.18698398919754</ele></trkpt>
<trkpt lat="44.01320416956019" lon="10.168091458548892"><ele>100.71078993055558</ele></trkpt>
<trkpt lat="44.01314532986112" lon="10.168137969003666"><ele>101.23223958333334</ele></trkpt>
<trkpt lat="44.013087051504634" lon="10.168189531500165"><ele>101.71495659722223</ele></trkpt>
<trkpt lat="44.01303350115741" lon="10.168242992124439"><ele>102.11202256944446</ele></trkpt>
<trkpt lat="44.01298583622685" lon="10.168297685392316"><ele>102.41000000000001</ele></trkpt>
<trkpt lat="44.012894667635365" lon="10.16841486923116"><ele>103.2062468494699</ele></trkpt>
<trkpt lat="44.01286345560714" lon="10.168445154967188"><ele>103.4503411998823</ele></trkpt>
<trkpt lat="44.01282751638384" lon="10.168462583161471"><ele>103.69443555029471</ele></trkpt>
<trkpt lat="44.012789524414984" lon="10.168465856900346"><ele>103.93852990070712</ele></trkpt>
<trkpt lat="44.012752306907" lon="10.168454732592245"><ele>104.18262425111952</ele></trkpt>
<trkpt lat="44.0127186334341" lon="10.168430038087022"><ele>104.42671860153192</ele></trkpt>
<trkpt lat="44.01269100983795" lon="10.16839361106359"><ele>104.67081295194433</ele></trkpt>
<trkpt lat="44.01265601273148" lon="10.168335972183908"><ele>104.92612268518519</ele></trkpt>
<trkpt lat="44.012631417824075" lon="10.168307361077355"><ele>105.04531250000001</ele></trkpt>
<trkpt lat="44.01260180555556" lon="10.168287499956664"><ele>105.1737962962963</ele></trkpt>
<trkpt lat="44.012561995185195" lon="10.168271606779882"><ele>105.37102370370371</ele></trkpt>
<trkpt lat="44.01250793592593" lon="10.168254958594273"><ele>105.68043111111112</ele></trkpt>
<trkpt lat="44.01244229847222" lon="10.168236340422549"><ele>106.08884416666668</ele></trkpt>
<trkpt lat="44.012371683564815" lon="10.168217503570393"><ele>106.55195694444444</ele></trkpt>
<trkpt lat="44.012300662546295" lon="10.168200348393288"><ele>107.04661305555557</ele></trkpt>
<trkpt lat="44.01222714411522" lon="10.168185033933504"><ele>107.59532080932786</ele></trkpt>
<trkpt lat="44.01214676748971" lon="10.168170822430124"><ele>108.2278118655693</ele></trkpt>
<trkpt lat="44.01206018123456" lon="10.168157989465543"><ele>108.9244416872428</ele></trkpt>
<trkpt lat="44.01197276304528" lon="10.168148743120918"><ele>109.62330853223595</ele></trkpt>
<trkpt lat="44.01188887744857" lon="10.168146666223643"><ele>110.26897266117972</ele></trkpt>
<trkpt lat="44.011805" lon="10.168155416923378"><ele>110.86958333333335</ele></trkpt>
<trkpt lat="44.011712421124834" lon="10.168177432762032"><ele>111.4802400548697</ele></trkpt>
<trkpt lat="44.01160478052126" lon="10.168212450120302"><ele>112.15145233196161</ele></trkpt>
<trkpt lat="44.011485781893" lon="10.168256417981125"><ele>112.87609053497943</ele></trkpt>
<trkpt lat="44.011368113854594" lon="10.168302797381738"><ele>113.59407578875172</ele></trkpt>
<trkpt lat="44.01126501371742" lon="10.168346043968533"><ele>114.24258573388204</ele></trkpt>
<trkpt lat="44.011181666666666" lon="10.168384792102072"><ele>114.80708333333334</ele></trkpt>
<trkpt lat="44.01111294185098" lon="10.168422243255394"><ele>115.33453607253087</ele></trkpt>
<trkpt lat="44.011050153570814" lon="10.168462071973135"><ele>115.88361593364198</ele></trkpt>
<trkpt lat="44.01098766235854" lon="10.168504558872687"><ele>116.47846354166667</ele></trkpt>
<trkpt lat="44.01092695816187" lon="10.168543974852652"><ele>117.08013117283953</ele></trkpt>
<trkpt lat="44.01087156935871" lon="10.168573173787967"><ele>117.63876832561729</ele></trkpt>
<trkpt lat="44.01082341435185" lon="10.168587702593028"><ele>118.12628182870371</ele></trkpt>
<trkpt lat="44.01077983506944" lon="10.168588897555855"><ele>118.55784722222224</ele></trkpt>
<trkpt lat="44.010735975115736" lon="10.168579707693711"><ele>118.96022280092593</ele></trkpt>
<trkpt lat="44.01068611689815" lon="10.168561955901772"><ele>119.36384837962963</ele></trkpt>
<trkpt lat="44.01062686631944" lon="10.168535974940331"><ele>119.78967881944446</ele></trkpt>
<trkpt lat="44.01056049479166" lon="10.168503845281469"><ele>120.23703125000002</ele></trkpt>
<trkpt lat="44.01049496527777" lon="10.168469750971854"><ele>120.67933159722224</ele></trkpt>
<trkpt lat="44.010438200874475" lon="10.168437248875586"><ele>121.0912809713649</ele></trkpt>
<trkpt lat="44.01039301440328" lon="10.168407449321466"><ele>121.46688100137175</ele></trkpt>
<trkpt lat="44.010357452739186" lon="10.168380170008474"><ele>121.80828735853909</ele></trkpt>
<trkpt lat="44.01030934059927" lon="10.168337562882739"><ele>122.31373831875858</ele></trkpt>
<trkpt lat="44.01029385802469" lon="10.168321198543914"><ele>122.48159979423869</ele></trkpt>
<trkpt lat="44.010279732510284" lon="10.168302249639565"><ele>122.64986282578876</ele></trkpt>
<trkpt lat="44.01026509002057" lon="10.168276495176613"><ele>122.84107338820301</ele></trkpt>
<trkpt lat="44.01025150462963" lon="10.168242592571831"><ele>123.04194444444444</ele></trkpt>
<trkpt lat="44.01024234053498" lon="10.16820308126529"><ele>123.2342438271605</ele></trkpt>
<trkpt lat="44.010240105452674" lon="10.168161116260858"><ele>123.43436728395062</ele></trkpt>
<trkpt lat="44.010245817901236" lon="10.168118225338583"><ele>123.66800925925925</ele></trkpt>
<trkpt lat="44.01025995456104" lon="10.168073648899533"><ele>123.93764660493828</ele></trkpt>
<trkpt lat="44.010282339677644" lon="10.168025569384234"><ele>124.2215200617284</ele></trkpt>
<trkpt lat="44.01031075102881" lon="10.167975051604213"><ele>124.49928240740742</ele></trkpt>
<trkpt lat="44.010343124142665" lon="10.167923275282101"><ele>124.77956790123457</ele></trkpt>
<trkpt lat="44.01037966392319" lon="10.167869431147261"><ele>125.10036265432099</ele></trkpt>
<trkpt lat="44.010425833333336" lon="10.167805834070109"><ele>125.533125</ele></trkpt>
<trkpt lat="44.01048833161867" lon="10.167723273641492"><ele>126.1471913580247</ele></trkpt>
<trkpt lat="44.01057007373115" lon="10.167617264115954"><ele>126.96746141975309</ele></trkpt>
<trkpt lat="44.01075956447188" lon="10.167372919976973"><ele>128.89556327160494</ele></trkpt>
<trkpt lat="44.010840739026065" lon="10.167267193387483"><ele>129.73626543209878</ele></trkpt>
<trkpt lat="44.010902083333335" lon="10.167185209058069"><ele>130.39187500000003</ele></trkpt>
<trkpt lat="44.010945805281466" lon="10.167123394702251"><ele>130.8910729012346</ele></trkpt>
<trkpt lat="44.0109783204418" lon="10.167073005747106"><ele>131.30156395061735</ele></trkpt>
<trkpt lat="44.01100588252508" lon="10.167025604944833"><ele>131.6827664814815</ele></trkpt>
<trkpt lat="44.01103258777479" lon="10.166975013134707"><ele>132.06668858024693</ele></trkpt>
<trkpt lat="44.0110620152981" lon="10.166914033093157"><ele>132.48395808641976</ele></trkpt>
<trkpt lat="44.011097745492364" lon="10.166834458746681"><ele>132.97345333333334</ele></trkpt>
<trkpt lat="44.01114220870725" lon="10.166731128237517"><ele>133.5679777777778</ele></trkpt>
<trkpt lat="44.01119380974973" lon="10.16660882883867"><ele>134.25457333333335</ele></trkpt>
<trkpt lat="44.0112997020442" lon="10.166355616157706"><ele>135.7202088888889</ele></trkpt>
<trkpt lat="44.01135029019234" lon="10.166234373194685"><ele>136.48869185185185</ele></trkpt>
<trkpt lat="44.011402250026315" lon="10.166109547795179"><ele>137.3326103703704</ele></trkpt>
<trkpt lat="44.01145560086085" lon="10.16598024661399"><ele>138.23743555555555</ele></trkpt>
<trkpt lat="44.011505718336885" lon="10.165855615637813"><ele>139.11237037037037</ele></trkpt>
<trkpt lat="44.01154664475163" lon="10.165746726879274"><ele>139.85429185185185</ele></trkpt>
<trkpt lat="44.011575844075544" lon="10.165655905771944"><ele>140.4266898611111</ele></trkpt>
<trkpt lat="44.01159518778337" lon="10.165576723840793"><ele>140.86606180555555</ele></trkpt>
<trkpt lat="44.011608070987016" lon="10.165502609273865"><ele>141.22327208333334</ele></trkpt>
<trkpt lat="44.01161656037322" lon="10.165433037274255"><ele>141.5136822222222</ele></trkpt>
<trkpt lat="44.011621028657665" lon="10.16537043029793"><ele>141.72615733796295</ele></trkpt>
<trkpt lat="44.01162137152777" lon="10.16531545138625"><ele>141.86086516203704</ele></trkpt>
<trkpt lat="44.011618020833325" lon="10.165264999979547"><ele>141.96282118055555</ele></trkpt>
<trkpt lat="44.01161130208333" lon="10.165214548570995"><ele>142.12063078703704</ele></trkpt>
<trkpt lat="44.011600989583336" lon="10.165159126089334"><ele>142.4337355324074</ele></trkpt>
<trkpt lat="44.01158666666666" lon="10.165095700132708"><ele>142.95094618055555</ele></trkpt>
<trkpt lat="44.01156901041666" lon="10.165026649191498"><ele>143.615</ele></trkpt>
<trkpt lat="44.011549670138876" lon="10.164960404989177"><ele>144.27905381944447</ele></trkpt>
<trkpt lat="44.01152940393518" lon="10.164905567051761"><ele>144.79586516203707</ele></trkpt>
<trkpt lat="44.011507106481474" lon="10.164865416611743"><ele>145.10497685185186</ele></trkpt>
<trkpt lat="44.01148088820301" lon="10.16483732484934"><ele>145.24579014489026</ele></trkpt>
<trkpt lat="44.011450564986276" lon="10.164818768193502"><ele>145.30436289008918</ele></trkpt>
<trkpt lat="44.01141618312757" lon="10.164808560306689"><ele>145.3772141846708</ele></trkpt>
<trkpt lat="44.011377506001374" lon="10.164806591233372"><ele>145.53963477366256</ele></trkpt>
<trkpt lat="44.01133308041838" lon="10.164811001404283"><ele>145.83310185185186</ele></trkpt>
<trkpt lat="44.01128475823045" lon="10.164819493367565"><ele>146.22872942386832</ele></trkpt>
<trkpt lat="44.0112348388203" lon="10.164830665388504"><ele>146.67208504801096</ele></trkpt>
<trkpt lat="44.01118405521262" lon="10.164845217079943"><ele>147.12485425240055</ele></trkpt>
<trkpt lat="44.01112624999999" lon="10.164866041982961"><ele>147.62291666666667</ele></trkpt>
<trkpt lat="44.01105330932785" lon="10.164896338819897"><ele>148.2306421467764</ele></trkpt>
<trkpt lat="44.01096070816187" lon="10.16493726064807"><ele>148.98822102194788</ele></trkpt>
<trkpt lat="44.01074422668038" lon="10.165035092472444"><ele>150.73004972565158</ele></trkpt>
<trkpt lat="44.01064367969822" lon="10.16507970309853"><ele>151.51629029492457</ele></trkpt>
<trkpt lat="44.010554583333324" lon="10.165117500463905"><ele>152.18229166666666</ele></trkpt>
<trkpt lat="44.01047023145404" lon="10.165150908989709"><ele>152.77208704389577</ele></trkpt>
<trkpt lat="44.01038213796982" lon="10.165183722020304"><ele>153.35477939643349</ele></trkpt>
<trkpt lat="44.01028706325103" lon="10.165218326918456"><ele>153.97959113168727</ele></trkpt>
<trkpt lat="44.010188988957474" lon="10.165254947477658"><ele>154.6667967421125</ele></trkpt>
<trkpt lat="44.01009138947874" lon="10.16529438559462"><ele>155.4579179080933</ele></trkpt>
<trkpt lat="44.00999335184499" lon="10.165338707474788"><ele>156.41561834019205</ele></trkpt>
<trkpt lat="44.0098903952332" lon="10.165390068588112"><ele>157.58325754458164</ele></trkpt>
<trkpt lat="44.0097837477572" lon="10.165446717053959"><ele>158.8936416872428</ele></trkpt>
<trkpt lat="44.00968019344306" lon="10.16550421011598"><ele>160.20187026063098</ele></trkpt>
<trkpt lat="44.00958697283264" lon="10.165558900178837"><ele>161.37280105624143</ele></trkpt>
<trkpt lat="44.009503124999995" lon="10.16561250067382"><ele>162.39125</ele></trkpt>
<trkpt lat="44.00942117369684" lon="10.165670353997857"><ele>163.3377820644719</ele></trkpt>
<trkpt lat="44.00933392146776" lon="10.165736571553719"><ele>164.3020687585734</ele></trkpt>
<trkpt lat="44.00924180812758" lon="10.16580902359032"><ele>165.2900591563786</ele></trkpt>
<trkpt lat="44.0091527717764" lon="10.165879812232488"><ele>166.2185888203018</ele></trkpt>
<trkpt lat="44.009076019375854" lon="10.165940353848091"><ele>166.97997342249658</ele></trkpt>
<trkpt lat="44.00901541666667" lon="10.165986667061837"><ele>167.51395833333333</ele></trkpt>
<trkpt lat="44.00896692215363" lon="10.166021138779366"><ele>167.83428240740741</ele></trkpt>
<trkpt lat="44.00892294924554" lon="10.166048943907523"><ele>168.0037037037037</ele></trkpt>
<trkpt lat="44.00887567386831" lon="10.166074712048902"><ele>168.10715277777777</ele></trkpt>
<trkpt lat="44.00882224740655" lon="10.166099360846694"><ele>168.2239539394719</ele></trkpt>
<trkpt lat="44.00876290562843" lon="10.166122315010426"><ele>168.409589013203</ele></trkpt>
<trkpt lat="44.00870242573302" lon="10.166142773036915"><ele>168.67560603137858</ele></trkpt>
<trkpt lat="44.00864405349794" lon="10.166162927043844"><ele>169.01608882030177</ele></trkpt>
<trkpt lat="44.00858901459619" lon="10.166186316989057"><ele>169.43221589934842</ele></trkpt>
<trkpt lat="44.00853438946759" lon="10.166216088117633"><ele>169.94031539351855</ele></trkpt>
<trkpt lat="44.0084170630787" lon="10.166290628099588"><ele>171.1854542824074</ele></trkpt>
<trkpt lat="44.00835058449073" lon="10.16633002048516"><ele>171.87421296296293</ele></trkpt>
<trkpt lat="44.00827638020833" lon="10.16636959516893"><ele>172.60151331018517</ele></trkpt>
<trkpt lat="44.008120946180554" lon="10.166447963195841"><ele>174.05446469907406</ele></trkpt>
<trkpt lat="44.008057216113684" lon="10.166484393173441"><ele>174.64788140860767</ele></trkpt>
<trkpt lat="44.008008948045266" lon="10.166519712049764"><ele>175.11276320301783</ele></trkpt>
<trkpt lat="44.0079730777392" lon="10.166557866597428"><ele>175.49654931841565</ele></trkpt>
<trkpt lat="44.00794627572016" lon="10.166602193997159"><ele>175.85437446416324</ele></trkpt>
<trkpt lat="44.00792692644034" lon="10.166654333897263"><ele>176.22018957904666</ele></trkpt>
<trkpt lat="44.00791478684414" lon="10.166712064073469"><ele>176.58936213991768</ele></trkpt>
<trkpt lat="44.00790872170782" lon="10.166773922334642"><ele>176.95674296982165</ele></trkpt>
<trkpt lat="44.00790759194959" lon="10.16684045941373"><ele>177.32592742626886</ele></trkpt>
<trkpt lat="44.00791021412037" lon="10.166914835036106"><ele>177.7190451388889</ele></trkpt>
<trkpt lat="44.00792039641203" lon="10.167080659686246"><ele>178.61520833333336</ele></trkpt>
<trkpt lat="44.00792405671296" lon="10.16716252312971"><ele>179.12760416666669</ele></trkpt>
<trkpt lat="44.00792561631943" lon="10.167241331015093"><ele>179.69649305555555</ele></trkpt>
<trkpt lat="44.007926484375" lon="10.167317855899643"><ele>180.30609375</ele></trkpt>
<trkpt lat="44.00792987847221" lon="10.167390732035686"><ele>180.90053819444447</ele></trkpt>
<trkpt lat="44.00793982746056" lon="10.16745855242568"><ele>181.42530542695474</ele></trkpt>
<trkpt lat="44.00795917266803" lon="10.16752238843462"><ele>181.87331532921812</ele></trkpt>
<trkpt lat="44.00798871559928" lon="10.167585515540155"><ele>182.29654706790126</ele></trkpt>
<trkpt lat="44.00802656935871" lon="10.16764795047047"><ele>182.75227591306583</ele></trkpt>
<trkpt lat="44.0080701358882" lon="10.167707477433076"><ele>183.2736461548354</ele></trkpt>
<trkpt lat="44.00811571148405" lon="10.16776015255739"><ele>183.83835744598767</ele></trkpt>
<trkpt lat="44.00816139831961" lon="10.167804856686482"><ele>184.41484053497942</ele></trkpt>
<trkpt lat="44.008207068758566" lon="10.167842040554635"><ele>184.9838660622428</ele></trkpt>
<trkpt lat="44.00825483796296" lon="10.167874542699977"><ele>185.5595457175926</ele></trkpt>
<trkpt lat="44.00835455150463" lon="10.167934846522934"><ele>186.67864293981484</ele></trkpt>
<trkpt lat="44.00840136799126" lon="10.167966341081897"><ele>187.1318641760974</ele></trkpt>
<trkpt lat="44.00844503343622" lon="10.168000971245048"><ele>187.48427812071333</ele></trkpt>
<trkpt lat="44.00848675154321" lon="10.168039182623854"><ele>187.76841660236627</ele></trkpt>
<trkpt lat="44.008525409807945" lon="10.16807833430475"><ele>188.02221397033605</ele></trkpt>
<trkpt lat="44.00855856652949" lon="10.168115495256655"><ele>188.2672574802812</ele></trkpt>
<trkpt lat="44.00858374485596" lon="10.168149999956297"><ele>188.49849794238682</ele></trkpt>
<trkpt lat="44.008600473251036" lon="10.168184979400571"><ele>188.7022427983539</ele></trkpt>
<trkpt lat="44.008608806584355" lon="10.16822434155902"><ele>188.87314814814815</ele></trkpt>
<trkpt lat="44.00860874485597" lon="10.168270864218227"><ele>189.04065843621402</ele></trkpt>
<trkpt lat="44.008599897119346" lon="10.168325473307625"><ele>189.26399176954732</ele></trkpt>
<trkpt lat="44.00858259259259" lon="10.168387366348586"><ele>189.588683127572</ele></trkpt>
<trkpt lat="44.0085596090535" lon="10.168452654430292"><ele>189.9913991769547</ele></trkpt>
<trkpt lat="44.00853615945131" lon="10.168514383740257"><ele>190.38266798353908</ele></trkpt>
<trkpt lat="44.008517510342934" lon="10.16856660043528"><ele>190.6784424691358</ele></trkpt>
<trkpt lat="44.008506722469136" lon="10.168608929712269"><ele>190.87631374485596</ele></trkpt>
<trkpt lat="44.0085048855967" lon="10.168649341211696"><ele>191.07271879286694</ele></trkpt>
<trkpt lat="44.00851369662551" lon="10.168701389189314"><ele>191.4193598902606</ele></trkpt>
<trkpt lat="44.00853549037037" lon="10.168779249931227"><ele>192.0527140740741</ele></trkpt>
<trkpt lat="44.00857079851851" lon="10.168889073410528"><ele>193.0201837037037</ele></trkpt>
<trkpt lat="44.00861508444444" lon="10.169022870345529"><ele>194.2305688888889</ele></trkpt>
<trkpt lat="44.008659514074076" lon="10.169161553398611"><ele>195.49297481481483</ele></trkpt>
<trkpt lat="44.00869531259259" lon="10.169288049912643"><ele>196.63795851851853</ele></trkpt>
<trkpt lat="44.00871821386574" lon="10.169398583558804"><ele>197.6211977777778</ele></trkpt>
<trkpt lat="44.00872957141203" lon="10.169500449446746"><ele>198.50217777777777</ele></trkpt>
<trkpt lat="44.008734048680566" lon="10.169600568029988"><ele>199.33475666666664</ele></trkpt>
<trkpt lat="44.008737184814805" lon="10.169698217570188"><ele>200.0918922222222</ele></trkpt>
<trkpt lat="44.00874339534722" lon="10.169789722632153"><ele>200.71059337962961</ele></trkpt>
<trkpt lat="44.00875465567129" lon="10.169873576301478"><ele>201.16101273148146</ele></trkpt>
<trkpt lat="44.00878290219907" lon="10.170021770758378"><ele>201.7385648148148</ele></trkpt>
<trkpt lat="44.008790500578705" lon="10.170085020225457"><ele>201.99063657407407</ele></trkpt>
<trkpt lat="44.00878961805556" lon="10.170141924207863"><ele>202.2746875</ele></trkpt>
<trkpt lat="44.008780546875" lon="10.17019615457383"><ele>202.60859375</ele></trkpt>
<trkpt lat="44.008763897569445" lon="10.170252349648527"><ele>203.00817708333335</ele></trkpt>
<trkpt lat="44.00873901041667" lon="10.170315428428584"><ele>203.49944733796295</ele></trkpt>
<trkpt lat="44.008705078125004" lon="10.1703889586059"><ele>204.10324363425926</ele></trkpt>
<trkpt lat="44.00862309027778" lon="10.170556536749272"><ele>205.4810300925926</ele></trkpt>
<trkpt lat="44.008586469907414" lon="10.170638012378792"><ele>206.09098958333334</ele></trkpt>
<trkpt lat="44.008556759259264" lon="10.170714375167277"><ele>206.59242476851853</ele></trkpt>
<trkpt lat="44.00853313368055" lon="10.170786041792617"><ele>207.00327256944445</ele></trkpt>
<trkpt lat="44.00851484085648" lon="10.170850972311602"><ele>207.3431105324074</ele></trkpt>
<trkpt lat="44.00850204571759" lon="10.170906093802143"><ele>207.61982349537038</ele></trkpt>
<trkpt lat="44.00849488425926" lon="10.170951614604474"><ele>207.84272569444445</ele></trkpt>
<trkpt lat="44.00849263888888" lon="10.170992968746125"><ele>208.03500000000003</ele></trkpt>
<trkpt lat="44.00849488425926" lon="10.171039374964932"><ele>208.22727430555557</ele></trkpt>
<trkpt lat="44.00850199074074" lon="10.171100798528697"><ele>208.44927372685189</ele></trkpt>
<trkpt lat="44.00851423611111" lon="10.171182604032625"><ele>208.71695891203706</ele></trkpt>
<trkpt lat="44.00853" lon="10.17127901025955"><ele>209.01526909722224</ele></trkpt>
<trkpt lat="44.00855186342593" lon="10.171412152667086"><ele>209.41430832589475</ele></trkpt>
<trkpt lat="44.00855622663166" lon="10.171469502471801"><ele>209.58622938522876</ele></trkpt>
<trkpt lat="44.00855132917312" lon="10.171526764753322"><ele>209.75815044456277</ele></trkpt>
<trkpt lat="44.00853741520369" lon="10.171581084785249"><ele>209.93007150389678</ele></trkpt>
<trkpt lat="44.00851517837749" lon="10.171629754526554"><ele>210.1019925632308</ele></trkpt>
<trkpt lat="44.008485727268685" lon="10.171670347629826"><ele>210.2739136225648</ele></trkpt>
<trkpt lat="44.00838445960648" lon="10.171781699224294"><ele>210.80915486111113</ele></trkpt>
<trkpt lat="44.00833815956018" lon="10.171838666073256"><ele>211.13214236111114</ele></trkpt>
<trkpt lat="44.00829194074074" lon="10.171904944101016"><ele>211.4546651851852</ele></trkpt>
<trkpt lat="44.00824256592592" lon="10.171985016803326"><ele>211.79889481481484</ele></trkpt>
<trkpt lat="44.00813430814815" lon="10.172171861304774"><ele>212.55423703703707</ele></trkpt>
<trkpt lat="44.008080029629625" lon="10.172262722017889"><ele>212.9347540740741</ele></trkpt>
<trkpt lat="44.008024626666675" lon="10.172349600558627"><ele>213.32533333333333</ele></trkpt>
<trkpt lat="44.00796464444444" lon="10.17243754284518"><ele>213.74948</ele></trkpt>
<trkpt lat="44.00790025333333" lon="10.172527467312866"><ele>214.2024</ele></trkpt>
<trkpt lat="44.007836293333334" lon="10.172613080569489"><ele>214.64238666666668</ele></trkpt>
<trkpt lat="44.00777778222223" lon="10.172686311540978"><ele>215.02240000000003</ele></trkpt>
<trkpt lat="44.007724796064814" lon="10.172744900910757"><ele>215.32897636574077</ele></trkpt>
<trkpt lat="44.0076731511574" lon="10.172793065753517"><ele>215.58538113425928</ele></trkpt>
<trkpt lat="44.007618917361114" lon="10.172836142857303"><ele>215.8253445138889</ele></trkpt>
<trkpt lat="44.007560721296294" lon="10.172876442242458"><ele>216.07465148148148</ele></trkpt>
<trkpt lat="44.00749765543981" lon="10.172914258094773"><ele>216.35258145833333</ele></trkpt>
<trkpt lat="44.007428949652784" lon="10.172949800553274"><ele>216.66944733796296</ele></trkpt>
<trkpt lat="44.00735648437501" lon="10.172983515826148"><ele>217.01340277777777</ele></trkpt>
<trkpt lat="44.00722515153464" lon="10.173042684670031"><ele>217.62983185442388</ele></trkpt>
<trkpt lat="44.00717409550755" lon="10.173067703280836"><ele>217.85093106995888</ele></trkpt>
<trkpt lat="44.00713126189558" lon="10.173090950106383"><ele>218.01968653549383</ele></trkpt>
<trkpt lat="44.007095858731994" lon="10.173112579245352"><ele>218.20241598174252</ele></trkpt>
<trkpt lat="44.00706839924126" lon="10.173132452984435"><ele>218.34770979377024</ele></trkpt>
<trkpt lat="44.00704890946501" lon="10.173151563806059"><ele>218.4833459170642</ele></trkpt>
<trkpt lat="44.00703458847736" lon="10.17317310701457"><ele>218.6685588254058</ele></trkpt>
<trkpt lat="44.00702230452674" lon="10.17320039096994"><ele>218.95185481715356</ele></trkpt>
<trkpt lat="44.007010390946505" lon="10.173235082332564"><ele>219.32084097979265</ele></trkpt>
<trkpt lat="44.006999109653634" lon="10.17327646286362"><ele>219.70213909252942</ele></trkpt>
<trkpt lat="44.006988920181755" lon="10.17332296878058"><ele>220.0207808011058</ele></trkpt>
<trkpt lat="44.006978977623454" lon="10.173372499399246"><ele>220.25596038932156</ele></trkpt>
<trkpt lat="44.00696611625514" lon="10.173425227274643"><ele>220.4536163016018</ele></trkpt>
<trkpt lat="44.006946121399174" lon="10.173483469263717"><ele>220.68344984801453</ele></trkpt>
<trkpt lat="44.00691643518518" lon="10.173550263536912"><ele>220.99142549758255</ele></trkpt>
<trkpt lat="44.00687934027777" lon="10.17362285616365"><ele>221.36103383937615</ele></trkpt>
<trkpt lat="44.00684112268519" lon="10.173691799991746"><ele>221.7264205041522</ele></trkpt>
<trkpt lat="44.00680789351853" lon="10.173746649448933"><ele>222.01949471775686</ele></trkpt>
<trkpt lat="44.006781539351856" lon="10.173783912112778"><ele>222.21774443202986</ele></trkpt>
<trkpt lat="44.006759340277775" lon="10.173809175398288"><ele>222.35578757477413</ele></trkpt>
<trkpt lat="44.006706047453704" lon="10.173865917393835"><ele>222.72567693939072</ele></trkpt>
<trkpt lat="44.006666059027786" lon="10.17391372130445"><ele>223.06476201075594</ele></trkpt>
<trkpt lat="44.00661703125001" lon="10.173975607948712"><ele>223.50292534722223</ele></trkpt>
<trkpt lat="44.00656295138889" lon="10.174047037385845"><ele>223.9860648148148</ele></trkpt>
<trkpt lat="44.006507368240726" lon="10.174124385198148"><ele>224.44246685185183</ele></trkpt>
<trkpt lat="44.0064509937037" lon="10.17420715746828"><ele>224.84652333333332</ele></trkpt>
<trkpt lat="44.00639416680555" lon="10.174293368939528"><ele>225.19574770833333</ele></trkpt>
<trkpt lat="44.00633776412037" lon="10.174378850712966"><ele>225.48275034722224</ele></trkpt>
<trkpt lat="44.00628133976851" lon="10.174461045289327"><ele>225.68940770833333</ele></trkpt>
<trkpt lat="44.00622075407407" lon="10.174543825817858"><ele>225.80872740740742</ele></trkpt>
<trkpt lat="44.00615180148148" lon="10.17463293114629"><ele>225.85401925925925</ele></trkpt>
<trkpt lat="44.00607618222222" lon="10.174727636383631"><ele>225.85199555555556</ele></trkpt>
<trkpt lat="44.006002574814815" lon="10.17481831775085"><ele>225.8278414814815</ele></trkpt>
<trkpt lat="44.00594048740741" lon="10.174893692342348"><ele>225.79761629629633</ele></trkpt>
<trkpt lat="44.00589326847736" lon="10.174949504750538"><ele>225.76669267489714</ele></trkpt>
<trkpt lat="44.00585755967078" lon="10.174989622914845"><ele>225.73460905349796</ele></trkpt>
<trkpt lat="44.005827829135804" lon="10.175020629049758"><ele>225.70117135802468</ele></trkpt>
<trkpt lat="44.005801525198905" lon="10.175045881336793"><ele>225.67061527434845</ele></trkpt>
<trkpt lat="44.00577822657064" lon="10.175065873637283"><ele>225.64746184499316</ele></trkpt>
<trkpt lat="44.00575764917696" lon="10.175080185208447"><ele>225.63229681069961</ele></trkpt>
<trkpt lat="44.00573577846366" lon="10.175090401268763"><ele>225.6186145404664</ele></trkpt>
<trkpt lat="44.00570557441701" lon="10.175098858094957"><ele>225.5962439986283</ele></trkpt>
<trkpt lat="44.00565708333333" lon="10.175108333470348"><ele>225.55395833333336</ele></trkpt>
<trkpt lat="44.00558181670096" lon="10.175120665522913"><ele>225.48358624828535</ele></trkpt>
<trkpt lat="44.00547753000686" lon="10.175136454358597"><ele>225.384255829904</ele></trkpt>
<trkpt lat="44.00535299639918" lon="10.175154218448473"><ele>225.26710133744857</ele></trkpt>
<trkpt lat="44.005225053155016" lon="10.17517065186648"><ele>225.15352280521265</ele></trkpt>
<trkpt lat="44.00510913151578" lon="10.175181900033468"><ele>225.06639489026063</ele></trkpt>
<trkpt lat="44.00501020833334" lon="10.175185000026767"><ele>225.02083333333331</ele></trkpt>
<trkpt lat="44.004921912133064" lon="10.175178657038146"><ele>225.02074288065845</ele></trkpt>
<trkpt lat="44.00483511895749" lon="10.17516360371438"><ele>225.06070378600825</ele></trkpt>
<trkpt lat="44.0047464175103" lon="10.175142771932396"><ele>225.12914049382718</ele></trkpt>
<trkpt lat="44.00458822941702" lon="10.17510265205873"><ele>225.3023922633745</ele></trkpt>
<trkpt lat="44.00453020055554" lon="10.175090500199294"><ele>225.40022319444446</ele></trkpt>
<trkpt lat="44.00448356944444" lon="10.175084743029325"><ele>225.51190069444448</ele></trkpt>
<trkpt lat="44.00444170666666" lon="10.175085715851484"><ele>225.6378804166667</ele></trkpt>
<trkpt lat="44.004398406111115" lon="10.175096415640398"><ele>225.7693905555556</ele></trkpt>
<trkpt lat="44.00434930962963" lon="10.17512150685534"><ele>225.8962162962963</ele></trkpt>
<trkpt lat="44.0042922275926" lon="10.17516370252828"><ele>226.0126775925926</ele></trkpt>
<trkpt lat="44.00422931722222" lon="10.175219414552226"><ele>226.11544847222223</ele></trkpt>
<trkpt lat="44.00416569814815" lon="10.175281907357977"><ele>226.19689189814815</ele></trkpt>
<trkpt lat="44.00410498962964" lon="10.17534724572017"><ele>226.24557087962964</ele></trkpt>
<trkpt lat="44.00404527111112" lon="10.175418360525404"><ele>226.25354962962965</ele></trkpt>
<trkpt lat="44.003982275555565" lon="10.175499818417295"><ele>226.2189837037037</ele></trkpt>
<trkpt lat="44.00391525333334" lon="10.175590254027801"><ele>226.14046222222223</ele></trkpt>
<trkpt lat="44.003848662222225" lon="10.175681120638691"><ele>226.00316592592594</ele></trkpt>
<trkpt lat="44.003787137777785" lon="10.175764049412631"><ele>225.76803851851852</ele></trkpt>
<trkpt lat="44.0037310896022" lon="10.175837222165505"><ele>225.3892327914952</ele></trkpt>
<trkpt lat="44.00367730068587" lon="10.17590479300177"><ele>224.8460481138546</ele></trkpt>
<trkpt lat="44.00362411473251" lon="10.175969968556858"><ele>224.17455800411523</ele></trkpt>
<trkpt lat="44.003572355994514" lon="10.17603322831386"><ele>223.43234496570645</ele></trkpt>
<trkpt lat="44.00352305009603" lon="10.176094723412126"><ele>222.64237723593965</ele></trkpt>
<trkpt lat="44.00347333333334" lon="10.176159167234983"><ele>221.74104166666666</ele></trkpt>
<trkpt lat="44.0034177649177" lon="10.176234050843986"><ele>220.62166237997255</ele></trkpt>
<trkpt lat="44.00335245113169" lon="10.176324335699789"><ele>219.22662722908092</ele></trkpt>
<trkpt lat="44.00327926697531" lon="10.176427151316354"><ele>217.63651491769545</ele></trkpt>
<trkpt lat="44.003204835390946" lon="10.176533625907838"><ele>216.04898062414264</ele></trkpt>
<trkpt lat="44.00313526491769" lon="10.17663639673435"><ele>214.66274262688614</ele></trkpt>
<trkpt lat="44.00307104166666" lon="10.176736667641814"><ele>213.56125</ele></trkpt>
<trkpt lat="44.00300722736625" lon="10.176843097810972"><ele>212.6943870027435</ele></trkpt>
<trkpt lat="44.00293895318929" lon="10.176962768772556"><ele>211.96176011659807</ele></trkpt>
<trkpt lat="44.00286705246912" lon="10.177092069239919"><ele>211.30098508230452</ele></trkpt>
<trkpt lat="44.00279864454732" lon="10.177216379768463"><ele>210.71846536351165</ele></trkpt>
<trkpt lat="44.002666520919064" lon="10.177456771350439"><ele>209.6374417009602</ele></trkpt>
<trkpt lat="44.00265999742798" lon="10.177473964364086"><ele>209.59375771604937</ele></trkpt>
<trkpt lat="44.00265537122771" lon="10.17749736455336"><ele>209.55441443758573</ele></trkpt>
<trkpt lat="44.0026512388546" lon="10.17753409808833"><ele>209.43133659122086</ele></trkpt>
<trkpt lat="44.002648434499314" lon="10.177586959876855"><ele>209.10440329218108</ele></trkpt>
<trkpt lat="44.00264870541837" lon="10.177653986610279"><ele>208.49553497942387</ele></trkpt>
<trkpt lat="44.00265312757202" lon="10.177729609021505"><ele>207.675</ele></trkpt>
<trkpt lat="44.0026618864669" lon="10.17780406760049"><ele>206.85357960390948</ele></trkpt>
<trkpt lat="44.00267493837877" lon="10.177868591770835"><ele>206.2358571244856</ele></trkpt>
<trkpt lat="44.00269252346965" lon="10.177919396803471"><ele>205.86848186728398</ele></trkpt>
<trkpt lat="44.00271678069273" lon="10.177959759863635"><ele>205.62166152263376</ele></trkpt>
<trkpt lat="44.00275132244513" lon="10.177995509670152"><ele>205.31394708076132</ele></trkpt>
<trkpt lat="44.002798993055556" lon="10.178031495775066"><ele>204.83300636574074</ele></trkpt>
<trkpt lat="44.00285747395834" lon="10.178067855708985"><ele>204.18837673611114</ele></trkpt>
<trkpt lat="44.002920164930565" lon="10.178100566966522"><ele>203.45589699074074</ele></trkpt>
<trkpt lat="44.002981070601855" lon="10.178124516682411"><ele>202.6995283564815</ele></trkpt>
<trkpt lat="44.00303869502314" lon="10.17813752021439"><ele>201.93884548611112</ele></trkpt>
<trkpt lat="44.00309417534722" lon="10.178141371526022"><ele>201.19546875</ele></trkpt>
<trkpt lat="44.003148252314816" lon="10.17813904805279"><ele>200.53797743055554</ele></trkpt>
<trkpt lat="44.003201493055556" lon="10.178132427700445"><ele>200.04751736111112</ele></trkpt>
<trkpt lat="44.003255324074075" lon="10.178121892418565"><ele>199.7435329861111</ele></trkpt>
<trkpt lat="44.00331082465278" lon="10.17810752611845"><ele>199.5404166666667</ele></trkpt>
<trkpt lat="44.00336772858797" lon="10.178088949753706"><ele>199.26993923611113</ele></trkpt>
<trkpt lat="44.003425556504624" lon="10.178065312797811"><ele>198.7621508564815</ele></trkpt>
<trkpt lat="44.00348503740727" lon="10.17803609535909"><ele>197.9337174074074</ele></trkpt>
<trkpt lat="44.00354606277711" lon="10.17800367088307"><ele>196.86199465277778</ele></trkpt>
<trkpt lat="44.003607610182826" lon="10.177973048541029"><ele>195.71663414351855</ele></trkpt>
<trkpt lat="44.003670325363984" lon="10.177949575610226"><ele>194.63812724537038</ele></trkpt>
<trkpt lat="44.003739106652695" lon="10.177935459289777"><ele>193.63421333333335</ele></trkpt>
<trkpt lat="44.003819042196795" lon="10.177929578486436"><ele>192.63877333333332</ele></trkpt>
<trkpt lat="44.00390914662751" lon="10.177928977699796"><ele>191.62096000000003</ele></trkpt>
<trkpt lat="44.004002053281596" lon="10.177930891747046"><ele>190.63030666666668</ele></trkpt>
<trkpt lat="44.00409155105182" lon="10.177933592476618"><ele>189.7275466666667</ele></trkpt>
<trkpt lat="44.004178419199974" lon="10.177936445809571"><ele>188.91290222222224</ele></trkpt>
<trkpt lat="44.004267620689006" lon="10.177939531743496"><ele>188.13685333333336</ele></trkpt>
<trkpt lat="44.00435916440528" lon="10.17794321768474"><ele>187.3812933333334</ele></trkpt>
<trkpt lat="44.00444503182642" lon="10.177948125111477"><ele>186.69600444444447</ele></trkpt>
<trkpt lat="44.00451486368973" lon="10.177955379203286"><ele>186.15974666666668</ele></trkpt>
<trkpt lat="44.00456430559032" lon="10.17796684876229"><ele>185.8112042798354</ele></trkpt>
<trkpt lat="44.00459668970957" lon="10.17798423041453"><ele>185.6219670781893</ele></trkpt>
<trkpt lat="44.004618263456116" lon="10.178008856015786"><ele>185.52024395061727</ele></trkpt>
<trkpt lat="44.004633037448436" lon="10.178040011744013"><ele>185.43101613168724</ele></trkpt>
<trkpt lat="44.004642014403274" lon="10.178076208467093"><ele>185.30313794238683</ele></trkpt>
<trkpt lat="44.00464419209875" lon="10.178114217302882"><ele>185.11945827160494</ele></trkpt>
<trkpt lat="44.00463739917695" lon="10.17815284617029"><ele>184.86918847736627</ele></trkpt>
<trkpt lat="44.00461709810699" lon="10.178193647933789"><ele>184.52018386831278</ele></trkpt>
<trkpt lat="44.00457796" lon="10.17824205222671"><ele>184.01342666666667</ele></trkpt>
<trkpt lat="44.00451775111111" lon="10.178302170933847"><ele>183.31303111111114</ele></trkpt>
<trkpt lat="44.004359120000004" lon="10.178448771069638"><ele>181.52317333333335</ele></trkpt>
<trkpt lat="44.00427831555557" lon="10.178526052551156"><ele>180.5815155555556</ele></trkpt>
<trkpt lat="44.00419908148148" lon="10.178607242251497"><ele>179.60840592592595</ele></trkpt>
<trkpt lat="44.00411686962963" lon="10.178697368302222"><ele>178.54525185185187</ele></trkpt>
<trkpt lat="44.004030844444436" lon="10.178796098737974"><ele>177.39273777777782</ele></trkpt>
<trkpt lat="44.00394625629629" lon="10.178896697193874"><ele>176.2278651851852</ele></trkpt>
<trkpt lat="44.003868948148146" lon="10.178993197813723"><ele>175.1225392592593</ele></trkpt>
<trkpt lat="44.003799587778" lon="10.179086208936836"><ele>174.07362297668038</ele></trkpt>
<trkpt lat="44.00373419197778" lon="10.179180875912074"><ele>173.0232280521262</ele></trkpt>
<trkpt lat="44.0036705737165" lon="10.179278132663734"><ele>171.95804670781894</ele></trkpt>
<trkpt lat="44.003609793378224" lon="10.179374208427236"><ele>170.9194731138546</ele></trkpt>
<trkpt lat="44.00355361999799" lon="10.179465575208088"><ele>169.95190692729767</ele></trkpt>
<trkpt lat="44.00349958360607" lon="10.179556563797092"><ele>169.01875</ele></trkpt>
<trkpt lat="44.003442090717094" lon="10.17965679852153"><ele>168.02527263374486</ele></trkpt>
<trkpt lat="44.003376681264484" lon="10.179773511087875"><ele>166.8956069958848</ele></trkpt>
<trkpt lat="44.00330451261323" lon="10.179903749880614"><ele>165.65294753086425</ele></trkpt>
<trkpt lat="44.00316326500313" lon="10.180160057482226"><ele>163.26521090534982</ele></trkpt>
<trkpt lat="44.00310000207282" lon="10.180275004863715"><ele>162.2475</ele></trkpt>
<trkpt lat="44.00303674151204" lon="10.180389962317665"><ele>161.28102880658437</ele></trkpt>
<trkpt lat="44.00289563658442" lon="10.180646844019059"><ele>159.24493827160498</ele></trkpt>
<trkpt lat="44.0028238348996" lon="10.180778552248105"><ele>158.24066872427986</ele></trkpt>
<trkpt lat="44.00275930179391" lon="10.18089877127644"><ele>157.35855967078191</ele></trkpt>
<trkpt lat="44.0027035419394" lon="10.181005938831714"><ele>156.62750000000003</ele></trkpt>
<trkpt lat="44.00265246100621" lon="10.181108650496487"><ele>155.9995118792867</ele></trkpt>
<trkpt lat="44.00260075527123" lon="10.181216895631222"><ele>155.40246153635115</ele></trkpt>
<trkpt lat="44.00249137417943" lon="10.181451538311663"><ele>154.1784277091907</ele></trkpt>
<trkpt lat="44.00243880779858" lon="10.18156367545819"><ele>153.56506249657068</ele></trkpt>
<trkpt lat="44.00238853629631" lon="10.181668939846167"><ele>152.93551555555558</ele></trkpt>
<trkpt lat="44.00228643555556" lon="10.181877805031787"><ele>151.53292000000002</ele></trkpt>
<trkpt lat="44.00223741925926" lon="10.181978932362687"><ele>150.8326711111111</ele></trkpt>
<trkpt lat="44.00219511407407" lon="10.182070184091298"><ele>150.2273377777778</ele></trkpt>
<trkpt lat="44.00216052208333" lon="10.182152076326187"><ele>149.7372189814815</ele></trkpt>
<trkpt lat="44.002131150694446" lon="10.182231175578375"><ele>149.32556435185185</ele></trkpt>
<trkpt lat="44.00210420041667" lon="10.182313292916367"><ele>148.9413152777778</ele></trkpt>
<trkpt lat="44.002078944999994" lon="10.182399800189133"><ele>148.54936296296296</ele></trkpt>
<trkpt lat="44.00205594222221" lon="10.18249036980093"><ele>148.1295674074074</ele></trkpt>
<trkpt lat="44.0020354972222" lon="10.182585152199081"><ele>147.67155629629627</ele></trkpt>
<trkpt lat="44.00201725624999" lon="10.182682588836895"><ele>147.18727694444442</ele></trkpt>
<trkpt lat="44.00200091041666" lon="10.182779079894907"><ele>146.7064337962963</ele></trkpt>
<trkpt lat="44.00198602569444" lon="10.182873553460693"><ele>146.24805398148146</ele></trkpt>
<trkpt lat="44.001971555555556" lon="10.18297178535711"><ele>145.79328444444442</ele></trkpt>
<trkpt lat="44.00195628888889" lon="10.183081343909846"><ele>145.30797777777775</ele></trkpt>
<trkpt lat="44.00194" lon="10.183202955782416"><ele>144.78467999999998</ele></trkpt>
<trkpt lat="44.00192371111112" lon="10.183329597258345"><ele>144.25232888888888</ele></trkpt>
<trkpt lat="44.001908444444446" lon="10.183456318727405"><ele>143.73612888888889</ele></trkpt>
<trkpt lat="44.00189427504589" lon="10.183585477199404"><ele>143.23123669150198</ele></trkpt>
<trkpt lat="44.00188055248893" lon="10.183722890246937"><ele>142.71400768815462</ele></trkpt>
<trkpt lat="44.00186729666343" lon="10.183865578876642"><ele>142.1895934564302</ele></trkpt>
<trkpt lat="44.00185527584494" lon="10.184004623929134"><ele>141.68556687182812</ele></trkpt>
<trkpt lat="44.001845529985964" lon="10.184132217426443"><ele>141.22843785768276</ele></trkpt>
<trkpt lat="44.00183832361516" lon="10.18425256572547"><ele>140.8037026239067</ele></trkpt>
<trkpt lat="44.0018333090379" lon="10.18437855694377"><ele>140.36680758017494</ele></trkpt>
<trkpt lat="44.001829805636675" lon="10.184524913148898"><ele>139.86639725731564</ele></trkpt>
<trkpt lat="44.00182721736459" lon="10.184697958708162"><ele>139.2797300507505</ele></trkpt>
<trkpt lat="44.00182312441909" lon="10.185081813582665"><ele>137.98835816866432</ele></trkpt>
<trkpt lat="44.001821072310015" lon="10.185254501746275"><ele>137.41437911672605</ele></trkpt>
<trkpt lat="44.00181865905292" lon="10.185400131292731"><ele>136.9397667638484</ele></trkpt>
<trkpt lat="44.001815525095815" lon="10.185524868950429"><ele>136.54737609329447</ele></trkpt>
<trkpt lat="44.00181125230149" lon="10.18564328798698"><ele>136.19207256667747</ele></trkpt>
<trkpt lat="44.001805613129605" lon="10.185768405779509"><ele>135.8322212331282</ele></trkpt>
<trkpt lat="44.00179875032668" lon="10.18590521647837"><ele>135.45069023647554</ele></trkpt>
<trkpt lat="44.00178373145309" lon="10.186190013263"><ele>134.69661652521327</ele></trkpt>
<trkpt lat="44.00176816381792" lon="10.186479593820248"><ele>134.0231437037037</ele></trkpt>
<trkpt lat="44.00175936788999" lon="10.186634620427988"><ele>133.6968222222222</ele></trkpt>
<trkpt lat="44.00174949418019" lon="10.186789000380452"><ele>133.39061925925927</ele></trkpt>
<trkpt lat="44.001737811714804" lon="10.186934727071117"><ele>133.12791851851853</ele></trkpt>
<trkpt lat="44.00172300057658" lon="10.187073760545617"><ele>132.9147348148148</ele></trkpt>
<trkpt lat="44.001704096320005" lon="10.187215154122267"><ele>132.73643407407405</ele></trkpt>
<trkpt lat="44.00168186775253" lon="10.187362121054687"><ele>132.57641777777778</ele></trkpt>
<trkpt lat="44.001658561411375" lon="10.187508441256297"><ele>132.42732296296296</ele></trkpt>
<trkpt lat="44.00159137622499" lon="10.187921357553794"><ele>131.99420148148153</ele></trkpt>
<trkpt lat="44.00154472000183" lon="10.188211143770728"><ele>131.65016592592596</ele></trkpt>
<trkpt lat="44.00152379459148" lon="10.188346222073926"><ele>131.45856740740743</ele></trkpt>
<trkpt lat="44.00150516121493" lon="10.188473310867925"><ele>131.23984444444446</ele></trkpt>
<trkpt lat="44.0014876065371" lon="10.18860068571706"><ele>130.98054222222223</ele></trkpt>
<trkpt lat="44.00147029641601" lon="10.188731825077996"><ele>130.68873333333332</ele></trkpt>
<trkpt lat="44.0014376509051" lon="10.188985266704387"><ele>130.1281111111111</ele></trkpt>
<trkpt lat="44.00139050750882" lon="10.189354502826722"><ele>129.46079555555556</ele></trkpt>
<trkpt lat="44.00137520943586" lon="10.189476426365395"><ele>129.22733925925928</ele></trkpt>
<trkpt lat="44.001362453633845" lon="10.189581825456612"><ele>128.95766074074075</ele></trkpt>
<trkpt lat="44.00135290384101" lon="10.189667394959567"><ele>128.62040296296297</ele></trkpt>
<trkpt lat="44.00134598523594" lon="10.189739083034997"><ele>128.19402814814816</ele></trkpt>
<trkpt lat="44.00134084445891" lon="10.189804704481977"><ele>127.69883555555555</ele></trkpt>
<trkpt lat="44.00133714074353" lon="10.189869822981384"><ele>127.1931525925926</ele></trkpt>
<trkpt lat="44.00133512592617" lon="10.189939794815157"><ele>126.73098074074075</ele></trkpt>
<trkpt lat="44.00133511851852" lon="10.190021970349747"><ele>126.3242340740741</ele></trkpt>
<trkpt lat="44.00133705925926" lon="10.190121682922667"><ele>125.94896592592595</ele></trkpt>
<trkpt lat="44.00134042222222" lon="10.190234577726761"><ele>125.58707555555559</ele></trkpt>
<trkpt lat="44.001344503703706" lon="10.190346754024253"><ele>125.24573481481482</ele></trkpt>
<trkpt lat="44.00134889629629" lon="10.190444014772611"><ele>124.94058962962964</ele></trkpt>
<trkpt lat="44.00135368296295" lon="10.19052143403773"><ele>124.66993925925927</ele></trkpt>
<trkpt lat="44.00135924592593" lon="10.19058420588905"><ele>124.41434962962963</ele></trkpt>
<trkpt lat="44.00136592888889" lon="10.190640675508636"><ele>124.15907111111112</ele></trkpt>
<trkpt lat="44.00137419259259" lon="10.190698294739743"><ele>123.90221185185186</ele></trkpt>
<trkpt lat="44.001385149629634" lon="10.19076498949364"><ele>123.64122814814814</ele></trkpt>
<trkpt lat="44.0014004162963" lon="10.190850013101052"><ele>123.36048296296296</ele></trkpt>
<trkpt lat="44.00144466222223" lon="10.191084492961098"><ele>122.69979555555554</ele></trkpt>
<trkpt lat="44.00146793925926" lon="10.191209386344134"><ele>122.37307259259259</ele></trkpt>
<trkpt lat="44.00148637185185" lon="10.191315168674908"><ele>122.11266074074074</ele></trkpt>
<trkpt lat="44.00149774408779" lon="10.191395124666188"><ele>121.94245794238684</ele></trkpt>
<trkpt lat="44.00150233360768" lon="10.191454994202187"><ele>121.85047736625513</ele></trkpt>
<trkpt lat="44.0015012055967" lon="10.191505430619431"><ele>121.80330271604937</ele></trkpt>
<trkpt lat="44.001495187050764" lon="10.191552816649937"><ele>121.7665320164609</ele></trkpt>
<trkpt lat="44.00148453986282" lon="10.191599219960708"><ele>121.71815835390946</ele></trkpt>
<trkpt lat="44.00146996329218" lon="10.191643729453013"><ele>121.65377283950617</ele></trkpt>
<trkpt lat="44.00145135775034" lon="10.191688912064278"><ele>121.57715226337449</ele></trkpt>
<trkpt lat="44.001426735418384" lon="10.191741239432778"><ele>121.48974650205763</ele></trkpt>
<trkpt lat="44.00139213037037" lon="10.19181064341633"><ele>121.3835303703704</ele></trkpt>
<trkpt lat="44.00128983111111" lon="10.192011182974387"><ele>121.09856444444446</ele></trkpt>
<trkpt lat="44.00123399407408" lon="10.192121953265"><ele>120.9432740740741</ele></trkpt>
<trkpt lat="44.00118626370371" lon="10.19222059900184"><ele>120.80281925925927</ele></trkpt>
<trkpt lat="44.001149869375" lon="10.192303258774803"><ele>120.68056835648149</ele></trkpt>
<trkpt lat="44.00112271423611" lon="10.192375874495417"><ele>120.56693969907407</ele></trkpt>
<trkpt lat="44.00110142104167" lon="10.192446499715016"><ele>120.44973798611112</ele></trkpt>
<trkpt lat="44.00108476833333" lon="10.192520407869004"><ele>120.31961962962963</ele></trkpt>
<trkpt lat="44.00107338604167" lon="10.192601394171067"><ele>120.16781789351852</ele></trkpt>
<trkpt lat="44.00106778645833" lon="10.192691799782043"><ele>119.9885966435185</ele></trkpt>
<trkpt lat="44.001066979166666" lon="10.192789340265227"><ele>119.78736111111111</ele></trkpt>
<trkpt lat="44.00106953993055" lon="10.19288575807478"><ele>119.58163483796297</ele></trkpt>
<trkpt lat="44.001074395347224" lon="10.192972655010509"><ele>119.38761729166667</ele></trkpt>
<trkpt lat="44.00108640979167" lon="10.193112872341851"><ele>119.00434534722221</ele></trkpt>
<trkpt lat="44.001087087152776" lon="10.193172784533278"><ele>118.73539918981481</ele></trkpt>
<trkpt lat="44.00107645923611" lon="10.19323180845451"><ele>118.30773719907407</ele></trkpt>
<trkpt lat="44.0010488325926" lon="10.193296312942055"><ele>117.62190962962963</ele></trkpt>
<trkpt lat="44.00100261185185" lon="10.193371523495369"><ele>116.63509925925926</ele></trkpt>
<trkpt lat="44.00094305777778" lon="10.193456351737863"><ele>115.42964888888889</ele></trkpt>
<trkpt lat="44.00088019851852" lon="10.193543479111524"><ele>114.18956592592593</ele></trkpt>
<trkpt lat="44.00082269925927" lon="10.193626535306063"><ele>113.0845762962963</ele></trkpt>
<trkpt lat="44.00077305037037" lon="10.193705861154118"><ele>112.16951555555556</ele></trkpt>
<trkpt lat="44.00072833629629" lon="10.193786739651708"><ele>111.38766666666668</ele></trkpt>
<trkpt lat="44.00068533777778" lon="10.19387219595719"><ele>110.66025333333334</ele></trkpt>
<trkpt lat="44.00064291407407" lon="10.193961388571939"><ele>109.93327111111111</ele></trkpt>
<trkpt lat="44.00060016148148" lon="10.194055016789713"><ele>109.15289333333334</ele></trkpt>
<trkpt lat="44.000554278518514" lon="10.194159144345756"><ele>108.2401362962963</ele></trkpt>
<trkpt lat="44.00050214814814" lon="10.19428032822804"><ele>107.13396592592593</ele></trkpt>
<trkpt lat="44.00044440888888" lon="10.19441559202235"><ele>105.87376888888889</ele></trkpt>
<trkpt lat="44.0003856637037" lon="10.194551861592196"><ele>104.59445925925927</ele></trkpt>
<trkpt lat="44.00033010074073" lon="10.194676477752482"><ele>103.42306962962964</ele></trkpt>
<trkpt lat="44.00027759703703" lon="10.194787210991866"><ele>102.38458666666668</ele></trkpt>
<trkpt lat="44.00022514518518" lon="10.194890390226028"><ele>101.42060444444446</ele></trkpt>
<trkpt lat="44.000172364444445" lon="10.194989258343796"><ele>100.49997333333334</ele></trkpt>
<trkpt lat="44.0001236074074" lon="10.195078354535395"><ele>99.67289333333335</ele></trkpt>
<trkpt lat="44.00005894013717" lon="10.195194215188465"><ele>98.6090265569273</ele></trkpt>
<trkpt lat="44.00004321015089" lon="10.195220416799145"><ele>98.37605212620028</ele></trkpt>
<trkpt lat="44.00003098041152" lon="10.195236464394132"><ele>98.22731374485596</ele></trkpt>
<trkpt lat="43.99998866455418" lon="10.195274924412951"><ele>97.76456983967765</ele></trkpt>
<trkpt lat="43.99995215792181" lon="10.19530377164284"><ele>97.37947563014404</ele></trkpt>
<trkpt lat="43.999905396947874" lon="10.195335209314528"><ele>96.94834447873801</ele></trkpt>
<trkpt lat="43.99984734353568" lon="10.195365220482167"><ele>96.52664812671469</ele></trkpt>
<trkpt lat="43.99977547453703" lon="10.195392963134395"><ele>96.12199942129631</ele></trkpt>
<trkpt lat="43.99969170138889" lon="10.19541884566975"><ele>95.71454861111111</ele></trkpt>
<trkpt lat="43.999602314814815" lon="10.195442763481333"><ele>95.2722945601852</ele></trkpt>
<trkpt lat="43.99951300925927" lon="10.195463990308182"><ele>94.76163483796299</ele></trkpt>
<trkpt lat="43.99942509259259" lon="10.195482517487452"><ele>94.16131365740742</ele></trkpt>
<trkpt lat="43.999262002314815" lon="10.195513819532199"><ele>92.88965567129631</ele></trkpt>
<trkpt lat="43.99919832175926" lon="10.195527338024446"><ele>92.42111979166668</ele></trkpt>
<trkpt lat="43.99914925925926" lon="10.195540925969627"><ele>92.13280092592595</ele></trkpt>
<trkpt lat="43.99910901834705" lon="10.195556761227095"><ele>91.9717311814129</ele></trkpt>
<trkpt lat="43.99907231910151" lon="10.195576224964316"><ele>91.85148898319618</ele></trkpt>
<trkpt lat="43.99903754115226" lon="10.195599461850149"><ele>91.7109921553498</ele></trkpt>
<trkpt lat="43.999006172050755" lon="10.195625872764099"><ele>91.5306764128944</ele></trkpt>
<trkpt lat="43.99897846128259" lon="10.195655444376603"><ele>91.31653766117971</ele></trkpt>
<trkpt lat="43.99895365514404" lon="10.195688087482193"><ele>91.08434205761317</ele></trkpt>
<trkpt lat="43.99892949849108" lon="10.195725501357476"><ele>90.84164087791495</ele></trkpt>
<trkpt lat="43.99890277887517" lon="10.19577249454806"><ele>90.57776636488342</ele></trkpt>
<trkpt lat="43.99886898074074" lon="10.195836985577975"><ele>90.25986222222222</ele></trkpt>
<trkpt lat="43.99882538814814" lon="10.195923455382633"><ele>89.86473777777778</ele></trkpt>
<trkpt lat="43.99872054814815" lon="10.196132797648943"><ele>88.95432444444445</ele></trkpt>
<trkpt lat="43.99867058074074" lon="10.196229074567762"><ele>88.55772888888889</ele></trkpt>
<trkpt lat="43.99862435918981" lon="10.196312700213518"><ele>88.23922506944444</ele></trkpt>
<trkpt lat="43.99857850775463" lon="10.196389293880346"><ele>87.97881354166667</ele></trkpt>
<trkpt lat="43.99853029881944" lon="10.196464423127427"><ele>87.750795625</ele></trkpt>
<trkpt lat="43.99847992296296" lon="10.196538189957343"><ele>87.54968722222223</ele></trkpt>
<trkpt lat="43.998428158842586" lon="10.196608508450199"><ele>87.38300412037037</ele></trkpt>
<trkpt lat="43.99837512152777" lon="10.196674444732107"><ele>87.25471643518519</ele></trkpt>
<trkpt lat="43.99832148437499" lon="10.196736041933505"><ele>87.15671006944446</ele></trkpt>
<trkpt lat="43.998270373263885" lon="10.196790902996407"><ele>87.07863136574075</ele></trkpt>
<trkpt lat="43.998224953703705" lon="10.196835998416248"><ele>87.01212962962964</ele></trkpt>
<trkpt lat="43.99818564525462" lon="10.196870633779323"><ele>86.95201678240741</ele></trkpt>
<trkpt lat="43.99814983506944" lon="10.196897526113007"><ele>86.89384548611112</ele></trkpt>
<trkpt lat="43.99811374421296" lon="10.19692020839988"><ele>86.83370949074074</ele></trkpt>
<trkpt lat="43.99807354166666" lon="10.196941484451933"><ele>86.76719039351852</ele></trkpt>
<trkpt lat="43.99797318576389" lon="10.196986979282478"><ele>86.58756944444445</ele></trkpt>
<trkpt lat="43.997916750578696" lon="10.197014053956698"><ele>86.44887442129631</ele></trkpt>
<trkpt lat="43.997859994212966" lon="10.197046487437222"><ele>86.24883391203704</ele></trkpt>
<trkpt lat="43.99780318576389" lon="10.1970859868964"><ele>85.9728125</ele></trkpt>
<trkpt lat="43.997746484375" lon="10.197131649531666"><ele>85.63856770833334</ele></trkpt>
<trkpt lat="43.99769230902778" lon="10.19718011884726"><ele>85.29337673611111</ele></trkpt>
<trkpt lat="43.99764371041666" lon="10.197228227752394"><ele>84.98354076388888</ele></trkpt>
<trkpt lat="43.99760124722222" lon="10.19727544868216"><ele>84.72334944444445</ele></trkpt>
<trkpt lat="43.99756298854165" lon="10.197322468153148"><ele>84.49533916666667</ele></trkpt>
<trkpt lat="43.99748602465277" lon="10.197422336432831"><ele>83.98208972222221</ele></trkpt>
<trkpt lat="43.99743799111111" lon="10.197483816756055"><ele>83.59743555555556</ele></trkpt>
<trkpt lat="43.99730949333333" lon="10.197645929606914"><ele>82.46556000000001</ele></trkpt>
<trkpt lat="43.99723982222223" lon="10.197734179918006"><ele>81.82443111111112</ele></trkpt>
<trkpt lat="43.99717719111112" lon="10.197815016813106"><ele>81.22525777777778</ele></trkpt>
<trkpt lat="43.99712339974537" lon="10.19788717053517"><ele>80.67531060185185</ele></trkpt>
<trkpt lat="43.997075054976854" lon="10.197955705197211"><ele>80.14074328703704</ele></trkpt>
<trkpt lat="43.99702935215278" lon="10.198024948216371"><ele>79.60825430555556</ele></trkpt>
<trkpt lat="43.99698810240741" lon="10.198094278020035"><ele>79.12411037037037</ele></trkpt>
<trkpt lat="43.99695515356482" lon="10.198161588706713"><ele>78.75358791666666</ele></trkpt>
<trkpt lat="43.99693251736111" lon="10.198226779611902"><ele>78.5236400462963</ele></trkpt>
<trkpt lat="43.99691846354167" lon="10.198292474013693"><ele>78.38538194444445</ele></trkpt>
<trkpt lat="43.99691030381945" lon="10.198362378502594"><ele>78.2392650462963</ele></trkpt>
<trkpt lat="43.99690602141204" lon="10.198441339709795"><ele>77.98047453703704</ele></trkpt>
<trkpt lat="43.99690454282406" lon="10.198532566546175"><ele>77.55609375</ele></trkpt>
<trkpt lat="43.99690434027777" lon="10.198631701378611"><ele>77.00020833333333</ele></trkpt>
<trkpt lat="43.99690367766203" lon="10.198678462088589"><ele>76.64830072152895</ele></trkpt>
<trkpt lat="43.99689815429929" lon="10.198731716560165"><ele>76.24342566422565</ele></trkpt>
<trkpt lat="43.99688343245865" lon="10.198781469911719"><ele>75.83855060692234</ele></trkpt>
<trkpt lat="43.99686040546153" lon="10.198824703091619"><ele>75.43367554961904</ele></trkpt>
<trkpt lat="43.99683047058627" lon="10.198858792702852"><ele>75.02880049231574</ele></trkpt>
<trkpt lat="43.99679544428131" lon="10.198881670192543"><ele>74.62392543501242</ele></trkpt>
<trkpt lat="43.9967574519431" lon="10.198891947370543"><ele>74.21905037770912</ele></trkpt>
<trkpt lat="43.99671879894696" lon="10.198889000641003"><ele>73.81417532040582</ele></trkpt>
<trkpt lat="43.996681830757005" lon="10.198873008836562"><ele>73.40930026310251</ele></trkpt>
<trkpt lat="43.996648790603246" lon="10.198844942360807"><ele>73.00442520579921</ele></trkpt>
<trkpt lat="43.99655705185185" lon="10.198743507643533"><ele>71.77877185185186</ele></trkpt>
<trkpt lat="43.99649555259259" lon="10.198664784456174"><ele>71.09506814814814</ele></trkpt>
<trkpt lat="43.99642542222223" lon="10.198569830284868"><ele>70.33732888888888</ele></trkpt>
<trkpt lat="43.99635601037036" lon="10.198474588903718"><ele>69.60057037037038</ele></trkpt>
<trkpt lat="43.99629696296296" lon="10.198394885426941"><ele>68.98846074074075</ele></trkpt>
<trkpt lat="43.99625164493827" lon="10.19833729217646"><ele>68.54141991769548</ele></trkpt>
<trkpt lat="43.99621674074074" lon="10.198298286007045"><ele>68.22103539094653</ele></trkpt>
<trkpt lat="43.99618648740741" lon="10.198270410627957"><ele>67.94142419753088</ele></trkpt>
<trkpt lat="43.99615708845679" lon="10.198248600745092"><ele>67.61419954732511</ele></trkpt>
<trkpt lat="43.996126259444445" lon="10.198231407824268"><ele>67.19556045267491</ele></trkpt>
<trkpt lat="43.99609326967593" lon="10.198219508728176"><ele>66.71721739969138</ele></trkpt>
<trkpt lat="43.99605815007716" lon="10.19821379286421"><ele>66.279849215535</ele></trkpt>
<trkpt lat="43.996022644675925" lon="10.198214589349758"><ele>65.95814075360083</ele></trkpt>
<trkpt lat="43.99598652777778" lon="10.198222430598571"><ele>65.74145833333336</ele></trkpt>
<trkpt lat="43.99594666087964" lon="10.198237939900938"><ele>65.5299334490741</ele></trkpt>
<trkpt lat="43.995898547453706" lon="10.198261574209408"><ele>65.23885127314817</ele></trkpt>
<trkpt lat="43.99577924189815" lon="10.198323310356397"><ele>64.40171585648149</ele></trkpt>
<trkpt lat="43.99571397280093" lon="10.198354056875354"><ele>63.92595486111111</ele></trkpt>
<trkpt lat="43.99564584780093" lon="10.19838270270575"><ele>63.42635706018518</ele></trkpt>
<trkpt lat="43.995504762731485" lon="10.198438518682158"><ele>62.36555844907407</ele></trkpt>
<trkpt lat="43.995438191658096" lon="10.198468502399248"><ele>61.831412144204386</ele></trkpt>
<trkpt lat="43.995376294581625" lon="10.198501132730884"><ele>61.3024365569273</ele></trkpt>
<trkpt lat="43.99531846096965" lon="10.198535524255659"><ele>60.787095228909465</ele></trkpt>
<trkpt lat="43.995207853116426" lon="10.198604569293947"><ele>59.844396326303155</ele></trkpt>
<trkpt lat="43.99514520833333" lon="10.198641875485635"><ele>59.38916666666666</ele></trkpt>
<trkpt lat="43.99506670353223" lon="10.198686814857766"><ele>58.87765603566529</ele></trkpt>
<trkpt lat="43.99496803669409" lon="10.198742093728312"><ele>58.272642318244166</ele></trkpt>
<trkpt lat="43.99474322959532" lon="10.198866460998707"><ele>56.93074417009603</ele></trkpt>
<trkpt lat="43.99457208333333" lon="10.198959792098789"><ele>55.87791666666667</ele></trkpt>
<trkpt lat="43.99451692558299" lon="10.198988921707791"><ele>55.501078532235944</ele></trkpt>
<trkpt lat="43.994398866598075" lon="10.199049363122947"><ele>54.557141632373124</ele></trkpt>
<trkpt lat="43.99435957990398" lon="10.199072008095742"><ele>54.25817729766805</ele></trkpt>
<trkpt lat="43.9943125" lon="10.199102292032704"><ele>53.94250000000001</ele></trkpt>
<trkpt lat="43.994251517489715" lon="10.19914456677269"><ele>53.57591392318245</ele></trkpt>
<trkpt lat="43.99417376028807" lon="10.19920052977786"><ele>53.136565500685876</ele></trkpt>
<trkpt lat="43.99408353395062" lon="10.199266662431327"><ele>52.64079732510289</ele></trkpt>
<trkpt lat="43.993990812757204" lon="10.199335622445515"><ele>52.137877229080935</ele></trkpt>
<trkpt lat="43.99390454218107" lon="10.199401233622236"><ele>51.674123799725656</ele></trkpt>
<trkpt lat="43.99382625" lon="10.199463125709212"><ele>51.25791666666668</ele></trkpt>
<trkpt lat="43.99374968807956" lon="10.1995267135317"><ele>50.85629773662552</ele></trkpt>
<trkpt lat="43.99366790652949" lon="10.19959737566548"><ele>50.43017078189301</ele></trkpt>
<trkpt lat="43.99358012794239" lon="10.19967490698931"><ele>49.96750802469137</ele></trkpt>
<trkpt lat="43.99349413628258" lon="10.199751781316339"><ele>49.49271954732511</ele></trkpt>
<trkpt lat="43.99341915227709" lon="10.199819576285334"><ele>49.02880390946503</ele></trkpt>
<trkpt lat="43.993359520000155" lon="10.199874499601886"><ele>48.573414814814825</ele></trkpt>
<trkpt lat="43.99331191555723" lon="10.199919696522715"><ele>48.10267407407408</ele></trkpt>
<trkpt lat="43.99327050667532" lon="10.199960591324729"><ele>47.61597777777778</ele></trkpt>
<trkpt lat="43.99322996003036" lon="10.200002492175638"><ele>47.14796296296297</ele></trkpt>
<trkpt lat="43.99318529785992" lon="10.200051122101796"><ele>46.74097037037038</ele></trkpt>
<trkpt lat="43.99313078536495" lon="10.200113272266588"><ele>46.40653925925927</ele></trkpt>
<trkpt lat="43.99306250847532" lon="10.200193295208543"><ele>46.12299851851852</ele></trkpt>
<trkpt lat="43.992982889392614" lon="10.200287789260626"><ele>45.86673777777778</ele></trkpt>
<trkpt lat="43.99281914150347" lon="10.200483230040861"><ele>45.415072592592594</ele></trkpt>
<trkpt lat="43.992576267170385" lon="10.200773735945006"><ele>44.80726222222223</ele></trkpt>
<trkpt lat="43.992494529216046" lon="10.200872041925365"><ele>44.61529037037038</ele></trkpt>
<trkpt lat="43.99242120017975" lon="10.200961156818131"><ele>44.45568296296297</ele></trkpt>
<trkpt lat="43.99235716304509" lon="10.201040492654554"><ele>44.336244444444446</ele></trkpt>
<trkpt lat="43.992298130400734" lon="10.201115415390484"><ele>44.24924444444445</ele></trkpt>
<trkpt lat="43.99224042223087" lon="10.20119016938173"><ele>44.1826</ele></trkpt>
<trkpt lat="43.99218343259425" lon="10.201265210840942"><ele>44.128888888888895</ele></trkpt>
<trkpt lat="43.99212685185201" lon="10.201341114579638"><ele>44.086022222222226</ele></trkpt>
<trkpt lat="43.99206759555556" lon="10.201422351729931"><ele>44.05240740740741</ele></trkpt>
<trkpt lat="43.99200171111111" lon="10.201514329656124"><ele>44.0245037037037</ele></trkpt>
<trkpt lat="43.99192974666666" lon="10.20161601417843"><ele>43.99788888888889</ele></trkpt>
<trkpt lat="43.99185735111111" lon="10.2017194230183"><ele>43.967681481481485</ele></trkpt>
<trkpt lat="43.99178999555555" lon="10.201817285132785"><ele>43.92751851851852</ele></trkpt>
<trkpt lat="43.99172792444444" lon="10.201909902850007"><ele>43.87015703703704</ele></trkpt>
<trkpt lat="43.99166741333333" lon="10.202002742853432"><ele>43.79163851851852</ele></trkpt>
<trkpt lat="43.99155008888889" lon="10.202186004969597"><ele>43.59460740740741</ele></trkpt>
<trkpt lat="43.991501346666674" lon="10.202261191483197"><ele>43.49451259259259</ele></trkpt>
<trkpt lat="43.99146189789352" lon="10.202319770743308"><ele>43.39394168981481</ele></trkpt>
<trkpt lat="43.99142842349537" lon="10.202366112421343"><ele>43.283178587962965</ele></trkpt>
<trkpt lat="43.99139607993055" lon="10.202406644152488"><ele>43.15102631944445</ele></trkpt>
<trkpt lat="43.9913603987037" lon="10.202445806986269"><ele>42.98456796296297</ele></trkpt>
<trkpt lat="43.991317779999996" lon="10.202485874245635"><ele>42.769220000000004</ele></trkpt>
<trkpt lat="43.99126613962962" lon="10.202527885960821"><ele>42.496254814814826</ele></trkpt>
<trkpt lat="43.99120706756944" lon="10.202570928446114"><ele>42.17920118055556</ele></trkpt>
<trkpt lat="43.991144014004625" lon="10.202612319470747"><ele>41.8449255787037</ele></trkpt>
<trkpt lat="43.99107781127314" lon="10.202649909385809"><ele>41.50869636574074</ele></trkpt>
<trkpt lat="43.99100440868999" lon="10.202684426325188"><ele>41.15729576817558</ele></trkpt>
<trkpt lat="43.99091936917009" lon="10.202718255985989"><ele>40.7687749314129</ele></trkpt>
<trkpt lat="43.99082472495884" lon="10.202752309577756"><ele>40.34533656378601</ele></trkpt>
<trkpt lat="43.99072740021948" lon="10.202785429239436"><ele>39.90954696844993</ele></trkpt>
<trkpt lat="43.99063246918381" lon="10.202816325200518"><ele>39.47561799039781</ele></trkpt>
<trkpt lat="43.990535625" lon="10.202846250479759"><ele>39.01645833333334</ele></trkpt>
<trkpt lat="43.990426663237315" lon="10.202878264507222"><ele>38.48090620713306</ele></trkpt>
<trkpt lat="43.990298534807955" lon="10.202914715274057"><ele>37.83727537722908</ele></trkpt>
<trkpt lat="43.990017253943755" lon="10.202993658143525"><ele>36.41112568587106</ele></trkpt>
<trkpt lat="43.98989820644719" lon="10.203027554555199"><ele>35.81204818244171</ele></trkpt>
<trkpt lat="43.98980770833333" lon="10.203054375341862"><ele>35.36708333333334</ele></trkpt>
<trkpt lat="43.98974134859396" lon="10.203075868683637"><ele>35.05877400548697</ele></trkpt>
<trkpt lat="43.98968879286694" lon="10.203095425365351"><ele>34.838072702331964</ele></trkpt>
<trkpt lat="43.989639925411524" lon="10.203116633328854"><ele>34.65604423868313</ele></trkpt>
<trkpt lat="43.989591112075615" lon="10.203140985711682"><ele>34.49107917524006</ele></trkpt>
<trkpt lat="43.989542222543726" lon="10.20316893860316"><ele>34.338095207476</ele></trkpt>
<trkpt lat="43.989495921746396" lon="10.203199742582187"><ele>34.20359117798354</ele></trkpt>
<trkpt lat="43.98945166580932" lon="10.20323502328414"><ele>34.08529149519891</ele></trkpt>
<trkpt lat="43.98940761402624" lon="10.203277354449158"><ele>33.97763545953361</ele></trkpt>
<trkpt lat="43.98936072273864" lon="10.203329292114747"><ele>33.87109053497942</ele></trkpt>
<trkpt lat="43.98931172358297" lon="10.203388420176625"><ele>33.76401427469136</ele></trkpt>
<trkpt lat="43.989262845651346" lon="10.203450624298078"><ele>33.65716113683128</ele></trkpt>
<trkpt lat="43.989215514823904" lon="10.203513881798177"><ele>33.54935892489713</ele></trkpt>
<trkpt lat="43.989166041889256" lon="10.203583751255373"><ele>33.42875</ele></trkpt>
<trkpt lat="43.98910834490725" lon="10.203669050455874"><ele>33.279393861454054</ele></trkpt>
<trkpt lat="43.989038402638975" lon="10.203775106051996"><ele>33.09236025377229</ele></trkpt>
<trkpt lat="43.98895887708681" lon="10.203897056686916"><ele>32.87711676954733</ele></trkpt>
<trkpt lat="43.988730001691714" lon="10.20425000557699"><ele>32.26979166666667</ele></trkpt>
<trkpt lat="43.98858235177552" lon="10.204477778933793"><ele>31.910555555555558</ele></trkpt>
<trkpt lat="43.988500025499555" lon="10.204604344544677"><ele>31.719837962962966</ele></trkpt>
<trkpt lat="43.98841774079933" lon="10.204729787279687"><ele>31.537353395061732</ele></trkpt>
<trkpt lat="43.988341220063134" lon="10.20484417301771"><ele>31.382245370370374</ele></trkpt>
<trkpt lat="43.98827052121347" lon="10.204945939564647"><ele>31.263333333333335</ele></trkpt>
<trkpt lat="43.988200016263164" lon="10.20504247516235"><ele>31.175489540466398</ele></trkpt>
<trkpt lat="43.98812403689635" lon="10.205142255778833"><ele>31.10760716735254</ele></trkpt>
<trkpt lat="43.9880425251934" lon="10.205246843638779"><ele>31.051792695473253</ele></trkpt>
<trkpt lat="43.98796105507659" lon="10.20535030869882"><ele>31.007537722908097</ele></trkpt>
<trkpt lat="43.987815001197305" lon="10.205535004336564"><ele>30.971458333333334</ele></trkpt>
<trkpt lat="43.98774479923553" lon="10.20562372637224"><ele>30.986747256515777</ele></trkpt>
<trkpt lat="43.98758830707595" lon="10.205821794717188"><ele>31.072834362139922</ele></trkpt>
<trkpt lat="43.98750887910936" lon="10.205922948333303"><ele>31.127668895747604</ele></trkpt>
<trkpt lat="43.98743786938764" lon="10.20601454176091"><ele>31.180204046639233</ele></trkpt>
<trkpt lat="43.987377187657536" lon="10.206094896956472"><ele>31.22895833333334</ele></trkpt>
<trkpt lat="43.98732252517646" lon="10.206170204752485"><ele>31.2777912962963</ele></trkpt>
<trkpt lat="43.98726805412744" lon="10.206248213834757"><ele>31.33130395061729</ele></trkpt>
<trkpt lat="43.987211088474474" lon="10.206332172689972"><ele>31.390844629629633</ele></trkpt>
<trkpt lat="43.98715368468936" lon="10.20641911637143"><ele>31.453684259259266</ele></trkpt>
<trkpt lat="43.987098150415086" lon="10.206506670558372"><ele>31.517992530864202</ele></trkpt>
<trkpt lat="43.987044071111114" lon="10.206596849463162"><ele>31.585373333333337</ele></trkpt>
<trkpt lat="43.98698856444444" lon="10.206694382862858"><ele>31.659137777777783</ele></trkpt>
<trkpt lat="43.98687706222223" lon="10.206897178345548"><ele>31.810546666666667</ele></trkpt>
<trkpt lat="43.98683038222222" lon="10.206981471512933"><ele>31.86812888888889</ele></trkpt>
<trkpt lat="43.98679307407408" lon="10.207046468396628"><ele>31.90446962962963</ele></trkpt>
<trkpt lat="43.98676237925926" lon="10.207096554231613"><ele>31.92217037037037</ele></trkpt>
<trkpt lat="43.98673415555555" lon="10.207138817907673"><ele>31.928902222222224</ele></trkpt>
<trkpt lat="43.986704494814816" lon="10.207179069786687"><ele>31.93376592592593</ele></trkpt>
<trkpt lat="43.9866688962963" lon="10.207222290617455"><ele>31.945091851851856</ele></trkpt>
<trkpt lat="43.98662253342935" lon="10.207273467276101"><ele>31.96868230452675</ele></trkpt>
<trkpt lat="43.986562842043895" lon="10.207335761909821"><ele>32.00597201646091</ele></trkpt>
<trkpt lat="43.98642205475995" lon="10.207479407635347"><ele>32.1001609053498</ele></trkpt>
<trkpt lat="43.98635445688615" lon="10.20754971074779"><ele>32.14246008230454</ele></trkpt>
<trkpt lat="43.98628958333334" lon="10.20761979239634"><ele>32.17750000000001</ele></trkpt>
<trkpt lat="43.98622130829905" lon="10.207696758453945"><ele>32.20757287379973</ele></trkpt>
<trkpt lat="43.986144437585736" lon="10.207786023919342"><ele>32.235986796982175</ele></trkpt>
<trkpt lat="43.98606068415638" lon="10.207884903463254"><ele>32.26387602880659</ele></trkpt>
<trkpt lat="43.98597809499314" lon="10.20798361648864"><ele>32.28985253772291</ele></trkpt>
<trkpt lat="43.98590519718793" lon="10.208072313952497"><ele>32.31173954046639</ele></trkpt>
<trkpt lat="43.985845" lon="10.208148125622236"><ele>32.328541666666666</ele></trkpt>
<trkpt lat="43.98579333429784" lon="10.208216908604642"><ele>32.34117487568587</ele></trkpt>
<trkpt lat="43.985690610532416" lon="10.208362096314222"><ele>32.359930877057614</ele></trkpt>
<trkpt lat="43.98563352623457" lon="10.20844030392612"><ele>32.36647976680384</ele></trkpt>
<trkpt lat="43.9855718267747" lon="10.20851756246345"><ele>32.36959115655008</ele></trkpt>
<trkpt lat="43.985505619212965" lon="10.208591282239652"><ele>32.36815104166667</ele></trkpt>
<trkpt lat="43.98543681423611" lon="10.208660712194977"><ele>32.36203125</ele></trkpt>
<trkpt lat="43.98537109664352" lon="10.20872284464908"><ele>32.350859375000006</ele></trkpt>
<trkpt lat="43.98531390335648" lon="10.208774522791009"><ele>32.33351851851852</ele></trkpt>
<trkpt lat="43.985266284722215" lon="10.20881530685645"><ele>32.30916377314814</ele></trkpt>
<trkpt lat="43.985224010416665" lon="10.208848845599372"><ele>32.27967013888889</ele></trkpt>
<trkpt lat="43.98518005208334" lon="10.20888041969567"><ele>32.24961516203704</ele></trkpt>
<trkpt lat="43.98512709201388" lon="10.20891494811902"><ele>32.22347222222223</ele></trkpt>
<trkpt lat="43.985060598958334" lon="10.208955535588334"><ele>32.20295428240741</ele></trkpt>
<trkpt lat="43.98498252604167" lon="10.209002144440536"><ele>32.187309027777786</ele></trkpt>
<trkpt lat="43.98490024305555" lon="10.209052401971668"><ele>32.1755931712963</ele></trkpt>
<trkpt lat="43.98482044849537" lon="10.209104534483933"><ele>32.167497106481484</ele></trkpt>
<trkpt lat="43.98474475983796" lon="10.209158932632954"><ele>32.1626388888889</ele></trkpt>
<trkpt lat="43.98467230902778" lon="10.209215989924743"><ele>32.15950520833334</ele></trkpt>
<trkpt lat="43.98460378761575" lon="10.209274731226818"><ele>32.1555295138889</ele></trkpt>
<trkpt lat="43.98454114079647" lon="10.209333743762523"><ele>32.148326367455425</ele></trkpt>
<trkpt lat="43.98448461762688" lon="10.209393121863645"><ele>32.13723336762689</ele></trkpt>
<trkpt lat="43.98443330664866" lon="10.209452584862937"><ele>32.125005144032926</ele></trkpt>
<trkpt lat="43.98438579528892" lon="10.209512225902289"><ele>32.117356824417016</ele></trkpt>
<trkpt lat="43.984340093342766" lon="10.209574123967021"><ele>32.12179183813444</ele></trkpt>
<trkpt lat="43.98429083333334" lon="10.209646250755728"><ele>32.14562500000001</ele></trkpt>
<trkpt lat="43.984231405178456" lon="10.209738386347263"><ele>32.19395576131688</ele></trkpt>
<trkpt lat="43.98415801869136" lon="10.209854754170566"><ele>32.265789609053506</ele></trkpt>
<trkpt lat="43.98407416924579" lon="10.209985921127835"><ele>32.350015432098765</ele></trkpt>
<trkpt lat="43.9839889060606" lon="10.210110143674783"><ele>32.42575874485596</ele></trkpt>
<trkpt lat="43.98391069536924" lon="10.210202814944456"><ele>32.468647119341554</ele></trkpt>
<trkpt lat="43.98384145848484" lon="10.210246770728348"><ele>32.458124999999995</ele></trkpt>
<trkpt lat="43.98377596722754" lon="10.210236742943806"><ele>32.38235875857338</ele></trkpt>
<trkpt lat="43.983707677203434" lon="10.210178472714281"><ele>32.242920109739366</ele></trkpt>
<trkpt lat="43.98363424561041" lon="10.21008625600103"><ele>32.05768997942386</ele></trkpt>
<trkpt lat="43.983559168339035" lon="10.209978730435658"><ele>31.858080418381345</ele></trkpt>
<trkpt lat="43.98348582851234" lon="10.209869076767953"><ele>31.67121184499314</ele></trkpt>
<trkpt lat="43.98341417601465" lon="10.209760784789392"><ele>31.508255438957477</ele></trkpt>
<trkpt lat="43.98326589027927" lon="10.209536261389225"><ele>31.227593353909466</ele></trkpt>
<trkpt lat="43.98312530918859" lon="10.209322289050828"><ele>30.98094803155007</ele></trkpt>
<trkpt lat="43.98306140712814" lon="10.209223851034999"><ele>30.861458333333335</ele></trkpt>
<trkpt lat="43.98299480149282" lon="10.209120151710966"><ele>30.728497942386834</ele></trkpt>
<trkpt lat="43.982838350342746" lon="10.208874232450226"><ele>30.39706790123457</ele></trkpt>
<trkpt lat="43.98260750649156" lon="10.20850998294554"><ele>29.87604166666667</ele></trkpt>
<trkpt lat="43.98245905084876" lon="10.208275658895104"><ele>29.501401748971197</ele></trkpt>
<trkpt lat="43.98214500881961" lon="10.207779977265634"><ele>28.687708333333333</ele></trkpt>
<trkpt lat="43.98191375809849" lon="10.20741497869064"><ele>28.143225308641973</ele></trkpt>
<trkpt lat="43.981753880582254" lon="10.20716263565841"><ele>27.796322016460906</ele></trkpt>
<trkpt lat="43.98161114702301" lon="10.206937358815177"><ele>27.544752229080935</ele></trkpt>
<trkpt lat="43.98145209648188" lon="10.206686602602854"><ele>27.326710390946506</ele></trkpt>
<trkpt lat="43.98137141696628" lon="10.206559972317201"><ele>27.221024519890264</ele></trkpt>
<trkpt lat="43.981299375758354" lon="10.2064479559097"><ele>27.121511488340193</ele></trkpt>
<trkpt lat="43.98123796947753" lon="10.206354372439229"><ele>27.025416666666672</ele></trkpt>
<trkpt lat="43.98118289255474" lon="10.206273072002615"><ele>26.92310764060357</ele></trkpt>
<trkpt lat="43.98112839467394" lon="10.206195073751376"><ele>26.806517997256517</ele></trkpt>
<trkpt lat="43.98101754361941" lon="10.206038077524747"><ele>26.55171886145405</ele></trkpt>
<trkpt lat="43.980968570317806" lon="10.205965745887722"><ele>26.445801467764063</ele></trkpt>
<trkpt lat="43.980926633240735" lon="10.205898793228169"><ele>26.369179837962964</ele></trkpt>
<trkpt lat="43.98088916898148" lon="10.20583249511847"><ele>26.318247106481486</ele></trkpt>
<trkpt lat="43.98085356972222" lon="10.205762980319886"><ele>26.284234097222225</ele></trkpt>
<trkpt lat="43.98081970314814" lon="10.205689853488765"><ele>26.26020425925926</ele></trkpt>
<trkpt lat="43.98078892296296" lon="10.205614051661831"><ele>26.243199259259264</ele></trkpt>
<trkpt lat="43.980762066111105" lon="10.205535638717057"><ele>26.230412592592597</ele></trkpt>
<trkpt lat="43.980739164166664" lon="10.205455224847578"><ele>26.21431118055556</ele></trkpt>
<trkpt lat="43.98072084861111" lon="10.205374258215992"><ele>26.179742245370374</ele></trkpt>
<trkpt lat="43.980708398055555" lon="10.205291452714077"><ele>26.1031819212963</ele></trkpt>
<trkpt lat="43.98070245666076" lon="10.20520081867533"><ele>25.96270455418382</ele></trkpt>
<trkpt lat="43.98070228845344" lon="10.205096440086736"><ele>25.751934293552814</ele></trkpt>
<trkpt lat="43.98070615188503" lon="10.204980312945406"><ele>25.493463292181076</ele></trkpt>
<trkpt lat="43.98071261881686" lon="10.204860147058403"><ele>25.22616861454047</ele></trkpt>
<trkpt lat="43.980721379392186" lon="10.204741078424686"><ele>24.983084801097398</ele></trkpt>
<trkpt lat="43.98073354281239" lon="10.204616528748113"><ele>24.76916666666667</ele></trkpt>
<trkpt lat="43.980750723228525" lon="10.204472838391883"><ele>24.567789780521267</ele></trkpt>
<trkpt lat="43.98077359081437" lon="10.204300624613492"><ele>24.359483882030183</ele></trkpt>
<trkpt lat="43.98080064078753" lon="10.204105828601861"><ele>24.140684156378605</ele></trkpt>
<trkpt lat="43.98082877186487" lon="10.203906763493771"><ele>23.923048696844997</ele></trkpt>
<trkpt lat="43.980880009852626" lon="10.203546672763485"><ele>23.525416666666665</ele></trkpt>
<trkpt lat="43.98098865277145" lon="10.202783916248062"><ele>22.634963991769546</ele></trkpt>
<trkpt lat="43.981040009848506" lon="10.202423339459067"><ele>22.230208333333334</ele></trkpt>
<trkpt lat="43.981119321340145" lon="10.201866084962527"><ele>21.681548353909463</ele></trkpt>
<trkpt lat="43.98116881736313" lon="10.201515254073387"><ele>21.36076303155007</ele></trkpt>
<trkpt lat="43.98118541781176" lon="10.201394098161607"><ele>21.259375000000002</ele></trkpt>
<trkpt lat="43.981196689467346" lon="10.20130667253649"><ele>21.198701131687248</ele></trkpt>
<trkpt lat="43.98120433489357" lon="10.201238987376277"><ele>21.168004115226342</ele></trkpt>
<trkpt lat="43.981209789148366" lon="10.201176698453214"><ele>21.15513117283951</ele></trkpt>
<trkpt lat="43.981213323805804" lon="10.201113356216586"><ele>21.150860018004117</ele></trkpt>
<trkpt lat="43.98121464302649" lon="10.201047454847883"><ele>21.148657728909466</ele></trkpt>
<trkpt lat="43.98121341981738" lon="10.200982505131195"><ele>21.142578125</ele></trkpt>
<trkpt lat="43.98120949245542" lon="10.20091914691911"><ele>21.123958333333338</ele></trkpt>
<trkpt lat="43.98120267146776" lon="10.200856495148509"><ele>21.08389231824417</ele></trkpt>
<trkpt lat="43.981192756344306" lon="10.200790988432573"><ele>21.01795438957476</ele></trkpt>
<trkpt lat="43.981180045974796" lon="10.200722605333318"><ele>20.932513181584365</ele></trkpt>
<trkpt lat="43.981164460626715" lon="10.200651906524925"><ele>20.837708440500688</ele></trkpt>
<trkpt lat="43.981144589013205" lon="10.200577233865582"><ele>20.73917298954047</ele></trkpt>
<trkpt lat="43.98111666666667" lon="10.20048916601363"><ele>20.62916666666667</ele></trkpt>
<trkpt lat="43.98107653549383" lon="10.200375741397046"><ele>20.494159807956105</ele></trkpt>
<trkpt lat="43.981022754629635" lon="10.200231221122763"><ele>20.32652949245542</ele></trkpt>
<trkpt lat="43.98095956018519" lon="10.200065096129158"><ele>20.136368312757202</ele></trkpt>
<trkpt lat="43.980895617283956" lon="10.199899137775677"><ele>19.948535665294923</ele></trkpt>
<trkpt lat="43.980839282407416" lon="10.199755185810293"><ele>19.788851165980795</ele></trkpt>
<trkpt lat="43.98079395833334" lon="10.199642915959588"><ele>19.669999999999998</ele></trkpt>
<trkpt lat="43.98075748199589" lon="10.199557668456249"><ele>19.588335048010972</ele></trkpt>
<trkpt lat="43.980725380658434" lon="10.199488416188382"><ele>19.53236454046639</ele></trkpt>
<trkpt lat="43.98069397376544" lon="10.199425830484527"><ele>19.49213477366255</ele></trkpt>
<trkpt lat="43.980660820473254" lon="10.199364658440397"><ele>19.46404663923182</ele></trkpt>
<trkpt lat="43.98062275977365" lon="10.199300230099059"><ele>19.449507887517147</ele></trkpt>
<trkpt lat="43.98057416666666" lon="10.199224790783854"><ele>19.452083333333334</ele></trkpt>
<trkpt lat="43.98050854531089" lon="10.19912888407053"><ele>19.474509602194786</ele></trkpt>
<trkpt lat="43.980423103358085" lon="10.199007823035037"><ele>19.518818587105624</ele></trkpt>
<trkpt lat="43.98032300864679" lon="10.198868043051904"><ele>19.58982510288066</ele></trkpt>
<trkpt lat="43.98021952514144" lon="10.198724936777051"><ele>19.703077846364884</ele></trkpt>
<trkpt lat="43.980122519365636" lon="10.198592524804708"><ele>19.891546639231827</ele></trkpt>
<trkpt lat="43.980033386067625" lon="10.198473538121256"><ele>20.207083333333333</ele></trkpt>
<trkpt lat="43.97994547471924" lon="10.198359542750833"><ele>20.69970593278464</ele></trkpt>
<trkpt lat="43.9798516087621" lon="10.198240739363742"><ele>21.37974365569273</ele></trkpt>
<trkpt lat="43.97975141195684" lon="10.198115623792173"><ele>22.182312242798357</ele></trkpt>
<trkpt lat="43.9796514854451" lon="10.197991589455116"><ele>22.980306927297672</ele></trkpt>
<trkpt lat="43.9795585418297" lon="10.197876475362742"><ele>23.64473679698217</ele></trkpt>
<trkpt lat="43.97947250581663" lon="10.197769980589037"><ele>24.105625000000003</ele></trkpt>
<trkpt lat="43.97938647242919" lon="10.197663497266214"><ele>24.367741769547326</ele></trkpt>
<trkpt lat="43.97929355622984" lon="10.197548495624142"><ele>24.477373971193416</ele></trkpt>
<trkpt lat="43.979193757257036" lon="10.197424975742873"><ele>24.483966049382715</ele></trkpt>
<trkpt lat="43.97909395821515" lon="10.19730145627691"><ele>24.41221965020576</ele></trkpt>
<trkpt lat="43.979001041780144" lon="10.197186455768115"><ele>24.254531893004117</ele></trkpt>
<trkpt lat="43.97891500791355" lon="10.197079974136418"><ele>23.973125</ele></trkpt>
<trkpt lat="43.978828973885335" lon="10.196973492813221"><ele>23.52504886831276</ele></trkpt>
<trkpt lat="43.97873605699389" lon="10.196858493330643"><ele>22.898955761316873</ele></trkpt>
<trkpt lat="43.97863625727746" lon="10.19673497576851"><ele>22.144915123456787</ele></trkpt>
<trkpt lat="43.97835750584962" lon="10.196389980630432"><ele>19.92875</ele></trkpt>
<trkpt lat="43.97808059793427" lon="10.196046992190723"><ele>17.762592592592597</ele></trkpt>
<trkpt lat="43.977985425648534" lon="10.195928503621916"><ele>17.028688271604942</ele></trkpt>
<trkpt lat="43.97790354442924" lon="10.195825493107408"><ele>16.406851851851854</ele></trkpt>
<trkpt lat="43.97783932357197" lon="10.195742705581617"><ele>15.936250000000003</ele></trkpt>
<trkpt lat="43.97778917810386" lon="10.195674912041268"><ele>15.595293960048012</ele></trkpt>
<trkpt lat="43.97774621645733" lon="10.195612943431978"><ele>15.332894054355283</ele></trkpt>
<trkpt lat="43.97770487142992" lon="10.195549323179293"><ele>15.100667759773662</ele></trkpt>
<trkpt lat="43.97766365848502" lon="10.195481315728086"><ele>14.871824417009602</ele></trkpt>
<trkpt lat="43.97762245327557" lon="10.195407208659796"><ele>14.63032096622085</ele></trkpt>
<trkpt lat="43.97758124421296" lon="10.195326377023722"><ele>14.371142939814815</ele></trkpt>
<trkpt lat="43.97753934027777" lon="10.195240659419412"><ele>14.10451388888889</ele></trkpt>
<trkpt lat="43.977496313657404" lon="10.195156064519576"><ele>13.862583912037037</ele></trkpt>
<trkpt lat="43.977451021412044" lon="10.195078008977154"><ele>13.679305555555556</ele></trkpt>
<trkpt lat="43.97740200520833" lon="10.195007870091457"><ele>13.568041087962962</ele></trkpt>
<trkpt lat="43.97734950520833" lon="10.194944617787773"><ele>13.514131944444445</ele></trkpt>
<trkpt lat="43.977296163194445" lon="10.194889224308813"><ele>13.492780671296297</ele></trkpt>
<trkpt lat="43.977244003129286" lon="10.1948438599967"><ele>13.48487836505487</ele></trkpt>
<trkpt lat="43.97719255486968" lon="10.194809039657054"><ele>13.482339677640603</ele></trkpt>
<trkpt lat="43.97713991158693" lon="10.194782818840324"><ele>13.483622363683128</ele></trkpt>
<trkpt lat="43.97708680866341" lon="10.19476414260217"><ele>13.490184649348423</ele></trkpt>
<trkpt lat="43.977035129350995" lon="10.194753244143797"><ele>13.503911286865568</ele></trkpt>
<trkpt lat="43.97698617283951" lon="10.194750864201147"><ele>13.525864197530865</ele></trkpt>
<trkpt lat="43.97693925068588" lon="10.194756174582526"><ele>13.55517061042524</ele></trkpt>
<trkpt lat="43.97689354766805" lon="10.194767796690392"><ele>13.589654492455418</ele></trkpt>
<trkpt lat="43.97684994341564" lon="10.194783832386248"><ele>13.624755658436214</ele></trkpt>
<trkpt lat="43.97680826474623" lon="10.194803974767401"><ele>13.656087105624144</ele></trkpt>
<trkpt lat="43.97676612311386" lon="10.194830166603696"><ele>13.6799957133059</ele></trkpt>
<trkpt lat="43.97671625000001" lon="10.194867917189992"><ele>13.696458333333334</ele></trkpt>
<trkpt lat="43.97665101337449" lon="10.19492311900008"><ele>13.70706618655693</ele></trkpt>
<trkpt lat="43.97656662551441" lon="10.194997927279179"><ele>13.714294410150892</ele></trkpt>
<trkpt lat="43.97636577674898" lon="10.195178768431843"><ele>13.72534379286694</ele></trkpt>
<trkpt lat="43.97626947016462" lon="10.195264076039459"><ele>13.732004458161866</ele></trkpt>
<trkpt lat="43.976180000000014" lon="10.195340625986384"><ele>13.741458333333334</ele></trkpt>
<trkpt lat="43.976090493827165" lon="10.19541373471745"><ele>13.755167181069961</ele></trkpt>
<trkpt lat="43.9759938271605" lon="10.195489767916511"><ele>13.773652263374487</ele></trkpt>
<trkpt lat="43.97578617283951" lon="10.195650053408274"><ele>13.819061213991771</ele></trkpt>
<trkpt lat="43.97568950617284" lon="10.195725802613453"><ele>13.841802983539095</ele></trkpt>
<trkpt lat="43.9756" lon="10.195798334309519"><ele>13.864166666666668</ele></trkpt>
<trkpt lat="43.97551052383402" lon="10.195873927703369"><ele>13.888088134430728</ele></trkpt>
<trkpt lat="43.97541415723594" lon="10.195957947080151"><ele>13.915234910836764</ele></trkpt>
<trkpt lat="43.975212174211244" lon="10.196136990201644"><ele>13.975126886145405</ele></trkpt>
<trkpt lat="43.975125739883396" lon="10.196213063290028"><ele>14.002841220850481</ele></trkpt>
<trkpt lat="43.97505645833333" lon="10.196272500570274"><ele>14.02791666666667</ele></trkpt>
<trkpt lat="43.97500004533179" lon="10.19631846540091"><ele>14.052709833676271</ele></trkpt>
<trkpt lat="43.97494914834105" lon="10.196357158921806"><ele>14.08017854080933</ele></trkpt>
<trkpt lat="43.97489853298611" lon="10.196393248332187"><ele>14.112307741769548</ele></trkpt>
<trkpt lat="43.974848233024694" lon="10.196426990040562"><ele>14.149489883401921</ele></trkpt>
<trkpt lat="43.974799364711934" lon="10.196457133177375"><ele>14.193191015089164</ele></trkpt>
<trkpt lat="43.974752178497944" lon="10.196482700706083"><ele>14.245919924554185</ele></trkpt>
<trkpt lat="43.974704086612654" lon="10.196504482130527"><ele>14.312172710905353</ele></trkpt>
<trkpt lat="43.97465364872685" lon="10.19652265148385"><ele>14.3946705675583</ele></trkpt>
<trkpt lat="43.97460097704475" lon="10.196536920372562"><ele>14.492261016803841</ele></trkpt>
<trkpt lat="43.97454969135802" lon="10.196546481506397"><ele>14.593271604938272</ele></trkpt>
<trkpt lat="43.974504540466384" lon="10.196551337460061"><ele>14.677880658436216</ele></trkpt>
<trkpt lat="43.974456196844976" lon="10.196552355970473"><ele>14.715977874251163</ele></trkpt>
<trkpt lat="43.97441664665341" lon="10.196561698467761"><ele>14.690680966694428</ele></trkpt>
<trkpt lat="43.974381569251626" lon="10.196588731820993"><ele>14.665384059137695</ele></trkpt>
<trkpt lat="43.97435493095195" lon="10.196630399264691"><ele>14.64008715158096</ele></trkpt>
<trkpt lat="43.9743397438308" lon="10.196681989333996"><ele>14.614790244024228</ele></trkpt>
<trkpt lat="43.97433772514381" lon="10.196737668602983"><ele>14.589493336467493</ele></trkpt>
<trkpt lat="43.974349103150274" lon="10.196791141277203"><ele>14.56419642891076</ele></trkpt>
<trkpt lat="43.974372591303165" lon="10.19683636106324"><ele>14.538899521354026</ele></trkpt>
<trkpt lat="43.97453048773662" lon="10.197052018475851"><ele>14.399349958847738</ele></trkpt>
<trkpt lat="43.97460305936899" lon="10.197142408898891"><ele>14.707626282578877</ele></trkpt>
<trkpt lat="43.974647568148306" lon="10.197201360313013"><ele>14.84144888888889</ele></trkpt>
<trkpt lat="43.9747026362981" lon="10.197277443092895"><ele>14.971977777777777</ele></trkpt>
<trkpt lat="43.97483470966259" lon="10.197463027358085"><ele>15.248337777777778</ele></trkpt>
<trkpt lat="43.97490130157062" lon="10.197555537626322"><ele>15.395048888888889</ele></trkpt>
<trkpt lat="43.97496768315804" lon="10.197645788452423"><ele>15.557460740740742</ele></trkpt>
<trkpt lat="43.97503794183654" lon="10.197739268715909"><ele>15.745890370370374</ele></trkpt>
<trkpt lat="43.97511279610223" lon="10.197837540044235"><ele>15.955928888888891</ele></trkpt>
<trkpt lat="43.97532987267976" lon="10.198120382414716"><ele>16.53420592592593</ele></trkpt>
<trkpt lat="43.97547716277704" lon="10.198312286692971"><ele>16.854004444444445</ele></trkpt>
<trkpt lat="43.97555191075397" lon="10.198410135318706"><ele>17.001465185185186</ele></trkpt>
<trkpt lat="43.975621916568564" lon="10.198502606054953"><ele>17.128783703703704</ele></trkpt>
<trkpt lat="43.9756878498877" lon="10.198590995014635"><ele>17.233964444444446</ele></trkpt>
<trkpt lat="43.975754004044134" lon="10.198681057745164"><ele>17.32440888888889</ele></trkpt>
<trkpt lat="43.975822162705036" lon="10.198774787004618"><ele>17.407973333333334</ele></trkpt>
<trkpt lat="43.97601603034645" lon="10.199042968011764"><ele>17.648946666666667</ele></trkpt>
<trkpt lat="43.97614602269563" lon="10.199223309281527"><ele>17.838226666666667</ele></trkpt>
<trkpt lat="43.9762096262334" lon="10.199312272734685"><ele>17.933413333333334</ele></trkpt>
<trkpt lat="43.97626491868745" lon="10.199390969518378"><ele>18.01419111111111</ele></trkpt>
<trkpt lat="43.97631058190589" lon="10.199458351816174"><ele>18.076524074074076</ele></trkpt>
<trkpt lat="43.97635001681095" lon="10.199519802929537"><ele>18.124481481481485</ele></trkpt>
<trkpt lat="43.976387289244244" lon="10.199581623371172"><ele>18.16399722222222</ele></trkpt>
<trkpt lat="43.976424290742315" lon="10.199647771067808"><ele>18.197639814814814</ele></trkpt>
<trkpt lat="43.976461729977" lon="10.19972134859099"><ele>18.22525439814815</ele></trkpt>
<trkpt lat="43.97650014178242" lon="10.199804287904927"><ele>18.246880787037036</ele></trkpt>
<trkpt lat="43.97657741608796" lon="10.199982048342456"><ele>18.281898148148148</ele></trkpt>
<trkpt lat="43.97660405034792" lon="10.200041276692053"><ele>18.28069158063851</ele></trkpt>
<trkpt lat="43.976630709110246" lon="10.200087166869613"><ele>18.279672735724894</ele></trkpt>
<trkpt lat="43.97666448573314" lon="10.200122876891442"><ele>18.278653890811277</ele></trkpt>
<trkpt lat="43.97670342122596" lon="10.200146335624929"><ele>18.27763504589766</ele></trkpt>
<trkpt lat="43.9767452573918" lon="10.20015618248043"><ele>18.276616200984044</ele></trkpt>
<trkpt lat="43.976787567799256" lon="10.20015184632794"><ele>18.275597356070428</ele></trkpt>
<trkpt lat="43.97682789851174" lon="10.200133578628124"><ele>18.27457851115681</ele></trkpt>
<trkpt lat="43.976863910411794" lon="10.20010243885471"><ele>18.273559666243194</ele></trkpt>
<trkpt lat="43.97690056360147" lon="10.20006146811033"><ele>18.272429698216737</ele></trkpt>
<trkpt lat="43.97698695649289" lon="10.19995763378034"><ele>18.202556584362142</ele></trkpt>
<trkpt lat="43.97707667585881" lon="10.199846924503705"><ele>18.128525377229085</ele></trkpt>
<trkpt lat="43.97724000315266" lon="10.199643344287159"><ele>17.99625</ele></trkpt>
<trkpt lat="43.97758629974438" lon="10.199211040963315"><ele>17.7371073388203</ele></trkpt>
<trkpt lat="43.97775000314296" lon="10.199006677632735"><ele>17.609583333333333</ele></trkpt>
<trkpt lat="43.977999105739066" lon="10.198695674485174"><ele>17.390065012777598</ele></trkpt>
<trkpt lat="43.978237216193286" lon="10.198397884124939"><ele>17.173556851311957</ele></trkpt>
<trkpt lat="43.978390525154076" lon="10.198205141915983"><ele>17.038456970089623</ele></trkpt>
<trkpt lat="43.978585107741225" lon="10.197959753662007"><ele>16.870861678004534</ele></trkpt>
<trkpt lat="43.97878049933272" lon="10.197712497250341"><ele>16.709736529532446</ele></trkpt>
<trkpt lat="43.97886236924569" lon="10.197608126011273"><ele>16.649373177842566</ele></trkpt>
<trkpt lat="43.97893727491491" lon="10.197511753223235"><ele>16.602361516034986</ele></trkpt>
<trkpt lat="43.97901348334077" lon="10.19741272695651"><ele>16.56368915643859</ele></trkpt>
<trkpt lat="43.97918894140333" lon="10.197182676258048"><ele>16.495345355073244</ele></trkpt>
<trkpt lat="43.97945500625536" lon="10.196832519772734"><ele>16.433333333333337</ele></trkpt>
<trkpt lat="43.97962994563032" lon="10.196602214685067"><ele>16.446989026063104</ele></trkpt>
<trkpt lat="43.98000000848883" lon="10.19611502637411"><ele>16.505</ele></trkpt>
<trkpt lat="43.98027250778475" lon="10.1957562747348"><ele>16.470699588477366</ele></trkpt>
<trkpt lat="43.980460901903704" lon="10.195508246982628"><ele>16.40727023319616</ele></trkpt>
<trkpt lat="43.98062910997119" lon="10.19528678985698"><ele>16.274611625514403</ele></trkpt>
<trkpt lat="43.98081747897444" lon="10.195038622568147"><ele>16.0439737654321</ele></trkpt>
<trkpt lat="43.98091497842229" lon="10.19490982878596"><ele>15.917510288065845</ele></trkpt>
<trkpt lat="43.981005664945975" lon="10.194789410135323"><ele>15.805630144032923</ele></trkpt>
<trkpt lat="43.98108948087526" lon="10.194677037533214"><ele>15.714791666666667</ele></trkpt>
<trkpt lat="43.98117310368079" lon="10.194563562526342"><ele>15.640570130315501</ele></trkpt>
<trkpt lat="43.9812632509904" lon="10.194440065752431"><ele>15.574751371742114</ele></trkpt>
<trkpt lat="43.981359980473364" lon="10.194306876289236"><ele>15.51259002057613</ele></trkpt>
<trkpt lat="43.98163000919662" lon="10.193934027147414"><ele>15.360416666666667</ele></trkpt>
<trkpt lat="43.981803344504165" lon="10.193694576194279"><ele>15.28116340877915</ele></trkpt>
<trkpt lat="43.98217001404558" lon="10.193188040724893"><ele>15.137291666666668</ele></trkpt>
<trkpt lat="43.982440014501506" lon="10.192815042424483"><ele>15.054266975308643</ele></trkpt>
<trkpt lat="43.98271001404117" lon="10.192442040731596"><ele>14.957083333333337</ele></trkpt>
<trkpt lat="43.983076677827405" lon="10.191935489789621"><ele>14.734559327846368</ele></trkpt>
<trkpt lat="43.983250009185596" lon="10.191696027163854"><ele>14.646458333333335</ele></trkpt>
<trkpt lat="43.98342284000993" lon="10.191457106369242"><ele>14.60960048010974</ele></trkpt>
<trkpt lat="43.983517414847576" lon="10.191325830231248"><ele>14.601808127572017</ele></trkpt>
<trkpt lat="43.98360758214674" lon="10.191199344047986"><ele>14.597092764060356</ele></trkpt>
<trkpt lat="43.98368208613484" lon="10.19109184606389"><ele>14.594044067215364</ele></trkpt>
<trkpt lat="43.98373479267592" lon="10.191010003483811"><ele>14.592083333333333</ele></trkpt>
<trkpt lat="43.983766992047464" lon="10.190949485119827"><ele>14.59042695473251</ele></trkpt>
<trkpt lat="43.98378409138698" lon="10.190900628168224"><ele>14.584835390946502</ele></trkpt>
<trkpt lat="43.98379166928603" lon="10.190853432271929"><ele>14.561558641975308</ele></trkpt>
<trkpt lat="43.983793104433" lon="10.190802960932396"><ele>14.498825445816186</ele></trkpt>
<trkpt lat="43.983790218622225" lon="10.190747199573474"><ele>14.381462620027435</ele></trkpt>
<trkpt lat="43.983778459934236" lon="10.190621348856517"><ele>14.055713305898491</ele></trkpt>
<trkpt lat="43.98377369713668" lon="10.190553109265933"><ele>13.923484224965707</ele></trkpt>
<trkpt lat="43.98377096110738" lon="10.190485404648692"><ele>13.836995884773664</ele></trkpt>
<trkpt lat="43.98376801097821" lon="10.190354373486073"><ele>13.72078875171468</ele></trkpt>
<trkpt lat="43.98376548676252" lon="10.190278888704"><ele>13.635000000000003</ele></trkpt>
<trkpt lat="43.98376130412379" lon="10.19018213043069"><ele>13.50374399862826</ele></trkpt>
<trkpt lat="43.9837481246974" lon="10.189913798964056"><ele>13.105259773662553</ele></trkpt>
<trkpt lat="43.983733355193344" lon="10.18962394037547"><ele>12.671182270233198</ele></trkpt>
<trkpt lat="43.983719985387125" lon="10.189362673620193"><ele>12.305606995884775</ele></trkpt>
<trkpt lat="43.98370500619323" lon="10.189069998660617"><ele>11.929691358024693</ele></trkpt>
<trkpt lat="43.98369002654035" lon="10.188777323844944"><ele>11.58900205761317</ele></trkpt>
<trkpt lat="43.9836833389368" lon="10.188646665488719"><ele>11.466041666666667</ele></trkpt>
<trkpt lat="43.98366941231042" lon="10.188374690280115"><ele>11.292909807956105</ele></trkpt>
<trkpt lat="43.98365362604904" lon="10.188068025218397"><ele>11.151250857338821</ele></trkpt>
<trkpt lat="43.98363826608606" lon="10.187777256310628"><ele>10.997916666666667</ele></trkpt>
<trkpt lat="43.983629970974135" lon="10.187625520487394"><ele>10.897175068587106</ele></trkpt>
<trkpt lat="43.983609926026354" lon="10.187266431129519"><ele>10.627312242798356</ele></trkpt>
<trkpt lat="43.983589269921225" lon="10.186899330261172"><ele>10.337267661179698</ele></trkpt>
<trkpt lat="43.983550017213844" lon="10.186202495962766"><ele>9.76729681069959</ele></trkpt>
<trkpt lat="43.9835292778198" lon="10.185834347570873"><ele>9.481460048010975</ele></trkpt>
<trkpt lat="43.98352001875305" lon="10.185669995693262"><ele>9.374166666666667</ele></trkpt>
<trkpt lat="43.98350075875766" lon="10.185328143952045"><ele>9.209490740740742</ele></trkpt>
<trkpt lat="43.98347927550542" lon="10.184946848040878"><ele>9.057253086419754</ele></trkpt>
<trkpt lat="43.983460013807125" lon="10.184604996769115"><ele>8.877083333333333</ele></trkpt>
<trkpt lat="43.98345075368832" lon="10.184440712576027"><ele>8.75250085733882</ele></trkpt>
<trkpt lat="43.98343005631123" lon="10.184076334258009"><ele>8.416808127572017</ele></trkpt>
<trkpt lat="43.98341943573477" lon="10.183895310727001"><ele>8.241143689986284</ele></trkpt>
<trkpt lat="43.98340972605664" lon="10.183740760902905"><ele>8.094692215363512</ele></trkpt>
<trkpt lat="43.98340104321224" lon="10.183621770361471"><ele>7.991458333333333</ele></trkpt>
<trkpt lat="43.983392584385896" lon="10.183532326677586"><ele>7.929585369513031</ele></trkpt>
<trkpt lat="43.983383320620504" lon="10.183459596806763"><ele>7.897869620198903</ele></trkpt>
<trkpt lat="43.983372525471175" lon="10.183392310541139"><ele>7.8827549511316874</ele></trkpt>
<trkpt lat="43.98335998029521" lon="10.183325720507888"><ele>7.87232853223594</ele></trkpt>
<trkpt lat="43.983345570989314" lon="10.183258535571534"><ele>7.857980109739369</ele></trkpt>
<trkpt lat="43.983329240402114" lon="10.183190818210509"><ele>7.835151748971193</ele></trkpt>
<trkpt lat="43.98331123619778" lon="10.183122960530127"><ele>7.8031876929012345</ele></trkpt>
<trkpt lat="43.98329139807657" lon="10.18305437604689"><ele>7.760756494341563</ele></trkpt>
<trkpt lat="43.98326820740958" lon="10.18298109613519"><ele>7.702086869855967</ele></trkpt>
<trkpt lat="43.983237708809945" lon="10.182892394391805"><ele>7.614375000000001</ele></trkpt>
<trkpt lat="43.98319543730301" lon="10.182775720610895"><ele>7.484124657064472</ele></trkpt>
<trkpt lat="43.98313950085265" lon="10.182624999497396"><ele>7.307107338820302</ele></trkpt>
<trkpt lat="43.98307348734772" lon="10.182448854042315"><ele>7.097605452674898</ele></trkpt>
<trkpt lat="43.982940162053076" lon="10.182094651521465"><ele>6.6931061385459545</ele></trkpt>
<trkpt lat="43.98281982104755" lon="10.18177527887657"><ele>6.400001714677641</ele></trkpt>
<trkpt lat="43.98268516114411" lon="10.18141794663182"><ele>6.153616255144033</ele></trkpt>
<trkpt lat="43.98255169405669" lon="10.181064008894545"><ele>5.9343844307270235</ele></trkpt>
<trkpt lat="43.9824363402024" lon="10.1807588377241"><ele>5.755324074074074</ele></trkpt>
<trkpt lat="43.98231141466268" lon="10.180429191889628"><ele>5.57087962962963</ele></trkpt>
<trkpt lat="43.982077342080274" lon="10.179812033760266"><ele>5.241843278463649</ele></trkpt>
<trkpt lat="43.981953763449106" lon="10.179486228631294"><ele>5.083029835390946</ele></trkpt>
<trkpt lat="43.98183018424938" lon="10.179160424858733"><ele>4.946966735253772</ele></trkpt>
<trkpt lat="43.981719844736475" lon="10.178869529779375"><ele>4.891512345679012</ele></trkpt>
<trkpt lat="43.981596263427726" lon="10.178543728575226"><ele>4.908796296296296</ele></trkpt>
<trkpt lat="43.98147268155362" lon="10.178217928735886"><ele>4.99212962962963</ele></trkpt>
<trkpt lat="43.98141751075744" lon="10.178072482825932"><ele>5.079166666666667</ele></trkpt>
<trkpt lat="43.981302787655444" lon="10.177770059925216"><ele>5.400631001371742</ele></trkpt>
<trkpt lat="43.981175357278914" lon="10.177434409556316"><ele>5.84732853223594</ele></trkpt>
<trkpt lat="43.98106364798032" lon="10.177141454064246"><ele>6.206666666666667</ele></trkpt>
<trkpt lat="43.98101185720549" lon="10.177006625204234"><ele>6.336056241426612</ele></trkpt>
<trkpt lat="43.98089892563813" lon="10.17671427942098"><ele>6.546316872427983</ele></trkpt>
<trkpt lat="43.98078727889884" lon="10.176425969563187"><ele>6.65383401920439</ele></trkpt>
<trkpt lat="43.980737508426074" lon="10.1762974864062"><ele>6.621666666666666</ele></trkpt>
<trkpt lat="43.98068774072102" lon="10.176169012891712"><ele>6.511995884773662</ele></trkpt>
<trkpt lat="43.980633991394434" lon="10.176030261737983"><ele>6.327818930041151</ele></trkpt>
<trkpt lat="43.98046477983997" lon="10.17559345419073"><ele>5.63224279835391</ele></trkpt>
<trkpt lat="43.980365242799614" lon="10.175336509737768"><ele>5.305245198902607</ele></trkpt>
<trkpt lat="43.98025376049171" lon="10.17504873297376"><ele>5.043420781893005</ele></trkpt>
<trkpt lat="43.980092508409" lon="10.17463248636246"><ele>4.699583333333334</ele></trkpt>
<trkpt lat="43.97987536487025" lon="10.174071460310422"><ele>4.2043158436214</ele></trkpt>
<trkpt lat="43.97978119900463" lon="10.17382577889742"><ele>4.013541666666667</ele></trkpt>
<trkpt lat="43.979701567521616" lon="10.173613025037021"><ele>3.9112665294924556</ele></trkpt>
<trkpt lat="43.97961680937659" lon="10.173383131915353"><ele>3.840663751714678</ele></trkpt>
<trkpt lat="43.97944733181884" lon="10.172922160445019"><ele>3.681333333333334</ele></trkpt>
<trkpt lat="43.979358941866394" lon="10.172682692913526"><ele>3.6420000000000003</ele></trkpt>
<trkpt lat="43.97931594189555" lon="10.172567070656607"><ele>3.67574962962963</ele></trkpt>
<trkpt lat="43.979222331966646" lon="10.172317160305917"><ele>3.8737288888888894</ele></trkpt>
<trkpt lat="43.979173797413274" lon="10.17218798811626"><ele>4.033725925925927</ele></trkpt>
<trkpt lat="43.979127453870205" lon="10.172064713869396"><ele>4.249882962962964</ele></trkpt>
<trkpt lat="43.97908256424037" lon="10.171945330907352"><ele>4.551558518518519</ele></trkpt>
<trkpt lat="43.979036375929496" lon="10.171822553310765"><ele>4.9561748148148155</ele></trkpt>
<trkpt lat="43.978942533140525" lon="10.171574165305445"><ele>5.932583703703704</ele></trkpt>
<trkpt lat="43.97890247437512" lon="10.171469776926479"><ele>6.382314074074074</ele></trkpt>
<trkpt lat="43.97886947939681" lon="10.171386133598247"><ele>6.771915555555556</ele></trkpt>
<trkpt lat="43.97884117634715" lon="10.171317530099138"><ele>7.124653333333334</ele></trkpt>
<trkpt lat="43.97881445112561" lon="10.171256308693454"><ele>7.462653333333334</ele></trkpt>
<trkpt lat="43.978786791854645" lon="10.171197314614677"><ele>7.788151111111112</ele></trkpt>
<trkpt lat="43.97875530148173" lon="10.17113631157863"><ele>8.098226666666667</ele></trkpt>
<trkpt lat="43.97871648419752" lon="10.171068054648222"><ele>8.402773552812072</ele></trkpt>
<trkpt lat="43.978668154320985" lon="10.170988463814448"><ele>8.718461179698217</ele></trkpt>
<trkpt lat="43.978612777037036" lon="10.170900289336709"><ele>9.040044362139918</ele></trkpt>
<trkpt lat="43.97855569283951" lon="10.170811039216089"><ele>9.338379451303155</ele></trkpt>
<trkpt lat="43.97850109160494" lon="10.170727077881411"><ele>9.57725256515775</ele></trkpt>
<trkpt lat="43.9784475" lon="10.17064645764662"><ele>9.740833333333333</ele></trkpt>
<trkpt lat="43.97838961248286" lon="10.170561382041551"><ele>9.83525548696845</ele></trkpt>
<trkpt lat="43.97832305212621" lon="10.170465233875436"><ele>9.877162208504801</ele></trkpt>
<trkpt lat="43.97824902263375" lon="10.170359656789577"><ele>9.877340534979423</ele></trkpt>
<trkpt lat="43.97817332990398" lon="10.170253497716775"><ele>9.830449245541839</ele></trkpt>
<trkpt lat="43.97810109396434" lon="10.170155363403863"><ele>9.711736968449932</ele></trkpt>
<trkpt lat="43.97803166666667" lon="10.170066249083195"><ele>9.479583333333334</ele></trkpt>
<trkpt lat="43.9779591606653" lon="10.169979474308667"><ele>9.094833676268863</ele></trkpt>
<trkpt lat="43.97787848336763" lon="10.169887977253202"><ele>8.550685871056242</ele></trkpt>
<trkpt lat="43.97770676268861" lon="10.169698532897174"><ele>7.237244513031551</ele></trkpt>
<trkpt lat="43.97763431498628" lon="10.169617252303002"><ele>6.658475651577505</ele></trkpt>
<trkpt lat="43.97757854166667" lon="10.16955124949179"><ele>6.203333333333334</ele></trkpt>
<trkpt lat="43.977536692708334" lon="10.169496140050782"><ele>5.849598765432099</ele></trkpt>
<trkpt lat="43.977502747878084" lon="10.169444812345207"><ele>5.550231481481482</ele></trkpt>
<trkpt lat="43.97747136863426" lon="10.169392223009142"><ele>5.270439814814816</ele></trkpt>
<trkpt lat="43.97740779578189" lon="10.169283355470885"><ele>4.782239368998628</ele></trkpt>
<trkpt lat="43.97737337705762" lon="10.169228537225418"><ele>4.59522719478738</ele></trkpt>
<trkpt lat="43.97733672935957" lon="10.169175331966759"><ele>4.443106995884774</ele></trkpt>
<trkpt lat="43.9772999360211" lon="10.169129917692535"><ele>4.321429183813444</ele></trkpt>
<trkpt lat="43.977264766911006" lon="10.16909772488208"><ele>4.222999828532235</ele></trkpt>
<trkpt lat="43.977231612654315" lon="10.16907904575354"><ele>4.137101337448559</ele></trkpt>
<trkpt lat="43.97719932355966" lon="10.169065968773038"><ele>4.04818329903978</ele></trkpt>
<trkpt lat="43.977167975823036" lon="10.169049597023706"><ele>3.954296124828532</ele></trkpt>
<trkpt lat="43.97713958333334" lon="10.169024537003102"><ele>3.86962962962963</ele></trkpt>
<trkpt lat="43.97711643229167" lon="10.168992132491095"><ele>3.809574652777778</ele></trkpt>
<trkpt lat="43.977099644097216" lon="10.168956559580772"><ele>3.7750896990740745</ele></trkpt>
<trkpt lat="43.97708775173611" lon="10.168921345459706"><ele>3.7534866898148147</ele></trkpt>
<trkpt lat="43.97706364872684" lon="10.168837138210439"><ele>3.6988599537037032</ele></trkpt>
<trkpt lat="43.97704374710648" lon="10.168774192545317"><ele>3.6541261574074073</ele></trkpt>
<trkpt lat="43.97701769097222" lon="10.168697031044271"><ele>3.600824652777778</ele></trkpt>
<trkpt lat="43.97698770543982" lon="10.168614817494921"><ele>3.54892650462963</ele></trkpt>
<trkpt lat="43.97695590245713" lon="10.16853712653014"><ele>3.5088919967421126</ele></trkpt>
<trkpt lat="43.97692275399609" lon="10.168467241283933"><ele>3.4848576817558303</ele></trkpt>
<trkpt lat="43.97688857547342" lon="10.168403903002368"><ele>3.473310828189301</ele></trkpt>
<trkpt lat="43.976853098487375" lon="10.168343410716284"><ele>3.4673981910150897</ele></trkpt>
<trkpt lat="43.976814473523504" lon="10.168280398605138"><ele>3.4607988254458166</ele></trkpt>
<trkpt lat="43.97676703229516" lon="10.16820489236383"><ele>3.449166666666667</ele></trkpt>
<trkpt lat="43.976704063870194" lon="10.16810597398143"><ele>3.4298851165980797</ele></trkpt>
<trkpt lat="43.976526739215274" lon="10.16782943110341"><ele>3.370488683127572</ele></trkpt>
<trkpt lat="43.97633427836665" lon="10.167529955191549"><ele>3.314761659807956</ele></trkpt>
<trkpt lat="43.97616070468566" lon="10.167259941941081"><ele>3.299353566529493</ele></trkpt>
<trkpt lat="43.97596626164642" lon="10.166957468959302"><ele>3.321856995884774</ele></trkpt>
<trkpt lat="43.975598207011494" lon="10.166384936238748"><ele>3.401468621399177</ele></trkpt>
<trkpt lat="43.97520931582345" lon="10.16578000371168"><ele>3.5115612139917696</ele></trkpt>
<trkpt lat="43.97503571036412" lon="10.165509958231828"><ele>3.5316169410150895</ele></trkpt>
<trkpt lat="43.974841694900995" lon="10.165208120552926"><ele>3.5239248971193415</ele></trkpt>
<trkpt lat="43.97465098229507" lon="10.16491105300658"><ele>3.5081601508916322</ele></trkpt>
<trkpt lat="43.97456937680458" lon="10.16478353575306"><ele>3.5010416666666666</ele></trkpt>
<trkpt lat="43.97440987916446" lon="10.164533085289822"><ele>3.4873508230452677</ele></trkpt>
<trkpt lat="43.97423925640278" lon="10.164264244974122"><ele>3.473191872427984</ele></trkpt>
<trkpt lat="43.97393584127579" lon="10.163785843208332"><ele>3.453942043895748</ele></trkpt>
<trkpt lat="43.97361500916525" lon="10.163279976271943"><ele>3.442083333333334</ele></trkpt>
<trkpt lat="43.973378758409275" lon="10.162907477749576"><ele>3.440146604938272</ele></trkpt>
<trkpt lat="43.973069593737215" lon="10.162420025745726"><ele>3.4420061728395064</ele></trkpt>
<trkpt lat="43.972906510192246" lon="10.162163100334107"><ele>3.4450000000000003</ele></trkpt>
<trkpt lat="43.97282256931716" lon="10.162031271667926"><ele>3.446628086419753</ele></trkpt>
<trkpt lat="43.97274535317663" lon="10.161910762075323"><ele>3.4479938271604937</ele></trkpt>
<trkpt lat="43.97267546950453" lon="10.161803017905138"><ele>3.4489583333333336</ele></trkpt>
<trkpt lat="43.97260763515249" lon="10.161700134001245"><ele>3.449531035665295</ele></trkpt>
<trkpt lat="43.9725362458375" lon="10.161593318166346"><ele>3.4497719478738</ele></trkpt>
<trkpt lat="43.97238777928495" lon="10.161372558514076"><ele>3.4489617626886147</ele></trkpt>
<trkpt lat="43.97232270426159" lon="10.16127496529898"><ele>3.44721622085048</ele></trkpt>
<trkpt lat="43.972267708333334" lon="10.161190832698582"><ele>3.44375</ele></trkpt>
<trkpt lat="43.972219278978315" lon="10.161114425051654"><ele>3.4379561042524007</ele></trkpt>
<trkpt lat="43.97217238511948" lon="10.161038217929066"><ele>3.429693072702332</ele></trkpt>
<trkpt lat="43.97207526325541" lon="10.160877801072301"><ele>3.4088597393689986</ele></trkpt>
<trkpt lat="43.97202468035434" lon="10.160795350449046"><ele>3.398326474622771</ele></trkpt>
<trkpt lat="43.9719687503183" lon="10.16070624821478"><ele>3.3879166666666665</ele></trkpt>
<trkpt lat="43.9719012094605" lon="10.160600886954601"><ele>3.3767215363511665</ele></trkpt>
<trkpt lat="43.971818313784695" lon="10.16047316426916"><ele>3.3639214677640608</ele></trkpt>
<trkpt lat="43.97172353546355" lon="10.16032794161576"><ele>3.3496090534979426</ele></trkpt>
<trkpt lat="43.97145000241913" lon="10.159909992195438"><ele>3.3037500000000004</ele></trkpt>
<trkpt lat="43.97117509924957" lon="10.159489994037733"><ele>3.2401954732510294</ele></trkpt>
<trkpt lat="43.970985804796584" lon="10.159199626340142"><ele>3.196237997256516</ele></trkpt>
<trkpt lat="43.97090208365164" lon="10.159069997595095"><ele>3.1804166666666664</ele></trkpt>
<trkpt lat="43.97081915309097" lon="10.158940395753506"><ele>3.1684670781893005</ele></trkpt>
<trkpt lat="43.97073038928422" lon="10.158800670115815"><ele>3.1588940329218107</ele></trkpt>
<trkpt lat="43.97054322874089" lon="10.158505114791167"><ele>3.143276748971194</ele></trkpt>
<trkpt lat="43.97046014060383" lon="10.158374470449864"><ele>3.1371090534979427</ele></trkpt>
<trkpt lat="43.97038875" lon="10.158263332243754"><ele>3.132083333333334</ele></trkpt>
<trkpt lat="43.97032431870198" lon="10.158164564414085"><ele>3.1278566529492458</ele></trkpt>
<trkpt lat="43.97026054584525" lon="10.158068242416462"><ele>3.124092935528121</ele></trkpt>
<trkpt lat="43.97012897187782" lon="10.157871212818135"><ele>3.119525034293553</ele></trkpt>
<trkpt lat="43.97006444246344" lon="10.157774038933447"><ele>3.121436899862826</ele></trkpt>
<trkpt lat="43.96999847290774" lon="10.157673538809224"><ele>3.1287500000000006</ele></trkpt>
<trkpt lat="43.96992451035087" lon="10.15755950221404"><ele>3.14295353223594</ele></trkpt>
<trkpt lat="43.969837775424296" lon="10.157424731909543"><ele>3.1634919410150895</ele></trkpt>
<trkpt lat="43.969641825920725" lon="10.15711891629005"><ele>3.201493484224966</ele></trkpt>
<trkpt lat="43.9694633392266" lon="10.156839983660763"><ele>3.164791666666667</ele></trkpt>
<trkpt lat="43.96937743425457" lon="10.156705723332555"><ele>3.0920884773662554</ele></trkpt>
<trkpt lat="43.96908535624304" lon="10.156249241123234"><ele>2.7133204732510294</ele></trkpt>
<trkpt lat="43.96899257827635" lon="10.15610424183384"><ele>2.609063786008231</ele></trkpt>
<trkpt lat="43.968906672546076" lon="10.155969983639329"><ele>2.550208333333334</ele></trkpt>
<trkpt lat="43.96882086958699" lon="10.15583573412798"><ele>2.5396596364883406</ele></trkpt>
<trkpt lat="43.96872912115927" lon="10.15569081904935"><ele>2.5693192729766805</ele></trkpt>
<trkpt lat="43.968634209019804" lon="10.155535462342028"><ele>2.6234696502057617</ele></trkpt>
<trkpt lat="43.96854929027321" lon="10.155380910294848"><ele>2.6835245198902604</ele></trkpt>
<trkpt lat="43.968491643010836" lon="10.15523874060073"><ele>2.7333324759945126</ele></trkpt>
<trkpt lat="43.96847517565382" lon="10.155110072158381"><ele>2.7637499999999995</ele></trkpt>
<trkpt lat="43.96850527569953" lon="10.154985150705025"><ele>2.7733624828532237</ele></trkpt>
<trkpt lat="43.968577646266695" lon="10.1548534427369"><ele>2.7659533607681754</ele></trkpt>
<trkpt lat="43.96867837893728" lon="10.154713828905642"><ele>2.748143004115226</ele></trkpt>
<trkpt lat="43.96878910501174" lon="10.15457501863135"><ele>2.7271724965706445</ele></trkpt>
<trkpt lat="43.968895576781875" lon="10.154446053114393"><ele>2.708979766803841</ele></trkpt>
<trkpt lat="43.969094551053054" lon="10.154207372062189"><ele>2.6905041152263376</ele></trkpt>
<trkpt lat="43.96931751691551" lon="10.153940056667672"><ele>2.6905864197530867</ele></trkpt>
<trkpt lat="43.96973955808246" lon="10.153434061318956"><ele>2.6950591563786013</ele></trkpt>
<trkpt lat="43.96996252214211" lon="10.153166740118472"><ele>2.6898533950617285</ele></trkpt>
<trkpt lat="43.97038455989652" lon="10.15266073377968"><ele>2.678922325102881</ele></trkpt>
<trkpt lat="43.970830484027246" lon="10.152126077759275"><ele>2.672471707818929</ele></trkpt>
<trkpt lat="43.97125251694844" lon="10.151620056631089"><ele>2.675439814814815</ele></trkpt>
<trkpt lat="43.971575012543425" lon="10.151233375268697"><ele>2.687291666666667</ele></trkpt>
<trkpt lat="43.972011509974436" lon="10.150710190212978"><ele>2.731643518518519</ele></trkpt>
<trkpt lat="43.97221114759256" lon="10.150471812741351"><ele>2.7433333333333336</ele></trkpt>
<trkpt lat="43.97230247864919" lon="10.150363410726348"><ele>2.740242626886146</ele></trkpt>
<trkpt lat="43.972499586580874" lon="10.150130561964465"><ele>2.7197556584362146</ele></trkpt>
<trkpt lat="43.97278000339943" lon="10.149800012451355"><ele>2.6914583333333337</ele></trkpt>
<trkpt lat="43.9731602506377" lon="10.14935186566249"><ele>2.700474108367627</ele></trkpt>
<trkpt lat="43.9735198184757" lon="10.148928066839682"><ele>2.719582475994513</ele></trkpt>
<trkpt lat="43.973721391395685" lon="10.148690200425344"><ele>2.7295130315500686</ele></trkpt>
<trkpt lat="43.97390694535711" lon="10.148469934998301"><ele>2.734791666666667</ele></trkpt>
<trkpt lat="43.97399980112723" lon="10.148358752332346"><ele>2.7345970507544584</ele></trkpt>
<trkpt lat="43.974213661625576" lon="10.148101204471848"><ele>2.729902263374486</ele></trkpt>
<trkpt lat="43.97442996853563" lon="10.147840109167472"><ele>2.724473593964335</ele></trkpt>
<trkpt lat="43.97484000491022" lon="10.147345018007437"><ele>2.7244135802469134</ele></trkpt>
<trkpt lat="43.975056630236345" lon="10.147083453273492"><ele>2.721502057613169</ele></trkpt>
<trkpt lat="43.97525002224574" lon="10.146849940575823"><ele>2.701454046639232</ele></trkpt>
<trkpt lat="43.97546536598947" lon="10.146589988700033"><ele>2.660195473251029</ele></trkpt>
<trkpt lat="43.975670924671064" lon="10.14634238963915"><ele>2.620404663923183</ele></trkpt>
<trkpt lat="43.975752222824866" lon="10.146245072451253"><ele>2.609791666666667</ele></trkpt>
<trkpt lat="43.9758930999955" lon="10.146078490518516"><ele>2.6097804938271607</ele></trkpt>
<trkpt lat="43.976036425610566" lon="10.145910863847961"><ele>2.6290879629629633</ele></trkpt>
<trkpt lat="43.97617776061592" lon="10.145745949125772"><ele>2.6655985185185194</ele></trkpt>
<trkpt lat="43.9765" lon="10.14537"><ele>2.8000000000000003</ele></trkpt>
</trkseg>
</trk></gpx>
