<?xml version='1.0' encoding='UTF-8'?>
<gpx version="1.1"
  creator="GPXmagic"
  xmlns="http://www.topografix.com/GPX/1/1"
  xmlns:rgt="http://www.rgtcycling.com/XML/GpxExtensions/v1"
  xmlns:xsi="http://www.w3.org/2001/XMLSchema-instance" xsi:schemaLocation="http://www.topografix.com/GPX/1/1
  http://www.topografix.com/GPX/1/1/gpx.xsd">
  <metadata>
    <name>Smoothed with GPXmagic</name>
    <author>
      <link href="https://www.stepwiserefinement.co.uk">
        <text>GPXmagic v3</text>
        <type>text/html</type>
      </link>
    </author>
  </metadata>
<trk>  <name>Arsenal&#32;Clockwise</name>
<trkseg>
<trkpt lat="39.81277" lon="-104.88870000000004"><ele>1588.0500000000002</ele></trkpt>
<trkpt lat="39.8127717824074" lon="-104.88898753854917"><ele>1588.0338580246917</ele></trkpt>
<trkpt lat="39.812775092592595" lon="-104.88921811721207"><ele>1588.021728395062</ele></trkpt>
<trkpt lat="39.812781458333326" lon="-104.88938094893935"><ele>1588.0149074074075</ele></trkpt>
<trkpt lat="39.81279206875856" lon="-104.88951098400705"><ele>1588.0118604252402</ele></trkpt>
<trkpt lat="39.81280710048009" lon="-104.88964172895615"><ele>1588.0107424554185</ele></trkpt>
<trkpt lat="39.81286958333332" lon="-104.89013479153591"><ele>1588.0162500000001</ele></trkpt>
<trkpt lat="39.81288141504251" lon="-104.89027155260892"><ele>1588.0306087105625</ele></trkpt>
<trkpt lat="39.81288523842748" lon="-104.89039351254985"><ele>1588.056627229081</ele></trkpt>
<trkpt lat="39.81288114636367" lon="-104.89055437524488"><ele>1588.1054166666668</ele></trkpt>
<trkpt lat="39.81286447016187" lon="-104.89083376613975"><ele>1588.2026217421126</ele></trkpt>
<trkpt lat="39.812815004030625" lon="-104.89156000128142"><ele>1588.2929166666668</ele></trkpt>
<trkpt lat="39.81276433302169" lon="-104.89229309401604"><ele>1587.5771073388205</ele></trkpt>
<trkpt lat="39.81274156323704" lon="-104.8926072920497"><ele>1587.1179166666668</ele></trkpt>
<trkpt lat="39.81269723602609" lon="-104.89313444736159"><ele>1585.958442043896</ele></trkpt>
<trkpt lat="39.812674278513946" lon="-104.8933949013316"><ele>1585.6266355555556</ele></trkpt>
<trkpt lat="39.81263964804091" lon="-104.8937954284702"><ele>1585.8102311111113</ele></trkpt>
<trkpt lat="39.81262662469606" lon="-104.89398397101444"><ele>1585.974539652778</ele></trkpt>
<trkpt lat="39.81262814029452" lon="-104.89409340943136"><ele>1586.0444352083337</ele></trkpt>
<trkpt lat="39.81265099201417" lon="-104.89420614707598"><ele>1586.0266670833335</ele></trkpt>
<trkpt lat="39.812675118634246" lon="-104.8942827804753"><ele>1585.9726562500002</ele></trkpt>
<trkpt lat="39.81276953414351" lon="-104.89455058431594"><ele>1585.714713541667</ele></trkpt>
<trkpt lat="39.81281802083333" lon="-104.8947028557958"><ele>1585.5440625</ele></trkpt>
<trkpt lat="39.812852429745355" lon="-104.89483953282861"><ele>1585.3322993981483</ele></trkpt>
<trkpt lat="39.812873370486095" lon="-104.89497189398656"><ele>1585.0216281944447</ele></trkpt>
<trkpt lat="39.81288626307869" lon="-104.89511577047234"><ele>1584.6281063425927</ele></trkpt>
<trkpt lat="39.81289932444443" lon="-104.89544651995307"><ele>1583.7258444444444</ele></trkpt>
<trkpt lat="39.81290247703703" lon="-104.89569840444544"><ele>1583.0784814814813</ele></trkpt>
<trkpt lat="39.812892837384254" lon="-104.89590810076614"><ele>1582.64801875</ele></trkpt>
<trkpt lat="39.81287130814815" lon="-104.89610542952991"><ele>1582.3485133333334</ele></trkpt>
<trkpt lat="39.81284458912036" lon="-104.89625666962034"><ele>1582.190486111111</ele></trkpt>
<trkpt lat="39.81280300636573" lon="-104.89643132528852"><ele>1582.2579629629631</ele></trkpt>
<trkpt lat="39.81278098958332" lon="-104.8965895052704"><ele>1582.5136284722225</ele></trkpt>
<trkpt lat="39.812766021412024" lon="-104.89674418984487"><ele>1582.795769675926</ele></trkpt>
<trkpt lat="39.81276181423611" lon="-104.89685181423124"><ele>1583.000451388889</ele></trkpt>
<trkpt lat="39.812770512152774" lon="-104.89697232053507"><ele>1583.3502546296297</ele></trkpt>
<trkpt lat="39.81279664930555" lon="-104.89716681409637"><ele>1584.0759375000002</ele></trkpt>
<trkpt lat="39.81283451967592" lon="-104.89737408262312"><ele>1584.8434548611112</ele></trkpt>
<trkpt lat="39.81288065972221" lon="-104.89752840266391"><ele>1585.3053645833334</ele></trkpt>
<trkpt lat="39.81293185495969" lon="-104.89763610481813"><ele>1585.5211451903292</ele></trkpt>
<trkpt lat="39.81299249196244" lon="-104.89770103454764"><ele>1585.5332908950616</ele></trkpt>
<trkpt lat="39.81303114546894" lon="-104.89771952588812"><ele>1585.481981532922</ele></trkpt>
<trkpt lat="39.81312377366198" lon="-104.8977277586217"><ele>1585.3172938271607</ele></trkpt>
<trkpt lat="39.813229282573545" lon="-104.89771591808996"><ele>1585.128021399177</ele></trkpt>
<trkpt lat="39.81338237627509" lon="-104.89770634747575"><ele>1584.8949703703704</ele></trkpt>
<trkpt lat="39.8135882518087" lon="-104.89769943417983"><ele>1584.5931481481484</ele></trkpt>
<trkpt lat="39.81418649941046" lon="-104.89768303005332"><ele>1583.4790404663925</ele></trkpt>
<trkpt lat="39.814372358536005" lon="-104.89768072489123"><ele>1583.1228060699586</ele></trkpt>
<trkpt lat="39.814600733024356" lon="-104.89768173480216"><ele>1582.706612654321</ele></trkpt>
<trkpt lat="39.81472170781885" lon="-104.897685843975"><ele>1582.4930658436213</ele></trkpt>
<trkpt lat="39.81483461162549" lon="-104.89769577099837"><ele>1582.3025282921813</ele></trkpt>
<trkpt lat="39.81493895833333" lon="-104.89771541632089"><ele>1582.1410416666668</ele></trkpt>
<trkpt lat="39.81504289351851" lon="-104.89774820931363"><ele>1581.998593106996</ele></trkpt>
<trkpt lat="39.81515447530863" lon="-104.89779464430079"><ele>1581.8615689300411</ele></trkpt>
<trkpt lat="39.81548619598764" lon="-104.89795178958114"><ele>1581.4985622427985</ele></trkpt>
<trkpt lat="39.81556416666666" lon="-104.89798458301173"><ele>1581.4270833333333</ele></trkpt>
<trkpt lat="39.81567899016203" lon="-104.89801423369062"><ele>1581.3626886145405</ele></trkpt>
<trkpt lat="39.81581513555554" lon="-104.89802300047569"><ele>1581.3499923319616</ele></trkpt>
<trkpt lat="39.81586845756944" lon="-104.89803373399828"><ele>1581.3459466666666</ele></trkpt>
<trkpt lat="39.81591975627314" lon="-104.8980749264147"><ele>1581.311528888889</ele></trkpt>
<trkpt lat="39.81596196148148" lon="-104.89812270923608"><ele>1581.2656414814817</ele></trkpt>
<trkpt lat="39.816169816296295" lon="-104.8983751252523"><ele>1581.0056562962964</ele></trkpt>
<trkpt lat="39.816245339259254" lon="-104.89846057571572"><ele>1580.9045748148149</ele></trkpt>
<trkpt lat="39.81631979555555" lon="-104.8985359905905"><ele>1580.7995748148148</ele></trkpt>
<trkpt lat="39.81639742222222" lon="-104.89860569281691"><ele>1580.684700740741</ele></trkpt>
<trkpt lat="39.8166257511111" lon="-104.89879714631189"><ele>1580.330863703704</ele></trkpt>
<trkpt lat="39.81673423726851" lon="-104.89890967521056"><ele>1580.1535578703706</ele></trkpt>
<trkpt lat="39.81683051296296" lon="-104.89902702775616"><ele>1580.001807592593</ele></trkpt>
<trkpt lat="39.81692400752314" lon="-104.89912379037375"><ele>1579.9054890046298</ele></trkpt>
<trkpt lat="39.81702392939814" lon="-104.89919033555718"><ele>1579.8732060185187</ele></trkpt>
<trkpt lat="39.817081904675916" lon="-104.8992119966945"><ele>1579.875314351852</ele></trkpt>
<trkpt lat="39.81714816370369" lon="-104.89922591199212"><ele>1579.8882490740743</ele></trkpt>
<trkpt lat="39.81729614016203" lon="-104.89924490292123"><ele>1579.927293865741</ele></trkpt>
<trkpt lat="39.81737153789351" lon="-104.89926143291825"><ele>1579.9391297453703</ele></trkpt>
<trkpt lat="39.81745134518518" lon="-104.89929011226303"><ele>1579.939282962963</ele></trkpt>
<trkpt lat="39.81754084592592" lon="-104.89933279359829"><ele>1579.9275792592593</ele></trkpt>
<trkpt lat="39.81781098962961" lon="-104.89948069005395"><ele>1579.8534162962965</ele></trkpt>
<trkpt lat="39.8178691560288" lon="-104.89951023927368"><ele>1579.8211618587106</ele></trkpt>
<trkpt lat="39.81794247512347" lon="-104.89953706299576"><ele>1579.7378629835391</ele></trkpt>
<trkpt lat="39.81800740664633" lon="-104.89954375554464"><ele>1579.6173754389577</ele></trkpt>
<trkpt lat="39.81812334790913" lon="-104.89953970646047"><ele>1579.3934276406037</ele></trkpt>
<trkpt lat="39.818640000003306" lon="-104.8995033342035"><ele>1578.5072916666668</ele></trkpt>
<trkpt lat="39.81927999999405" lon="-104.89945666753754"><ele>1578.2135416666667</ele></trkpt>
<trkpt lat="39.81959828960501" lon="-104.89943248684106"><ele>1578.1692026748972</ele></trkpt>
<trkpt lat="39.81980500085569" lon="-104.89940916240073"><ele>1578.1746724965706</ele></trkpt>
<trkpt lat="39.8198835416658" lon="-104.89939194468678"><ele>1578.2060416666668</ele></trkpt>
<trkpt lat="39.819949359889016" lon="-104.89936737841795"><ele>1578.2676172410836</ele></trkpt>
<trkpt lat="39.82001051279563" lon="-104.89933387634805"><ele>1578.3620998371057</ele></trkpt>
<trkpt lat="39.820179681927286" lon="-104.89921625413287"><ele>1578.7176208847736</ele></trkpt>
<trkpt lat="39.82025378440071" lon="-104.89917599089229"><ele>1578.8692123199587</ele></trkpt>
<trkpt lat="39.82033202942814" lon="-104.89917773465923"><ele>1578.9818203446503</ele></trkpt>
<trkpt lat="39.82047191243842" lon="-104.89921966390897"><ele>1579.1194212962964</ele></trkpt>
<trkpt lat="39.82053851054034" lon="-104.89922253793351"><ele>1579.1388100137176</ele></trkpt>
<trkpt lat="39.82057397240053" lon="-104.89921139288383"><ele>1579.1102151920438</ele></trkpt>
<trkpt lat="39.820696987016696" lon="-104.89914972109716"><ele>1578.9208984910836</ele></trkpt>
<trkpt lat="39.82091466461328" lon="-104.89902805042433"><ele>1578.5401954732508</ele></trkpt>
<trkpt lat="39.82126333457043" lon="-104.89883000818446"><ele>1578.0427083333334</ele></trkpt>
<trkpt lat="39.82148909600765" lon="-104.89870161401385"><ele>1577.953511659808</ele></trkpt>
<trkpt lat="39.821966667908356" lon="-104.89843000818195"><ele>1578.1150000000002</ele></trkpt>
<trkpt lat="39.822316363004774" lon="-104.89823147121217"><ele>1578.6359284979426</ele></trkpt>
<trkpt lat="39.82254275376472" lon="-104.89810564534795"><ele>1579.0341829561044</ele></trkpt>
<trkpt lat="39.82262798625556" lon="-104.89806125130508"><ele>1579.1747916666668</ele></trkpt>
<trkpt lat="39.822763554193294" lon="-104.89800182410097"><ele>1579.3558129715364</ele></trkpt>
<trkpt lat="39.82289822045169" lon="-104.89795716918962"><ele>1579.4807570301782</ele></trkpt>
<trkpt lat="39.822967061614186" lon="-104.89793883710885"><ele>1579.527523148148</ele></trkpt>
<trkpt lat="39.823100117669156" lon="-104.89791288135324"><ele>1579.5782683899174</ele></trkpt>
<trkpt lat="39.82322307548315" lon="-104.89789886554318"><ele>1579.556687457133</ele></trkpt>
<trkpt lat="39.82336746996923" lon="-104.89789486578485"><ele>1579.396422325103</ele></trkpt>
<trkpt lat="39.823576808068545" lon="-104.89789776866878"><ele>1579.0631095679014</ele></trkpt>
<trkpt lat="39.824454329537126" lon="-104.897917453216"><ele>1577.4284044924555</ele></trkpt>
<trkpt lat="39.82492289866197" lon="-104.89792473119648"><ele>1577.0414506172842</ele></trkpt>
<trkpt lat="39.82515968535664" lon="-104.89792613725182"><ele>1576.952890946502</ele></trkpt>
<trkpt lat="39.82531005476252" lon="-104.8979213432558"><ele>1576.9064290766462</ele></trkpt>
<trkpt lat="39.8254165010931" lon="-104.89790582373625"><ele>1576.8861101466052</ele></trkpt>
<trkpt lat="39.82552210240912" lon="-104.8978689397947"><ele>1576.8804076646093</ele></trkpt>
<trkpt lat="39.8255772974537" lon="-104.89783778371226"><ele>1576.8838541666669</ele></trkpt>
<trkpt lat="39.825685986689805" lon="-104.89776465869923"><ele>1576.8979774305558</ele></trkpt>
<trkpt lat="39.82577179098079" lon="-104.89772049215053"><ele>1576.9095713305899</ele></trkpt>
<trkpt lat="39.82584273855452" lon="-104.89771187607194"><ele>1576.9410798182441</ele></trkpt>
<trkpt lat="39.825956721536336" lon="-104.89772714674845"><ele>1577.089060356653</ele></trkpt>
<trkpt lat="39.82610099258401" lon="-104.89777828313095"><ele>1577.1973408564816</ele></trkpt>
<trkpt lat="39.826211299511314" lon="-104.89779623842065"><ele>1577.315362975823</ele></trkpt>
<trkpt lat="39.826260029149516" lon="-104.89778718366638"><ele>1577.3855101165982</ele></trkpt>
<trkpt lat="39.82629850898062" lon="-104.89775902493888"><ele>1577.4448490012003</ele></trkpt>
<trkpt lat="39.82632682581018" lon="-104.897709065471"><ele>1577.4887471064817</ele></trkpt>
<trkpt lat="39.826347855902775" lon="-104.89764285598804"><ele>1577.5197222222223</ele></trkpt>
<trkpt lat="39.82638171060527" lon="-104.89751110560155"><ele>1577.556581039952</ele></trkpt>
<trkpt lat="39.82642160461675" lon="-104.89742158344676"><ele>1577.5763345550413</ele></trkpt>
<trkpt lat="39.82645018282749" lon="-104.89738927398892"><ele>1577.5942459705077</ele></trkpt>
<trkpt lat="39.82652964538322" lon="-104.89734545656893"><ele>1577.6679883616255</ele></trkpt>
<trkpt lat="39.826635089163226" lon="-104.89732613020395"><ele>1577.7561407964677</ele></trkpt>
<trkpt lat="39.826855141782396" lon="-104.89731434030854"><ele>1577.859927662037</ele></trkpt>
<trkpt lat="39.82700339988424" lon="-104.89728967312486"><ele>1577.9466927083333</ele></trkpt>
<trkpt lat="39.82720250289351" lon="-104.89723346649753"><ele>1578.1005439814815</ele></trkpt>
<trkpt lat="39.82732000000001" lon="-104.89721681425308"><ele>1578.1723611111113</ele></trkpt>
<trkpt lat="39.8274370043287" lon="-104.89721297155083"><ele>1578.225275115741</ele></trkpt>
<trkpt lat="39.827621519560175" lon="-104.89721023753268"><ele>1578.276628587963</ele></trkpt>
<trkpt lat="39.82768093905091" lon="-104.89720059814651"><ele>1578.2773561342594</ele></trkpt>
<trkpt lat="39.82774160888887" lon="-104.89718057647192"><ele>1578.2631022222224</ele></trkpt>
<trkpt lat="39.82780805777776" lon="-104.8971491084072"><ele>1578.2326355555556</ele></trkpt>
<trkpt lat="39.82795381777776" lon="-104.89707057952144"><ele>1578.1320444444448</ele></trkpt>
<trkpt lat="39.828023208888865" lon="-104.89703862092266"><ele>1578.061857777778</ele></trkpt>
<trkpt lat="39.82808914962961" lon="-104.89701768454385"><ele>1577.9702800000002</ele></trkpt>
<trkpt lat="39.82815599259258" lon="-104.89700708892642"><ele>1577.8525822222225</ele></trkpt>
<trkpt lat="39.82822592888888" lon="-104.89700481332035"><ele>1577.717026666667</ele></trkpt>
<trkpt lat="39.82829744592591" lon="-104.89701072880717"><ele>1577.58492</ele></trkpt>
<trkpt lat="39.82836968296295" lon="-104.89702808424462"><ele>1577.4789911111113</ele></trkpt>
<trkpt lat="39.82844609629629" lon="-104.89706145148145"><ele>1577.4102844444446</ele></trkpt>
<trkpt lat="39.828531414814805" lon="-104.89711239205286"><ele>1577.3750666666665</ele></trkpt>
<trkpt lat="39.82879587407407" lon="-104.8972925625826"><ele>1577.3695733333332</ele></trkpt>
<trkpt lat="39.828862472050744" lon="-104.89733063650698"><ele>1577.3837448216734</ele></trkpt>
<trkpt lat="39.828919212311376" lon="-104.89735511253811"><ele>1577.4054572359398</ele></trkpt>
<trkpt lat="39.82902008792866" lon="-104.8973768234615"><ele>1577.4803421124827</ele></trkpt>
<trkpt lat="39.82906947822359" lon="-104.89737501336577"><ele>1577.5482695130315</ele></trkpt>
<trkpt lat="39.82912437499999" lon="-104.89736145856841"><ele>1577.6572916666667</ele></trkpt>
<trkpt lat="39.82919173525376" lon="-104.89733349235826"><ele>1577.8244735939643</ele></trkpt>
<trkpt lat="39.82947244427296" lon="-104.89718956933874"><ele>1578.5832141632375</ele></trkpt>
<trkpt lat="39.8295687105624" lon="-104.89714883184388"><ele>1578.791140260631</ele></trkpt>
<trkpt lat="39.82966145833332" lon="-104.89712375017744"><ele>1578.915625</ele></trkpt>
<trkpt lat="39.82975850908778" lon="-104.89711488424"><ele>1578.9531121399177</ele></trkpt>
<trkpt lat="39.82986707990396" lon="-104.89711898904015"><ele>1578.9195344650207</ele></trkpt>
<trkpt lat="39.83010744255829" lon="-104.89714263872672"><ele>1578.753330761317</ele></trkpt>
<trkpt lat="39.830223107853215" lon="-104.89714929781333"><ele>1578.6771862139917</ele></trkpt>
<trkpt lat="39.830334583333325" lon="-104.89714562517356"><ele>1578.6281250000002</ele></trkpt>
<trkpt lat="39.83045147119341" lon="-104.89712923351185"><ele>1578.607821502058</ele></trkpt>
<trkpt lat="39.830582155349866" lon="-104.89710087807968"><ele>1578.609763374486</ele></trkpt>
<trkpt lat="39.83086567386986" lon="-104.89703011801903"><ele>1578.629925411523</ele></trkpt>
<trkpt lat="39.8309929526791" lon="-104.897003322939"><ele>1578.6156918724282</ele></trkpt>
<trkpt lat="39.83110291667611" lon="-104.89699010417448"><ele>1578.5625000000002</ele></trkpt>
<trkpt lat="39.831203530951086" lon="-104.89699197764189"><ele>1578.4567493004117</ele></trkpt>
<trkpt lat="39.831305318686624" lon="-104.89700726522241"><ele>1578.2954534156381</ele></trkpt>
<trkpt lat="39.83152189957933" lon="-104.8970608754555"><ele>1577.8740378600824</ele></trkpt>
<trkpt lat="39.83183791192496" lon="-104.89714921185762"><ele>1577.295570473251</ele></trkpt>
<trkpt lat="39.832051252019106" lon="-104.89720436239033"><ele>1576.9592157201646</ele></trkpt>
<trkpt lat="39.83214719267717" lon="-104.8972224279754"><ele>1576.8146423662552</ele></trkpt>
<trkpt lat="39.83223625000424" lon="-104.89722979165775"><ele>1576.6852083333335</ele></trkpt>
<trkpt lat="39.83232691871846" lon="-104.89722571620122"><ele>1576.5589154663924</ele></trkpt>
<trkpt lat="39.83242683126046" lon="-104.89721169474078"><ele>1576.4246519204391</ele></trkpt>
<trkpt lat="39.83264425408304" lon="-104.8971680609341"><ele>1576.1474682784637</ele></trkpt>
<trkpt lat="39.83314504884357" lon="-104.89705855158552"><ele>1575.7921013374487</ele></trkpt>
<trkpt lat="39.83335632800781" lon="-104.89702080588127"><ele>1575.719018347051</ele></trkpt>
<trkpt lat="39.833451041661455" lon="-104.89701239601119"><ele>1575.6802083333334</ele></trkpt>
<trkpt lat="39.83354613254226" lon="-104.89701231952888"><ele>1575.6343055555556</ele></trkpt>
<trkpt lat="39.83375946244831" lon="-104.89703114823071"><ele>1575.5264351851852</ele></trkpt>
<trkpt lat="39.833968756001354" lon="-104.89705860023281"><ele>1575.5044290123458</ele></trkpt>
<trkpt lat="39.83414221829903" lon="-104.89708649675018"><ele>1575.783262091907</ele></trkpt>
<trkpt lat="39.83432625786006" lon="-104.89712217572426"><ele>1576.4455503497945</ele></trkpt>
<trkpt lat="39.834509235582985" lon="-104.89716458315338"><ele>1577.1671991289438</ele></trkpt>
<trkpt lat="39.83458751914094" lon="-104.8971881339083"><ele>1577.4335451440331</ele></trkpt>
<trkpt lat="39.83479970152263" lon="-104.89726865070045"><ele>1577.9011910288068</ele></trkpt>
<trkpt lat="39.83486984043724" lon="-104.89729017094965"><ele>1577.9544019341567</ele></trkpt>
<trkpt lat="39.83494765625" lon="-104.89730541648595"><ele>1577.9329166666669</ele></trkpt>
<trkpt lat="39.83504274755659" lon="-104.8973150494978"><ele>1577.8256258573392</ele></trkpt>
<trkpt lat="39.83529598572535" lon="-104.89732431540173"><ele>1577.380859053498</ele></trkpt>
<trkpt lat="39.835566011445515" lon="-104.89732844409329"><ele>1576.754823388203</ele></trkpt>
<trkpt lat="39.83580902777773" lon="-104.89733154230368"><ele>1575.8633530521263</ele></trkpt>
<trkpt lat="39.83622222222181" lon="-104.8973367889064"><ele>1573.8116289437587</ele></trkpt>
<trkpt lat="39.83647499999927" lon="-104.8973399986239"><ele>1572.7664583333335</ele></trkpt>
<trkpt lat="39.83686874999856" lon="-104.89734499842316"><ele>1572.1271219135804</ele></trkpt>
<trkpt lat="39.8371409722202" lon="-104.89734845510812"><ele>1571.992080761317</ele></trkpt>
<trkpt lat="39.83738402777512" lon="-104.89735154145706"><ele>1572.1026800411526</ele></trkpt>
<trkpt lat="39.8377972222183" lon="-104.89735678830036"><ele>1572.652119341564</ele></trkpt>
<trkpt lat="39.83804999999522" lon="-104.89735999816513"><ele>1572.8645833333333</ele></trkpt>
<trkpt lat="39.838443749993644" lon="-104.89736499819368"><ele>1572.5992489711937</ele></trkpt>
<trkpt lat="39.839624999987734" lon="-104.89737999862366"><ele>1571.1604166666668</ele></trkpt>
<trkpt lat="39.840018749985404" lon="-104.89738499888159"><ele>1570.5699382716052</ele></trkpt>
<trkpt lat="39.84029097220682" lon="-104.89738845588367"><ele>1570.307448559671</ele></trkpt>
<trkpt lat="39.840412499985106" lon="-104.89738999919699"><ele>1570.3645833333335</ele></trkpt>
<trkpt lat="39.840664808587775" lon="-104.89739315272169"><ele>1570.9881644375857</ele></trkpt>
<trkpt lat="39.84093869169515" lon="-104.89739576102626"><ele>1572.0020456104253</ele></trkpt>
<trkpt lat="39.84114817708153" lon="-104.89739374993115"><ele>1572.7693749999999</ele></trkpt>
<trkpt lat="39.84128814278947" lon="-104.89738237475711"><ele>1573.1344969564473</ele></trkpt>
<trkpt lat="39.841467244727355" lon="-104.89735740229172"><ele>1573.3523293895748</ele></trkpt>
<trkpt lat="39.841558568029825" lon="-104.89735473411015"><ele>1573.3268717849794</ele></trkpt>
<trkpt lat="39.84164759152091" lon="-104.89737870440123"><ele>1573.1572121484912</ele></trkpt>
<trkpt lat="39.84178510598851" lon="-104.89744538426125"><ele>1572.7918064128946</ele></trkpt>
<trkpt lat="39.84186594907407" lon="-104.89746237569976"><ele>1572.6219247256515</ele></trkpt>
<trkpt lat="39.8419562795794" lon="-104.897439901941"><ele>1572.4523148148148</ele></trkpt>
<trkpt lat="39.84206066521002" lon="-104.89738576822036"><ele>1572.2195216049383</ele></trkpt>
<trkpt lat="39.84216447930199" lon="-104.89730573001971"><ele>1571.8235416666666</ele></trkpt>
<trkpt lat="39.84222574571663" lon="-104.89724464095835"><ele>1571.4857510288066</ele></trkpt>
<trkpt lat="39.8423836490486" lon="-104.8970704260785"><ele>1570.4988271604939</ele></trkpt>
<trkpt lat="39.84255017544677" lon="-104.89688061555827"><ele>1569.503096707819</ele></trkpt>
<trkpt lat="39.84269984622866" lon="-104.89670933126573"><ele>1568.8969718792866</ele></trkpt>
<trkpt lat="39.84286747620911" lon="-104.89651611027811"><ele>1568.554156378601</ele></trkpt>
<trkpt lat="39.84303492267137" lon="-104.89631243104162"><ele>1568.35518175583</ele></trkpt>
<trkpt lat="39.843109479302" lon="-104.89621031393142"><ele>1568.3268750000002</ele></trkpt>
<trkpt lat="39.84318385336958" lon="-104.89609715888416"><ele>1568.3532938957478</ele></trkpt>
<trkpt lat="39.84326411096191" lon="-104.89596555107174"><ele>1568.427444272977</ele></trkpt>
<trkpt lat="39.84343815029271" lon="-104.89567056264397"><ele>1568.6307467421127</ele></trkpt>
<trkpt lat="39.84352195516129" lon="-104.89553285330285"><ele>1568.7020593278464</ele></trkpt>
<trkpt lat="39.84360354166666" lon="-104.89540729299243"><ele>1568.7227083333335</ele></trkpt>
<trkpt lat="39.84369015660737" lon="-104.89528444706554"><ele>1568.6849451303156</ele></trkpt>
<trkpt lat="39.843787934100966" lon="-104.89515432756413"><ele>1568.5939103223593</ele></trkpt>
<trkpt lat="39.84400254832857" lon="-104.89488242947358"><ele>1568.324975137174</ele></trkpt>
<trkpt lat="39.84410108261922" lon="-104.89476290404004"><ele>1568.1851303155006</ele></trkpt>
<trkpt lat="39.84418923630442" lon="-104.8946615990074"><ele>1568.0481249999998</ele></trkpt>
<trkpt lat="39.84427339686294" lon="-104.89457205508637"><ele>1567.9029449588477</ele></trkpt>
<trkpt lat="39.84445282928865" lon="-104.89439815340774"><ele>1567.5642515432098</ele></trkpt>
<trkpt lat="39.84470666832781" lon="-104.89416334023363"><ele>1567.1625</ele></trkpt>
<trkpt lat="39.84505070140188" lon="-104.89384646856429"><ele>1567.1119924554184</ele></trkpt>
<trkpt lat="39.845213334984955" lon="-104.89369667357582"><ele>1567.2329166666666</ele></trkpt>
<trkpt lat="39.84546687935045" lon="-104.89346253954722"><ele>1567.723598251029</ele></trkpt>
<trkpt lat="39.84564382095711" lon="-104.89329444297063"><ele>1568.0432518861455</ele></trkpt>
<trkpt lat="39.845724514080764" lon="-104.89321298771465"><ele>1568.090625</ele></trkpt>
<trkpt lat="39.845897182530436" lon="-104.89302499736155"><ele>1567.906164266118</ele></trkpt>
<trkpt lat="39.84609161151294" lon="-104.89280241238318"><ele>1567.5006009945132</ele></trkpt>
<trkpt lat="39.84625854166666" lon="-104.89260208426604"><ele>1567.1104166666667</ele></trkpt>
<trkpt lat="39.84640938143171" lon="-104.89240450848311"><ele>1566.7342481138546</ele></trkpt>
<trkpt lat="39.846643712788335" lon="-104.89208251525666"><ele>1566.2095739026063</ele></trkpt>
<trkpt lat="39.84686306987174" lon="-104.8917823654503"><ele>1566.1782115912208</ele></trkpt>
<trkpt lat="39.847111701872436" lon="-104.89144453839923"><ele>1566.4178866598077</ele></trkpt>
<trkpt lat="39.84742308731152" lon="-104.89102223468171"><ele>1566.2667258230451</ele></trkpt>
<trkpt lat="39.847592263827565" lon="-104.89079698828719"><ele>1566.0879981138544</ele></trkpt>
<trkpt lat="39.84775738732892" lon="-104.89058942699779"><ele>1565.9878969478737</ele></trkpt>
<trkpt lat="39.847958087453215" lon="-104.89034973589303"><ele>1565.9535519547326</ele></trkpt>
<trkpt lat="39.848255001638556" lon="-104.89000000609853"><ele>1566.045</ele></trkpt>
<trkpt lat="39.84855164582929" lon="-104.88965205709351"><ele>1566.4967592592593</ele></trkpt>
<trkpt lat="39.84875006257211" lon="-104.8894275074813"><ele>1566.8536728395063</ele></trkpt>
<trkpt lat="39.848831771048935" lon="-104.88934375143505"><ele>1566.9825000000003</ele></trkpt>
<trkpt lat="39.848907225298326" lon="-104.88927591108308"><ele>1567.0791445816187</ele></trkpt>
<trkpt lat="39.84898408790929" lon="-104.88921571213237"><ele>1567.1554262002744</ele></trkpt>
<trkpt lat="39.84922077890621" lon="-104.889048031551"><ele>1567.2769717421127</ele></trkpt>
<trkpt lat="39.849288677164445" lon="-104.88899705916369"><ele>1567.2487098079564</ele></trkpt>
<trkpt lat="39.849415020596" lon="-104.88889236127079"><ele>1567.0741072016465</ele></trkpt>
<trkpt lat="39.849532805227994" lon="-104.88878040474984"><ele>1566.8341789437588</ele></trkpt>
<trkpt lat="39.84965744165352" lon="-104.8886330764699"><ele>1566.5437337105625</ele></trkpt>
<trkpt lat="39.84982350489694" lon="-104.88841164545534"><ele>1566.1507844650207</ele></trkpt>
<trkpt lat="39.8499970905066" lon="-104.888174343799"><ele>1565.8763571673526</ele></trkpt>
<trkpt lat="39.85015293839766" lon="-104.88796064945561"><ele>1566.0843261316872</ele></trkpt>
<trkpt lat="39.85041790872887" lon="-104.88759730381106"><ele>1567.1984902263375</ele></trkpt>
<trkpt lat="39.85058000779972" lon="-104.88737502038683"><ele>1567.6085416666667</ele></trkpt>
<trkpt lat="39.85074210625776" lon="-104.88715273591275"><ele>1567.3021339163238</ele></trkpt>
<trkpt lat="39.85108500573917" lon="-104.886682515295"><ele>1565.983125</ele></trkpt>
<trkpt lat="39.85133782074269" lon="-104.88633734637695"><ele>1565.4256198559672</ele></trkpt>
<trkpt lat="39.85151508401984" lon="-104.88610719160818"><ele>1565.1218269890262</ele></trkpt>
<trkpt lat="39.85159677158644" lon="-104.8860131800131"><ele>1564.9766666666667</ele></trkpt>
<trkpt lat="39.851680978294134" lon="-104.88592779154867"><ele>1564.8194007201648</ele></trkpt>
<trkpt lat="39.85177407796664" lon="-104.88584295352328"><ele>1564.6404449588479</ele></trkpt>
<trkpt lat="39.85197709902899" lon="-104.8856710774985"><ele>1564.2694032921813</ele></trkpt>
<trkpt lat="39.85216000084164" lon="-104.8855200038281"><ele>1564.0752083333334</ele></trkpt>
<trkpt lat="39.852443143530486" lon="-104.88528622461796"><ele>1564.2912551440334</ele></trkpt>
<trkpt lat="39.852624412078754" lon="-104.8851341278184"><ele>1564.540078875172</ele></trkpt>
<trkpt lat="39.85274172501501" lon="-104.8850276025003"><ele>1564.6895507544584</ele></trkpt>
<trkpt lat="39.852824804531934" lon="-104.88493877852608"><ele>1564.7637448559672</ele></trkpt>
<trkpt lat="39.85290641632381" lon="-104.88484078141465"><ele>1564.7909705075447</ele></trkpt>
<trkpt lat="39.85301756515774" lon="-104.88469570997344"><ele>1564.7432047325103</ele></trkpt>
<trkpt lat="39.8532812259945" lon="-104.88434287004893"><ele>1564.5368029835392</ele></trkpt>
<trkpt lat="39.85337102194786" lon="-104.88422709912449"><ele>1564.4672788065845</ele></trkpt>
<trkpt lat="39.85345624999999" lon="-104.88412354277547"><ele>1564.4077083333334</ele></trkpt>
<trkpt lat="39.85354383573386" lon="-104.88402499087242"><ele>1564.3548413923183</ele></trkpt>
<trkpt lat="39.853640449245525" lon="-104.88392295140264"><ele>1564.3048679698218</ele></trkpt>
<trkpt lat="39.85385135973936" lon="-104.88371139273612"><ele>1564.2333016117968</ele></trkpt>
<trkpt lat="39.85404416666666" lon="-104.88353145932147"><ele>1564.3120833333332</ele></trkpt>
<trkpt lat="39.85424250257201" lon="-104.88336808669048"><ele>1564.6748216735255</ele></trkpt>
<trkpt lat="39.85455283693415" lon="-104.88312753505515"><ele>1565.4509139231825</ele></trkpt>
<trkpt lat="39.85468154728223" lon="-104.88302351647593"><ele>1565.7540941143689</ele></trkpt>
<trkpt lat="39.85477634323559" lon="-104.88293738895314"><ele>1565.9223922968106</ele></trkpt>
<trkpt lat="39.854872902091905" lon="-104.88283823752039"><ele>1566.041784122085</ele></trkpt>
<trkpt lat="39.854971599151234" lon="-104.88272204565592"><ele>1566.1053327546294</ele></trkpt>
<trkpt lat="39.85505722672324" lon="-104.88259790047177"><ele>1566.048064236111</ele></trkpt>
<trkpt lat="39.855094166666646" lon="-104.88252479206929"><ele>1565.9227083333335</ele></trkpt>
<trkpt lat="39.85513196930726" lon="-104.88243198272555"><ele>1565.7014471879286</ele></trkpt>
<trkpt lat="39.8552196579218" lon="-104.88217863247327"><ele>1564.9998045267491</ele></trkpt>
<trkpt lat="39.855304777949236" lon="-104.881915007434"><ele>1564.296694101509</ele></trkpt>
<trkpt lat="39.85536822892317" lon="-104.8817060737589"><ele>1563.9435912688616</ele></trkpt>
<trkpt lat="39.85545447445129" lon="-104.8814017209539"><ele>1563.870126920439</ele></trkpt>
<trkpt lat="39.85550062172838" lon="-104.88125786721906"><ele>1563.8848354458162</ele></trkpt>
<trkpt lat="39.85554049037037" lon="-104.88118335839962"><ele>1563.9148204115227</ele></trkpt>
<trkpt lat="39.85559178222221" lon="-104.88112909985354"><ele>1564.0652228257889</ele></trkpt>
<trkpt lat="39.85565404691357" lon="-104.8810819443766"><ele>1564.3244417009603</ele></trkpt>
<trkpt lat="39.85573969333332" lon="-104.88103305054706"><ele>1564.505336296296</ele></trkpt>
<trkpt lat="39.85587651999999" lon="-104.8809653380579"><ele>1564.5775022222222</ele></trkpt>
<trkpt lat="39.85602475999999" lon="-104.88090016166497"><ele>1564.5558251851853</ele></trkpt>
<trkpt lat="39.856089702222214" lon="-104.88087816604502"><ele>1564.4860903703704</ele></trkpt>
<trkpt lat="39.85627608444444" lon="-104.8808351452752"><ele>1564.0394340740743</ele></trkpt>
<trkpt lat="39.85633547999999" lon="-104.88081541050977"><ele>1563.8563125925928</ele></trkpt>
<trkpt lat="39.85639474518518" lon="-104.8807857394794"><ele>1563.6587881481482</ele></trkpt>
<trkpt lat="39.85645790370369" lon="-104.88074381216052"><ele>1563.4361851851852</ele></trkpt>
<trkpt lat="39.856594597037024" lon="-104.88063337224095"><ele>1562.9600696296297</ele></trkpt>
<trkpt lat="39.85666167851851" lon="-104.88057133967733"><ele>1562.7629659259262</ele></trkpt>
<trkpt lat="39.85679909777777" lon="-104.88042316060354"><ele>1562.5082592592594</ele></trkpt>
<trkpt lat="39.856943399999984" lon="-104.8802468405647"><ele>1562.3795703703704</ele></trkpt>
<trkpt lat="39.85700220888888" lon="-104.88016740040686"><ele>1562.3634962962965</ele></trkpt>
<trkpt lat="39.857046356157404" lon="-104.88009815843148"><ele>1562.393016550926</ele></trkpt>
<trkpt lat="39.85707918773147" lon="-104.8800342500565"><ele>1562.469709837963</ele></trkpt>
<trkpt lat="39.857134886481475" lon="-104.87990914939176"><ele>1562.7025185185187</ele></trkpt>
<trkpt lat="39.85716775481496" lon="-104.87985035496231"><ele>1562.8123637037038</ele></trkpt>
<trkpt lat="39.85725349848104" lon="-104.87974384640114"><ele>1562.9669335416668</ele></trkpt>
<trkpt lat="39.85741257203521" lon="-104.87957696383887"><ele>1563.0828340740743</ele></trkpt>
<trkpt lat="39.857559062736065" lon="-104.87941289077075"><ele>1563.1143422222224</ele></trkpt>
<trkpt lat="39.85786860054119" lon="-104.879060572908"><ele>1563.005593106996</ele></trkpt>
<trkpt lat="39.85817552217418" lon="-104.87870962288395"><ele>1562.6843750000003</ele></trkpt>
<trkpt lat="39.85869126535645" lon="-104.87811279319548"><ele>1562.252876371742</ele></trkpt>
<trkpt lat="39.85888877813576" lon="-104.87788391726534"><ele>1562.2683804869682</ele></trkpt>
<trkpt lat="39.85943001843884" lon="-104.87725672195882"><ele>1562.8718749999998</ele></trkpt>
<trkpt lat="39.86007002081984" lon="-104.8765150621877"><ele>1564.1108333333334</ele></trkpt>
<trkpt lat="39.86050458753726" lon="-104.87601145816093"><ele>1564.6090020576135</ele></trkpt>
<trkpt lat="39.86080878309189" lon="-104.87565893154695"><ele>1564.8229492455418</ele></trkpt>
<trkpt lat="39.86135001140004" lon="-104.87503170115625"><ele>1565.0497916666666</ele></trkpt>
<trkpt lat="39.861667562570915" lon="-104.87466340177774"><ele>1565.3942181069958</ele></trkpt>
<trkpt lat="39.86193791790666" lon="-104.8743443445953"><ele>1565.723541666667</ele></trkpt>
<trkpt lat="39.86202824705339" lon="-104.87422550748478"><ele>1565.7970413237313</ele></trkpt>
<trkpt lat="39.86212559327947" lon="-104.87408319983166"><ele>1565.8686805555556</ele></trkpt>
<trkpt lat="39.86228791666665" lon="-104.873873333975"><ele>1566.26</ele></trkpt>
<trkpt lat="39.86243052983538" lon="-104.87368210279017"><ele>1566.5011145404667</ele></trkpt>
<trkpt lat="39.862621640946486" lon="-104.87342084512223"><ele>1566.8155281207135</ele></trkpt>
<trkpt lat="39.86270630658435" lon="-104.8733003689659"><ele>1566.974646776406</ele></trkpt>
<trkpt lat="39.86277458333332" lon="-104.8731960425013"><ele>1567.1358333333335</ele></trkpt>
<trkpt lat="39.86282975537284" lon="-104.87310134979398"><ele>1567.3140706447189</ele></trkpt>
<trkpt lat="39.862972139384944" lon="-104.87281726432492"><ele>1567.9784807956105</ele></trkpt>
<trkpt lat="39.86302148387271" lon="-104.87273057851098"><ele>1568.1840706447188</ele></trkpt>
<trkpt lat="39.86307819468024" lon="-104.87265069602155"><ele>1568.36</ele></trkpt>
<trkpt lat="39.86314908538783" lon="-104.87257109374988"><ele>1568.517295096022</ele></trkpt>
<trkpt lat="39.863237810548384" lon="-104.8724853447328"><ele>1568.6706164266118</ele></trkpt>
<trkpt lat="39.8633401263033" lon="-104.87239337155954"><ele>1568.8235982510287</ele></trkpt>
<trkpt lat="39.86363666869463" lon="-104.87213667559415"><ele>1569.1635416666666</ele></trkpt>
<trkpt lat="39.86423333536198" lon="-104.87162334226036"><ele>1569.2047916666668</ele></trkpt>
<trkpt lat="39.86453140719213" lon="-104.87136546698602"><ele>1568.9979475308642</ele></trkpt>
<trkpt lat="39.864637563719874" lon="-104.8712705485123"><ele>1568.9082998971192</ele></trkpt>
<trkpt lat="39.864735448786" lon="-104.87117778063926"><ele>1568.8253034979425</ele></trkpt>
<trkpt lat="39.86482444519522" lon="-104.87108430883606"><ele>1568.7514583333334</ele></trkpt>
<trkpt lat="39.864911375125004" lon="-104.87098127924591"><ele>1568.6817584019207</ele></trkpt>
<trkpt lat="39.86500349050296" lon="-104.8708618255602"><ele>1568.609489026063</ele></trkpt>
<trkpt lat="39.86510140851811" lon="-104.87072880226746"><ele>1568.5314326131686</ele></trkpt>
<trkpt lat="39.865373337759614" lon="-104.87035001206112"><ele>1568.2425000000003</ele></trkpt>
<trkpt lat="39.86591667108144" lon="-104.8695900120774"><ele>1567.1185416666665</ele></trkpt>
<trkpt lat="39.86618849870572" lon="-104.86921080588924"><ele>1566.6436162551438</ele></trkpt>
<trkpt lat="39.8663776994602" lon="-104.86895486386496"><ele>1566.3529955418378</ele></trkpt>
<trkpt lat="39.86646347305176" lon="-104.86884701734522"><ele>1566.2385416666666</ele></trkpt>
<trkpt lat="39.866550538675064" lon="-104.86874550129461"><ele>1566.138463648834</ele></trkpt>
<trkpt lat="39.866748497770416" lon="-104.86853247129356"><ele>1565.9471502057615</ele></trkpt>
<trkpt lat="39.86703666938569" lon="-104.86823334338463"><ele>1565.6972916666668</ele></trkpt>
<trkpt lat="39.86761333603892" lon="-104.867636676732"><ele>1565.2375</ele></trkpt>
<trkpt lat="39.86810069974999" lon="-104.86713347321229"><ele>1564.794962277092</ele></trkpt>
<trkpt lat="39.868277654441385" lon="-104.86695394632756"><ele>1564.683912037037</ele></trkpt>
<trkpt lat="39.8687600024642" lon="-104.8664733427564"><ele>1564.5914583333335</ele></trkpt>
<trkpt lat="39.86951264413809" lon="-104.86572493828184"><ele>1565.1145258916324</ele></trkpt>
<trkpt lat="39.86971120805882" lon="-104.8655247550954"><ele>1565.2785999657067</ele></trkpt>
<trkpt lat="39.86986458361931" lon="-104.86535736271475"><ele>1565.3952083333336</ele></trkpt>
<trkpt lat="39.86992037231955" lon="-104.86528487834877"><ele>1565.427912701475</ele></trkpt>
<trkpt lat="39.86997051391452" lon="-104.8652101184255"><ele>1565.4492233581964</ele></trkpt>
<trkpt lat="39.87018747753086" lon="-104.86484615237961"><ele>1565.495920329218</ele></trkpt>
<trkpt lat="39.87024448362139" lon="-104.86472239666223"><ele>1565.4743497393692</ele></trkpt>
<trkpt lat="39.870275497777776" lon="-104.8646356714552"><ele>1565.438174814815</ele></trkpt>
<trkpt lat="39.87034924" lon="-104.86439525385137"><ele>1565.3098311111112</ele></trkpt>
<trkpt lat="39.87041727555555" lon="-104.86415673808682"><ele>1565.1802192592595</ele></trkpt>
<trkpt lat="39.87045354810893" lon="-104.86401277359711"><ele>1565.1217292524007</ele></trkpt>
<trkpt lat="39.870469459825735" lon="-104.86391737866386"><ele>1565.108422770919</ele></trkpt>
<trkpt lat="39.87047722294139" lon="-104.86379534724601"><ele>1565.0964583333334</ele></trkpt>
<trkpt lat="39.87048153980325" lon="-104.86341816448827"><ele>1565.044804526749</ele></trkpt>
<trkpt lat="39.87048333951834" lon="-104.86297333340927"><ele>1564.989375</ele></trkpt>
<trkpt lat="39.87048824721778" lon="-104.86162746188879"><ele>1564.957883230453</ele></trkpt>
<trkpt lat="39.87048863687465" lon="-104.86131010301514"><ele>1564.989495027435</ele></trkpt>
<trkpt lat="39.870486836162826" lon="-104.86100583336999"><ele>1565.0789737654322</ele></trkpt>
<trkpt lat="39.87047031570248" lon="-104.8597604802489"><ele>1565.6119907407408</ele></trkpt>
<trkpt lat="39.870467131297424" lon="-104.85938492097587"><ele>1565.723125</ele></trkpt>
<trkpt lat="39.87046857738352" lon="-104.85922256467447"><ele>1565.7727546296296</ele></trkpt>
<trkpt lat="39.87047406301666" lon="-104.85908989587486"><ele>1565.8179166666666</ele></trkpt>
<trkpt lat="39.87048477003818" lon="-104.85897945710104"><ele>1565.862319101509</ele></trkpt>
<trkpt lat="39.870500720289485" lon="-104.85887879153974"><ele>1565.9099391289437</ele></trkpt>
<trkpt lat="39.87053955191201" lon="-104.85868059581979"><ele>1566.0174777091906</ele></trkpt>
<trkpt lat="39.870555929171346" lon="-104.85857896844672"><ele>1566.0767326817559</ele></trkpt>
<trkpt lat="39.87056750439959" lon="-104.85846657417731"><ele>1566.1447916666666</ele></trkpt>
<trkpt lat="39.87057444263238" lon="-104.85833063372637"><ele>1566.2294770233195</ele></trkpt>
<trkpt lat="39.87057943485311" lon="-104.85797258002953"><ele>1566.4550977366255</ele></trkpt>
<trkpt lat="39.870580046633926" lon="-104.8572499862869"><ele>1566.837290809328</ele></trkpt>
<trkpt lat="39.87058007281336" lon="-104.8563122222286"><ele>1567.1235416666668</ele></trkpt>
<trkpt lat="39.87058009393144" lon="-104.85520333334138"><ele>1567.5483333333334</ele></trkpt>
<trkpt lat="39.87058010449047" lon="-104.85409444445362"><ele>1568.0354166666668</ele></trkpt>
<trkpt lat="39.87058010449047" lon="-104.85298555556574"><ele>1568.4095833333336</ele></trkpt>
<trkpt lat="39.87058009393144" lon="-104.851876666678"><ele>1568.7025</ele></trkpt>
<trkpt lat="39.87058007281336" lon="-104.8507677777908"><ele>1569.1695833333333</ele></trkpt>
<trkpt lat="39.87058004663395" lon="-104.84983001373162"><ele>1570.1181558641977</ele></trkpt>
<trkpt lat="39.87057949986824" lon="-104.84892341030499"><ele>1570.8855804183816</ele></trkpt>
<trkpt lat="39.87057687939959" lon="-104.84865613425198"><ele>1571.0825</ele></trkpt>
<trkpt lat="39.87057377853649" lon="-104.84858284454452"><ele>1571.1310390946503</ele></trkpt>
<trkpt lat="39.87056082067964" lon="-104.84850257171384"><ele>1571.1658950617284</ele></trkpt>
<trkpt lat="39.87053207905025" lon="-104.84844493986087"><ele>1571.1717386831278</ele></trkpt>
<trkpt lat="39.87047388888888" lon="-104.84839121394697"><ele>1571.1999588477365</ele></trkpt>
<trkpt lat="39.870321843402294" lon="-104.84832624117783"><ele>1571.3416798353908</ele></trkpt>
<trkpt lat="39.870277408289525" lon="-104.84829877780433"><ele>1571.379959670782</ele></trkpt>
<trkpt lat="39.87024566652383" lon="-104.84826458159652"><ele>1571.4001950617285</ele></trkpt>
<trkpt lat="39.87022511749752" lon="-104.84822104303238"><ele>1571.4067078189303</ele></trkpt>
<trkpt lat="39.8702127127444" lon="-104.84816125409957"><ele>1571.4058279835394</ele></trkpt>
<trkpt lat="39.87020561082271" lon="-104.84807424887214"><ele>1571.4012222222225</ele></trkpt>
<trkpt lat="39.87020207489737" lon="-104.8479538999961"><ele>1571.3939555555557</ele></trkpt>
<trkpt lat="39.87020011574896" lon="-104.84765093779171"><ele>1571.3760444444447</ele></trkpt>
<trkpt lat="39.87019947982215" lon="-104.84663385416214"><ele>1571.294375</ele></trkpt>
<trkpt lat="39.87019660262323" lon="-104.84601837232458"><ele>1570.9100231481482</ele></trkpt>
<trkpt lat="39.87019500294013" lon="-104.84571999998512"><ele>1570.59875</ele></trkpt>
<trkpt lat="39.87019267287787" lon="-104.84525910492137"><ele>1569.788078703704</ele></trkpt>
<trkpt lat="39.870192395720736" lon="-104.84497247941832"><ele>1569.2192206790126</ele></trkpt>
<trkpt lat="39.87019659525112" lon="-104.84481423097476"><ele>1568.9276620370372</ele></trkpt>
<trkpt lat="39.87021111048625" lon="-104.84473935669037"><ele>1568.8490364583336</ele></trkpt>
<trkpt lat="39.87025909722221" lon="-104.84467226853808"><ele>1568.8000694444445</ele></trkpt>
<trkpt lat="39.87032449363425" lon="-104.84464707179771"><ele>1568.6309635416667</ele></trkpt>
<trkpt lat="39.87045470786179" lon="-104.84461283085224"><ele>1568.253035300926</ele></trkpt>
<trkpt lat="39.870504282728895" lon="-104.8445893865903"><ele>1568.1508246527778</ele></trkpt>
<trkpt lat="39.87055049384941" lon="-104.84450835393724"><ele>1568.0241255144035</ele></trkpt>
<trkpt lat="39.87056828210422" lon="-104.84441312412491"><ele>1567.898936899863</ele></trkpt>
<trkpt lat="39.87057166072118" lon="-104.84423023303793"><ele>1567.734045781893</ele></trkpt>
<trkpt lat="39.870564611308254" lon="-104.84391069923372"><ele>1567.4869058641978</ele></trkpt>
<trkpt lat="39.87055462620012" lon="-104.84355887470593"><ele>1567.2540766460909</ele></trkpt>
<trkpt lat="39.87053521404454" lon="-104.84288610732605"><ele>1567.1555709876545</ele></trkpt>
<trkpt lat="39.870526640687956" lon="-104.84253946372212"><ele>1567.2022273662553</ele></trkpt>
<trkpt lat="39.87052406882454" lon="-104.84225654208547"><ele>1567.2746484910838</ele></trkpt>
<trkpt lat="39.87052688122348" lon="-104.84196944114329"><ele>1567.3843158436216</ele></trkpt>
<trkpt lat="39.87053333829983" lon="-104.84156666685288"><ele>1567.5214583333334</ele></trkpt>
<trkpt lat="39.8705532872639" lon="-104.84036174818583"><ele>1567.5258796296296</ele></trkpt>
<trkpt lat="39.87056005190636" lon="-104.83983937387981"><ele>1567.5434927983542</ele></trkpt>
<trkpt lat="39.8705661573309" lon="-104.83850806583877"><ele>1567.7287542866939</ele></trkpt>
<trkpt lat="39.870568075359586" lon="-104.83799620027011"><ele>1568.0748533950618</ele></trkpt>
<trkpt lat="39.8705670129546" lon="-104.8377486099576"><ele>1568.2995344650205</ele></trkpt>
<trkpt lat="39.87056444499803" lon="-104.83766111109249"><ele>1568.3718749999998</ele></trkpt>
<trkpt lat="39.870552448915994" lon="-104.83754427860717"><ele>1568.4377428806586</ele></trkpt>
<trkpt lat="39.87052896685458" lon="-104.83745054769784"><ele>1568.4602556584364</ele></trkpt>
<trkpt lat="39.87051028165568" lon="-104.83739886469161"><ele>1568.4795905144035</ele></trkpt>
<trkpt lat="39.87044759555555" lon="-104.83726131373079"><ele>1568.5687614814817</ele></trkpt>
<trkpt lat="39.87032637777777" lon="-104.83701861013427"><ele>1568.7566474074076</ele></trkpt>
<trkpt lat="39.8702801563786" lon="-104.83691827098409"><ele>1568.8151572016461</ele></trkpt>
<trkpt lat="39.8702562984362" lon="-104.83683393797817"><ele>1568.8243642798352</ele></trkpt>
<trkpt lat="39.87025353283949" lon="-104.83673802158869"><ele>1568.8032079012346</ele></trkpt>
<trkpt lat="39.87027808329217" lon="-104.83664034905206"><ele>1568.7855710288068</ele></trkpt>
<trkpt lat="39.870346128888876" lon="-104.83651661961352"><ele>1568.8074251851854</ele></trkpt>
<trkpt lat="39.87044480888888" lon="-104.83636213073034"><ele>1568.8575762962962</ele></trkpt>
<trkpt lat="39.870517074872765" lon="-104.83623361949938"><ele>1568.9028972085048</ele></trkpt>
<trkpt lat="39.87053777224245" lon="-104.83618141484854"><ele>1568.9230031207135</ele></trkpt>
<trkpt lat="39.870562212332196" lon="-104.83607808658164"><ele>1568.9868461454048</ele></trkpt>
<trkpt lat="39.87057340375145" lon="-104.83593423607196"><ele>1569.1810416666665</ele></trkpt>
<trkpt lat="39.87057500673349" lon="-104.8358208037964"><ele>1569.3798576817558</ele></trkpt>
<trkpt lat="39.8705730285077" lon="-104.83549430958534"><ele>1570.0032767489713</ele></trkpt>
<trkpt lat="39.870566675040344" lon="-104.83497666625306"><ele>1571.1785416666667</ele></trkpt>
<trkpt lat="39.87056239600951" lon="-104.83464176908686"><ele>1572.246312585734</ele></trkpt>
<trkpt lat="39.87055128433678" lon="-104.83377232895029"><ele>1575.2086745541837</ele></trkpt>
<trkpt lat="39.8705426787025" lon="-104.83305329629161"><ele>1577.1484276406036</ele></trkpt>
<trkpt lat="39.870540622265565" lon="-104.83273889308794"><ele>1577.7395413237314</ele></trkpt>
<trkpt lat="39.870540015101994" lon="-104.83204939929004"><ele>1578.4824116941015</ele></trkpt>
<trkpt lat="39.87054002257632" lon="-104.83122106172574"><ele>1579.171292866941</ele></trkpt>
<trkpt lat="39.87054002529971" lon="-104.83058293826761"><ele>1579.9481395747598</ele></trkpt>
<trkpt lat="39.870540017883854" lon="-104.82906739505515"><ele>1582.368611111111</ele></trkpt>
<trkpt lat="39.87054001861881" lon="-104.82859926807802"><ele>1583.2283969813677</ele></trkpt>
<trkpt lat="39.87054079267198" lon="-104.8279724010063"><ele>1584.518644314869</ele></trkpt>
<trkpt lat="39.87054424282626" lon="-104.82752761622214"><ele>1585.532743224274</ele></trkpt>
<trkpt lat="39.87055129456006" lon="-104.82684677284554"><ele>1587.1899854227406</ele></trkpt>
<trkpt lat="39.8705599812501" lon="-104.82602075675105"><ele>1589.5641750350935</ele></trkpt>
<trkpt lat="39.87056484327569" lon="-104.82555823215594"><ele>1590.6165160349854</ele></trkpt>
<trkpt lat="39.870568194778244" lon="-104.82523924963834"><ele>1590.918416477702</ele></trkpt>
<trkpt lat="39.870578455468895" lon="-104.82426227275688"><ele>1591.3213249109167</ele></trkpt>
<trkpt lat="39.87058738111155" lon="-104.82341177594002"><ele>1591.5090816326533</ele></trkpt>
<trkpt lat="39.870608041649774" lon="-104.82144075891662"><ele>1591.8092975920529</ele></trkpt>
<trkpt lat="39.870614465785884" lon="-104.82082727313502"><ele>1591.598237771299</ele></trkpt>
<trkpt lat="39.87062002860482" lon="-104.8202957584562"><ele>1591.0793181081956</ele></trkpt>
<trkpt lat="39.87062336634158" lon="-104.81997677542542"><ele>1590.8929300291545</ele></trkpt>
<trkpt lat="39.870626446708975" lon="-104.81968227246021"><ele>1591.05204675521</ele></trkpt>
<trkpt lat="39.87063200430191" lon="-104.81915075759579"><ele>1591.7444239283016</ele></trkpt>
<trkpt lat="39.870635338902346" lon="-104.81883177445368"><ele>1591.9437900874636</ele></trkpt>
<trkpt lat="39.870636839041474" lon="-104.81868823202961"><ele>1591.8240670553937</ele></trkpt>
<trkpt lat="39.87064017172607" lon="-104.8183692488425"><ele>1591.0901517114783</ele></trkpt>
<trkpt lat="39.87064730020515" lon="-104.81768677307905"><ele>1588.8656122448983</ele></trkpt>
<trkpt lat="39.870655793160864" lon="-104.81686207741642"><ele>1585.597738905086</ele></trkpt>
<trkpt lat="39.8706592178787" lon="-104.81641394329137"><ele>1583.976807580175</ele></trkpt>
<trkpt lat="39.87066000196152" lon="-104.8157712364676"><ele>1582.463717101185</ele></trkpt>
<trkpt lat="39.870660012531665" lon="-104.8154475000602"><ele>1581.9091666666668</ele></trkpt>
<trkpt lat="39.87066001562359" lon="-104.81493625009013"><ele>1581.490262345679</ele></trkpt>
<trkpt lat="39.87066001702062" lon="-104.81442500012002"><ele>1581.2695833333335</ele></trkpt>
<trkpt lat="39.870660012531665" lon="-104.81340250015485"><ele>1581.1402083333335</ele></trkpt>
<trkpt lat="39.870660080066656" lon="-104.81289307043792"><ele>1581.1975900205764</ele></trkpt>
<trkpt lat="39.87066156409092" lon="-104.81241880216858"><ele>1581.305</ele></trkpt>
<trkpt lat="39.87066516105209" lon="-104.8121739238656"><ele>1581.4195973388205</ele></trkpt>
<trkpt lat="39.87067358876533" lon="-104.81179129996103"><ele>1581.7235081755832</ele></trkpt>
<trkpt lat="39.87068501187743" lon="-104.81128594793971"><ele>1582.5892174759947</ele></trkpt>
<trkpt lat="39.87068947935479" lon="-104.81104041674827"><ele>1583.0968750000002</ele></trkpt>
<trkpt lat="39.87069482896972" lon="-104.81056729685129"><ele>1584.1175077160497</ele></trkpt>
<trkpt lat="39.870697064900696" lon="-104.81024834278345"><ele>1584.827610596708</ele></trkpt>
<trkpt lat="39.870695371227704" lon="-104.81006059756045"><ele>1585.301145404664</ele></trkpt>
<trkpt lat="39.87068625257201" lon="-104.80994933896766"><ele>1585.6882510288067</ele></trkpt>
<trkpt lat="39.87066231567215" lon="-104.80983947611385"><ele>1586.0951371742115</ele></trkpt>
<trkpt lat="39.87061351165981" lon="-104.80967707815728"><ele>1586.5087585733884</ele></trkpt>
<trkpt lat="39.8706037105624" lon="-104.80958294925536"><ele>1586.5761591220853</ele></trkpt>
<trkpt lat="39.87060962277091" lon="-104.80953281210198"><ele>1586.5741495198904</ele></trkpt>
<trkpt lat="39.87064275034293" lon="-104.80937232512514"><ele>1586.3957956104255</ele></trkpt>
<trkpt lat="39.87065872427982" lon="-104.80925163238155"><ele>1586.0414814814815</ele></trkpt>
<trkpt lat="39.870692359840795" lon="-104.80909378989476"><ele>1585.83420781893</ele></trkpt>
<trkpt lat="39.870703572251195" lon="-104.808977258674"><ele>1585.6947050754459</ele></trkpt>
<trkpt lat="39.87070760566822" lon="-104.80880705974383"><ele>1585.498854595336</ele></trkpt>
<trkpt lat="39.87070733055151" lon="-104.80853439682136"><ele>1585.1965637860083</ele></trkpt>
<trkpt lat="39.870705002543325" lon="-104.80810499994553"><ele>1584.8141666666668</ele></trkpt>
<trkpt lat="39.87070180673017" lon="-104.80751425352807"><ele>1584.74091563786</ele></trkpt>
<trkpt lat="39.87070121965796" lon="-104.80721934036336"><ele>1584.7983333333332</ele></trkpt>
<trkpt lat="39.87070235314151" lon="-104.80689528265421"><ele>1584.9397770919068</ele></trkpt>
<trkpt lat="39.87070670449238" lon="-104.80617666750224"><ele>1585.4175</ele></trkpt>
<trkpt lat="39.87071236754548" lon="-104.80527742936349"><ele>1586.5607287379974</ele></trkpt>
<trkpt lat="39.87071794105702" lon="-104.80439131864365"><ele>1588.005358367627</ele></trkpt>
<trkpt lat="39.87072008637209" lon="-104.80405000188351"><ele>1588.4166666666667</ele></trkpt>
<trkpt lat="39.87072223024207" lon="-104.80370868510205"><ele>1588.499151234568</ele></trkpt>
<trkpt lat="39.87072462054951" lon="-104.80332798558989"><ele>1588.4085185185186</ele></trkpt>
<trkpt lat="39.87073342941465" lon="-104.80192333543629"><ele>1587.8416666666667</ele></trkpt>
<trkpt lat="39.87073795040661" lon="-104.80120131886193"><ele>1587.470500685871</ele></trkpt>
<trkpt lat="39.870742220892275" lon="-104.80051868492232"><ele>1586.7645730452675</ele></trkpt>
<trkpt lat="39.87074775849178" lon="-104.79963257343165"><ele>1585.4284053497945</ele></trkpt>
<trkpt lat="39.87075665369901" lon="-104.79820150424437"><ele>1583.377181069959</ele></trkpt>
<trkpt lat="39.87075931067684" lon="-104.79766652788332"><ele>1582.4495833333335</ele></trkpt>
<trkpt lat="39.870760000594665" lon="-104.79692531837667"><ele>1580.548465363512</ele></trkpt>
<trkpt lat="39.87076000925177" lon="-104.79657333335848"><ele>1579.7512499999998</ele></trkpt>
<trkpt lat="39.870760010140735" lon="-104.79622131690552"><ele>1579.2786368312757</ele></trkpt>
<trkpt lat="39.87075993139937" lon="-104.79512513749125"><ele>1578.3104895404665</ele></trkpt>
<trkpt lat="39.870758631740244" lon="-104.79474087562679"><ele>1577.9480126886147</ele></trkpt>
<trkpt lat="39.87075166774245" lon="-104.79443381937274"><ele>1577.6677083333334</ele></trkpt>
<trkpt lat="39.870732413894494" lon="-104.79419965099545"><ele>1577.4808060356654</ele></trkpt>
<trkpt lat="39.87070170014691" lon="-104.7939737674606"><ele>1577.322824245542</ele></trkpt>
<trkpt lat="39.870665110185186" lon="-104.79378435011805"><ele>1577.2053135416666</ele></trkpt>
<trkpt lat="39.87061678055555" lon="-104.79361820731462"><ele>1577.116746875</ele></trkpt>
<trkpt lat="39.87050065972221" lon="-104.79326862828219"><ele>1576.7662065972224</ele></trkpt>
<trkpt lat="39.87044607796295" lon="-104.79311616016072"><ele>1576.5173054398151</ele></trkpt>
<trkpt lat="39.87039903416666" lon="-104.79301971560929"><ele>1576.2982451388891</ele></trkpt>
<trkpt lat="39.870334138611106" lon="-104.79294028524659"><ele>1576.015608101852</ele></trkpt>
<trkpt lat="39.870201322962956" lon="-104.79282194451096"><ele>1575.473014814815</ele></trkpt>
<trkpt lat="39.87000961185184" lon="-104.79266555335386"><ele>1574.7379259259262</ele></trkpt>
<trkpt lat="39.86983551469134" lon="-104.79253623246585"><ele>1574.2467048010976</ele></trkpt>
<trkpt lat="39.869757337654306" lon="-104.79248562524766"><ele>1574.1407676268864</ele></trkpt>
<trkpt lat="39.86960532271604" lon="-104.79239845325472"><ele>1574.0805935528124</ele></trkpt>
<trkpt lat="39.869454583333315" lon="-104.79232687462596"><ele>1574.1058333333335</ele></trkpt>
<trkpt lat="39.869256490483636" lon="-104.79225250926247"><ele>1574.1991778120714</ele></trkpt>
<trkpt lat="39.86871698093781" lon="-104.79206578098419"><ele>1574.5398325582992</ele></trkpt>
<trkpt lat="39.86798148954575" lon="-104.79179642932215"><ele>1575.0651642524006</ele></trkpt>
<trkpt lat="39.86780708335757" lon="-104.7917353117824"><ele>1575.1441666666667</ele></trkpt>
<trkpt lat="39.86748142495842" lon="-104.79162977837895"><ele>1575.2765149176955</ele></trkpt>
<trkpt lat="39.86691185707515" lon="-104.79144950329567"><ele>1575.5888400205763</ele></trkpt>
<trkpt lat="39.86666205765526" lon="-104.79137284505246"><ele>1575.7928677983539</ele></trkpt>
<trkpt lat="39.866544470191506" lon="-104.79133997935209"><ele>1575.9098251028809</ele></trkpt>
<trkpt lat="39.86643375001793" lon="-104.79131354099391"><ele>1576.046875</ele></trkpt>
<trkpt lat="39.86632070474813" lon="-104.79129214018543"><ele>1576.2199597050756</ele></trkpt>
<trkpt lat="39.866062206815236" lon="-104.79125563451362"><ele>1576.6879809670781</ele></trkpt>
<trkpt lat="39.865801507238935" lon="-104.79122389907018"><ele>1577.1783856310014</ele></trkpt>
<trkpt lat="39.86531001674261" lon="-104.79116587888844"><ele>1577.9916280864197</ele></trkpt>
<trkpt lat="39.86507039910114" lon="-104.7911422373188"><ele>1578.375342078189</ele></trkpt>
<trkpt lat="39.86498364583848" lon="-104.79113874984235"><ele>1578.5314583333334</ele></trkpt>
<trkpt lat="39.86486142575531" lon="-104.7911518716117"><ele>1578.8141769547326</ele></trkpt>
<trkpt lat="39.86470899219856" lon="-104.79119102455272"><ele>1579.2370190329218</ele></trkpt>
<trkpt lat="39.86457468878749" lon="-104.7912018114759"><ele>1579.5024314128946</ele></trkpt>
<trkpt lat="39.86437309413953" lon="-104.79119946222238"><ele>1579.8178497942388</ele></trkpt>
<trkpt lat="39.86406000000707" lon="-104.79118999963423"><ele>1580.2275</ele></trkpt>
<trkpt lat="39.86311397377112" lon="-104.79116009750656"><ele>1580.7937628600826</ele></trkpt>
<trkpt lat="39.86277812500118" lon="-104.79115208327713"><ele>1581.0322916666667</ele></trkpt>
<trkpt lat="39.86252705718483" lon="-104.79115035235834"><ele>1581.3187954389575</ele></trkpt>
<trkpt lat="39.86199177084928" lon="-104.79115104168474"><ele>1581.944375</ele></trkpt>
<trkpt lat="39.86179035600555" lon="-104.79115344018268"><ele>1582.04210781893</ele></trkpt>
<trkpt lat="39.861374547495885" lon="-104.79116094437"><ele>1582.1820516460905</ele></trkpt>
<trkpt lat="39.860860052105" lon="-104.79117208349965"><ele>1582.7204166666668</ele></trkpt>
<trkpt lat="39.86006750005404" lon="-104.79120000107936"><ele>1583.1352083333331</ele></trkpt>
<trkpt lat="39.859656250078345" lon="-104.79121500134886"><ele>1583.5145781893004</ele></trkpt>
<trkpt lat="39.85924500010118" lon="-104.79123000143733"><ele>1584.0789583333335</ele></trkpt>
<trkpt lat="39.85898098776866" lon="-104.79123963102988"><ele>1584.6871733539097</ele></trkpt>
<trkpt lat="39.85842250012256" lon="-104.79126000107685"><ele>1586.2985416666668</ele></trkpt>
<trkpt lat="39.857867741819454" lon="-104.7912799421505"><ele>1588.3170773319616</ele></trkpt>
<trkpt lat="39.85751672392719" lon="-104.79128961214019"><ele>1589.6002794924555</ele></trkpt>
<trkpt lat="39.85708838294457" lon="-104.7912942262954"><ele>1591.0671930727026</ele></trkpt>
<trkpt lat="39.856509570071175" lon="-104.79129806885886"><ele>1593.3023268175582</ele></trkpt>
<trkpt lat="39.85640992481067" lon="-104.79129570585454"><ele>1593.6774872222222</ele></trkpt>
<trkpt lat="39.85636888978459" lon="-104.79128827995675"><ele>1593.7892716666668</ele></trkpt>
<trkpt lat="39.85613898666666" lon="-104.79119516862687"><ele>1594.4526177777775</ele></trkpt>
<trkpt lat="39.85599091555555" lon="-104.7911398472518"><ele>1594.9031125925926</ele></trkpt>
<trkpt lat="39.855891291769545" lon="-104.79111503700368"><ele>1595.1703484910836</ele></trkpt>
<trkpt lat="39.85581380609053" lon="-104.79111027703524"><ele>1595.3406878737997</ele></trkpt>
<trkpt lat="39.85542951131686" lon="-104.79111019547685"><ele>1596.2661728395062</ele></trkpt>
<trkpt lat="39.85513374999999" lon="-104.79111416668604"><ele>1596.9912499999998</ele></trkpt>
<trkpt lat="39.85501330868483" lon="-104.79112347826013"><ele>1597.2664866255143</ele></trkpt>
<trkpt lat="39.85490592249655" lon="-104.7911363409076"><ele>1597.4731224279835</ele></trkpt>
<trkpt lat="39.85478182291661" lon="-104.79114479164325"><ele>1597.60375</ele></trkpt>
<trkpt lat="39.85446648984026" lon="-104.7911447554765"><ele>1597.659575617284</ele></trkpt>
<trkpt lat="39.854107499999394" lon="-104.7911399996859"><ele>1597.610625</ele></trkpt>
<trkpt lat="39.85338499999801" lon="-104.79112999958068"><ele>1597.1641666666667</ele></trkpt>
<trkpt lat="39.85266249999653" lon="-104.79111999968589"><ele>1597.1439583333336</ele></trkpt>
<trkpt lat="39.852187961336114" lon="-104.79111352573354"><ele>1597.5237250971818</ele></trkpt>
<trkpt lat="39.85197424065675" lon="-104.79111104417619"><ele>1597.7872157434406</ele></trkpt>
<trkpt lat="39.85135303129675" lon="-104.79110760807787"><ele>1599.0618329554045</ele></trkpt>
<trkpt lat="39.850993246752935" lon="-104.79110613520506"><ele>1599.7048250728865</ele></trkpt>
<trkpt lat="39.850745050504635" lon="-104.79110512204683"><ele>1599.9345572832308</ele></trkpt>
<trkpt lat="39.850102337661646" lon="-104.79110249846978"><ele>1600.3075655976677</ele></trkpt>
<trkpt lat="39.84921142857022" lon="-104.79109886182894"><ele>1600.6994314868805</ele></trkpt>
<trkpt lat="39.84843220779048" lon="-104.79109568117089"><ele>1601.3322303206999</ele></trkpt>
<trkpt lat="39.84754129869886" lon="-104.79109204470697"><ele>1602.5113702623908</ele></trkpt>
<trkpt lat="39.84665038960711" lon="-104.79108840833743"><ele>1603.5147959183673</ele></trkpt>
<trkpt lat="39.84575948051527" lon="-104.79108477206229"><ele>1604.281559766764</ele></trkpt>
<trkpt lat="39.84422585857976" lon="-104.79107851275495"><ele>1604.9916839434188</ele></trkpt>
<trkpt lat="39.84397766233122" lon="-104.79107749979508"><ele>1605.1833527696795</ele></trkpt>
<trkpt lat="39.84361777777083" lon="-104.79107603101795"><ele>1605.6912099125364</ele></trkpt>
<trkpt lat="39.84258661137232" lon="-104.79107189067616"><ele>1607.5244152899254</ele></trkpt>
<trkpt lat="39.842132377421144" lon="-104.79107280414007"><ele>1608.402696793003</ele></trkpt>
<trkpt lat="39.8418687396941" lon="-104.79108065216255"><ele>1609.0596870100421</ele></trkpt>
<trkpt lat="39.8414748385346" lon="-104.7910957438411"><ele>1609.9387837037038</ele></trkpt>
<trkpt lat="39.84127313408197" lon="-104.79110206822465"><ele>1610.2687037037037</ele></trkpt>
<trkpt lat="39.8411332458456" lon="-104.79109936467145"><ele>1610.4705625240056</ele></trkpt>
<trkpt lat="39.84105653901255" lon="-104.79107994878107"><ele>1610.544686090535</ele></trkpt>
<trkpt lat="39.84099047245541" lon="-104.79104236242651"><ele>1610.5961040877914</ele></trkpt>
<trkpt lat="39.84092601594649" lon="-104.79098879539337"><ele>1610.6599331275722</ele></trkpt>
<trkpt lat="39.840854996570634" lon="-104.79090335387683"><ele>1610.700658436214</ele></trkpt>
<trkpt lat="39.8408232621742" lon="-104.79088429266295"><ele>1610.70454218107</ele></trkpt>
<trkpt lat="39.84077187499999" lon="-104.79087145830012"><ele>1610.7104166666668</ele></trkpt>
<trkpt lat="39.84058031035665" lon="-104.79085867709153"><ele>1610.7339266117972</ele></trkpt>
<trkpt lat="39.840305365771975" lon="-104.79085332915572"><ele>1610.770053155007</ele></trkpt>
<trkpt lat="39.839208181821824" lon="-104.7908409079789"><ele>1610.9439583333333</ele></trkpt>
<trkpt lat="39.83849627385583" lon="-104.79083321921964"><ele>1610.6113683127571</ele></trkpt>
<trkpt lat="39.83794545455333" lon="-104.79082727036236"><ele>1610.5033230452677</ele></trkpt>
<trkpt lat="39.83739463525055" lon="-104.7908213215995"><ele>1610.525097736626</ele></trkpt>
<trkpt lat="39.83668272728328" lon="-104.79081363324596"><ele>1610.7214583333334</ele></trkpt>
<trkpt lat="39.83611112234567" lon="-104.79080746023136"><ele>1611.1927237654322</ele></trkpt>
<trkpt lat="39.83584090910235" lon="-104.7908045421141"><ele>1611.5179166666667</ele></trkpt>
<trkpt lat="39.835420000011595" lon="-104.79079999663242"><ele>1612.2755709876544</ele></trkpt>
<trkpt lat="39.834427485982125" lon="-104.79078927849311"><ele>1614.3878497942387</ele></trkpt>
<trkpt lat="39.834157272738345" lon="-104.7907863605189"><ele>1614.8835416666666</ele></trkpt>
<trkpt lat="39.83388705949446" lon="-104.7907834425686"><ele>1615.1860528120712</ele></trkpt>
<trkpt lat="39.83331545455528" lon="-104.79077727005554"><ele>1615.5141666666668</ele></trkpt>
<trkpt lat="39.832473636371525" lon="-104.790768179815"><ele>1615.295625</ele></trkpt>
<trkpt lat="39.831631818186835" lon="-104.79075908979726"><ele>1615.1166666666668</ele></trkpt>
<trkpt lat="39.83121428989229" lon="-104.79075444268659"><ele>1615.0908796296299</ele></trkpt>
<trkpt lat="39.83086206439448" lon="-104.79074782183413"><ele>1615.0820833333332</ele></trkpt>
<trkpt lat="39.83067703789433" lon="-104.79073009000075"><ele>1615.0810476680383</ele></trkpt>
<trkpt lat="39.83056854166643" lon="-104.79072291664532"><ele>1615.08625</ele></trkpt>
<trkpt lat="39.83021864763263" lon="-104.79071913677764"><ele>1615.1105375514403</ele></trkpt>
<trkpt lat="39.82869965431584" lon="-104.79071535787611"><ele>1615.2616863854596</ele></trkpt>
<trkpt lat="39.827295999992195" lon="-104.79071199990494"><ele>1615.3633333333332</ele></trkpt>
<trkpt lat="39.82659508839267" lon="-104.79071179287679"><ele>1615.3453712277092</ele></trkpt>
<trkpt lat="39.82635727976154" lon="-104.79071611396482"><ele>1615.4055118312756</ele></trkpt>
<trkpt lat="39.825863807573654" lon="-104.79073537341431"><ele>1615.6675180041152</ele></trkpt>
<trkpt lat="39.82540176700573" lon="-104.79075490249906"><ele>1615.6607330246914</ele></trkpt>
<trkpt lat="39.82503437500717" lon="-104.79076791675897"><ele>1615.6364583333334</ele></trkpt>
<trkpt lat="39.824772983542665" lon="-104.79077286702693"><ele>1615.7610528120713</ele></trkpt>
<trkpt lat="39.82419500000595" lon="-104.79078000012677"><ele>1616.2725</ele></trkpt>
<trkpt lat="39.82361648491391" lon="-104.79078713316196"><ele>1617.282829218107</ele></trkpt>
<trkpt lat="39.82335239583751" lon="-104.79079208352901"><ele>1617.6937500000001</ele></trkpt>
<trkpt lat="39.823105793564" lon="-104.7907999730807"><ele>1617.884918552812</ele></trkpt>
<trkpt lat="39.82260400003193" lon="-104.7908200012864"><ele>1618.0014583333334</ele></trkpt>
<trkpt lat="39.821868000056945" lon="-104.79085000192835"><ele>1617.9183333333335</ele></trkpt>
<trkpt lat="39.821132000074236" lon="-104.7908800019276"><ele>1618.1816666666668</ele></trkpt>
<trkpt lat="39.82076400007933" lon="-104.79089500168679"><ele>1618.14662808642</ele></trkpt>
<trkpt lat="39.820036699775564" lon="-104.79092455471735"><ele>1617.9117802778078</ele></trkpt>
<trkpt lat="39.81979980048014" lon="-104.79093343428859"><ele>1617.8444764209328</ele></trkpt>
<trkpt lat="39.81959590670945" lon="-104.79093880190675"><ele>1617.8793731778424</ele></trkpt>
<trkpt lat="39.81908286922826" lon="-104.79094393835064"><ele>1618.2939806716338</ele></trkpt>
<trkpt lat="39.81872909036549" lon="-104.79094637641569"><ele>1618.4557288629735</ele></trkpt>
<trkpt lat="39.817853090352486" lon="-104.79095237655912"><ele>1617.938586005831</ele></trkpt>
<trkpt lat="39.817330952346516" lon="-104.7909559528602"><ele>1617.8344158298244</ele></trkpt>
<trkpt lat="39.816861595682376" lon="-104.79095916759654"><ele>1617.955996112731</ele></trkpt>
<trkpt lat="39.81645495233372" lon="-104.79096195275955"><ele>1618.2725315840623</ele></trkpt>
<trkpt lat="39.81610109033406" lon="-104.79096437638712"><ele>1618.4173906705541</ele></trkpt>
<trkpt lat="39.815273582656566" lon="-104.79096999782686"><ele>1617.9046156447591</ele></trkpt>
<trkpt lat="39.814576473726916" lon="-104.79097281929081"><ele>1617.5197616598084</ele></trkpt>
<trkpt lat="39.8137565431321" lon="-104.79097615235077"><ele>1617.2153935185188</ele></trkpt>
<trkpt lat="39.813221221662694" lon="-104.79097851257465"><ele>1617.0769058641977</ele></trkpt>
<trkpt lat="39.81294813870132" lon="-104.79098118633027"><ele>1617.0237062757203</ele></trkpt>
<trkpt lat="39.81273289287904" lon="-104.79098792555223"><ele>1617.0130734087793</ele></trkpt>
<trkpt lat="39.81251678271871" lon="-104.79100084182835"><ele>1617.0446843004115</ele></trkpt>
<trkpt lat="39.81196421098386" lon="-104.7910391423966"><ele>1617.2254106584362</ele></trkpt>
<trkpt lat="39.81175653814798" lon="-104.79105192009706"><ele>1617.3056452812073</ele></trkpt>
<trkpt lat="39.81157267089626" lon="-104.7910581447534"><ele>1617.3399202674898</ele></trkpt>
<trkpt lat="39.811361438609424" lon="-104.79105980453251"><ele>1617.3389737654322</ele></trkpt>
<trkpt lat="39.81053183125765" lon="-104.79106000000141"><ele>1617.3715680727025</ele></trkpt>
<trkpt lat="39.80981262152744" lon="-104.79105921872028"><ele>1617.6908333333333</ele></trkpt>
<trkpt lat="39.809132500017995" lon="-104.79105249977677"><ele>1618.4906250000001</ele></trkpt>
<trkpt lat="39.80833890435921" lon="-104.79104384229649"><ele>1618.9253660836764</ele></trkpt>
<trkpt lat="39.807651411864036" lon="-104.79103634132291"><ele>1618.9802614883404</ele></trkpt>
<trkpt lat="39.80718015411891" lon="-104.79103057755832"><ele>1618.707452846365</ele></trkpt>
<trkpt lat="39.80698146584481" lon="-104.79102633372727"><ele>1618.528487654321</ele></trkpt>
<trkpt lat="39.806169983728424" lon="-104.79100009760658"><ele>1617.5281764403292</ele></trkpt>
<trkpt lat="39.80577673839033" lon="-104.79099092762452"><ele>1617.1556755829904</ele></trkpt>
<trkpt lat="39.805266666623275" lon="-104.79099000000124"><ele>1617.0785416666665</ele></trkpt>
<trkpt lat="39.80466333326012" lon="-104.79099000000124"><ele>1617.3568750000002</ele></trkpt>
<trkpt lat="39.80404611110249" lon="-104.79098930553491"><ele>1617.9768750000003</ele></trkpt>
<trkpt lat="39.803209650210356" lon="-104.79098230437657"><ele>1618.3125977366255</ele></trkpt>
<trkpt lat="39.80270034980085" lon="-104.79097769532305"><ele>1618.6136471193415</ele></trkpt>
<trkpt lat="39.80221790166708" lon="-104.79097330473572"><ele>1619.1542361111112</ele></trkpt>
<trkpt lat="39.801840798612204" lon="-104.79096939227841"><ele>1619.7764583333333</ele></trkpt>
<trkpt lat="39.80115230724403" lon="-104.79095942811452"><ele>1621.573114711934</ele></trkpt>
<trkpt lat="39.80061250000364" lon="-104.79095124944052"><ele>1622.9538425925928</ele></trkpt>
<trkpt lat="39.80020000000429" lon="-104.79094499940243"><ele>1623.8758333333335</ele></trkpt>
<trkpt lat="39.79993518518965" lon="-104.79094098707267"><ele>1624.2967935528122</ele></trkpt>
<trkpt lat="39.79924775591932" lon="-104.7909306110997"><ele>1625.2044067215365</ele></trkpt>
<trkpt lat="39.79896653163811" lon="-104.79092855877956"><ele>1625.5908127572018</ele></trkpt>
<trkpt lat="39.7988289609069" lon="-104.79093211404629"><ele>1625.7734739369</ele></trkpt>
<trkpt lat="39.798715579990635" lon="-104.79094384446037"><ele>1625.9082338820301</ele></trkpt>
<trkpt lat="39.798635937500485" lon="-104.79096921875009"><ele>1625.9716666666668</ele></trkpt>
<trkpt lat="39.798588259388076" lon="-104.79101425178281"><ele>1625.9552387688616</ele></trkpt>
<trkpt lat="39.79856408243321" lon="-104.79108136233502"><ele>1625.8668857167356</ele></trkpt>
<trkpt lat="39.798553701774715" lon="-104.79116635482325"><ele>1625.729998713992</ele></trkpt>
<trkpt lat="39.79854418103709" lon="-104.79140662745661"><ele>1625.388130144033</ele></trkpt>
<trkpt lat="39.79853418687725" lon="-104.791565324721"><ele>1625.3165882201647</ele></trkpt>
<trkpt lat="39.7985314315256" lon="-104.79173378919832"><ele>1625.23763803155</ele></trkpt>
<trkpt lat="39.7985313652725" lon="-104.792017305101"><ele>1625.0823122427983</ele></trkpt>
<trkpt lat="39.798535013401036" lon="-104.7933749998226"><ele>1624.2987500000002</ele></trkpt>
<trkpt lat="39.79853750986662" lon="-104.79428249984238"><ele>1623.8839583333336</ele></trkpt>
<trkpt lat="39.798538815306934" lon="-104.79488622936253"><ele>1623.498378772291</ele></trkpt>
<trkpt lat="39.798535850448914" lon="-104.795184333618"><ele>1623.3065923731142</ele></trkpt>
<trkpt lat="39.79852690416808" lon="-104.79533068923067"><ele>1623.2388598079563</ele></trkpt>
<trkpt lat="39.79852508937301" lon="-104.79546374629325"><ele>1623.172026145405</ele></trkpt>
<trkpt lat="39.79853596808383" lon="-104.79591589134326"><ele>1622.9278335528122</ele></trkpt>
<trkpt lat="39.79853908175553" lon="-104.79618221715306"><ele>1622.8224691358023</ele></trkpt>
<trkpt lat="39.798539925851586" lon="-104.79654285056434"><ele>1622.71</ele></trkpt>
<trkpt lat="39.798540091397626" lon="-104.79854540741056"><ele>1622.1018818587108</ele></trkpt>
<trkpt lat="39.798540108164104" lon="-104.79929300000512"><ele>1621.9527083333335</ele></trkpt>
<trkpt lat="39.798540127354194" lon="-104.80094450001047"><ele>1622.102019032922</ele></trkpt>
<trkpt lat="39.798540128973215" lon="-104.8014950000124"><ele>1622.1064583333334</ele></trkpt>
<trkpt lat="39.798540123770934" lon="-104.80259600001615"><ele>1621.7181249999999</ele></trkpt>
<trkpt lat="39.79854011117289" lon="-104.80352709261172"><ele>1621.5365492112483</ele></trkpt>
<trkpt lat="39.79854008676711" lon="-104.80462809261464"><ele>1621.7510176611797</ele></trkpt>
<trkpt lat="39.79854004573671" lon="-104.80589900002164"><ele>1622.1920833333336</ele></trkpt>
<trkpt lat="39.798541000954465" lon="-104.80644411960321"><ele>1622.0674588477368</ele></trkpt>
<trkpt lat="39.79854344517709" lon="-104.80662771398161"><ele>1621.9975497256517</ele></trkpt>
<trkpt lat="39.79854928580215" lon="-104.80677902595266"><ele>1621.937301097394</ele></trkpt>
<trkpt lat="39.79856083821046" lon="-104.80688531246801"><ele>1621.8937500000002</ele></trkpt>
<trkpt lat="39.79858037119769" lon="-104.80694901928189"><ele>1621.8663740054872</ele></trkpt>
<trkpt lat="39.79860846132407" lon="-104.80698206656456"><ele>1621.8507294924557</ele></trkpt>
<trkpt lat="39.79867656451602" lon="-104.80701614684698"><ele>1621.837321467764</ele></trkpt>
<trkpt lat="39.79870433446217" lon="-104.80704639151556"><ele>1621.8351270919068</ele></trkpt>
<trkpt lat="39.798722199999986" lon="-104.80710185628507"><ele>1621.8350844444444</ele></trkpt>
<trkpt lat="39.79873070222221" lon="-104.80718649037432"><ele>1621.8366844444447</ele></trkpt>
<trkpt lat="39.798732466666664" lon="-104.80729194224276"><ele>1621.8384800000001</ele></trkpt>
<trkpt lat="39.798723711111094" lon="-104.80749661190096"><ele>1621.8304622222222</ele></trkpt>
<trkpt lat="39.79869760185185" lon="-104.80763920888161"><ele>1621.7817586805554</ele></trkpt>
<trkpt lat="39.79866079962963" lon="-104.80776001248024"><ele>1621.6704461111112</ele></trkpt>
<trkpt lat="39.798647747606296" lon="-104.8078243710884"><ele>1621.5813140466391</ele></trkpt>
<trkpt lat="39.79864219393003" lon="-104.80796575228254"><ele>1621.3385374871398</ele></trkpt>
<trkpt lat="39.79865662637173" lon="-104.80811173210093"><ele>1621.1243022333676</ele></trkpt>
<trkpt lat="39.79869523491083" lon="-104.80829327713862"><ele>1621.0451251714676</ele></trkpt>
<trkpt lat="39.798766075102876" lon="-104.80856210060537"><ele>1621.0650977366254</ele></trkpt>
<trkpt lat="39.79888104166666" lon="-104.80897166609788"><ele>1621.0645833333335</ele></trkpt>
<trkpt lat="39.79895714249104" lon="-104.80922240844532"><ele>1620.9274674211251</ele></trkpt>
<trkpt lat="39.79907971714395" lon="-104.80961435982924"><ele>1620.608587105624</ele></trkpt>
<trkpt lat="39.79914320871537" lon="-104.80982190936287"><ele>1620.4352583676268</ele></trkpt>
<trkpt lat="39.799338896298735" lon="-104.81048667166579"><ele>1620.002923148148</ele></trkpt>
<trkpt lat="39.79940631924863" lon="-104.81071418853816"><ele>1619.945961728395</ele></trkpt>
<trkpt lat="39.79947145848104" lon="-104.8109229160236"><ele>1619.9177083333334</ele></trkpt>
<trkpt lat="39.79960117284642" lon="-104.81130166063606"><ele>1619.9186316872429</ele></trkpt>
<trkpt lat="39.799702829218226" lon="-104.81158212707054"><ele>1619.9129698216736</ele></trkpt>
<trkpt lat="39.799753541666654" lon="-104.81171249909221"><ele>1619.8931250000003</ele></trkpt>
<trkpt lat="39.79987374442981" lon="-104.81199723288331"><ele>1619.800707304527</ele></trkpt>
<trkpt lat="39.80008233337157" lon="-104.81247154021611"><ele>1619.5946244855968</ele></trkpt>
<trkpt lat="39.80019420535428" lon="-104.81273387530202"><ele>1619.4727734910837</ele></trkpt>
<trkpt lat="39.80030703707452" lon="-104.81300931317459"><ele>1619.3415149176956</ele></trkpt>
<trkpt lat="39.800622672362586" lon="-104.81378985073775"><ele>1619.1023456790122</ele></trkpt>
<trkpt lat="39.800783646111775" lon="-104.81417687387426"><ele>1619.0708333333334</ele></trkpt>
<trkpt lat="39.80089287984693" lon="-104.81441993296549"><ele>1619.0852263374486</ele></trkpt>
<trkpt lat="39.8010164870567" lon="-104.8146839145416"><ele>1619.1126028806584</ele></trkpt>
<trkpt lat="39.80112270833332" lon="-104.81489770775283"><ele>1619.1166666666668</ele></trkpt>
<trkpt lat="39.80122006172838" lon="-104.81506817952636"><ele>1619.0731074897124</ele></trkpt>
<trkpt lat="39.801370778086415" lon="-104.81531247000878"><ele>1618.9755552263375</ele></trkpt>
<trkpt lat="39.80146724814814" lon="-104.81548746421443"><ele>1618.977837798354</ele></trkpt>
<trkpt lat="39.80151686790123" lon="-104.81560230616648"><ele>1619.022273957476</ele></trkpt>
<trkpt lat="39.80157261316871" lon="-104.81577548043329"><ele>1619.1040449245543</ele></trkpt>
<trkpt lat="39.80169513374484" lon="-104.8162069333539"><ele>1619.301091392318</ele></trkpt>
<trkpt lat="39.80173853909464" lon="-104.81635100490924"><ele>1619.3434276406035</ele></trkpt>
<trkpt lat="39.801782499999995" lon="-104.81648270757066"><ele>1619.3506249999998</ele></trkpt>
<trkpt lat="39.80183111368321" lon="-104.81661172322293"><ele>1619.31720936214</ele></trkpt>
<trkpt lat="39.80195014660973" lon="-104.81689299527477"><ele>1619.1525077160495</ele></trkpt>
<trkpt lat="39.80207028039523" lon="-104.81715922321074"><ele>1618.9690920781893</ele></trkpt>
<trkpt lat="39.80216784285192" lon="-104.81735736997868"><ele>1618.8642107681758</ele></trkpt>
<trkpt lat="39.802269031790594" lon="-104.81754112009294"><ele>1618.8197730452675</ele></trkpt>
<trkpt lat="39.802533649370446" lon="-104.81800339417171"><ele>1618.9362844444445</ele></trkpt>
<trkpt lat="39.80263137646813" lon="-104.81817986010003"><ele>1619.002957037037</ele></trkpt>
<trkpt lat="39.80266785477758" lon="-104.81825203967523"><ele>1618.9836150694446</ele></trkpt>
<trkpt lat="39.80272447618882" lon="-104.81838544915124"><ele>1618.8140339583335</ele></trkpt>
<trkpt lat="39.8027636733337" lon="-104.81852297845121"><ele>1618.4845237037039</ele></trkpt>
<trkpt lat="39.80277734133255" lon="-104.81866570125653"><ele>1617.985004652778</ele></trkpt>
<trkpt lat="39.802771953480956" lon="-104.81881524140006"><ele>1617.3691600231482</ele></trkpt>
<trkpt lat="39.80276242990205" lon="-104.81890225660344"><ele>1616.9918977777777</ele></trkpt>
<trkpt lat="39.80272915631898" lon="-104.8191250762777"><ele>1616.0180400000002</ele></trkpt>
<trkpt lat="39.8026895418967" lon="-104.81936723502619"><ele>1615.0670088888892</ele></trkpt>
<trkpt lat="39.802650793601295" lon="-104.81960194606224"><ele>1614.463451851852</ele></trkpt>
<trkpt lat="39.8026107708662" lon="-104.81984821016"><ele>1614.0643807407407</ele></trkpt>
<trkpt lat="39.802579232717065" lon="-104.82006060983667"><ele>1613.7740800000001</ele></trkpt>
<trkpt lat="39.80254531852104" lon="-104.82035446601658"><ele>1613.4252000000001</ele></trkpt>
<trkpt lat="39.80253638814837" lon="-104.82045460970872"><ele>1613.3292800000002</ele></trkpt>
<trkpt lat="39.8025218874074" lon="-104.82068202082024"><ele>1613.173331851852</ele></trkpt>
<trkpt lat="39.802510300740735" lon="-104.82094078969193"><ele>1613.043860740741</ele></trkpt>
<trkpt lat="39.80250597208334" lon="-104.82113537116815"><ele>1612.9674341203706</ele></trkpt>
<trkpt lat="39.80250769513888" lon="-104.82120310716758"><ele>1612.9529164351854</ele></trkpt>
<trkpt lat="39.80251875333332" lon="-104.82131993477836"><ele>1612.9504524074075</ele></trkpt>
<trkpt lat="39.80252904824073" lon="-104.82137933325298"><ele>1612.9560478935186</ele></trkpt>
<trkpt lat="39.802561649305545" lon="-104.82151148427398"><ele>1612.9748350694445</ele></trkpt>
<trkpt lat="39.802606021412025" lon="-104.82165449929158"><ele>1612.992494212963</ele></trkpt>
<trkpt lat="39.80266115451388" lon="-104.82180466997276"><ele>1612.9978559027782</ele></trkpt>
<trkpt lat="39.80272450810184" lon="-104.8219524795786"><ele>1612.9880150462964</ele></trkpt>
<trkpt lat="39.80275897569444" lon="-104.82202127297619"><ele>1612.9757320601852</ele></trkpt>
<trkpt lat="39.802832855902764" lon="-104.82214834764501"><ele>1612.9436574074077</ele></trkpt>
<trkpt lat="39.80290778067129" lon="-104.82224793969903"><ele>1612.9216956018518</ele></trkpt>
<trkpt lat="39.80299259837962" lon="-104.82232717579367"><ele>1612.9150202546298</ele></trkpt>
<trkpt lat="39.803108582175916" lon="-104.822406715643"><ele>1612.9192534722224</ele></trkpt>
<trkpt lat="39.80330709201388" lon="-104.82252655078707"><ele>1612.9160677083332</ele></trkpt>
<trkpt lat="39.80341794560184" lon="-104.82261315676418"><ele>1612.8492881944442</ele></trkpt>
<trkpt lat="39.80348198925924" lon="-104.8226822215527"><ele>1612.817246111111</ele></trkpt>
<trkpt lat="39.80355408356479" lon="-104.82277821370084"><ele>1612.8053767361112</ele></trkpt>
<trkpt lat="39.80359004921296" lon="-104.82284240473078"><ele>1612.7964124305556</ele></trkpt>
<trkpt lat="39.803627567407396" lon="-104.82292769441145"><ele>1612.780162962963</ele></trkpt>
<trkpt lat="39.803669210370366" lon="-104.8230393668608"><ele>1612.7555303703705</ele></trkpt>
<trkpt lat="39.80379681185184" lon="-104.82341551665209"><ele>1612.6738518518519</ele></trkpt>
<trkpt lat="39.803853558680544" lon="-104.8235756212548"><ele>1612.6632303240742</ele></trkpt>
<trkpt lat="39.803909165555545" lon="-104.82369923798518"><ele>1612.7084501851853</ele></trkpt>
<trkpt lat="39.803948588356484" lon="-104.82376377819138"><ele>1612.768181550926</ele></trkpt>
<trkpt lat="39.804061319444436" lon="-104.82390818540685"><ele>1612.9903385416667</ele></trkpt>
<trkpt lat="39.804183920717584" lon="-104.82404042361325"><ele>1613.3236053240742</ele></trkpt>
<trkpt lat="39.80428402488426" lon="-104.82413444561378"><ele>1613.7597366898149</ele></trkpt>
<trkpt lat="39.80432342592593" lon="-104.82417924899218"><ele>1613.968637152778</ele></trkpt>
<trkpt lat="39.80435204475308" lon="-104.82422892601942"><ele>1614.1196460262347</ele></trkpt>
<trkpt lat="39.80436915219907" lon="-104.82428327124808"><ele>1614.1914872685186</ele></trkpt>
<trkpt lat="39.80439740870369" lon="-104.8244884697335"><ele>1613.978749814815</ele></trkpt>
<trkpt lat="39.80443978289351" lon="-104.82475634246461"><ele>1613.4483736574075</ele></trkpt>
<trkpt lat="39.804480182222214" lon="-104.82495841750794"><ele>1613.1544429629632</ele></trkpt>
<trkpt lat="39.80453263111111" lon="-104.82519720858487"><ele>1612.8799362962964</ele></trkpt>
<trkpt lat="39.80458575393502" lon="-104.82542388208361"><ele>1612.6544707887517</ele></trkpt>
<trkpt lat="39.804643385407545" lon="-104.82565112502641"><ele>1612.4674016255142</ele></trkpt>
<trkpt lat="39.804703308478295" lon="-104.82586746935952"><ele>1612.3302078257884</ele></trkpt>
<trkpt lat="39.80477191654393" lon="-104.82607295480035"><ele>1612.2909182098765</ele></trkpt>
<trkpt lat="39.804867369513225" lon="-104.8263241437968"><ele>1612.3278009259259</ele></trkpt>
<trkpt lat="39.80501333763619" lon="-104.82669666033651"><ele>1612.3154166666668</ele></trkpt>
<trkpt lat="39.80526140376719" lon="-104.82732810027862"><ele>1611.695696159122</ele></trkpt>
<trkpt lat="39.805452439822815" lon="-104.82781404008816"><ele>1611.3741049382718</ele></trkpt>
<trkpt lat="39.80554623010451" lon="-104.82804988016552"><ele>1611.2714917695475</ele></trkpt>
<trkpt lat="39.805608659347804" lon="-104.82819782475838"><ele>1611.2128229492455</ele></trkpt>
<trkpt lat="39.80565845900159" lon="-104.82829796587589"><ele>1611.1860192181068</ele></trkpt>
<trkpt lat="39.80572366035935" lon="-104.82840019659102"><ele>1611.210178504801</ele></trkpt>
<trkpt lat="39.80577317037036" lon="-104.82846395510593"><ele>1611.2636844444446</ele></trkpt>
<trkpt lat="39.805990034074064" lon="-104.82871827049004"><ele>1611.577368888889</ele></trkpt>
<trkpt lat="39.806052814814805" lon="-104.8287960440107"><ele>1611.6779955555558</ele></trkpt>
<trkpt lat="39.80609790540466" lon="-104.82886099486369"><ele>1611.7579862277094</ele></trkpt>
<trkpt lat="39.80612794759944" lon="-104.82891870466416"><ele>1611.8219270233199</ele></trkpt>
<trkpt lat="39.80614825251028" lon="-104.8289774771235"><ele>1611.8755705349795</ele></trkpt>
<trkpt lat="39.80616961062156" lon="-104.82910893501318"><ele>1611.942632391118</ele></trkpt>
<trkpt lat="39.80616687585733" lon="-104.82924296128233"><ele>1611.935252914952</ele></trkpt>
<trkpt lat="39.80614113491172" lon="-104.82936902081624"><ele>1611.8615200617285</ele></trkpt>
<trkpt lat="39.80609880964991" lon="-104.82949665905232"><ele>1611.7242544367284</ele></trkpt>
<trkpt lat="39.80604317812845" lon="-104.82964276234533"><ele>1611.4543749999998</ele></trkpt>
<trkpt lat="39.8059508350049" lon="-104.82987360823782"><ele>1610.8846493484225</ele></trkpt>
<trkpt lat="39.80571250933677" lon="-104.83046251375232"><ele>1609.4685416666669</ele></trkpt>
<trkpt lat="39.805597757900465" lon="-104.83074578782585"><ele>1609.0296073388206</ele></trkpt>
<trkpt lat="39.80535501268484" lon="-104.83134501832701"><ele>1608.430416666667</ele></trkpt>
<trkpt lat="39.80505268000066" lon="-104.8320913267645"><ele>1608.3846382030179</ele></trkpt>
<trkpt lat="39.80482011113413" lon="-104.83266571603167"><ele>1608.6348533950618</ele></trkpt>
<trkpt lat="39.804668907296275" lon="-104.83304515816204"><ele>1608.8468750000002</ele></trkpt>
<trkpt lat="39.80461801307517" lon="-104.8331866467029"><ele>1608.8973844735942</ele></trkpt>
<trkpt lat="39.8045801502581" lon="-104.83331200906605"><ele>1608.9044195816186</ele></trkpt>
<trkpt lat="39.8045465162037" lon="-104.83345329869753"><ele>1608.8683969907408</ele></trkpt>
<trkpt lat="39.80451958912036" lon="-104.83361769103182"><ele>1608.7725289351854</ele></trkpt>
<trkpt lat="39.804512016782404" lon="-104.83370796877587"><ele>1608.6911805555558</ele></trkpt>
<trkpt lat="39.80450981770833" lon="-104.8338057986017"><ele>1608.5814293981484</ele></trkpt>
<trkpt lat="39.804519340277764" lon="-104.83401420132891"><ele>1608.3283391203706</ele></trkpt>
<trkpt lat="39.804530509259244" lon="-104.8341120080174"><ele>1608.232693865741</ele></trkpt>
<trkpt lat="39.80456582465277" lon="-104.83428571168567"><ele>1608.1444531250002</ele></trkpt>
<trkpt lat="39.804607048611096" lon="-104.83442900453998"><ele>1608.0877980324074</ele></trkpt>
<trkpt lat="39.80464615451388" lon="-104.83453901034382"><ele>1607.9636805555556</ele></trkpt>
<trkpt lat="39.80469346643518" lon="-104.83464190092573"><ele>1607.8303993055556</ele></trkpt>
<trkpt lat="39.80479709201388" lon="-104.83481586790838"><ele>1607.737086226852</ele></trkpt>
<trkpt lat="39.80486098592591" lon="-104.83490199177845"><ele>1607.724576666667</ele></trkpt>
<trkpt lat="39.80491799189814" lon="-104.83495650490025"><ele>1607.7496864583336</ele></trkpt>
<trkpt lat="39.8049987348148" lon="-104.83501318646137"><ele>1607.851668148148</ele></trkpt>
<trkpt lat="39.805274112592585" lon="-104.83518163086164"><ele>1608.255045925926</ele></trkpt>
<trkpt lat="39.80551046814814" lon="-104.83531801017986"><ele>1608.1140014814814</ele></trkpt>
<trkpt lat="39.80564520888888" lon="-104.83538662637135"><ele>1607.5679392592592</ele></trkpt>
<trkpt lat="39.80591737777777" lon="-104.835514492959"><ele>1605.864811851852</ele></trkpt>
<trkpt lat="39.806060400439094" lon="-104.8355937997256"><ele>1605.0115504732512</ele></trkpt>
<trkpt lat="39.8061508509546" lon="-104.83566892924357"><ele>1604.6554029012345</ele></trkpt>
<trkpt lat="39.806226484466535" lon="-104.8357533179661"><ele>1604.4919862757201</ele></trkpt>
<trkpt lat="39.80632243174566" lon="-104.8358800995802"><ele>1604.35681670096</ele></trkpt>
<trkpt lat="39.806466369134384" lon="-104.83608224470254"><ele>1604.1897556584363</ele></trkpt>
<trkpt lat="39.806834077717554" lon="-104.8366049944343"><ele>1603.8073491083678</ele></trkpt>
<trkpt lat="39.80698886887075" lon="-104.83682667797085"><ele>1603.6692935528122</ele></trkpt>
<trkpt lat="39.80709937517286" lon="-104.8369920824583"><ele>1603.6075</ele></trkpt>
<trkpt lat="39.807153820330235" lon="-104.8370942384909"><ele>1603.6779561042524</ele></trkpt>
<trkpt lat="39.80718498371212" lon="-104.83718620794473"><ele>1603.8385073731138</ele></trkpt>
<trkpt lat="39.807201827846356" lon="-104.83728249141568"><ele>1603.963993484225</ele></trkpt>
<trkpt lat="39.80720259602194" lon="-104.8373813185947"><ele>1604.0159344993142</ele></trkpt>
<trkpt lat="39.807189547217924" lon="-104.83747141517028"><ele>1604.0009897976681</ele></trkpt>
<trkpt lat="39.80716038494513" lon="-104.83755942567103"><ele>1603.9041863854595</ele></trkpt>
<trkpt lat="39.80709853587962" lon="-104.83768211251792"><ele>1603.6872395833332</ele></trkpt>
<trkpt lat="39.807010853587954" lon="-104.83784094064892"><ele>1603.3864236111112</ele></trkpt>
<trkpt lat="39.806946348593954" lon="-104.83797705771849"><ele>1603.1829981138544</ele></trkpt>
<trkpt lat="39.80692633423353" lon="-104.83803688856996"><ele>1603.129063143004</ele></trkpt>
<trkpt lat="39.80689784132801" lon="-104.83816565237322"><ele>1603.0441433041838</ele></trkpt>
<trkpt lat="39.806878566529484" lon="-104.83831222483218"><ele>1602.9172873799725</ele></trkpt>
<trkpt lat="39.806871611582636" lon="-104.83839681845402"><ele>1602.8066606652949</ele></trkpt>
<trkpt lat="39.80686115451388" lon="-104.8386068142711"><ele>1602.4580208333332</ele></trkpt>
<trkpt lat="39.806859016203695" lon="-104.83882907695562"><ele>1602.0957436342592</ele></trkpt>
<trkpt lat="39.80686362557869" lon="-104.83892866315283"><ele>1601.9679369212963</ele></trkpt>
<trkpt lat="39.80688431134257" lon="-104.83911034713928"><ele>1601.7990740740743</ele></trkpt>
<trkpt lat="39.80690051504628" lon="-104.83919393797287"><ele>1601.739670138889</ele></trkpt>
<trkpt lat="39.80694648437499" lon="-104.83935285575484"><ele>1601.6471440972223</ele></trkpt>
<trkpt lat="39.80700302662036" lon="-104.83949649002453"><ele>1601.570060763889</ele></trkpt>
<trkpt lat="39.80706582465277" lon="-104.83961802069906"><ele>1601.4963194444447</ele></trkpt>
<trkpt lat="39.80713451967591" lon="-104.83972547151413"><ele>1601.4318721064815</ele></trkpt>
<trkpt lat="39.80721148437499" lon="-104.83982417520555"><ele>1601.3795572916667</ele></trkpt>
<trkpt lat="39.80729901620369" lon="-104.83991697033763"><ele>1601.288637152778</ele></trkpt>
<trkpt lat="39.8074018142361" lon="-104.84000335052936"><ele>1601.10703125</ele></trkpt>
<trkpt lat="39.80751670846194" lon="-104.84007773563303"><ele>1600.9051402820646</ele></trkpt>
<trkpt lat="39.807576507201844" lon="-104.8401065748073"><ele>1600.8248696844994</ele></trkpt>
<trkpt lat="39.807696880469315" lon="-104.84015198563789"><ele>1600.7062248156724</ele></trkpt>
<trkpt lat="39.80824891475183" lon="-104.84033630279598"><ele>1600.5521930727023</ele></trkpt>
<trkpt lat="39.80847000017507" lon="-104.8404099976909"><ele>1600.67625</ele></trkpt>
<trkpt lat="39.80892703025268" lon="-104.84056274218503"><ele>1601.6830812757203</ele></trkpt>
<trkpt lat="39.8090220562295" lon="-104.84059509737416"><ele>1601.639127222165</ele></trkpt>
<trkpt lat="39.8090930541062" lon="-104.84060939656031"><ele>1601.6069376188186</ele></trkpt>
<trkpt lat="39.809164810591476" lon="-104.84060461647013"><ele>1601.574748015472</ele></trkpt>
<trkpt lat="39.80926734100054" lon="-104.84056232511129"><ele>1601.5264636104525</ele></trkpt>
<trkpt lat="39.809328133597496" lon="-104.84051243178354"><ele>1601.494274007106</ele></trkpt>
<trkpt lat="39.80939870659722" lon="-104.84041849263228"><ele>1601.4490335648147</ele></trkpt>
<trkpt lat="39.8094657986111" lon="-104.84030005510029"><ele>1601.2737037037036</ele></trkpt>
<trkpt lat="39.80952453789437" lon="-104.84022286098998"><ele>1601.1671364883402</ele></trkpt>
<trkpt lat="39.809586548399345" lon="-104.84018708209334"><ele>1601.105004000343</ele></trkpt>
<trkpt lat="39.809655594732504" lon="-104.84016381203355"><ele>1601.0703845267487</ele></trkpt>
<trkpt lat="39.80973365058984" lon="-104.84015522421706"><ele>1601.0594624965706</ele></trkpt>
<trkpt lat="39.8098578637037" lon="-104.84017338801097"><ele>1601.0669333333333</ele></trkpt>
<trkpt lat="39.81002276148148" lon="-104.84021005022126"><ele>1601.0840044444444</ele></trkpt>
<trkpt lat="39.81014997470506" lon="-104.84024464963413"><ele>1601.0962189300412</ele></trkpt>
<trkpt lat="39.81023706189299" lon="-104.84028208536874"><ele>1601.1124790123458</ele></trkpt>
<trkpt lat="39.810326090754444" lon="-104.8403420548298"><ele>1601.193922633745</ele></trkpt>
<trkpt lat="39.810371481481475" lon="-104.84038078179427"><ele>1601.265</ele></trkpt>
<trkpt lat="39.8104451681207" lon="-104.84045723790982"><ele>1601.3889369547326</ele></trkpt>
<trkpt lat="39.810516567023306" lon="-104.84054939175022"><ele>1601.4361855144034</ele></trkpt>
<trkpt lat="39.81060138222222" lon="-104.84064011522213"><ele>1601.4556222222225</ele></trkpt>
<trkpt lat="39.81072049333333" lon="-104.84075894633123"><ele>1601.4834400000004</ele></trkpt>
<trkpt lat="39.81081387912037" lon="-104.84084506984168"><ele>1601.4980920138892</ele></trkpt>
<trkpt lat="39.81090325574073" lon="-104.8409184853121"><ele>1601.4528777777778</ele></trkpt>
<trkpt lat="39.81095567043895" lon="-104.84100182344801"><ele>1601.3015483539095</ele></trkpt>
<trkpt lat="39.811001594435865" lon="-104.8411246947736"><ele>1601.08149530607</ele></trkpt>
<trkpt lat="39.81101850844477" lon="-104.84119456040438"><ele>1600.999642811214</ele></trkpt>
<trkpt lat="39.811030624999994" lon="-104.84127770824745"><ele>1600.9547916666668</ele></trkpt>
<trkpt lat="39.81104488597392" lon="-104.8415222890162"><ele>1600.968416495199</ele></trkpt>
<trkpt lat="39.811057369684484" lon="-104.84197623708518"><ele>1601.0918741426613</ele></trkpt>
<trkpt lat="39.81106519825959" lon="-104.84217160586323"><ele>1601.1365868269893</ele></trkpt>
<trkpt lat="39.811076925797316" lon="-104.84231912900566"><ele>1601.1507269161525</ele></trkpt>
<trkpt lat="39.811095893347044" lon="-104.84246266197512"><ele>1601.1690406378602</ele></trkpt>
<trkpt lat="39.81112404128086" lon="-104.84259629908962"><ele>1601.2109899048355</ele></trkpt>
<trkpt lat="39.81116058706275" lon="-104.84272670017398"><ele>1601.2512231009946</ele></trkpt>
<trkpt lat="39.81126697445129" lon="-104.84303968096553"><ele>1601.2606001371744</ele></trkpt>
<trkpt lat="39.81147687499999" lon="-104.8436389575061"><ele>1601.2008333333333</ele></trkpt>
<trkpt lat="39.81162392489711" lon="-104.84408363069504"><ele>1601.0608950617284</ele></trkpt>
<trkpt lat="39.811716431755826" lon="-104.84438012963638"><ele>1600.9249279835392</ele></trkpt>
<trkpt lat="39.811750208333336" lon="-104.84450187452322"><ele>1600.8416666666667</ele></trkpt>
<trkpt lat="39.811798850308634" lon="-104.84472459933272"><ele>1600.6052940672155</ele></trkpt>
<trkpt lat="39.811837893518515" lon="-104.84495467653997"><ele>1600.3056104252403</ele></trkpt>
<trkpt lat="39.81187104166666" lon="-104.84517395809824"><ele>1600.0735416666669</ele></trkpt>
<trkpt lat="39.81192446244855" lon="-104.84557372907327"><ele>1599.874642489712</ele></trkpt>
<trkpt lat="39.81195745970507" lon="-104.84584611946437"><ele>1599.789032064472</ele></trkpt>
<trkpt lat="39.81197285408093" lon="-104.84603388058123"><ele>1599.7552011531207</ele></trkpt>
<trkpt lat="39.811973677983524" lon="-104.84618841853907"><ele>1599.7632712834363</ele></trkpt>
<trkpt lat="39.811966960948205" lon="-104.84632670472885"><ele>1599.78266353738</ele></trkpt>
<trkpt lat="39.811947384259256" lon="-104.84647724829269"><ele>1599.7857841435186</ele></trkpt>
<trkpt lat="39.811932679398154" lon="-104.84662856197339"><ele>1599.741064814815</ele></trkpt>
<trkpt lat="39.81191976273146" lon="-104.84683632238185"><ele>1599.6530613425928</ele></trkpt>
<trkpt lat="39.811915078017826" lon="-104.8470083281938"><ele>1599.5431061385464</ele></trkpt>
<trkpt lat="39.81192747835218" lon="-104.84717977396724"><ele>1599.3899168381347</ele></trkpt>
<trkpt lat="39.81196490601422" lon="-104.84729364833353"><ele>1599.32424264832</ele></trkpt>
<trkpt lat="39.81204515046295" lon="-104.84745728575184"><ele>1599.1875000000002</ele></trkpt>
<trkpt lat="39.81209625907406" lon="-104.8475745519415"><ele>1599.1073233333334</ele></trkpt>
<trkpt lat="39.81213486122684" lon="-104.84768986056713"><ele>1599.0620239583336</ele></trkpt>
<trkpt lat="39.81216237037036" lon="-104.84782645028261"><ele>1599.0477762962967</ele></trkpt>
<trkpt lat="39.81218457777777" lon="-104.84802287100258"><ele>1599.0624488888889</ele></trkpt>
<trkpt lat="39.812203614814806" lon="-104.848240850286"><ele>1599.0955096296298</ele></trkpt>
<trkpt lat="39.812224239999985" lon="-104.84857195993385"><ele>1599.189662222222</ele></trkpt>
<trkpt lat="39.81223151999998" lon="-104.84877427997526"><ele>1599.256482962963</ele></trkpt>
<trkpt lat="39.81222639838819" lon="-104.84890074748178"><ele>1599.2892468792868</ele></trkpt>
<trkpt lat="39.812194791666656" lon="-104.84911083345631"><ele>1599.1818750000002</ele></trkpt>
<trkpt lat="39.81217035751028" lon="-104.84932705872828"><ele>1598.9016555212622</ele></trkpt>
<trkpt lat="39.81214072788066" lon="-104.84961276088235"><ele>1598.507982681756</ele></trkpt>
<trkpt lat="39.812121458333316" lon="-104.84982812510032"><ele>1598.2260416666668</ele></trkpt>
<trkpt lat="39.812118318758564" lon="-104.84989520837476"><ele>1598.1561222565158</ele></trkpt>
<trkpt lat="39.81212296553497" lon="-104.84999483795036"><ele>1598.1059130658437</ele></trkpt>
<trkpt lat="39.81213952932098" lon="-104.85009357250037"><ele>1598.0994247256517</ele></trkpt>
<trkpt lat="39.81216696054869" lon="-104.85019661998102"><ele>1598.0891486419755</ele></trkpt>
<trkpt lat="39.81220317514403" lon="-104.85029637853307"><ele>1598.0595096296297</ele></trkpt>
<trkpt lat="39.81224824257887" lon="-104.8503898297576"><ele>1598.0389832098765</ele></trkpt>
<trkpt lat="39.812321405925914" lon="-104.85050706337525"><ele>1598.0639762962962</ele></trkpt>
<trkpt lat="39.81245674962962" lon="-104.85071127829963"><ele>1598.1403214814816</ele></trkpt>
<trkpt lat="39.81250294259258" lon="-104.85079465272017"><ele>1598.1583314814816</ele></trkpt>
<trkpt lat="39.81252344314814" lon="-104.85086079646946"><ele>1598.1428866666665</ele></trkpt>
<trkpt lat="39.81252086805554" lon="-104.85092713832748"><ele>1598.0347829861112</ele></trkpt>
<trkpt lat="39.8125076736111" lon="-104.85095923903968"><ele>1597.9340943287038</ele></trkpt>
<trkpt lat="39.81245629629628" lon="-104.85102587973276"><ele>1597.7209172453704</ele></trkpt>
<trkpt lat="39.812366701388875" lon="-104.85111049497387"><ele>1597.560607638889</ele></trkpt>
<trkpt lat="39.81225395543979" lon="-104.85119803257281"><ele>1597.442549189815</ele></trkpt>
<trkpt lat="39.812129175347216" lon="-104.85126818591013"><ele>1597.3631336805558</ele></trkpt>
<trkpt lat="39.81199853009257" lon="-104.85132549202005"><ele>1597.306015625</ele></trkpt>
<trkpt lat="39.811805101273144" lon="-104.85139987568229"><ele>1597.2353587962964</ele></trkpt>
<trkpt lat="39.811704669924545" lon="-104.85145604861226"><ele>1597.174780521262</ele></trkpt>
<trkpt lat="39.81162954603908" lon="-104.8515258580535"><ele>1597.1044435871058</ele></trkpt>
<trkpt lat="39.81157674639917" lon="-104.85159401754342"><ele>1597.0676234567902</ele></trkpt>
<trkpt lat="39.81154084447872" lon="-104.85166643190949"><ele>1597.073096707819</ele></trkpt>
<trkpt lat="39.81149262345678" lon="-104.85180588696903"><ele>1597.1161659807958</ele></trkpt>
<trkpt lat="39.81141499999999" lon="-104.85205127131317"><ele>1597.199609053498</ele></trkpt>
<trkpt lat="39.8113373765432" lon="-104.85230619562972"><ele>1597.2801165980798</ele></trkpt>
<trkpt lat="39.81130979166666" lon="-104.85240416698942"><ele>1597.3025000000002</ele></trkpt>
<trkpt lat="39.81127334212106" lon="-104.852562841354"><ele>1597.3061588005833</ele></trkpt>
<trkpt lat="39.81124769975994" lon="-104.85272066536818"><ele>1597.262766632373</ele></trkpt>
<trkpt lat="39.811238834447856" lon="-104.85279910776977"><ele>1597.219309627915</ele></trkpt>
<trkpt lat="39.81123164930554" lon="-104.8529496701416"><ele>1597.0838454861112</ele></trkpt>
<trkpt lat="39.8112360474537" lon="-104.85309900170702"><ele>1596.9399218750002</ele></trkpt>
<trkpt lat="39.81125263888888" lon="-104.85326280374291"><ele>1596.8396180555558</ele></trkpt>
<trkpt lat="39.811287974537024" lon="-104.8534464263224"><ele>1596.7721209490744</ele></trkpt>
<trkpt lat="39.81135065972221" lon="-104.85365236082625"><ele>1596.7304427083336</ele></trkpt>
<trkpt lat="39.811417930277756" lon="-104.85383926521237"><ele>1596.727147638889</ele></trkpt>
<trkpt lat="39.811468532777766" lon="-104.85396282872414"><ele>1596.7786185416667</ele></trkpt>
<trkpt lat="39.8115190187037" lon="-104.85405762402686"><ele>1596.841325763889</ele></trkpt>
<trkpt lat="39.81160091555554" lon="-104.8541737537142"><ele>1596.8776814814817</ele></trkpt>
<trkpt lat="39.81176029777777" lon="-104.85438265008777"><ele>1596.9117674074075</ele></trkpt>
<trkpt lat="39.81183665777777" lon="-104.85449056131827"><ele>1596.944894814815</ele></trkpt>
<trkpt lat="39.81190052888888" lon="-104.85459569020354"><ele>1596.9988592592592</ele></trkpt>
<trkpt lat="39.81193140888888" lon="-104.85465700719462"><ele>1597.039154074074</ele></trkpt>
<trkpt lat="39.8120001437037" lon="-104.85482697442116"><ele>1597.1706044444445</ele></trkpt>
<trkpt lat="39.81207766814814" lon="-104.85504740109145"><ele>1597.342831111111</ele></trkpt>
<trkpt lat="39.812136381875" lon="-104.8552382058891"><ele>1597.443710949074</ele></trkpt>
<trkpt lat="39.812157068402776" lon="-104.85532202682218"><ele>1597.4519693287039</ele></trkpt>
<trkpt lat="39.81219009333332" lon="-104.8554903574995"><ele>1597.4097464814815</ele></trkpt>
<trkpt lat="39.812202550226324" lon="-104.85557222456947"><ele>1597.3661600960222</ele></trkpt>
<trkpt lat="39.812218315007705" lon="-104.85572511602898"><ele>1597.2374610982513</ele></trkpt>
<trkpt lat="39.81222637313528" lon="-104.85587457762885"><ele>1597.0541672025038</ele></trkpt>
<trkpt lat="39.81223107424554" lon="-104.8560823036384"><ele>1596.726194272977</ele></trkpt>
<trkpt lat="39.81223465792179" lon="-104.85640612393613"><ele>1596.1762217078192</ele></trkpt>
<trkpt lat="39.81223567301097" lon="-104.85673838391601"><ele>1595.6354226680385</ele></trkpt>
<trkpt lat="39.81223374999998" lon="-104.85686895836339"><ele>1595.458125</ele></trkpt>
<trkpt lat="39.81222275821673" lon="-104.85708766631741"><ele>1595.2844590397806</ele></trkpt>
<trkpt lat="39.812206664266114" lon="-104.85729655279071"><ele>1595.2479808299038</ele></trkpt>
<trkpt lat="39.81219937912036" lon="-104.85746468927002"><ele>1595.3325479861112</ele></trkpt>
<trkpt lat="39.812209034861105" lon="-104.85760151272565"><ele>1595.5844935416667</ele></trkpt>
<trkpt lat="39.81224400712962" lon="-104.85775137449632"><ele>1595.9636244907406</ele></trkpt>
<trkpt lat="39.81227598379628" lon="-104.85783925320794"><ele>1596.190804398148</ele></trkpt>
<trkpt lat="39.81238895273147" lon="-104.85810974555778"><ele>1596.8467306250002</ele></trkpt>
<trkpt lat="39.812430392499984" lon="-104.8582402050805"><ele>1597.068939027778</ele></trkpt>
<trkpt lat="39.812444671944434" lon="-104.85836315757463"><ele>1597.1695638425929</ele></trkpt>
<trkpt lat="39.8124328311111" lon="-104.85854623126495"><ele>1597.2125481481485</ele></trkpt>
<trkpt lat="39.812384678639454" lon="-104.85896077689833"><ele>1597.2411094914157</ele></trkpt>
<trkpt lat="39.81237594231292" lon="-104.85906400212585"><ele>1597.251921282799</ele></trkpt>
<trkpt lat="39.812371938775506" lon="-104.85921300290937"><ele>1597.3138483965013</ele></trkpt>
<trkpt lat="39.81237627524025" lon="-104.859917906238"><ele>1597.8198801425333</ele></trkpt>
<trkpt lat="39.81237740524781" lon="-104.86020596209205"><ele>1598.0227988338193</ele></trkpt>
<trkpt lat="39.81237518774647" lon="-104.86040587298812"><ele>1598.1400245891375</ele></trkpt>
<trkpt lat="39.812361864001716" lon="-104.86078449742183"><ele>1598.2700503746896</ele></trkpt>
<trkpt lat="39.81235017944444" lon="-104.86101942148353"><ele>1598.2202777083332</ele></trkpt>
<trkpt lat="39.81234604104252" lon="-104.86116468617585"><ele>1598.1579116872429</ele></trkpt>
<trkpt lat="39.81235305812756" lon="-104.86129775749602"><ele>1598.1237509645064</ele></trkpt>
<trkpt lat="39.81237470936213" lon="-104.86143970276702"><ele>1598.0612895447534</ele></trkpt>
<trkpt lat="39.81240398148147" lon="-104.86158382078601"><ele>1597.9510696373459</ele></trkpt>
<trkpt lat="39.812421638374474" lon="-104.86170968330882"><ele>1597.8766329089508</ele></trkpt>
<trkpt lat="39.812421053717415" lon="-104.86183623803377"><ele>1597.8941946502057</ele></trkpt>
<trkpt lat="39.81239842129629" lon="-104.86210054160021"><ele>1598.1154304398149</ele></trkpt>
<trkpt lat="39.812394468703694" lon="-104.86219600983577"><ele>1598.2330265046298</ele></trkpt>
<trkpt lat="39.81239628592592" lon="-104.86229698807847"><ele>1598.3862696296296</ele></trkpt>
<trkpt lat="39.81240382962962" lon="-104.86241026949997"><ele>1598.5836325925925</ele></trkpt>
<trkpt lat="39.812425545185185" lon="-104.86265722950326"><ele>1599.0329259259258</ele></trkpt>
<trkpt lat="39.812432108148144" lon="-104.86276658808515"><ele>1599.2092029629632</ele></trkpt>
<trkpt lat="39.812432264971676" lon="-104.86285851471948"><ele>1599.3208495151714</ele></trkpt>
<trkpt lat="39.81242624167257" lon="-104.8629379422638"><ele>1599.3730363675631</ele></trkpt>
<trkpt lat="39.81240746100198" lon="-104.86307840742951"><ele>1599.3564916056584</ele></trkpt>
<trkpt lat="39.81240308344424" lon="-104.86321985382597"><ele>1599.176311953353</ele></trkpt>
<trkpt lat="39.81241217270365" lon="-104.86331136945036"><ele>1598.980116618076</ele></trkpt>
<trkpt lat="39.81243014859864" lon="-104.8634306497482"><ele>1598.6849497894398</ele></trkpt>
<trkpt lat="39.81248837974574" lon="-104.86375239777932"><ele>1597.8291836734695</ele></trkpt>
<trkpt lat="39.812581527672215" lon="-104.86423979247357"><ele>1596.5659037900875</ele></trkpt>
<trkpt lat="39.81263681700943" lon="-104.86452781925999"><ele>1595.9534893639998</ele></trkpt>
<trkpt lat="39.812762774664925" lon="-104.86518730289504"><ele>1594.7837128819783</ele></trkpt>
<trkpt lat="39.812799745251816" lon="-104.86539116571561"><ele>1594.4663702623907</ele></trkpt>
<trkpt lat="39.81282552527879" lon="-104.86557784304316"><ele>1594.3113985817545</ele></trkpt>
<trkpt lat="39.81283562470502" lon="-104.86571153727517"><ele>1594.3089573378957</ele></trkpt>
<trkpt lat="39.81284164062499" lon="-104.86595349825353"><ele>1594.394013310185</ele></trkpt>
<trkpt lat="39.81284902488425" lon="-104.86611203700711"><ele>1594.3097627314814</ele></trkpt>
<trkpt lat="39.81286249432013" lon="-104.86633468020507"><ele>1593.976270361797</ele></trkpt>
<trkpt lat="39.81285922485853" lon="-104.86655613168891"><ele>1593.7695008144722</ele></trkpt>
<trkpt lat="39.81286890946502" lon="-104.86671304522787"><ele>1593.6943004115226</ele></trkpt>
<trkpt lat="39.81289911522633" lon="-104.86686156371171"><ele>1593.642009602195</ele></trkpt>
<trkpt lat="39.81295268653272" lon="-104.86703897686508"><ele>1593.5810312757203</ele></trkpt>
<trkpt lat="39.81296603462669" lon="-104.8671183069803"><ele>1593.5662345679013</ele></trkpt>
<trkpt lat="39.81296919886663" lon="-104.86724226512908"><ele>1593.5436888888892</ele></trkpt>
<trkpt lat="39.81297016425192" lon="-104.86800875683548"><ele>1593.472088888889</ele></trkpt>
<trkpt lat="39.812972963596565" lon="-104.86828342802275"><ele>1593.513222222222</ele></trkpt>
<trkpt lat="39.81297801516292" lon="-104.86840498507138"><ele>1593.5196444444446</ele></trkpt>
<trkpt lat="39.81298773708035" lon="-104.86851179537926"><ele>1593.5046223379632</ele></trkpt>
<trkpt lat="39.81300291730416" lon="-104.8686116982209"><ele>1593.4652123842595</ele></trkpt>
<trkpt lat="39.813062606666946" lon="-104.86890222950551"><ele>1593.2180970370373</ele></trkpt>
<trkpt lat="39.813092721319435" lon="-104.8690676031184"><ele>1592.9542453472225</ele></trkpt>
<trkpt lat="39.81311271280092" lon="-104.86921901740178"><ele>1592.6775760879632</ele></trkpt>
<trkpt lat="39.813124903703695" lon="-104.86939766217651"><ele>1592.408137777778</ele></trkpt>
<trkpt lat="39.81313290814814" lon="-104.86960952441152"><ele>1592.1306177777778</ele></trkpt>
<trkpt lat="39.8131348236111" lon="-104.86977502655023"><ele>1591.948923564815</ele></trkpt>
<trkpt lat="39.81312786249999" lon="-104.86989563009791"><ele>1591.8847348611112</ele></trkpt>
<trkpt lat="39.81310799027777" lon="-104.87002877247821"><ele>1591.8978935879632</ele></trkpt>
<trkpt lat="39.81304920138888" lon="-104.87029782131904"><ele>1592.0383622685185</ele></trkpt>
<trkpt lat="39.813019782235926" lon="-104.87045609830456"><ele>1592.104676783265</ele></trkpt>
<trkpt lat="39.81300963863168" lon="-104.87058931252722"><ele>1592.1241680598425</ele></trkpt>
<trkpt lat="39.81301890946501" lon="-104.87071343618348"><ele>1592.1419547325104</ele></trkpt>
<trkpt lat="39.81304971879285" lon="-104.8708305417747"><ele>1592.168936899863</ele></trkpt>
<trkpt lat="39.8130983127572" lon="-104.87093877907938"><ele>1592.1904115226337</ele></trkpt>
<trkpt lat="39.813126440329206" lon="-104.87098371050043"><ele>1592.1916666666668</ele></trkpt>
<trkpt lat="39.81318731813699" lon="-104.87105405280258"><ele>1592.1698845807612</ele></trkpt>
<trkpt lat="39.81325300572272" lon="-104.87110992472003"><ele>1592.122677790638</ele></trkpt>
<trkpt lat="39.81332615237053" lon="-104.87114777581908"><ele>1592.0428351123116</ele></trkpt>
<trkpt lat="39.81337044270831" lon="-104.8711579803038"><ele>1591.9821730324074</ele></trkpt>
<trkpt lat="39.81350457175925" lon="-104.87117608216312"><ele>1591.7895515046296</ele></trkpt>
<trkpt lat="39.813553350694434" lon="-104.8712019270566"><ele>1591.7496788194444</ele></trkpt>
<trkpt lat="39.813571096643514" lon="-104.8712297048049"><ele>1591.7659403935186</ele></trkpt>
<trkpt lat="39.81361365162036" lon="-104.87134766186817"><ele>1591.9003211805557</ele></trkpt>
<trkpt lat="39.81366695891203" lon="-104.87152477991954"><ele>1592.170121527778</ele></trkpt>
<trkpt lat="39.8137131824417" lon="-104.87165360846849"><ele>1592.5556850137175</ele></trkpt>
<trkpt lat="39.81373659657921" lon="-104.8716919752597"><ele>1592.7910130529835</ele></trkpt>
<trkpt lat="39.81380797860938" lon="-104.87174683378959"><ele>1593.2242186428327</ele></trkpt>
<trkpt lat="39.81397553497941" lon="-104.87182758563313"><ele>1593.5889643347052</ele></trkpt>
<trkpt lat="39.81408523319616" lon="-104.87190174200363"><ele>1593.8043484224968</ele></trkpt>
<trkpt lat="39.814177654320986" lon="-104.87198734557887"><ele>1594.117427983539</ele></trkpt>
<trkpt lat="39.814256893004114" lon="-104.87208673514499"><ele>1594.4704663923183</ele></trkpt>
<trkpt lat="39.81432904663922" lon="-104.87220792169025"><ele>1594.77622085048</ele></trkpt>
<trkpt lat="39.81439226337448" lon="-104.87235312745476"><ele>1595.025061728395</ele></trkpt>
<trkpt lat="39.814439398358004" lon="-104.8725111923754"><ele>1595.1617734979425</ele></trkpt>
<trkpt lat="39.814464688414745" lon="-104.8726634474441"><ele>1595.1282971193416</ele></trkpt>
<trkpt lat="39.81446976636733" lon="-104.87284357492662"><ele>1594.8544059259261</ele></trkpt>
<trkpt lat="39.814459325681426" lon="-104.87311676473564"><ele>1594.2487377777777</ele></trkpt>
<trkpt lat="39.814443812243375" lon="-104.87342197518933"><ele>1593.4458725925927</ele></trkpt>
<trkpt lat="39.81441230895155" lon="-104.8740186068837"><ele>1591.2279777777778</ele></trkpt>
<trkpt lat="39.81439957397398" lon="-104.87423115664483"><ele>1590.4324423593964</ele></trkpt>
<trkpt lat="39.814387290226996" lon="-104.87435845789297"><ele>1590.1342811522632</ele></trkpt>
<trkpt lat="39.81436466540502" lon="-104.87448241643622"><ele>1590.006905733882</ele></trkpt>
<trkpt lat="39.81432590534978" lon="-104.87462363520706"><ele>1589.920768175583</ele></trkpt>
<trkpt lat="39.814272263374484" lon="-104.87477000011907"><ele>1589.8982921810698</ele></trkpt>
<trkpt lat="39.81420329218107" lon="-104.87491606324826"><ele>1589.9513717421128</ele></trkpt>
<trkpt lat="39.81412191259259" lon="-104.87505268299667"><ele>1590.0892568449933</ele></trkpt>
<trkpt lat="39.81404118238682" lon="-104.87515910382025"><ele>1590.3225578600825</ele></trkpt>
<trkpt lat="39.813960569931396" lon="-104.87523955822141"><ele>1590.6528022496573</ele></trkpt>
<trkpt lat="39.81384218962962" lon="-104.87533542561027"><ele>1591.2172740740743</ele></trkpt>
<trkpt lat="39.81362718814814" lon="-104.87550036620668"><ele>1592.2872103703705</ele></trkpt>
<trkpt lat="39.81355111018518" lon="-104.87556338062896"><ele>1592.6978814814815</ele></trkpt>
<trkpt lat="39.81351289243484" lon="-104.87561405209793"><ele>1592.950531138546</ele></trkpt>
<trkpt lat="39.81349815929354" lon="-104.87567546038929"><ele>1593.0909396433474</ele></trkpt>
<trkpt lat="39.81350030864197" lon="-104.8758071742337"><ele>1593.11268175583</ele></trkpt>
<trkpt lat="39.8134907201646" lon="-104.87586607687335"><ele>1593.0846021947875</ele></trkpt>
<trkpt lat="39.813444419903114" lon="-104.87604953524462"><ele>1592.973519590192</ele></trkpt>
<trkpt lat="39.81344566529491" lon="-104.87614982848321"><ele>1592.9479612482855</ele></trkpt>
<trkpt lat="39.813481256111096" lon="-104.87627582112356"><ele>1592.9311814814816</ele></trkpt>
<trkpt lat="39.81354062534721" lon="-104.87643903113026"><ele>1592.8906918981481</ele></trkpt>
<trkpt lat="39.813607405925914" lon="-104.8766020974724"><ele>1592.7824533333335</ele></trkpt>
<trkpt lat="39.813730065185176" lon="-104.87687715520975"><ele>1592.4554666666668</ele></trkpt>
<trkpt lat="39.81378767835647" lon="-104.87703377163709"><ele>1592.3011761805558</ele></trkpt>
<trkpt lat="39.813813291319434" lon="-104.87716829988237"><ele>1592.248642291667</ele></trkpt>
<trkpt lat="39.81382250590277" lon="-104.87729108276811"><ele>1592.1887232870372</ele></trkpt>
<trkpt lat="39.813817690972215" lon="-104.8773918142595"><ele>1592.042855902778</ele></trkpt>
<trkpt lat="39.81379651909722" lon="-104.87750592312842"><ele>1591.881712962963</ele></trkpt>
<trkpt lat="39.81373165219906" lon="-104.87776914367659"><ele>1591.7159664351852</ele></trkpt>
<trkpt lat="39.81369749999999" lon="-104.8779572194084"><ele>1591.535402199074</ele></trkpt>
<trkpt lat="39.81368348958332" lon="-104.87814339121466"><ele>1591.2858188657408</ele></trkpt>
<trkpt lat="39.813685020254624" lon="-104.87823744498596"><ele>1591.183347800926</ele></trkpt>
<trkpt lat="39.813693260995365" lon="-104.87833426785372"><ele>1591.1114930555555</ele></trkpt>
<trkpt lat="39.81372467592592" lon="-104.87853084767525"><ele>1591.0369704861112</ele></trkpt>
<trkpt lat="39.81376643518517" lon="-104.87870237255798"><ele>1591.0161863425926</ele></trkpt>
<trkpt lat="39.8138129542824" lon="-104.87885701665955"><ele>1591.0345717592595</ele></trkpt>
<trkpt lat="39.81385168638544" lon="-104.87902113757976"><ele>1591.0955864197533</ele></trkpt>
<trkpt lat="39.81387890860768" lon="-104.87919611059233"><ele>1591.1864756944444</ele></trkpt>
<trkpt lat="39.813894791666655" lon="-104.87937937494455"><ele>1591.2777083333333</ele></trkpt>
<trkpt lat="39.813899234396416" lon="-104.87949607848569"><ele>1591.329465877915</ele></trkpt>
<trkpt lat="39.81390880058297" lon="-104.87996906287329"><ele>1591.5022728052127</ele></trkpt>
<trkpt lat="39.813914018347035" lon="-104.88011299204052"><ele>1591.5185090877917</ele></trkpt>
<trkpt lat="39.81392249999998" lon="-104.88022854156603"><ele>1591.4808333333335</ele></trkpt>
<trkpt lat="39.81393578515801" lon="-104.88032181103293"><ele>1591.3749677640606</ele></trkpt>
<trkpt lat="39.813954428096345" lon="-104.88040454895756"><ele>1591.2008194787381</ele></trkpt>
<trkpt lat="39.814000579754115" lon="-104.8805686760389"><ele>1590.7495268861455</ele></trkpt>
<trkpt lat="39.814021745802805" lon="-104.88065657271152"><ele>1590.551634430727</ele></trkpt>
<trkpt lat="39.81403924477542" lon="-104.88075550794069"><ele>1590.4052933333335</ele></trkpt>
<trkpt lat="39.81406686759421" lon="-104.88100236413375"><ele>1590.2290533333335</ele></trkpt>
<trkpt lat="39.814089734737784" lon="-104.88126697444629"><ele>1590.083248888889</ele></trkpt>
<trkpt lat="39.81414737378634" lon="-104.88196952404351"><ele>1589.3227478189303</ele></trkpt>
<trkpt lat="39.814154104624976" lon="-104.88208660788888"><ele>1589.2221664197532</ele></trkpt>
<trkpt lat="39.81414804526748" lon="-104.88224343623034"><ele>1589.0310905349795</ele></trkpt>
<trkpt lat="39.814130425240045" lon="-104.88234168041252"><ele>1588.865253772291</ele></trkpt>
<trkpt lat="39.814100185185175" lon="-104.88243033611653"><ele>1588.716021947874</ele></trkpt>
<trkpt lat="39.81407810699587" lon="-104.8824689438048"><ele>1588.6361591220852</ele></trkpt>
<trkpt lat="39.814015331358014" lon="-104.88253790514707"><ele>1588.4686401646093</ele></trkpt>
<trkpt lat="39.81388864554183" lon="-104.88264468246109"><ele>1588.3059506172842</ele></trkpt>
<trkpt lat="39.81384573931412" lon="-104.88269087102898"><ele>1588.2859545679014</ele></trkpt>
<trkpt lat="39.81374552888888" lon="-104.8828367605482"><ele>1588.2896118518522</ele></trkpt>
<trkpt lat="39.81362915999999" lon="-104.88303417831054"><ele>1588.3225762962963</ele></trkpt>
<trkpt lat="39.81355130722221" lon="-104.88318420662974"><ele>1588.3370086342595</ele></trkpt>
<trkpt lat="39.813532697222215" lon="-104.88323454754017"><ele>1588.3305660879632</ele></trkpt>
<trkpt lat="39.813517587777774" lon="-104.88332495204666"><ele>1588.3041001851852</ele></trkpt>
<trkpt lat="39.81351715277776" lon="-104.88344795715825"><ele>1588.2880729166668</ele></trkpt>
<trkpt lat="39.8135228472222" lon="-104.88360448493644"><ele>1588.294748263889</ele></trkpt>
<trkpt lat="39.813522369791656" lon="-104.88373842014917"><ele>1588.3315104166668</ele></trkpt>
<trkpt lat="39.81350847222221" lon="-104.88385157991696"><ele>1588.4297743055558</ele></trkpt>
<trkpt lat="39.81347189407406" lon="-104.88398320071148"><ele>1588.6653075925929</ele></trkpt>
<trkpt lat="39.81340901956018" lon="-104.88413392731864"><ele>1589.0095127314817</ele></trkpt>
<trkpt lat="39.813366176828694" lon="-104.88420276265245"><ele>1589.1690133796299</ele></trkpt>
<trkpt lat="39.813309641481474" lon="-104.88426637816833"><ele>1589.3107422222224</ele></trkpt>
<trkpt lat="39.813235998518515" lon="-104.88432918716711"><ele>1589.4440266666668</ele></trkpt>
<trkpt lat="39.813149831111105" lon="-104.8843924672086"><ele>1589.5741733333334</ele></trkpt>
<trkpt lat="39.81298875259259" lon="-104.88449953365647"><ele>1589.7938533333336</ele></trkpt>
<trkpt lat="39.81287175518534" lon="-104.88456852960812"><ele>1589.9395610534043</ele></trkpt>
<trkpt lat="39.81283938739625" lon="-104.88459541163229"><ele>1589.9831155834772</ele></trkpt>
<trkpt lat="39.81281413223556" lon="-104.8846330582406"><ele>1590.0266701135502</ele></trkpt>
<trkpt lat="39.81279802805114" lon="-104.88467843097274"><ele>1590.0702246436229</ele></trkpt>
<trkpt lat="39.812785659467366" lon="-104.88475204877963"><ele>1590.1219807103682</ele></trkpt>
<trkpt lat="39.81276877696097" lon="-104.88479746287122"><ele>1590.1565923791886</ele></trkpt>
<trkpt lat="39.81271600573073" lon="-104.88487066724959"><ele>1590.225815716829</ele></trkpt>
<trkpt lat="39.81253239583332" lon="-104.88503957774687"><ele>1590.426605902778</ele></trkpt>
<trkpt lat="39.812442309027766" lon="-104.88513549492234"><ele>1590.4660416666666</ele></trkpt>
<trkpt lat="39.812368567708326" lon="-104.88523495963145"><ele>1590.4773755787037</ele></trkpt>
<trkpt lat="39.81233243634257" lon="-104.8852927229632"><ele>1590.4849247685186</ele></trkpt>
<trkpt lat="39.81226183738425" lon="-104.88542155108108"><ele>1590.5008015046299</ele></trkpt>
<trkpt lat="39.812208852880644" lon="-104.88554494779156"><ele>1590.4951663237314</ele></trkpt>
<trkpt lat="39.81218485789607" lon="-104.88565839382647"><ele>1590.445812542867</ele></trkpt>
<trkpt lat="39.81219119148662" lon="-104.88571632679798"><ele>1590.3872378686558</ele></trkpt>
<trkpt lat="39.81221770833332" lon="-104.88578416607763"><ele>1590.284375</ele></trkpt>
<trkpt lat="39.81226961076817" lon="-104.88587135356606"><ele>1590.1202220507546</ele></trkpt>
<trkpt lat="39.81234683727708" lon="-104.88598233738242"><ele>1589.8914626200276</ele></trkpt>
<trkpt lat="39.81261689471878" lon="-104.88634678563386"><ele>1589.12303069273</ele></trkpt>
<trkpt lat="39.812717521433456" lon="-104.8864960421835"><ele>1588.8668432784639</ele></trkpt>
<trkpt lat="39.812766314300404" lon="-104.88660294229216"><ele>1588.7895113168727</ele></trkpt>
<trkpt lat="39.81279681412894" lon="-104.88671461758746"><ele>1588.7315020576132</ele></trkpt>
<trkpt lat="39.81281146090534" lon="-104.88682331275498"><ele>1588.6390877914953</ele></trkpt>
<trkpt lat="39.81281270833333" lon="-104.8869679167358"><ele>1588.5345833333333</ele></trkpt>
<trkpt lat="39.81280279749656" lon="-104.88724523766336"><ele>1588.3849828532236</ele></trkpt>
<trkpt lat="39.81278684070644" lon="-104.88762435032221"><ele>1588.1997205075447</ele></trkpt>
<trkpt lat="39.81277520833333" lon="-104.8879472917484"><ele>1588.0725000000002</ele></trkpt>
<trkpt lat="39.8127708573388" lon="-104.8882500720338"><ele>1588.0353360768179</ele></trkpt>
<trkpt lat="39.81277" lon="-104.88870000000004"><ele>1588.0500000000002</ele></trkpt>
</trkseg>
</trk></gpx>
