<?xml version='1.0' encoding='UTF-8'?>
<gpx version="1.1"
  creator="GPXmagic"
  xmlns="http://www.topografix.com/GPX/1/1"
  xmlns:rgt="http://www.rgtcycling.com/XML/GpxExtensions/v1"
  xmlns:xsi="http://www.w3.org/2001/XMLSchema-instance" xsi:schemaLocation="http://www.topografix.com/GPX/1/1
  http://www.topografix.com/GPX/1/1/gpx.xsd">
  <metadata>
    <name>Smoothed with GPXmagic</name>
    <author>
      <link href="https://www.stepwiserefinement.co.uk">
        <text>GPXmagic v3</text>
        <type>text/html</type>
      </link>
    </author>
  </metadata>
<trk>  <name>Big&#32;Sugar&#32;-&#32;SoGS</name>
<trkseg>
<trkpt lat="36.65338" lon="-94.18389000000002"><ele>310.8</ele></trkpt>
<trkpt lat="36.653463737997264" lon="-94.18385065850828"><ele>309.95589849108364</ele></trkpt>
<trkpt lat="36.65353513031551" lon="-94.1838098354828"><ele>309.33834019204386</ele></trkpt>
<trkpt lat="36.65359065843622" lon="-94.18376623466219"><ele>309.02325102880656</ele></trkpt>
<trkpt lat="36.65363565843623" lon="-94.18371889584314"><ele>308.933196159122</ele></trkpt>
<trkpt lat="36.65367565843622" lon="-94.18366791504911"><ele>308.971536351166</ele></trkpt>
<trkpt lat="36.653713436214" lon="-94.18361421820221"><ele>309.07345679012343</ele></trkpt>
<trkpt lat="36.653748746034815" lon="-94.18355974856775"><ele>309.2084522890947</ele></trkpt>
<trkpt lat="36.653781149798526" lon="-94.18350610165429"><ele>309.3509998713992</ele></trkpt>
<trkpt lat="36.65380963766718" lon="-94.18345426415284"><ele>309.487644675926</ele></trkpt>
<trkpt lat="36.65383344478738" lon="-94.18340203452726"><ele>309.6236882716049</ele></trkpt>
<trkpt lat="36.653852183427645" lon="-94.1833449418648"><ele>309.77369791666666</ele></trkpt>
<trkpt lat="36.65386633680556" lon="-94.18327801220325"><ele>309.95141782407404</ele></trkpt>
<trkpt lat="36.653875546875" lon="-94.18320104169669"><ele>310.1532986111111</ele></trkpt>
<trkpt lat="36.65387717881946" lon="-94.18311733504649"><ele>310.36079282407405</ele></trkpt>
<trkpt lat="36.65386701099538" lon="-94.18302947905646"><ele>310.5551215277778</ele></trkpt>
<trkpt lat="36.65384258101852" lon="-94.18293686611517"><ele>310.73096064814814</ele></trkpt>
<trkpt lat="36.65380637152778" lon="-94.18283999973768"><ele>310.8917534722222</ele></trkpt>
<trkpt lat="36.65376398726852" lon="-94.18274313341034"><ele>311.0385127314815</ele></trkpt>
<trkpt lat="36.65372048632545" lon="-94.18265145154255"><ele>311.1687017746913</ele></trkpt>
<trkpt lat="36.65367775120028" lon="-94.1825662849066"><ele>311.2821759259259</ele></trkpt>
<trkpt lat="36.6536367656893" lon="-94.18248695352298"><ele>311.3809606481482</ele></trkpt>
<trkpt lat="36.653598434070645" lon="-94.1824117218162"><ele>311.46703317901233</ele></trkpt>
<trkpt lat="36.65356323516805" lon="-94.18233738899644"><ele>311.5416087962963</ele></trkpt>
<trkpt lat="36.65352854166667" lon="-94.1822547912572"><ele>311.6104166666667</ele></trkpt>
<trkpt lat="36.65349016289438" lon="-94.1821527514737"><ele>311.68171296296305</ele></trkpt>
<trkpt lat="36.65344522548011" lon="-94.18202541848154"><ele>311.76126543209887</ele></trkpt>
<trkpt lat="36.65339548868313" lon="-94.1818802923824"><ele>311.8456018518519</ele></trkpt>
<trkpt lat="36.653346583504806" lon="-94.18173566540986"><ele>311.9224537037037</ele></trkpt>
<trkpt lat="36.65330448388204" lon="-94.18161003545833"><ele>311.97646604938274</ele></trkpt>
<trkpt lat="36.65327187500001" lon="-94.18151145798421"><ele>311.99583333333334</ele></trkpt>
<trkpt lat="36.65324716906723" lon="-94.18143485940396"><ele>311.97510609567905</ele></trkpt>
<trkpt lat="36.65322704646776" lon="-94.18136963614367"><ele>311.9175250771605</ele></trkpt>
<trkpt lat="36.65320909979424" lon="-94.18130692827654"><ele>311.83637152777777</ele></trkpt>
<trkpt lat="36.65319355881345" lon="-94.18124377393855"><ele>311.75663580246913</ele></trkpt>
<trkpt lat="36.653181780371234" lon="-94.18117921720814"><ele>311.70333719135806</ele></trkpt>
<trkpt lat="36.65317485243056" lon="-94.1811130323885"><ele>311.6907986111111</ele></trkpt>
<trkpt lat="36.653172473958335" lon="-94.18104532986"><ele>311.71484375000006</ele></trkpt>
<trkpt lat="36.65317430555555" lon="-94.18097818867265"><ele>311.7641493055556</ele></trkpt>
<trkpt lat="36.653180739883396" lon="-94.18091235836009"><ele>311.8308566958162</ele></trkpt>
<trkpt lat="36.653192714334715" lon="-94.18084630235622"><ele>311.9115397805212</ele></trkpt>
<trkpt lat="36.6532110304141" lon="-94.1807772428792"><ele>311.9965342078189</ele></trkpt>
<trkpt lat="36.65323545921212" lon="-94.18070653666307"><ele>312.0640453532236</ele></trkpt>
<trkpt lat="36.65326543970765" lon="-94.18063765335698"><ele>312.0912787208505</ele></trkpt>
<trkpt lat="36.65329958590536" lon="-94.18057527467619"><ele>312.06509773662555</ele></trkpt>
<trkpt lat="36.65333828875172" lon="-94.18052008671536"><ele>311.9782750342936</ele></trkpt>
<trkpt lat="36.65338284636489" lon="-94.18047113955097"><ele>311.82475137174214</ele></trkpt>
<trkpt lat="36.65343512002743" lon="-94.18042540998741"><ele>311.6041752400549</ele></trkpt>
<trkpt lat="36.65349284207819" lon="-94.18038217162776"><ele>311.344341563786</ele></trkpt>
<trkpt lat="36.65355216478052" lon="-94.18034178540869"><ele>311.09105795610424</ele></trkpt>
<trkpt lat="36.6536108084705" lon="-94.18030480969652"><ele>310.88962620027434</ele></trkpt>
<trkpt lat="36.65367333333333" lon="-94.18026854197726"><ele>310.75625</ele></trkpt>
<trkpt lat="36.653747435699586" lon="-94.18022860296772"><ele>310.6851423182442</ele></trkpt>
<trkpt lat="36.65383808899177" lon="-94.18018182754321"><ele>310.6593278463649</ele></trkpt>
<trkpt lat="36.65394161265433" lon="-94.18012951193364"><ele>310.66514917695474</ele></trkpt>
<trkpt lat="36.65404788065844" lon="-94.18007636461645"><ele>310.69675068587105</ele></trkpt>
<trkpt lat="36.654147898662565" lon="-94.1800267512059"><ele>310.7589077503429</ele></trkpt>
<trkpt lat="36.65424104166667" lon="-94.17998104214963"><ele>310.8666666666667</ele></trkpt>
<trkpt lat="36.654334578189314" lon="-94.17993571639333"><ele>311.0365054869684</ele></trkpt>
<trkpt lat="36.65443573816872" lon="-94.17988714221525"><ele>311.27254801097394</ele></trkpt>
<trkpt lat="36.6545438271605" lon="-94.17983534268843"><ele>311.5548868312757</ele></trkpt>
<trkpt lat="36.654649920267495" lon="-94.1797841252123"><ele>311.8455418381344</ele></trkpt>
<trkpt lat="36.65474426954733" lon="-94.17973753731181"><ele>312.1099622770919</ele></trkpt>
<trkpt lat="36.65482395833334" lon="-94.17969625034931"><ele>312.3374999999999</ele></trkpt>
<trkpt lat="36.654893990912214" lon="-94.17965726282166"><ele>312.54223251028804</ele></trkpt>
<trkpt lat="36.654961608367636" lon="-94.17961690959886"><ele>312.74619341563783</ele></trkpt>
<trkpt lat="36.65503053755145" lon="-94.17957377861617"><ele>312.9646604938271</ele></trkpt>
<trkpt lat="36.65510038151578" lon="-94.179528568601"><ele>313.2080761316872</ele></trkpt>
<trkpt lat="36.655171120541844" lon="-94.17948112098172"><ele>313.497170781893</ele></trkpt>
<trkpt lat="36.6552475" lon="-94.17942770895576"><ele>313.875</ele></trkpt>
<trkpt lat="36.6553377717764" lon="-94.17936231743087"><ele>314.39211248285324</ele></trkpt>
<trkpt lat="36.655446878429345" lon="-94.17928166355716"><ele>315.06848422496574</ele></trkpt>
<trkpt lat="36.655569657921816" lon="-94.17919009902955"><ele>315.85781893004116</ele></trkpt>
<trkpt lat="36.65579897548012" lon="-94.17901861370838"><ele>317.38223593964335</ele></trkpt>
<trkpt lat="36.65588520833333" lon="-94.17895437558853"><ele>317.9916666666667</ele></trkpt>
<trkpt lat="36.65595522365569" lon="-94.17890261617084"><ele>318.52702112482854</ele></trkpt>
<trkpt lat="36.65601784200274" lon="-94.17885690259745"><ele>319.04401015089155</ele></trkpt>
<trkpt lat="36.656079896522634" lon="-94.17881254427213"><ele>319.56298189300406</ele></trkpt>
<trkpt lat="36.656144065397804" lon="-94.17876850941626"><ele>320.0461508916323</ele></trkpt>
<trkpt lat="36.656213466865566" lon="-94.17872421237604"><ele>320.4369470507544</ele></trkpt>
<trkpt lat="36.65629328888889" lon="-94.17867763593951"><ele>320.70157037037035</ele></trkpt>
<trkpt lat="36.65638763555557" lon="-94.17862593381697"><ele>320.85665185185184</ele></trkpt>
<trkpt lat="36.656491200000005" lon="-94.17856949385195"><ele>320.95084444444444</ele></trkpt>
<trkpt lat="36.65658829777779" lon="-94.17851219154792"><ele>321.04647407407407</ele></trkpt>
<trkpt lat="36.656660577777785" lon="-94.17845754693427"><ele>321.20645925925925</ele></trkpt>
<trkpt lat="36.65669780000001" lon="-94.17840497489975"><ele>321.48428148148145</ele></trkpt>
<trkpt lat="36.65670203555556" lon="-94.17835092290744"><ele>321.9036740740741</ele></trkpt>
<trkpt lat="36.65668366666667" lon="-94.17829356431015"><ele>322.4413777777778</ele></trkpt>
<trkpt lat="36.656654520000004" lon="-94.17823376279644"><ele>323.0494962962963</ele></trkpt>
<trkpt lat="36.65662197777779" lon="-94.17817137462494"><ele>323.7091703703704</ele></trkpt>
<trkpt lat="36.656587941639245" lon="-94.17810313390295"><ele>324.44777825788753</ele></trkpt>
<trkpt lat="36.65655140346366" lon="-94.1780252574282"><ele>325.30202503429354</ele></trkpt>
<trkpt lat="36.65651292528807" lon="-94.17793961208659"><ele>326.2450644032922</ele></trkpt>
<trkpt lat="36.65647513673526" lon="-94.17785216684334"><ele>327.2018293552812</ele></trkpt>
<trkpt lat="36.656440653984916" lon="-94.17776747827581"><ele>328.1103585048011</ele></trkpt>
<trkpt lat="36.65640895833334" lon="-94.17768187467411"><ele>328.9979166666667</ele></trkpt>
<trkpt lat="36.65637713305898" lon="-94.17758637134635"><ele>329.9527692043896</ele></trkpt>
<trkpt lat="36.65634246827847" lon="-94.1774743247945"><ele>331.0455075445816</ele></trkpt>
<trkpt lat="36.65630519547325" lon="-94.17734902211495"><ele>332.24951131687243</ele></trkpt>
<trkpt lat="36.6562682553155" lon="-94.17722205627224"><ele>333.4526834705075</ele></trkpt>
<trkpt lat="36.65623472565157" lon="-94.17710433429971"><ele>334.54258401920436</ele></trkpt>
<trkpt lat="36.65620520833333" lon="-94.17699729132194"><ele>335.4916666666667</ele></trkpt>
<trkpt lat="36.65617743196846" lon="-94.17689213428064"><ele>336.3699895747599</ele></trkpt>
<trkpt lat="36.65614868899863" lon="-94.17677917640405"><ele>337.2697989026063</ele></trkpt>
<trkpt lat="36.65611827034979" lon="-94.17665685792761"><ele>338.2340353909465</ele></trkpt>
<trkpt lat="36.656088339060354" lon="-94.17653462193569"><ele>339.2362112482853</ele></trkpt>
<trkpt lat="36.65606149740055" lon="-94.17642291338389"><ele>340.25818710562413</ele></trkpt>
<trkpt lat="36.65603863416666" lon="-94.17632462926629"><ele>341.3430157407408</ele></trkpt>
<trkpt lat="36.65601840694444" lon="-94.17623344152453"><ele>342.56788425925924</ele></trkpt>
<trkpt lat="36.65599941416667" lon="-94.176142494875"><ele>343.94656388888893</ele></trkpt>
<trkpt lat="36.65598164666667" lon="-94.17604933211321"><ele>345.3968814814815</ele></trkpt>
<trkpt lat="36.65596585662038" lon="-94.1759534087505"><ele>346.8309914351852</ele></trkpt>
<trkpt lat="36.655952320601855" lon="-94.17585398718816"><ele>348.21102430555555</ele></trkpt>
<trkpt lat="36.65594032986112" lon="-94.17575230895477"><ele>349.52578124999997</ele></trkpt>
<trkpt lat="36.655928900462975" lon="-94.17565456011828"><ele>350.71423611111106</ele></trkpt>
<trkpt lat="36.65591682313101" lon="-94.1755663210962"><ele>351.7099322702332</ele></trkpt>
<trkpt lat="36.65590286694101" lon="-94.17548779657403"><ele>352.5023491083676</ele></trkpt>
<trkpt lat="36.65588560249486" lon="-94.17541334418947"><ele>353.15922389403295</ele></trkpt>
<trkpt lat="36.65586411029664" lon="-94.175338743266"><ele>353.74938807441697</ele></trkpt>
<trkpt lat="36.65583784186386" lon="-94.17526262228017"><ele>354.3273994770233</ele></trkpt>
<trkpt lat="36.655806872427995" lon="-94.17518695461439"><ele>354.9555555555556</ele></trkpt>
<trkpt lat="36.65577212962963" lon="-94.17511451376406"><ele>355.7094393004116</ele></trkpt>
<trkpt lat="36.65573507201647" lon="-94.17504825347415"><ele>356.63284465020575</ele></trkpt>
<trkpt lat="36.65569819958847" lon="-94.1749908820727"><ele>357.65285493827156</ele></trkpt>
<trkpt lat="36.655662256515775" lon="-94.17494180712214"><ele>358.65823045267484</ele></trkpt>
<trkpt lat="36.65562569615912" lon="-94.17489793274719"><ele>359.5628343621399</ele></trkpt>
<trkpt lat="36.655582499999994" lon="-94.1748518746666"><ele>360.41874999999993</ele></trkpt>
<trkpt lat="36.65552617798354" lon="-94.1747965169761"><ele>361.330787037037</ele></trkpt>
<trkpt lat="36.65545372942387" lon="-94.17472802657709"><ele>362.38040123456784</ele></trkpt>
<trkpt lat="36.655287355967076" lon="-94.17457305744853"><ele>364.6381944444444</ele></trkpt>
<trkpt lat="36.655216610082306" lon="-94.17450627007872"><ele>365.5601080246913</ele></trkpt>
<trkpt lat="36.65516375" lon="-94.17445437469439"><ele>366.2124999999999</ele></trkpt>
<trkpt lat="36.65512686010374" lon="-94.17441476492229"><ele>366.60898491083674</ele></trkpt>
<trkpt lat="36.65510010620285" lon="-94.1743812661962"><ele>366.8133401920439</ele></trkpt>
<trkpt lat="36.655077322209365" lon="-94.17434704982598"><ele>366.88551954732503</ele></trkpt>
<trkpt lat="36.65505391889575" lon="-94.17430570292751"><ele>366.8430469821673</ele></trkpt>
<trkpt lat="36.655026818415635" lon="-94.17425182513391"><ele>366.67672325102876</ele></trkpt>
<trkpt lat="36.65499490312071" lon="-94.17418318652676"><ele>366.38316186556926</ele></trkpt>
<trkpt lat="36.65495997331532" lon="-94.17410418957"><ele>366.01015946502054</ele></trkpt>
<trkpt lat="36.65492513942472" lon="-94.17402163553605"><ele>365.6361711248285</ele></trkpt>
<trkpt lat="36.654892562478565" lon="-94.17393905834173"><ele>365.33664266117967</ele></trkpt>
<trkpt lat="36.654860625000005" lon="-94.17384999961041"><ele>365.1395833333333</ele></trkpt>
<trkpt lat="36.654825713305904" lon="-94.1737435042615"><ele>365.03775720164606</ele></trkpt>
<trkpt lat="36.654785122599456" lon="-94.1736128113786"><ele>365.0059927983539</ele></trkpt>
<trkpt lat="36.65474019547325" lon="-94.17346421734783"><ele>365.0234567901235</ele></trkpt>
<trkpt lat="36.654695600994515" lon="-94.17331429285856"><ele>365.0808384773663</ele></trkpt>
<trkpt lat="36.654656145404665" lon="-94.17317905981325"><ele>365.1852880658436</ele></trkpt>
<trkpt lat="36.65462354166667" lon="-94.1730633329365"><ele>365.3604166666667</ele></trkpt>
<trkpt lat="36.6545957977572" lon="-94.17295925315948"><ele>365.6357106310014</ele></trkpt>
<trkpt lat="36.65456972008231" lon="-94.17285572616537"><ele>366.02084471879294</ele></trkpt>
<trkpt lat="36.65451713755144" lon="-94.1726384531091"><ele>366.944468792867</ele></trkpt>
<trkpt lat="36.6544914631893" lon="-94.17253267052125"><ele>367.32130322359393</ele></trkpt>
<trkpt lat="36.654465980980795" lon="-94.17242988483837"><ele>367.5665537722908</ele></trkpt>
<trkpt lat="36.65443928659122" lon="-94.17232512223364"><ele>367.69267421124823</ele></trkpt>
<trkpt lat="36.65441101220165" lon="-94.1722180490109"><ele>367.75049094650205</ele></trkpt>
<trkpt lat="36.654381458381344" lon="-94.17211309477736"><ele>367.80699890260627</ele></trkpt>
<trkpt lat="36.65435018962277" lon="-94.17201475878703"><ele>367.92850438957475</ele></trkpt>
<trkpt lat="36.65431395833334" lon="-94.17191916618107"><ele>368.1791666666666</ele></trkpt>
<trkpt lat="36.65426822359397" lon="-94.17181652280789"><ele>368.60767318244166</ele></trkpt>
<trkpt lat="36.654210575274355" lon="-94.1716990106029"><ele>369.22190500685866</ele></trkpt>
<trkpt lat="36.654144022633744" lon="-94.171568875043"><ele>369.96514917695475</ele></trkpt>
<trkpt lat="36.654075806755834" lon="-94.17143682690651"><ele>370.73417352537723</ele></trkpt>
<trkpt lat="36.65401248285322" lon="-94.17131278810473"><ele>371.4363768861454</ele></trkpt>
<trkpt lat="36.65395520833333" lon="-94.17119687425529"><ele>372.04375</ele></trkpt>
<trkpt lat="36.653899849965704" lon="-94.17107978145751"><ele>372.59331275720166</ele></trkpt>
<trkpt lat="36.653841721536345" lon="-94.17095233366172"><ele>373.1363940329218</ele></trkpt>
<trkpt lat="36.65378024434156" lon="-94.1708149013447"><ele>373.6882716049382</ele></trkpt>
<trkpt lat="36.65366247342249" lon="-94.17054928765147"><ele>374.6951646090535</ele></trkpt>
<trkpt lat="36.65360999999999" lon="-94.17043104096301"><ele>375.10625</ele></trkpt>
<trkpt lat="36.65355751543209" lon="-94.17031321341119"><ele>375.4823388203018</ele></trkpt>
<trkpt lat="36.653500694444446" lon="-94.17018659722665"><ele>375.8587362825789</ele></trkpt>
<trkpt lat="36.65343912037037" lon="-94.17005200270049"><ele>376.2460905349794</ele></trkpt>
<trkpt lat="36.653376049382715" lon="-94.16992081792127"><ele>376.6267918381344</ele></trkpt>
<trkpt lat="36.65331412037037" lon="-94.16980583691107"><ele>376.9804869684499</ele></trkpt>
<trkpt lat="36.65325125" lon="-94.16971166605381"><ele>377.31041666666664</ele></trkpt>
<trkpt lat="36.65318073101509" lon="-94.16963253097366"><ele>377.6469399862826</ele></trkpt>
<trkpt lat="36.65309695906722" lon="-94.16955920225584"><ele>378.0201700960219</ele></trkpt>
<trkpt lat="36.65300059378601" lon="-94.16948607701592"><ele>378.4335421810699</ele></trkpt>
<trkpt lat="36.652899371536364" lon="-94.16941399633842"><ele>378.85682133058987</ele></trkpt>
<trkpt lat="36.652799800150895" lon="-94.16934476802676"><ele>379.2605819615912</ele></trkpt>
<trkpt lat="36.6527020637037" lon="-94.16927737867718"><ele>379.6399407407407</ele></trkpt>
<trkpt lat="36.652600874074075" lon="-94.16920802900297"><ele>380.0153481481482</ele></trkpt>
<trkpt lat="36.65249483111111" lon="-94.16913635046342"><ele>380.3966222222222</ele></trkpt>
<trkpt lat="36.65238850074074" lon="-94.16906697126124"><ele>380.7721481481482</ele></trkpt>
<trkpt lat="36.652286330370366" lon="-94.16900546765527"><ele>381.12794074074077</ele></trkpt>
<trkpt lat="36.652185995555556" lon="-94.16895291068364"><ele>381.47186666666664</ele></trkpt>
<trkpt lat="36.65208095111111" lon="-94.16890586625307"><ele>381.82573333333335</ele></trkpt>
<trkpt lat="36.651969746666666" lon="-94.16886126625704"><ele>382.1924</ele></trkpt>
<trkpt lat="36.65185811111112" lon="-94.16881882184168"><ele>382.5461333333334</ele></trkpt>
<trkpt lat="36.65175159555556" lon="-94.16877913298684"><ele>382.8558666666667</ele></trkpt>
<trkpt lat="36.651649078449935" lon="-94.16874115750868"><ele>383.1125873113855</ele></trkpt>
<trkpt lat="36.65154476961592" lon="-94.16870270144554"><ele>383.3304159807956</ele></trkpt>
<trkpt lat="36.65143767164609" lon="-94.16866384910072"><ele>383.5211434156379</ele></trkpt>
<trkpt lat="36.65133204998629" lon="-94.16862725918105"><ele>383.6820622770919</ele></trkpt>
<trkpt lat="36.65123197474623" lon="-94.16859622546149"><ele>383.79951323731143</ele></trkpt>
<trkpt lat="36.65113291666667" lon="-94.16857145808609"><ele>383.8645833333333</ele></trkpt>
<trkpt lat="36.651024504458164" lon="-94.16855121375475"><ele>383.8779320987654</ele></trkpt>
<trkpt lat="36.65089897805213" lon="-94.1685330064379"><ele>383.8488425925926</ele></trkpt>
<trkpt lat="36.650759902263374" lon="-94.16851558616649"><ele>383.7912037037037</ele></trkpt>
<trkpt lat="36.65049456618655" lon="-94.16848436195046"><ele>383.6384259259259</ele></trkpt>
<trkpt lat="36.650385" lon="-94.16847104150929"><ele>383.54791666666665</ele></trkpt>
<trkpt lat="36.65028398524006" lon="-94.16845801269737"><ele>383.4369744170096</ele></trkpt>
<trkpt lat="36.65018106973937" lon="-94.16844400565853"><ele>383.29969080932784</ele></trkpt>
<trkpt lat="36.65007189942387" lon="-94.16842863948621"><ele>383.14531954732513</ele></trkpt>
<trkpt lat="36.649960951714675" lon="-94.16841267374491"><ele>383.0022815500686</ele></trkpt>
<trkpt lat="36.64985280499314" lon="-94.16839673985763"><ele>382.90501145404664</ele></trkpt>
<trkpt lat="36.649746524444446" lon="-94.16838057762259"><ele>382.8777777777778</ele></trkpt>
<trkpt lat="36.649636373333344" lon="-94.16836311538079"><ele>382.92262222222223</ele></trkpt>
<trkpt lat="36.649522026666666" lon="-94.16834373314309"><ele>383.0253333333333</ele></trkpt>
<trkpt lat="36.64941112888889" lon="-94.16832219536381"><ele>383.1711555555555</ele></trkpt>
<trkpt lat="36.64931274666667" lon="-94.16829737758373"><ele>383.3631111111111</ele></trkpt>
<trkpt lat="36.64922906274349" lon="-94.16826707315283"><ele>383.61806947873805</ele></trkpt>
<trkpt lat="36.64915515486968" lon="-94.16822954704121"><ele>383.94612722908096</ele></trkpt>
<trkpt lat="36.64908673934156" lon="-94.16818611130772"><ele>384.32251584362143</ele></trkpt>
<trkpt lat="36.64902293091907" lon="-94.16813963545627"><ele>384.69716241426613</ele></trkpt>
<trkpt lat="36.648964267681755" lon="-94.16809139279671"><ele>385.02240281207133</ele></trkpt>
<trkpt lat="36.6489075" lon="-94.16803770791779"><ele>385.2854166666667</ele></trkpt>
<trkpt lat="36.64884656121399" lon="-94.16797226623336"><ele>385.5031464334705</ele></trkpt>
<trkpt lat="36.64877701903292" lon="-94.16789111466734"><ele>385.7004286694101</ele></trkpt>
<trkpt lat="36.64870102623456" lon="-94.16779726257153"><ele>385.88582818930036</ele></trkpt>
<trkpt lat="36.64862677983539" lon="-94.16769875354457"><ele>386.0471107681755</ele></trkpt>
<trkpt lat="36.64856319701647" lon="-94.16760171065422"><ele>386.16209705075437</ele></trkpt>
<trkpt lat="36.648514375000005" lon="-94.1675039578829"><ele>386.2125</ele></trkpt>
<trkpt lat="36.64847829303842" lon="-94.16739655827507"><ele>386.1927126200274</ele></trkpt>
<trkpt lat="36.648449934842255" lon="-94.16727287774818"><ele>386.108573388203</ele></trkpt>
<trkpt lat="36.64842446244856" lon="-94.16713763856508"><ele>385.9716563786008</ele></trkpt>
<trkpt lat="36.64839807527434" lon="-94.16700689014112"><ele>385.7865054869684</ele></trkpt>
<trkpt lat="36.648366595507554" lon="-94.16689853371662"><ele>385.5377743484225</ele></trkpt>
<trkpt lat="36.64832416666667" lon="-94.16682229150031"><ele>385.18333333333334</ele></trkpt>
<trkpt lat="36.64826523749535" lon="-94.16677665843898"><ele>384.67838206417196</ele></trkpt>
<trkpt lat="36.648188191310034" lon="-94.16675373001053"><ele>384.0115980195724</ele></trkpt>
<trkpt lat="36.64809881123349" lon="-94.16674481459225"><ele>383.2378456850113</ele></trkpt>
<trkpt lat="36.648006705419384" lon="-94.166744092438"><ele>382.44810595608027</ele></trkpt>
<trkpt lat="36.6479193101297" lon="-94.16674912247653"><ele>381.7176218870853</ele></trkpt>
<trkpt lat="36.64783610787173" lon="-94.16676033550065"><ele>381.0549562682216</ele></trkpt>
<trkpt lat="36.647749606414" lon="-94.1667797671564"><ele>380.40932944606413</ele></trkpt>
<trkpt lat="36.64765038656733" lon="-94.16680934785789"><ele>379.70992873339816</ele></trkpt>
<trkpt lat="36.647533954216605" lon="-94.1668490289547"><ele>378.9183673469388</ele></trkpt>
<trkpt lat="36.64740533851637" lon="-94.1668953701365"><ele>378.062925170068</ele></trkpt>
<trkpt lat="36.647277298887815" lon="-94.16694233962208"><ele>377.22947845804987</ele></trkpt>
<trkpt lat="36.64716283230753" lon="-94.16698416485718"><ele>376.51297376093294</ele></trkpt>
<trkpt lat="36.64706760932945" lon="-94.16701810539796"><ele>375.96618075801746</ele></trkpt>
<trkpt lat="36.64698800291546" lon="-94.1670450586165"><ele>375.5838192419825</ele></trkpt>
<trkpt lat="36.64691485417126" lon="-94.16706804734872"><ele>375.32508618939636</ele></trkpt>
<trkpt lat="36.64684011224274" lon="-94.16708992817485"><ele>375.1424417665479</ele></trkpt>
<trkpt lat="36.64676157988986" lon="-94.16711179353929"><ele>375.0002334953029</ele></trkpt>
<trkpt lat="36.64668552249216" lon="-94.16713212784744"><ele>374.8813370046431</ele></trkpt>
<trkpt lat="36.64662071954216" lon="-94.16714837685286"><ele>374.7802776374042</ele></trkpt>
<trkpt lat="36.646572900740736" lon="-94.16715858079041"><ele>374.69537777777776</ele></trkpt>
<trkpt lat="36.64653974370369" lon="-94.16716273038489"><ele>374.6210222222222</ele></trkpt>
<trkpt lat="36.64651440888889" lon="-94.1671613688739"><ele>374.5525333333333</ele></trkpt>
<trkpt lat="36.64648806814815" lon="-94.16715382808505"><ele>374.48835555555553</ele></trkpt>
<trkpt lat="36.646451478518514" lon="-94.1671368916945"><ele>374.42871111111106</ele></trkpt>
<trkpt lat="36.64639603999999" lon="-94.16710636117868"><ele>374.3713925925926</ele></trkpt>
<trkpt lat="36.646318013333335" lon="-94.16706062473186"><ele>374.31278518518513</ele></trkpt>
<trkpt lat="36.646126360000004" lon="-94.16694593582042"><ele>374.1997185185185</ele></trkpt>
<trkpt lat="36.64603950666667" lon="-94.16689480557488"><ele>374.16072592592593</ele></trkpt>
<trkpt lat="36.64596653469908" lon="-94.16685354113191"><ele>374.1417090277778</ele></trkpt>
<trkpt lat="36.64590283391204" lon="-94.16681946152555"><ele>374.14101041666663</ele></trkpt>
<trkpt lat="36.645843336180555" lon="-94.16678855771666"><ele>374.15083125</ele></trkpt>
<trkpt lat="36.64578795148148" lon="-94.16675853304001"><ele>374.15928888888885</ele></trkpt>
<trkpt lat="36.64573873056242" lon="-94.16672791011574"><ele>374.1547305898491</ele></trkpt>
<trkpt lat="36.64569602451989" lon="-94.16669493304606"><ele>374.13039266117966</ele></trkpt>
<trkpt lat="36.645656354488175" lon="-94.16665667333166"><ele>374.08670588991765</ele></trkpt>
<trkpt lat="36.64561694785408" lon="-94.16661205313743"><ele>374.0307803583676</ele></trkpt>
<trkpt lat="36.64557646230025" lon="-94.16656158704694"><ele>373.97125575274345</ele></trkpt>
<trkpt lat="36.6455364801646" lon="-94.16650948332914"><ele>373.9182156378601</ele></trkpt>
<trkpt lat="36.645497008504805" lon="-94.16645903277825"><ele>373.8805980795611</ele></trkpt>
<trkpt lat="36.64545556449932" lon="-94.16641115306531"><ele>373.868106447188</ele></trkpt>
<trkpt lat="36.64540623407408" lon="-94.16636160121762"><ele>373.8863703703704</ele></trkpt>
<trkpt lat="36.64534507703704" lon="-94.16630638483447"><ele>373.93558518518523</ele></trkpt>
<trkpt lat="36.645274408888895" lon="-94.16624635072411"><ele>374.0084444444444</ele></trkpt>
<trkpt lat="36.64520273481482" lon="-94.16618861595661"><ele>374.09567407407405</ele></trkpt>
<trkpt lat="36.64513814518519" lon="-94.16614124568763"><ele>374.1939259259259</ele></trkpt>
<trkpt lat="36.645082712592604" lon="-94.16610782948959"><ele>374.3089925925926</ele></trkpt>
<trkpt lat="36.64503274518519" lon="-94.16608641473864"><ele>374.45154074074077</ele></trkpt>
<trkpt lat="36.644983817777785" lon="-94.16607295551296"><ele>374.63124444444446</ele></trkpt>
<trkpt lat="36.644932878518524" lon="-94.16606452590473"><ele>374.8641185185185</ele></trkpt>
<trkpt lat="36.64487604592593" lon="-94.16606027407539"><ele>375.18810370370375</ele></trkpt>
<trkpt lat="36.64480722370371" lon="-94.16606020299095"><ele>375.6560592592593</ele></trkpt>
<trkpt lat="36.644721754074084" lon="-94.16606374375422"><ele>376.2963407407408</ele></trkpt>
<trkpt lat="36.64462255111111" lon="-94.16606890227416"><ele>377.06604444444446</ele></trkpt>
<trkpt lat="36.644519180740744" lon="-94.1660721926102"><ele>377.8630518518518</ele></trkpt>
<trkpt lat="36.644419490370375" lon="-94.16606935846349"><ele>378.5965037037037</ele></trkpt>
<trkpt lat="36.64432302370371" lon="-94.16605694651436"><ele>379.2459407407407</ele></trkpt>
<trkpt lat="36.64422385185186" lon="-94.16603423086868"><ele>379.8509481481482</ele></trkpt>
<trkpt lat="36.644120084444445" lon="-94.16600449304998"><ele>380.44662222222223</ele></trkpt>
<trkpt lat="36.644016460740744" lon="-94.16597389307711"><ele>381.03654814814814</ele></trkpt>
<trkpt lat="36.64391777925926" lon="-94.16594823536906"><ele>381.62194074074074</ele></trkpt>
<trkpt lat="36.64382226222223" lon="-94.16593010210482"><ele>382.2331111111111</ele></trkpt>
<trkpt lat="36.643723995555554" lon="-94.16591848881632"><ele>382.9068</ele></trkpt>
<trkpt lat="36.643622279999995" lon="-94.1659107599488"><ele>383.6246666666667</ele></trkpt>
<trkpt lat="36.643524444444445" lon="-94.16590432440078"><ele>384.2994222222223</ele></trkpt>
<trkpt lat="36.64343941777777" lon="-94.16589712439975"><ele>384.826</ele></trkpt>
<trkpt lat="36.64336931532407" lon="-94.16588738733167"><ele>385.14979259259263</ele></trkpt>
<trkpt lat="36.64330950300926" lon="-94.16587397227528"><ele>385.28668518518515</ele></trkpt>
<trkpt lat="36.6432557151389" lon="-94.16585674750341"><ele>385.2859277777778</ele></trkpt>
<trkpt lat="36.64320953314816" lon="-94.16583621012894"><ele>385.1844685185185</ele></trkpt>
<trkpt lat="36.6431755582639" lon="-94.1658122999634"><ele>384.98757962962964</ele></trkpt>
<trkpt lat="36.64315595775464" lon="-94.16578425924115"><ele>384.6810185185185</ele></trkpt>
<trkpt lat="36.64314681423611" lon="-94.16575120658504"><ele>384.2444444444444</ele></trkpt>
<trkpt lat="36.64314075810185" lon="-94.16571169846803"><ele>383.62824074074075</ele></trkpt>
<trkpt lat="36.64313081060185" lon="-94.1656635141271"><ele>382.7627166666667</ele></trkpt>
<trkpt lat="36.64311377240741" lon="-94.16560459082112"><ele>381.60708703703705</ele></trkpt>
<trkpt lat="36.64309124423612" lon="-94.165536435424"><ele>380.25207222222224</ele></trkpt>
<trkpt lat="36.643067500115734" lon="-94.16546211190293"><ele>378.88464814814813</ele></trkpt>
<trkpt lat="36.64304645516204" lon="-94.16538127783583"><ele>377.6753185185185</ele></trkpt>
<trkpt lat="36.64302907703704" lon="-94.16528712431511"><ele>376.6514666666667</ele></trkpt>
<trkpt lat="36.64301422074075" lon="-94.1651730976362"><ele>375.73760000000004</ele></trkpt>
<trkpt lat="36.64300059111112" lon="-94.16504195985235"><ele>374.8576</ele></trkpt>
<trkpt lat="36.64298796740741" lon="-94.16490564875133"><ele>373.9905333333333</ele></trkpt>
<trkpt lat="36.64297654370372" lon="-94.16477396876762"><ele>373.12080000000003</ele></trkpt>
<trkpt lat="36.64296598962963" lon="-94.16464598506961"><ele>372.1932296296296</ele></trkpt>
<trkpt lat="36.64295527703704" lon="-94.16451384580013"><ele>371.14201481481484</ele></trkpt>
<trkpt lat="36.64294314222223" lon="-94.16437542207404"><ele>369.96875555555556</ele></trkpt>
<trkpt lat="36.642927845925925" lon="-94.16423771684846"><ele>368.7423259259259</ele></trkpt>
<trkpt lat="36.64290634518518" lon="-94.16410802936046"><ele>367.50967407407404</ele></trkpt>
<trkpt lat="36.642875160857336" lon="-94.16398557397916"><ele>366.2393905349794</ele></trkpt>
<trkpt lat="36.64283268103566" lon="-94.16386361044165"><ele>364.86558230452675</ele></trkpt>
<trkpt lat="36.6427819614609" lon="-94.16374107955794"><ele>363.41163086419755</ele></trkpt>
<trkpt lat="36.64272857591221" lon="-94.16362411013318"><ele>361.98468477366254</ele></trkpt>
<trkpt lat="36.642676581844995" lon="-94.16352020098881"><ele>360.6917115226338</ele></trkpt>
<trkpt lat="36.642624375000004" lon="-94.163428332783"><ele>359.5208333333333</ele></trkpt>
<trkpt lat="36.64256668810014" lon="-94.16334040574483"><ele>358.36744684499314</ele></trkpt>
<trkpt lat="36.6424994410151" lon="-94.16324835830721"><ele>357.12972393689984</ele></trkpt>
<trkpt lat="36.64242446244857" lon="-94.16315205167713"><ele>355.80928497942386</ele></trkpt>
<trkpt lat="36.64234856910152" lon="-94.1630592379647"><ele>354.50464677640605</ele></trkpt>
<trkpt lat="36.642278200445816" lon="-94.16297910951786"><ele>353.32084190672157</ele></trkpt>
<trkpt lat="36.64221416666667" lon="-94.16291541624928"><ele>352.2770833333334</ele></trkpt>
<trkpt lat="36.64215165209191" lon="-94.16286491221982"><ele>351.2990997942387</ele></trkpt>
<trkpt lat="36.64208530264061" lon="-94.16282170751742"><ele>350.2981995884774</ele></trkpt>
<trkpt lat="36.64201416923869" lon="-94.16278205218217"><ele>349.2514660493827</ele></trkpt>
<trkpt lat="36.64194162208506" lon="-94.16274588965797"><ele>348.20722736625515</ele></trkpt>
<trkpt lat="36.64187044838821" lon="-94.16271460368523"><ele>347.2148405349794</ele></trkpt>
<trkpt lat="36.641798125000015" lon="-94.16268833312834"><ele>346.25416666666666</ele></trkpt>
<trkpt lat="36.64171766718107" lon="-94.16266519182912"><ele>345.239231824417</ele></trkpt>
<trkpt lat="36.64162380658436" lon="-94.16264285298337"><ele>344.09528463648826</ele></trkpt>
<trkpt lat="36.641518973765436" lon="-94.16262039069383"><ele>342.8343621399177</ele></trkpt>
<trkpt lat="36.641412394547324" lon="-94.16259859372687"><ele>341.54682784636486</ele></trkpt>
<trkpt lat="36.641312574588476" lon="-94.16257852516868"><ele>340.3120713305899</ele></trkpt>
<trkpt lat="36.64121999999999" lon="-94.16255999980558"><ele>339.1125</ele></trkpt>
<trkpt lat="36.6411274074074" lon="-94.16254148127295"><ele>337.8434842249657</ele></trkpt>
<trkpt lat="36.640919999999994" lon="-94.1624999997484"><ele>334.8656378600823</ele></trkpt>
<trkpt lat="36.640812592592596" lon="-94.16247851828135"><ele>333.3408264746228</ele></trkpt>
<trkpt lat="36.64071259259259" lon="-94.16245851830999"><ele>332.00521262002746</ele></trkpt>
<trkpt lat="36.640620000000006" lon="-94.16243999980558"><ele>330.92083333333335</ele></trkpt>
<trkpt lat="36.64052744427298" lon="-94.16242148127306"><ele>330.03034122085046</ele></trkpt>
<trkpt lat="36.64042781292868" lon="-94.16240148124535"><ele>329.236994170096</ele></trkpt>
<trkpt lat="36.64032210133746" lon="-94.16237999975336"><ele>328.49056069958846</ele></trkpt>
<trkpt lat="36.64021996570645" lon="-94.1623585182965"><ele>327.81315157750345</ele></trkpt>
<trkpt lat="36.64013253686557" lon="-94.16233851834578"><ele>327.2553412208505</ele></trkpt>
<trkpt lat="36.64006479166667" lon="-94.16231999987525"><ele>326.84375</ele></trkpt>
<trkpt lat="36.64001346539781" lon="-94.1623012827028"><ele>326.5600450617284</ele></trkpt>
<trkpt lat="36.639971544993145" lon="-94.16228030328767"><ele>326.36437530864197</ele></trkpt>
<trkpt lat="36.639932935082314" lon="-94.16225556385629"><ele>326.2264574074074</ele></trkpt>
<trkpt lat="36.6398944564129" lon="-94.162225848437"><ele>326.1464290123457</ele></trkpt>
<trkpt lat="36.63985323700275" lon="-94.16218806779601"><ele>326.1491932098765</ele></trkpt>
<trkpt lat="36.639805647407414" lon="-94.16213765007666"><ele>326.2637333333333</ele></trkpt>
<trkpt lat="36.63974865481482" lon="-94.16207210478048"><ele>326.4914666666666</ele></trkpt>
<trkpt lat="36.63968390222222" lon="-94.1619966039941"><ele>326.7847999999999</ele></trkpt>
<trkpt lat="36.639617281481485" lon="-94.16192383368497"><ele>327.05226666666664</ele></trkpt>
<trkpt lat="36.63955391407407" lon="-94.16186760567349"><ele>327.1917333333333</ele></trkpt>
<trkpt lat="36.639493191828706" lon="-94.1618352634568"><ele>327.1303944444444</ele></trkpt>
<trkpt lat="36.63943051678241" lon="-94.16182504698808"><ele>326.8604722222222</ele></trkpt>
<trkpt lat="36.639362884236114" lon="-94.16182941491003"><ele>326.4464833333334</ele></trkpt>
<trkpt lat="36.63929147574075" lon="-94.16183935135075"><ele>326.00808888888895</ele></trkpt>
<trkpt lat="36.6392184837037" lon="-94.16184820151548"><ele>325.654162962963</ele></trkpt>
<trkpt lat="36.63914457555556" lon="-94.16185270945228"><ele>325.4323703703704</ele></trkpt>
<trkpt lat="36.63906999937501" lon="-94.16185256956575"><ele>325.30580555555554</ele></trkpt>
<trkpt lat="36.63899531979167" lon="-94.16184801592073"><ele>325.18912037037035</ele></trkpt>
<trkpt lat="36.63891854048612" lon="-94.16183812669487"><ele>324.9801018518518</ele></trkpt>
<trkpt lat="36.63883293925925" lon="-94.1618209301712"><ele>324.5977777777778</ele></trkpt>
<trkpt lat="36.63873214074075" lon="-94.16179545155978"><ele>324.01644444444446</ele></trkpt>
<trkpt lat="36.63861780444445" lon="-94.16176356409905"><ele>323.3</ele></trkpt>
<trkpt lat="36.63849973185186" lon="-94.16172923373146"><ele>322.58355555555556</ele></trkpt>
<trkpt lat="36.63838618370371" lon="-94.16169541893929"><ele>322.0022222222222</ele></trkpt>
<trkpt lat="36.638276340740745" lon="-94.16166199967596"><ele>321.6205925925926</ele></trkpt>
<trkpt lat="36.63816341481481" lon="-94.16162699964373"><ele>321.4185185185185</ele></trkpt>
<trkpt lat="36.638045422222234" lon="-94.16158999962519"><ele>321.3337777777778</ele></trkpt>
<trkpt lat="36.637928148148156" lon="-94.1615529996477"><ele>321.30651851851854</ele></trkpt>
<trkpt lat="36.637608806035665" lon="-94.16145158922414"><ele>321.29867969821674</ele></trkpt>
<trkpt lat="36.63750274609055" lon="-94.16141833907997"><ele>321.29315843621396</ele></trkpt>
<trkpt lat="36.63739850356654" lon="-94.16138712659034"><ele>321.27599451303155</ele></trkpt>
<trkpt lat="36.637299496845" lon="-94.16136063078801"><ele>321.2350651577504</ele></trkpt>
<trkpt lat="36.63720083333334" lon="-94.16133937478742"><ele>321.1541666666667</ele></trkpt>
<trkpt lat="36.63709207047325" lon="-94.16132184135597"><ele>321.0190672153635</ele></trkpt>
<trkpt lat="36.636965830761326" lon="-94.16130600543833"><ele>320.82717764060357</ele></trkpt>
<trkpt lat="36.636826905864204" lon="-94.16129117262055"><ele>320.59609053497945</ele></trkpt>
<trkpt lat="36.63669122427984" lon="-94.16127833572095"><ele>320.3583504801097</ele></trkpt>
<trkpt lat="36.63657605195474" lon="-94.161269310576"><ele>320.1437585733882</ele></trkpt>
<trkpt lat="36.636489791666676" lon="-94.16126562494009"><ele>319.96250000000003</ele></trkpt>
<trkpt lat="36.63642901566787" lon="-94.16126800914154"><ele>319.8021176268862</ele></trkpt>
<trkpt lat="36.63638434981567" lon="-94.1612763800151"><ele>319.6447445130316</ele></trkpt>
<trkpt lat="36.63634643936471" lon="-94.1612903874513"><ele>319.48366769547323</ele></trkpt>
<trkpt lat="36.63630936042524" lon="-94.1613101175169"><ele>319.33417352537725</ele></trkpt>
<trkpt lat="36.63626914201817" lon="-94.16133670040726"><ele>319.2174725651577</ele></trkpt>
<trkpt lat="36.63622394097222" lon="-94.16137086239074"><ele>319.14629629629627</ele></trkpt>
<trkpt lat="36.63617450520833" lon="-94.16141082479223"><ele>319.11319444444445</ele></trkpt>
<trkpt lat="36.63612422743056" lon="-94.16145219052596"><ele>319.10254629629634</ele></trkpt>
<trkpt lat="36.63607645458247" lon="-94.16149066422801"><ele>319.1002400548697</ele></trkpt>
<trkpt lat="36.63603197359396" lon="-94.16152460571975"><ele>319.10009430727024</ele></trkpt>
<trkpt lat="36.63598977173354" lon="-94.16155404394091"><ele>319.1004886831276</ele></trkpt>
<trkpt lat="36.63594732274522" lon="-94.16157925270275"><ele>319.10171467764064</ele></trkpt>
<trkpt lat="36.63590033671983" lon="-94.16160016363622"><ele>319.1046382030178</ele></trkpt>
<trkpt lat="36.63584062500001" lon="-94.16161791679613"><ele>319.11041666666665</ele></trkpt>
<trkpt lat="36.63575935442387" lon="-94.16163450206521"><ele>319.1196930727023</ele></trkpt>
<trkpt lat="36.63565258230454" lon="-94.16165172776712"><ele>319.1296639231824</ele></trkpt>
<trkpt lat="36.63552662808643" lon="-94.16166975591193"><ele>319.12898662551436</ele></trkpt>
<trkpt lat="36.635394935699594" lon="-94.16168736820966"><ele>319.09254972565157</ele></trkpt>
<trkpt lat="36.63526858281894" lon="-94.1617031749315"><ele>318.9804955418381</ele></trkpt>
<trkpt lat="36.63514750000001" lon="-94.16171687518244"><ele>318.7416666666667</ele></trkpt>
<trkpt lat="36.63502173611111" lon="-94.16172941205072"><ele>318.3327674897119</ele></trkpt>
<trkpt lat="36.63488209104938" lon="-94.16174196436661"><ele>317.74902263374486</ele></trkpt>
<trkpt lat="36.634579537037034" lon="-94.16176767423704"><ele>316.36183127572014</ele></trkpt>
<trkpt lat="36.63444244598765" lon="-94.16177965894886"><ele>315.7951131687243</ele></trkpt>
<trkpt lat="36.634321875" lon="-94.16179104181911"><ele>315.42083333333335</ele></trkpt>
<trkpt lat="36.63420944358712" lon="-94.16180280279767"><ele>315.23985768175584</ele></trkpt>
<trkpt lat="36.63409509087792" lon="-94.16181577520764"><ele>315.20957647462285</ele></trkpt>
<trkpt lat="36.63397671039095" lon="-94.16182965809968"><ele>315.2700360082305</ele></trkpt>
<trkpt lat="36.633861240569274" lon="-94.16184295883222"><ele>315.36459190672156</ele></trkpt>
<trkpt lat="36.63375682013032" lon="-94.16185394472957"><ele>315.4506601508916</ele></trkpt>
<trkpt lat="36.63366458333334" lon="-94.1618616667357"><ele>315.50625</ele></trkpt>
<trkpt lat="36.63357713241428" lon="-94.16186628502817"><ele>315.52720651577505</ele></trkpt>
<trkpt lat="36.63348574729768" lon="-94.16186857938325"><ele>315.52000932784637</ele></trkpt>
<trkpt lat="36.633387492057615" lon="-94.16186935572269"><ele>315.4965121399177</ele></trkpt>
<trkpt lat="36.63328739581619" lon="-94.16186903565934"><ele>315.47136796982164</ele></trkpt>
<trkpt lat="36.63319048796983" lon="-94.16186758868066"><ele>315.45884849108364</ele></trkpt>
<trkpt lat="36.633097146941026" lon="-94.16186476950416"><ele>315.46829999999994</ele></trkpt>
<trkpt lat="36.63300297338821" lon="-94.16186051964225"><ele>315.50035185185186</ele></trkpt>
<trkpt lat="36.632814201536355" lon="-94.1618501000096"><ele>315.59246666666667</ele></trkpt>
<trkpt lat="36.63272728027435" lon="-94.16184559171934"><ele>315.6255592592592</ele></trkpt>
<trkpt lat="36.63264333333334" lon="-94.16184208330503"><ele>315.63749999999993</ele></trkpt>
<trkpt lat="36.63255381344308" lon="-94.16183938440655"><ele>315.6256515775034</ele></trkpt>
<trkpt lat="36.632451824417004" lon="-94.16183713303565"><ele>315.5909636488339</ele></trkpt>
<trkpt lat="36.632339218107" lon="-94.16183509771378"><ele>315.5343621399176</ele></trkpt>
<trkpt lat="36.63222528120713" lon="-94.1618332287171"><ele>315.45114883401914</ele></trkpt>
<trkpt lat="36.632118751714685" lon="-94.16183154490633"><ele>315.3256515775034</ele></trkpt>
<trkpt lat="36.63202" lon="-94.16182999998303"><ele>315.12916666666666</ele></trkpt>
<trkpt lat="36.63192122085048" lon="-94.1618284644881"><ele>314.83217592592587</ele></trkpt>
<trkpt lat="36.6318144170096" lon="-94.1618268749806"><ele>314.4278549382716</ele></trkpt>
<trkpt lat="36.631699218106995" lon="-94.16182543979912"><ele>313.95439814814813</ele></trkpt>
<trkpt lat="36.631582688614536" lon="-94.16182475308534"><ele>313.4884259259259</ele></trkpt>
<trkpt lat="36.631471344307265" lon="-94.1618257176216"><ele>313.1096450617284</ele></trkpt>
<trkpt lat="36.63136333333333" lon="-94.16182937507624"><ele>312.86458333333337</ele></trkpt>
<trkpt lat="36.63124912894376" lon="-94.16183652705595"><ele>312.7546382030178</ele></trkpt>
<trkpt lat="36.63112054183814" lon="-94.161847297859"><ele>312.7493998628258</ele></trkpt>
<trkpt lat="36.630979609053504" lon="-94.16186083098371"><ele>312.8004886831276</ele></trkpt>
<trkpt lat="36.63083801097395" lon="-94.16187577783191"><ele>312.8524091220851</ele></trkpt>
<trkpt lat="36.630707153635115" lon="-94.16189137282171"><ele>312.8500085733882</ele></trkpt>
<trkpt lat="36.630588333333336" lon="-94.16190833357689"><ele>312.7458333333334</ele></trkpt>
<trkpt lat="36.630472647462284" lon="-94.16192845023137"><ele>312.51045096021954</ele></trkpt>
<trkpt lat="36.63035078875172" lon="-94.16195325825598"><ele>312.1456704389575</ele></trkpt>
<trkpt lat="36.63022312757202" lon="-94.16198312798086"><ele>311.6975565843622</ele></trkpt>
<trkpt lat="36.630100788751704" lon="-94.16201832001889"><ele>311.24528463648835</ele></trkpt>
<trkpt lat="36.62999709190672" lon="-94.16206128980974"><ele>310.8663151577503</ele></trkpt>
<trkpt lat="36.629918333333336" lon="-94.16211833368915"><ele>310.6020833333333</ele></trkpt>
<trkpt lat="36.6298612808642" lon="-94.16219708884945"><ele>310.4500685871056</ele></trkpt>
<trkpt lat="36.62981822530865" lon="-94.16230075143285"><ele>310.3832390260631</ele></trkpt>
<trkpt lat="36.62978263888889" lon="-94.16242293251386"><ele>310.37150205761316</ele></trkpt>
<trkpt lat="36.62975154320987" lon="-94.16255010326952"><ele>310.3963563100137</ele></trkpt>
<trkpt lat="36.6297238117284" lon="-94.16267079253035"><ele>310.4543895747599</ele></trkpt>
<trkpt lat="36.629697916666665" lon="-94.16278416700723"><ele>310.55625</ele></trkpt>
<trkpt lat="36.629671307441704" lon="-94.1628990958888"><ele>310.71641803840873</ele></trkpt>
<trkpt lat="36.6296420207476" lon="-94.16302415596276"><ele>310.93854595336074</ele></trkpt>
<trkpt lat="36.62958033093279" lon="-94.16328734265664"><ele>311.47411694101504</ele></trkpt>
<trkpt lat="36.629554733367634" lon="-94.16339906494093"><ele>311.71610939643347</ele></trkpt>
<trkpt lat="36.629535625" lon="-94.16348687518432"><ele>311.9166666666667</ele></trkpt>
<trkpt lat="36.629522331961596" lon="-94.16355496923816"><ele>312.086359739369</ele></trkpt>
<trkpt lat="36.629512989540466" lon="-94.16361198308151"><ele>312.24316700960225</ele></trkpt>
<trkpt lat="36.62950597736626" lon="-94.16366500003484"><ele>312.396579218107</ele></trkpt>
<trkpt lat="36.62950062842935" lon="-94.16371801699738"><ele>312.54417009602196</ele></trkpt>
<trkpt lat="36.62949696159122" lon="-94.16377503087351"><ele>312.6811128257887</ele></trkpt>
<trkpt lat="36.62949520833334" lon="-94.16384312499325"><ele>312.8104166666667</ele></trkpt>
<trkpt lat="36.6294953952332" lon="-94.16393094819178"><ele>312.9434156378601</ele></trkpt>
<trkpt lat="36.62949716392318" lon="-94.16404279917178"><ele>313.0893775720165</ele></trkpt>
<trkpt lat="36.62949965792181" lon="-94.16417302979455"><ele>313.2441358024691</ele></trkpt>
<trkpt lat="36.62950156978739" lon="-94.16430841647485"><ele>313.3889146090535</ele></trkpt>
<trkpt lat="36.629501352023325" lon="-94.16443786182244"><ele>313.50082304526745</ele></trkpt>
<trkpt lat="36.6294975" lon="-94.1645614584286"><ele>313.5645833333333</ele></trkpt>
<trkpt lat="36.62948900291496" lon="-94.16468936231963"><ele>313.5779406721536</ele></trkpt>
<trkpt lat="36.62947585305213" lon="-94.16483115509115"><ele>313.54893689986284</ele></trkpt>
<trkpt lat="36.629459462448565" lon="-94.16498558671323"><ele>313.4916923868313</ele></trkpt>
<trkpt lat="36.62942588563101" lon="-94.16528621423844"><ele>313.34306412894375</ele></trkpt>
<trkpt lat="36.62941104166667" lon="-94.16542104189138"><ele>313.2583333333333</ele></trkpt>
<trkpt lat="36.62939657493142" lon="-94.16555623651763"><ele>313.15787894375853</ele></trkpt>
<trkpt lat="36.629365048868316" lon="-94.1658583387522"><ele>312.89169238683127</ele></trkpt>
<trkpt lat="36.62934889831962" lon="-94.16601153917532"><ele>312.734122085048</ele></trkpt>
<trkpt lat="36.629333889746235" lon="-94.16614796488548"><ele>312.5631258573388</ele></trkpt>
<trkpt lat="36.62932000000001" lon="-94.16626354183826"><ele>312.3645833333333</ele></trkpt>
<trkpt lat="36.62930599135803" lon="-94.16636624730089"><ele>312.1130375171468</ele></trkpt>
<trkpt lat="36.629290549382716" lon="-94.16646727086881"><ele>311.7927552812071</ele></trkpt>
<trkpt lat="36.62927334074074" lon="-94.1665722352997"><ele>311.4164718106996</ele></trkpt>
<trkpt lat="36.629255238271604" lon="-94.16667814759948"><ele>311.0281608367627</ele></trkpt>
<trkpt lat="36.62923688024692" lon="-94.16678161644248"><ele>310.6699634430727</ele></trkpt>
<trkpt lat="36.62921788592593" lon="-94.16688414536445"><ele>310.35767407407405</ele></trkpt>
<trkpt lat="36.629197189629636" lon="-94.16699153501976"><ele>310.07748148148147</ele></trkpt>
<trkpt lat="36.629174831111115" lon="-94.16710440910796"><ele>309.8194222222222</ele></trkpt>
<trkpt lat="36.6291521851852" lon="-94.16721627724336"><ele>309.5944148148148</ele></trkpt>
<trkpt lat="36.62913050814815" lon="-94.1673202342567"><ele>309.42700740740736</ele></trkpt>
<trkpt lat="36.629109490370375" lon="-94.16741670684007"><ele>309.3312888888889</ele></trkpt>
<trkpt lat="36.629087798518526" lon="-94.16751167129206"><ele>309.29973333333334</ele></trkpt>
<trkpt lat="36.629065084444456" lon="-94.1676072135165"><ele>309.3101333333333</ele></trkpt>
<trkpt lat="36.62904251407408" lon="-94.16769801349626"><ele>309.3377777777778</ele></trkpt>
<trkpt lat="36.62902131259259" lon="-94.16777679568482"><ele>309.3650666666667</ele></trkpt>
<trkpt lat="36.62900122074075" lon="-94.16784182380674"><ele>309.38383703703704</ele></trkpt>
<trkpt lat="36.62898073037037" lon="-94.16789773194598"><ele>309.39260740740747</ele></trkpt>
<trkpt lat="36.62895864888889" lon="-94.16795008454498"><ele>309.39071111111116</ele></trkpt>
<trkpt lat="36.62893426814814" lon="-94.16800258086565"><ele>309.37300740740744</ele></trkpt>
<trkpt lat="36.62890593185185" lon="-94.16805897944168"><ele>309.327837037037</ele></trkpt>
<trkpt lat="36.6288705837037" lon="-94.1681249425016"><ele>309.24174814814813</ele></trkpt>
<trkpt lat="36.62882598074073" lon="-94.1682050003853"><ele>309.1084296296296</ele></trkpt>
<trkpt lat="36.62872058074075" lon="-94.16839156486557"><ele>308.73842962962965</ele></trkpt>
<trkpt lat="36.628670583703695" lon="-94.16848192036424"><ele>308.52174814814816</ele></trkpt>
<trkpt lat="36.62862476148148" lon="-94.16856785810825"><ele>308.2737333333333</ele></trkpt>
<trkpt lat="36.62858048296296" lon="-94.16865448033104"><ele>307.9816444444445</ele></trkpt>
<trkpt lat="36.62853660444444" lon="-94.16874322699248"><ele>307.66013333333336</ele></trkpt>
<trkpt lat="36.62849545629629" lon="-94.16882895583554"><ele>307.35586666666666</ele></trkpt>
<trkpt lat="36.62846049481481" lon="-94.16890528020639"><ele>307.1226222222222</ele></trkpt>
<trkpt lat="36.62843263" lon="-94.16897173923974"><ele>306.98941921296296</ele></trkpt>
<trkpt lat="36.62840976111111" lon="-94.16903379906582"><ele>306.94864467592595</ele></trkpt>
<trkpt lat="36.628389176666666" lon="-94.16909761197049"><ele>306.9691451388889</ele></trkpt>
<trkpt lat="36.62836941333333" lon="-94.16916715620744"><ele>307.01389259259264</ele></trkpt>
<trkpt lat="36.62835002814815" lon="-94.16924515492126"><ele>307.0557851851852</ele></trkpt>
<trkpt lat="36.6283308962963" lon="-94.16933312752846"><ele>307.08166111111115</ele></trkpt>
<trkpt lat="36.62831242777778" lon="-94.16942790019483"><ele>307.08998541666665</ele></trkpt>
<trkpt lat="36.62829586851852" lon="-94.16952253494827"><ele>307.08126736111114</ele></trkpt>
<trkpt lat="36.628282598148154" lon="-94.16961218941196"><ele>307.05182430555556</ele></trkpt>
<trkpt lat="36.62827290074075" lon="-94.16969990080032"><ele>306.9938666666667</ele></trkpt>
<trkpt lat="36.62826595259259" lon="-94.16979236152753"><ele>306.89866666666666</ele></trkpt>
<trkpt lat="36.62826067555556" lon="-94.16989194226048"><ele>306.7544</ele></trkpt>
<trkpt lat="36.628256548148144" lon="-94.1699948281784"><ele>306.53253333333333</ele></trkpt>
<trkpt lat="36.628253522962964" lon="-94.17009856742804"><ele>306.1725333333333</ele></trkpt>
<trkpt lat="36.628251600000006" lon="-94.1702074400117"><ele>305.6001037037037</ele></trkpt>
<trkpt lat="36.62825056" lon="-94.17032805333892"><ele>304.78514074074076</ele></trkpt>
<trkpt lat="36.628249440000005" lon="-94.17058632000433"><ele>302.83674074074077</ele></trkpt>
<trkpt lat="36.6282484" lon="-94.17069810667493"><ele>302.0561037037037</ele></trkpt>
<trkpt lat="36.62824643525463" lon="-94.17079034193527"><ele>301.55063819444445</ele></trkpt>
<trkpt lat="36.6282432255787" lon="-94.17086951448795"><ele>301.29403125</ele></trkpt>
<trkpt lat="36.62823852618055" lon="-94.1709433395406"><ele>301.20379375</ele></trkpt>
<trkpt lat="36.62823187425926" lon="-94.171014514294"><ele>301.2023222222222</ele></trkpt>
<trkpt lat="36.62822244925926" lon="-94.17108301002344"><ele>301.24590324074074</ele></trkpt>
<trkpt lat="36.62820953703704" lon="-94.17114933165864"><ele>301.3160300925926</ele></trkpt>
<trkpt lat="36.628193185763884" lon="-94.171215000075"><ele>301.40164930555557</ele></trkpt>
<trkpt lat="36.62817374710649" lon="-94.17128066849166"><ele>301.4900752314815</ele></trkpt>
<trkpt lat="36.6281509837963" lon="-94.17134747117426"><ele>301.57005208333334</ele></trkpt>
<trkpt lat="36.62812415798612" lon="-94.17141727733487"><ele>301.6374421296297</ele></trkpt>
<trkpt lat="36.628093515625004" lon="-94.1714903300153"><ele>301.6934027777778</ele></trkpt>
<trkpt lat="36.628060347222224" lon="-94.17156394402453"><ele>301.73813657407413</ele></trkpt>
<trkpt lat="36.62802595250343" lon="-94.17163471670159"><ele>301.77010245198903</ele></trkpt>
<trkpt lat="36.62799046210563" lon="-94.17170189660183"><ele>301.7899348422497</ele></trkpt>
<trkpt lat="36.627954237718626" lon="-94.17176570074137"><ele>301.80452031893003</ele></trkpt>
<trkpt lat="36.62791734964421" lon="-94.17182696900335"><ele>301.8267982681756</ele></trkpt>
<trkpt lat="36.627878482403126" lon="-94.17188789396006"><ele>301.874153377915</ele></trkpt>
<trkpt lat="36.6278325" lon="-94.17195583386852"><ele>301.9666666666667</ele></trkpt>
<trkpt lat="36.62777308984911" lon="-94.17203993995302"><ele>302.12114197530866</ele></trkpt>
<trkpt lat="36.62769729080933" lon="-94.1721450413965"><ele>302.3412037037037</ele></trkpt>
<trkpt lat="36.62761019547325" lon="-94.17226505008634"><ele>302.6087962962963</ele></trkpt>
<trkpt lat="36.627523432784635" lon="-94.17238514170161"><ele>302.8913580246914</ele></trkpt>
<trkpt lat="36.627448768861456" lon="-94.17249052636448"><ele>303.1625</ele></trkpt>
<trkpt lat="36.627391666666675" lon="-94.17257520885362"><ele>303.4208333333333</ele></trkpt>
<trkpt lat="36.627350149351926" lon="-94.17264303451668"><ele>303.6854092930529</ele></trkpt>
<trkpt lat="36.62731884997621" lon="-94.17270172193335"><ele>303.97445120317377</ele></trkpt>
<trkpt lat="36.62729332031578" lon="-94.17275682561417"><ele>304.28510974936705</ele></trkpt>
<trkpt lat="36.62727143123093" lon="-94.17281121655226"><ele>304.60057554179815</ele></trkpt>
<trkpt lat="36.627252326222674" lon="-94.17286800529617"><ele>304.909450973217</ele></trkpt>
<trkpt lat="36.627234897959184" lon="-94.1729336153628"><ele>305.2249271137026</ele></trkpt>
<trkpt lat="36.62721734693878" lon="-94.17301760962106"><ele>305.5822157434402</ele></trkpt>
<trkpt lat="36.62719770921067" lon="-94.1731289584052"><ele>306.0197980779613</ele></trkpt>
<trkpt lat="36.62717498272325" lon="-94.17326993140965"><ele>306.55154950869235</ele></trkpt>
<trkpt lat="36.62714996922578" lon="-94.1734311699834"><ele>307.1456916099773</ele></trkpt>
<trkpt lat="36.62712490335817" lon="-94.17359439853983"><ele>307.73250188964477</ele></trkpt>
<trkpt lat="36.627101998164356" lon="-94.17374216218809"><ele>308.23923442392834</ele></trkpt>
<trkpt lat="36.62708199708455" lon="-94.1738673181252"><ele>308.62594752186595</ele></trkpt>
<trkpt lat="36.62706381924199" lon="-94.17397513148133"><ele>308.8954810495627</ele></trkpt>
<trkpt lat="36.62704529078501" lon="-94.17407820481785"><ele>309.076356851312</ele></trkpt>
<trkpt lat="36.627024600254835" lon="-94.17418773400179"><ele>309.20137855523166</ele></trkpt>
<trkpt lat="36.627001242384196" lon="-94.17430788646386"><ele>309.29321516034986</ele></trkpt>
<trkpt lat="36.6269764547673" lon="-94.17443327087284"><ele>309.35822934888245</ele></trkpt>
<trkpt lat="36.626951326677464" lon="-94.17455841317748"><ele>309.39036527372855</ele></trkpt>
<trkpt lat="36.62692583703704" lon="-94.17468303139944"><ele>309.38005925925927</ele></trkpt>
<trkpt lat="36.62687084444445" lon="-94.17494797365794"><ele>309.2407111111111</ele></trkpt>
<trkpt lat="36.62684424740741" lon="-94.17507958250233"><ele>309.13905185185183</ele></trkpt>
<trkpt lat="36.6268221925926" lon="-94.1751976979782"><ele>309.0316148148148</ele></trkpt>
<trkpt lat="36.626805960000006" lon="-94.17530091123751"><ele>308.9173185185185</ele></trkpt>
<trkpt lat="36.62679458666667" lon="-94.17539604896834"><ele>308.79165925925923</ele></trkpt>
<trkpt lat="36.62678652" lon="-94.17548873338636"><ele>308.6618222222222</ele></trkpt>
<trkpt lat="36.626781040000004" lon="-94.17557926225322"><ele>308.5521037037037</ele></trkpt>
<trkpt lat="36.62677849333334" lon="-94.17566704444867"><ele>308.4950962962963</ele></trkpt>
<trkpt lat="36.62677938925927" lon="-94.17575530712028"><ele>308.5129062414266</ele></trkpt>
<trkpt lat="36.62678364876544" lon="-94.17584928670787"><ele>308.6039242112483</ele></trkpt>
<trkpt lat="36.62679041740741" lon="-94.1759485850691"><ele>308.73932242798355</ele></trkpt>
<trkpt lat="36.62679875407408" lon="-94.17604790259793"><ele>308.8758482853223</ele></trkpt>
<trkpt lat="36.62680842382716" lon="-94.17614270702991"><ele>308.9720543895748</ele></trkpt>
<trkpt lat="36.626820416666675" lon="-94.17623708316376"><ele>309.00208333333336</ele></trkpt>
<trkpt lat="36.62683623542525" lon="-94.17634084080099"><ele>308.9576045953361</ele></trkpt>
<trkpt lat="36.626856568072704" lon="-94.17646111850175"><ele>308.84699931412894</ele></trkpt>
<trkpt lat="36.62688004886832" lon="-94.17659368019834"><ele>308.69364711934156</ele></trkpt>
<trkpt lat="36.6269036128258" lon="-94.17672399659196"><ele>308.52948388203015</ele></trkpt>
<trkpt lat="36.626940625" lon="-94.17692479151152"><ele>308.2625</ele></trkpt>
<trkpt lat="36.62696491421125" lon="-94.17705001205962"><ele>308.0814968449931</ele></trkpt>
<trkpt lat="36.626987638717424" lon="-94.17716246964723"><ele>307.95092524005486</ele></trkpt>
<trkpt lat="36.62700088975995" lon="-94.17722939182026"><ele>307.9339323731138</ele></trkpt>
<trkpt lat="36.627017059259266" lon="-94.17731320427758"><ele>307.97247407407406</ele></trkpt>
<trkpt lat="36.62703702518519" lon="-94.1774191864366"><ele>308.068237037037</ele></trkpt>
<trkpt lat="36.627059577777786" lon="-94.17754278640919"><ele>308.2016888888889</ele></trkpt>
<trkpt lat="36.627081411851854" lon="-94.17767112866223"><ele>308.3380148148148</ele></trkpt>
<trkpt lat="36.62709892592593" lon="-94.17779329317655"><ele>308.4435851851852</ele></trkpt>
<trkpt lat="36.6271103851852" lon="-94.17790886213629"><ele>308.5007259259259</ele></trkpt>
<trkpt lat="36.627116477037035" lon="-94.17802493774029"><ele>308.5116296296296</ele></trkpt>
<trkpt lat="36.627119155555555" lon="-94.17814474665262"><ele>308.49071111111107</ele></trkpt>
<trkpt lat="36.62712158518517" lon="-94.17837872887492"><ele>308.4109481481481</ele></trkpt>
<trkpt lat="36.62712352296296" lon="-94.17849148293784"><ele>308.3634074074074</ele></trkpt>
<trkpt lat="36.62712654814815" lon="-94.17860971699942"><ele>308.3101481481482</ele></trkpt>
<trkpt lat="36.62713067555555" lon="-94.1787346621742"><ele>308.2542222222222</ele></trkpt>
<trkpt lat="36.627135952592596" lon="-94.17885903253482"><ele>308.20548148148146</ele></trkpt>
<trkpt lat="36.627142900740736" lon="-94.17897530511091"><ele>308.17674074074074</ele></trkpt>
<trkpt lat="36.62715243851852" lon="-94.17908418656455"><ele>308.1765185185185</ele></trkpt>
<trkpt lat="36.62716504592593" lon="-94.17919235542382"><ele>308.203037037037</ele></trkpt>
<trkpt lat="36.62719370370371" lon="-94.17940545321315"><ele>308.2657037037037</ele></trkpt>
<trkpt lat="36.627204349629636" lon="-94.179494497701"><ele>308.24318518518515</ele></trkpt>
<trkpt lat="36.62721003208334" lon="-94.17956659765177"><ele>308.1440300925926</ele></trkpt>
<trkpt lat="36.627210950694455" lon="-94.17962731897832"><ele>307.94838657407405</ele></trkpt>
<trkpt lat="36.627208345416676" lon="-94.17968398473559"><ele>307.6392986111111</ele></trkpt>
<trkpt lat="36.627203480000006" lon="-94.17974132039309"><ele>307.17793518518516</ele></trkpt>
<trkpt lat="36.62719696576389" lon="-94.17980233440623"><ele>306.49929050925925</ele></trkpt>
<trkpt lat="36.62718907118057" lon="-94.1798690133497"><ele>305.56831597222225</ele></trkpt>
<trkpt lat="36.62718049479167" lon="-94.17994082469455"><ele>304.46484375000006</ele></trkpt>
<trkpt lat="36.62717276041668" lon="-94.18001403938528"><ele>303.38663194444445</ele></trkpt>
<trkpt lat="36.62716750578704" lon="-94.18008553821203"><ele>302.53411458333335</ele></trkpt>
<trkpt lat="36.62716556712964" lon="-94.18015542245506"><ele>301.9934895833333</ele></trkpt>
<trkpt lat="36.62716681423612" lon="-94.18022516491824"><ele>301.7286458333333</ele></trkpt>
<trkpt lat="36.627171148726866" lon="-94.18029518805169"><ele>301.68272569444446</ele></trkpt>
<trkpt lat="36.627178990162044" lon="-94.18036596638856"><ele>301.8356481481481</ele></trkpt>
<trkpt lat="36.627190659722224" lon="-94.18043905375244"><ele>302.18370949074074</ele></trkpt>
<trkpt lat="36.627219340277776" lon="-94.18058911451695"><ele>303.20176504629626</ele></trkpt>
<trkpt lat="36.62723100694445" lon="-94.18065953699153"><ele>303.6758680555555</ele></trkpt>
<trkpt lat="36.62723881944445" lon="-94.18072572335407"><ele>304.05986689814813</ele></trkpt>
<trkpt lat="36.62724302083334" lon="-94.18078983505912"><ele>304.36701388888883</ele></trkpt>
<trkpt lat="36.62724385416667" lon="-94.18085366609262"><ele>304.6180266203703</ele></trkpt>
<trkpt lat="36.62724096354167" lon="-94.18091895835698"><ele>304.82453703703703</ele></trkpt>
<trkpt lat="36.62723382812501" lon="-94.18098779228995"><ele>304.9942418981481</ele></trkpt>
<trkpt lat="36.62722252604168" lon="-94.18106016499301"><ele>305.1368055555555</ele></trkpt>
<trkpt lat="36.627207013888906" lon="-94.18113281836558"><ele>305.2569155092592</ele></trkpt>
<trkpt lat="36.62718672425927" lon="-94.18120212107057"><ele>305.3540983796296</ele></trkpt>
<trkpt lat="36.627160944629644" lon="-94.18126766530871"><ele>305.42591666666664</ele></trkpt>
<trkpt lat="36.627130610902796" lon="-94.18133104313596"><ele>305.4657604166667</ele></trkpt>
<trkpt lat="36.62709742789353" lon="-94.18139463155146"><ele>305.4528923611112</ele></trkpt>
<trkpt lat="36.627061582939824" lon="-94.18146289472638"><ele>305.34801041666674</ele></trkpt>
<trkpt lat="36.627020291851856" lon="-94.18154356038337"><ele>305.1098814814816</ele></trkpt>
<trkpt lat="36.626935155694916" lon="-94.18171391591181"><ele>304.41640055471413</ele></trkpt>
<trkpt lat="36.62690777392541" lon="-94.18177154646575"><ele>304.16788907475666</ele></trkpt>
<trkpt lat="36.62688199749553" lon="-94.18183033642121"><ele>303.913004437337</ele></trkpt>
<trkpt lat="36.62683173707133" lon="-94.18194929880798"><ele>303.4028259880549</ele></trkpt>
<trkpt lat="36.62679626433235" lon="-94.18202165000226"><ele>303.09133512384096</ele></trkpt>
<trkpt lat="36.626764948876314" lon="-94.1820760975551"><ele>302.8544507861323</ele></trkpt>
<trkpt lat="36.62672553231107" lon="-94.18212153934716"><ele>302.6194390691554</ele></trkpt>
<trkpt lat="36.6266741079202" lon="-94.18213658555996"><ele>302.3638115543736</ele></trkpt>
<trkpt lat="36.62662753720269" lon="-94.18210445239814"><ele>302.1231285544791</ele></trkpt>
<trkpt lat="36.62660212188618" lon="-94.18204274885701"><ele>301.91896136716383</ele></trkpt>
<trkpt lat="36.626587200349746" lon="-94.18197825242959"><ele>301.7344819801979</ele></trkpt>
<trkpt lat="36.62657944787461" lon="-94.18194172868957"><ele>301.63166535539557</ele></trkpt>
<trkpt lat="36.62656426395551" lon="-94.18187844695483"><ele>301.44987388652584</ele></trkpt>
<trkpt lat="36.62654710944523" lon="-94.18181550588258"><ele>301.26622294782356</ele></trkpt>
<trkpt lat="36.626528093626845" lon="-94.18175279251165"><ele>301.07891279304954</ele></trkpt>
<trkpt lat="36.626507366986154" lon="-94.18169123878528"><ele>300.8879269839837</ele></trkpt>
<trkpt lat="36.626484862852394" lon="-94.18163050451227"><ele>300.6953868234306</ele></trkpt>
<trkpt lat="36.62646045449723" lon="-94.18157084900118"><ele>300.5031696991305</ele></trkpt>
<trkpt lat="36.62644095775463" lon="-94.18152673016894"><ele>300.3592013888889</ele></trkpt>
<trkpt lat="36.62640698495371" lon="-94.18145599811159"><ele>300.13043981481485</ele></trkpt>
<trkpt lat="36.62637157118057" lon="-94.18138786153361"><ele>299.9186921296296</ele></trkpt>
<trkpt lat="36.626334505208334" lon="-94.18132115435465"><ele>299.73298611111113</ele></trkpt>
<trkpt lat="36.62629659722222" lon="-94.18125641188284"><ele>299.6034143518519</ele></trkpt>
<trkpt lat="36.626258460648145" lon="-94.18119449348598"><ele>299.5695601851852</ele></trkpt>
<trkpt lat="36.62621931712963" lon="-94.18113447612083"><ele>299.64924768518523</ele></trkpt>
<trkpt lat="36.62617785590278" lon="-94.18107466997463"><ele>299.81319444444443</ele></trkpt>
<trkpt lat="36.626132745949086" lon="-94.1810143024769"><ele>299.9995949074074</ele></trkpt>
<trkpt lat="36.62608200520834" lon="-94.18095253160568"><ele>300.150462962963</ele></trkpt>
<trkpt lat="36.626023478009266" lon="-94.18088778329202"><ele>300.24021990740744</ele></trkpt>
<trkpt lat="36.62595769097223" lon="-94.18082016462706"><ele>300.2736111111111</ele></trkpt>
<trkpt lat="36.625887974537044" lon="-94.18075282666813"><ele>300.26209490740746</ele></trkpt>
<trkpt lat="36.6258174987963" lon="-94.18068938840057"><ele>300.2108217592593</ele></trkpt>
<trkpt lat="36.62574670666667" lon="-94.18063079824903"><ele>300.1207777777778</ele></trkpt>
<trkpt lat="36.62567619875" lon="-94.18057694793592"><ele>300.0019791666667</ele></trkpt>
<trkpt lat="36.625607906249996" lon="-94.18052881064796"><ele>299.8698819444444</ele></trkpt>
<trkpt lat="36.62554279208334" lon="-94.18048784947631"><ele>299.7342013888889</ele></trkpt>
<trkpt lat="36.6254772725926" lon="-94.18045304722135"><ele>299.5901185185185</ele></trkpt>
<trkpt lat="36.62540628296297" lon="-94.18042151240056"><ele>299.4293037037037</ele></trkpt>
<trkpt lat="36.62532907111112" lon="-94.18039143536251"><ele>299.2567555555555</ele></trkpt>
<trkpt lat="36.62525027851853" lon="-94.18036380131078"><ele>299.0957037037037</ele></trkpt>
<trkpt lat="36.62517389481483" lon="-94.18034060282923"><ele>298.9741185185185</ele></trkpt>
<trkpt lat="36.62509891295611" lon="-94.18032250719472"><ele>298.9071345679012</ele></trkpt>
<trkpt lat="36.625021031652956" lon="-94.1803083915459"><ele>298.8913148148148</ele></trkpt>
<trkpt lat="36.62493943479424" lon="-94.1802969788544"><ele>298.9128185185185</ele></trkpt>
<trkpt lat="36.62485659344307" lon="-94.18028786169704"><ele>298.960424691358</ele></trkpt>
<trkpt lat="36.62477385493142" lon="-94.18028150479638"><ele>299.0339740740741</ele></trkpt>
<trkpt lat="36.62468520833334" lon="-94.18027833333494"><ele>299.1458333333333</ele></trkpt>
<trkpt lat="36.62458042524006" lon="-94.18027834108665"><ele>299.3118912894376</ele></trkpt>
<trkpt lat="36.62445298782579" lon="-94.18028101086983"><ele>299.53805727023325</ele></trkpt>
<trkpt lat="36.62430784979424" lon="-94.18028543989847"><ele>299.8092849794239</ele></trkpt>
<trkpt lat="36.62415905264061" lon="-94.18029061736854"><ele>300.09631344307275</ele></trkpt>
<trkpt lat="36.624019128943765" lon="-94.18029584112854"><ele>300.37639746227717</ele></trkpt>
<trkpt lat="36.62388895833334" lon="-94.18030104174677"><ele>300.65208333333334</ele></trkpt>
<trkpt lat="36.62375840277779" lon="-94.18030663332294"><ele>300.947085048011</ele></trkpt>
<trkpt lat="36.6233207175926" lon="-94.18032648415418"><ele>301.9903892318244</ele></trkpt>
<trkpt lat="36.623192507716055" lon="-94.18033197280946"><ele>302.2785665294924</ele></trkpt>
<trkpt lat="36.62308791666668" lon="-94.18033583337679"><ele>302.48125</ele></trkpt>
<trkpt lat="36.623000680013725" lon="-94.18033814474028"><ele>302.6025681069959</ele></trkpt>
<trkpt lat="36.62292080052127" lon="-94.18033931413763"><ele>302.66366584362135</ele></trkpt>
<trkpt lat="36.62276947866942" lon="-94.1803399622777"><ele>302.6920936213992</ele></trkpt>
<trkpt lat="36.622654201810704" lon="-94.1803399794238"><ele>302.66381563786007</ele></trkpt>
<trkpt lat="36.62256599209877" lon="-94.1803388271568"><ele>302.5773432098766</ele></trkpt>
<trkpt lat="36.62251889613941" lon="-94.18033629596515"><ele>302.5045772119342</ele></trkpt>
<trkpt lat="36.62246751061986" lon="-94.18033140076642"><ele>302.4105715534979</ele></trkpt>
<trkpt lat="36.62241419463735" lon="-94.18032392454741"><ele>302.2989776234568</ele></trkpt>
<trkpt lat="36.62235927211934" lon="-94.18031355962712"><ele>302.1682613168724</ele></trkpt>
<trkpt lat="36.62230102784208" lon="-94.18029970511498"><ele>302.011021090535</ele></trkpt>
<trkpt lat="36.62223599247685" lon="-94.18028261854481"><ele>301.81701388888894</ele></trkpt>
<trkpt lat="36.62216532986112" lon="-94.18026659714093"><ele>301.59010416666666</ele></trkpt>
<trkpt lat="36.62209522858797" lon="-94.18026180264063"><ele>301.3463541666667</ele></trkpt>
<trkpt lat="36.62203241608797" lon="-94.18028041674272"><ele>301.0997685185185</ele></trkpt>
<trkpt lat="36.621978640046294" lon="-94.18032896139776"><ele>300.85109953703704</ele></trkpt>
<trkpt lat="36.621930824652786" lon="-94.18040225717553"><ele>300.5967013888889</ele></trkpt>
<trkpt lat="36.62188441261575" lon="-94.18048790245984"><ele>300.33668981481486</ele></trkpt>
<trkpt lat="36.6218355182176" lon="-94.18057503021694"><ele>300.0723583333334</ele></trkpt>
<trkpt lat="36.621781726666676" lon="-94.18065993569061"><ele>299.8021962962963</ele></trkpt>
<trkpt lat="36.62172417208334" lon="-94.18074167860306"><ele>299.5348069444445</ele></trkpt>
<trkpt lat="36.621666495138896" lon="-94.18081870438006"><ele>299.29331712962966</ele></trkpt>
<trkpt lat="36.62161127875001" lon="-94.18089009321181"><ele>299.1049439814815</ele></trkpt>
<trkpt lat="36.62155638666668" lon="-94.18095948775074"><ele>298.97862222222216</ele></trkpt>
<trkpt lat="36.62149790222223" lon="-94.18103215743099"><ele>298.90346666666665</ele></trkpt>
<trkpt lat="36.62143550666667" lon="-94.18110864930301"><ele>298.86013333333335</ele></trkpt>
<trkpt lat="36.62137397333334" lon="-94.1811828418491"><ele>298.8340444444445</ele></trkpt>
<trkpt lat="36.621318431111106" lon="-94.1812476654654"><ele>298.81773333333336</ele></trkpt>
<trkpt lat="36.62126932868056" lon="-94.18130149930279"><ele>298.80801481481484</ele></trkpt>
<trkpt lat="36.62122287326388" lon="-94.18134831023734"><ele>298.80296296296297</ele></trkpt>
<trkpt lat="36.62117530145834" lon="-94.18139279869746"><ele>298.80084444444446</ele></trkpt>
<trkpt lat="36.621125289444436" lon="-94.18143704959854"><ele>298.800162962963</ele></trkpt>
<trkpt lat="36.621072177407406" lon="-94.18148177206005"><ele>298.8000148148148</ele></trkpt>
<trkpt lat="36.62101523148148" lon="-94.1815274943903"><ele>298.8</ele></trkpt>
<trkpt lat="36.62095516493056" lon="-94.18157384566805"><ele>298.8</ele></trkpt>
<trkpt lat="36.620895379050936" lon="-94.18161823222361"><ele>298.8</ele></trkpt>
<trkpt lat="36.620838958333344" lon="-94.18165801517844"><ele>298.8</ele></trkpt>
<trkpt lat="36.620786079282425" lon="-94.18169271133516"><ele>298.8</ele></trkpt>
<trkpt lat="36.62073483506945" lon="-94.18172384558308"><ele>298.8</ele></trkpt>
<trkpt lat="36.620683310185186" lon="-94.18175301514131"><ele>298.8</ele></trkpt>
<trkpt lat="36.62062952546296" lon="-94.18178146711556"><ele>298.8</ele></trkpt>
<trkpt lat="36.62057140046297" lon="-94.1818102749989"><ele>298.8</ele></trkpt>
<trkpt lat="36.62050884548611" lon="-94.18183967026093"><ele>298.8</ele></trkpt>
<trkpt lat="36.62044432581018" lon="-94.18186850416785"><ele>298.8</ele></trkpt>
<trkpt lat="36.62037998553241" lon="-94.18189550357873"><ele>298.8</ele></trkpt>
<trkpt lat="36.6203155150463" lon="-94.18192057591094"><ele>298.8</ele></trkpt>
<trkpt lat="36.620250329861115" lon="-94.18194434037488"><ele>298.8</ele></trkpt>
<trkpt lat="36.620185706018525" lon="-94.18196698215053"><ele>298.8</ele></trkpt>
<trkpt lat="36.62006154224537" lon="-94.18200918700165"><ele>298.8</ele></trkpt>
<trkpt lat="36.62000016493056" lon="-94.18202934035573"><ele>298.8</ele></trkpt>
<trkpt lat="36.61993906828704" lon="-94.1820483710201"><ele>298.8</ele></trkpt>
<trkpt lat="36.61987854745371" lon="-94.18206548617303"><ele>298.8</ele></trkpt>
<trkpt lat="36.61981780092592" lon="-94.18208051799515"><ele>298.8</ele></trkpt>
<trkpt lat="36.61975714409722" lon="-94.18209368060424"><ele>298.8</ele></trkpt>
<trkpt lat="36.61970013599537" lon="-94.18210459783819"><ele>298.8</ele></trkpt>
<trkpt lat="36.61965065404235" lon="-94.18211249027024"><ele>298.8</ele></trkpt>
<trkpt lat="36.61960906464334" lon="-94.18211703104564"><ele>298.8</ele></trkpt>
<trkpt lat="36.619571154835384" lon="-94.18211878440306"><ele>298.8</ele></trkpt>
<trkpt lat="36.61953236625514" lon="-94.18211857199309"><ele>298.8</ele></trkpt>
<trkpt lat="36.61949009773664" lon="-94.18211691282502"><ele>298.8</ele></trkpt>
<trkpt lat="36.6194453909465" lon="-94.18211382715248"><ele>298.8</ele></trkpt>
<trkpt lat="36.61940117959105" lon="-94.1821091365417"><ele>298.8</ele></trkpt>
<trkpt lat="36.61936014628344" lon="-94.18210258539766"><ele>298.8</ele></trkpt>
<trkpt lat="36.61932233442644" lon="-94.18209398563833"><ele>298.8</ele></trkpt>
<trkpt lat="36.61928319015776" lon="-94.18208247766715"><ele>298.8</ele></trkpt>
<trkpt lat="36.619236827846365" lon="-94.18206693750969"><ele>298.8</ele></trkpt>
<trkpt lat="36.619179084362145" lon="-94.18204654395048"><ele>298.8</ele></trkpt>
<trkpt lat="36.619043682163074" lon="-94.18199718336157"><ele>298.8</ele></trkpt>
<trkpt lat="36.61897518743571" lon="-94.18197144407883"><ele>298.8</ele></trkpt>
<trkpt lat="36.618902500000004" lon="-94.18194333302696"><ele>298.8</ele></trkpt>
<trkpt lat="36.61881684242113" lon="-94.18190937626868"><ele>298.8</ele></trkpt>
<trkpt lat="36.61871258144719" lon="-94.18186746426422"><ele>298.8</ele></trkpt>
<trkpt lat="36.61847542866942" lon="-94.18177126826221"><ele>298.8</ele></trkpt>
<trkpt lat="36.618368046124836" lon="-94.1817273700612"><ele>298.8</ele></trkpt>
<trkpt lat="36.618276041666675" lon="-94.1816893746293"><ele>298.8</ele></trkpt>
<trkpt lat="36.6181931588546" lon="-94.18165462281793"><ele>298.8</ele></trkpt>
<trkpt lat="36.61811085635117" lon="-94.18161961744326"><ele>298.8</ele></trkpt>
<trkpt lat="36.61787073045954" lon="-94.18151673282593"><ele>298.8</ele></trkpt>
<trkpt lat="36.617809245432106" lon="-94.18149083658344"><ele>298.8</ele></trkpt>
<trkpt lat="36.617754592592604" lon="-94.1814684328328"><ele>298.8</ele></trkpt>
<trkpt lat="36.61770044148148" lon="-94.18144723301323"><ele>298.8</ele></trkpt>
<trkpt lat="36.61764450935528" lon="-94.18142685667318"><ele>298.8</ele></trkpt>
<trkpt lat="36.617587558463654" lon="-94.18140823391501"><ele>298.8</ele></trkpt>
<trkpt lat="36.61753195473251" lon="-94.18139273658882"><ele>298.8</ele></trkpt>
<trkpt lat="36.61747823731139" lon="-94.1813807475738"><ele>298.8</ele></trkpt>
<trkpt lat="36.61742643347051" lon="-94.1813722770752"><ele>298.8</ele></trkpt>
<trkpt lat="36.61737617283951" lon="-94.18136695472327"><ele>298.8</ele></trkpt>
<trkpt lat="36.617327572016464" lon="-94.18136443072402"><ele>298.8</ele></trkpt>
<trkpt lat="36.61728069958848" lon="-94.18136449931684"><ele>298.8</ele></trkpt>
<trkpt lat="36.617235" lon="-94.18136734568841"><ele>298.8</ele></trkpt>
<trkpt lat="36.61718934156379" lon="-94.1813735253952"><ele>298.8</ele></trkpt>
<trkpt lat="36.61714288065845" lon="-94.18138359399187"><ele>298.8</ele></trkpt>
<trkpt lat="36.61709617283951" lon="-94.18139773666101"><ele>298.8</ele></trkpt>
<trkpt lat="36.617051523237315" lon="-94.18141542319489"><ele>298.8002814814815</ele></trkpt>
<trkpt lat="36.61701111363512" lon="-94.18143599960541"><ele>298.8030962962963</ele></trkpt>
<trkpt lat="36.61697540477367" lon="-94.18145886886718"><ele>298.8160444444445</ele></trkpt>
<trkpt lat="36.616940824417014" lon="-94.1814854686982"><ele>298.8562962962963</ele></trkpt>
<trkpt lat="36.61690038825789" lon="-94.18152006562858"><ele>298.95228148148146</ele></trkpt>
<trkpt lat="36.61684603197531" lon="-94.18156859428935"><ele>299.13143148148146</ele></trkpt>
<trkpt lat="36.61677401049383" lon="-94.18163390768648"><ele>299.402274691358</ele></trkpt>
<trkpt lat="36.61660062395062" lon="-94.18179224737291"><ele>300.0940518518519</ele></trkpt>
<trkpt lat="36.61643541666667" lon="-94.18194354239873"><ele>300.7729166666667</ele></trkpt>
<trkpt lat="36.616252325102884" lon="-94.18211151170541"><ele>301.5443072702332</ele></trkpt>
<trkpt lat="36.61604527263375" lon="-94.18230179712731"><ele>302.42493998628265</ele></trkpt>
<trkpt lat="36.615960097736625" lon="-94.182380401098"><ele>302.78750857338827</ele></trkpt>
<trkpt lat="36.615898333333334" lon="-94.18243791709284"><ele>303.05</ele></trkpt>
<trkpt lat="36.61585779578189" lon="-94.18247677575953"><ele>303.2219050068588</ele></trkpt>
<trkpt lat="36.61583155606996" lon="-94.18250476260833"><ele>303.33663408779154</ele></trkpt>
<trkpt lat="36.615812438271604" lon="-94.18253104427824"><ele>303.4330761316873</ele></trkpt>
<trkpt lat="36.61579709619341" lon="-94.18256216994695"><ele>303.538177297668</ele></trkpt>
<trkpt lat="36.615784855349794" lon="-94.1825999487121"><ele>303.6596648834019</ele></trkpt>
<trkpt lat="36.615776806481485" lon="-94.18264183611922"><ele>303.7866055555556</ele></trkpt>
<trkpt lat="36.61577304351852" lon="-94.18268344351642"><ele>303.89805370370374</ele></trkpt>
<trkpt lat="36.61577347222222" lon="-94.18272412405545"><ele>303.97659259259257</ele></trkpt>
<trkpt lat="36.615778061111115" lon="-94.18276896476604"><ele>304.01242962962965</ele></trkpt>
<trkpt lat="36.615787555555556" lon="-94.18282723694307"><ele>304.00594074074075</ele></trkpt>
<trkpt lat="36.61580208888889" lon="-94.18290431837842"><ele>303.96503703703706</ele></trkpt>
<trkpt lat="36.615837911111115" lon="-94.1830888072662"><ele>303.8693481481481</ele></trkpt>
<trkpt lat="36.61585244444445" lon="-94.18317079249681"><ele>303.88238518518517</ele></trkpt>
<trkpt lat="36.61586196493056" lon="-94.18323802552813"><ele>303.98124421296296</ele></trkpt>
<trkpt lat="36.615866814236114" lon="-94.18329516467942"><ele>304.18224189814816</ele></trkpt>
<trkpt lat="36.61586800104167" lon="-94.18334883298529"><ele>304.4867534722222</ele></trkpt>
<trkpt lat="36.615865786111115" lon="-94.18340319075656"><ele>304.9000092592592</ele></trkpt>
<trkpt lat="36.61585948171297" lon="-94.18346082191174"><ele>305.44724537037035</ele></trkpt>
<trkpt lat="36.61584844328704" lon="-94.18352346938835"><ele>306.14849537037037</ele></trkpt>
<trkpt lat="36.6158331857639" lon="-94.18359065979841"><ele>306.97144097222224</ele></trkpt>
<trkpt lat="36.615814840856494" lon="-94.18365897288554"><ele>307.8308738425926</ele></trkpt>
<trkpt lat="36.615793987268525" lon="-94.18372551224486"><ele>308.65017361111114</ele></trkpt>
<trkpt lat="36.61577040798612" lon="-94.18379020264886"><ele>309.4057581018518</ele></trkpt>
<trkpt lat="36.61574450520834" lon="-94.18385384559433"><ele>310.09887152777776</ele></trkpt>
<trkpt lat="36.615717760416665" lon="-94.18391552383031"><ele>310.7049768518518</ele></trkpt>
<trkpt lat="36.61569119448731" lon="-94.18397452652296"><ele>311.187752914952</ele></trkpt>
<trkpt lat="36.61566422925241" lon="-94.18403209114355"><ele>311.54803669410154</ele></trkpt>
<trkpt lat="36.615634818994344" lon="-94.18409075820122"><ele>311.85686406893007</ele></trkpt>
<trkpt lat="36.61560165691444" lon="-94.18415001017789"><ele>312.2139221107682</ele></trkpt>
<trkpt lat="36.61556452492712" lon="-94.18420742572883"><ele>312.6916977451989</ele></trkpt>
<trkpt lat="36.615525000000005" lon="-94.18425952684326"><ele>313.2851851851852</ele></trkpt>
<trkpt lat="36.61548521262003" lon="-94.18430446509859"><ele>313.9288065843621</ele></trkpt>
<trkpt lat="36.615447153635124" lon="-94.18434113174591"><ele>314.5477366255144</ele></trkpt>
<trkpt lat="36.61541156378601" lon="-94.1843695267899"><ele>315.103086419753</ele></trkpt>
<trkpt lat="36.61537812071331" lon="-94.18439018521214"><ele>315.5940329218107</ele></trkpt>
<trkpt lat="36.61534597393691" lon="-94.18440393005726"><ele>316.0355967078189</ele></trkpt>
<trkpt lat="36.6153138271605" lon="-94.18441187243585"><ele>316.45</ele></trkpt>
<trkpt lat="36.61528077160495" lon="-94.18441541066724"><ele>316.85508401920436</ele></trkpt>
<trkpt lat="36.6152463888889" lon="-94.1844158547632"><ele>317.25901063100133</ele></trkpt>
<trkpt lat="36.61521179012346" lon="-94.1844140149044"><ele>317.6407150205761</ele></trkpt>
<trkpt lat="36.615176718107" lon="-94.18440972904513"><ele>317.9757544581619</ele></trkpt>
<trkpt lat="36.61513852880659" lon="-94.18440184748118"><ele>318.2461334019204</ele></trkpt>
<trkpt lat="36.61509000000001" lon="-94.18438812483119"><ele>318.46875</ele></trkpt>
<trkpt lat="36.61502363854596" lon="-94.18436632859115"><ele>318.6712534293553</ele></trkpt>
<trkpt lat="36.61493638203019" lon="-94.18433599840769"><ele>318.8798525377229</ele></trkpt>
<trkpt lat="36.61473289437586" lon="-94.18426436260606"><ele>319.3111025377229</ele></trkpt>
<trkpt lat="36.61464450274349" lon="-94.1842346001982"><ele>319.50551268861454</ele></trkpt>
<trkpt lat="36.61457583333333" lon="-94.18421395816864"><ele>319.6791666666666</ele></trkpt>
<trkpt lat="36.61452318244171" lon="-94.18420229673366"><ele>319.8523148148148</ele></trkpt>
<trkpt lat="36.614478371056244" lon="-94.18419772631222"><ele>320.0604938271605</ele></trkpt>
<trkpt lat="36.61443315843622" lon="-94.18419851080493"><ele>320.3634259259259</ele></trkpt>
<trkpt lat="36.614384156378605" lon="-94.1842038554718"><ele>320.8223765432099</ele></trkpt>
<trkpt lat="36.61433086419753" lon="-94.18421358285062"><ele>321.4702160493827</ele></trkpt>
<trkpt lat="36.614275781893014" lon="-94.18422734572036"><ele>322.24999999999994</ele></trkpt>
<trkpt lat="36.61422084362141" lon="-94.1842444993619"><ele>323.03532235939645</ele></trkpt>
<trkpt lat="36.61416751028808" lon="-94.18426443077946"><ele>323.70150891632375</ele></trkpt>
<trkpt lat="36.614115781893005" lon="-94.1842869547899"><ele>324.2022633744856</ele></trkpt>
<trkpt lat="36.61406520576133" lon="-94.18431222914441"><ele>324.56721536351165</ele></trkpt>
<trkpt lat="36.61401561728396" lon="-94.18434021954718"><ele>324.84759945130315</ele></trkpt>
<trkpt lat="36.61396812757202" lon="-94.1843700000674"><ele>325.08045267489706</ele></trkpt>
<trkpt lat="36.61392519986712" lon="-94.18439966741032"><ele>325.28350372942384</ele></trkpt>
<trkpt lat="36.61388893207734" lon="-94.18442771438032"><ele>325.4687982253086</ele></trkpt>
<trkpt lat="36.6138592345036" lon="-94.18445453450767"><ele>325.6499646347736</ele></trkpt>
<trkpt lat="36.613832524005495" lon="-94.18448421902559"><ele>325.85543552812067</ele></trkpt>
<trkpt lat="36.61380378129287" lon="-94.18452276930917"><ele>326.1231942301097</ele></trkpt>
<trkpt lat="36.61376920138889" lon="-94.18457479182439"><ele>326.48110532407406</ele></trkpt>
<trkpt lat="36.61372950520833" lon="-94.18463895852284"><ele>326.91319444444446</ele></trkpt>
<trkpt lat="36.61368896701389" lon="-94.18470986129651"><ele>327.3677372685185</ele></trkpt>
<trkpt lat="36.613651979166676" lon="-94.18478307597248"><ele>327.79638310185186</ele></trkpt>
<trkpt lat="36.61362002604167" lon="-94.18485827849952"><ele>328.19178240740735</ele></trkpt>
<trkpt lat="36.61359247395834" lon="-94.18493615464187"><ele>328.5879340277777</ele></trkpt>
<trkpt lat="36.61356913194445" lon="-94.18501599547803"><ele>329.04864004629627</ele></trkpt>
<trkpt lat="36.613550529513894" lon="-94.18509752323082"><ele>329.64921874999993</ele></trkpt>
<trkpt lat="36.61353676215278" lon="-94.18518252320989"><ele>330.438599537037</ele></trkpt>
<trkpt lat="36.61352697916667" lon="-94.18527214414257"><ele>331.38628472222223</ele></trkpt>
<trkpt lat="36.61352056423612" lon="-94.1853654138006"><ele>332.3957175925926</ele></trkpt>
<trkpt lat="36.61351747974538" lon="-94.18546122799154"><ele>333.3747435185185</ele></trkpt>
<trkpt lat="36.613517710185185" lon="-94.18556044961413"><ele>334.2950722222222</ele></trkpt>
<trkpt lat="36.61352042881945" lon="-94.18566185108234"><ele>335.1595125</ele></trkpt>
<trkpt lat="36.61352443275464" lon="-94.18576160737348"><ele>335.96718749999997</ele></trkpt>
<trkpt lat="36.61352886863426" lon="-94.18585760144408"><ele>336.72310694444445</ele></trkpt>
<trkpt lat="36.61353911555556" lon="-94.18606050512959"><ele>338.2797037037037</ele></trkpt>
<trkpt lat="36.61354525333334" lon="-94.18617457771573"><ele>339.1390222222222</ele></trkpt>
<trkpt lat="36.61355182222223" lon="-94.1862879317908"><ele>339.9796592592592</ele></trkpt>
<trkpt lat="36.61355873777778" lon="-94.18639112586781"><ele>340.7209185185185</ele></trkpt>
<trkpt lat="36.61356646835649" lon="-94.1864834938282"><ele>341.3456331018519</ele></trkpt>
<trkpt lat="36.613575617476855" lon="-94.18657153604292"><ele>341.8974085648148</ele></trkpt>
<trkpt lat="36.61358620465278" lon="-94.18665987659492"><ele>342.42025347222216</ele></trkpt>
<trkpt lat="36.61359745296297" lon="-94.18674568271236"><ele>342.91645370370367</ele></trkpt>
<trkpt lat="36.61360869665295" lon="-94.1868243060093"><ele>343.37265706447187</ele></trkpt>
<trkpt lat="36.61361979509602" lon="-94.18689481905629"><ele>343.79128943758576</ele></trkpt>
<trkpt lat="36.613642551333164" lon="-94.18703340530773"><ele>344.66035772462277</ele></trkpt>
<trkpt lat="36.61365369995285" lon="-94.18710990222236"><ele>345.1690532836077</ele></trkpt>
<trkpt lat="36.6136638271605" lon="-94.18719078185569"><ele>345.7351851851852</ele></trkpt>
<trkpt lat="36.61367240054871" lon="-94.18727325785723"><ele>346.3546639231825</ele></trkpt>
<trkpt lat="36.61367899862827" lon="-94.18735437583582"><ele>347.02475994513037</ele></trkpt>
<trkpt lat="36.61368343621401" lon="-94.18743265430835"><ele>347.75473251028814</ele></trkpt>
<trkpt lat="36.61368572530865" lon="-94.18750656463881"><ele>348.5438014403292</ele></trkpt>
<trkpt lat="36.61368602366255" lon="-94.18757474194376"><ele>349.3789351851852</ele></trkpt>
<trkpt lat="36.61368474794239" lon="-94.18763554270545"><ele>350.2094393004115</ele></trkpt>
<trkpt lat="36.6136823010974" lon="-94.18769130317561"><ele>351.01200274348423</ele></trkpt>
<trkpt lat="36.613678804869686" lon="-94.18774809760637"><ele>351.8082390260631</ele></trkpt>
<trkpt lat="36.613673750000004" lon="-94.18781770841098"><ele>352.71875</ele></trkpt>
<trkpt lat="36.61366641975309" lon="-94.18791127499051"><ele>353.8780864197531</ele></trkpt>
<trkpt lat="36.61365655864198" lon="-94.18803347582649"><ele>355.3537808641976</ele></trkpt>
<trkpt lat="36.61363344135803" lon="-94.18831851440747"><ele>358.7462191358025</ele></trkpt>
<trkpt lat="36.61362358024692" lon="-94.18844383672045"><ele>360.2219135802469</ele></trkpt>
<trkpt lat="36.61361625000001" lon="-94.18854375008006"><ele>361.38125</ele></trkpt>
<trkpt lat="36.61361122599452" lon="-94.18862372775351"><ele>362.28399669924556</ele></trkpt>
<trkpt lat="36.6136078686557" lon="-94.18869430729396"><ele>363.0569112225652</ele></trkpt>
<trkpt lat="36.613605877057616" lon="-94.18876328962028"><ele>363.81096000514407</ele></trkpt>
<trkpt lat="36.6136058701989" lon="-94.18883112054078"><ele>364.5963305898491</ele></trkpt>
<trkpt lat="36.61360913065844" lon="-94.18889643859796"><ele>365.4541752400549</ele></trkpt>
<trkpt lat="36.61361683556242" lon="-94.18895839245674"><ele>366.40955075445817</ele></trkpt>
<trkpt lat="36.6136296399177" lon="-94.18901859563267"><ele>367.4655703446502</ele></trkpt>
<trkpt lat="36.61364754715364" lon="-94.18907608790862"><ele>368.54649669924555</ele></trkpt>
<trkpt lat="36.61367040037723" lon="-94.18912902000433"><ele>369.5658103995199</ele></trkpt>
<trkpt lat="36.61369773662552" lon="-94.18917530858404"><ele>370.4639917695473</ele></trkpt>
<trkpt lat="36.61372909465021" lon="-94.18921554178053"><ele>371.25219478738</ele></trkpt>
<trkpt lat="36.61376409465021" lon="-94.18925102189039"><ele>371.9576817558299</ele></trkpt>
<trkpt lat="36.613802736625516" lon="-94.18928304520982"><ele>372.59526748971194</ele></trkpt>
<trkpt lat="36.61384457657065" lon="-94.18931198013453"><ele>373.14999615912205</ele></trkpt>
<trkpt lat="36.6138889167627" lon="-94.18933802567487"><ele>373.59713470507546</ele></trkpt>
<trkpt lat="36.61393416905351" lon="-94.18936155811994"><ele>373.9103572016461</ele></trkpt>
<trkpt lat="36.61398100850481" lon="-94.18938467671212"><ele>374.0645788751715</ele></trkpt>
<trkpt lat="36.61403366820302" lon="-94.18941141402165"><ele>374.0165091906722</ele></trkpt>
<trkpt lat="36.61410025333334" lon="-94.18944708115649"><ele>373.7251555555556</ele></trkpt>
<trkpt lat="36.614185688888895" lon="-94.18949446916255"><ele>373.1844</ele></trkpt>
<trkpt lat="36.614285506666675" lon="-94.18955084391041"><ele>372.46453333333335</ele></trkpt>
<trkpt lat="36.61438618666667" lon="-94.18960865581225"><ele>371.6843111111111</ele></trkpt>
<trkpt lat="36.61447456444446" lon="-94.18966094778531"><ele>370.9376</ele></trkpt>
<trkpt lat="36.61454656006945" lon="-94.18970613266484"><ele>370.23569375</ele></trkpt>
<trkpt lat="36.61460690520834" lon="-94.18974734078328"><ele>369.53686458333334</ele></trkpt>
<trkpt lat="36.614661840625" lon="-94.18978798442296"><ele>368.82779374999996</ele></trkpt>
<trkpt lat="36.61471379722222" lon="-94.18982898485788"><ele>368.1726</ele></trkpt>
<trkpt lat="36.61476284652778" lon="-94.18987031149157"><ele>367.6606520833333</ele></trkpt>
<trkpt lat="36.61480918402777" lon="-94.18991245936672"><ele>367.3504340277778</ele></trkpt>
<trkpt lat="36.61485351562501" lon="-94.1899563193218"><ele>367.2583333333333</ele></trkpt>
<trkpt lat="36.614895321180555" lon="-94.1900024246481"><ele>367.43567708333336</ele></trkpt>
<trkpt lat="36.614933998842595" lon="-94.19005201376797"><ele>367.97366898148147</ele></trkpt>
<trkpt lat="36.61497005497685" lon="-94.19010695010263"><ele>368.9239872685185</ele></trkpt>
<trkpt lat="36.61500483506945" lon="-94.19016763875031"><ele>370.17309027777776</ele></trkpt>
<trkpt lat="36.615039334490746" lon="-94.19023281813864"><ele>371.4614872685185</ele></trkpt>
<trkpt lat="36.615074473379636" lon="-94.19030201661681"><ele>372.53732638888886</ele></trkpt>
<trkpt lat="36.615111331018525" lon="-94.19037658835073"><ele>373.3011863425926</ele></trkpt>
<trkpt lat="36.615149835069445" lon="-94.19045648416926"><ele>373.80763888888885</ele></trkpt>
<trkpt lat="36.61518805844907" lon="-94.19053890605132"><ele>374.15691550925925</ele></trkpt>
<trkpt lat="36.615223802013894" lon="-94.19062096116092"><ele>374.4225076388889</ele></trkpt>
<trkpt lat="36.6152565525926" lon="-94.19070278778976"><ele>374.6411962962963</ele></trkpt>
<trkpt lat="36.615286796388894" lon="-94.1907851244793"><ele>374.83592152777777</ele></trkpt>
<trkpt lat="36.61531492175927" lon="-94.19086860896209"><ele>375.0261331018518</ele></trkpt>
<trkpt lat="36.61534151046297" lon="-94.1909565531445"><ele>375.23589189814817</ele></trkpt>
<trkpt lat="36.61536847555556" lon="-94.19105744120367"><ele>375.49508148148146</ele></trkpt>
<trkpt lat="36.61539783555556" lon="-94.1911782781638"><ele>375.8218518518518</ele></trkpt>
<trkpt lat="36.61542924000001" lon="-94.19131483072569"><ele>376.1983111111111</ele></trkpt>
<trkpt lat="36.61545935111112" lon="-94.19145109595985"><ele>376.5718962962963</ele></trkpt>
<trkpt lat="36.61548429777778" lon="-94.19157095235667"><ele>376.8888592592592</ele></trkpt>
<trkpt lat="36.61550249303241" lon="-94.19166988754505"><ele>377.12915509259255</ele></trkpt>
<trkpt lat="36.615515086689825" lon="-94.19175468001345"><ele>377.313761574074</ele></trkpt>
<trkpt lat="36.61552412784723" lon="-94.19183373134047"><ele>377.4889236111111</ele></trkpt>
<trkpt lat="36.61553085148149" lon="-94.19191024367237"><ele>377.71643518518516</ele></trkpt>
<trkpt lat="36.615535524050934" lon="-94.19198451162521"><ele>378.0601446759259</ele></trkpt>
<trkpt lat="36.615538104745376" lon="-94.19205703992282"><ele>378.5559895833333</ele></trkpt>
<trkpt lat="36.61553868055557" lon="-94.19212851562611"><ele>379.17473958333335</ele></trkpt>
<trkpt lat="36.61553701099538" lon="-94.19219746528853"><ele>379.8355902777778</ele></trkpt>
<trkpt lat="36.61553232671041" lon="-94.19226307229741"><ele>380.4691850994513</ele></trkpt>
<trkpt lat="36.615523667695484" lon="-94.19232666156175"><ele>381.0477451989026</ele></trkpt>
<trkpt lat="36.61551013406636" lon="-94.19239103689854"><ele>381.55133423353914</ele></trkpt>
<trkpt lat="36.615491352987824" lon="-94.19245569033183"><ele>381.9138792438272</ele></trkpt>
<trkpt lat="36.61546803873028" lon="-94.19251834144299"><ele>382.06951838991773</ele></trkpt>
<trkpt lat="36.61544390946502" lon="-94.1925764815449"><ele>382.0218106995885</ele></trkpt>
<trkpt lat="36.615424989176105" lon="-94.19262995149154"><ele>381.8689686213992</ele></trkpt>
<trkpt lat="36.6154165733239" lon="-94.19267937339855"><ele>381.71709104938276</ele></trkpt>
<trkpt lat="36.615419272440846" lon="-94.19272551984831"><ele>381.6061085390947</ele></trkpt>
<trkpt lat="36.61542980624143" lon="-94.19277079985868"><ele>381.49180384087794</ele></trkpt>
<trkpt lat="36.6154442446845" lon="-94.19281828441089"><ele>381.3068072702332</ele></trkpt>
<trkpt lat="36.615478959297846" lon="-94.19292809500296"><ele>380.6295910493827</ele></trkpt>
<trkpt lat="36.61549928787296" lon="-94.19298662055212"><ele>380.1987011316873</ele></trkpt>
<trkpt lat="36.61552364808385" lon="-94.19304562059153"><ele>379.73802726337453</ele></trkpt>
<trkpt lat="36.61555645833334" lon="-94.19311062460669"><ele>379.20416666666665</ele></trkpt>
<trkpt lat="36.61560258401921" lon="-94.19318991964393"><ele>378.5286265432099</ele></trkpt>
<trkpt lat="36.61566394118656" lon="-94.19328831191214"><ele>377.67245370370375</ele></trkpt>
<trkpt lat="36.615736270576136" lon="-94.1934007320759"><ele>376.6780092592593</ele></trkpt>
<trkpt lat="36.61581076217421" lon="-94.1935143998343"><ele>375.6461419753087</ele></trkpt>
<trkpt lat="36.61587949759945" lon="-94.19361704917587"><ele>374.6622685185185</ele></trkpt>
<trkpt lat="36.615940625" lon="-94.19370499942671"><ele>373.7270833333333</ele></trkpt>
<trkpt lat="36.61599828875172" lon="-94.19378371262516"><ele>372.7645747599451</ele></trkpt>
<trkpt lat="36.61605752657751" lon="-94.1938610291519"><ele>371.7029921124829</ele></trkpt>
<trkpt lat="36.61611921810701" lon="-94.19394053703253"><ele>370.5539094650206</ele></trkpt>
<trkpt lat="36.616179579046644" lon="-94.19402095972511"><ele>369.41147976680384</ele></trkpt>
<trkpt lat="36.61623427640604" lon="-94.1941013978574"><ele>368.37259945130313</ele></trkpt>
<trkpt lat="36.61628270833334" lon="-94.19418645785612"><ele>367.45624999999995</ele></trkpt>
<trkpt lat="36.61632842163924" lon="-94.1942850500228"><ele>366.5980195473251</ele></trkpt>
<trkpt lat="36.61637548525378" lon="-94.19440304802929"><ele>365.72134773662555</ele></trkpt>
<trkpt lat="36.61642475565844" lon="-94.19453612325157"><ele>364.810262345679</ele></trkpt>
<trkpt lat="36.61647361025377" lon="-94.19467111128988"><ele>363.916640946502</ele></trkpt>
<trkpt lat="36.616519254972566" lon="-94.19479563641355"><ele>363.0995627572016</ele></trkpt>
<trkpt lat="36.616562083333335" lon="-94.19490749946414"><ele>362.3625</ele></trkpt>
<trkpt lat="36.61660605112483" lon="-94.19501555312777"><ele>361.64381824417006</ele></trkpt>
<trkpt lat="36.616655069163244" lon="-94.19513004674734"><ele>360.87989574759945</ele></trkpt>
<trkpt lat="36.61670956226338" lon="-94.19525331892449"><ele>360.07060288065844</ele></trkpt>
<trkpt lat="36.61676560089164" lon="-94.19537681146228"><ele>359.3056303155007</ele></trkpt>
<trkpt lat="36.61681946100138" lon="-94.19549108898514"><ele>358.69949725651577</ele></trkpt>
<trkpt lat="36.616870376550075" lon="-94.19559293301614"><ele>358.3219770233197</ele></trkpt>
<trkpt lat="36.61692076526064" lon="-94.1956872818556"><ele>358.1522163923182</ele></trkpt>
<trkpt lat="36.616971548539105" lon="-94.19577802474258"><ele>358.1089866255144</ele></trkpt>
<trkpt lat="36.617021818902614" lon="-94.19586611843758"><ele>358.0896268861454</ele></trkpt>
<trkpt lat="36.617070829636496" lon="-94.1959520675212"><ele>358.0019152949246</ele></trkpt>
<trkpt lat="36.617121875" lon="-94.19604270767816"><ele>357.76875</ele></trkpt>
<trkpt lat="36.617180701303155" lon="-94.19614858790545"><ele>357.338468792867</ele></trkpt>
<trkpt lat="36.6172509627915" lon="-94.19627602677306"><ele>356.70749314128943</ele></trkpt>
<trkpt lat="36.61732951131688" lon="-94.19641872814307"><ele>355.94364711934156</ele></trkpt>
<trkpt lat="36.61740722822359" lon="-94.19655926754433"><ele>355.1689900548697</ele></trkpt>
<trkpt lat="36.61747465192045" lon="-94.19667932871754"><ele>354.5011231138546</ele></trkpt>
<trkpt lat="36.617527708333334" lon="-94.19677020780604"><ele>353.9958333333334</ele></trkpt>
<trkpt lat="36.61756959619343" lon="-94.19683607394428"><ele>353.63239026063104</ele></trkpt>
<trkpt lat="36.61760636831276" lon="-94.19688685510249"><ele>353.3549039780521</ele></trkpt>
<trkpt lat="36.61764309413579" lon="-94.19693141705997"><ele>353.110133744856</ele></trkpt>
<trkpt lat="36.61768004715364" lon="-94.19697178574923"><ele>352.879475308642</ele></trkpt>
<trkpt lat="36.61771607424555" lon="-94.19700659887798"><ele>352.6627057613169</ele></trkpt>
<trkpt lat="36.617750781893015" lon="-94.19703296292718"><ele>352.46954732510284</ele></trkpt>
<trkpt lat="36.617787018389926" lon="-94.19705037656739"><ele>352.30036758401917</ele></trkpt>
<trkpt lat="36.617827886445475" lon="-94.19705921960278"><ele>352.15548375342934</ele></trkpt>
<trkpt lat="36.617874063143006" lon="-94.19706070153013"><ele>352.04204282407403</ele></trkpt>
<trkpt lat="36.617925528978056" lon="-94.1970551397861"><ele>351.98047839506177</ele></trkpt>
<trkpt lat="36.617982996433476" lon="-94.1970422433177"><ele>351.99409629629633</ele></trkpt>
<trkpt lat="36.61804861203704" lon="-94.1970220162352"><ele>352.0881518518519</ele></trkpt>
<trkpt lat="36.61819380162037" lon="-94.19697172860837"><ele>352.3768206018519</ele></trkpt>
<trkpt lat="36.61826512893519" lon="-94.19695063774401"><ele>352.4604655092593</ele></trkpt>
<trkpt lat="36.6183373525926" lon="-94.1969351200768"><ele>352.45241481481486</ele></trkpt>
<trkpt lat="36.618415745185196" lon="-94.19692386672993"><ele>352.3535851851852</ele></trkpt>
<trkpt lat="36.61850109777779" lon="-94.19691424006592"><ele>352.1983111111111</ele></trkpt>
<trkpt lat="36.618588318518526" lon="-94.1969033200883"><ele>352.04016296296294</ele></trkpt>
<trkpt lat="36.61867308592593" lon="-94.19688765347331"><ele>351.9315259259259</ele></trkpt>
<trkpt lat="36.6187571125926" lon="-94.19686378392512"><ele>351.90294814814814</ele></trkpt>
<trkpt lat="36.61884537629629" lon="-94.19683030993374"><ele>351.95327407407405</ele></trkpt>
<trkpt lat="36.61893755111112" lon="-94.19679033811424"><ele>352.0533777777777</ele></trkpt>
<trkpt lat="36.61902555851852" lon="-94.19675094103103"><ele>352.1592296296295</ele></trkpt>
<trkpt lat="36.61909960148149" lon="-94.19671942834142"><ele>352.2291703703703</ele></trkpt>
<trkpt lat="36.61915625495371" lon="-94.19669942808471"><ele>352.2358543981481</ele></trkpt>
<trkpt lat="36.61919987893519" lon="-94.19669004899411"><ele>352.16393171296295</ele></trkpt>
<trkpt lat="36.61923797402778" lon="-94.19668833687697"><ele>351.9872006944444</ele></trkpt>
<trkpt lat="36.61927751907409" lon="-94.19669202553523"><ele>351.6351796296296</ele></trkpt>
<trkpt lat="36.61932418527778" lon="-94.19670055271034"><ele>351.00592615740743</ele></trkpt>
<trkpt lat="36.61938144675927" lon="-94.19671400745231"><ele>350.04603587962964</ele></trkpt>
<trkpt lat="36.619448628472234" lon="-94.19673164921406"><ele>348.8532986111111</ele></trkpt>
<trkpt lat="36.619521984953714" lon="-94.19675209769605"><ele>347.6661747685185</ele></trkpt>
<trkpt lat="36.61959899305557" lon="-94.19677448772786"><ele>346.7229166666666</ele></trkpt>
<trkpt lat="36.61967985532408" lon="-94.19679872671551"><ele>346.1199363425926</ele></trkpt>
<trkpt lat="36.61976335069445" lon="-94.19682384534687"><ele>345.7956597222222</ele></trkpt>
<trkpt lat="36.619844039351854" lon="-94.1968469993062"><ele>345.6341724537037</ele></trkpt>
<trkpt lat="36.61991574231482" lon="-94.19686498281975"><ele>345.54592291666665</ele></trkpt>
<trkpt lat="36.619976898333334" lon="-94.19687640126007"><ele>345.4843962962963</ele></trkpt>
<trkpt lat="36.620030669583336" lon="-94.19688201276887"><ele>345.4109048611111</ele></trkpt>
<trkpt lat="36.62008234930556" lon="-94.19688281853672"><ele>345.26810532407404</ele></trkpt>
<trkpt lat="36.62013870458334" lon="-94.19687857820836"><ele>344.96900856481477</ele></trkpt>
<trkpt lat="36.620207878518514" lon="-94.19686813493558"><ele>344.4250222222222</ele></trkpt>
<trkpt lat="36.620295125925935" lon="-94.19685122981117"><ele>343.6072888888889</ele></trkpt>
<trkpt lat="36.62039694222223" lon="-94.1968300846526"><ele>342.6076</ele></trkpt>
<trkpt lat="36.62050206370371" lon="-94.19680908314466"><ele>341.62084444444446</ele></trkpt>
<trkpt lat="36.62060058962964" lon="-94.19679266826674"><ele>340.84724444444447</ele></trkpt>
<trkpt lat="36.620691318518524" lon="-94.19678314227433"><ele>340.3892592592593</ele></trkpt>
<trkpt lat="36.620779770370376" lon="-94.19678012000335"><ele>340.22247407407417</ele></trkpt>
<trkpt lat="36.62086915555555" lon="-94.19678177330837"><ele>340.2464444444445</ele></trkpt>
<trkpt lat="36.62095710370371" lon="-94.1967864444024"><ele>340.3494518518519</ele></trkpt>
<trkpt lat="36.62104065185186" lon="-94.19679371993891"><ele>340.4523703703704</ele></trkpt>
<trkpt lat="36.62112191259259" lon="-94.19680420731801"><ele>340.519362962963</ele></trkpt>
<trkpt lat="36.62120648296296" lon="-94.19681840136111"><ele>340.5556148148148</ele></trkpt>
<trkpt lat="36.62129635111111" lon="-94.19683542208425"><ele>340.60235555555556</ele></trkpt>
<trkpt lat="36.62138851851851" lon="-94.19685316134589"><ele>340.73819259259255</ele></trkpt>
<trkpt lat="36.621480934814805" lon="-94.19686980728075"><ele>341.07847407407405</ele></trkpt>
<trkpt lat="36.621577426666676" lon="-94.19688507690861"><ele>341.7377185185185</ele></trkpt>
<trkpt lat="36.62168412444444" lon="-94.19689981171172"><ele>342.75814814814817</ele></trkpt>
<trkpt lat="36.62180025333333" lon="-94.1969143243013"><ele>344.04728888888894</ele></trkpt>
<trkpt lat="36.62191681333334" lon="-94.1969276872841"><ele>345.4169037037037</ele></trkpt>
<trkpt lat="36.62202498222223" lon="-94.19693849917138"><ele>346.7119407407408</ele></trkpt>
<trkpt lat="36.622124300740744" lon="-94.19694613920484"><ele>347.9049925925926</ele></trkpt>
<trkpt lat="36.62222076592593" lon="-94.19695106959716"><ele>349.06269629629634</ele></trkpt>
<trkpt lat="36.62231687555556" lon="-94.19695407109145"><ele>350.2179111111111</ele></trkpt>
<trkpt lat="36.622407668148156" lon="-94.19695549184256"><ele>351.3185185185185</ele></trkpt>
<trkpt lat="36.62248598962963" lon="-94.19695502815037"><ele>352.2898814814815</ele></trkpt>
<trkpt lat="36.622550062222224" lon="-94.19695214964423"><ele>353.12127407407405</ele></trkpt>
<trkpt lat="36.62260445777778" lon="-94.19694657484133"><ele>353.8673037037037</ele></trkpt>
<trkpt lat="36.62265474666667" lon="-94.19693839559471"><ele>354.5712888888889</ele></trkpt>
<trkpt lat="36.62270460444444" lon="-94.19692748598554"><ele>355.22641481481486</ele></trkpt>
<trkpt lat="36.6227575288889" lon="-94.19691259417397"><ele>355.8057185185185</ele></trkpt>
<trkpt lat="36.62281869185186" lon="-94.1968916060894"><ele>356.3123259259259</ele></trkpt>
<trkpt lat="36.62289213481482" lon="-94.19686342541448"><ele>356.7805185185185</ele></trkpt>
<trkpt lat="36.62297516888889" lon="-94.19683033803496"><ele>357.2305777777778</ele></trkpt>
<trkpt lat="36.623058490370376" lon="-94.19679782541004"><ele>357.64758518518516</ele></trkpt>
<trkpt lat="36.62313291407408" lon="-94.1967716060789"><ele>358.0029925925926</ele></trkpt>
<trkpt lat="36.623196347129635" lon="-94.19675445568338"><ele>358.2915381944444</ele></trkpt>
<trkpt lat="36.623253143981486" lon="-94.19674565165312"><ele>358.5364201388889</ele></trkpt>
<trkpt lat="36.62330784472223" lon="-94.19674316931034"><ele>358.7664270833333</ele></trkpt>
<trkpt lat="36.623360997592584" lon="-94.19674608035548"><ele>358.9993888888889</ele></trkpt>
<trkpt lat="36.623411422592596" lon="-94.19675504399294"><ele>359.24606944444446</ele></trkpt>
<trkpt lat="36.62345905092593" lon="-94.19677093165708"><ele>359.51145833333334</ele></trkpt>
<trkpt lat="36.62350565972223" lon="-94.1967932985355"><ele>359.78515625</ele></trkpt>
<trkpt lat="36.62355339120371" lon="-94.19682127883578"><ele>360.03359375</ele></trkpt>
<trkpt lat="36.62360416709534" lon="-94.19685443166472"><ele>360.22050861625513</ele></trkpt>
<trkpt lat="36.62365939128943" lon="-94.19689301079615"><ele>360.3336676954732</ele></trkpt>
<trkpt lat="36.62371769804527" lon="-94.19693558684153"><ele>360.3963348765432</ele></trkpt>
<trkpt lat="36.62377686814129" lon="-94.19698049719346"><ele>360.4527649176955</ele></trkpt>
<trkpt lat="36.623836539780534" lon="-94.19702802322675"><ele>360.55271347736624</ele></trkpt>
<trkpt lat="36.62390270833334" lon="-94.19708374938146"><ele>360.74375</ele></trkpt>
<trkpt lat="36.6239839463306" lon="-94.19715513279924"><ele>361.06177983539095</ele></trkpt>
<trkpt lat="36.624085207476014" lon="-94.19724592980583"><ele>361.5099022633745</ele></trkpt>
<trkpt lat="36.62420151491771" lon="-94.19735058500908"><ele>362.0353395061728</ele></trkpt>
<trkpt lat="36.624320400377236" lon="-94.1974562384023"><ele>362.5358281893004</ele></trkpt>
<trkpt lat="36.62443045867628" lon="-94.197550441333"><ele>362.8988168724279</ele></trkpt>
<trkpt lat="36.62452958333334" lon="-94.19762874918351"><ele>363.04375</ele></trkpt>
<trkpt lat="36.624624842249666" lon="-94.19769545626346"><ele>362.94516460905345</ele></trkpt>
<trkpt lat="36.62472417524007" lon="-94.1977574487409"><ele>362.63269032921806</ele></trkpt>
<trkpt lat="36.6248280452675" lon="-94.19781789800577"><ele>362.1882716049383</ele></trkpt>
<trkpt lat="36.625016570644725" lon="-94.197924561458"><ele>361.34331275720166</ele></trkpt>
<trkpt lat="36.62508875000001" lon="-94.19796645801607"><ele>361.10625</ele></trkpt>
<trkpt lat="36.6251496704664" lon="-94.19800355689745"><ele>361.0213911522634</ele></trkpt>
<trkpt lat="36.62520650908095" lon="-94.19804008727377"><ele>361.065941563786</ele></trkpt>
<trkpt lat="36.625263846214" lon="-94.1980786086154"><ele>361.2092956790123</ele></trkpt>
<trkpt lat="36.62532172475994" lon="-94.19811919721269"><ele>361.43425823045266</ele></trkpt>
<trkpt lat="36.62537999392318" lon="-94.19816249887664"><ele>361.75594670781896</ele></trkpt>
<trkpt lat="36.6254407837037" lon="-94.19821097599997"><ele>362.21268148148147</ele></trkpt>
<trkpt lat="36.62550750074074" lon="-94.19826734778067"><ele>362.8264296296297</ele></trkpt>
<trkpt lat="36.62557907111111" lon="-94.1983299151575"><ele>363.55084444444446</ele></trkpt>
<trkpt lat="36.62564906074075" lon="-94.19839233890397"><ele>364.2766962962963</ele></trkpt>
<trkpt lat="36.625710383703705" lon="-94.19844822047303"><ele>364.8953481481482</ele></trkpt>
<trkpt lat="36.62576104592593" lon="-94.19849598499543"><ele>365.3631407407408</ele></trkpt>
<trkpt lat="36.62580448740741" lon="-94.19853863688954"><ele>365.70712592592594</ele></trkpt>
<trkpt lat="36.625845084444435" lon="-94.19857915542258"><ele>365.9763555555556</ele></trkpt>
<trkpt lat="36.62588582518518" lon="-94.1986182369031"><ele>366.2053481481482</ele></trkpt>
<trkpt lat="36.625929757037035" lon="-94.19865598503046"><ele>366.4120296296296</ele></trkpt>
<trkpt lat="36.62598139703704" lon="-94.1986942249836"><ele>366.61260740740744</ele></trkpt>
<trkpt lat="36.626044425185185" lon="-94.19873558788929"><ele>366.81943703703706</ele></trkpt>
<trkpt lat="36.62611736444445" lon="-94.19878016859644"><ele>367.0212888888889</ele></trkpt>
<trkpt lat="36.62619432740741" lon="-94.19882503674972"><ele>367.1742814814815</ele></trkpt>
<trkpt lat="36.62627108592593" lon="-94.1988673804699"><ele>367.21438518518517</ele></trkpt>
<trkpt lat="36.62634939111111" lon="-94.19890749157311"><ele>367.0900444444444</ele></trkpt>
<trkpt lat="36.626433942222235" lon="-94.19894780561755"><ele>366.7922222222222</ele></trkpt>
<trkpt lat="36.626524493333335" lon="-94.19898890190315"><ele>366.36453333333327</ele></trkpt>
<trkpt lat="36.62661418222222" lon="-94.19902813008854"><ele>365.87648888888884</ele></trkpt>
<trkpt lat="36.62669579111111" lon="-94.19906206941472"><ele>365.3727111111111</ele></trkpt>
<trkpt lat="36.626768031783264" lon="-94.1990896881898"><ele>364.85132818930043</ele></trkpt>
<trkpt lat="36.626835183196164" lon="-94.19911280724449"><ele>364.2854742798354</ele></trkpt>
<trkpt lat="36.62696495887517" lon="-94.19915468926114"><ele>363.03841563786006</ele></trkpt>
<trkpt lat="36.62702936264746" lon="-94.19917757331854"><ele>362.38287139917696</ele></trkpt>
<trkpt lat="36.62709958333334" lon="-94.1992060413252"><ele>361.65208333333334</ele></trkpt>
<trkpt lat="36.62718408950618" lon="-94.19924405811696"><ele>360.7585219478738</ele></trkpt>
<trkpt lat="36.627287808641974" lon="-94.1992933557778"><ele>359.65030006858706</ele></trkpt>
<trkpt lat="36.627405879629634" lon="-94.19935087884176"><ele>358.37556584362136</ele></trkpt>
<trkpt lat="36.627525447530864" lon="-94.1994098989537"><ele>357.05925068587106</ele></trkpt>
<trkpt lat="36.62763427469135" lon="-94.19946430494849"><ele>355.80913923182436</ele></trkpt>
<trkpt lat="36.62772916666666" lon="-94.19951270783929"><ele>354.6270833333333</ele></trkpt>
<trkpt lat="36.62781634773662" lon="-94.19955842633009"><ele>353.41720679012343</ele></trkpt>
<trkpt lat="36.62790393004116" lon="-94.19960554137141"><ele>352.0844135802469</ele></trkpt>
<trkpt lat="36.62799441358025" lon="-94.19965504839001"><ele>350.6280092592593</ele></trkpt>
<trkpt lat="36.62808389917696" lon="-94.19970463860274"><ele>349.13418209876545</ele></trkpt>
<trkpt lat="36.628168076131686" lon="-94.1997520374646"><ele>347.67368827160493</ele></trkpt>
<trkpt lat="36.62824833333333" lon="-94.19979833288566"><ele>346.2041666666667</ele></trkpt>
<trkpt lat="36.628331670096024" lon="-94.1998477018012"><ele>344.58769718792865</ele></trkpt>
<trkpt lat="36.62852519547325" lon="-94.19996421742941"><ele>340.65244341563783</ele></trkpt>
<trkpt lat="36.628626426611795" lon="-94.2000236139261"><ele>338.5899005486968</ele></trkpt>
<trkpt lat="36.628720188614544" lon="-94.20007486234665"><ele>336.7355366941015</ele></trkpt>
<trkpt lat="36.62880583333334" lon="-94.2001149996528"><ele>335.1479166666666</ele></trkpt>
<trkpt lat="36.62889059593965" lon="-94.20014596832041"><ele>333.71666687242794</ele></trkpt>
<trkpt lat="36.628982260274356" lon="-94.20017164434822"><ele>332.28872757201646</ele></trkpt>
<trkpt lat="36.62908206115227" lon="-94.20019463517971"><ele>330.79093765432094</ele></trkpt>
<trkpt lat="36.629182513854595" lon="-94.20021464687993"><ele>329.2705133744856</ele></trkpt>
<trkpt lat="36.62927561322359" lon="-94.20022999316637"><ele>327.776654526749</ele></trkpt>
<trkpt lat="36.629359631087965" lon="-94.20023938536153"><ele>326.2721314814815</ele></trkpt>
<trkpt lat="36.62943984085648" lon="-94.20024317845825"><ele>324.6555462962963</ele></trkpt>
<trkpt lat="36.629520730347224" lon="-94.20024242709529"><ele>322.90074444444446</ele></trkpt>
<trkpt lat="36.629601649259264" lon="-94.20023757503316"><ele>321.1169462962963</ele></trkpt>
<trkpt lat="36.62967963333333" lon="-94.20022812005683"><ele>319.4445777777778</ele></trkpt>
<trkpt lat="36.6297534312963" lon="-94.20021358952613"><ele>317.9542425925926</ele></trkpt>
<trkpt lat="36.62982355715279" lon="-94.20019491301794"><ele>316.64643888888884</ele></trkpt>
<trkpt lat="36.62989049664352" lon="-94.20017358831336"><ele>315.53125925925923</ele></trkpt>
<trkpt lat="36.62995634252315" lon="-94.20014992362391"><ele>314.62986296296293</ele></trkpt>
<trkpt lat="36.63002558924955" lon="-94.2001225951852"><ele>313.92767558578987</ele></trkpt>
<trkpt lat="36.63010205398985" lon="-94.20009097068085"><ele>313.3693938019652</ele></trkpt>
<trkpt lat="36.63018269334629" lon="-94.20005871123637"><ele>312.9146784580498</ele></trkpt>
<trkpt lat="36.63025957562251" lon="-94.20003363747898"><ele>312.57109811035525</ele></trkpt>
<trkpt lat="36.630324747267046" lon="-94.20002585440507"><ele>312.38458261526836</ele></trkpt>
<trkpt lat="36.63037670553937" lon="-94.20004453342776"><ele>312.4020408163266</ele></trkpt>
<trkpt lat="36.63041870262391" lon="-94.20009781310068"><ele>312.66530612244895</ele></trkpt>
<trkpt lat="36.63045607763741" lon="-94.20019076235243"><ele>313.1959507612568</ele></trkpt>
<trkpt lat="36.63049259583199" lon="-94.20032183603868"><ele>313.97473275024294</ele></trkpt>
<trkpt lat="36.63052929219307" lon="-94.20047887677806"><ele>314.9147716229349</ele></trkpt>
<trkpt lat="36.6305647840406" lon="-94.20064251626688"><ele>315.87994816974407</ele></trkpt>
<trkpt lat="36.6305971919879" lon="-94.20079610722588"><ele>316.74450923226436</ele></trkpt>
<trkpt lat="36.630626209912535" lon="-94.2009348390788"><ele>317.4495626822158</ele></trkpt>
<trkpt lat="36.630653790087464" lon="-94.2010670985526"><ele>318.01370262390674</ele></trkpt>
<trkpt lat="36.63068279613432" lon="-94.2012064878499"><ele>318.4945794190692</ele></trkpt>
<trkpt lat="36.63071508530396" lon="-94.20136184732365"><ele>318.94413130331503</ele></trkpt>
<trkpt lat="36.630750030774216" lon="-94.20152999920586"><ele>319.3772270813087</ele></trkpt>
<trkpt lat="36.630785028614625" lon="-94.2016981511767"><ele>319.7715689450383</ele></trkpt>
<trkpt lat="36.630817496490664" lon="-94.20185351084484"><ele>320.0888780909189</ele></trkpt>
<trkpt lat="36.63084686588921" lon="-94.20199290029235"><ele>320.30087463556845</ele></trkpt>
<trkpt lat="36.6308750728863" lon="-94.2021251597621"><ele>320.40116618075797</ele></trkpt>
<trkpt lat="36.630905032393905" lon="-94.20226395948482"><ele>320.40032933808436</ele></trkpt>
<trkpt lat="36.63093859410431" lon="-94.20241823051826"><ele>320.3199168556311</ele></trkpt>
<trkpt lat="36.630975" lon="-94.20258499917892"><ele>320.1892290249433</ele></trkpt>
<trkpt lat="36.631044967606094" lon="-94.20290603917381"><ele>319.8972519166397</ele></trkpt>
<trkpt lat="36.631074927113715" lon="-94.20304483906239"><ele>319.7692419825073</ele></trkpt>
<trkpt lat="36.631103134110795" lon="-94.20317709854302"><ele>319.6501457725948</ele></trkpt>
<trkpt lat="36.63116497138538" lon="-94.20347184732177"><ele>319.39411510635995</ele></trkpt>
<trkpt lat="36.63126720386568" lon="-94.2039635108496"><ele>318.9838408379225</ele></trkpt>
<trkpt lat="36.63129620991254" lon="-94.20410290030182"><ele>318.87609329446065</ele></trkpt>
<trkpt lat="36.63135279613433" lon="-94.20437395950938"><ele>318.69195011337865</ele></trkpt>
<trkpt lat="36.631455028614624" lon="-94.20486176796287"><ele>318.38550372529966</ele></trkpt>
<trkpt lat="36.63148749649066" lon="-94.20501603919361"><ele>318.26415613864594</ele></trkpt>
<trkpt lat="36.63151686588922" lon="-94.20515483906918"><ele>318.1195335276968</ele></trkpt>
<trkpt lat="36.631545072886304" lon="-94.20528709853599"><ele>317.9314868804665</ele></trkpt>
<trkpt lat="36.63157502591513" lon="-94.20542645057242"><ele>317.68060684591296</ele></trkpt>
<trkpt lat="36.631608522837716" lon="-94.20558143751182"><ele>317.3619911456646</ele></trkpt>
<trkpt lat="36.63168011013931" lon="-94.20591070058855"><ele>316.6266169960047</ele></trkpt>
<trkpt lat="36.631711462585045" lon="-94.20605335704974"><ele>316.29013065543677</ele></trkpt>
<trkpt lat="36.63173705539359" lon="-94.20616763808096"><ele>316.0029154518951</ele></trkpt>
<trkpt lat="36.6317577405248" lon="-94.20625664696358"><ele>315.7521865889213</ele></trkpt>
<trkpt lat="36.63177606101022" lon="-94.2063310071948"><ele>315.50582213043947</ele></trkpt>
<trkpt lat="36.63179454850144" lon="-94.206401474646"><ele>315.23543961235293</ele></trkpt>
<trkpt lat="36.63181473292741" lon="-94.20647427929912"><ele>314.9308896177519</ele></trkpt>
<trkpt lat="36.631836374784044" lon="-94.20654763539196"><ele>314.61428031530073</ele></trkpt>
<trkpt lat="36.63185865290577" lon="-94.20661688097356"><ele>314.31535271368983</ele></trkpt>
<trkpt lat="36.63188082390261" lon="-94.20667813433975"><ele>314.0529492455418</ele></trkpt>
<trkpt lat="36.63190289384003" lon="-94.20673217839908"><ele>313.81437757201644</ele></trkpt>
<trkpt lat="36.631925809435025" lon="-94.20678275619878"><ele>313.56089677640597</ele></trkpt>
<trkpt lat="36.63195206222138" lon="-94.2068362968938"><ele>313.2293295610425</ele></trkpt>
<trkpt lat="36.631986458333344" lon="-94.20690249952939"><ele>312.7333333333333</ele></trkpt>
<trkpt lat="36.6320341340878" lon="-94.20699128524492"><ele>311.99223251028803</ele></trkpt>
<trkpt lat="36.632097226508925" lon="-94.20710707714244"><ele>310.9812242798353</ele></trkpt>
<trkpt lat="36.632248924039786" lon="-94.20738377457013"><ele>308.5427983539094</ele></trkpt>
<trkpt lat="36.632321664951995" lon="-94.20751659363587"><ele>307.41260288065837</ele></trkpt>
<trkpt lat="36.63238895833334" lon="-94.20763999905907"><ele>306.4291666666667</ele></trkpt>
<trkpt lat="36.632455876200275" lon="-94.2077634154927"><ele>305.5307355967078</ele></trkpt>
<trkpt lat="36.63252765517833" lon="-94.20789634574871"><ele>304.6360853909465</ele></trkpt>
<trkpt lat="36.632603924897126" lon="-94.20803770201408"><ele>303.7278549382716</ele></trkpt>
<trkpt lat="36.63267836505488" lon="-94.20817514984405"><ele>302.86702674897117</ele></trkpt>
<trkpt lat="36.63274390089164" lon="-94.20829474285858"><ele>302.13413065843616</ele></trkpt>
<trkpt lat="36.632798124999994" lon="-94.20839104111735"><ele>301.5645833333333</ele></trkpt>
<trkpt lat="36.63284486228996" lon="-94.2084701342126"><ele>301.12619384430724</ele></trkpt>
<trkpt lat="36.632889773769726" lon="-94.20854233678769"><ele>300.75734525034295</ele></trkpt>
<trkpt lat="36.63293608571246" lon="-94.20861510259745"><ele>300.4062435699588</ele></trkpt>
<trkpt lat="36.632981925582996" lon="-94.20868881834366"><ele>300.0545096021948</ele></trkpt>
<trkpt lat="36.63302416109397" lon="-94.20876200072648"><ele>299.69569615912206</ele></trkpt>
<trkpt lat="36.63306075231481" lon="-94.20883365435722"><ele>299.32824074074074</ele></trkpt>
<trkpt lat="36.633092196180556" lon="-94.20890450507807"><ele>298.95329861111105</ele></trkpt>
<trkpt lat="36.633118868634256" lon="-94.2089745137804"><ele>298.5839699074074</ele></trkpt>
<trkpt lat="36.63314087423612" lon="-94.20904398343099"><ele>298.2321671296296</ele></trkpt>
<trkpt lat="36.633158414629634" lon="-94.20911426307606"><ele>297.89775740740737</ele></trkpt>
<trkpt lat="36.633172218611115" lon="-94.20918599278738"><ele>297.5752277777778</ele></trkpt>
<trkpt lat="36.63318267824074" lon="-94.20925923664586"><ele>297.25951851851846</ele></trkpt>
<trkpt lat="36.633189503981484" lon="-94.20933644634437"><ele>296.93847037037034</ele></trkpt>
<trkpt lat="36.63319247851853" lon="-94.20942489185633"><ele>296.5824296296296</ele></trkpt>
<trkpt lat="36.633192068148155" lon="-94.20953107261961"><ele>296.16365925925925</ele></trkpt>
<trkpt lat="36.6331894088889" lon="-94.20965270226218"><ele>295.68648888888885</ele></trkpt>
<trkpt lat="36.63318574370371" lon="-94.20977893041247"><ele>295.1863259259259</ele></trkpt>
<trkpt lat="36.63317807851853" lon="-94.2100191896695"><ele>294.1832</ele></trkpt>
<trkpt lat="36.63317402814816" lon="-94.21014098819235"><ele>293.64004444444447</ele></trkpt>
<trkpt lat="36.6331694088889" lon="-94.21026687560436"><ele>293.06773333333336</ele></trkpt>
<trkpt lat="36.63316378370371" lon="-94.21038744597759"><ele>292.5256</ele></trkpt>
<trkpt lat="36.633156300740744" lon="-94.21049110079677"><ele>292.08542222222223</ele></trkpt>
<trkpt lat="36.63314559199073" lon="-94.21057468668653"><ele>291.77932013888886</ele></trkpt>
<trkpt lat="36.633130441898146" lon="-94.21064432068292"><ele>291.5882881944445</ele></trkpt>
<trkpt lat="36.63311026847222" lon="-94.21070787912458"><ele>291.4729979166667</ele></trkpt>
<trkpt lat="36.63308454314814" lon="-94.21076939252349"><ele>291.4051777777778</ele></trkpt>
<trkpt lat="36.63305246410152" lon="-94.2108296380589"><ele>291.3742055555556</ele></trkpt>
<trkpt lat="36.63301356567216" lon="-94.21088872360058"><ele>291.37623456790124</ele></trkpt>
<trkpt lat="36.63296987975824" lon="-94.21094583418198"><ele>291.4025752314815</ele></trkpt>
<trkpt lat="36.63292416173697" lon="-94.21099965150744"><ele>291.4431423611111</ele></trkpt>
<trkpt lat="36.63287725544411" lon="-94.21104991947703"><ele>291.49184992283955</ele></trkpt>
<trkpt lat="36.63282458333334" lon="-94.21110083372919"><ele>291.5520833333333</ele></trkpt>
<trkpt lat="36.63275938100137" lon="-94.21115871627988"><ele>291.63105281207135</ele></trkpt>
<trkpt lat="36.6326779286694" lon="-94.21122781796554"><ele>291.7314729080933</ele></trkpt>
<trkpt lat="36.632584902263375" lon="-94.21130568498552"><ele>291.843158436214</ele></trkpt>
<trkpt lat="36.6324917095336" lon="-94.21138471612714"><ele>291.94320130315504</ele></trkpt>
<trkpt lat="36.632409689643346" lon="-94.21145779038561"><ele>292.00389231824414</ele></trkpt>
<trkpt lat="36.63234333333334" lon="-94.21152375045304"><ele>292.00208333333336</ele></trkpt>
<trkpt lat="36.63228903218108" lon="-94.21158779909233"><ele>291.9253095336077</ele></trkpt>
<trkpt lat="36.63224011201646" lon="-94.2116552437131"><ele>291.777136351166</ele></trkpt>
<trkpt lat="36.63219174172839" lon="-94.21172491647927"><ele>291.58097674897124</ele></trkpt>
<trkpt lat="36.63214275843621" lon="-94.21178608396309"><ele>291.3781752400549</ele></trkpt>
<trkpt lat="36.63209208897119" lon="-94.21182392471124"><ele>291.2091243484225</ele></trkpt>
<trkpt lat="36.63203697333333" lon="-94.21182728431023"><ele>291.09623703703704</ele></trkpt>
<trkpt lat="36.63197432444444" lon="-94.21179598635933"><ele>291.0362074074074</ele></trkpt>
<trkpt lat="36.631906013333335" lon="-94.21174094627709"><ele>291.0135111111111</ele></trkpt>
<trkpt lat="36.631839426666666" lon="-94.21167900853277"><ele>291.0138074074074</ele></trkpt>
<trkpt lat="36.63173867703704" lon="-94.21158222207335"><ele>291.07062222222226</ele></trkpt>
<trkpt lat="36.63170437185185" lon="-94.2115511643593"><ele>291.13275555555555</ele></trkpt>
<trkpt lat="36.63167432444445" lon="-94.21152626660457"><ele>291.2228</ele></trkpt>
<trkpt lat="36.63164312740741" lon="-94.21150352437314"><ele>291.35164444444445</ele></trkpt>
<trkpt lat="36.63160489925926" lon="-94.21147982210985"><ele>291.54617777777776</ele></trkpt>
<trkpt lat="36.63155330814815" lon="-94.21145209907702"><ele>291.8420296296296</ele></trkpt>
<trkpt lat="36.63148506518518" lon="-94.2114184560412"><ele>292.2555259259259</ele></trkpt>
<trkpt lat="36.631404831111105" lon="-94.21138059082534"><ele>292.7516888888889</ele></trkpt>
<trkpt lat="36.63132430962963" lon="-94.21134373160221"><ele>293.2507259259259</ele></trkpt>
<trkpt lat="36.63125508592593" lon="-94.21131352131096"><ele>293.6740296296296</ele></trkpt>
<trkpt lat="36.63120106046639" lon="-94.21129248654562"><ele>293.99222167352536</ele></trkpt>
<trkpt lat="36.631158357476" lon="-94.21127973027254"><ele>294.23151989026064</ele></trkpt>
<trkpt lat="36.63112055028807" lon="-94.2112737236065"><ele>294.44907983539093</ele></trkpt>
<trkpt lat="36.6310846084988" lon="-94.21127423872535"><ele>294.69365570130316</ele></trkpt>
<trkpt lat="36.631050038137005" lon="-94.21128122740231"><ele>294.9903958419067</ele></trkpt>
<trkpt lat="36.631017185892496" lon="-94.21129163902867"><ele>295.324765303498</ele></trkpt>
<trkpt lat="36.63098281721536" lon="-94.21129850392873"><ele>295.67146776406037</ele></trkpt>
<trkpt lat="36.63094183491941" lon="-94.21129395387263"><ele>296.011698388203</ele></trkpt>
<trkpt lat="36.63088993634259" lon="-94.21127451086994"><ele>296.3508101851852</ele></trkpt>
<trkpt lat="36.630829175347216" lon="-94.21124417519323"><ele>296.6884548611111</ele></trkpt>
<trkpt lat="36.63076701099537" lon="-94.21121243621037"><ele>297.00645254629626</ele></trkpt>
<trkpt lat="36.63071091145834" lon="-94.211188443208"><ele>297.28029513888885</ele></trkpt>
<trkpt lat="36.63066315393518" lon="-94.2111763425643"><ele>297.50457175925925</ele></trkpt>
<trkpt lat="36.630621319444444" lon="-94.21117511285279"><ele>297.69670138888887</ele></trkpt>
<trkpt lat="36.630581730324074" lon="-94.21118258394242"><ele>297.88321759259253</ele></trkpt>
<trkpt lat="36.63054137689815" lon="-94.2111978025342"><ele>298.0874527777778</ele></trkpt>
<trkpt lat="36.63049816555556" lon="-94.21122071008675"><ele>298.32192962962966</ele></trkpt>
<trkpt lat="36.630451955416675" lon="-94.21124946177753"><ele>298.57685694444444</ele></trkpt>
<trkpt lat="36.63040351736112" lon="-94.211281186243"><ele>298.82573379629633</ele></trkpt>
<trkpt lat="36.630351823194445" lon="-94.21131441850248"><ele>299.04326064814813</ele></trkpt>
<trkpt lat="36.63029226222223" lon="-94.21135094838404"><ele>299.2268148148148</ele></trkpt>
<trkpt lat="36.63013974666667" lon="-94.2114408447948"><ele>299.5457777777778</ele></trkpt>
<trkpt lat="36.63005828444445" lon="-94.21148986995657"><ele>299.69416296296293</ele></trkpt>
<trkpt lat="36.62998532888889" lon="-94.21153708175224"><ele>299.833037037037</ele></trkpt>
<trkpt lat="36.62992287743056" lon="-94.21158330724357"><ele>299.9679534722222</ele></trkpt>
<trkpt lat="36.62986684618057" lon="-94.21163160403532"><ele>300.1085659722222</ele></trkpt>
<trkpt lat="36.62981355520834" lon="-94.21168229999357"><ele>300.2552645833333</ele></trkpt>
<trkpt lat="36.629764194444455" lon="-94.21173024293911"><ele>300.39147777777777</ele></trkpt>
<trkpt lat="36.629722051041675" lon="-94.21176892991699"><ele>300.4961456018519</ele></trkpt>
<trkpt lat="36.6296883420139" lon="-94.21179497690292"><ele>300.5572627314815</ele></trkpt>
<trkpt lat="36.62966000000001" lon="-94.2118098871719"><ele>300.57690972222224</ele></trkpt>
<trkpt lat="36.629631657986124" lon="-94.21181609664214"><ele>300.55726273148156</ele></trkpt>
<trkpt lat="36.629597583912044" lon="-94.21181497104286"><ele>300.4951099537037</ele></trkpt>
<trkpt lat="36.629554473379635" lon="-94.21180705724925"><ele>300.3882523148148</ele></trkpt>
<trkpt lat="36.629451252893524" lon="-94.21178111106475"><ele>300.11785300925925</ele></trkpt>
<trkpt lat="36.62940158018262" lon="-94.21177045607458"><ele>300.01983989197527</ele></trkpt>
<trkpt lat="36.62935589763376" lon="-94.21176397546604"><ele>299.97091049382715</ele></trkpt>
<trkpt lat="36.62931240547841" lon="-94.211760763562"><ele>299.9595486111111</ele></trkpt>
<trkpt lat="36.62920047604939" lon="-94.21175644872748"><ele>299.9504444444445</ele></trkpt>
<trkpt lat="36.629168944032926" lon="-94.21175721373612"><ele>299.93582716049383</ele></trkpt>
<trkpt lat="36.62913260016461" lon="-94.21176221481184"><ele>299.9259012345679</ele></trkpt>
<trkpt lat="36.62908394479424" lon="-94.21177348465696"><ele>299.92544684499313</ele></trkpt>
<trkpt lat="36.62901948014404" lon="-94.21179157272216"><ele>299.9345325788752</ele></trkpt>
<trkpt lat="36.628943142160495" lon="-94.21181461607794"><ele>299.94954423868313</ele></trkpt>
<trkpt lat="36.6288631455144" lon="-94.2118397932671"><ele>299.96592455418374</ele></trkpt>
<trkpt lat="36.62878557072016" lon="-94.21186535638618"><ele>299.9798295610425</ele></trkpt>
<trkpt lat="36.628708125" lon="-94.21189250028291"><ele>299.98958333333326</ele></trkpt>
<trkpt lat="36.62862303669411" lon="-94.211924145615"><ele>299.9953703703703</ele></trkpt>
<trkpt lat="36.62852416752401" lon="-94.21196229558281"><ele>299.9983796296296</ele></trkpt>
<trkpt lat="36.628196740397804" lon="-94.21209096667421"><ele>300.0046296296296</ele></trkpt>
<trkpt lat="36.62809895833334" lon="-94.21212895875351"><ele>300.0104166666667</ele></trkpt>
<trkpt lat="36.628000805041154" lon="-94.21216656680545"><ele>300.02009602194784</ele></trkpt>
<trkpt lat="36.627781905864204" lon="-94.21224956071035"><ele>300.0519547325103</ele></trkpt>
<trkpt lat="36.62767228137861" lon="-94.21229158226008"><ele>300.07313957476</ele></trkpt>
<trkpt lat="36.62757731738684" lon="-94.21232925190438"><ele>300.09849108367627</ele></trkpt>
<trkpt lat="36.627501666666674" lon="-94.21236166692152"><ele>300.13125</ele></trkpt>
<trkpt lat="36.62744119396434" lon="-94.21239123601826"><ele>300.17654725651585</ele></trkpt>
<trkpt lat="36.62738829657065" lon="-94.21242144861344"><ele>300.24012784636494</ele></trkpt>
<trkpt lat="36.627337389300415" lon="-94.21245496098759"><ele>300.33004547325106</ele></trkpt>
<trkpt lat="36.627287185459544" lon="-94.21249348468581"><ele>300.4625161179698</ele></trkpt>
<trkpt lat="36.627237045816194" lon="-94.21254055953098"><ele>300.67070775034296</ele></trkpt>
<trkpt lat="36.62718478962964" lon="-94.2126014566427"><ele>300.9946370370371</ele></trkpt>
<trkpt lat="36.62712737481482" lon="-94.21267943304976"><ele>301.45114074074075</ele></trkpt>
<trkpt lat="36.62706567555556" lon="-94.21276940939204"><ele>301.99831111111115</ele></trkpt>
<trkpt lat="36.62700512592593" lon="-94.21285837970143"><ele>302.5426074074074</ele></trkpt>
<trkpt lat="36.62695163407408" lon="-94.2129329232756"><ele>302.9893037037037</ele></trkpt>
<trkpt lat="36.62690642344908" lon="-94.21298746192498"><ele>303.29476898148147</ele></trkpt>
<trkpt lat="36.62686604016204" lon="-94.2130250692069"><ele>303.47408101851846</ele></trkpt>
<trkpt lat="36.62682626993056" lon="-94.2130513940255"><ele>303.5646652777778</ele></trkpt>
<trkpt lat="36.62678459648149" lon="-94.21306908225867"><ele>303.589562962963</ele></trkpt>
<trkpt lat="36.62673963185186" lon="-94.2130777340786"><ele>303.5515259259259</ele></trkpt>
<trkpt lat="36.62669046777779" lon="-94.21307695090043"><ele>303.4502777777778</ele></trkpt>
<trkpt lat="36.626637933125004" lon="-94.21306913571978"><ele>303.3035625</ele></trkpt>
<trkpt lat="36.626528748680556" lon="-94.21304740145715"><ele>302.9856180555555</ele></trkpt>
<trkpt lat="36.62646814666667" lon="-94.21303779698772"><ele>302.84171851851846</ele></trkpt>
<trkpt lat="36.626397742222224" lon="-94.21302905624249"><ele>302.70445925925924</ele></trkpt>
<trkpt lat="36.62631822666667" lon="-94.21302109772633"><ele>302.5846222222222</ele></trkpt>
<trkpt lat="36.626235693333335" lon="-94.21301500737403"><ele>302.5237037037037</ele></trkpt>
<trkpt lat="36.626154991111115" lon="-94.21301264148258"><ele>302.5874962962963</ele></trkpt>
<trkpt lat="36.626074773333336" lon="-94.21301551856301"><ele>302.83545185185193</ele></trkpt>
<trkpt lat="36.62599020444445" lon="-94.21302390823266"><ele>303.2798370370371</ele></trkpt>
<trkpt lat="36.62590101333334" lon="-94.21303668899728"><ele>303.85675555555565</ele></trkpt>
<trkpt lat="36.62581354666667" lon="-94.21305234381828"><ele>304.4451703703704</ele></trkpt>
<trkpt lat="36.625734862222224" lon="-94.21307054085774"><ele>304.92878518518523</ele></trkpt>
<trkpt lat="36.62566640920439" lon="-94.21309232130271"><ele>305.2531060356653</ele></trkpt>
<trkpt lat="36.625604132853226" lon="-94.21311888070848"><ele>305.4355836762689</ele></trkpt>
<trkpt lat="36.6255447172428" lon="-94.21314962554689"><ele>305.53011810699593</ele></trkpt>
<trkpt lat="36.62548732532236" lon="-94.21318316366168"><ele>305.5929626886146</ele></trkpt>
<trkpt lat="36.625431537599454" lon="-94.21321949304368"><ele>305.66745171467767</ele></trkpt>
<trkpt lat="36.62537291666666" lon="-94.21326229205873"><ele>305.7875</ele></trkpt>
<trkpt lat="36.6253046159122" lon="-94.21331692359168"><ele>305.97685185185185</ele></trkpt>
<trkpt lat="36.62522230281207" lon="-94.21338633135953"><ele>306.24243827160495</ele></trkpt>
<trkpt lat="36.62512921810699" lon="-94.21346729767822"><ele>306.5675925925926</ele></trkpt>
<trkpt lat="36.625034802812074" lon="-94.21355217247886"><ele>306.9226851851852</ele></trkpt>
<trkpt lat="36.624947949245545" lon="-94.21363491759132"><ele>307.2904320987654</ele></trkpt>
<trkpt lat="36.62487041666667" lon="-94.21371666738636"><ele>307.6875</ele></trkpt>
<trkpt lat="36.62479676354596" lon="-94.21380460384056"><ele>308.15430384087796</ele></trkpt>
<trkpt lat="36.62472077246228" lon="-94.2139045233639"><ele>308.7166323731139</ele></trkpt>
<trkpt lat="36.624642003600826" lon="-94.21401348602073"><ele>309.3490226337449</ele></trkpt>
<trkpt lat="36.624502288237316" lon="-94.21421099254871"><ele>310.53640260631</ele></trkpt>
<trkpt lat="36.62445229166667" lon="-94.21428104204882"><ele>310.9916666666667</ele></trkpt>
<trkpt lat="36.62441355881345" lon="-94.21433376994119"><ele>311.37729766803835</ele></trkpt>
<trkpt lat="36.62438006515775" lon="-94.21437703031624"><ele>311.7332990397805</ele></trkpt>
<trkpt lat="36.62434581532923" lon="-94.21441774444371"><ele>312.05504115226336</ele></trkpt>
<trkpt lat="36.62430843021263" lon="-94.21445713571664"><ele>312.2597393689986</ele></trkpt>
<trkpt lat="36.62426752657751" lon="-94.21449365662153"><ele>312.2641289437585</ele></trkpt>
<trkpt lat="36.624224609053506" lon="-94.21452413585857"><ele>312.05617283950613</ele></trkpt>
<trkpt lat="36.624180769461596" lon="-94.21454721518862"><ele>311.728145361797</ele></trkpt>
<trkpt lat="36.62413697230795" lon="-94.2145623141949"><ele>311.39030885630996</ele></trkpt>
<trkpt lat="36.62409413194445" lon="-94.21456986690427"><ele>311.10883809156377</ele></trkpt>
<trkpt lat="36.62405186728395" lon="-94.21456991510901"><ele>310.88311042524003</ele></trkpt>
<trkpt lat="36.62400875654321" lon="-94.21456213181071"><ele>310.6891064471879</ele></trkpt>
<trkpt lat="36.62396228925926" lon="-94.21454658826352"><ele>310.5043166666667</ele></trkpt>
<trkpt lat="36.623912528055556" lon="-94.21452532449315"><ele>310.3285395833333</ele></trkpt>
<trkpt lat="36.62386095787036" lon="-94.21450155753799"><ele>310.1791076388888</ele></trkpt>
<trkpt lat="36.62380777212963" lon="-94.21447746946754"><ele>310.08205624999994</ele></trkpt>
<trkpt lat="36.62374911407407" lon="-94.21445246503802"><ele>310.052237037037</ele></trkpt>
<trkpt lat="36.623680801481484" lon="-94.21442493018412"><ele>310.08789629629626</ele></trkpt>
<trkpt lat="36.62360390222222" lon="-94.21439491534883"><ele>310.1761777777778</ele></trkpt>
<trkpt lat="36.62352513481481" lon="-94.21436475684196"><ele>310.30900740740736</ele></trkpt>
<trkpt lat="36.62345044740741" lon="-94.21433673168343"><ele>310.49668148148146</ele></trkpt>
<trkpt lat="36.62337973629629" lon="-94.21431094651341"><ele>310.7637185185185</ele></trkpt>
<trkpt lat="36.623308397037036" lon="-94.21428583984515"><ele>311.12339259259255</ele></trkpt>
<trkpt lat="36.623233902222225" lon="-94.21426075984381"><ele>311.5466222222222</ele></trkpt>
<trkpt lat="36.62315753925925" lon="-94.2142369731898"><ele>311.96410370370364</ele></trkpt>
<trkpt lat="36.623079825185194" lon="-94.21421627987564"><ele>312.30416296296295</ele></trkpt>
<trkpt lat="36.62299668592592" lon="-94.2141990739597"><ele>312.5332740740741</ele></trkpt>
<trkpt lat="36.62290266074074" lon="-94.21418418803195"><ele>312.66459259259256</ele></trkpt>
<trkpt lat="36.622798564444444" lon="-94.21417042210388"><ele>312.73395555555555</ele></trkpt>
<trkpt lat="36.62258966370371" lon="-94.21414494063453"><ele>312.814162962963</ele></trkpt>
<trkpt lat="36.62249031703704" lon="-94.21413251692618"><ele>312.86234074074076</ele></trkpt>
<trkpt lat="36.622280337777795" lon="-94.21410533764885"><ele>313.0067555555555</ele></trkpt>
<trkpt lat="36.622173487407416" lon="-94.21409196729357"><ele>313.0981481481481</ele></trkpt>
<trkpt lat="36.62207289481483" lon="-94.21408069472885"><ele>313.2018962962963</ele></trkpt>
<trkpt lat="36.621977339259274" lon="-94.21407209623516"><ele>313.3260296296296</ele></trkpt>
<trkpt lat="36.62188059851853" lon="-94.21406562365682"><ele>313.47792592592594</ele></trkpt>
<trkpt lat="36.621780337777786" lon="-94.21406042218234"><ele>313.6516888888889</ele></trkpt>
<trkpt lat="36.621680651851854" lon="-94.21405593922451"><ele>313.8283259259259</ele></trkpt>
<trkpt lat="36.62149417185185" lon="-94.21404809330242"><ele>314.13318518518514</ele></trkpt>
<trkpt lat="36.62130219555556" lon="-94.21404025330013"><ele>314.39155555555556</ele></trkpt>
<trkpt lat="36.621208290370376" lon="-94.2140367466397"><ele>314.503037037037</ele></trkpt>
<trkpt lat="36.62112670518519" lon="-94.2140343155395"><ele>314.5865185185185</ele></trkpt>
<trkpt lat="36.62105942962963" lon="-94.2140333838839"><ele>314.6341597222222</ele></trkpt>
<trkpt lat="36.62100158148149" lon="-94.21403396389209"><ele>314.64914583333336</ele></trkpt>
<trkpt lat="36.62094757222223" lon="-94.21403582334145"><ele>314.6416875</ele></trkpt>
<trkpt lat="36.6208955425926" lon="-94.21403880612255"><ele>314.62286111111115</ele></trkpt>
<trkpt lat="36.62084521426612" lon="-94.21404320478915"><ele>314.6006090534979</ele></trkpt>
<trkpt lat="36.620796047668044" lon="-94.21405012605132"><ele>314.58670267489714</ele></trkpt>
<trkpt lat="36.62074705761317" lon="-94.21406244602238"><ele>314.61228780864195</ele></trkpt>
<trkpt lat="36.62070070722908" lon="-94.21408352778634"><ele>314.7225150720165</ele></trkpt>
<trkpt lat="36.62066043672154" lon="-94.21411579713978"><ele>314.9570731995885</ele></trkpt>
<trkpt lat="36.6206291690535" lon="-94.2141576613014"><ele>315.31953580246915</ele></trkpt>
<trkpt lat="36.62060588257887" lon="-94.2142073342276"><ele>315.81470781893006</ele></trkpt>
<trkpt lat="36.62058807561043" lon="-94.21426655086833"><ele>316.49404773662553</ele></trkpt>
<trkpt lat="36.62057246794239" lon="-94.21434197913564"><ele>317.45442860082306</ele></trkpt>
<trkpt lat="36.620557133539094" lon="-94.21443801479346"><ele>318.74638374485596</ele></trkpt>
<trkpt lat="36.620541813456796" lon="-94.21454955611037"><ele>320.2797265432099</ele></trkpt>
<trkpt lat="36.62052786403292" lon="-94.21466491287401"><ele>321.8757423868313</ele></trkpt>
<trkpt lat="36.620517087695475" lon="-94.2147748766493"><ele>323.3942187242798</ele></trkpt>
<trkpt lat="36.62051041666667" lon="-94.2148818750468"><ele>324.8604166666667</ele></trkpt>
<trkpt lat="36.62050772119341" lon="-94.21499624657103"><ele>326.4130829903978</ele></trkpt>
<trkpt lat="36.620508096707816" lon="-94.21512640514567"><ele>328.16929869684503</ele></trkpt>
<trkpt lat="36.62051029320987" lon="-94.21526892484952"><ele>330.08924897119346</ele></trkpt>
<trkpt lat="36.62051298868313" lon="-94.21540961501077"><ele>331.9909036351166</ele></trkpt>
<trkpt lat="36.62051506687243" lon="-94.21553353049283"><ele>333.68468792866946</ele></trkpt>
<trkpt lat="36.620515833333336" lon="-94.2156352083242"><ele>335.1104166666667</ele></trkpt>
<trkpt lat="36.620514984567905" lon="-94.2157214732379"><ele>336.37308277606314</ele></trkpt>
<trkpt lat="36.62051248456791" lon="-94.21580354351069"><ele>337.6226605366941</ele></trkpt>
<trkpt lat="36.62050833333334" lon="-94.21588987689836"><ele>338.94141268004114</ele></trkpt>
<trkpt lat="36.62050233024692" lon="-94.21598233115174"><ele>340.2758144718793</ele></trkpt>
<trkpt lat="36.62049393036266" lon="-94.21608164690859"><ele>341.54429226680384</ele></trkpt>
<trkpt lat="36.62048269386574" lon="-94.21618802960587"><ele>342.69681712962955</ele></trkpt>
<trkpt lat="36.620468845486116" lon="-94.21630000010914"><ele>343.74887152777774</ele></trkpt>
<trkpt lat="36.62045303240742" lon="-94.21641197060268"><ele>344.71391782407403</ele></trkpt>
<trkpt lat="36.62043575703019" lon="-94.2165183532809"><ele>345.5997010030864</ele></trkpt>
<trkpt lat="36.62041703103567" lon="-94.21661766902767"><ele>346.4178240740741</ele></trkpt>
<trkpt lat="36.6203973260674" lon="-94.21671012328063"><ele>347.17737268518516</ele></trkpt>
<trkpt lat="36.62037714966993" lon="-94.2167964566782"><ele>347.8857445987654</ele></trkpt>
<trkpt lat="36.620356274969986" lon="-94.21687852698835"><ele>348.5583912037037</ele></trkpt>
<trkpt lat="36.62033229166667" lon="-94.2169647919919"><ele>349.2645833333333</ele></trkpt>
<trkpt lat="36.620301997599455" lon="-94.21706647510801"><ele>350.0959962277092</ele></trkpt>
<trkpt lat="36.620263694272985" lon="-94.2171904421726"><ele>351.1074245541838</ele></trkpt>
<trkpt lat="36.620174496742116" lon="-94.21747462430075"><ele>353.39438443072703</ele></trkpt>
<trkpt lat="36.62013335562415" lon="-94.21760653690772"><ele>354.40865054869687</ele></trkpt>
<trkpt lat="36.62009729166666" lon="-94.2177243754586"><ele>355.2458333333334</ele></trkpt>
<trkpt lat="36.62006366734568" lon="-94.21783729280918"><ele>355.95607969821674</ele></trkpt>
<trkpt lat="36.62002896518519" lon="-94.21795626632198"><ele>356.6229692729767</ele></trkpt>
<trkpt lat="36.61999152018519" lon="-94.21808451797935"><ele>357.3015427983539</ele></trkpt>
<trkpt lat="36.61995222746914" lon="-94.21821459959737"><ele>357.9970692729767</ele></trkpt>
<trkpt lat="36.61991150314815" lon="-94.21833881997829"><ele>358.71689451303155</ele></trkpt>
<trkpt lat="36.61986780148148" lon="-94.21845640638976"><ele>359.49625185185187</ele></trkpt>
<trkpt lat="36.6198186962963" lon="-94.21857347904022"><ele>360.3802814814815</ele></trkpt>
<trkpt lat="36.61976508444445" lon="-94.21869153832117"><ele>361.35168888888893</ele></trkpt>
<trkpt lat="36.6197116162963" lon="-94.21880370566588"><ele>362.3259703703704</ele></trkpt>
<trkpt lat="36.619663001481484" lon="-94.21890067295853"><ele>363.2198074074074</ele></trkpt>
<trkpt lat="36.61962021947874" lon="-94.21897967510857"><ele>364.01746371742115</ele></trkpt>
<trkpt lat="36.61958070315501" lon="-94.21904558841695"><ele>364.760505829904</ele></trkpt>
<trkpt lat="36.61954217695473" lon="-94.21910385879855"><ele>365.4670244855967</ele></trkpt>
<trkpt lat="36.6195034957476" lon="-94.21915725309839"><ele>366.1073879286694</ele></trkpt>
<trkpt lat="36.619463182441706" lon="-94.21920691459222"><ele>366.6298958161866</ele></trkpt>
<trkpt lat="36.61941666666668" lon="-94.21925666700633"><ele>367.01875</ele></trkpt>
<trkpt lat="36.619358019547334" lon="-94.21931222356817"><ele>367.2984053497943</ele></trkpt>
<trkpt lat="36.6192842644033" lon="-94.21937741747502"><ele>367.51247427983543</ele></trkpt>
<trkpt lat="36.619114650205766" lon="-94.21952276470297"><ele>367.87667181069963</ele></trkpt>
<trkpt lat="36.61903919238684" lon="-94.21958824210058"><ele>368.0737139917696</ele></trkpt>
<trkpt lat="36.618977083333334" lon="-94.21964437536569"><ele>368.31875</ele></trkpt>
<trkpt lat="36.61892471677641" lon="-94.21969508964706"><ele>368.64860747599454</ele></trkpt>
<trkpt lat="36.618876075281214" lon="-94.21974600824102"><ele>369.0829445816187</ele></trkpt>
<trkpt lat="36.618827634032925" lon="-94.21980042722544"><ele>369.6032187242799</ele></trkpt>
<trkpt lat="36.61878031268862" lon="-94.21985829211393"><ele>370.15187482853224</ele></trkpt>
<trkpt lat="36.61873585010974" lon="-94.21992056738148"><ele>370.6787432784637</ele></trkpt>
<trkpt lat="36.618694097777784" lon="-94.219990952862"><ele>371.17173333333335</ele></trkpt>
<trkpt lat="36.61865264000001" lon="-94.22007371438951"><ele>371.65635555555554</ele></trkpt>
<trkpt lat="36.61861050666666" lon="-94.220167364787"><ele>372.1474666666667</ele></trkpt>
<trkpt lat="36.61856923555555" lon="-94.22026503884902"><ele>372.63426666666663</ele></trkpt>
<trkpt lat="36.61853072" lon="-94.22036153067744"><ele>373.10417777777775</ele></trkpt>
<trkpt lat="36.618494419259264" lon="-94.22045895142263"><ele>373.5724296296296</ele></trkpt>
<trkpt lat="36.61845805185185" lon="-94.2205632803413"><ele>374.06974814814816</ele></trkpt>
<trkpt lat="36.618421097777784" lon="-94.22067474701849"><ele>374.59915555555557</ele></trkpt>
<trkpt lat="36.61838601185187" lon="-94.22078578253294"><ele>375.12712592592595</ele></trkpt>
<trkpt lat="36.618356019259274" lon="-94.22088864023732"><ele>375.6195407407407</ele></trkpt>
<trkpt lat="36.618332003587966" lon="-94.2209839785082"><ele>376.0821164351852</ele></trkpt>
<trkpt lat="36.61831221168981" lon="-94.2210787306974"><ele>376.55032523148145</ele></trkpt>
<trkpt lat="36.61829441284722" lon="-94.221176998459"><ele>377.0478034722222</ele></trkpt>
<trkpt lat="36.618277559259255" lon="-94.2212749534427"><ele>377.5655203703704</ele></trkpt>
<trkpt lat="36.61826137974536" lon="-94.22136677854104"><ele>378.08887685185186</ele></trkpt>
<trkpt lat="36.61824558738426" lon="-94.22145003190899"><ele>378.61493055555553</ele></trkpt>
<trkpt lat="36.61822967013889" lon="-94.22152620667136"><ele>379.1450520833333</ele></trkpt>
<trkpt lat="36.61821319155093" lon="-94.22159592599667"><ele>379.66675347222224</ele></trkpt>
<trkpt lat="36.618195247663756" lon="-94.22165998549647"><ele>380.1741373028121</ele></trkpt>
<trkpt lat="36.61817460219479" lon="-94.22172027956991"><ele>380.6734482167352</ele></trkpt>
<trkpt lat="36.618149967528296" lon="-94.22177987244919"><ele>381.1673482510287</ele></trkpt>
<trkpt lat="36.61812182816787" lon="-94.22183791193183"><ele>381.61655092592594</ele></trkpt>
<trkpt lat="36.618091439579054" lon="-94.2218914568096"><ele>381.970691872428</ele></trkpt>
<trkpt lat="36.61806097479425" lon="-94.22193652271594"><ele>382.1981738683128</ele></trkpt>
<trkpt lat="36.61803007887519" lon="-94.22197348432229"><ele>382.31344307270234</ele></trkpt>
<trkpt lat="36.61799580332649" lon="-94.22200495213606"><ele>382.33750857338816</ele></trkpt>
<trkpt lat="36.61795104166668" lon="-94.22203666691183"><ele>382.28125</ele></trkpt>
<trkpt lat="36.61788873542525" lon="-94.22207369808667"><ele>382.140414951989</ele></trkpt>
<trkpt lat="36.61780622085049" lon="-94.22211882339039"><ele>381.92010459533606</ele></trkpt>
<trkpt lat="36.61771004886831" lon="-94.22216965849283"><ele>381.6490226337449</ele></trkpt>
<trkpt lat="36.61753172925241" lon="-94.22226304992849"><ele>381.1502914951989</ele></trkpt>
<trkpt lat="36.617470000000004" lon="-94.22229604189553"><ele>380.9979166666667</ele></trkpt>
<trkpt lat="36.617426664471886" lon="-94.22232027000676"><ele>380.91988662551444</ele></trkpt>
<trkpt lat="36.61739513635117" lon="-94.22233942588376"><ele>380.9049596707819</ele></trkpt>
<trkpt lat="36.617368578600825" lon="-94.2223575685926"><ele>380.9489080246913</ele></trkpt>
<trkpt lat="36.61734174622771" lon="-94.22237858138824"><ele>381.07179732510286</ele></trkpt>
<trkpt lat="36.61730942990398" lon="-94.22240742682185"><ele>381.32594835390944</ele></trkpt>
<trkpt lat="36.617266552592596" lon="-94.22244935877963"><ele>381.7740888888889</ele></trkpt>
<trkpt lat="36.617210456296306" lon="-94.22250680185893"><ele>382.4393777777778</ele></trkpt>
<trkpt lat="36.61707891851852" lon="-94.22264382408403"><ele>384.07937777777784</ele></trkpt>
<trkpt lat="36.61702184148149" lon="-94.22270224767472"><ele>384.7740888888889</ele></trkpt>
<trkpt lat="36.61697668363427" lon="-94.22274633606135"><ele>385.2812576388889</ele></trkpt>
<trkpt lat="36.616939946643534" lon="-94.22277896502281"><ele>385.6303229166666</ele></trkpt>
<trkpt lat="36.61690526715279" lon="-94.22280562152731"><ele>385.88301875</ele></trkpt>
<trkpt lat="36.61686586685186" lon="-94.2228308356342"><ele>386.08459444444446</ele></trkpt>
<trkpt lat="36.61681535793982" lon="-94.22285760129364"><ele>386.25570324074073</ele></trkpt>
<trkpt lat="36.61674995659723" lon="-94.22288749147548"><ele>386.40422453703707</ele></trkpt>
<trkpt lat="36.61667203125001" lon="-94.22292000017983"><ele>386.5318576388889</ele></trkpt>
<trkpt lat="36.616589053819446" lon="-94.22295250885233"><ele>386.62861689814815</ele></trkpt>
<trkpt lat="36.61650793960648" lon="-94.22298235155839"><ele>386.68075625</ele></trkpt>
<trkpt lat="36.61643054574074" lon="-94.22300864308838"><ele>386.6839796296297</ele></trkpt>
<trkpt lat="36.61635625548611" lon="-94.22303167643105"><ele>386.65583194444446</ele></trkpt>
<trkpt lat="36.61628427719908" lon="-94.22305155368629"><ele>386.62927546296294</ele></trkpt>
<trkpt lat="36.616212393078705" lon="-94.22306801677674"><ele>386.6411856481481</ele></trkpt>
<trkpt lat="36.61613447851852" lon="-94.22308157193648"><ele>386.7174518518518</ele></trkpt>
<trkpt lat="36.61604487703704" lon="-94.22309345934937"><ele>386.8651259259259</ele></trkpt>
<trkpt lat="36.615945675555565" lon="-94.22310466231404"><ele>387.0694222222222</ele></trkpt>
<trkpt lat="36.61584762370371" lon="-94.2231152904522"><ele>387.3067703703703</ele></trkpt>
<trkpt lat="36.61576194518519" lon="-94.22312521636128"><ele>387.5672296296296</ele></trkpt>
<trkpt lat="36.615692200000005" lon="-94.22313480153332"><ele>387.86317037037037</ele></trkpt>
<trkpt lat="36.61563392888889" lon="-94.22314490523281"><ele>388.2116296296296</ele></trkpt>
<trkpt lat="36.615581266666666" lon="-94.22315635116334"><ele>388.60337777777784</ele></trkpt>
<trkpt lat="36.61553076" lon="-94.22317009636456"><ele>389.0008740740741</ele></trkpt>
<trkpt lat="36.615479844444444" lon="-94.22318804603063"><ele>389.36894814814815</ele></trkpt>
<trkpt lat="36.615424419259256" lon="-94.2232128727567"><ele>389.7030074074074</ele></trkpt>
<trkpt lat="36.61536085185186" lon="-94.2232460520783"><ele>390.02174814814816</ele></trkpt>
<trkpt lat="36.615291097777785" lon="-94.22328533803118"><ele>390.3314222222223</ele></trkpt>
<trkpt lat="36.61522321185185" lon="-94.22332519874256"><ele>390.6094814814815</ele></trkpt>
<trkpt lat="36.61516601925926" lon="-94.2233603394183"><ele>390.82034074074073</ele></trkpt>
<trkpt lat="36.61512301481482" lon="-94.2233890326898"><ele>390.94419259259263</ele></trkpt>
<trkpt lat="36.615091362962964" lon="-94.22341335857931"><ele>390.98616296296296</ele></trkpt>
<trkpt lat="36.61506584444445" lon="-94.22343685783082"><ele>390.9603111111111</ele></trkpt>
<trkpt lat="36.61504176296297" lon="-94.22346351859323"><ele>390.8669185185185</ele></trkpt>
<trkpt lat="36.615015014814816" lon="-94.22349863272628"><ele>390.67841481481474</ele></trkpt>
<trkpt lat="36.61498154666667" lon="-94.2235482698586"><ele>390.35423703703697</ele></trkpt>
<trkpt lat="36.61488949333333" lon="-94.22369390259125"><ele>389.3008444444444</ele></trkpt>
<trkpt lat="36.614839133333334" lon="-94.22377068624736"><ele>388.72420740740733</ele></trkpt>
<trkpt lat="36.61479363555556" lon="-94.22383129206595"><ele>388.25379259259256</ele></trkpt>
<trkpt lat="36.61475389229081" lon="-94.2238681966484"><ele>387.93858765432094</ele></trkpt>
<trkpt lat="36.614717124828545" lon="-94.22388207657166"><ele>387.7619506172839</ele></trkpt>
<trkpt lat="36.61468114946502" lon="-94.22387597331853"><ele>387.6774222222222</ele></trkpt>
<trkpt lat="36.61464830052127" lon="-94.2238512044649"><ele>387.6444257887517</ele></trkpt>
<trkpt lat="36.61462216910837" lon="-94.22380756797284"><ele>387.63875775034296</ele></trkpt>
<trkpt lat="36.61460430041153" lon="-94.22374757198102"><ele>387.64218106995884</ele></trkpt>
<trkpt lat="36.61459189825533" lon="-94.2236775085385"><ele>387.6353084276406</ele></trkpt>
<trkpt lat="36.61458127175498" lon="-94.22360432780728"><ele>387.6022301526063</ele></trkpt>
<trkpt lat="36.614570062692906" lon="-94.22353360849446"><ele>387.53863490226337</ele></trkpt>
<trkpt lat="36.6145574048354" lon="-94.22346661088658"><ele>387.4464163237311</ele></trkpt>
<trkpt lat="36.614542595164615" lon="-94.22340163294771"><ele>387.3254554612482</ele></trkpt>
<trkpt lat="36.61452469907408" lon="-94.22333453116164"><ele>387.1708622685185</ele></trkpt>
<trkpt lat="36.61450384548611" lon="-94.22326401031361"><ele>386.9835069444444</ele></trkpt>
<trkpt lat="36.614481027199076" lon="-94.22319180544696"><ele>386.7680844907407</ele></trkpt>
<trkpt lat="36.61445697627315" lon="-94.2231199969934"><ele>386.52447916666665</ele></trkpt>
<trkpt lat="36.614431406250006" lon="-94.2230481624931"><ele>386.24354745370374</ele></trkpt>
<trkpt lat="36.61440401041667" lon="-94.2229758245224"><ele>385.9170138888889</ele></trkpt>
<trkpt lat="36.614374930555556" lon="-94.2229048899147"><ele>385.5343460648148</ele></trkpt>
<trkpt lat="36.614343993055556" lon="-94.22283749697345"><ele>385.075318287037</ele></trkpt>
<trkpt lat="36.61431038194445" lon="-94.2227733418729"><ele>384.5212384259259</ele></trkpt>
<trkpt lat="36.61427401041668" lon="-94.22271098943588"><ele>383.89175347222226</ele></trkpt>
<trkpt lat="36.614235954861115" lon="-94.22265032103371"><ele>383.24823495370373</ele></trkpt>
<trkpt lat="36.61419699942129" lon="-94.22259153341837"><ele>382.64994212962966</ele></trkpt>
<trkpt lat="36.61415673321759" lon="-94.22253370065775"><ele>382.11640625</ele></trkpt>
<trkpt lat="36.61411516493055" lon="-94.22247631929078"><ele>381.64453125</ele></trkpt>
<trkpt lat="36.614073877314816" lon="-94.22242118330887"><ele>381.2484375</ele></trkpt>
<trkpt lat="36.61403446180556" lon="-94.22237048599156"><ele>380.95529513888886</ele></trkpt>
<trkpt lat="36.61399666087963" lon="-94.22232423311117"><ele>380.77578125</ele></trkpt>
<trkpt lat="36.61395884548612" lon="-94.2222806596182"><ele>380.68958333333336</ele></trkpt>
<trkpt lat="36.613919065393524" lon="-94.22223820880016"><ele>380.6707465277778</ele></trkpt>
<trkpt lat="36.613874997106485" lon="-94.22219552070125"><ele>380.7053530092593</ele></trkpt>
<trkpt lat="36.613824375" lon="-94.22215106175982"><ele>380.7888310185185</ele></trkpt>
<trkpt lat="36.61376703125" lon="-94.22210434009283"><ele>380.9082465277778</ele></trkpt>
<trkpt lat="36.61370463541667" lon="-94.22205649575113"><ele>381.0416956018518</ele></trkpt>
<trkpt lat="36.613638942258234" lon="-94.22200910269105"><ele>381.1689654063786</ele></trkpt>
<trkpt lat="36.613570087448565" lon="-94.22196247061798"><ele>381.28189300411526</ele></trkpt>
<trkpt lat="36.61349980709876" lon="-94.2219173142428"><ele>381.3794945987654</ele></trkpt>
<trkpt lat="36.613430465534975" lon="-94.22187476128941"><ele>381.4618891460905</ele></trkpt>
<trkpt lat="36.613362728909465" lon="-94.2218354529129"><ele>381.5276941872428</ele></trkpt>
<trkpt lat="36.613290416666665" lon="-94.22179645794151"><ele>381.57916666666665</ele></trkpt>
<trkpt lat="36.613204381858715" lon="-94.2217530575801"><ele>381.6214849108367</ele></trkpt>
<trkpt lat="36.61309914180384" lon="-94.2217019951797"><ele>381.6596364883402</ele></trkpt>
<trkpt lat="36.61297995113169" lon="-94.22164514583272"><ele>381.69315843621405</ele></trkpt>
<trkpt lat="36.61275515346365" lon="-94.22153833536454"><ele>381.71346021947875</ele></trkpt>
<trkpt lat="36.61266854166668" lon="-94.22149666628687"><ele>381.675</ele></trkpt>
<trkpt lat="36.61259578645406" lon="-94.22146098345337"><ele>381.588826611797</ele></trkpt>
<trkpt lat="36.6125282500686" lon="-94.22142737142615"><ele>381.45369766803844</ele></trkpt>
<trkpt lat="36.612460161213995" lon="-94.22139397987064"><ele>381.28348724279834</ele></trkpt>
<trkpt lat="36.612390913957476" lon="-94.22136249789703"><ele>381.1066186556928</ele></trkpt>
<trkpt lat="36.61231991608368" lon="-94.2213356551908"><ele>380.9502587105625</ele></trkpt>
<trkpt lat="36.612243902222225" lon="-94.22131483099541"><ele>380.8276740740741</ele></trkpt>
<trkpt lat="36.612158568888894" lon="-94.22129881323234"><ele>380.7354814814815</ele></trkpt>
<trkpt lat="36.61206576000001" lon="-94.22128550657241"><ele>380.6694222222222</ele></trkpt>
<trkpt lat="36.61197424444445" lon="-94.22127306213525"><ele>380.6364148148148</ele></trkpt>
<trkpt lat="36.611893324444445" lon="-94.22125998658525"><ele>380.6570074074074</ele></trkpt>
<trkpt lat="36.61182507497685" lon="-94.22124446343393"><ele>380.75510185185186</ele></trkpt>
<trkpt lat="36.611764638078704" lon="-94.22122490638586"><ele>380.94206481481484</ele></trkpt>
<trkpt lat="36.61170667368056" lon="-94.22120086211622"><ele>381.2112222222222</ele></trkpt>
<trkpt lat="36.61164971537037" lon="-94.22117283192465"><ele>381.5484537037037</ele></trkpt>
<trkpt lat="36.6115947248011" lon="-94.22114129628625"><ele>381.94534362139916</ele></trkpt>
<trkpt lat="36.61154230281207" lon="-94.22110638446902"><ele>382.39657921810704</ele></trkpt>
<trkpt lat="36.611492646926436" lon="-94.22106914851209"><ele>382.874151234568</ele></trkpt>
<trkpt lat="36.6114456679741" lon="-94.2210306051012"><ele>383.3358539094651</ele></trkpt>
<trkpt lat="36.611400081768686" lon="-94.22099004776278"><ele>383.7474794238684</ele></trkpt>
<trkpt lat="36.61135083333334" lon="-94.22094249961503"><ele>384.1208333333334</ele></trkpt>
<trkpt lat="36.611291418038405" lon="-94.22088153576667"><ele>384.49485596707825</ele></trkpt>
<trkpt lat="36.61121816015089" lon="-94.22080396698607"><ele>384.90344650205765</ele></trkpt>
<trkpt lat="36.61113490226337" lon="-94.22071460819149"><ele>385.3382716049383</ele></trkpt>
<trkpt lat="36.610977652606316" lon="-94.22054474562475"><ele>386.093621399177</ele></trkpt>
<trkpt lat="36.61091708333334" lon="-94.22047916624832"><ele>386.3291666666667</ele></trkpt>
<trkpt lat="36.61086585358797" lon="-94.22042364392551"><ele>386.4636927726338</ele></trkpt>
<trkpt lat="36.610817414158944" lon="-94.22037118191321"><ele>386.5222254372428</ele></trkpt>
<trkpt lat="36.61076710358796" lon="-94.22031704934558"><ele>386.5348861882716</ele></trkpt>
<trkpt lat="36.61071467592593" lon="-94.22026169217433"><ele>386.52674897119346</ele></trkpt>
<trkpt lat="36.610660803433646" lon="-94.22020676131413"><ele>386.51448366769546</ele></trkpt>
<trkpt lat="36.610605928819446" lon="-94.22015346335395"><ele>386.5061053240741</ele></trkpt>
<trkpt lat="36.61055" lon="-94.22010197898655"><ele>386.5032986111111</ele></trkpt>
<trkpt lat="36.61049407118056" lon="-94.22005386268312"><ele>386.50610532407404</ele></trkpt>
<trkpt lat="36.61043888483797" lon="-94.22001074154605"><ele>386.5148363425926</ele></trkpt>
<trkpt lat="36.61038382592593" lon="-94.21997284838714"><ele>386.5297888888889</ele></trkpt>
<trkpt lat="36.61032833159723" lon="-94.2199392761936"><ele>386.5492479166667</ele></trkpt>
<trkpt lat="36.61027211793982" lon="-94.21990937013089"><ele>386.57020486111116</ele></trkpt>
<trkpt lat="36.6102131556713" lon="-94.21988267766869"><ele>386.59029236111115</ele></trkpt>
<trkpt lat="36.61014585333334" lon="-94.21985757613595"><ele>386.60992592592595</ele></trkpt>
<trkpt lat="36.61006523111112" lon="-94.21983190794961"><ele>386.63336296296296</ele></trkpt>
<trkpt lat="36.60997297333334" lon="-94.21980491533479"><ele>386.6711111111111</ele></trkpt>
<trkpt lat="36.60987726666667" lon="-94.21977777904415"><ele>386.74478518518515</ele></trkpt>
<trkpt lat="36.60978487555556" lon="-94.21975162053957"><ele>386.8908148148148</ele></trkpt>
<trkpt lat="36.609695137777784" lon="-94.21972582794271"><ele>387.1486222222222</ele></trkpt>
<trkpt lat="36.609602880000004" lon="-94.21969878051492"><ele>387.53346666666664</ele></trkpt>
<trkpt lat="36.609507786666676" lon="-94.21967033754581"><ele>388.0101333333333</ele></trkpt>
<trkpt lat="36.609417435555564" lon="-94.219642469428"><ele>388.50404444444445</ele></trkpt>
<trkpt lat="36.60934136000001" lon="-94.21961738355643"><ele>388.94773333333336</ele></trkpt>
<trkpt lat="36.6092824434568" lon="-94.21959494453739"><ele>389.32564718792867</ele></trkpt>
<trkpt lat="36.609235879012346" lon="-94.21957260870542"><ele>389.66679561042525</ele></trkpt>
<trkpt lat="36.60919397333333" lon="-94.21954637754219"><ele>390.0088526748971</ele></trkpt>
<trkpt lat="36.60915221135803" lon="-94.21951315168768"><ele>390.35810534979424</ele></trkpt>
<trkpt lat="36.60910960641976" lon="-94.21947145126337"><ele>390.70021234567906</ele></trkpt>
<trkpt lat="36.60906851851852" lon="-94.21942304517006"><ele>391.0069958847737</ele></trkpt>
<trkpt lat="36.60903193383488" lon="-94.21937182411841"><ele>391.25857767489714</ele></trkpt>
<trkpt lat="36.609002522183644" lon="-94.21932161966488"><ele>391.44260545267485</ele></trkpt>
<trkpt lat="36.60898103877316" lon="-94.2192740463829"><ele>391.5642875514403</ele></trkpt>
<trkpt lat="36.60896655864198" lon="-94.21922638200283"><ele>391.64247256515773</ele></trkpt>
<trkpt lat="36.60895769386575" lon="-94.21917339065112"><ele>391.69903335048014</ele></trkpt>
<trkpt lat="36.608952989004635" lon="-94.21910978876537"><ele>391.75028935185185</ele></trkpt>
<trkpt lat="36.60895131944445" lon="-94.21903521701442"><ele>391.8032986111111</ele></trkpt>
<trkpt lat="36.608951895254634" lon="-94.21895250579762"><ele>391.86192129629626</ele></trkpt>
<trkpt lat="36.6089544994213" lon="-94.2188635416907"><ele>391.92997685185185</ele></trkpt>
<trkpt lat="36.60895905671296" lon="-94.21876777202823"><ele>392.0108796296296</ele></trkpt>
<trkpt lat="36.608970332754645" lon="-94.2185726070948"><ele>392.2013310185185</ele></trkpt>
<trkpt lat="36.60897397237227" lon="-94.2184915411925"><ele>392.30032364540466</ele></trkpt>
<trkpt lat="36.60897492198217" lon="-94.21842716992876"><ele>392.395438957476</ele></trkpt>
<trkpt lat="36.608973141075104" lon="-94.21837414029802"><ele>392.4697788065843</ele></trkpt>
<trkpt lat="36.60896885138032" lon="-94.21832646325129"><ele>392.4874228395061</ele></trkpt>
<trkpt lat="36.60896192279664" lon="-94.21828059176067"><ele>392.4118569958847</ele></trkpt>
<trkpt lat="36.60895148148148" lon="-94.21823617281431"><ele>392.225720164609</ele></trkpt>
<trkpt lat="36.608936021947876" lon="-94.21819313439481"><ele>391.9366255144032</ele></trkpt>
<trkpt lat="36.60891408093279" lon="-94.21815194782661"><ele>391.56358024691355</ele></trkpt>
<trkpt lat="36.60888491769548" lon="-94.21811390941164"><ele>391.13436213991764</ele></trkpt>
<trkpt lat="36.60884900848766" lon="-94.21808144177919"><ele>390.6858421210562</ele></trkpt>
<trkpt lat="36.60880744727367" lon="-94.21805656481651"><ele>390.254962920096</ele></trkpt>
<trkpt lat="36.60876235210906" lon="-94.21803911069188"><ele>389.8733506944444</ele></trkpt>
<trkpt lat="36.60871439986283" lon="-94.21802620109703"><ele>389.55625</ele></trkpt>
<trkpt lat="36.60866244877401" lon="-94.21801414218585"><ele>389.308449074074</ele></trkpt>
<trkpt lat="36.60860398726852" lon="-94.21800024299242"><ele>389.11701388888883</ele></trkpt>
<trkpt lat="36.60854032986112" lon="-94.21798401034347"><ele>388.96484374999994</ele></trkpt>
<trkpt lat="36.60847723379631" lon="-94.2179660936786"><ele>388.8379340277777</ele></trkpt>
<trkpt lat="36.6084205817044" lon="-94.2179466976809"><ele>388.7292256087105</ele></trkpt>
<trkpt lat="36.608371680384096" lon="-94.21792480360793"><ele>388.6316958161865</ele></trkpt>
<trkpt lat="36.6083272485854" lon="-94.21789817765966"><ele>388.5329603909464</ele></trkpt>
<trkpt lat="36.60828480913496" lon="-94.2178653724373"><ele>388.42303347908086</ele></trkpt>
<trkpt lat="36.608243821266306" lon="-94.21782586196906"><ele>388.29760695301775</ele></trkpt>
<trkpt lat="36.60820628440073" lon="-94.21778130135165"><ele>388.16469585905344</ele></trkpt>
<trkpt lat="36.608173234739375" lon="-94.21773200951236"><ele>388.03489368998623</ele></trkpt>
<trkpt lat="36.60814500128944" lon="-94.2176769585331"><ele>387.916936351166</ele></trkpt>
<trkpt lat="36.608120150740746" lon="-94.21761364137636"><ele>387.8097796296296</ele></trkpt>
<trkpt lat="36.608097740486116" lon="-94.21754352544436"><ele>387.71125486111106</ele></trkpt>
<trkpt lat="36.60807749386575" lon="-94.21747052026204"><ele>387.6207719907407</ele></trkpt>
<trkpt lat="36.60805957307871" lon="-94.21739668396818"><ele>387.53897523148146</ele></trkpt>
<trkpt lat="36.608043162962964" lon="-94.2173178398845"><ele>387.4618666666667</ele></trkpt>
<trkpt lat="36.60802693037037" lon="-94.217228710978"><ele>387.38382222222225</ele></trkpt>
<trkpt lat="36.60801042222222" lon="-94.21713101319386"><ele>387.3050666666667</ele></trkpt>
<trkpt lat="36.607980851851856" lon="-94.21695179546616"><ele>387.1863111111111</ele></trkpt>
<trkpt lat="36.607969174979424" lon="-94.21688404740176"><ele>387.16769492455416</ele></trkpt>
<trkpt lat="36.60795831934157" lon="-94.21682629487894"><ele>387.1760713305899</ele></trkpt>
<trkpt lat="36.607946144197534" lon="-94.21677055715725"><ele>387.1947588477367</ele></trkpt>
<trkpt lat="36.607931040025726" lon="-94.21671378467973"><ele>387.1975803412209</ele></trkpt>
<trkpt lat="36.60791206250515" lon="-94.21665651983834"><ele>387.1632520661866</ele></trkpt>
<trkpt lat="36.60788946566358" lon="-94.21660194758763"><ele>387.08828768004116</ele></trkpt>
<trkpt lat="36.60786249485597" lon="-94.21655000590867"><ele>386.98260459533606</ele></trkpt>
<trkpt lat="36.60782919495885" lon="-94.21649849534624"><ele>386.85675368655694</ele></trkpt>
<trkpt lat="36.60778715277778" lon="-94.21644333604749"><ele>386.7203125</ele></trkpt>
<trkpt lat="36.607737031250004" lon="-94.21638384527289"><ele>386.6044270833333</ele></trkpt>
<trkpt lat="36.607681857638894" lon="-94.21632238982247"><ele>386.5811631944444</ele></trkpt>
<trkpt lat="36.60762399594908" lon="-94.2162614986141"><ele>386.7394097222222</ele></trkpt>
<trkpt lat="36.60756348668981" lon="-94.21620124976006"><ele>387.12734374999997</ele></trkpt>
<trkpt lat="36.60750115451389" lon="-94.21614148413494"><ele>387.70442708333337</ele></trkpt>
<trkpt lat="36.607440787037035" lon="-94.21608424458036"><ele>388.37413194444446</ele></trkpt>
<trkpt lat="36.60738646412037" lon="-94.21603192981055"><ele>389.0562789351852</ele></trkpt>
<trkpt lat="36.60733899884259" lon="-94.21598420704264"><ele>389.7303530092593</ele></trkpt>
<trkpt lat="36.6072961545139" lon="-94.21593769084802"><ele>390.4065972222222</ele></trkpt>
<trkpt lat="36.60725527488426" lon="-94.21588724522866"><ele>391.09406828703703</ele></trkpt>
<trkpt lat="36.60721404513889" lon="-94.21582708025468"><ele>391.80468749999994</ele></trkpt>
<trkpt lat="36.60717061053241" lon="-94.21575327811682"><ele>392.5581886574074</ele></trkpt>
<trkpt lat="36.60712483506945" lon="-94.21566818549417"><ele>393.35329861111114</ele></trkpt>
<trkpt lat="36.60707877893519" lon="-94.21558000552967"><ele>394.1540219907407</ele></trkpt>
<trkpt lat="36.60703448206019" lon="-94.21549644942912"><ele>394.92476851851853</ele></trkpt>
<trkpt lat="36.60699198206019" lon="-94.21541962075067"><ele>395.66079282407406</ele></trkpt>
<trkpt lat="36.606950329861114" lon="-94.21534829842919"><ele>396.36371527777777</ele></trkpt>
<trkpt lat="36.606909239004636" lon="-94.21528258953576"><ele>397.00489004629634</ele></trkpt>
<trkpt lat="36.606869172377785" lon="-94.21522423653343"><ele>397.54055354780803</ele></trkpt>
<trkpt lat="36.606830023080654" lon="-94.21517364371006"><ele>397.95422335600904</ele></trkpt>
<trkpt lat="36.60679202585945" lon="-94.2151298818532"><ele>398.2633769132653</ele></trkpt>
<trkpt lat="36.606754770281626" lon="-94.21509106236286"><ele>398.49768459467117</ele></trkpt>
<trkpt lat="36.60671652780308" lon="-94.2150549684675"><ele>398.6781161422902</ele></trkpt>
<trkpt lat="36.606671953352766" lon="-94.21501701126"><ele>398.82448979591834</ele></trkpt>
<trkpt lat="36.60661365889212" lon="-94.21497125298859"><ele>398.9561224489796</ele></trkpt>
<trkpt lat="36.6065349281935" lon="-94.21491220289269"><ele>399.0917125580391</ele></trkpt>
<trkpt lat="36.60643427005723" lon="-94.21483830507964"><ele>399.24137782096966</ele></trkpt>
<trkpt lat="36.606318215095556" lon="-94.21475385995977"><ele>399.405847100745</ele></trkpt>
<trkpt lat="36.60608809955728" lon="-94.2145869678461"><ele>399.7638861893963</ele></trkpt>
<trkpt lat="36.60598829446064" lon="-94.21451447419378"><ele>399.9685131195335</ele></trkpt>
<trkpt lat="36.60589364431487" lon="-94.21444552376008"><ele>400.21924198250724</ele></trkpt>
<trkpt lat="36.60579441906922" lon="-94.21437302767715"><ele>400.54175035093397</ele></trkpt>
<trkpt lat="36.605684387215206" lon="-94.21429249624966"><ele>400.94273296620236</ele></trkpt>
<trkpt lat="36.605450169528126" lon="-94.21412126048702"><ele>401.82878738797103</ele></trkpt>
<trkpt lat="36.60534728593026" lon="-94.21404662680426"><ele>402.1850934024404</ele></trkpt>
<trkpt lat="36.60526259475219" lon="-94.21398612174812"><ele>402.4167638483965</ele></trkpt>
<trkpt lat="36.605193017492724" lon="-94.21393785666045"><ele>402.51078717201165</ele></trkpt>
<trkpt lat="36.605130547793976" lon="-94.21389635431612"><ele>402.4735544325667</ele></trkpt>
<trkpt lat="36.60506768579203" lon="-94.21385634242115"><ele>402.3261347154735</ele></trkpt>
<trkpt lat="36.605001026005844" lon="-94.21381531843842"><ele>402.1036813735018</ele></trkpt>
<trkpt lat="36.60493284334306" lon="-94.21377473005248"><ele>401.85969117805854</ele></trkpt>
<trkpt lat="36.60486600668611" lon="-94.21373695129009"><ele>401.6438712450059</ele></trkpt>
<trkpt lat="36.60480125647462" lon="-94.21370320613218"><ele>401.48511810699586</ele></trkpt>
<trkpt lat="36.60473570418382" lon="-94.21367208510986"><ele>401.3786646090535</ele></trkpt>
<trkpt lat="36.60466827460906" lon="-94.21364245617346"><ele>401.3015839506173</ele></trkpt>
<trkpt lat="36.60459934159123" lon="-94.2136140053978"><ele>401.22291028806586</ele></trkpt>
<trkpt lat="36.60452816758574" lon="-94.21358669620018"><ele>401.11072304526755</ele></trkpt>
<trkpt lat="36.60444791666667" lon="-94.2135585413315"><ele>400.9291666666667</ele></trkpt>
<trkpt lat="36.60434876286009" lon="-94.21352632582052"><ele>400.64759945130317</ele></trkpt>
<trkpt lat="36.60422545010289" lon="-94.21348796061902"><ele>400.25985939643346</ele></trkpt>
<trkpt lat="36.60394400720165" lon="-94.21340185722129"><ele>399.3546124828532</ele></trkpt>
<trkpt lat="36.603819843107004" lon="-94.21336320853025"><ele>398.98957475994507</ele></trkpt>
<trkpt lat="36.60371895833334" lon="-94.21333041631982"><ele>398.75416666666666</ele></trkpt>
<trkpt lat="36.603636222565164" lon="-94.21330146836357"><ele>398.6502143347051</ele></trkpt>
<trkpt lat="36.60356226766119" lon="-94.2132733305383"><ele>398.650042866941</ele></trkpt>
<trkpt lat="36.603491075102895" lon="-94.2132442667573"><ele>398.7122170781893</ele></trkpt>
<trkpt lat="36.60342171210563" lon="-94.21321395552941"><ele>398.7951817558299</ele></trkpt>
<trkpt lat="36.60335400034293" lon="-94.21318156093282"><ele>398.8659550754458</ele></trkpt>
<trkpt lat="36.603283958333336" lon="-94.21314395793954"><ele>398.90625</ele></trkpt>
<trkpt lat="36.603204281550056" lon="-94.21309668324604"><ele>398.911951303155</ele></trkpt>
<trkpt lat="36.603110052297666" lon="-94.21303740237917"><ele>398.88817729766805</ele></trkpt>
<trkpt lat="36.60300451131687" lon="-94.21296921728411"><ele>398.8451131687243</ele></trkpt>
<trkpt lat="36.60289813871742" lon="-94.21289970173443"><ele>398.79373285322356</ele></trkpt>
<trkpt lat="36.60280107167352" lon="-94.21283588070972"><ele>398.7415809327846</ele></trkpt>
<trkpt lat="36.60263538309328" lon="-94.21272594693052"><ele>398.63323285322355</ele></trkpt>
<trkpt lat="36.602463706687246" lon="-94.21261115025112"><ele>398.49964300411517</ele></trkpt>
<trkpt lat="36.602374239952" lon="-94.21255202035353"><ele>398.43841323731135</ele></trkpt>
<trkpt lat="36.60228898185872" lon="-94.21249724209144"><ele>398.4018131001372</ele></trkpt>
<trkpt lat="36.602208322962966" lon="-94.21244795226234"><ele>398.4021925925926</ele></trkpt>
<trkpt lat="36.602127619259264" lon="-94.21240150486895"><ele>398.43922962962966</ele></trkpt>
<trkpt lat="36.602044408888894" lon="-94.21235609746431"><ele>398.4983111111111</ele></trkpt>
<trkpt lat="36.60196019259261" lon="-94.2123125582228"><ele>398.5545185185185</ele></trkpt>
<trkpt lat="36.6018760562963" lon="-94.21227248564716"><ele>398.5817481481481</ele></trkpt>
<trkpt lat="36.601788133333336" lon="-94.21223520563488"><ele>398.562237037037</ele></trkpt>
<trkpt lat="36.60169060444445" lon="-94.2121981848578"><ele>398.4915407407407</ele></trkpt>
<trkpt lat="36.601583733333335" lon="-94.21216033742911"><ele>398.375511111111</ele></trkpt>
<trkpt lat="36.60147470666667" lon="-94.21212306485366"><ele>398.21780740740735</ele></trkpt>
<trkpt lat="36.60136982222223" lon="-94.21208800562431"><ele>398.0049037037037</ele></trkpt>
<trkpt lat="36.60126764592593" lon="-94.21205458044282"><ele>397.70887407407406</ele></trkpt>
<trkpt lat="36.601162065185186" lon="-94.212020765607"><ele>397.3119703703704</ele></trkpt>
<trkpt lat="36.60105261777778" lon="-94.21198643523455"><ele>396.83648888888894</ele></trkpt>
<trkpt lat="36.6009476251852" lon="-94.21195454787777"><ele>396.3380148148148</ele></trkpt>
<trkpt lat="36.60085724592593" lon="-94.21192906944684"><ele>395.86265185185187</ele></trkpt>
<trkpt lat="36.60078487466393" lon="-94.21191189217065"><ele>395.4168056927298</ele></trkpt>
<trkpt lat="36.600725943278476" lon="-94.21190199319965"><ele>394.97888237311383</ele></trkpt>
<trkpt lat="36.600674292880655" lon="-94.21189715198196"><ele>394.54629485596706</ele></trkpt>
<trkpt lat="36.60062523056242" lon="-94.21189575850039"><ele>394.1453163237311</ele></trkpt>
<trkpt lat="36.60057480305899" lon="-94.21189760959572"><ele>393.8119785322359</ele></trkpt>
<trkpt lat="36.600516250000005" lon="-94.21190354175955"><ele>393.5562499999999</ele></trkpt>
<trkpt lat="36.60044179441016" lon="-94.21191454062698"><ele>393.36178840877915</ele></trkpt>
<trkpt lat="36.60034780949932" lon="-94.21193066294644"><ele>393.20366941015084</ele></trkpt>
<trkpt lat="36.60024024434156" lon="-94.21195019572379"><ele>393.0710133744856</ele></trkpt>
<trkpt lat="36.60013309499314" lon="-94.2119700610974"><ele>392.97411694101504</ele></trkpt>
<trkpt lat="36.600040528978056" lon="-94.21198731841127"><ele>392.9380229766803</ele></trkpt>
<trkpt lat="36.599968958333335" lon="-94.21200062510451"><ele>392.9916666666667</ele></trkpt>
<trkpt lat="36.599914546467765" lon="-94.21201060276891"><ele>393.1665980795611</ele></trkpt>
<trkpt lat="36.59986858367627" lon="-94.21201859742891"><ele>393.4835048010974</ele></trkpt>
<trkpt lat="36.59982174125515" lon="-94.21202546555764"><ele>393.9599794238683</ele></trkpt>
<trkpt lat="36.599770545234996" lon="-94.21203076350697"><ele>394.5661671605738</ele></trkpt>
<trkpt lat="36.59971527154145" lon="-94.2120336646654"><ele>395.2493723180042</ele></trkpt>
<trkpt lat="36.59966135580511" lon="-94.21203370627093"><ele>395.90081344707187</ele></trkpt>
<trkpt lat="36.599611077177485" lon="-94.21203105070674"><ele>396.4385565513683</ele></trkpt>
<trkpt lat="36.59956355887093" lon="-94.21202555993311"><ele>396.79616792043095</ele></trkpt>
<trkpt lat="36.599511180758014" lon="-94.21201619517053"><ele>396.96997084548104</ele></trkpt>
<trkpt lat="36.599444737609325" lon="-94.21200115131197"><ele>396.9637026239067</ele></trkpt>
<trkpt lat="36.59935599449303" lon="-94.21197884525087"><ele>396.7948439693338</ele></trkpt>
<trkpt lat="36.59924339002268" lon="-94.21194926839584"><ele>396.4868372745924</ele></trkpt>
<trkpt lat="36.59898660997733" lon="-94.21188084436022"><ele>395.684683079581</ele></trkpt>
<trkpt lat="36.59887400550697" lon="-94.21185144648332"><ele>395.3319997840406</ele></trkpt>
<trkpt lat="36.59878526239068" lon="-94.21182950408424"><ele>395.07230320699705</ele></trkpt>
<trkpt lat="36.59871881924198" lon="-94.2118150873028"><ele>394.90932944606413</ele></trkpt>
<trkpt lat="36.59866732990823" lon="-94.21180673714038"><ele>394.82731143505015</ele></trkpt>
<trkpt lat="36.598622684578345" lon="-94.21180269535701"><ele>394.8062981535471</ele></trkpt>
<trkpt lat="36.59857886016198" lon="-94.21180180558369"><ele>394.83360310981533</ele></trkpt>
<trkpt lat="36.59853260729944" lon="-94.21180398846946"><ele>394.9104541626174</ele></trkpt>
<trkpt lat="36.59848038802289" lon="-94.21181043173753"><ele>395.0578316812439</ele></trkpt>
<trkpt lat="36.59841780296296" lon="-94.21182282678136"><ele>395.30531851851845</ele></trkpt>
<trkpt lat="36.5983415125926" lon="-94.21184176461357"><ele>395.66437037037036</ele></trkpt>
<trkpt lat="36.5982551688889" lon="-94.21186525352692"><ele>396.0991555555555</ele></trkpt>
<trkpt lat="36.5981691125926" lon="-94.21188917350564"><ele>396.5325037037037</ele></trkpt>
<trkpt lat="36.598093802962964" lon="-94.21190958234432"><ele>396.8866518518518</ele></trkpt>
<trkpt lat="36.59803264148149" lon="-94.21192484451795"><ele>397.1254074074074</ele></trkpt>
<trkpt lat="36.59798159851853" lon="-94.2119357422648"><ele>397.26325925925926</ele></trkpt>
<trkpt lat="36.59793483111112" lon="-94.21194373335983"><ele>397.34155555555554</ele></trkpt>
<trkpt lat="36.59788777629631" lon="-94.21194956890456"><ele>397.4054814814815</ele></trkpt>
<trkpt lat="36.59783575259259" lon="-94.21195311111487"><ele>397.4942962962963</ele></trkpt>
<trkpt lat="36.59777263111111" lon="-94.21195408591552"><ele>397.63777777777784</ele></trkpt>
<trkpt lat="36.59769386666666" lon="-94.21195270960635"><ele>397.8464444444445</ele></trkpt>
<trkpt lat="36.597503942222225" lon="-94.21194666515999"><ele>398.3535555555556</ele></trkpt>
<trkpt lat="36.59740605333334" lon="-94.21194430813459"><ele>398.56222222222226</ele></trkpt>
<trkpt lat="36.597305813333335" lon="-94.21194335555592"><ele>398.7052888888889</ele></trkpt>
<trkpt lat="36.59719743555556" lon="-94.21194376890035"><ele>398.7899555555556</ele></trkpt>
<trkpt lat="36.59697006666667" lon="-94.21194623112402"><ele>398.85377777777774</ele></trkpt>
<trkpt lat="36.59687345777779" lon="-94.211946644449"><ele>398.85017777777773</ele></trkpt>
<trkpt lat="36.59679567219907" lon="-94.21194562508744"><ele>398.82103749999993</ele></trkpt>
<trkpt lat="36.596731268634265" lon="-94.21194283378253"><ele>398.76536805555554</ele></trkpt>
<trkpt lat="36.59667325701389" lon="-94.21193794692297"><ele>398.6894708333333</ele></trkpt>
<trkpt lat="36.596618668148146" lon="-94.2119301218207"><ele>398.60676666666666</ele></trkpt>
<trkpt lat="36.59656668776407" lon="-94.21191766206664"><ele>398.5287028806584</ele></trkpt>
<trkpt lat="36.59651640003431" lon="-94.21189886996359"><ele>398.46008230452674</ele></trkpt>
<trkpt lat="36.596466049704226" lon="-94.21187255264661"><ele>398.39886188271606</ele></trkpt>
<trkpt lat="36.59641722661609" lon="-94.21183964883257"><ele>398.34451946159123</ele></trkpt>
<trkpt lat="36.59637267436129" lon="-94.21180177588835"><ele>398.2982017318244</ele></trkpt>
<trkpt lat="36.596335324074076" lon="-94.21176167685469"><ele>398.26262860082306</ele></trkpt>
<trkpt lat="36.59630367283951" lon="-94.21171880300709"><ele>398.2372770919067</ele></trkpt>
<trkpt lat="36.59627375000001" lon="-94.21166873772795"><ele>398.22072187928666</ele></trkpt>
<trkpt lat="36.59623875000001" lon="-94.21160083283941"><ele>398.2104166666667</ele></trkpt>
<trkpt lat="36.5961928335048" lon="-94.21150437162322"><ele>398.2046553497942</ele></trkpt>
<trkpt lat="36.59613346793553" lon="-94.21137547215167"><ele>398.20190329218104</ele></trkpt>
<trkpt lat="36.595995265775045" lon="-94.21107235485358"><ele>398.20352366255145</ele></trkpt>
<trkpt lat="36.59593391375173" lon="-94.21094005060367"><ele>398.20928497942384</ele></trkpt>
<trkpt lat="36.595883958333346" lon="-94.21083666611806"><ele>398.22083333333336</ele></trkpt>
<trkpt lat="36.59584264762004" lon="-94.21075764637244"><ele>398.2402075445816</ele></trkpt>
<trkpt lat="36.595805009931425" lon="-94.21069249146638"><ele>398.26668422496573</ele></trkpt>
<trkpt lat="36.595767636563785" lon="-94.21063247403067"><ele>398.2933115226337</ele></trkpt>
<trkpt lat="36.59569217724966" lon="-94.21051428354814"><ele>398.2769729766804</ele></trkpt>
<trkpt lat="36.59565227851853" lon="-94.21044962048424"><ele>398.19041481481474</ele></trkpt>
<trkpt lat="36.59560815703704" lon="-94.21037597894399"><ele>398.0362074074074</ele></trkpt>
<trkpt lat="36.595560675555554" lon="-94.21029491521485"><ele>397.8229777777778</ele></trkpt>
<trkpt lat="36.595514343703705" lon="-94.21021370784342"><ele>397.563762962963</ele></trkpt>
<trkpt lat="36.595474145185186" lon="-94.2101395760649"><ele>397.25263703703706</ele></trkpt>
<trkpt lat="36.59544151310186" lon="-94.21007321166184"><ele>396.85625787037037</ele></trkpt>
<trkpt lat="36.59541435300927" lon="-94.21001013887418"><ele>396.3473032407407</ele></trkpt>
<trkpt lat="36.5953904301389" lon="-94.20994750746108"><ele>395.7481986111111</ele></trkpt>
<trkpt lat="36.59537001703705" lon="-94.20988841232608"><ele>395.1442740740741</ele></trkpt>
<trkpt lat="36.59535481368057" lon="-94.2098379382846"><ele>394.6242358796296</ele></trkpt>
<trkpt lat="36.59534562789352" lon="-94.20979807868113"><ele>394.23093171296296</ele></trkpt>
<trkpt lat="36.59534082465279" lon="-94.2097651649203"><ele>393.9478298611111</ele></trkpt>
<trkpt lat="36.59533742476853" lon="-94.2097325318167"><ele>393.7461226851852</ele></trkpt>
<trkpt lat="36.59533253182871" lon="-94.20969308736044"><ele>393.60590277777777</ele></trkpt>
<trkpt lat="36.59532466145833" lon="-94.20964267935885"><ele>393.5195023148148</ele></trkpt>
<trkpt lat="36.595314010416665" lon="-94.20958269092218"><ele>393.48133680555554</ele></trkpt>
<trkpt lat="36.59530167534722" lon="-94.20951877309508"><ele>393.4964988425926</ele></trkpt>
<trkpt lat="36.59528828221451" lon="-94.20945535145496"><ele>393.5824406292867</ele></trkpt>
<trkpt lat="36.59527329475309" lon="-94.20939260882278"><ele>393.7500085733882</ele></trkpt>
<trkpt lat="36.59525498553241" lon="-94.2093280162616"><ele>393.98051054526746</ele></trkpt>
<trkpt lat="36.595231971450616" lon="-94.20926224089193"><ele>394.22106910150893</ele></trkpt>
<trkpt lat="36.59520369984568" lon="-94.20919796340347"><ele>394.41920867626885</ele></trkpt>
<trkpt lat="36.595171837384264" lon="-94.20913930127699"><ele>394.5465727880658</ele></trkpt>
<trkpt lat="36.595138001543226" lon="-94.20908682003082"><ele>394.6062414266118</ele></trkpt>
<trkpt lat="36.59510280574846" lon="-94.2090390224208"><ele>394.6089366855281</ele></trkpt>
<trkpt lat="36.59506506076389" lon="-94.20899221921022"><ele>394.56629050925926</ele></trkpt>
<trkpt lat="36.594984939236106" lon="-94.20889655948571"><ele>394.4031828703704</ele></trkpt>
<trkpt lat="36.594947473958335" lon="-94.20884846921878"><ele>394.31484375</ele></trkpt>
<trkpt lat="36.59491303819445" lon="-94.20879945012636"><ele>394.23162615740745</ele></trkpt>
<trkpt lat="36.59488049479167" lon="-94.20874818565736"><ele>394.1532986111111</ele></trkpt>
<trkpt lat="36.594848793402775" lon="-94.20869383379902"><ele>394.0805844907407</ele></trkpt>
<trkpt lat="36.59481725094907" lon="-94.20863554271996"><ele>394.0151868055556</ele></trkpt>
<trkpt lat="36.594785028148145" lon="-94.20857210948088"><ele>393.95566481481484</ele></trkpt>
<trkpt lat="36.59475193430555" lon="-94.20850504802874"><ele>393.8954743055556</ele></trkpt>
<trkpt lat="36.59471824328705" lon="-94.2084382440375"><ele>393.82202662037037</ele></trkpt>
<trkpt lat="36.59468320615741" lon="-94.20837437170141"><ele>393.7153094907407</ele></trkpt>
<trkpt lat="36.59464408567216" lon="-94.20831127260064"><ele>393.55507215363514</ele></trkpt>
<trkpt lat="36.59459815572703" lon="-94.20824505877928"><ele>393.338134430727</ele></trkpt>
<trkpt lat="36.59454578331276" lon="-94.20817628522909"><ele>393.10100164609054</ele></trkpt>
<trkpt lat="36.59448895443074" lon="-94.20811048892747"><ele>392.91849739368996</ele></trkpt>
<trkpt lat="36.59442741530179" lon="-94.20805389844064"><ele>392.8857388203018</ele></trkpt>
<trkpt lat="36.594354791666674" lon="-94.20800770798407"><ele>393.0916666666667</ele></trkpt>
<trkpt lat="36.59426200617283" lon="-94.20796857726194"><ele>393.5933899176955</ele></trkpt>
<trkpt lat="36.59414462191358" lon="-94.2079320777012"><ele>394.3831532921811</ele></trkpt>
<trkpt lat="36.594010000000004" lon="-94.20789661214151"><ele>395.360262345679</ele></trkpt>
<trkpt lat="36.59387537808642" lon="-94.20786389100881"><ele>396.35483539094645</ele></trkpt>
<trkpt lat="36.59375799382717" lon="-94.20783675635684"><ele>397.2041923868312</ele></trkpt>
<trkpt lat="36.593665208333334" lon="-94.20781666646226"><ele>397.82708333333323</ele></trkpt>
<trkpt lat="36.593592522475994" lon="-94.20780277763726"><ele>398.2382107681755</ele></trkpt>
<trkpt lat="36.59353036112482" lon="-94.20779321445237"><ele>398.50116104252396</ele></trkpt>
<trkpt lat="36.59347067002058" lon="-94.20778672062977"><ele>398.67968045267486</ele></trkpt>
<trkpt lat="36.59340939982853" lon="-94.20778379822326"><ele>398.81075548696845</ele></trkpt>
<trkpt lat="36.59334225210563" lon="-94.2077864667025"><ele>398.91091447187927</ele></trkpt>
<trkpt lat="36.59326326666666" lon="-94.20779698236531"><ele>398.9868740740741</ele></trkpt>
<trkpt lat="36.59316761777779" lon="-94.20781581355492"><ele>399.0447703703704</ele></trkpt>
<trkpt lat="36.592947693333336" lon="-94.20786512467298"><ele>399.1052148148148</ele></trkpt>
<trkpt lat="36.59284468888889" lon="-94.20788542682426"><ele>399.08465185185185</ele></trkpt>
<trkpt lat="36.592751093333334" lon="-94.20789876749278"><ele>399.0084</ele></trkpt>
<trkpt lat="36.592661199999995" lon="-94.2079057215167"><ele>398.87302222222223</ele></trkpt>
<trkpt lat="36.59257152" lon="-94.20790814222867"><ele>398.6974666666667</ele></trkpt>
<trkpt lat="36.592484426666665" lon="-94.20790740146839"><ele>398.51759999999996</ele></trkpt>
<trkpt lat="36.59240336" lon="-94.20790356737238"><ele>398.36751111111107</ele></trkpt>
<trkpt lat="36.592326900740744" lon="-94.20789594660332"><ele>398.26259259259257</ele></trkpt>
<trkpt lat="36.5922499525926" lon="-94.20788423101986"><ele>398.1975407407407</ele></trkpt>
<trkpt lat="36.592170675555565" lon="-94.20786949322795"><ele>398.15844444444446</ele></trkpt>
<trkpt lat="36.592019522962964" lon="-94.20783923546978"><ele>398.11770370370374</ele></trkpt>
<trkpt lat="36.591950700740746" lon="-94.20782587992348"><ele>398.1079407407408</ele></trkpt>
<trkpt lat="36.59188142370372" lon="-94.20781313325789"><ele>398.1021481481482</ele></trkpt>
<trkpt lat="36.59180940888889" lon="-94.20780075992695"><ele>398.09662222222227</ele></trkpt>
<trkpt lat="36.59173638814815" lon="-94.20778967993971"><ele>398.08534814814817</ele></trkpt>
<trkpt lat="36.59166367851852" lon="-94.20778134662818"><ele>398.0599407407407</ele></trkpt>
<trkpt lat="36.591588176296305" lon="-94.20777656739199"><ele>398.0129037037037</ele></trkpt>
<trkpt lat="36.59150485925927" lon="-94.20777501926173"><ele>397.9470518518519</ele></trkpt>
<trkpt lat="36.591413648888896" lon="-94.2077756755683"><ele>397.88884444444443</ele></trkpt>
<trkpt lat="36.59132013925927" lon="-94.20777748149872"><ele>397.89674074074077</ele></trkpt>
<trkpt lat="36.5912289762963" lon="-94.20777985631662"><ele>398.05645925925927</ele></trkpt>
<trkpt lat="36.59113821481482" lon="-94.2077827140996"><ele>398.44795555555555</ele></trkpt>
<trkpt lat="36.591042074074075" lon="-94.2077861704025"><ele>399.0944888888889</ele></trkpt>
<trkpt lat="36.590939577777775" lon="-94.20779016892533"><ele>399.9228</ele></trkpt>
<trkpt lat="36.59083636296297" lon="-94.20779445485182"><ele>400.7899111111111</ele></trkpt>
<trkpt lat="36.590737770370374" lon="-94.20779889188934"><ele>401.56884444444444</ele></trkpt>
<trkpt lat="36.59064227851852" lon="-94.20780366967173"><ele>402.2176296296296</ele></trkpt>
<trkpt lat="36.590544174814816" lon="-94.20780909930866"><ele>402.77063703703703</ele></trkpt>
<trkpt lat="36.59044320888889" lon="-94.20781516894155"><ele>403.2662222222222</ele></trkpt>
<trkpt lat="36.590347703703706" lon="-94.20782152597339"><ele>403.7043259259259</ele></trkpt>
<trkpt lat="36.590268234074074" lon="-94.20782793633327"><ele>404.06118518518514</ele></trkpt>
<trkpt lat="36.590208432043895" lon="-94.2078348530323"><ele>404.3316098765432</ele></trkpt>
<trkpt lat="36.590163416186556" lon="-94.20784338850278"><ele>404.5387901234568</ele></trkpt>
<trkpt lat="36.59012453761317" lon="-94.20785545089487"><ele>404.7142074074074</ele></trkpt>
<trkpt lat="36.590086162414266" lon="-94.20787252860237"><ele>404.870987654321</ele></trkpt>
<trkpt lat="36.590046247462276" lon="-94.20789544137571"><ele>405.00716049382714</ele></trkpt>
<trkpt lat="36.59000639572017" lon="-94.20792295365916"><ele>405.11179259259256</ele></trkpt>
<trkpt lat="36.58996671220851" lon="-94.207954569663"><ele>405.1798024691358</ele></trkpt>
<trkpt lat="36.58992476301784" lon="-94.20799228150992"><ele>405.20564938271605</ele></trkpt>
<trkpt lat="36.58987450074075" lon="-94.20804141513247"><ele>405.18816296296296</ele></trkpt>
<trkpt lat="36.589812112592604" lon="-94.20810519452175"><ele>405.1305037037037</ele></trkpt>
<trkpt lat="36.58974067555556" lon="-94.20817957828005"><ele>405.0466222222222</ele></trkpt>
<trkpt lat="36.58961192296298" lon="-94.20831457066754"><ele>404.87971851851853</ele></trkpt>
<trkpt lat="36.58954033360768" lon="-94.20838899842884"><ele>404.7849684499314</ele></trkpt>
<trkpt lat="36.58949446273749" lon="-94.20843425941632"><ele>404.7887108453361</ele></trkpt>
<trkpt lat="36.589440465213485" lon="-94.20848357161205"><ele>404.927851723251</ele></trkpt>
<trkpt lat="36.58940829818245" lon="-94.20851076652177"><ele>404.98710562414266</ele></trkpt>
<trkpt lat="36.58937112727024" lon="-94.20853998387244"><ele>404.9754120713306</ele></trkpt>
<trkpt lat="36.589326734814826" lon="-94.20857251919246"><ele>404.86633148148144</ele></trkpt>
<trkpt lat="36.58927559243057" lon="-94.20860765021413"><ele>404.6638076388889</ele></trkpt>
<trkpt lat="36.589219069328706" lon="-94.20864322666988"><ele>404.3719155092593</ele></trkpt>
<trkpt lat="36.58915590761574" lon="-94.2086776478636"><ele>403.96030949074077</ele></trkpt>
<trkpt lat="36.58908009333334" lon="-94.20871230249217"><ele>403.36722962962966</ele></trkpt>
<trkpt lat="36.58898679111112" lon="-94.20874960034826"><ele>402.5606814814815</ele></trkpt>
<trkpt lat="36.588880253333336" lon="-94.20878949371473"><ele>401.6067555555556</ele></trkpt>
<trkpt lat="36.58877414666667" lon="-94.20882852478248"><ele>400.66432592592594</ele></trkpt>
<trkpt lat="36.58868231555556" lon="-94.20886288024677"><ele>399.8970074074074</ele></trkpt>
<trkpt lat="36.588609362824066" lon="-94.20889178268615"><ele>399.38126759259256</ele></trkpt>
<trkpt lat="36.588550248842594" lon="-94.2089178189826"><ele>399.0879212962963</ele></trkpt>
<trkpt lat="36.58849724763889" lon="-94.20894502059483"><ele>398.93741944444446</ele></trkpt>
<trkpt lat="36.58844511814815" lon="-94.20897798809753"><ele>398.85615185185185</ele></trkpt>
<trkpt lat="36.588391162962964" lon="-94.20902110019028"><ele>398.80075555555555</ele></trkpt>
<trkpt lat="36.58833405777778" lon="-94.20907677062775"><ele>398.7521592592593</ele></trkpt>
<trkpt lat="36.58827491625" lon="-94.20914211731422"><ele>398.7056472222223</ele></trkpt>
<trkpt lat="36.58821691875" lon="-94.20921116894291"><ele>398.6631898148148</ele></trkpt>
<trkpt lat="36.58816209180556" lon="-94.20928029696042"><ele>398.62748796296296</ele></trkpt>
<trkpt lat="36.588108151111115" lon="-94.20935243443667"><ele>398.5984888888889</ele></trkpt>
<trkpt lat="36.58805120888889" lon="-94.20943239746795"><ele>398.574</ele></trkpt>
<trkpt lat="36.58799101333333" lon="-94.20951940934755"><ele>398.5525333333333</ele></trkpt>
<trkpt lat="36.58793254222223" lon="-94.20960541522119"><ele>398.5353777777778</ele></trkpt>
<trkpt lat="36.587881484444445" lon="-94.20968194548968"><ele>398.5256</ele></trkpt>
<trkpt lat="36.58783918960648" lon="-94.20974730942744"><ele>398.52550578703705</ele></trkpt>
<trkpt lat="36.58776782423611" lon="-94.20986242527985"><ele>398.53924652777783</ele></trkpt>
<trkpt lat="36.58773328462963" lon="-94.20991628271545"><ele>398.52424074074077</ele></trkpt>
<trkpt lat="36.587697849410155" lon="-94.20996576328956"><ele>398.4633429355282</ele></trkpt>
<trkpt lat="36.58766008573388" lon="-94.21001040819269"><ele>398.34119513031555</ele></trkpt>
<trkpt lat="36.58761779353138" lon="-94.21005223839548"><ele>398.1634998713992</ele></trkpt>
<trkpt lat="36.58757049907837" lon="-94.21009184015973"><ele>397.9589152520576</ele></trkpt>
<trkpt lat="36.58751859428583" lon="-94.21012854840002"><ele>397.7647087191358</ele></trkpt>
<trkpt lat="36.587463436214" lon="-94.21016030871883"><ele>397.6281893004115</ele></trkpt>
<trkpt lat="36.58740617776921" lon="-94.21018574765924"><ele>397.59561792695473</ele></trkpt>
<trkpt lat="36.58734814579047" lon="-94.21020387178194"><ele>397.697064686214</ele></trkpt>
<trkpt lat="36.58729148726852" lon="-94.2102144496068"><ele>397.91143582818927</ele></trkpt>
<trkpt lat="36.58723716820988" lon="-94.21021730280589"><ele>398.18198731138546</ele></trkpt>
<trkpt lat="36.58718450810185" lon="-94.21021192008175"><ele>398.45278956618654</ele></trkpt>
<trkpt lat="36.587130584490744" lon="-94.21019832458744"><ele>398.7044849537037</ele></trkpt>
<trkpt lat="36.587074340277766" lon="-94.21017851554215"><ele>398.93680555555557</ele></trkpt>
<trkpt lat="36.58695995659723" lon="-94.21013446462304"><ele>399.32468171296296</ele></trkpt>
<trkpt lat="36.586902549189816" lon="-94.21011438939635"><ele>399.4671875</ele></trkpt>
<trkpt lat="36.5868431857639" lon="-94.21009565965257"><ele>399.57526041666665</ele></trkpt>
<trkpt lat="36.58678073495371" lon="-94.2100780525928"><ele>399.6412326388889</ele></trkpt>
<trkpt lat="36.586713512731485" lon="-94.21006153349346"><ele>399.65</ele></trkpt>
<trkpt lat="36.586639224537045" lon="-94.21004596925297"><ele>399.59348958333334</ele></trkpt>
<trkpt lat="36.5865581857639" lon="-94.21003164923297"><ele>399.48515625</ele></trkpt>
<trkpt lat="36.586474059606495" lon="-94.21002013594257"><ele>399.3515625</ele></trkpt>
<trkpt lat="36.58639057622686" lon="-94.21001345592913"><ele>399.21557453703696</ele></trkpt>
<trkpt lat="36.58630831222223" lon="-94.21001260445745"><ele>399.0854518518518</ele></trkpt>
<trkpt lat="36.58622774250001" lon="-94.21001677732919"><ele>398.9619673611111</ele></trkpt>
<trkpt lat="36.58615090416667" lon="-94.21002480804373"><ele>398.84495949074073</ele></trkpt>
<trkpt lat="36.58607909694445" lon="-94.21003672293374"><ele>398.7326821759259</ele></trkpt>
<trkpt lat="36.58600874370371" lon="-94.21005396309408"><ele>398.6171703703704</ele></trkpt>
<trkpt lat="36.585934487407414" lon="-94.21007761943906"><ele>398.49002962962965</ele></trkpt>
<trkpt lat="36.58585559111112" lon="-94.2101066890967"><ele>398.35337777777784</ele></trkpt>
<trkpt lat="36.58577770074075" lon="-94.21013863279798"><ele>398.2224740740741</ele></trkpt>
<trkpt lat="36.58570687703705" lon="-94.21017209648909"><ele>398.1149481481482</ele></trkpt>
<trkpt lat="36.58564331166667" lon="-94.21020880038299"><ele>398.0385259259259</ele></trkpt>
<trkpt lat="36.58558205833334" lon="-94.21025156781461"><ele>397.9895740740741</ele></trkpt>
<trkpt lat="36.58551854" lon="-94.21030086913196"><ele>397.96256111111114</ele></trkpt>
<trkpt lat="36.58545152833334" lon="-94.2103537689531"><ele>397.95970185185183</ele></trkpt>
<trkpt lat="36.585381111111126" lon="-94.21040704173436"><ele>397.9888888888889</ele></trkpt>
<trkpt lat="36.58530707722223" lon="-94.21045914896806"><ele>398.0542425925926</ele></trkpt>
<trkpt lat="36.58523066833334" lon="-94.210509120823"><ele>398.14535555555557</ele></trkpt>
<trkpt lat="36.585154738888896" lon="-94.21055492062015"><ele>398.2424537037037</ele></trkpt>
<trkpt lat="36.58508009111112" lon="-94.21059473874644"><ele>398.3274462962963</ele></trkpt>
<trkpt lat="36.585002109629635" lon="-94.2106295231918"><ele>398.39509629629634</ele></trkpt>
<trkpt lat="36.5849149525926" lon="-94.21066213951022"><ele>398.45001481481484</ele></trkpt>
<trkpt lat="36.58481864888889" lon="-94.21069440915291"><ele>398.49915555555555</ele></trkpt>
<trkpt lat="36.584720045925934" lon="-94.21072567284224"><ele>398.54685925925924</ele></trkpt>
<trkpt lat="36.58462504296296" lon="-94.21075485652267"><ele>398.59687407407404</ele></trkpt>
<trkpt lat="36.58453242666668" lon="-94.2107825646674"><ele>398.65419259259255</ele></trkpt>
<trkpt lat="36.58443674222223" lon="-94.21081057801634"><ele>398.7224296296296</ele></trkpt>
<trkpt lat="36.58424357333334" lon="-94.2108666090955"><ele>398.87131851851854</ele></trkpt>
<trkpt lat="36.58416407111111" lon="-94.21089020903555"><ele>398.9297481481482</ele></trkpt>
<trkpt lat="36.58410222348423" lon="-94.21090965523662"><ele>398.9677349794239</ele></trkpt>
<trkpt lat="36.584052807956105" lon="-94.21092715479546"><ele>398.9858847736626</ele></trkpt>
<trkpt lat="36.584007227489714" lon="-94.21094678771424"><ele>398.9848938271605</ele></trkpt>
<trkpt lat="36.58395990304527" lon="-94.2109724867706"><ele>398.9613508916324</ele></trkpt>
<trkpt lat="36.58390897958848" lon="-94.21100708460038"><ele>398.9085141289438</ele></trkpt>
<trkpt lat="36.583856563786" lon="-94.21105125526549"><ele>398.8187242798354</ele></trkpt>
<trkpt lat="36.58380600405093" lon="-94.21110390680812"><ele>398.68738854595335</ele></trkpt>
<trkpt lat="36.583760514724794" lon="-94.21116310733807"><ele>398.5166237997256</ele></trkpt>
<trkpt lat="36.583721441293726" lon="-94.21122586496344"><ele>398.32703189300406</ele></trkpt>
<trkpt lat="36.58368745198903" lon="-94.21129115924798"><ele>398.1515089163237</ele></trkpt>
<trkpt lat="36.58365584983711" lon="-94.21136040705979"><ele>398.0219157235939</ele></trkpt>
<trkpt lat="36.58362357060185" lon="-94.21143719056829"><ele>397.9482060185185</ele></trkpt>
<trkpt lat="36.58358983506944" lon="-94.21152082484429"><ele>397.92309027777776</ele></trkpt>
<trkpt lat="36.58355581886574" lon="-94.21160586245085"><ele>397.93726851851847</ele></trkpt>
<trkpt lat="36.5835231869676" lon="-94.2116861008545"><ele>397.98900185185187</ele></trkpt>
<trkpt lat="36.58349214333333" lon="-94.21176002051644"><ele>398.0779185185185</ele></trkpt>
<trkpt lat="36.58346211375" lon="-94.21182922757646"><ele>398.19126527777775</ele></trkpt>
<trkpt lat="36.58343234791666" lon="-94.21189611115821"><ele>398.30641435185186</ele></trkpt>
<trkpt lat="36.583401270416665" lon="-94.2119645239392"><ele>398.4016800925926</ele></trkpt>
<trkpt lat="36.58336571555556" lon="-94.21204144178498"><ele>398.46942222222225</ele></trkpt>
<trkpt lat="36.58327525333335" lon="-94.2122348315594"><ele>398.54240000000004</ele></trkpt>
<trkpt lat="36.583227751111124" lon="-94.21233689669488"><ele>398.5580444444445</ele></trkpt>
<trkpt lat="36.58318669333335" lon="-94.21242695288288"><ele>398.5583111111111</ele></trkpt>
<trkpt lat="36.58315407525464" lon="-94.21250188856912"><ele>398.53887569444447</ele></trkpt>
<trkpt lat="36.583127797800934" lon="-94.21256686008239"><ele>398.4993993055556</ele></trkpt>
<trkpt lat="36.5831050145139" lon="-94.21262797940385"><ele>398.44766458333334</ele></trkpt>
<trkpt lat="36.58308475592594" lon="-94.21268722433693"><ele>398.40028888888895</ele></trkpt>
<trkpt lat="36.58306720496571" lon="-94.21274496680908"><ele>398.37522716049386</ele></trkpt>
<trkpt lat="36.58305199159808" lon="-94.21280231743673"><ele>398.38495370370373</ele></trkpt>
<trkpt lat="36.583036809735084" lon="-94.21286193099246"><ele>398.4361400462963</ele></trkpt>
<trkpt lat="36.58301873510374" lon="-94.2129238098619"><ele>398.53415745027434</ele></trkpt>
<trkpt lat="36.58299525537981" lon="-94.21298656836508"><ele>398.6861486196845</ele></trkpt>
<trkpt lat="36.58296530864198" lon="-94.21304765441408"><ele>398.9008230452675</ele></trkpt>
<trkpt lat="36.58292935939644" lon="-94.2131053077578"><ele>399.18074842249655</ele></trkpt>
<trkpt lat="36.582888617558304" lon="-94.21315780405827"><ele>399.51926145404667</ele></trkpt>
<trkpt lat="36.58284538683127" lon="-94.2132027833116"><ele>399.8843473251029</ele></trkpt>
<trkpt lat="36.58280002578876" lon="-94.2132385103738"><ele>400.24080932784636</ele></trkpt>
<trkpt lat="36.58274952400549" lon="-94.21326374557938"><ele>400.56644663923186</ele></trkpt>
<trkpt lat="36.58268673037037" lon="-94.21327973634202"><ele>400.8778814814815</ele></trkpt>
<trkpt lat="36.582606722962964" lon="-94.2132887970693"><ele>401.1973185185185</ele></trkpt>
<trkpt lat="36.58251229777778" lon="-94.21329390224646"><ele>401.5179111111111</ele></trkpt>
<trkpt lat="36.58241327407408" lon="-94.21329713927986"><ele>401.7838962962963</ele></trkpt>
<trkpt lat="36.582317574814816" lon="-94.21329982520618"><ele>401.91699259259263</ele></trkpt>
<trkpt lat="36.58222553111796" lon="-94.21330267380401"><ele>401.86319725651583</ele></trkpt>
<trkpt lat="36.582132239334705" lon="-94.21330589505601"><ele>401.62777229080933</ele></trkpt>
<trkpt lat="36.582036518168735" lon="-94.21330902025048"><ele>401.2875399176955</ele></trkpt>
<trkpt lat="36.58194159692731" lon="-94.2133109069431"><ele>400.96187352537726</ele></trkpt>
<trkpt lat="36.58185032000687" lon="-94.21330993175914"><ele>400.7727281207133</ele></trkpt>
<trkpt lat="36.581757708333335" lon="-94.21330437488058"><ele>400.8083333333334</ele></trkpt>
<trkpt lat="36.581653726851854" lon="-94.21329297217937"><ele>401.10940500685876</ele></trkpt>
<trkpt lat="36.5815313117284" lon="-94.21327560497821"><ele>401.6562328532237</ele></trkpt>
<trkpt lat="36.58139456018519" lon="-94.21325377794169"><ele>402.35830761316873</ele></trkpt>
<trkpt lat="36.58125706018519" lon="-94.21322987191051"><ele>403.07451989026066</ele></trkpt>
<trkpt lat="36.58113209104938" lon="-94.21320541034548"><ele>403.6695901920439</ele></trkpt>
<trkpt lat="36.58102291666667" lon="-94.21317958301438"><ele>404.06875</ele></trkpt>
<trkpt lat="36.580922240226336" lon="-94.21314986760707"><ele>404.27070473251035</ele></trkpt>
<trkpt lat="36.58082079989712" lon="-94.21311445773661"><ele>404.31826131687245</ele></trkpt>
<trkpt lat="36.58071602623456" lon="-94.21307451086058"><ele>404.26628086419754</ele></trkpt>
<trkpt lat="36.580612998971205" lon="-94.21303373242108"><ele>404.1569187242798</ele></trkpt>
<trkpt lat="36.58051751800412" lon="-94.21299548487251"><ele>404.00866769547326</ele></trkpt>
<trkpt lat="36.580428958333336" lon="-94.21295999964286"><ele>403.8125</ele></trkpt>
<trkpt lat="36.580340066872424" lon="-94.21292452379254"><ele>403.5463563100138</ele></trkpt>
<trkpt lat="36.580244061213996" lon="-94.21288637044944"><ele>403.20112311385463</ele></trkpt>
<trkpt lat="36.580142052469135" lon="-94.21284602578395"><ele>402.80342078189307</ele></trkpt>
<trkpt lat="36.58004353652264" lon="-94.21280742758921"><ele>402.4115397805213</ele></trkpt>
<trkpt lat="36.57995944958848" lon="-94.21277523376854"><ele>402.0861711248286</ele></trkpt>
<trkpt lat="36.57989479166667" lon="-94.21275187482853"><ele>401.86041666666665</ele></trkpt>
<trkpt lat="36.5798469032347" lon="-94.21273667973352"><ele>401.73124090171046</ele></trkpt>
<trkpt lat="36.57980945835183" lon="-94.21272734121935"><ele>401.67398659052094</ele></trkpt>
<trkpt lat="36.57977671566996" lon="-94.21272164362239"><ele>401.6582068321156</ele></trkpt>
<trkpt lat="36.57974438040399" lon="-94.21271840812288"><ele>401.65806790823325</ele></trkpt>
<trkpt lat="36.57970803999098" lon="-94.21271743309515"><ele>401.654376452227</ele></trkpt>
<trkpt lat="36.57966151603499" lon="-94.21271912542949"><ele>401.63469387755106</ele></trkpt>
<trkpt lat="36.57959695335278" lon="-94.21272414006614"><ele>401.5908163265306</ele></trkpt>
<trkpt lat="36.57950752402549" lon="-94.21273295722024"><ele>401.5179948169744</ele></trkpt>
<trkpt lat="36.57939211478243" lon="-94.21274541706099"><ele>401.41619695497246</ele></trkpt>
<trkpt lat="36.579259384515716" lon="-94.21276033880388"><ele>401.2916909620991</ele></trkpt>
<trkpt lat="36.57912560684592" lon="-94.21277583657178"><ele>401.1530450275348</ele></trkpt>
<trkpt lat="36.5790066234748" lon="-94.21279026206933"><ele>401.00299643666983</ele></trkpt>
<trkpt lat="36.578909927113706" lon="-94.21280307596626"><ele>400.8320699708454</ele></trkpt>
<trkpt lat="36.57883282798834" lon="-94.21281498555042"><ele>400.6189504373177</ele></trkpt>
<trkpt lat="36.57876600169731" lon="-94.21282759161838"><ele>400.331877547646</ele></trkpt>
<trkpt lat="36.578700160636686" lon="-94.21284237328163"><ele>399.95420825572285</ele></trkpt>
<trkpt lat="36.57863006747045" lon="-94.21286023226719"><ele>399.5045445112569</ele></trkpt>
<trkpt lat="36.578557651778965" lon="-94.21288105791388"><ele>399.0639570510744</ele></trkpt>
<trkpt lat="36.57848698513768" lon="-94.21290467020347"><ele>398.72334471439365</ele></trkpt>
<trkpt lat="36.57842156092594" lon="-94.21293079918846"><ele>398.5391777777778</ele></trkpt>
<trkpt lat="36.57836157347223" lon="-94.21295896435495"><ele>398.4872479166667</ele></trkpt>
<trkpt lat="36.57830638356482" lon="-94.21298870024633"><ele>398.5070381944445</ele></trkpt>
<trkpt lat="36.578253612546305" lon="-94.21302114865807"><ele>398.5395701388889</ele></trkpt>
<trkpt lat="36.578198715555565" lon="-94.2130595691131"><ele>398.5584740740741</ele></trkpt>
<trkpt lat="36.578137386666675" lon="-94.21310663585015"><ele>398.559837037037</ele></trkpt>
<trkpt lat="36.57807025333333" lon="-94.21316076032849"><ele>398.5516888888889</ele></trkpt>
<trkpt lat="36.57800355111112" lon="-94.21321617807986"><ele>398.54641481481485</ele></trkpt>
<trkpt lat="36.57794369333334" lon="-94.21326765801977"><ele>398.5575851851852</ele></trkpt>
<trkpt lat="36.57789176495372" lon="-94.2133148279486"><ele>398.5966560185185</ele></trkpt>
<trkpt lat="36.57784411226852" lon="-94.21336106880851"><ele>398.6670717592592</ele></trkpt>
<trkpt lat="36.57779736902778" lon="-94.21340895717948"><ele>398.7604763888889</ele></trkpt>
<trkpt lat="36.577751704074075" lon="-94.21345774607566"><ele>398.85782037037035</ele></trkpt>
<trkpt lat="36.57770827753086" lon="-94.21350628789452"><ele>398.9409009602195</ele></trkpt>
<trkpt lat="36.57762553819444" lon="-94.2136027164813"><ele>399.0241190843622</ele></trkpt>
<trkpt lat="36.57758326871142" lon="-94.21364823290689"><ele>399.009438228738</ele></trkpt>
<trkpt lat="36.57754036940587" lon="-94.21368733825247"><ele>398.94831640089166</ele></trkpt>
<trkpt lat="36.57749801215278" lon="-94.21371728368483"><ele>398.8490579989712</ele></trkpt>
<trkpt lat="36.57745419753086" lon="-94.21373914785009"><ele>398.7318758573388</ele></trkpt>
<trkpt lat="36.5774048746142" lon="-94.21375520859078"><ele>398.6161115397805</ele></trkpt>
<trkpt lat="36.57734561921297" lon="-94.21376787620167"><ele>398.5083912037037</ele></trkpt>
<trkpt lat="36.57727686631945" lon="-94.21377785594171"><ele>398.41154513888887</ele></trkpt>
<trkpt lat="36.5772027806713" lon="-94.21378418694047"><ele>398.33434606481484</ele></trkpt>
<trkpt lat="36.57712697048611" lon="-94.2137849941994"><ele>398.28969907407406</ele></trkpt>
<trkpt lat="36.57704958912038" lon="-94.21377922159596"><ele>398.28151041666666</ele></trkpt>
<trkpt lat="36.57697065972223" lon="-94.21376785583278"><ele>398.2950520833333</ele></trkpt>
<trkpt lat="36.57689285300926" lon="-94.21375284135628"><ele>398.30017361111106</ele></trkpt>
<trkpt lat="36.576818969907414" lon="-94.21373543973114"><ele>398.26571180555555</ele></trkpt>
<trkpt lat="36.576748732638904" lon="-94.2137155381014"><ele>398.17890624999995</ele></trkpt>
<trkpt lat="36.57668000000001" lon="-94.21369252593377"><ele>398.05989583333326</ele></trkpt>
<trkpt lat="36.576611267361116" lon="-94.21366530368674"><ele>397.9577256944444</ele></trkpt>
<trkpt lat="36.57654104745371" lon="-94.21363204264998"><ele>397.924392361111</ele></trkpt>
<trkpt lat="36.57646733796297" lon="-94.21359133368966"><ele>397.9835069444444</ele></trkpt>
<trkpt lat="36.576313883101854" lon="-94.21349927640222"><ele>398.2714409722222</ele></trkpt>
<trkpt lat="36.57624268840021" lon="-94.21345969955304"><ele>398.4097704475309</ele></trkpt>
<trkpt lat="36.57617809670783" lon="-94.21342880132374"><ele>398.51087962962964</ele></trkpt>
<trkpt lat="36.57611929783951" lon="-94.21340543876158"><ele>398.5756365740741</ele></trkpt>
<trkpt lat="36.57606450874486" lon="-94.21338739415017"><ele>398.6087770061729</ele></trkpt>
<trkpt lat="36.5760111085391" lon="-94.21337309567043"><ele>398.6080439814815</ele></trkpt>
<trkpt lat="36.57595250000001" lon="-94.21336104158345"><ele>398.56458333333336</ele></trkpt>
<trkpt lat="36.57588074417009" lon="-94.21334966896094"><ele>398.47004458161865</ele></trkpt>
<trkpt lat="36.57579161179699" lon="-94.21333778707759"><ele>398.3256601508916</ele></trkpt>
<trkpt lat="36.57569019547326" lon="-94.2133254885437"><ele>398.14902263374483</ele></trkpt>
<trkpt lat="36.57558911179698" lon="-94.2133140216545"><ele>397.97072187928666</ele></trkpt>
<trkpt lat="36.57550111454047" lon="-94.2133049776237"><ele>397.82066186556926</ele></trkpt>
<trkpt lat="36.57543166666667" lon="-94.21329937495366"><ele>397.71458333333334</ele></trkpt>
<trkpt lat="36.57537652949246" lon="-94.21329743225473"><ele>397.6512259945131</ele></trkpt>
<trkpt lat="36.57532731824416" lon="-94.21329910837359"><ele>397.6211248285323</ele></trkpt>
<trkpt lat="36.57527588477366" lon="-94.2133052135023"><ele>397.617103909465</ele></trkpt>
<trkpt lat="36.57522007030178" lon="-94.21331708841655"><ele>397.63773040980794</ele></trkpt>
<trkpt lat="36.57516098422497" lon="-94.21333582193432"><ele>397.68226701817554</ele></trkpt>
<trkpt lat="36.575103649691364" lon="-94.21336043893248"><ele>397.7409625771605</ele></trkpt>
<trkpt lat="36.575050866769566" lon="-94.2133896888762"><ele>397.7949588477366</ele></trkpt>
<trkpt lat="36.57500381316873" lon="-94.21342295507998"><ele>397.82467572016463</ele></trkpt>
<trkpt lat="36.574960175" lon="-94.21346110530162"><ele>397.82159444444443</ele></trkpt>
<trkpt lat="36.57491848333334" lon="-94.21350344186804"><ele>397.78895624999996</ele></trkpt>
<trkpt lat="36.574877997222224" lon="-94.21354840443009"><ele>397.73196874999996</ele></trkpt>
<trkpt lat="36.57483774166667" lon="-94.2135959533991"><ele>397.64719513888883</ele></trkpt>
<trkpt lat="36.57479444592593" lon="-94.21364974691302"><ele>397.522637037037</ele></trkpt>
<trkpt lat="36.574744927407416" lon="-94.2137133114316"><ele>397.3498518518518</ele></trkpt>
<trkpt lat="36.574690084444455" lon="-94.21378449368609"><ele>397.13564444444444</ele></trkpt>
<trkpt lat="36.57463538518519" lon="-94.21385481364757"><ele>396.89700740740744</ele></trkpt>
<trkpt lat="36.57458635703704" lon="-94.21391543578726"><ele>396.6408592592593</ele></trkpt>
<trkpt lat="36.57454447993141" lon="-94.21396300440747"><ele>396.35652572016465</ele></trkpt>
<trkpt lat="36.57450701159123" lon="-94.21400004935455"><ele>396.028054526749</ele></trkpt>
<trkpt lat="36.574470437572025" lon="-94.21403003876866"><ele>395.6595586419753</ele></trkpt>
<trkpt lat="36.5744311773937" lon="-94.21405437276894"><ele>395.2665884773662</ele></trkpt>
<trkpt lat="36.574384304622775" lon="-94.21407231293628"><ele>394.8517726337449</ele></trkpt>
<trkpt lat="36.574321250000004" lon="-94.21408333334277"><ele>394.37708333333336</ele></trkpt>
<trkpt lat="36.57423288494514" lon="-94.21408796379312"><ele>393.78533093278463</ele></trkpt>
<trkpt lat="36.57411591649521" lon="-94.21408778715028"><ele>393.04982853223595</ele></trkpt>
<trkpt lat="36.57397907150206" lon="-94.21408504879889"><ele>392.22590020576126</ele></trkpt>
<trkpt lat="36.573840646433474" lon="-94.21408239363772"><ele>391.44604766803843</ele></trkpt>
<trkpt lat="36.5737182861797" lon="-94.21408250084653"><ele>390.86094821673527</ele></trkpt>
<trkpt lat="36.573618958333334" lon="-94.21408770837715"><ele>390.57500000000005</ele></trkpt>
<trkpt lat="36.5735373167284" lon="-94.21409969684326"><ele>390.61835692729767</ele></trkpt>
<trkpt lat="36.5734634762963" lon="-94.21411895351153"><ele>390.95146941015093</ele></trkpt>
<trkpt lat="36.57339057203705" lon="-94.21414458485582"><ele>391.4770855967078</ele></trkpt>
<trkpt lat="36.57331763734568" lon="-94.21417501622673"><ele>392.0609780521262</ele></trkpt>
<trkpt lat="36.57324421425926" lon="-94.2142104439144"><ele>392.5878877914952</ele></trkpt>
<trkpt lat="36.57316723555556" lon="-94.21425326553145"><ele>393.0030074074074</ele></trkpt>
<trkpt lat="36.57308209333333" lon="-94.21430602859839"><ele>393.3196592592593</ele></trkpt>
<trkpt lat="36.572989493333345" lon="-94.21436744940213"><ele>393.56875555555564</ele></trkpt>
<trkpt lat="36.57289603111112" lon="-94.2144330375485"><ele>393.76468148148155</ele></trkpt>
<trkpt lat="36.57280794666668" lon="-94.21450002123572"><ele>393.8998962962964</ele></trkpt>
<trkpt lat="36.572724860740756" lon="-94.21457067904451"><ele>393.96737777777787</ele></trkpt>
<trkpt lat="36.57264173925927" lon="-94.21464918874236"><ele>393.97622222222225</ele></trkpt>
<trkpt lat="36.572557195555575" lon="-94.21473440950811"><ele>393.95253333333335</ele></trkpt>
<trkpt lat="36.57243574162522" lon="-94.21486234762126"><ele>393.96258367465055</ele></trkpt>
<trkpt lat="36.572395394261214" lon="-94.21490657947535"><ele>393.9920340016094</ele></trkpt>
<trkpt lat="36.57235607108988" lon="-94.21495219600295"><ele>394.05160490711165</ele></trkpt>
<trkpt lat="36.57231799160239" lon="-94.21499938443567"><ele>394.16466571001445</ele></trkpt>
<trkpt lat="36.57228017967146" lon="-94.2150470976743"><ele>394.32377107712927</ele></trkpt>
<trkpt lat="36.57223977404677" lon="-94.21509238469929"><ele>394.4929050150545</ele></trkpt>
<trkpt lat="36.572188921602844" lon="-94.21512196693337"><ele>394.54837641818676</ele></trkpt>
<trkpt lat="36.572155645980764" lon="-94.21512963375832"><ele>394.5242282665084</ele></trkpt>
<trkpt lat="36.57210688015192" lon="-94.21509284220947"><ele>394.1737078641491</ele></trkpt>
<trkpt lat="36.57207064354119" lon="-94.21503809827205"><ele>393.73045751939895</ele></trkpt>
<trkpt lat="36.57204362955598" lon="-94.2149797202463"><ele>393.2701855030397</ele></trkpt>
<trkpt lat="36.57201922868051" lon="-94.21491984230667"><ele>392.82235139951996</ele></trkpt>
<trkpt lat="36.571973507879015" lon="-94.21479856606302"><ele>392.02598573488814</ele></trkpt>
<trkpt lat="36.57193457032773" lon="-94.21469879751388"><ele>391.49279158129605</ele></trkpt>
<trkpt lat="36.57188833925926" lon="-94.21458243359136"><ele>391.0245037037037</ele></trkpt>
<trkpt lat="36.57184016888889" lon="-94.21445805724902"><ele>390.6067555555556</ele></trkpt>
<trkpt lat="36.57179228592593" lon="-94.21433037579814"><ele>390.2005037037037</ele></trkpt>
<trkpt lat="36.57174853629629" lon="-94.21420680993786"><ele>389.7921185185185</ele></trkpt>
<trkpt lat="36.571709383703705" lon="-94.21408547960293"><ele>389.35186666666664</ele></trkpt>
<trkpt lat="36.57167247851852" lon="-94.21395868404214"><ele>388.84555555555556</ele></trkpt>
<trkpt lat="36.57163660444445" lon="-94.21382449293327"><ele>388.2670666666666</ele></trkpt>
<trkpt lat="36.57160346074075" lon="-94.21368943965034"><ele>387.6325333333333</ele></trkpt>
<trkpt lat="36.5715758725926" lon="-94.213559701955"><ele>386.9349777777777</ele></trkpt>
<trkpt lat="36.57155486222222" lon="-94.21343261017442"><ele>386.1236444444444</ele></trkpt>
<trkpt lat="36.57153915555556" lon="-94.21329986503189"><ele>385.1527555555555</ele></trkpt>
<trkpt lat="36.57152727999999" lon="-94.21315932432394"><ele>384.0677333333333</ele></trkpt>
<trkpt lat="36.57151928444444" lon="-94.21301763400474"><ele>383.0128888888888</ele></trkpt>
<trkpt lat="36.57151681777777" lon="-94.21288096593722"><ele>382.1449777777778</ele></trkpt>
<trkpt lat="36.571521586666655" lon="-94.21274626529575"><ele>381.53391111111114</ele></trkpt>
<trkpt lat="36.571533831111104" lon="-94.21260501946082"><ele>381.14377777777776</ele></trkpt>
<trkpt lat="36.571551773333326" lon="-94.21245618247539"><ele>380.8956</ele></trkpt>
<trkpt lat="36.57157273333333" lon="-94.21230935729605"><ele>380.7250222222222</ele></trkpt>
<trkpt lat="36.57159527555555" lon="-94.21217497654675"><ele>380.5996888888889</ele></trkpt>
<trkpt lat="36.57161975275672" lon="-94.21205483827454"><ele>380.503329877983</ele></trkpt>
<trkpt lat="36.57164719578879" lon="-94.21194284374438"><ele>380.4188871612137</ele></trkpt>
<trkpt lat="36.57167694931001" lon="-94.2118361997265"><ele>380.3195989633949</ele></trkpt>
<trkpt lat="36.571707621820536" lon="-94.21173650012258"><ele>380.1571184537307</ele></trkpt>
<trkpt lat="36.571738743880786" lon="-94.21164636960486"><ele>379.8560218118993</ele></trkpt>
<trkpt lat="36.571772930029155" lon="-94.21156154571612"><ele>379.31355685131194</ele></trkpt>
<trkpt lat="36.5718149271137" lon="-94.21147253720683"><ele>378.41093294460643</ele></trkpt>
<trkpt lat="36.57186941690962" lon="-94.21136891264085"><ele>377.0545081524673</ele></trkpt>
<trkpt lat="36.571937672497576" lon="-94.21124628577839"><ele>375.2434186372962</ele></trkpt>
<trkpt lat="36.57201527696794" lon="-94.2111103707678"><ele>373.129996760609</ele></trkpt>
<trkpt lat="36.572093352769684" lon="-94.21097508396753"><ele>370.9825342835547</ele></trkpt>
<trkpt lat="36.57216321671527" lon="-94.21085460101978"><ele>369.055285606306</ele></trkpt>
<trkpt lat="36.572268615160354" lon="-94.21067384895203"><ele>366.1526239067055</ele></trkpt>
<trkpt lat="36.572355140239715" lon="-94.21052759077824"><ele>363.79531052802076</ele></trkpt>
<trkpt lat="36.57240169453839" lon="-94.21045077055436"><ele>362.5635008746356</ele></trkpt>
<trkpt lat="36.57245009361841" lon="-94.2103742835097"><ele>361.35910009718174</ele></trkpt>
<trkpt lat="36.5724990701393" lon="-94.21030362984341"><ele>360.29537207644967</ele></trkpt>
<trkpt lat="36.57254918074075" lon="-94.21024150544409"><ele>359.4412296296296</ele></trkpt>
<trkpt lat="36.57260312592593" lon="-94.21018517062456"><ele>358.763437037037</ele></trkpt>
<trkpt lat="36.57266143555556" lon="-94.21013219580962"><ele>358.2074222222222</ele></trkpt>
<trkpt lat="36.572722188148155" lon="-94.21008295727447"><ele>357.74912592592597</ele></trkpt>
<trkpt lat="36.57278446962964" lon="-94.21003937206893"><ele>357.40478518518523</ele></trkpt>
<trkpt lat="36.57285132444446" lon="-94.21000110540209"><ele>357.1842222222222</ele></trkpt>
<trkpt lat="36.57292683555556" lon="-94.2099653128286"><ele>357.0668444444444</ele></trkpt>
<trkpt lat="36.57300949333333" lon="-94.20992966247002"><ele>357.0126666666667</ele></trkpt>
<trkpt lat="36.57309128888889" lon="-94.20989343727189"><ele>356.98004444444445</ele></trkpt>
<trkpt lat="36.573163857777786" lon="-94.20985568317585"><ele>356.93622222222217</ele></trkpt>
<trkpt lat="36.57322499259259" lon="-94.209813594282"><ele>356.85937777777775</ele></trkpt>
<trkpt lat="36.57327850962963" lon="-94.20976407725959"><ele>356.74133333333333</ele></trkpt>
<trkpt lat="36.57332831111111" lon="-94.20970712912548"><ele>356.58986666666664</ele></trkpt>
<trkpt lat="36.573375238518516" lon="-94.20964529505449"><ele>356.4211555555556</ele></trkpt>
<trkpt lat="36.57341894814815" lon="-94.20957910543731"><ele>356.2442666666667</ele></trkpt>
<trkpt lat="36.57346102074074" lon="-94.20950458844496"><ele>356.0534370370371</ele></trkpt>
<trkpt lat="36.573504419259265" lon="-94.20941702110066"><ele>355.8384740740741</ele></trkpt>
<trkpt lat="36.57354991555556" lon="-94.20931805817358"><ele>355.60591111111114</ele></trkpt>
<trkpt lat="36.57359526814814" lon="-94.20921579001052"><ele>355.38340740740745</ele></trkpt>
<trkpt lat="36.57363817629629" lon="-94.20911694405214"><ele>355.20277037037033</ele></trkpt>
<trkpt lat="36.57367926814815" lon="-94.2090204951606"><ele>355.0787111111111</ele></trkpt>
<trkpt lat="36.57372124296296" lon="-94.20892065667044"><ele>355.0044444444444</ele></trkpt>
<trkpt lat="36.57376508444445" lon="-94.20881660483285"><ele>354.9652</ele></trkpt>
<trkpt lat="36.57380906962963" lon="-94.20871528331975"><ele>354.95182222222223</ele></trkpt>
<trkpt lat="36.57385153481482" lon="-94.20862476178412"><ele>354.9658222222222</ele></trkpt>
<trkpt lat="36.57389361037038" lon="-94.20854638397364"><ele>355.0128148148148</ele></trkpt>
<trkpt lat="36.57393828296298" lon="-94.2084748699011"><ele>355.0896296296296</ele></trkpt>
<trkpt lat="36.57398685777778" lon="-94.20840533806562"><ele>355.1704444444444</ele></trkpt>
<trkpt lat="36.57403859407408" lon="-94.208336381052"><ele>355.20096296296293</ele></trkpt>
<trkpt lat="36.57409405481482" lon="-94.20826682851924"><ele>355.1061481481481</ele></trkpt>
<trkpt lat="36.57415711407408" lon="-94.20819226715847"><ele>354.81997037037036</ele></trkpt>
<trkpt lat="36.57423181925927" lon="-94.20810761841385"><ele>354.3276740740741</ele></trkpt>
<trkpt lat="36.57431643555556" lon="-94.2080137340497"><ele>353.6983111111111</ele></trkpt>
<trkpt lat="36.57440349481482" lon="-94.20791769402466"><ele>353.0660740740741</ele></trkpt>
<trkpt lat="36.57448653629629" lon="-94.20782568951411"><ele>352.5639703703704</ele></trkpt>
<trkpt lat="36.574565795555564" lon="-94.20773686134937"><ele>352.2586518518519</ele></trkpt>
<trkpt lat="36.57464602222223" lon="-94.20764573101806"><ele>352.13388148148147</ele></trkpt>
<trkpt lat="36.57472848000001" lon="-94.20755092955166"><ele>352.1244888888889</ele></trkpt>
<trkpt lat="36.574808351111116" lon="-94.2074577087427"><ele>352.1567703703704</ele></trkpt>
<trkpt lat="36.57487975111111" lon="-94.20737197233083"><ele>352.1742074074075</ele></trkpt>
<trkpt lat="36.57494230185186" lon="-94.2072929722227"><ele>352.14391250000006</ele></trkpt>
<trkpt lat="36.575000648148155" lon="-94.20721465048054"><ele>352.05915972222226</ele></trkpt>
<trkpt lat="36.57505874722223" lon="-94.20713269459092"><ele>351.9370958333334</ele></trkpt>
<trkpt lat="36.57511627870371" lon="-94.20704830606948"><ele>351.81251666666674</ele></trkpt>
<trkpt lat="36.57517110074075" lon="-94.20696441436758"><ele>351.71811851851857</ele></trkpt>
<trkpt lat="36.57522221277778" lon="-94.20688205768009"><ele>351.66834259259264</ele></trkpt>
<trkpt lat="36.57526987000001" lon="-94.20680097075108"><ele>351.6506597222222</ele></trkpt>
<trkpt lat="36.57531407500001" lon="-94.20672087746628"><ele>351.6368773148148</ele></trkpt>
<trkpt lat="36.57535549055556" lon="-94.20663889670962"><ele>351.5943171296296</ele></trkpt>
<trkpt lat="36.57539691111111" lon="-94.20654758704144"><ele>351.4987111111111</ele></trkpt>
<trkpt lat="36.57544144888889" lon="-94.20644063157954"><ele>351.3422666666666</ele></trkpt>
<trkpt lat="36.57548873333333" lon="-94.20632177383615"><ele>351.13986666666665</ele></trkpt>
<trkpt lat="36.57553386222222" lon="-94.20620593376583"><ele>350.9202222222222</ele></trkpt>
<trkpt lat="36.575571044444445" lon="-94.20610927584927"><ele>350.7049333333333</ele></trkpt>
<trkpt lat="36.57559777326475" lon="-94.20603872470843"><ele>350.4960419753087</ele></trkpt>
<trkpt lat="36.57562950572017" lon="-94.20595401036086"><ele>350.0525777777778</ele></trkpt>
<trkpt lat="36.575643115171474" lon="-94.20592232287423"><ele>349.80468395061723</ele></trkpt>
<trkpt lat="36.575661370795615" lon="-94.20588787655561"><ele>349.52275802469137</ele></trkpt>
<trkpt lat="36.575689583333336" lon="-94.20584312530538"><ele>349.1666666666667</ele></trkpt>
<trkpt lat="36.57573243655693" lon="-94.2057811622035"><ele>348.68834876543207</ele></trkpt>
<trkpt lat="36.575791292866946" lon="-94.20569928397076"><ele>348.06874999999997</ele></trkpt>
<trkpt lat="36.575861661522644" lon="-94.20560260625986"><ele>347.35439814814816</ele></trkpt>
<trkpt lat="36.575934857681766" lon="-94.20550185348867"><ele>346.64753086419756</ele></trkpt>
<trkpt lat="36.576003362482865" lon="-94.20540606978851"><ele>346.05347222222224</ele></trkpt>
<trkpt lat="36.57606583333334" lon="-94.20531583396917"><ele>345.6270833333333</ele></trkpt>
<trkpt lat="36.57612677812072" lon="-94.20522400787772"><ele>345.3592764060357</ele></trkpt>
<trkpt lat="36.57619119513032" lon="-94.20512349356243"><ele>345.20582133058986</ele></trkpt>
<trkpt lat="36.57625931584363" lon="-94.20501470759483"><ele>345.1185699588478</ele></trkpt>
<trkpt lat="36.57632627229082" lon="-94.20490542255762"><ele>345.06292009602197</ele></trkpt>
<trkpt lat="36.57638671639233" lon="-94.20480320536508"><ele>345.0173010973937</ele></trkpt>
<trkpt lat="36.57643958333335" lon="-94.2047079172176"><ele>344.96875</ele></trkpt>
<trkpt lat="36.57648894094651" lon="-94.20461105834286"><ele>344.9083797668038</ele></trkpt>
<trkpt lat="36.576539873251036" lon="-94.20450400853264"><ele>344.8325632373114</ele></trkpt>
<trkpt lat="36.576594485802474" lon="-94.20438590585873"><ele>344.7461652263374</ele></trkpt>
<trkpt lat="36.57665072818931" lon="-94.2042658348197"><ele>344.6639626200274</ele></trkpt>
<trkpt lat="36.57670680514403" lon="-94.20415300646944"><ele>344.60320692729766</ele></trkpt>
<trkpt lat="36.57676379851852" lon="-94.2040496627278"><ele>344.5753037037037</ele></trkpt>
<trkpt lat="36.57682507259259" lon="-94.20395022719832"><ele>344.58029629629635</ele></trkpt>
<trkpt lat="36.57689118222223" lon="-94.20385101389019"><ele>344.6109777777778</ele></trkpt>
<trkpt lat="36.576959303703696" lon="-94.2037535249922"><ele>344.66034074074076</ele></trkpt>
<trkpt lat="36.577027442962965" lon="-94.20365997387961"><ele>344.7290814814815</ele></trkpt>
<trkpt lat="36.57709814814815" lon="-94.20356725986734"><ele>344.82432592592596</ele></trkpt>
<trkpt lat="36.577175976296296" lon="-94.2034691458992"><ele>344.94980740740743</ele></trkpt>
<trkpt lat="36.577260844444446" lon="-94.20336457855365"><ele>345.0932444444445</ele></trkpt>
<trkpt lat="36.57734714962964" lon="-94.20325929259722"><ele>345.22518518518524</ele></trkpt>
<trkpt lat="36.577429881481486" lon="-94.20315872661085"><ele>345.3114370370371</ele></trkpt>
<trkpt lat="36.577510097777775" lon="-94.20306126586993"><ele>345.3298222222222</ele></trkpt>
<trkpt lat="36.57759262222223" lon="-94.20296061111394"><ele>345.2757777777778</ele></trkpt>
<trkpt lat="36.57767797333334" lon="-94.20285491632306"><ele>345.1518666666667</ele></trkpt>
<trkpt lat="36.577759875555564" lon="-94.20274907772541"><ele>344.94604444444445</ele></trkpt>
<trkpt lat="36.57783063111112" lon="-94.20264793240037"><ele>344.6124888888889</ele></trkpt>
<trkpt lat="36.57788797777779" lon="-94.20254949969652"><ele>344.0876592592592</ele></trkpt>
<trkpt lat="36.57793575555556" lon="-94.20244728779672"><ele>343.34314074074075</ele></trkpt>
<trkpt lat="36.57797873333333" lon="-94.20233932481888"><ele>342.4432444444444</ele></trkpt>
<trkpt lat="36.57801955555556" lon="-94.20223021221494"><ele>341.5318518518518</ele></trkpt>
<trkpt lat="36.578059977777784" lon="-94.20212407741053"><ele>340.74810370370363</ele></trkpt>
<trkpt lat="36.57810240462154" lon="-94.20201933155192"><ele>340.1500006046863</ele></trkpt>
<trkpt lat="36.57814901818379" lon="-94.20191096457681"><ele>339.70894633408915</ele></trkpt>
<trkpt lat="36.57819824710076" lon="-94.20180020648446"><ele>339.3744154195011</ele></trkpt>
<trkpt lat="36.57824629573481" lon="-94.20169279255852"><ele>339.1130542705971</ele></trkpt>
<trkpt lat="36.57828979820754" lon="-94.20159383454548"><ele>338.9169303099017</ele></trkpt>
<trkpt lat="36.578329635568515" lon="-94.20149943206779"><ele>338.7795918367347</ele></trkpt>
<trkpt lat="36.578369752186596" lon="-94.2013991406629"><ele>338.69183673469394</ele></trkpt>
<trkpt lat="36.578414885001614" lon="-94.20128129345773"><ele>338.6408919123205</ele></trkpt>
<trkpt lat="36.57846723679948" lon="-94.20114112198101"><ele>338.61511715797434</ele></trkpt>
<trkpt lat="36.57852472303207" lon="-94.20098546284936"><ele>338.6043083900227</ele></trkpt>
<trkpt lat="36.578632481373496" lon="-94.20069309775688"><ele>338.60007558578985</ele></trkpt>
<trkpt lat="36.57867434402333" lon="-94.20058070035014"><ele>338.6</ele></trkpt>
<trkpt lat="36.57870881924199" lon="-94.20048981094457"><ele>338.6</ele></trkpt>
<trkpt lat="36.578739884738155" lon="-94.20041002908663"><ele>338.5999703703704</ele></trkpt>
<trkpt lat="36.57877134961235" lon="-94.20033114359686"><ele>338.5996740740741</ele></trkpt>
<trkpt lat="36.578878809519495" lon="-94.20006584663552"><ele>338.5839703703704</ele></trkpt>
<trkpt lat="36.578919481481485" lon="-94.19996462856008"><ele>338.5649925925926</ele></trkpt>
<trkpt lat="36.579014577777784" lon="-94.19972660498676"><ele>338.5059111111111</ele></trkpt>
<trkpt lat="36.5790633362963" lon="-94.199605470109"><ele>338.48491851851855</ele></trkpt>
<trkpt lat="36.579106503703706" lon="-94.19950062850128"><ele>338.49121481481484</ele></trkpt>
<trkpt lat="36.579142832592595" lon="-94.19941653209008"><ele>338.53894814814817</ele></trkpt>
<trkpt lat="36.579174829629636" lon="-94.1993476460997"><ele>338.6308740740741</ele></trkpt>
<trkpt lat="36.57920559111112" lon="-94.19928618237762"><ele>338.7533777777778</ele></trkpt>
<trkpt lat="36.579237358518526" lon="-94.19922673054381"><ele>338.88162962962963</ele></trkpt>
<trkpt lat="36.57927278814816" lon="-94.19916470986708"><ele>338.9931703703704</ele></trkpt>
<trkpt lat="36.57931509212829" lon="-94.19909503871168"><ele>339.07854974624775</ele></trkpt>
<trkpt lat="36.57936620434079" lon="-94.19901423135379"><ele>339.1413415397906</ele></trkpt>
<trkpt lat="36.5794231356657" lon="-94.1989261205742"><ele>339.1881382572077</ele></trkpt>
<trkpt lat="36.57948060660836" lon="-94.19883821983758"><ele>339.22238734477924</ele></trkpt>
<trkpt lat="36.579534646388076" lon="-94.1987564660883"><ele>339.2430408379225</ele></trkpt>
<trkpt lat="36.57958699708455" lon="-94.1986784117479"><ele>339.24810495626826</ele></trkpt>
<trkpt lat="36.57964341107872" lon="-94.19859567143558"><ele>339.2355685131196</ele></trkpt>
<trkpt lat="36.57971041950113" lon="-94.19849861364854"><ele>339.204691717957</ele></trkpt>
<trkpt lat="36.5798808309038" lon="-94.1982539245176"><ele>339.09969225785557</ele></trkpt>
<trkpt lat="36.5800574813735" lon="-94.19800114701236"><ele>338.99238203217794</ele></trkpt>
<trkpt lat="36.58013430029155" lon="-94.1978913714595"><ele>338.9578717201166</ele></trkpt>
<trkpt lat="36.58028504373178" lon="-94.1976763311444"><ele>338.93406219630714</ele></trkpt>
<trkpt lat="36.58046398445093" lon="-94.19742129417344"><ele>338.95184645286685</ele></trkpt>
<trkpt lat="36.580554985422744" lon="-94.19729130536301"><ele>338.9672497570457</ele></trkpt>
<trkpt lat="36.580635299643674" lon="-94.19717596167084"><ele>338.98349530288306</ele></trkpt>
<trkpt lat="36.58070071428571" lon="-94.19708086090675"><ele>339.0002915451895</ele></trkpt>
<trkpt lat="36.58075336734694" lon="-94.19700250787982"><ele>339.01909620991256</ele></trkpt>
<trkpt lat="36.580798955813805" lon="-94.19693238961554"><ele>339.0419269927254</ele></trkpt>
<trkpt lat="36.58084288029101" lon="-94.19686273964295"><ele>339.0691856181038</ele></trkpt>
<trkpt lat="36.580932891786354" lon="-94.19671712280253"><ele>339.1178896367483</ele></trkpt>
<trkpt lat="36.580977675264556" lon="-94.1966450097559"><ele>339.1183163315297</ele></trkpt>
<trkpt lat="36.581023541666674" lon="-94.19657229209926"><ele>339.0854166666666</ele></trkpt>
<trkpt lat="36.5810746707819" lon="-94.19649260857815"><ele>339.0102537722908</ele></trkpt>
<trkpt lat="36.58113419495886" lon="-94.196400903467"><ele>338.8940414951989</ele></trkpt>
<trkpt lat="36.58126797582305" lon="-94.1961958417717"><ele>338.6204303840878</ele></trkpt>
<trkpt lat="36.581330905349795" lon="-94.19609902841395"><ele>338.52692043895746</ele></trkpt>
<trkpt lat="36.58138895833334" lon="-94.19600895892529"><ele>338.49791666666664</ele></trkpt>
<trkpt lat="36.581446631515774" lon="-94.19591850371953"><ele>338.5423268175583</ele></trkpt>
<trkpt lat="36.581574755658444" lon="-94.19571588038357"><ele>338.80244341563787</ele></trkpt>
<trkpt lat="36.581640539266125" lon="-94.19561263186559"><ele>338.956798696845</ele></trkpt>
<trkpt lat="36.581701045096025" lon="-94.19551986168217"><ele>339.08090706447183</ele></trkpt>
<trkpt lat="36.58175583333335" lon="-94.19543979213825"><ele>339.1541666666667</ele></trkpt>
<trkpt lat="36.581809487023335" lon="-94.19536656704761"><ele>339.17277325102884</ele></trkpt>
<trkpt lat="36.581867049849116" lon="-94.19529252787144"><ele>339.1447588477366</ele></trkpt>
<trkpt lat="36.58199287873799" lon="-94.19513527976002"><ele>339.0045946502058</ele></trkpt>
<trkpt lat="36.58205247961592" lon="-94.19505852130712"><ele>338.91353868312757</ele></trkpt>
<trkpt lat="36.58210746518519" lon="-94.19498354701757"><ele>338.8090814814815</ele></trkpt>
<trkpt lat="36.58216072148149" lon="-94.19490620035586"><ele>338.6862518518518</ele></trkpt>
<trkpt lat="36.58221364888889" lon="-94.19482576035634"><ele>338.5483111111111</ele></trkpt>
<trkpt lat="36.58226427703704" lon="-94.19474661365209"><ele>338.40749629629624</ele></trkpt>
<trkpt lat="36.58230968740741" lon="-94.19467368026001"><ele>338.27485925925924</ele></trkpt>
<trkpt lat="36.5823494599676" lon="-94.19460745984377"><ele>338.1518572076449</ele></trkpt>
<trkpt lat="36.58238581982507" lon="-94.19454438988197"><ele>338.03134629089726</ele></trkpt>
<trkpt lat="36.58242020046647" lon="-94.19448265469768"><ele>337.9074526724976</ele></trkpt>
<trkpt lat="36.58245290590217" lon="-94.19442210646406"><ele>337.77332724327823</ele></trkpt>
<trkpt lat="36.582484126375114" lon="-94.19436203459114"><ele>337.6158649821833</ele></trkpt>
<trkpt lat="36.58251639941691" lon="-94.19429679343936"><ele>337.4080174927114</ele></trkpt>
<trkpt lat="36.582554008746364" lon="-94.19421718726106"><ele>337.1134110787172</ele></trkpt>
<trkpt lat="36.582601222870096" lon="-94.1941143023445"><ele>336.70044271676926</ele></trkpt>
<trkpt lat="36.582659363459676" lon="-94.19398570796955"><ele>336.16549508692367</ele></trkpt>
<trkpt lat="36.582724815354716" lon="-94.19383978593234"><ele>335.5521541950113</ele></trkpt>
<trkpt lat="36.58278995302883" lon="-94.19369349708255"><ele>334.9424792139078</ele></trkpt>
<trkpt lat="36.58284702137998" lon="-94.19356365122063"><ele>334.4200410322859</ele></trkpt>
<trkpt lat="36.58289205539358" lon="-94.19345822223485"><ele>334.03250728862974</ele></trkpt>
<trkpt lat="36.58292590379009" lon="-94.19337422782291"><ele>333.781778425656</ele></trkpt>
<trkpt lat="36.58295248302694" lon="-94.19330148094187"><ele>333.6417554968416</ele></trkpt>
<trkpt lat="36.582975936150255" lon="-94.19322965088476"><ele>333.57274179016844</ele></trkpt>
<trkpt lat="36.58299885335683" lon="-94.19315231268624"><ele>333.52369184280855</ele></trkpt>
<trkpt lat="36.58302107149607" lon="-94.19306994277551"><ele>333.42327502429544</ele></trkpt>
<trkpt lat="36.58304143319432" lon="-94.19298447462207"><ele>333.19655536321676</ele></trkpt>
<trkpt lat="36.58305887731481" lon="-94.19289790518279"><ele>332.80494791666666</ele></trkpt>
<trkpt lat="36.583073680555565" lon="-94.19281065979737"><ele>332.2901041666667</ele></trkpt>
<trkpt lat="36.583086238425935" lon="-94.19272453710045"><ele>331.75842013888894</ele></trkpt>
<trkpt lat="36.58309697048612" lon="-94.192640060817"><ele>331.3140625</ele></trkpt>
<trkpt lat="36.58310613136575" lon="-94.1925561314117"><ele>330.99835069444447</ele></trkpt>
<trkpt lat="36.58311384548612" lon="-94.19247280385811"><ele>330.7895833333334</ele></trkpt>
<trkpt lat="36.58311959490741" lon="-94.19239424771185"><ele>330.64817708333334</ele></trkpt>
<trkpt lat="36.58312250578704" lon="-94.19232545139977"><ele>330.5455439814815</ele></trkpt>
<trkpt lat="36.58312220486111" lon="-94.19226731481226"><ele>330.4673900462963</ele></trkpt>
<trkpt lat="36.58311950520833" lon="-94.19221615450434"><ele>330.40329861111115</ele></trkpt>
<trkpt lat="36.58311298914352" lon="-94.19211549913653"><ele>330.28630810185183</ele></trkpt>
<trkpt lat="36.58311122259259" lon="-94.19205885388601"><ele>330.22954074074073</ele></trkpt>
<trkpt lat="36.58311066763889" lon="-94.19199696333537"><ele>330.1935548611111</ele></trkpt>
<trkpt lat="36.58311124884259" lon="-94.19193091389909"><ele>330.2233553240741</ele></trkpt>
<trkpt lat="36.58311321171296" lon="-94.19185900946975"><ele>330.38984745370374</ele></trkpt>
<trkpt lat="36.5831170285391" lon="-94.1917753020918"><ele>330.75695274348425</ele></trkpt>
<trkpt lat="36.58312324084363" lon="-94.191675397124"><ele>331.34320610425243</ele></trkpt>
<trkpt lat="36.58313265635804" lon="-94.19156506474404"><ele>332.09141748971194</ele></trkpt>
<trkpt lat="36.58314745004117" lon="-94.19145877999617"><ele>332.9150820301784</ele></trkpt>
<trkpt lat="36.58317207421812" lon="-94.19137177869749"><ele>333.7650638545953</ele></trkpt>
<trkpt lat="36.58321354166668" lon="-94.19131041677562"><ele>334.68958333333336</ele></trkpt>
<trkpt lat="36.58327860168039" lon="-94.19127227119303"><ele>335.79079218106995</ele></trkpt>
<trkpt lat="36.58336910150892" lon="-94.19125030616223"><ele>337.1301183127572</ele></trkpt>
<trkpt lat="36.58347798096708" lon="-94.19123778557424"><ele>338.63533950617284</ele></trkpt>
<trkpt lat="36.58359193329904" lon="-94.1912300052131"><ele>340.11561213991774</ele></trkpt>
<trkpt lat="36.583699743655686" lon="-94.19122421559622"><ele>341.36980452674896</ele></trkpt>
<trkpt lat="36.583800000000004" lon="-94.1912189583947"><ele>342.2979166666667</ele></trkpt>
<trkpt lat="36.58390030864198" lon="-94.19121336426821"><ele>342.9278377914952</ele></trkpt>
<trkpt lat="36.58400864197531" lon="-94.19120699854028"><ele>343.35089163237313</ele></trkpt>
<trkpt lat="36.584125" lon="-94.19120000008947"><ele>343.6506430041153</ele></trkpt>
<trkpt lat="36.58424135802469" lon="-94.19119300162667"><ele>343.86640089163245</ele></trkpt>
<trkpt lat="36.58434969135802" lon="-94.19118663587318"><ele>344.00283779149527</ele></trkpt>
<trkpt lat="36.58445" lon="-94.191181041728"><ele>344.05</ele></trkpt>
<trkpt lat="36.58455030778463" lon="-94.1911758316796"><ele>344.0034036351166</ele></trkpt>
<trkpt lat="36.58465863254458" lon="-94.19117051361236"><ele>343.8726251714678</ele></trkpt>
<trkpt lat="36.58477495113169" lon="-94.19116490233382"><ele>343.682896090535</ele></trkpt>
<trkpt lat="36.58489118655692" lon="-94.19115912472691"><ele>343.464060356653</ele></trkpt>
<trkpt lat="36.58499922753772" lon="-94.19115323909561"><ele>343.2339591906722</ele></trkpt>
<trkpt lat="36.58509895833333" lon="-94.19114687507813"><ele>342.9854166666667</ele></trkpt>
<trkpt lat="36.5851976894069" lon="-94.19113940474719"><ele>342.696002026619</ele></trkpt>
<trkpt lat="36.58530255761917" lon="-94.19113045759451"><ele>342.34994551024414</ele></trkpt>
<trkpt lat="36.585412750085474" lon="-94.19112041322397"><ele>341.9568471877287</ele></trkpt>
<trkpt lat="36.58552132383862" lon="-94.19111006692565"><ele>341.53688019152406</ele></trkpt>
<trkpt lat="36.58562188774761" lon="-94.19109997518866"><ele>341.094755760917</ele></trkpt>
<trkpt lat="36.585715626822164" lon="-94.19108982522644"><ele>340.59650145772594</ele></trkpt>
<trkpt lat="36.58593573657808" lon="-94.19106224988772"><ele>338.98450989813233</ele></trkpt>
<trkpt lat="36.58598925587513" lon="-94.19105595975567"><ele>338.55991236154244</ele></trkpt>
<trkpt lat="36.58604287788259" lon="-94.19105089019212"><ele>338.1353148249529</ele></trkpt>
<trkpt lat="36.58609653220518" lon="-94.19104710844363"><ele>337.69849950643794</ele></trkpt>
<trkpt lat="36.58615010217867" lon="-94.19104522483832"><ele>337.24565848753326</ele></trkpt>
<trkpt lat="36.58625733588489" lon="-94.19104498406"><ele>336.33944087007154</ele></trkpt>
<trkpt lat="36.58634152273154" lon="-94.19104409882921"><ele>335.62224590102994</ele></trkpt>
<trkpt lat="36.586398607247396" lon="-94.1910420171552"><ele>335.13833091975073</ele></trkpt>
<trkpt lat="36.586452287412385" lon="-94.19103803110482"><ele>334.6917932743677</ele></trkpt>
<trkpt lat="36.58650597530896" lon="-94.19103262707034"><ele>334.2547975994792</ele></trkpt>
<trkpt lat="36.58655971511942" lon="-94.19102491946853"><ele>333.83555917473933</ele></trkpt>
<trkpt lat="36.586613009744084" lon="-94.1910125310863"><ele>333.48948727667073</ele></trkpt>
<trkpt lat="36.58666183793428" lon="-94.19097851767886"><ele>333.32405266313833</ele></trkpt>
<trkpt lat="36.58668355657453" lon="-94.19091320374551"><ele>333.37777698311356</ele></trkpt>
<trkpt lat="36.58668080906255" lon="-94.19087301872018"><ele>333.47977852245623</ele></trkpt>
<trkpt lat="36.58665204738369" lon="-94.19081138458823"><ele>333.71368723230967</ele></trkpt>
<trkpt lat="36.58661647717196" lon="-94.19076008500083"><ele>333.94904317608365</ele></trkpt>
<trkpt lat="36.5865779190865" lon="-94.19071290078877"><ele>334.16972633582407</ele></trkpt>
<trkpt lat="36.58653811721783" lon="-94.1906676948611"><ele>334.3742187811992</ele></trkpt>
<trkpt lat="36.58649787512431" lon="-94.19062310593188"><ele>334.5642862353586</ele></trkpt>
<trkpt lat="36.5864567480748" lon="-94.19057997496701"><ele>334.7345071876318</ele></trkpt>
<trkpt lat="36.58640880300926" lon="-94.19053371144236"><ele>334.8949418981482</ele></trkpt>
<trkpt lat="36.58636101018519" lon="-94.19049385914052"><ele>335.01026481481483</ele></trkpt>
<trkpt lat="36.586312526736116" lon="-94.19045884606379"><ele>335.09800763888893</ele></trkpt>
<trkpt lat="36.586262787615745" lon="-94.19042676711764"><ele>335.1879155092593</ele></trkpt>
<trkpt lat="36.5862094332176" lon="-94.19039547009169"><ele>335.3165761574074</ele></trkpt>
<trkpt lat="36.586147004444456" lon="-94.1903617775484"><ele>335.5178074074074</ele></trkpt>
<trkpt lat="36.5860712488889" lon="-94.19032304414075"><ele>335.8068592592592</ele></trkpt>
<trkpt lat="36.585899688888894" lon="-94.19023695525395"><ele>336.54628148148146</ele></trkpt>
<trkpt lat="36.58582540444444" lon="-94.19019822199779"><ele>336.9186962962963</ele></trkpt>
<trkpt lat="36.58576545399177" lon="-94.19016419490663"><ele>337.29016680384086</ele></trkpt>
<trkpt lat="36.585715200823046" lon="-94.19013175790694"><ele>337.69679286694105</ele></trkpt>
<trkpt lat="36.585667751604944" lon="-94.19009682211586"><ele>338.1749152263374</ele></trkpt>
<trkpt lat="36.585620762139925" lon="-94.19005837421803"><ele>338.71502606310014</ele></trkpt>
<trkpt lat="36.585575040329225" lon="-94.19001713718349"><ele>339.28497393689986</ele></trkpt>
<trkpt lat="36.585533337283955" lon="-94.1899753510043"><ele>339.8250847736625</ele></trkpt>
<trkpt lat="36.585494912757206" lon="-94.1899317504745"><ele>340.30320713305895</ele></trkpt>
<trkpt lat="36.585456207736634" lon="-94.18988114445527"><ele>340.70983319615914</ele></trkpt>
<trkpt lat="36.58541111777778" lon="-94.18981528760212"><ele>341.0795272290809</ele></trkpt>
<trkpt lat="36.58535615679013" lon="-94.18972989228136"><ele>341.450127914952</ele></trkpt>
<trkpt lat="36.58529366148149" lon="-94.18963010740175"><ele>341.8434594650206</ele></trkpt>
<trkpt lat="36.58523010666668" lon="-94.18952722188875"><ele>342.2664013717421</ele></trkpt>
<trkpt lat="36.58517102395063" lon="-94.18943042690982"><ele>342.74087290809325</ele></trkpt>
<trkpt lat="36.58511583333335" lon="-94.18933854107654"><ele>343.33125</ele></trkpt>
<trkpt lat="36.58505951303155" lon="-94.18924306087604"><ele>344.11660665294926</ele></trkpt>
<trkpt lat="36.58499745198903" lon="-94.18913643095198"><ele>345.1322873799726</ele></trkpt>
<trkpt lat="36.584930390946504" lon="-94.18902034122127"><ele>346.31417181069963</ele></trkpt>
<trkpt lat="36.58486399519891" lon="-94.18890483374784"><ele>347.52017318244174</ele></trkpt>
<trkpt lat="36.58480420438958" lon="-94.18880019055074"><ele>348.6181498628259</ele></trkpt>
<trkpt lat="36.5847525" lon="-94.18870874949619"><ele>349.5708333333334</ele></trkpt>
<trkpt lat="36.58470543895748" lon="-94.18862423995155"><ele>350.4385716735254</ele></trkpt>
<trkpt lat="36.58465856310013" lon="-94.18853863466768"><ele>351.301603223594</ele></trkpt>
<trkpt lat="36.5846103909465" lon="-94.18844892443737"><ele>352.1819187242799</ele></trkpt>
<trkpt lat="36.5845628840878" lon="-94.1883573846637"><ele>353.03146433470516</ele></trkpt>
<trkpt lat="36.58451827846365" lon="-94.18826553623803"><ele>353.78949759945135</ele></trkpt>
<trkpt lat="36.584475833333336" lon="-94.18816833281097"><ele>354.44375</ele></trkpt>
<trkpt lat="36.584431853566535" lon="-94.18805566977358"><ele>355.039780521262</ele></trkpt>
<trkpt lat="36.58438307441702" lon="-94.1879209542511"><ele>355.63457647462275</ele></trkpt>
<trkpt lat="36.58433009773663" lon="-94.18776951042119"><ele>356.2480452674897</ele></trkpt>
<trkpt lat="36.58427728737998" lon="-94.18761723511152"><ele>356.8581875857339</ele></trkpt>
<trkpt lat="36.584229075788755" lon="-94.18747968210953"><ele>357.44163237311386</ele></trkpt>
<trkpt lat="36.58418625" lon="-94.18736124945848"><ele>358.01458333333335</ele></trkpt>
<trkpt lat="36.58414544037037" lon="-94.18725368048496"><ele>358.63535713305896</ele></trkpt>
<trkpt lat="36.58410264592593" lon="-94.18714583774646"><ele>359.352838957476</ele></trkpt>
<trkpt lat="36.584056656666675" lon="-94.1870332964958"><ele>360.1562825102881</ele></trkpt>
<trkpt lat="36.58401012407408" lon="-94.18692178507554"><ele>360.96115809327847</ele></trkpt>
<trkpt lat="36.58396583296297" lon="-94.18681832010283"><ele>361.6769744170096</ele></trkpt>
<trkpt lat="36.58392409185184" lon="-94.18672445004418"><ele>362.26348148148145</ele></trkpt>
<trkpt lat="36.583882574814815" lon="-94.18663498487113"><ele>362.74869629629626</ele></trkpt>
<trkpt lat="36.5838401688889" lon="-94.1865466041334"><ele>363.17044444444446</ele></trkpt>
<trkpt lat="36.58379805037037" lon="-94.18646095378382"><ele>363.54189629629633</ele></trkpt>
<trkpt lat="36.58375751407408" lon="-94.18638080565898"><ele>363.8554814814815</ele></trkpt>
<trkpt lat="36.583716979467596" lon="-94.18630363005192"><ele>364.114656712963</ele></trkpt>
<trkpt lat="36.58367318969908" lon="-94.1862231499268"><ele>364.3351238425926</ele></trkpt>
<trkpt lat="36.58362471298611" lon="-94.18613580314148"><ele>364.51618263888895</ele></trkpt>
<trkpt lat="36.58357335018519" lon="-94.18604363948363"><ele>364.61469259259263</ele></trkpt>
<trkpt lat="36.58352148074074" lon="-94.18594999078883"><ele>364.57105925925924</ele></trkpt>
<trkpt lat="36.58347020740741" lon="-94.18585626208376"><ele>364.3588203703704</ele></trkpt>
<trkpt lat="36.58342037673611" lon="-94.18576368954106"><ele>364.0348201388889</ele></trkpt>
<trkpt lat="36.58337386261574" lon="-94.18567507169371"><ele>363.71451967592594</ele></trkpt>
<trkpt lat="36.58333205266204" lon="-94.18559156051441"><ele>363.5224997685185</ele></trkpt>
<trkpt lat="36.58329344" lon="-94.18550866194447"><ele>363.5294222222222</ele></trkpt>
<trkpt lat="36.583254862222226" lon="-94.18541980857889"><ele>363.7381777777778</ele></trkpt>
<trkpt lat="36.58321474666667" lon="-94.1853234796654"><ele>364.0930666666667</ele></trkpt>
<trkpt lat="36.58313415111112" lon="-94.18512688410569"><ele>364.9800888888889</ele></trkpt>
<trkpt lat="36.58309305925927" lon="-94.18502751961726"><ele>365.47613333333334</ele></trkpt>
<trkpt lat="36.58304822518519" lon="-94.1849201062132"><ele>366.0349777777778</ele></trkpt>
<trkpt lat="36.58295021185186" lon="-94.18468707952523"><ele>367.24626666666666</ele></trkpt>
<trkpt lat="36.582902925925936" lon="-94.18457525289857"><ele>367.77568888888885</ele></trkpt>
<trkpt lat="36.582857091851864" lon="-94.18446733734558"><ele>368.21490370370367</ele></trkpt>
<trkpt lat="36.582809983703704" lon="-94.18435679953451"><ele>368.5898074074074</ele></trkpt>
<trkpt lat="36.58276143555557" lon="-94.18424278619464"><ele>368.9255111111111</ele></trkpt>
<trkpt lat="36.582715330370384" lon="-94.1841335151512"><ele>369.21954074074074</ele></trkpt>
<trkpt lat="36.58267655851852" lon="-94.18403915971368"><ele>369.45223703703704</ele></trkpt>
<trkpt lat="36.58264681826389" lon="-94.18396224183584"><ele>369.61533842592587</ele></trkpt>
<trkpt lat="36.582624053125" lon="-94.18389679537428"><ele>369.7223449074074</ele></trkpt>
<trkpt lat="36.582605249375" lon="-94.18383479471035"><ele>369.79712361111103</ele></trkpt>
<trkpt lat="36.58258881444444" lon="-94.18377060270971"><ele>369.8614518518518</ele></trkpt>
<trkpt lat="36.58257438631945" lon="-94.18370018003002"><ele>369.9301752314815</ele></trkpt>
<trkpt lat="36.582561710069434" lon="-94.18362119206769"><ele>370.0111979166666</ele></trkpt>
<trkpt lat="36.58253828993056" lon="-94.1834518604732"><ele>370.20711805555555</ele></trkpt>
<trkpt lat="36.5825253010331" lon="-94.18337640372805"><ele>370.31599579903974</ele></trkpt>
<trkpt lat="36.58250975137175" lon="-94.18331055635299"><ele>370.43187585733887</ele></trkpt>
<trkpt lat="36.582490411201135" lon="-94.18324886695751"><ele>370.5490579989712</ele></trkpt>
<trkpt lat="36.582466939193246" lon="-94.18318600343198"><ele>370.64829711076817</ele></trkpt>
<trkpt lat="36.58241117283951" lon="-94.18304843611463"><ele>370.7343621399177</ele></trkpt>
<trkpt lat="36.58238415396434" lon="-94.18297617269572"><ele>370.7376340192044</ele></trkpt>
<trkpt lat="36.5823617084225" lon="-94.18290466681628"><ele>370.7485256515775</ele></trkpt>
<trkpt lat="36.5823450599177" lon="-94.18283660587407"><ele>370.7993777777778</ele></trkpt>
<trkpt lat="36.582333313031555" lon="-94.18277120489664"><ele>370.93898765432095</ele></trkpt>
<trkpt lat="36.58232484614541" lon="-94.18270335847758"><ele>371.2469728395062</ele></trkpt>
<trkpt lat="36.58231793333334" lon="-94.18262306809997"><ele>371.8103851851852</ele></trkpt>
<trkpt lat="36.58231149333334" lon="-94.18252392290434"><ele>372.66014814814815</ele></trkpt>
<trkpt lat="36.582298506666675" lon="-94.18229638957116"><ele>374.7742370370371</ele></trkpt>
<trkpt lat="36.58229206666667" lon="-94.18219773476706"><ele>375.6779407407408</ele></trkpt>
<trkpt lat="36.582285277847234" lon="-94.18211899528434"><ele>376.34934375</ele></trkpt>
<trkpt lat="36.58227737187501" lon="-94.18205456408153"><ele>376.8381145833334</ele></trkpt>
<trkpt lat="36.58226747062501" lon="-94.18199561675901"><ele>377.25759375</ele></trkpt>
<trkpt lat="36.582254376111116" lon="-94.18193532141422"><ele>377.74175</ele></trkpt>
<trkpt lat="36.58223643074075" lon="-94.18186867704837"><ele>378.415900462963</ele></trkpt>
<trkpt lat="36.582212453703704" lon="-94.18179255482777"><ele>379.35179398148153</ele></trkpt>
<trkpt lat="36.5821831857639" lon="-94.18170785572299"><ele>380.51102430555557</ele></trkpt>
<trkpt lat="36.58215083043983" lon="-94.18161950791249"><ele>381.7741030092593</ele></trkpt>
<trkpt lat="36.582116984953714" lon="-94.1815314957561"><ele>383.04036458333337</ele></trkpt>
<trkpt lat="36.58208169849539" lon="-94.18144409991312"><ele>384.2837962962964</ele></trkpt>
<trkpt lat="36.582045164930555" lon="-94.18135730882354"><ele>385.49392361111114</ele></trkpt>
<trkpt lat="36.58200891203704" lon="-94.18127444715378"><ele>386.6086226851852</ele></trkpt>
<trkpt lat="36.58197418467079" lon="-94.1811989711471"><ele>387.55451174554184</ele></trkpt>
<trkpt lat="36.58194061471193" lon="-94.1811309575163"><ele>388.3129200960219</ele></trkpt>
<trkpt lat="36.58190665991512" lon="-94.18106765452532"><ele>388.92898662551437</ele></trkpt>
<trkpt lat="36.58187252089763" lon="-94.18100955279816"><ele>389.43414137517146</ele></trkpt>
<trkpt lat="36.581839296232" lon="-94.1809590349885"><ele>389.8390839334705</ele></trkpt>
<trkpt lat="36.58180827932099" lon="-94.18091836960436"><ele>390.15382587448556</ele></trkpt>
<trkpt lat="36.58177795010288" lon="-94.18088529229793"><ele>390.4376200274348</ele></trkpt>
<trkpt lat="36.581745291602374" lon="-94.18085585791637"><ele>390.7671799982853</ele></trkpt>
<trkpt lat="36.5817072019676" lon="-94.18082598950045"><ele>391.1990451388889</ele></trkpt>
<trkpt lat="36.581619745370375" lon="-94.18076217872802"><ele>392.29253472222223</ele></trkpt>
<trkpt lat="36.58157712534294" lon="-94.18072964422743"><ele>392.8608603395062</ele></trkpt>
<trkpt lat="36.581536773834024" lon="-94.18069611531688"><ele>393.4266975308642</ele></trkpt>
<trkpt lat="36.5814973279964" lon="-94.18065996584046"><ele>394.00923032407405</ele></trkpt>
<trkpt lat="36.581459552727196" lon="-94.18062173541732"><ele>394.59422862654316</ele></trkpt>
<trkpt lat="36.5814253323654" lon="-94.18058295783841"><ele>395.1491537808642</ele></trkpt>
<trkpt lat="36.58139659193416" lon="-94.18054574693691"><ele>395.63130370370374</ele></trkpt>
<trkpt lat="36.58137202524006" lon="-94.18050887866781"><ele>396.0361728395062</ele></trkpt>
<trkpt lat="36.58134843039782" lon="-94.18046797283961"><ele>396.3815160493827</ele></trkpt>
<trkpt lat="36.581321278518516" lon="-94.1804158324152"><ele>396.713362962963</ele></trkpt>
<trkpt lat="36.58128794814816" lon="-94.18034821160109"><ele>397.0655703703704</ele></trkpt>
<trkpt lat="36.5812494088889" lon="-94.18026805748862"><ele>397.43902222222226</ele></trkpt>
<trkpt lat="36.581209863703705" lon="-94.18018459824445"><ele>397.7937925925926</ele></trkpt>
<trkpt lat="36.58117310074075" lon="-94.18010569902734"><ele>398.0822518518518</ele></trkpt>
<trkpt lat="36.581139425694445" lon="-94.1800315350505"><ele>398.28345277777777</ele></trkpt>
<trkpt lat="36.58110656597222" lon="-94.17995670871112"><ele>398.4124027777778</ele></trkpt>
<trkpt lat="36.58107313958333" lon="-94.17987735098116"><ele>398.50364166666674</ele></trkpt>
<trkpt lat="36.58104071388889" lon="-94.17979469908008"><ele>398.59552222222226</ele></trkpt>
<trkpt lat="36.58101185629629" lon="-94.1797114687424"><ele>398.7179851851852</ele></trkpt>
<trkpt lat="36.58098786092593" lon="-94.1796287278435"><ele>398.8838703703704</ele></trkpt>
<trkpt lat="36.58096816930556" lon="-94.17954706288461"><ele>399.07651388888894</ele></trkpt>
<trkpt lat="36.58095192662037" lon="-94.17946797294462"><ele>399.2569675925926</ele></trkpt>
<trkpt lat="36.580938441712966" lon="-94.17939108494495"><ele>399.3826435185186</ele></trkpt>
<trkpt lat="36.58092681777779" lon="-94.17931116584776"><ele>399.4319851851852</ele></trkpt>
<trkpt lat="36.58091586666668" lon="-94.17922215398787"><ele>399.4089481481482</ele></trkpt>
<trkpt lat="36.58089319555556" lon="-94.17902534509055"><ele>399.241037037037</ele></trkpt>
<trkpt lat="36.580880773333334" lon="-94.17893241027149"><ele>399.13954074074076</ele></trkpt>
<trkpt lat="36.58086625891203" lon="-94.17884477451382"><ele>399.03353680555557</ele></trkpt>
<trkpt lat="36.58084843692129" lon="-94.17875623411902"><ele>398.91603819444447</ele></trkpt>
<trkpt lat="36.58082734131945" lon="-94.17866380373603"><ele>398.7830979166667</ele></trkpt>
<trkpt lat="36.58080449907408" lon="-94.1785724957837"><ele>398.6380611111111</ele></trkpt>
<trkpt lat="36.580781287268515" lon="-94.17848921814503"><ele>398.48388171296295</ele></trkpt>
<trkpt lat="36.58075798032407" lon="-94.17841686043137"><ele>398.3201099537037</ele></trkpt>
<trkpt lat="36.58073384548611" lon="-94.17835280372451"><ele>398.1467013888889</ele></trkpt>
<trkpt lat="36.58070774594907" lon="-94.1782935184171"><ele>397.96767939814816</ele></trkpt>
<trkpt lat="36.58067800925926" lon="-94.17823556122173"><ele>397.78538773148153</ele></trkpt>
<trkpt lat="36.58064313368055" lon="-94.17817619776837"><ele>397.6000578703704</ele></trkpt>
<trkpt lat="36.580603515625" lon="-94.17811450504117"><ele>397.42144097222223</ele></trkpt>
<trkpt lat="36.580561371527786" lon="-94.17805197031556"><ele>397.27931134259256</ele></trkpt>
<trkpt lat="36.58051847800926" lon="-94.17798997957505"><ele>397.2097511574074</ele></trkpt>
<trkpt lat="36.580474733796294" lon="-94.17792780653488"><ele>397.22934027777774</ele></trkpt>
<trkpt lat="36.580429835069445" lon="-94.17786434009217"><ele>397.3197916666666</ele></trkpt>
<trkpt lat="36.580384655671295" lon="-94.17779975097095"><ele>397.44392361111113</ele></trkpt>
<trkpt lat="36.58034002314815" lon="-94.17773401022752"><ele>397.5703414351852</ele></trkpt>
<trkpt lat="36.58029559895834" lon="-94.17766575211495"><ele>397.6867766203704</ele></trkpt>
<trkpt lat="36.580251484375" lon="-94.17759466993675"><ele>397.7917534722222</ele></trkpt>
<trkpt lat="36.580209895833335" lon="-94.1775230264387"><ele>397.88269675925926</ele></trkpt>
<trkpt lat="36.58017348958334" lon="-94.17745296281444"><ele>397.9547164351852</ele></trkpt>
<trkpt lat="36.58014286458334" lon="-94.17738387140442"><ele>398.0046006944445</ele></trkpt>
<trkpt lat="36.58011648437501" lon="-94.17731401030619"><ele>398.03020833333335</ele></trkpt>
<trkpt lat="36.580092630208334" lon="-94.17724246517194"><ele>398.02213541666674</ele></trkpt>
<trkpt lat="36.58007002893519" lon="-94.17716807570145"><ele>397.9651041666667</ele></trkpt>
<trkpt lat="36.58004768807871" lon="-94.1770891462944"><ele>397.85026041666674</ele></trkpt>
<trkpt lat="36.580025164930554" lon="-94.17700714397739"><ele>397.6901041666667</ele></trkpt>
<trkpt lat="36.5800029224537" lon="-94.17692879040335"><ele>397.5131076388889</ele></trkpt>
<trkpt lat="36.57998127421982" lon="-94.17686109195225"><ele>397.34341242283955</ele></trkpt>
<trkpt lat="36.579959604766806" lon="-94.1768058066904"><ele>397.1875</ele></trkpt>
<trkpt lat="36.57993643550669" lon="-94.17675879398813"><ele>397.03799189814816</ele></trkpt>
<trkpt lat="36.57991155189043" lon="-94.17671656040903"><ele>396.89251650377224</ele></trkpt>
<trkpt lat="36.5798854684285" lon="-94.17667773346301"><ele>396.75356117112483</ele></trkpt>
<trkpt lat="36.579859426440336" lon="-94.17664336927615"><ele>396.6270576131687</ele></trkpt>
<trkpt lat="36.579832163923186" lon="-94.17661199920686"><ele>396.5056927297668</ele></trkpt>
<trkpt lat="36.57979982424554" lon="-94.17658001179362"><ele>396.3713648834019</ele></trkpt>
<trkpt lat="36.579754791666666" lon="-94.1765404162718"><ele>396.19166666666666</ele></trkpt>
<trkpt lat="36.57968976251715" lon="-94.17648678432899"><ele>395.93694272976677</ele></trkpt>
<trkpt lat="36.57960216392318" lon="-94.17641650116485"><ele>395.59618484224967</ele></trkpt>
<trkpt lat="36.579498778292184" lon="-94.1763347057901"><ele>395.1946244855967</ele></trkpt>
<trkpt lat="36.57939331361454" lon="-94.17625241163815"><ele>394.7839163237312</ele></trkpt>
<trkpt lat="36.57929862054184" lon="-94.17618042625783"><ele>394.41194272976685</ele></trkpt>
<trkpt lat="36.57921916666667" lon="-94.17612333285817"><ele>394.09375</ele></trkpt>
<trkpt lat="36.57914949299125" lon="-94.17607809637893"><ele>393.8060345936214</ele></trkpt>
<trkpt lat="36.579081213027266" lon="-94.1760387085871"><ele>393.51753793724276</ele></trkpt>
<trkpt lat="36.579009387538584" lon="-94.1760006556363"><ele>393.21827739197533</ele></trkpt>
<trkpt lat="36.57893623713993" lon="-94.17596357747973"><ele>392.93886316872425</ele></trkpt>
<trkpt lat="36.57886544881688" lon="-94.17592850935857"><ele>392.7204153806584</ele></trkpt>
<trkpt lat="36.57879920138889" lon="-94.17589635403756"><ele>392.58871527777774</ele></trkpt>
<trkpt lat="36.57873648437501" lon="-94.17586697905747"><ele>392.5346354166666</ele></trkpt>
<trkpt lat="36.578676293402786" lon="-94.1758409721307"><ele>392.53949652777777</ele></trkpt>
<trkpt lat="36.57861705729167" lon="-94.1758190334908"><ele>392.590625</ele></trkpt>
<trkpt lat="36.57855703125001" lon="-94.17580131359674"><ele>392.6865451388889</ele></trkpt>
<trkpt lat="36.57849598958334" lon="-94.17578730897884"><ele>392.8247395833333</ele></trkpt>
<trkpt lat="36.57843663194445" lon="-94.17577723376338"><ele>393.00503472222226</ele></trkpt>
<trkpt lat="36.57838194733797" lon="-94.17577202545053"><ele>393.23556134259263</ele></trkpt>
<trkpt lat="36.57833201099538" lon="-94.17577226852531"><ele>393.5298900462963</ele></trkpt>
<trkpt lat="36.578284175347235" lon="-94.17577730904992"><ele>393.89288194444447</ele></trkpt>
<trkpt lat="36.5782349363426" lon="-94.17578627897326"><ele>394.3288483796296</ele></trkpt>
<trkpt lat="36.578180575810194" lon="-94.17579899311558"><ele>394.8542824074074</ele></trkpt>
<trkpt lat="36.578118411458334" lon="-94.17581556142625"><ele>395.48423032407413</ele></trkpt>
<trkpt lat="36.578050000000005" lon="-94.1758346702324"><ele>396.18350694444445</ele></trkpt>
<trkpt lat="36.577981588541675" lon="-94.17585321767278"><ele>396.8547164351852</ele></trkpt>
<trkpt lat="36.57791898458933" lon="-94.17586800588266"><ele>397.3968910751029</ele></trkpt>
<trkpt lat="36.5778631138546" lon="-94.1758774545876"><ele>397.77134773662556</ele></trkpt>
<trkpt lat="36.577810049832834" lon="-94.17588136124591"><ele>398.01069637345677</ele></trkpt>
<trkpt lat="36.57775658382631" lon="-94.17587940177941"><ele>398.16421360596706</ele></trkpt>
<trkpt lat="36.57770169420868" lon="-94.17587099169587"><ele>398.26553176440336</ele></trkpt>
<trkpt lat="36.57764734567902" lon="-94.17585609049006"><ele>398.3265432098766</ele></trkpt>
<trkpt lat="36.57759589163238" lon="-94.17583564466688"><ele>398.35541838134435</ele></trkpt>
<trkpt lat="36.57754949931413" lon="-94.17581050749048"><ele>398.36021947873803</ele></trkpt>
<trkpt lat="36.57750890946503" lon="-94.17578030858604"><ele>398.3539094650206</ele></trkpt>
<trkpt lat="36.57747382030178" lon="-94.17574345673097"><ele>398.35281207133056</ele></trkpt>
<trkpt lat="36.57744354595336" lon="-94.17569845672757"><ele>398.37085048010977</ele></trkpt>
<trkpt lat="36.57741734567901" lon="-94.17564530857814"><ele>398.41172839506174</ele></trkpt>
<trkpt lat="36.57739452674897" lon="-94.17558555549344"><ele>398.468792866941</ele></trkpt>
<trkpt lat="36.57737473251029" lon="-94.17552117278261"><ele>398.5320301783265</ele></trkpt>
<trkpt lat="36.57735851851852" lon="-94.17545382711467"><ele>398.5921810699589</ele></trkpt>
<trkpt lat="36.577347238940334" lon="-94.17538530186303"><ele>398.64176633230454</ele></trkpt>
<trkpt lat="36.57734212834363" lon="-94.17531722511103"><ele>398.67712512860084</ele></trkpt>
<trkpt lat="36.57734322145063" lon="-94.17525128956242"><ele>398.7037262088477</ele></trkpt>
<trkpt lat="36.57734993312758" lon="-94.17518617802583"><ele>398.7390003429355</ele></trkpt>
<trkpt lat="36.577361964056074" lon="-94.17511812668216"><ele>398.80489754801096</ele></trkpt>
<trkpt lat="36.577379233217606" lon="-94.17504235832673"><ele>398.9155671296296</ele></trkpt>
<trkpt lat="36.57742137731482" lon="-94.17487642082966"><ele>399.25159143518516</ele></trkpt>
<trkpt lat="36.57743952835648" lon="-94.17479942716407"><ele>399.4604456018518</ele></trkpt>
<trkpt lat="36.577453365162036" lon="-94.17473026336286"><ele>399.69942129629624</ele></trkpt>
<trkpt lat="36.57746368055555" lon="-94.17466631948068"><ele>399.97309027777777</ele></trkpt>
<trkpt lat="36.5774717505787" lon="-94.1746046209774"><ele>400.28605324074067</ele></trkpt>
<trkpt lat="36.577478472222225" lon="-94.1745425376404"><ele>400.6497974537037</ele></trkpt>
<trkpt lat="36.57748429108796" lon="-94.17447752895835"><ele>401.0769965277778</ele></trkpt>
<trkpt lat="36.57748934027778" lon="-94.17440884550686"><ele>401.5549479166667</ele></trkpt>
<trkpt lat="36.57749326678241" lon="-94.17433819735261"><ele>402.04131944444447</ele></trkpt>
<trkpt lat="36.57749549479167" lon="-94.17426694734321"><ele>402.49505208333335</ele></trkpt>
<trkpt lat="36.5774957175926" lon="-94.1741939178197"><ele>402.9035590277778</ele></trkpt>
<trkpt lat="36.577494175347226" lon="-94.17411736109878"><ele>403.27031250000005</ele></trkpt>
<trkpt lat="36.57749122974537" lon="-94.1740363136372"><ele>403.5865451388889</ele></trkpt>
<trkpt lat="36.577486999421296" lon="-94.17394910008521"><ele>403.8348958333333</ele></trkpt>
<trkpt lat="36.57748145833333" lon="-94.17385364868534"><ele>404.01050347222224</ele></trkpt>
<trkpt lat="36.577475" lon="-94.17375280377352"><ele>404.13020833333337</ele></trkpt>
<trkpt lat="36.57746297" lon="-94.17357658631592"><ele>404.28431643518525</ele></trkpt>
<trkpt lat="36.577458317222224" lon="-94.17351593886981"><ele>404.3420537037037</ele></trkpt>
<trkpt lat="36.57745329" lon="-94.17346909684572"><ele>404.3927034722222</ele></trkpt>
<trkpt lat="36.577445075" lon="-94.1734256155504"><ele>404.4364918981482</ele></trkpt>
<trkpt lat="36.577429339444436" lon="-94.17337347447666"><ele>404.4724831018519</ele></trkpt>
<trkpt lat="36.57740194550069" lon="-94.17330229147053"><ele>404.50139382716054</ele></trkpt>
<trkpt lat="36.57736139211248" lon="-94.17320758218256"><ele>404.52554938271606</ele></trkpt>
<trkpt lat="36.57731108613169" lon="-94.17309637296015"><ele>404.5465222222223</ele></trkpt>
<trkpt lat="36.577256624581615" lon="-94.17298271571218"><ele>404.56372098765434</ele></trkpt>
<trkpt lat="36.57720147389575" lon="-94.17287872947699"><ele>404.5751469135802</ele></trkpt>
<trkpt lat="36.577142916666666" lon="-94.17278520768218"><ele>404.57916666666665</ele></trkpt>
<trkpt lat="36.57707460733882" lon="-94.17269435619681"><ele>404.5753343621399</ele></trkpt>
<trkpt lat="36.57699220850481" lon="-94.1725979028322"><ele>404.56494341563786</ele></trkpt>
<trkpt lat="36.576898729423874" lon="-94.17249529214838"><ele>404.5514660493827</ele></trkpt>
<trkpt lat="36.57680308813444" lon="-94.17239318057571"><ele>404.5404835390946</ele></trkpt>
<trkpt lat="36.57671331104253" lon="-94.17229843018345"><ele>404.5386059670782</ele></trkpt>
<trkpt lat="36.57663" lon="-94.17221104084364"><ele>404.5520833333333</ele></trkpt>
<trkpt lat="36.57654666923869" lon="-94.1721240397592"><ele>404.58491083676273</ele></trkpt>
<trkpt lat="36.57636014660494" lon="-94.1719298523387"><ele>404.7019547325103</ele></trkpt>
<trkpt lat="36.57626384773663" lon="-94.17182907564974"><ele>404.7703617969822</ele></trkpt>
<trkpt lat="36.576174724794235" lon="-94.17173456445165"><ele>404.83367626886144</ele></trkpt>
<trkpt lat="36.576093125" lon="-94.17164583251258"><ele>404.8895833333333</ele></trkpt>
<trkpt lat="36.57601270919067" lon="-94.17155558982415"><ele>404.94170096021946</ele></trkpt>
<trkpt lat="36.57592704646776" lon="-94.1714571449195"><ele>404.9950531550068</ele></trkpt>
<trkpt lat="36.575836368312764" lon="-94.17135200256206"><ele>405.05195473251024</ele></trkpt>
<trkpt lat="36.575748018689985" lon="-94.17125026999895"><ele>405.11218278463645</ele></trkpt>
<trkpt lat="36.57567030178327" lon="-94.17116346039018"><ele>405.1768861454047</ele></trkpt>
<trkpt lat="36.57560604166667" lon="-94.17109687455051"><ele>405.2520833333333</ele></trkpt>
<trkpt lat="36.575550655328364" lon="-94.17104726019504"><ele>405.3499732081619</ele></trkpt>
<trkpt lat="36.57549706200703" lon="-94.17100748082791"><ele>405.48589356138547</ele></trkpt>
<trkpt lat="36.57544017779065" lon="-94.17097127780104"><ele>405.68273212448565</ele></trkpt>
<trkpt lat="36.575379375857345" lon="-94.17093612381504"><ele>405.9809842249657</ele></trkpt>
<trkpt lat="36.57531476605367" lon="-94.17090108266541"><ele>406.436441186557</ele></trkpt>
<trkpt lat="36.57524680844907" lon="-94.17086594891555"><ele>407.078125</ele></trkpt>
<trkpt lat="36.57517730902778" lon="-94.17083082449714"><ele>407.85494791666673</ele></trkpt>
<trkpt lat="36.575111739004626" lon="-94.17079710345415"><ele>408.6401909722223</ele></trkpt>
<trkpt lat="36.57505544849537" lon="-94.17076595765397"><ele>409.3109375</ele></trkpt>
<trkpt lat="36.575009791666666" lon="-94.17073704274866"><ele>409.82039930555555</ele></trkpt>
<trkpt lat="36.574971484375" lon="-94.17070835062661"><ele>410.19557291666666</ele></trkpt>
<trkpt lat="36.574935703125" lon="-94.1706768517709"><ele>410.47812500000003</ele></trkpt>
<trkpt lat="36.574898064236116" lon="-94.1706390247705"><ele>410.69444444444446</ele></trkpt>
<trkpt lat="36.57485578125" lon="-94.17059228283073"><ele>410.86006944444443</ele></trkpt>
<trkpt lat="36.574809010416665" lon="-94.17053752585905"><ele>410.99505208333335</ele></trkpt>
<trkpt lat="36.574760555555564" lon="-94.17047855884164"><ele>411.1216145833333</ele></trkpt>
<trkpt lat="36.574712977430565" lon="-94.17041841417077"><ele>411.25998263888886</ele></trkpt>
<trkpt lat="36.57466650173612" lon="-94.17035684588026"><ele>411.4243055555556</ele></trkpt>
<trkpt lat="36.574620494791674" lon="-94.1702921959874"><ele>411.61979166666663</ele></trkpt>
<trkpt lat="36.57457532986112" lon="-94.17022277468071"><ele>411.8489583333333</ele></trkpt>
<trkpt lat="36.574531542245374" lon="-94.17014609352668"><ele>412.11984953703706</ele></trkpt>
<trkpt lat="36.57448878761575" lon="-94.17005981167111"><ele>412.4416087962963</ele></trkpt>
<trkpt lat="36.57444730902779" lon="-94.16996681398305"><ele>412.80329861111113</ele></trkpt>
<trkpt lat="36.57440975983798" lon="-94.16987690372629"><ele>413.17060185185187</ele></trkpt>
<trkpt lat="36.57437958901322" lon="-94.16980081026334"><ele>413.507304526749</ele></trkpt>
<trkpt lat="36.574357902949245" lon="-94.16974232674127"><ele>413.8006430041152</ele></trkpt>
<trkpt lat="36.57432918863598" lon="-94.16965834429882"><ele>414.28526877572017</ele></trkpt>
<trkpt lat="36.574313811621245" lon="-94.16961660790281"><ele>414.50269418724287</ele></trkpt>
<trkpt lat="36.57429187500001" lon="-94.16956270805817"><ele>414.7354166666667</ele></trkpt>
<trkpt lat="36.574259635631" lon="-94.16948801737617"><ele>415.015072016461</ele></trkpt>
<trkpt lat="36.57421584533608" lon="-94.16938919089833"><ele>415.35877057613175</ele></trkpt>
<trkpt lat="36.57416358281893" lon="-94.16927284907428"><ele>415.7470679012346</ele></trkpt>
<trkpt lat="36.574108908607684" lon="-94.16915284824502"><ele>416.1303755144033</ele></trkpt>
<trkpt lat="36.57405688871743" lon="-94.16904153574825"><ele>416.45704732510285</ele></trkpt>
<trkpt lat="36.57400791666667" lon="-94.16894145778642"><ele>416.7020833333333</ele></trkpt>
<trkpt lat="36.5739577122771" lon="-94.16884484559381"><ele>416.8740475308642</ele></trkpt>
<trkpt lat="36.57390172578876" lon="-94.16874233526654"><ele>416.99735308641976</ele></trkpt>
<trkpt lat="36.57383909979424" lon="-94.16863110114151"><ele>417.0931166666667</ele></trkpt>
<trkpt lat="36.57377350912209" lon="-94.16851716123284"><ele>417.16858950617285</ele></trkpt>
<trkpt lat="36.573707897462285" lon="-94.16840628134109"><ele>417.22205987654326</ele></trkpt>
<trkpt lat="36.5736414725926" lon="-94.16829815639308"><ele>417.2503555555556</ele></trkpt>
<trkpt lat="36.57357082074074" lon="-94.16818729114465"><ele>417.25573333333335</ele></trkpt>
<trkpt lat="36.57349660444444" lon="-94.16807388372254"><ele>417.24493333333334</ele></trkpt>
<trkpt lat="36.573425118518514" lon="-94.16796708679165"><ele>417.22551111111113</ele></trkpt>
<trkpt lat="36.573363783703705" lon="-94.16787877883158"><ele>417.20146666666665</ele></trkpt>
<trkpt lat="36.573314745000005" lon="-94.1678135607891"><ele>417.1724541666667</ele></trkpt>
<trkpt lat="36.573274019444455" lon="-94.16776667797973"><ele>417.13617361111113</ele></trkpt>
<trkpt lat="36.57323528166667" lon="-94.16772967927035"><ele>417.09105416666665</ele></trkpt>
<trkpt lat="36.57319240333333" lon="-94.167695468221"><ele>417.0362666666667</ele></trkpt>
<trkpt lat="36.573140404444445" lon="-94.16765970725453"><ele>416.9704888888889</ele></trkpt>
<trkpt lat="36.57307665666666" lon="-94.16762042683258"><ele>416.8937222222222</ele></trkpt>
<trkpt lat="36.57300402166667" lon="-94.16757883011373"><ele>416.8130625</ele></trkpt>
<trkpt lat="36.57292878611111" lon="-94.16753847396362"><ele>416.7435208333334</ele></trkpt>
<trkpt lat="36.57285503166667" lon="-94.16750248643844"><ele>416.70300694444444</ele></trkpt>
<trkpt lat="36.57278049285322" lon="-94.16747085054095"><ele>416.7017959533608</ele></trkpt>
<trkpt lat="36.572700545336076" lon="-94.16744173374151"><ele>416.73822462277093</ele></trkpt>
<trkpt lat="36.57261536670782" lon="-94.1674149883203"><ele>416.7986656378601</ele></trkpt>
<trkpt lat="36.57252988620028" lon="-94.16739373023755"><ele>416.8654128943759</ele></trkpt>
<trkpt lat="36.57244825334705" lon="-94.16738312975129"><ele>416.92395644718795</ele></trkpt>
<trkpt lat="36.572367083333326" lon="-94.16738791685447"><ele>416.96875</ele></trkpt>
<trkpt lat="36.57227794495885" lon="-94.16741071885993"><ele>417.0011659807956</ele></trkpt>
<trkpt lat="36.572174385288065" lon="-94.16745060417415"><ele>417.02308813443074</ele></trkpt>
<trkpt lat="36.57205897376544" lon="-94.16750224865044"><ele>417.0284979423868</ele></trkpt>
<trkpt lat="36.57194181584362" lon="-94.167557718452"><ele>416.9973165294925</ele></trkpt>
<trkpt lat="36.571832296810705" lon="-94.16761065733002"><ele>416.89437585733884</ele></trkpt>
<trkpt lat="36.571731041666666" lon="-94.16766000056568"><ele>416.6729166666667</ele></trkpt>
<trkpt lat="36.571630160322364" lon="-94.16770938846442"><ele>416.29270404663924</ele></trkpt>
<trkpt lat="36.57152158607682" lon="-94.1677627733198"><ele>415.7474451303155</ele></trkpt>
<trkpt lat="36.5714053420782" lon="-94.16782029393812"><ele>415.0887602880658</ele></trkpt>
<trkpt lat="36.57128968021263" lon="-94.16787831344702"><ele>414.4109482167353</ele></trkpt>
<trkpt lat="36.57118309242114" lon="-94.16793340081948"><ele>413.800420096022</ele></trkpt>
<trkpt lat="36.571086250000015" lon="-94.16798625058368"><ele>413.2875</ele></trkpt>
<trkpt lat="36.570991732681755" lon="-94.16804142639256"><ele>412.8445816186557</ele></trkpt>
<trkpt lat="36.570891636659816" lon="-94.16810301427968"><ele>412.431292866941</ele></trkpt>
<trkpt lat="36.57078524434156" lon="-94.16817034286046"><ele>412.0430041152263</ele></trkpt>
<trkpt lat="36.57067926783265" lon="-94.16823825348405"><ele>411.72789780521265</ele></trkpt>
<trkpt lat="36.57058059070645" lon="-94.16830182764464"><ele>411.56433470507545</ele></trkpt>
<trkpt lat="36.57048895833334" lon="-94.16836104228487"><ele>411.62916666666666</ele></trkpt>
<trkpt lat="36.570396958161865" lon="-94.16842062052594"><ele>411.96502914951986</ele></trkpt>
<trkpt lat="36.570297396262006" lon="-94.16848503677076"><ele>412.55652434842244</ele></trkpt>
<trkpt lat="36.57019078189301" lon="-94.16855338813969"><ele>413.3122170781893</ele></trkpt>
<trkpt lat="36.570085498113855" lon="-94.16861899504495"><ele>414.08870027434835</ele></trkpt>
<trkpt lat="36.56999047668039" lon="-94.1686740463048"><ele>414.75114026063096</ele></trkpt>
<trkpt lat="36.56990770833334" lon="-94.16871458367001"><ele>415.23125</ele></trkpt>
<trkpt lat="36.5698315192044" lon="-94.16874188891948"><ele>415.5375771604938</ele></trkpt>
<trkpt lat="36.56975480538409" lon="-94.16875958774236"><ele>415.71913580246917</ele></trkpt>
<trkpt lat="36.56967539094651" lon="-94.16877006436323"><ele>415.82800925925926</ele></trkpt>
<trkpt lat="36.56959664180384" lon="-94.16877214161083"><ele>415.8994598765432</ele></trkpt>
<trkpt lat="36.569522198216745" lon="-94.1687611786725"><ele>415.9533179012346</ele></trkpt>
<trkpt lat="36.569450625" lon="-94.16873020793616"><ele>416</ele></trkpt>
<trkpt lat="36.56937557956103" lon="-94.16867324434062"><ele>416.0463134430727</ele></trkpt>
<trkpt lat="36.569291552640614" lon="-94.16858949835905"><ele>416.09648491083675</ele></trkpt>
<trkpt lat="36.5691996090535" lon="-94.16848672473327"><ele>416.1509773662551</ele></trkpt>
<trkpt lat="36.56910700017147" lon="-94.16837837943575"><ele>416.2071330589849</ele></trkpt>
<trkpt lat="36.569020703017834" lon="-94.16827562064321"><ele>416.2629801097394</ele></trkpt>
<trkpt lat="36.56894104166667" lon="-94.16817999913891"><ele>416.3208333333333</ele></trkpt>
<trkpt lat="36.5688617601166" lon="-94.16808431921145"><ele>416.38625685871057</ele></trkpt>
<trkpt lat="36.56868504886831" lon="-94.16786995002734"><ele>416.54071502057616</ele></trkpt>
<trkpt lat="36.568593713134426" lon="-94.16775883983611"><ele>416.6036865569273</ele></trkpt>
<trkpt lat="36.56850870456104" lon="-94.16765521427396"><ele>416.6254543895747</ele></trkpt>
<trkpt lat="36.56843" lon="-94.16755895747377"><ele>416.58125</ele></trkpt>
<trkpt lat="36.56835131687243" lon="-94.16746231388937"><ele>416.45569272976684</ele></trkpt>
<trkpt lat="36.56826652263375" lon="-94.16735761468846"><ele>416.250505829904</ele></trkpt>
<trkpt lat="36.568176172839514" lon="-94.16724499889409"><ele>415.9902263374486</ele></trkpt>
<trkpt lat="36.568087818930046" lon="-94.1671323832477"><ele>415.71331447187924</ele></trkpt>
<trkpt lat="36.56800983539095" lon="-94.16702768436284"><ele>415.4513717421125</ele></trkpt>
<trkpt lat="36.56794500000001" lon="-94.16693104100804"><ele>415.2104166666667</ele></trkpt>
<trkpt lat="36.567889096872435" lon="-94.16683399595706"><ele>414.97174355281203</ele></trkpt>
<trkpt lat="36.56783566559672" lon="-94.16672769261899"><ele>414.71728093278466</ele></trkpt>
<trkpt lat="36.56778068839507" lon="-94.1666107101419"><ele>414.4560491769547</ele></trkpt>
<trkpt lat="36.56772416337449" lon="-94.16649121404707"><ele>414.2372753772291</ele></trkpt>
<trkpt lat="36.567665852427986" lon="-94.16637725647271"><ele>414.12992873799726</ele></trkpt>
<trkpt lat="36.567603613930046" lon="-94.16627074074462"><ele>414.1864663237311</ele></trkpt>
<trkpt lat="36.56753442582305" lon="-94.1661668459676"><ele>414.4092925240055</ele></trkpt>
<trkpt lat="36.56746000512347" lon="-94.16606417813446"><ele>414.7451360082305</ele></trkpt>
<trkpt lat="36.56738573934157" lon="-94.16596619484704"><ele>415.1177314128944</ele></trkpt>
<trkpt lat="36.56731649911523" lon="-94.165877525907"><ele>415.46909595336075</ele></trkpt>
<trkpt lat="36.567250625" lon="-94.16579583270973"><ele>415.7895833333333</ele></trkpt>
<trkpt lat="36.56718175694446" lon="-94.1657132736306"><ele>416.1039351851852</ele></trkpt>
<trkpt lat="36.56710444212963" lon="-94.16562283797262"><ele>416.4395061728395</ele></trkpt>
<trkpt lat="36.56701986805556" lon="-94.16552515547012"><ele>416.79560185185187</ele></trkpt>
<trkpt lat="36.56685698842594" lon="-94.16533821190203"><ele>417.45424382716055</ele></trkpt>
<trkpt lat="36.566786562500006" lon="-94.16525749937597"><ele>417.7166666666667</ele></trkpt>
<trkpt lat="36.566645516584366" lon="-94.16509568571898"><ele>418.1767303155007</ele></trkpt>
<trkpt lat="36.56656873626544" lon="-94.16500703298652"><ele>418.40667325102885</ele></trkpt>
<trkpt lat="36.566496194269554" lon="-94.16492188014917"><ele>418.6222414266118</ele></trkpt>
<trkpt lat="36.5664386981996" lon="-94.16485120418328"><ele>418.79865898491084</ele></trkpt>
<trkpt lat="36.56640296224966" lon="-94.16480087114304"><ele>418.9222573388203</ele></trkpt>
<trkpt lat="36.56638666277091" lon="-94.16476754950298"><ele>419.00334430727025</ele></trkpt>
<trkpt lat="36.56638045563786" lon="-94.16474234729748"><ele>419.07074238683134</ele></trkpt>
<trkpt lat="36.566371969163235" lon="-94.1647160328344"><ele>419.15869629629634</ele></trkpt>
<trkpt lat="36.56635266910837" lon="-94.1646833568684"><ele>419.28924773662555</ele></trkpt>
<trkpt lat="36.566322380658434" lon="-94.16464546906018"><ele>419.4578189300412</ele></trkpt>
<trkpt lat="36.56628859602195" lon="-94.16460802599711"><ele>419.6380658436214</ele></trkpt>
<trkpt lat="36.56623656378601" lon="-94.16455195470724"><ele>419.9578189300412</ele></trkpt>
<trkpt lat="36.566192943244175" lon="-94.16450695180293"><ele>420.31336376886145</ele></trkpt>
<trkpt lat="36.5661346596365" lon="-94.16445161945313"><ele>420.76941872427983</ele></trkpt>
<trkpt lat="36.56606413194445" lon="-94.16438361679911"><ele>421.2224826388889</ele></trkpt>
<trkpt lat="36.565978541666674" lon="-94.16429966711381"><ele>421.6592013888889</ele></trkpt>
<trkpt lat="36.56593099537037" lon="-94.16425399579974"><ele>421.8548900462963</ele></trkpt>
<trkpt lat="36.56587949074075" lon="-94.16420567690999"><ele>422.03000578703706</ele></trkpt>
<trkpt lat="36.565824340277786" lon="-94.16415499981312"><ele>422.1868055555555</ele></trkpt>
<trkpt lat="36.56576806712964" lon="-94.16410432273715"><ele>422.32115162037036</ele></trkpt>
<trkpt lat="36.56571303819445" lon="-94.1640559836334"><ele>422.4250289351852</ele></trkpt>
<trkpt lat="36.565608628472226" lon="-94.16396565958325"><ele>422.54505208333336</ele></trkpt>
<trkpt lat="36.56556377314815" lon="-94.16392233206426"><ele>422.58515625</ele></trkpt>
<trkpt lat="36.565529955418384" lon="-94.16387954875232"><ele>422.63030585562416</ele></trkpt>
<trkpt lat="36.56550896176268" lon="-94.16383559066725"><ele>422.6861711248285</ele></trkpt>
<trkpt lat="36.56549788130144" lon="-94.16378790571653"><ele>422.7462705761317</ele></trkpt>
<trkpt lat="36.56549213241598" lon="-94.16373613574831"><ele>422.79170096021943</ele></trkpt>
<trkpt lat="36.5654879113083" lon="-94.16368127935303"><ele>422.80402949245536</ele></trkpt>
<trkpt lat="36.56548265432099" lon="-94.16362539093022"><ele>422.77654320987654</ele></trkpt>
<trkpt lat="36.56547417009603" lon="-94.16356966389606"><ele>422.717146776406</ele></trkpt>
<trkpt lat="36.56546117969822" lon="-94.16351541834256"><ele>422.6386145404664</ele></trkpt>
<trkpt lat="36.5654446090535" lon="-94.16346469131533"><ele>422.5539094650205</ele></trkpt>
<trkpt lat="36.56542737054185" lon="-94.16342023916204"><ele>422.47317386831276</ele></trkpt>
<trkpt lat="36.56539909722223" lon="-94.16335165893443"><ele>422.3167952674897</ele></trkpt>
<trkpt lat="36.56537287808642" lon="-94.1632857150005"><ele>422.05799039780527</ele></trkpt>
<trkpt lat="36.565328819444446" lon="-94.1631773842449"><ele>421.5150462962963</ele></trkpt>
<trkpt lat="36.56531921296297" lon="-94.16315118054817"><ele>421.39212962962966</ele></trkpt>
<trkpt lat="36.565313449074075" lon="-94.16312949073736"><ele>421.30763888888896</ele></trkpt>
<trkpt lat="36.565310115740736" lon="-94.16310675925685"><ele>421.2405092592593</ele></trkpt>
<trkpt lat="36.565306064814806" lon="-94.16304291666395"><ele>421.0997685185185</ele></trkpt>
<trkpt lat="36.565305370370375" lon="-94.16300611111018"><ele>421.0243055555555</ele></trkpt>
<trkpt lat="36.56530608796296" lon="-94.16297328703799"><ele>420.95</ele></trkpt>
<trkpt lat="36.565308078703694" lon="-94.16294689815011"><ele>420.87569444444443</ele></trkpt>
<trkpt lat="36.56531543981482" lon="-94.16290513032067"><ele>420.7258916323731</ele></trkpt>
<trkpt lat="36.56532229166667" lon="-94.16288264918839"><ele>420.64971707818927</ele></trkpt>
<trkpt lat="36.56533289609054" lon="-94.16285422327434"><ele>420.55961076817556</ele></trkpt>
<trkpt lat="36.565347968107005" lon="-94.1628174023017"><ele>420.441726680384</ele></trkpt>
<trkpt lat="36.565367345679014" lon="-94.16277343626345"><ele>420.29999999999995</ele></trkpt>
<trkpt lat="36.565390013717426" lon="-94.16272742803544"><ele>420.1595336076817</ele></trkpt>
<trkpt lat="36.56541515089164" lon="-94.16268450622235"><ele>420.05178326474623</ele></trkpt>
<trkpt lat="36.56544312757202" lon="-94.1626457819453"><ele>420.0008230452675</ele></trkpt>
<trkpt lat="36.56547454587738" lon="-94.1626090556579"><ele>420.01577803372965</ele></trkpt>
<trkpt lat="36.56550948856816" lon="-94.16257183551562"><ele>420.0919593116494</ele></trkpt>
<trkpt lat="36.56558235987635" lon="-94.16249784533228"><ele>420.28352169792083</ele></trkpt>
<trkpt lat="36.56562081989787" lon="-94.16245953781018"><ele>420.2931276919939</ele></trkpt>
<trkpt lat="36.56566769679301" lon="-94.16241309102958"><ele>420.1822157434402</ele></trkpt>
<trkpt lat="36.56573150728863" lon="-94.16235003319198"><ele>419.9126822157435</ele></trkpt>
<trkpt lat="36.56581862470263" lon="-94.16226401717803"><ele>419.4676549993786</ele></trkpt>
<trkpt lat="36.56592845931446" lon="-94.16215538235119"><ele>418.86262772969053</ele></trkpt>
<trkpt lat="36.56605072264037" lon="-94.1620335009727"><ele>418.16520249748606</ele></trkpt>
<trkpt lat="36.56617138587028" lon="-94.16191048249003"><ele>417.45779863755985</ele></trkpt>
<trkpt lat="36.56627891227257" lon="-94.16179485940742"><ele>416.800564412409</ele></trkpt>
<trkpt lat="36.56637066049383" lon="-94.16168544032165"><ele>416.19567901234575</ele></trkpt>
<trkpt lat="36.56645008504802" lon="-94.16157449042689"><ele>415.6064471879287</ele></trkpt>
<trkpt lat="36.56652374828533" lon="-94.16145101404533"><ele>414.9768861454047</ele></trkpt>
<trkpt lat="36.56659824691358" lon="-94.16130395354949"><ele>414.25061728395065</ele></trkpt>
<trkpt lat="36.56667916580298" lon="-94.16112476784781"><ele>413.3832647462277</ele></trkpt>
<trkpt lat="36.56676903988213" lon="-94.16091248557076"><ele>412.3667352537723</ele></trkpt>
<trkpt lat="36.56696119900422" lon="-94.16044557333692"><ele>410.14773662551437</ele></trkpt>
<trkpt lat="36.56704987910888" lon="-94.16023493787888"><ele>409.1539094650206</ele></trkpt>
<trkpt lat="36.56712837037036" lon="-94.1600591015676"><ele>408.3327160493827</ele></trkpt>
<trkpt lat="36.567198681069954" lon="-94.15991782040241"><ele>407.68607681755833</ele></trkpt>
<trkpt lat="36.567265818930046" lon="-94.1598033501511"><ele>407.1805898491084</ele></trkpt>
<trkpt lat="36.567335796296305" lon="-94.15970543980536"><ele>406.770987654321</ele></trkpt>
<trkpt lat="36.56741462614607" lon="-94.15961386730925"><ele>406.4117252771294</ele></trkpt>
<trkpt lat="36.56750592762516" lon="-94.159520793904"><ele>406.0629132686018</ele></trkpt>
<trkpt lat="36.56760877926483" lon="-94.15942307089668"><ele>405.69381320756145</ele></trkpt>
<trkpt lat="36.567715817983775" lon="-94.15932441180817"><ele>405.28472816740083</ele></trkpt>
<trkpt lat="36.567818771054824" lon="-94.15923054093656"><ele>404.8078244104923</ele></trkpt>
<trkpt lat="36.56791349271138" lon="-94.1591444370382"><ele>404.2128279883382</ele></trkpt>
<trkpt lat="36.568004507288634" lon="-94.15906175919517"><ele>403.4167638483965</ele></trkpt>
<trkpt lat="36.56810022546161" lon="-94.15897483823056"><ele>402.3412104524349</ele></trkpt>
<trkpt lat="36.56820676190476" lon="-94.15887811491301"><ele>400.9728323075262</ele></trkpt>
<trkpt lat="36.568322" lon="-94.15877350162549"><ele>399.4243116294137</ele></trkpt>
<trkpt lat="36.56843723809524" lon="-94.15866888815569"><ele>397.91716337328586</ele></trkpt>
<trkpt lat="36.56854377453839" lon="-94.15857216443725"><ele>396.68996328690207</ele></trkpt>
<trkpt lat="36.56863949271138" lon="-94.15848524316023"><ele>395.9014577259475</ele></trkpt>
<trkpt lat="36.56873050728865" lon="-94.15840256531814"><ele>395.60058309037896</ele></trkpt>
<trkpt lat="36.568825683372424" lon="-94.15831606422768"><ele>395.75237532140835</ele></trkpt>
<trkpt lat="36.56893034866846" lon="-94.15822079335246"><ele>396.26392412991987</ele></trkpt>
<trkpt lat="36.56904156328803" lon="-94.15811905658575"><ele>396.9926455068635</ele></trkpt>
<trkpt lat="36.56915151221943" lon="-94.15801711466861"><ele>397.7835798307418</ele></trkpt>
<trkpt lat="36.56925323004622" lon="-94.15791989709034"><ele>398.51800158679544</ele></trkpt>
<trkpt lat="36.569346502929704" lon="-94.15782572043297"><ele>399.15449218749995</ele></trkpt>
<trkpt lat="36.5694373828125" lon="-94.15772693953608"><ele>399.7140625</ele></trkpt>
<trkpt lat="36.56953545800782" lon="-94.15761259642764"><ele>400.2501953125</ele></trkpt>
<trkpt lat="36.56964924518953" lon="-94.1574733454343"><ele>400.81431206597216</ele></trkpt>
<trkpt lat="36.56978190487559" lon="-94.15730660237567"><ele>401.43136935763886</ele></trkpt>
<trkpt lat="36.56992769585505" lon="-94.15712091185509"><ele>402.07958984375</ele></trkpt>
<trkpt lat="36.57007382013167" lon="-94.15693336133772"><ele>402.69307725694443</ele></trkpt>
<trkpt lat="36.57020761715134" lon="-94.15676027181453"><ele>403.1916124131945</ele></trkpt>
<trkpt lat="36.57032371679688" lon="-94.15660811824091"><ele>403.51474609375</ele></trkpt>
<trkpt lat="36.57042578125" lon="-94.15647151823192"><ele>403.63515624999997</ele></trkpt>
<trkpt lat="36.57052287695313" lon="-94.15633805920977"><ele>403.54697265625</ele></trkpt>
<trkpt lat="36.57062443659578" lon="-94.15619511610146"><ele>403.259009693287</ele></trkpt>
<trkpt lat="36.570735580114295" lon="-94.15603653807929"><ele>402.79961660879627</ele></trkpt>
<trkpt lat="36.57085420106337" lon="-94.155867254555"><ele>402.2267035590277</ele></trkpt>
<trkpt lat="36.57097231329572" lon="-94.1557018018332"><ele>401.6141456886574</ele></trkpt>
<trkpt lat="36.57108172088397" lon="-94.15555629630319"><ele>401.01946976273143</ele></trkpt>
<trkpt lat="36.571179750976555" lon="-94.15543993348574"><ele>400.4564453125</ele></trkpt>
<trkpt lat="36.5712707578125" lon="-94.15535232944812"><ele>399.89375</ele></trkpt>
<trkpt lat="36.571363334960935" lon="-94.15528717871663"><ele>399.27480468749997</ele></trkpt>
<trkpt lat="36.57146542108112" lon="-94.15523670100995"><ele>398.55087606333825</ele></trkpt>
<trkpt lat="36.5715800604023" lon="-94.15519446219625"><ele>397.7106057575064</ele></trkpt>
<trkpt lat="36.5717025236627" lon="-94.15515624218743"><ele>396.80249798168154</ele></trkpt>
<trkpt lat="36.57182359444267" lon="-94.15511932098141"><ele>395.91108024095985</ele></trkpt>
<trkpt lat="36.57193502906831" lon="-94.15508111005283"><ele>395.11609061237806</ele></trkpt>
<trkpt lat="36.57203513580248" lon="-94.15503763686951"><ele>394.45</ele></trkpt>
<trkpt lat="36.57212824828533" lon="-94.1549835378354"><ele>393.90102880658435</ele></trkpt>
<trkpt lat="36.572222085048026" lon="-94.15491263244789"><ele>393.4323045267489</ele></trkpt>
<trkpt lat="36.57232504938273" lon="-94.15481857088176"><ele>393.0018518518518</ele></trkpt>
<trkpt lat="36.57244394591781" lon="-94.15469679005973"><ele>392.5725854798557</ele></trkpt>
<trkpt lat="36.57258072059646" lon="-94.15454804129854"><ele>392.1224457653813</ele></trkpt>
<trkpt lat="36.57272910661485" lon="-94.15438184900938"><ele>391.65506782502666</ele></trkpt>
<trkpt lat="36.57287597231115" lon="-94.15421453991917"><ele>391.19631407813847</ele></trkpt>
<trkpt lat="36.573007559086534" lon="-94.15406198071497"><ele>390.7756033125031</ele></trkpt>
<trkpt lat="36.57311590740742" lon="-94.15393245357009"><ele>390.40617283950616</ele></trkpt>
<trkpt lat="36.57320067489712" lon="-94.1538250302142"><ele>390.07894375857336</ele></trkpt>
<trkpt lat="36.57326615843621" lon="-94.15373330664771"><ele>389.77105624142655</ele></trkpt>
<trkpt lat="36.57331822222223" lon="-94.15364906891037"><ele>389.4549382716049</ele></trkpt>
<trkpt lat="36.57336237125946" lon="-94.1535650688898"><ele>389.10741502819684</ele></trkpt>
<trkpt lat="36.57340308316821" lon="-94.15347706122942"><ele>388.7185337600975</ele></trkpt>
<trkpt lat="36.573443215287305" lon="-94.15338599784042"><ele>388.30043438500223</ele></trkpt>
<trkpt lat="36.5734845646497" lon="-94.15329748229026"><ele>387.8830742264898</ele></trkpt>
<trkpt lat="36.57352943024437" lon="-94.15321816884475"><ele>387.4967154397195</ele></trkpt>
<trkpt lat="36.573582024691355" lon="-94.15315184628322"><ele>387.1543209876543</ele></trkpt>
<trkpt lat="36.57364865775034" lon="-94.15309810423106"><ele>386.8470507544581</ele></trkpt>
<trkpt lat="36.57373684224966" lon="-94.15305389723281"><ele>386.55294924554187</ele></trkpt>
<trkpt lat="36.57385447530864" lon="-94.15301526643425"><ele>386.2456790123457</ele></trkpt>
<trkpt lat="36.574007198572374" lon="-94.15297863554045"><ele>385.9033937915968</ele></trkpt>
<trkpt lat="36.57419390789006" lon="-94.15294158645571"><ele>385.5181273179901</ele></trkpt>
<trkpt lat="36.57440229393385" lon="-94.15290365065017"><ele>385.1057918000305</ele></trkpt>
<trkpt lat="36.574611180180874" lon="-94.15286596848895"><ele>384.7033125031753</ele></trkpt>
<trkpt lat="36.57479959637759" lon="-94.15282978507092"><ele>384.3516791139562</ele></trkpt>
<trkpt lat="36.57495579012346" lon="-94.15279491460957"><ele>384.0777777777778</ele></trkpt>
<trkpt lat="36.57507941015089" lon="-94.15275932115806"><ele>383.88847736625513</ele></trkpt>
<trkpt lat="36.57517692318245" lon="-94.15271984713112"><ele>383.7781893004115</ele></trkpt>
<trkpt lat="36.57525706172841" lon="-94.15267295755369"><ele>383.73703703703706</ele></trkpt>
<trkpt lat="36.575329018455015" lon="-94.15261458223425"><ele>383.7557194025301</ele></trkpt>
<trkpt lat="36.57540065568003" lon="-94.15254249308094"><ele>383.82128105471725</ele></trkpt>
<trkpt lat="36.57547703753239" lon="-94.1524584641121"><ele>383.9122199359854</ele></trkpt>
<trkpt lat="36.57555790430828" lon="-94.15237181974825"><ele>383.99120560890105</ele></trkpt>
<trkpt lat="36.57564222147284" lon="-94.15229402823601"><ele>384.01154930650813</ele></trkpt>
<trkpt lat="36.57573208333333" lon="-94.15223372966057"><ele>383.92499999999995</ele></trkpt>
<trkpt lat="36.57583492395404" lon="-94.15219097130898"><ele>383.70152606310006</ele></trkpt>
<trkpt lat="36.57595584559328" lon="-94.15216133415726"><ele>383.34610768175577</ele></trkpt>
<trkpt lat="36.576090183899176" lon="-94.1521403528808"><ele>382.9166152263374</ele></trkpt>
<trkpt lat="36.57622313340192" lon="-94.1521276295462"><ele>382.51539780521256</ele></trkpt>
<trkpt lat="36.57633931592935" lon="-94.15212617160162"><ele>382.2564643347051</ele></trkpt>
<trkpt lat="36.576432520833336" lon="-94.15214070822996"><ele>382.2291666666667</ele></trkpt>
<trkpt lat="36.5765068427011" lon="-94.15217415010076"><ele>382.46519030242627</ele></trkpt>
<trkpt lat="36.576570307134936" lon="-94.15222500652877"><ele>382.9312136970593</ele></trkpt>
<trkpt lat="36.57662817227286" lon="-94.1522851478492"><ele>383.5224444605196</ele></trkpt>
<trkpt lat="36.57668280584491" lon="-94.1523434446963"><ele>384.1080836334019</ele></trkpt>
<trkpt lat="36.576736407853495" lon="-94.15238956652959"><ele>384.57096287187073</ele></trkpt>
<trkpt lat="36.57679420996094" lon="-94.15241811136019"><ele>384.84892578125005</ele></trkpt>
<trkpt lat="36.5768636796875" lon="-94.152427156597"><ele>384.91796875</ele></trkpt>
<trkpt lat="36.57695351660155" lon="-94.15241660815525"><ele>384.77373046875</ele></trkpt>
<trkpt lat="36.577069684513255" lon="-94.152387327748"><ele>384.4233850028817</ele></trkpt>
<trkpt lat="36.57721182184698" lon="-94.15234217432845"><ele>383.89989366617135</ele></trkpt>
<trkpt lat="36.577369696991305" lon="-94.15228679027862"><ele>383.27579978102136</ele></trkpt>
<trkpt lat="36.57752789567055" lon="-94.15222728891102"><ele>382.6424796947635</ele></trkpt>
<trkpt lat="36.57767318570817" lon="-94.15216734547006"><ele>382.07896895778555</ele></trkpt>
<trkpt lat="36.57780177160493" lon="-94.15210582273993"><ele>381.6222222222222</ele></trkpt>
<trkpt lat="36.57791826200275" lon="-94.15203776271008"><ele>381.272633744856</ele></trkpt>
<trkpt lat="36.57803190466392" lon="-94.15195624206804"><ele>381.0106995884774</ele></trkpt>
<trkpt lat="36.578152876543214" lon="-94.15185396037269"><ele>380.812962962963</ele></trkpt>
<trkpt lat="36.578289557359135" lon="-94.15172544854103"><ele>380.65703398872125</ele></trkpt>
<trkpt lat="36.57844486277498" lon="-94.15157065578619"><ele>380.52360158512425</ele></trkpt>
<trkpt lat="36.57861246905959" lon="-94.15139842266063"><ele>380.39826245999086</ele></trkpt>
<trkpt lat="36.57877832093685" lon="-94.15122434577545"><ele>380.2699664685262</ele></trkpt>
<trkpt lat="36.57892763966367" lon="-94.15106326199236"><ele>380.1264441396129</ele></trkpt>
<trkpt lat="36.57905214814815" lon="-94.15092196039048"><ele>379.95</ele></trkpt>
<trkpt lat="36.57915212139918" lon="-94.15079761658683"><ele>379.7168724279835</ele></trkpt>
<trkpt lat="36.57923304526749" lon="-94.15068172161286"><ele>379.3997942386831</ele></trkpt>
<trkpt lat="36.579302166666665" lon="-94.15056389689627"><ele>378.9703703703704</ele></trkpt>
<trkpt lat="36.57936671184573" lon="-94.15043376691693"><ele>378.40070097932704</ele></trkpt>
<trkpt lat="36.57943222963394" lon="-94.1502848528881"><ele>377.68650335959063</ele></trkpt>
<trkpt lat="36.57950096657296" lon="-94.15011809122879"><ele>376.8711559560136</ele></trkpt>
<trkpt lat="36.57957033592997" lon="-94.14994496743422"><ele>376.0691788166047</ele></trkpt>
<trkpt lat="36.57963632687011" lon="-94.14977860307546"><ele>375.42275603297685</ele></trkpt>
<trkpt lat="36.57969684985422" lon="-94.14962559317459"><ele>375.0564139941691</ele></trkpt>
<trkpt lat="36.579754956268225" lon="-94.14947860337759"><ele>375.03134110787175</ele></trkpt>
<trkpt lat="36.579816031854016" lon="-94.1493241049575"><ele>375.3531692041896</ele></trkpt>
<trkpt lat="36.579883950815244" lon="-94.14915268270789"><ele>375.96950653277185</ele></trkpt>
<trkpt lat="36.5799572568837" lon="-94.14896931311765"><ele>376.770003239391</ele></trkpt>
<trkpt lat="36.580030149227944" lon="-94.14879157830718"><ele>377.6045405463773</ele></trkpt>
<trkpt lat="36.58009665640859" lon="-94.14863938428141"><ele>378.3370370370371</ele></trkpt>
<trkpt lat="36.58015486151603" lon="-94.1485239819195"><ele>378.89504373177846</ele></trkpt>
<trkpt lat="36.58020801603498" lon="-94.14844443785701"><ele>379.2774052478134</ele></trkpt>
<trkpt lat="36.58026163373285" lon="-94.14839257056589"><ele>379.5228970953461</ele></trkpt>
<trkpt lat="36.58031976341647" lon="-94.14835894551373"><ele>379.67809091890723</ele></trkpt>
<trkpt lat="36.580382383219955" lon="-94.14833709180479"><ele>379.7775348234532</ele></trkpt>
<trkpt lat="36.58044650604686" lon="-94.14832475374001"><ele>379.8387485152791</ele></trkpt>
<trkpt lat="36.58050976460426" lon="-94.14832359961169"><ele>379.8634866645071</ele></trkpt>
<trkpt lat="36.58057381049562" lon="-94.14833775329556"><ele>379.84373177842565</ele></trkpt>
<trkpt lat="36.5806449548105" lon="-94.14837210280884"><ele>379.7685131195335</ele></trkpt>
<trkpt lat="36.580730534337555" lon="-94.14843015726288"><ele>379.63008854335385</ele></trkpt>
<trkpt lat="36.5808336643991" lon="-94.14851131380833"><ele>379.42958103876475</ele></trkpt>
<trkpt lat="36.58094893537415" lon="-94.14860873584686"><ele>379.17938127632004</ele></trkpt>
<trkpt lat="36.58106409637188" lon="-94.14871166746525"><ele>378.89409351042</ele></trkpt>
<trkpt lat="36.58116685114999" lon="-94.14881162450064"><ele>378.57385271568944</ele></trkpt>
<trkpt lat="36.58125166763849" lon="-94.14890790416793"><ele>378.1919825072886</ele></trkpt>
<trkpt lat="36.58132149562683" lon="-94.1490081958021"><ele>377.69679300291546</ele></trkpt>
<trkpt lat="36.58138387941668" lon="-94.14912371665834"><ele>377.031433090579</ele></trkpt>
<trkpt lat="36.581445574529994" lon="-94.14926104761497"><ele>376.17538822701334</ele></trkpt>
<trkpt lat="36.581508819547935" lon="-94.14941593011584"><ele>375.17888247009563</ele></trkpt>
<trkpt lat="36.58157076639193" lon="-94.14957256972927"><ele>374.16686592920536</ele></trkpt>
<trkpt lat="36.58162733815044" lon="-94.14971407692803"><ele>373.2698954596536</ele></trkpt>
<trkpt lat="36.58167716666667" lon="-94.14983247853999"><ele>372.55833333333334</ele></trkpt>
<trkpt lat="36.58172335116599" lon="-94.14993299992479"><ele>372.0109310699589</ele></trkpt>
<trkpt lat="36.58177023936901" lon="-94.15002516088606"><ele>371.5662294238683</ele></trkpt>
<trkpt lat="36.581820423868315" lon="-94.15011362583851"><ele>371.1749228395062</ele></trkpt>
<trkpt lat="36.581874733196166" lon="-94.15019464782978"><ele>370.82602880658436</ele></trkpt>
<trkpt lat="36.581935696844994" lon="-94.15026141058799"><ele>370.52605452674896</ele></trkpt>
<trkpt lat="36.5820105" lon="-94.15031029139803"><ele>370.2729166666667</ele></trkpt>
<trkpt lat="36.58210850222908" lon="-94.1503432293683"><ele>370.04755658436216</ele></trkpt>
<trkpt lat="36.58223386402606" lon="-94.15036508552814"><ele>369.8298353909466</ele></trkpt>
<trkpt lat="36.58237847890946" lon="-94.15038025341761"><ele>369.61905864197536</ele></trkpt>
<trkpt lat="36.582523908779145" lon="-94.15039074762905"><ele>369.4407150205762</ele></trkpt>
<trkpt lat="36.5826520516118" lon="-94.15039665544008"><ele>369.3336676954733</ele></trkpt>
<trkpt lat="36.58275570833333" lon="-94.15039716665271"><ele>369.33333333333337</ele></trkpt>
<trkpt lat="36.58283997162209" lon="-94.15039171412417"><ele>369.4563185871056</ele></trkpt>
<trkpt lat="36.58291439926269" lon="-94.15038044136598"><ele>369.688640260631</ele></trkpt>
<trkpt lat="36.582985030607" lon="-94.15036407291664"><ele>369.9731224279836</ele></trkpt>
<trkpt lat="36.583052310528124" lon="-94.15034272307498"><ele>370.21186556927296</ele></trkpt>
<trkpt lat="36.58311530186901" lon="-94.15031445196995"><ele>370.28810871056237</ele></trkpt>
<trkpt lat="36.58317631250001" lon="-94.15027443787086"><ele>370.09375</ele></trkpt>
<trkpt lat="36.58324112097052" lon="-94.15021709323824"><ele>369.5624914266118</ele></trkpt>
<trkpt lat="36.58331443792868" lon="-94.15014037283036"><ele>368.6998285322359</ele></trkpt>
<trkpt lat="36.58339523791153" lon="-94.15004957054062"><ele>367.60552983539094</ele></trkpt>
<trkpt lat="36.58347729363856" lon="-94.1499554832317"><ele>366.4355538408779</ele></trkpt>
<trkpt lat="36.58355489566188" lon="-94.14986755326909"><ele>365.31465192043896</ele></trkpt>
<trkpt lat="36.58362841666668" lon="-94.14978741733422"><ele>364.2583333333334</ele></trkpt>
<trkpt lat="36.583703954989716" lon="-94.14970928106655"><ele>363.185768175583</ele></trkpt>
<trkpt lat="36.583787205504116" lon="-94.14962682231497"><ele>362.0141289437586</ele></trkpt>
<trkpt lat="36.58387739737654" lon="-94.14954005486325"><ele>360.74804526748966</ele></trkpt>
<trkpt lat="36.583967414609056" lon="-94.14945593184048"><ele>359.47863511659807</ele></trkpt>
<trkpt lat="36.58405006918725" lon="-94.14938249700957"><ele>358.29564471879286</ele></trkpt>
<trkpt lat="36.584124395833335" lon="-94.14932270879541"><ele>357.2</ele></trkpt>
<trkpt lat="36.584196462364204" lon="-94.14927295842848"><ele>356.09528532235936</ele></trkpt>
<trkpt lat="36.58427324597531" lon="-94.14922745744187"><ele>354.8812002743484</ele></trkpt>
<trkpt lat="36.58435677883334" lon="-94.14918283300746"><ele>353.5425596707819</ele></trkpt>
<trkpt lat="36.58444249867284" lon="-94.14914010992567"><ele>352.1733237311385</ele></trkpt>
<trkpt lat="36.58452609582099" lon="-94.14910142621159"><ele>350.86540877914956</ele></trkpt>
<trkpt lat="36.584607892" lon="-94.14906727593565"><ele>349.63231111111116</ele></trkpt>
<trkpt lat="36.584692329333336" lon="-94.14903556185592"><ele>348.40653333333336</ele></trkpt>
<trkpt lat="36.58478016400001" lon="-94.14900438200556"><ele>347.15506666666664</ele></trkpt>
<trkpt lat="36.584866576" lon="-94.14897300096015"><ele>345.9122222222222</ele></trkpt>
<trkpt lat="36.584946158666675" lon="-94.14894060036231"><ele>344.71586666666667</ele></trkpt>
<trkpt lat="36.585019049481495" lon="-94.14890481801038"><ele>343.53087407407406</ele></trkpt>
<trkpt lat="36.58508985140741" lon="-94.1488629700467"><ele>342.2792592592593</ele></trkpt>
<trkpt lat="36.585160633777775" lon="-94.14881484029247"><ele>340.94915555555554</ele></trkpt>
<trkpt lat="36.585228240296296" lon="-94.14876218384228"><ele>339.61761481481483</ele></trkpt>
<trkpt lat="36.58528820503704" lon="-94.1487048891635"><ele>338.3610962962963</ele></trkpt>
<trkpt lat="36.58534003703703" lon="-94.14863911139854"><ele>337.1679851851852</ele></trkpt>
<trkpt lat="36.58538743585184" lon="-94.14856104343252"><ele>335.9711703703703</ele></trkpt>
<trkpt lat="36.585433964444434" lon="-94.14847376033882"><ele>334.77515555555556</ele></trkpt>
<trkpt lat="36.585481283407404" lon="-94.14838777053652"><ele>333.707037037037</ele></trkpt>
<trkpt lat="36.585531379259265" lon="-94.14831411582288"><ele>332.9466518518518</ele></trkpt>
<trkpt lat="36.58558753088392" lon="-94.14825718216166"><ele>332.59644954108626</ele></trkpt>
<trkpt lat="36.58565205261203" lon="-94.14821354505311"><ele>332.61967692473814</ele></trkpt>
<trkpt lat="36.585720913716884" lon="-94.14817699821512"><ele>332.86325649497894</ele></trkpt>
<trkpt lat="36.58578587945104" lon="-94.14814086645023"><ele>333.1359653601123</ele></trkpt>
<trkpt lat="36.58583843931282" lon="-94.14809815356445"><ele>333.2667391426412</ele></trkpt>
<trkpt lat="36.585875483965026" lon="-94.14803950593205"><ele>333.13615160349855</ele></trkpt>
<trkpt lat="36.58589792419826" lon="-94.1479538819609"><ele>332.65976676384844</ele></trkpt>
<trkpt lat="36.58590896253105" lon="-94.14783210190079"><ele>331.7928301479322</ele></trkpt>
<trkpt lat="36.585912008314445" lon="-94.14767319503078"><ele>330.5563762012742</ele></trkpt>
<trkpt lat="36.585910784580506" lon="-94.14748980131499"><ele>329.07722708130876</ele></trkpt>
<trkpt lat="36.585909194255485" lon="-94.1473052188444"><ele>327.55932404707914</ele></trkpt>
<trkpt lat="36.58591098909405" lon="-94.14714225546317"><ele>326.1906273620559</ele></trkpt>
<trkpt lat="36.585919483965014" lon="-94.14701222748178"><ele>325.05481049562684</ele></trkpt>
<trkpt lat="36.585937536443154" lon="-94.14691237481772"><ele>324.11457725947525</ele></trkpt>
<trkpt lat="36.585967732838355" lon="-94.14683160815247"><ele>323.26247260555016</ele></trkpt>
<trkpt lat="36.58601067316877" lon="-94.14675858788279"><ele>322.40073931540877</ele></trkpt>
<trkpt lat="36.586063429512144" lon="-94.14668694424864"><ele>321.49504930353095</ele></trkpt>
<trkpt lat="36.58611823340459" lon="-94.14661749964723"><ele>320.6017125580391</ele></trkpt>
<trkpt lat="36.58616706775251" lon="-94.14655324606552"><ele>319.7991049346723</ele></trkpt>
<trkpt lat="36.58620527511111" lon="-94.14649543054367"><ele>319.1320592592593</ele></trkpt>
<trkpt lat="36.586233891111114" lon="-94.14644085374562"><ele>318.57411851851856</ele></trkpt>
<trkpt lat="36.586255428000015" lon="-94.14638631785955"><ele>318.09137777777784</ele></trkpt>
<trkpt lat="36.58627088622223" lon="-94.14632977011998"><ele>317.67905185185185</ele></trkpt>
<trkpt lat="36.58627875955556" lon="-94.14626832814167"><ele>317.3613925925926</ele></trkpt>
<trkpt lat="36.58627735096297" lon="-94.1461963377038"><ele>317.15114074074074</ele></trkpt>
<trkpt lat="36.586266765037045" lon="-94.14610881719312"><ele>317.0343703703704</ele></trkpt>
<trkpt lat="36.58624933822223" lon="-94.14600770648269"><ele>316.9896888888889</ele></trkpt>
<trkpt lat="36.5862282325926" lon="-94.14590099135182"><ele>317.01254814814814</ele></trkpt>
<trkpt lat="36.5862050931852" lon="-94.1457943464399"><ele>317.12625185185186</ele></trkpt>
<trkpt lat="36.586179249925934" lon="-94.14568524535167"><ele>317.36457777777775</ele></trkpt>
<trkpt lat="36.58614943496297" lon="-94.14556752780726"><ele>317.7385777777778</ele></trkpt>
<trkpt lat="36.586116819111126" lon="-94.14544298719325"><ele>318.2076</ele></trkpt>
<trkpt lat="36.58608559718519" lon="-94.14532438161739"><ele>318.68955555555556</ele></trkpt>
<trkpt lat="36.58606053881482" lon="-94.14522691653544"><ele>319.10768888888884</ele></trkpt>
<trkpt lat="36.58604380662268" lon="-94.14515702438383"><ele>319.4344361111111</ele></trkpt>
<trkpt lat="36.5860386635139" lon="-94.14513362436693"><ele>319.63718725205905</ele></trkpt>
<trkpt lat="36.58601992788125" lon="-94.14508635913326"><ele>320.07772519058483</ele></trkpt>
<trkpt lat="36.58598837327838" lon="-94.14505123221014"><ele>320.51826312911066</ele></trkpt>
<trkpt lat="36.585948564305546" lon="-94.14503332495622"><ele>320.95880106763644</ele></trkpt>
<trkpt lat="36.5859143152963" lon="-94.14502664962438"><ele>321.3195851851852</ele></trkpt>
<trkpt lat="36.58584033192361" lon="-94.14501915810999"><ele>322.0259527777778</ele></trkpt>
<trkpt lat="36.58576064001158" lon="-94.14501242546677"><ele>322.7063101851852</ele></trkpt>
<trkpt lat="36.58568399162732" lon="-94.14500311175222"><ele>323.2297009259259</ele></trkpt>
<trkpt lat="36.58561005318519" lon="-94.14498847603103"><ele>323.5411851851851</ele></trkpt>
<trkpt lat="36.58553405348149" lon="-94.1449675925787"><ele>323.6643259259259</ele></trkpt>
<trkpt lat="36.5854548848889" lon="-94.14494279359998"><ele>323.6662222222222</ele></trkpt>
<trkpt lat="36.58537807303704" lon="-94.14491934548187"><ele>323.610637037037</ele></trkpt>
<trkpt lat="36.585310115407424" lon="-94.1449030716186"><ele>323.53762962962963</ele></trkpt>
<trkpt lat="36.585251971344924" lon="-94.14489762741462"><ele>323.46102476851854</ele></trkpt>
<trkpt lat="36.5851989629051" lon="-94.14490324879583"><ele>323.37922800925924</ele></trkpt>
<trkpt lat="36.5851454808264" lon="-94.14491791124459"><ele>323.2887451388889</ele></trkpt>
<trkpt lat="36.58508772781482" lon="-94.14493953217982"><ele>323.19022037037035</ele></trkpt>
<trkpt lat="36.585022542837976" lon="-94.14496768183301"><ele>323.08460578703705</ele></trkpt>
<trkpt lat="36.58494789756945" lon="-94.1450024035598"><ele>322.9735821759259</ele></trkpt>
<trkpt lat="36.58486595052084" lon="-94.14504152192632"><ele>322.86649305555557</ele></trkpt>
<trkpt lat="36.58478391927084" lon="-94.14507982629686"><ele>322.78747106481484</ele></trkpt>
<trkpt lat="36.58470906436806" lon="-94.14511195236412"><ele>322.76355023148153</ele></trkpt>
<trkpt lat="36.584643953777785" lon="-94.14513513012267"><ele>322.805387037037</ele></trkpt>
<trkpt lat="36.584588022625006" lon="-94.1451481843098"><ele>322.89191180555554</ele></trkpt>
<trkpt lat="36.58454139020834" lon="-94.14514768072918"><ele>322.9813391203703</ele></trkpt>
<trkpt lat="36.58450561218057" lon="-94.1451258042028"><ele>323.02969143518516</ele></trkpt>
<trkpt lat="36.58448062488889" lon="-94.14507381668449"><ele>323.0114222222222</ele></trkpt>
<trkpt lat="36.58446393644445" lon="-94.14498920095943"><ele>322.92502222222225</ele></trkpt>
<trkpt lat="36.58445229866667" lon="-94.14488166080682"><ele>322.7924</ele></trkpt>
<trkpt lat="36.58444372177778" lon="-94.14477014007886"><ele>322.6468444444444</ele></trkpt>
<trkpt lat="36.58443747822223" lon="-94.14467194113811"><ele>322.5163111111111</ele></trkpt>
<trkpt lat="36.58443324254862" lon="-94.14459291618186"><ele>322.41083541666666</ele></trkpt>
<trkpt lat="36.584430549479166" lon="-94.14452750727851"><ele>322.32415625</ele></trkpt>
<trkpt lat="36.5844289144375" lon="-94.14446615636918"><ele>322.24536874999995</ele></trkpt>
<trkpt lat="36.58442812355557" lon="-94.14440026016631"><ele>322.1670333333333</ele></trkpt>
<trkpt lat="36.58442869453018" lon="-94.14423467018672"><ele>321.996030521262</ele></trkpt>
<trkpt lat="36.584428173450355" lon="-94.14413740861161"><ele>321.89112332818934</ele></trkpt>
<trkpt lat="36.58442333448002" lon="-94.14404053486885"><ele>321.7514221107682</ele></trkpt>
<trkpt lat="36.584409105463386" lon="-94.14395007462682"><ele>321.54030885631005</ele></trkpt>
<trkpt lat="36.584379125" lon="-94.14386158284006"><ele>321.2</ele></trkpt>
<trkpt lat="36.58432845216149" lon="-94.14376576588317"><ele>320.68023031670043</ele></trkpt>
<trkpt lat="36.58425663310498" lon="-94.14365620342224"><ele>319.97447099945214</ele></trkpt>
<trkpt lat="36.58417022709781" lon="-94.14353800764907"><ele>319.1555165628862</ele></trkpt>
<trkpt lat="36.584078634018304" lon="-94.14342398546954"><ele>318.34394693797566</ele></trkpt>
<trkpt lat="36.583988093542914" lon="-94.14332729859284"><ele>317.6534801457326</ele></trkpt>
<trkpt lat="36.58389620699709" lon="-94.14325344821543"><ele>317.13425655976675</ele></trkpt>
<trkpt lat="36.58379328279884" lon="-94.14320035653647"><ele>316.7769679300292</ele></trkpt>
<trkpt lat="36.58366820602527" lon="-94.14316185649847"><ele>316.539979483857</ele></trkpt>
<trkpt lat="36.583516400712675" lon="-94.1431319722142"><ele>316.3796998164345</ele></trkpt>
<trkpt lat="36.58334524586977" lon="-94.14310680286124"><ele>316.26230968577903</ele></trkpt>
<trkpt lat="36.58317110592809" lon="-94.14308470242968"><ele>316.165867616888</ele></trkpt>
<trkpt lat="36.5830091143505" lon="-94.1430652903892"><ele>316.07707051074397</ele></trkpt>
<trkpt lat="36.5827246734694" lon="-94.14303172267805"><ele>315.87886297376093</ele></trkpt>
<trkpt lat="36.58241708827341" lon="-94.1429955472692"><ele>315.5845211100313</ele></trkpt>
<trkpt lat="36.58224376044704" lon="-94.14297586898294"><ele>315.4061548428895</ele></trkpt>
<trkpt lat="36.58207513022352" lon="-94.14295852124631"><ele>315.2382626066299</ele></trkpt>
<trkpt lat="36.581929345157114" lon="-94.1429475094988"><ele>315.11225569592915</ele></trkpt>
<trkpt lat="36.581816167638486" lon="-94.14294646780839"><ele>315.05233236151605</ele></trkpt>
<trkpt lat="36.58173374052478" lon="-94.14295800147363"><ele>315.07113702623906</ele></trkpt>
<trkpt lat="36.5816730209986" lon="-94.14298397657316"><ele>315.17424062196307</ele></trkpt>
<trkpt lat="36.58162367599266" lon="-94.1430241009036"><ele>315.3585030126336</ele></trkpt>
<trkpt lat="36.58157747913574" lon="-94.14307457328051"><ele>315.6118903790088</ele></trkpt>
<trkpt lat="36.58152901810604" lon="-94.14312675389748"><ele>315.9133138969874</ele></trkpt>
<trkpt lat="36.58147265632092" lon="-94.14317163819152"><ele>316.2564019436346</ele></trkpt>
<trkpt lat="36.581403866923324" lon="-94.1432035784446"><ele>316.6459033854167</ele></trkpt>
<trkpt lat="36.58132068804543" lon="-94.14322320374805"><ele>317.0882122395833</ele></trkpt>
<trkpt lat="36.58122943379601" lon="-94.14323394029508"><ele>317.55130546874994</ele></trkpt>
<trkpt lat="36.58113872916436" lon="-94.14323921110227"><ele>317.9855895833333</ele></trkpt>
<trkpt lat="36.581054614961516" lon="-94.14324033321148"><ele>318.34385651041663</ele></trkpt>
<trkpt lat="36.58097369433594" lon="-94.1432372147012"><ele>318.61767578124994</ele></trkpt>
<trkpt lat="36.5808874453125" lon="-94.14322896845806"><ele>318.81953125</ele></trkpt>
<trkpt lat="36.58078495410157" lon="-94.14321444091851"><ele>318.97216796875</ele></trkpt>
<trkpt lat="36.58065805649594" lon="-94.14319281009674"><ele>319.09386935763894</ele></trkpt>
<trkpt lat="36.58050499634693" lon="-94.14316452859721"><ele>319.1997178819445</ele></trkpt>
<trkpt lat="36.58033472677951" lon="-94.14313219902992"><ele>319.2993815104167</ele></trkpt>
<trkpt lat="36.58016484313513" lon="-94.1431002099201"><ele>319.39799262152775</ele></trkpt>
<trkpt lat="36.58001309989873" lon="-94.14307309006298"><ele>319.50024956597224</ele></trkpt>
<trkpt lat="36.579888879882816" lon="-94.14305382083441"><ele>319.6146484375</ele></trkpt>
<trkpt lat="36.579791007812496" lon="-94.14304336694794"><ele>319.75468750000005</ele></trkpt>
<trkpt lat="36.57971195605468" lon="-94.1430414677063"><ele>319.9369140625</ele></trkpt>
<trkpt lat="36.57964248179245" lon="-94.14304733498747"><ele>320.1761853091931</ele></trkpt>
<trkpt lat="36.57957532801955" lon="-94.14305963753094"><ele>320.47324381141345</ele></trkpt>
<trkpt lat="36.57950669045944" lon="-94.14307614367968"><ele>320.80153902706917</ele></trkpt>
<trkpt lat="36.579436350445064" lon="-94.1430937785991"><ele>321.1004267939815</ele></trkpt>
<trkpt lat="36.57936418449102" lon="-94.14310969680517"><ele>321.2926021884448</ele></trkpt>
<trkpt lat="36.579286896501465" lon="-94.14312221147757"><ele>321.30510204081634</ele></trkpt>
<trkpt lat="36.57919619533528" lon="-94.14313123769513"><ele>321.0857142857143</ele></trkpt>
<trkpt lat="36.57908302877661" lon="-94.14313758062848"><ele>320.6103120613325</ele></trkpt>
<trkpt lat="36.578944018032615" lon="-94.14314212700025"><ele>319.90175467012205</ele></trkpt>
<trkpt lat="36.578787358438625" lon="-94.14314507213295"><ele>319.04969225785555</ele></trkpt>
<trkpt lat="36.57863045794191" lon="-94.14314558726915"><ele>318.19710614404494</ele></trkpt>
<trkpt lat="36.57849062514848" lon="-94.14314184160602"><ele>317.4867616888025</ele></trkpt>
<trkpt lat="36.578375787172014" lon="-94.14313132493915"><ele>317.0077259475219</ele></trkpt>
<trkpt lat="36.57828220262392" lon="-94.14311126651327"><ele>316.7820699708455</ele></trkpt>
<trkpt lat="36.578200554675384" lon="-94.14307986306086"><ele>316.7850933813506</ele></trkpt>
<trkpt lat="36.578122569723575" lon="-94.14303769209405"><ele>316.964636078886</ele></trkpt>
<trkpt lat="36.57804538089134" lon="-94.1429890349058"><ele>317.2487146830458</ele></trkpt>
<trkpt lat="36.57796940209363" lon="-94.14294016873218"><ele>317.5612980509664</ele></trkpt>
<trkpt lat="36.57789466210295" lon="-94.14289664414129"><ele>317.8424546443081</ele></trkpt>
<trkpt lat="36.57781697558594" lon="-94.14286057865822"><ele>318.0650390624999</ele></trkpt>
<trkpt lat="36.57772819531251" lon="-94.14283100735148"><ele>318.228125</ele></trkpt>
<trkpt lat="36.577617922851566" lon="-94.14280525629823"><ele>318.3443359375</ele></trkpt>
<trkpt lat="36.57747768876592" lon="-94.14278061819682"><ele>318.4283022280093</ele></trkpt>
<trkpt lat="36.57730612145544" lon="-94.14275533535447"><ele>318.4925094039352</ele></trkpt>
<trkpt lat="36.5771135578342" lon="-94.14272926720322"><ele>318.54525824652774</ele></trkpt>
<trkpt lat="36.57691939087819" lon="-94.14270365523299"><ele>318.58993778935184</ele></trkpt>
<trkpt lat="36.57674235239439" lon="-94.14267992895837"><ele>318.62660951967587</ele></trkpt>
<trkpt lat="36.57659099414063" lon="-94.14265845550693"><ele>318.65458984375</ele></trkpt>
<trkpt lat="36.57646153125001" lon="-94.14263816357612"><ele>318.67421874999997</ele></trkpt>
<trkpt lat="36.57634284960938" lon="-94.14261709814099"><ele>318.68681640625</ele></trkpt>
<trkpt lat="36.57622303186488" lon="-94.14259334869755"><ele>318.6941008391203</ele></trkpt>
<trkpt lat="36.57609506166811" lon="-94.14256597076783"><ele>318.69751157407404</ele></trkpt>
<trkpt lat="36.575960178276915" lon="-94.14253550150343"><ele>318.6977322048611</ele></trkpt>
<trkpt lat="36.57582644914641" lon="-94.14250333421458"><ele>318.69409360532404</ele></trkpt>
<trkpt lat="36.57570241771557" lon="-94.14247016192978"><ele>318.6843352141203</ele></trkpt>
<trkpt lat="36.57559060839844" lon="-94.14243463106466"><ele>318.66484375</ele></trkpt>
<trkpt lat="36.5754857421875" lon="-94.14239324120345"><ele>318.63124999999997</ele></trkpt>
<trkpt lat="36.57537780566406" lon="-94.14234128089163"><ele>318.57890625</ele></trkpt>
<trkpt lat="36.57525703964121" lon="-94.14227478794844"><ele>318.5045392071759</ele></trkpt>
<trkpt lat="36.575119289243354" lon="-94.14219312383779"><ele>318.40921947337955</ele></trkpt>
<trkpt lat="36.574969849392374" lon="-94.14210106997194"><ele>318.30144314236105</ele></trkpt>
<trkpt lat="36.57482185499856" lon="-94.14200743762088"><ele>318.1961226851851</ele></trkpt>
<trkpt lat="36.57468903703704" lon="-94.14192038685832"><ele>318.10918330439813</ele></trkpt>
<trkpt lat="36.57457829980469" lon="-94.14184294095145"><ele>318.05185546875</ele></trkpt>
<trkpt lat="36.5744876640625" lon="-94.14177208478648"><ele>318.02890625</ele></trkpt>
<trkpt lat="36.574409754882815" lon="-94.1417012518996"><ele>318.04111328125</ele></trkpt>
<trkpt lat="36.57433537633826" lon="-94.14162273555523"><ele>318.08790388695985</ele></trkpt>
<trkpt lat="36.574257491608805" lon="-94.14153177809342"><ele>318.1658275462963</ele></trkpt>
<trkpt lat="36.57417307237413" lon="-94.14142924735224"><ele>318.2661494502315</ele></trkpt>
<trkpt lat="36.57408464362703" lon="-94.1413239969701"><ele>318.3728889371142</ele></trkpt>
<trkpt lat="36.57399502347367" lon="-94.14122625943281"><ele>318.47005570023146</ele></trkpt>
<trkpt lat="36.5739026875" lon="-94.14114154080929"><ele>318.5479166666667</ele></trkpt>
<trkpt lat="36.573800077932106" lon="-94.14106629447136"><ele>318.60751886145414</ele></trkpt>
<trkpt lat="36.57368133641977" lon="-94.1409941198248"><ele>318.65392661179703</ele></trkpt>
<trkpt lat="36.57354969212963" lon="-94.14092185263753"><ele>318.6887602880659</ele></trkpt>
<trkpt lat="36.57341752391975" lon="-94.14085188915162"><ele>318.70446673525385</ele></trkpt>
<trkpt lat="36.57329699459877" lon="-94.1407875754252"><ele>318.6856052812072</ele></trkpt>
<trkpt lat="36.57319075" lon="-94.14072831181133"><ele>318.61250000000007</ele></trkpt>
<trkpt lat="36.57309243935668" lon="-94.14066984975022"><ele>318.47244593407066</ele></trkpt>
<trkpt lat="36.57299452736786" lon="-94.14060844043517"><ele>318.2689731760117</ele></trkpt>
<trkpt lat="36.57280195466821" lon="-94.14048494095516"><ele>317.79520533264747</ele></trkpt>
<trkpt lat="36.57271458084973" lon="-94.14043129513652"><ele>317.5975713198731</ele></trkpt>
<trkpt lat="36.57263106835938" lon="-94.1403842219421"><ele>317.4509765625</ele></trkpt>
<trkpt lat="36.572543578125" lon="-94.1403404991713"><ele>317.35468749999995</ele></trkpt>
<trkpt lat="36.57244179101563" lon="-94.14029527628449"><ele>317.3005859375</ele></trkpt>
<trkpt lat="36.57231746050347" lon="-94.14024448880055"><ele>317.28017578124997</ele></trkpt>
<trkpt lat="36.572168647786455" lon="-94.14018648433851"><ele>317.2842990451388</ele></trkpt>
<trkpt lat="36.57200406380208" lon="-94.14012372396829"><ele>317.30309244791664</ele></trkpt>
<trkpt lat="36.57158688476563" lon="-94.13996619052136"><ele>317.36533203125</ele></trkpt>
<trkpt lat="36.57145303710938" lon="-94.13991505829809"><ele>317.37607421875</ele></trkpt>
<trkpt lat="36.571393955439824" lon="-94.1398909142945"><ele>317.3583622685185</ele></trkpt>
<trkpt lat="36.57135689040799" lon="-94.13987338670839"><ele>317.3229636863426</ele></trkpt>
<trkpt lat="36.57131363425926" lon="-94.13985194443097"><ele>317.3076388888889</ele></trkpt>
<trkpt lat="36.57125166666667" lon="-94.13982217590515"><ele>317.35625</ele></trkpt>
<trkpt lat="36.5711563846022" lon="-94.13977715962427"><ele>317.5394032921811</ele></trkpt>
<trkpt lat="36.57111693158437" lon="-94.13975566871608"><ele>317.6448302469135</ele></trkpt>
<trkpt lat="36.57107696073388" lon="-94.13973127398177"><ele>317.7446502057613</ele></trkpt>
<trkpt lat="36.5710190192044" lon="-94.13969737051588"><ele>317.85534979423863</ele></trkpt>
<trkpt lat="36.57096951903293" lon="-94.13966909721094"><ele>317.95493827160493</ele></trkpt>
<trkpt lat="36.570926830418394" lon="-94.13964287807389"><ele>318.05018004115226</ele></trkpt>
<trkpt lat="36.570879143518525" lon="-94.13961208331965"><ele>318.13958333333335</ele></trkpt>
<trkpt lat="36.57082631944444" lon="-94.13957680554844"><ele>318.22685185185185</ele></trkpt>
<trkpt lat="36.57078143518519" lon="-94.1395487499796"><ele>318.30254629629627</ele></trkpt>
<trkpt lat="36.57075300925926" lon="-94.13952888886544"><ele>318.35023148148144</ele></trkpt>
<trkpt lat="36.570726111111114" lon="-94.13950754627591"><ele>318.4</ele></trkpt>
<trkpt lat="36.57070333076133" lon="-94.13948720848965"><ele>318.4495884773662</ele></trkpt>
<trkpt lat="36.570664413580246" lon="-94.13945137087019"><ele>318.54506172839507</ele></trkpt>
<trkpt lat="36.57064292566872" lon="-94.13943391276736"><ele>318.5926440329218</ele></trkpt>
<trkpt lat="36.57058957947531" lon="-94.13939394446541"><ele>318.7021604938272</ele></trkpt>
<trkpt lat="36.57055648662551" lon="-94.13936822180523"><ele>318.7716563786008</ele></trkpt>
<trkpt lat="36.57051630561986" lon="-94.13933473581261"><ele>318.8594200102881</ele></trkpt>
<trkpt lat="36.5704667332176" lon="-94.13929108777641"><ele>318.9714699074075</ele></trkpt>
<trkpt lat="36.57041016493056" lon="-94.13923983485556"><ele>319.10329861111114</ele></trkpt>
<trkpt lat="36.570305141032236" lon="-94.1391436663888"><ele>319.3712962962963</ele></trkpt>
<trkpt lat="36.57019627911094" lon="-94.13904466637955"><ele>319.74828750000006</ele></trkpt>
<trkpt lat="36.570115840329215" lon="-94.13897026721543"><ele>320.0277925925926</ele></trkpt>
<trkpt lat="36.57002753196159" lon="-94.13888733235957"><ele>320.3141432098766</ele></trkpt>
<trkpt lat="36.56990957777778" lon="-94.13877569882887"><ele>320.70250370370377</ele></trkpt>
<trkpt lat="36.56966929166667" lon="-94.13854771171238"><ele>321.5143111111111</ele></trkpt>
<trkpt lat="36.569631862592594" lon="-94.13851266516407"><ele>321.65442962962965</ele></trkpt>
<trkpt lat="36.56958126018519" lon="-94.1384680925395"><ele>321.7805925925926</ele></trkpt>
<trkpt lat="36.569554537592595" lon="-94.13844351173857"><ele>321.82958518518524</ele></trkpt>
<trkpt lat="36.56946542814815" lon="-94.13835837302605"><ele>321.98973333333333</ele></trkpt>
<trkpt lat="36.56933769481482" lon="-94.13823506187524"><ele>322.21026666666666</ele></trkpt>
<trkpt lat="36.569275500740744" lon="-94.13817534636749"><ele>322.30266666666665</ele></trkpt>
<trkpt lat="36.56921724000001" lon="-94.13811995232307"><ele>322.36960000000005</ele></trkpt>
<trkpt lat="36.56915934222222" lon="-94.13806549602478"><ele>322.4157777777778</ele></trkpt>
<trkpt lat="36.56903972" lon="-94.13795387823961"><ele>322.49359999999996</ele></trkpt>
<trkpt lat="36.56891924000001" lon="-94.13784114781512"><ele>322.65</ele></trkpt>
<trkpt lat="36.568852760000006" lon="-94.13777858478966"><ele>322.786</ele></trkpt>
<trkpt lat="36.568715680000004" lon="-94.13764922927942"><ele>323.11400000000003</ele></trkpt>
<trkpt lat="36.568606693518525" lon="-94.13754610087884"><ele>323.41051851851853</ele></trkpt>
<trkpt lat="36.56857565296297" lon="-94.13751669166071"><ele>323.5505833333333</ele></trkpt>
<trkpt lat="36.56854013599538" lon="-94.13748513887045"><ele>323.63938078703706</ele></trkpt>
<trkpt lat="36.56848944155093" lon="-94.1374385647791"><ele>323.69100115740736</ele></trkpt>
<trkpt lat="36.568388140555555" lon="-94.13734115189548"><ele>323.72946296296294</ele></trkpt>
<trkpt lat="36.56828895729167" lon="-94.13724657014384"><ele>323.76427893518513</ele></trkpt>
<trkpt lat="36.568232942986114" lon="-94.13719357488328"><ele>323.7742627314815</ele></trkpt>
<trkpt lat="36.56809203703704" lon="-94.13706138313002"><ele>323.7651111111111</ele></trkpt>
<trkpt lat="36.56792327703704" lon="-94.13690392982829"><ele>323.73488888888886</ele></trkpt>
<trkpt lat="36.56780690740741" lon="-94.13679632999366"><ele>323.726287037037</ele></trkpt>
<trkpt lat="36.567739111111116" lon="-94.13673575239596"><ele>323.7758611111111</ele></trkpt>
<trkpt lat="36.56770058738426" lon="-94.13669584779103"><ele>323.8000868055555</ele></trkpt>
<trkpt lat="36.56768463252315" lon="-94.13668046004966"><ele>323.80164930555554</ele></trkpt>
<trkpt lat="36.56759618055556" lon="-94.1365986312335"><ele>323.83029513888886</ele></trkpt>
<trkpt lat="36.56744502314816" lon="-94.13645469903692"><ele>323.8967592592593</ele></trkpt>
<trkpt lat="36.567427453703715" lon="-94.13643833042356"><ele>323.90853587962965</ele></trkpt>
<trkpt lat="36.56736462962962" lon="-94.13638194441931"><ele>323.94629629629634</ele></trkpt>
<trkpt lat="36.56733815243484" lon="-94.13635711760155"><ele>323.93944615912204</ele></trkpt>
<trkpt lat="36.56729313786009" lon="-94.13631350564073"><ele>323.902366255144</ele></trkpt>
<trkpt lat="36.567248188443074" lon="-94.13627103476907"><ele>323.8425497256515</ele></trkpt>
<trkpt lat="36.56718799725651" lon="-94.13621515770619"><ele>323.7443072702332</ele></trkpt>
<trkpt lat="36.56711282611026" lon="-94.13614397856198"><ele>323.6042277520577</ele></trkpt>
<trkpt lat="36.5670604041281" lon="-94.13609537771907"><ele>323.43681520061733</ele></trkpt>
<trkpt lat="36.56702938014404" lon="-94.13606684321384"><ele>323.21422325102884</ele></trkpt>
<trkpt lat="36.56699379115227" lon="-94.1360337678012"><ele>322.7865869341564</ele></trkpt>
<trkpt lat="36.56695194444445" lon="-94.13599439512369"><ele>322.10219907407406</ele></trkpt>
<trkpt lat="36.56690549479166" lon="-94.13595032971512"><ele>321.2186631944445</ele></trkpt>
<trkpt lat="36.56682051793981" lon="-94.13586904215903"><ele>319.4171585648148</ele></trkpt>
<trkpt lat="36.56676236111111" lon="-94.1358132378159"><ele>318.016087962963</ele></trkpt>
<trkpt lat="36.56673831018519" lon="-94.1357909635193"><ele>317.4894675925926</ele></trkpt>
<trkpt lat="36.56671458333333" lon="-94.13576958041996"><ele>317.1302083333333</ele></trkpt>
<trkpt lat="36.56669002314815" lon="-94.1357473379404"><ele>316.9710648148148</ele></trkpt>
<trkpt lat="36.566664074074076" lon="-94.13572303238203"><ele>316.9678240740741</ele></trkpt>
<trkpt lat="36.56663831018519" lon="-94.13569805553188"><ele>317.06388888888887</ele></trkpt>
<trkpt lat="36.566596898148156" lon="-94.13565689813822"><ele>317.34375000000006</ele></trkpt>
<trkpt lat="36.56657243055557" lon="-94.13563268518158"><ele>317.57314814814816</ele></trkpt>
<trkpt lat="36.56652875" lon="-94.13559374998233"><ele>317.97314814814814</ele></trkpt>
<trkpt lat="36.56647812242799" lon="-94.13554709445343"><ele>318.48970336076815</ele></trkpt>
<trkpt lat="36.566432746913584" lon="-94.13550350564009"><ele>319.03369341563786</ele></trkpt>
<trkpt lat="36.566411437757196" lon="-94.13548392744264"><ele>319.3284893689986</ele></trkpt>
<trkpt lat="36.56632456104252" lon="-94.13540762684418"><ele>320.5824417009602</ele></trkpt>
<trkpt lat="36.56629949245542" lon="-94.13538422493848"><ele>320.9255829903978</ele></trkpt>
<trkpt lat="36.5662796090535" lon="-94.1353642180854"><ele>321.15699588477366</ele></trkpt>
<trkpt lat="36.56623567999217" lon="-94.13531954469"><ele>321.48331453686706</ele></trkpt>
<trkpt lat="36.56620641387419" lon="-94.13529137167099"><ele>321.6532279931373</ele></trkpt>
<trkpt lat="36.56613765824025" lon="-94.13522682667228"><ele>321.99192111882974</ele></trkpt>
<trkpt lat="36.566092857142856" lon="-94.13518485365094"><ele>322.1679300291546</ele></trkpt>
<trkpt lat="36.56594619695499" lon="-94.13504708735118"><ele>322.6582010582011</ele></trkpt>
<trkpt lat="36.56571036929058" lon="-94.13482533636427"><ele>323.3975380628442</ele></trkpt>
<trkpt lat="36.565342536443154" lon="-94.13447925602945"><ele>324.5294460641399</ele></trkpt>
<trkpt lat="36.56529007187399" lon="-94.13442953187933"><ele>324.6770178706403</ele></trkpt>
<trkpt lat="36.565259965109064" lon="-94.13440019002682"><ele>324.7623447791815</ele></trkpt>
<trkpt lat="36.56521488425927" lon="-94.13435756942013"><ele>324.95624999999995</ele></trkpt>
<trkpt lat="36.56515023148149" lon="-94.1342991898071"><ele>325.31828703703707</ele></trkpt>
<trkpt lat="36.565100086805565" lon="-94.13425041664873"><ele>325.49429976851854</ele></trkpt>
<trkpt lat="36.56505333333334" lon="-94.1342063222577"><ele>325.54461805555553</ele></trkpt>
<trkpt lat="36.564925619212964" lon="-94.13408898135795"><ele>325.7033275462963</ele></trkpt>
<trkpt lat="36.564889794881694" lon="-94.13405529741979"><ele>325.74006665809327</ele></trkpt>
<trkpt lat="36.56482997942388" lon="-94.13399517261973"><ele>325.7515453532236</ele></trkpt>
<trkpt lat="36.564775000000004" lon="-94.13394539089704"><ele>325.79999999999995</ele></trkpt>
<trkpt lat="36.564682211934155" lon="-94.13386449158757"><ele>325.8511745541838</ele></trkpt>
<trkpt lat="36.56464729166667" lon="-94.13383217591499"><ele>325.87824074074075</ele></trkpt>
<trkpt lat="36.564595949074075" lon="-94.1337819675827"><ele>325.9497685185185</ele></trkpt>
<trkpt lat="36.564554454732516" lon="-94.13374459104013"><ele>325.9818158436214</ele></trkpt>
<trkpt lat="36.56451635116598" lon="-94.13370927293694"><ele>325.8816186556927</ele></trkpt>
<trkpt lat="36.56444799725652" lon="-94.13364639910675"><ele>325.6388888888889</ele></trkpt>
<trkpt lat="36.564336234567904" lon="-94.13354349789633"><ele>325.16076817558303</ele></trkpt>
<trkpt lat="36.564279605624144" lon="-94.13349226165367"><ele>324.8984139231825</ele></trkpt>
<trkpt lat="36.56420499485597" lon="-94.13342263972133"><ele>324.60232338820305</ele></trkpt>
<trkpt lat="36.564151877572016" lon="-94.13337287805786"><ele>324.42626886145405</ele></trkpt>
<trkpt lat="36.56410000000002" lon="-94.13332539091873"><ele>324.2382716049383</ele></trkpt>
<trkpt lat="36.56404786779836" lon="-94.13327956787398"><ele>323.97234224965706</ele></trkpt>
<trkpt lat="36.563992432270226" lon="-94.13322984907887"><ele>323.5430555555556</ele></trkpt>
<trkpt lat="36.56388039094651" lon="-94.13312499996208"><ele>322.40000000000003</ele></trkpt>
<trkpt lat="36.56382599965707" lon="-94.13307180295376"><ele>321.79855109739367</ele></trkpt>
<trkpt lat="36.56374900720166" lon="-94.13299001026216"><ele>320.8600394375857</ele></trkpt>
<trkpt lat="36.56369603909466" lon="-94.13293581275039"><ele>320.2363511659808</ele></trkpt>
<trkpt lat="36.56366785836763" lon="-94.13290411349074"><ele>319.8956532921811</ele></trkpt>
<trkpt lat="36.56364817043897" lon="-94.13287963131144"><ele>319.6667952674897</ele></trkpt>
<trkpt lat="36.56358712620028" lon="-94.13280068585365"><ele>319.03251028806585</ele></trkpt>
<trkpt lat="36.56356481310015" lon="-94.13277226165557"><ele>318.9297668038409</ele></trkpt>
<trkpt lat="36.56352192129629" lon="-94.13271166665854"><ele>318.77314814814815</ele></trkpt>
<trkpt lat="36.56349513888889" lon="-94.13267219906257"><ele>318.62939814814814</ele></trkpt>
<trkpt lat="36.563468138717425" lon="-94.13262837104587"><ele>318.5349622770919</ele></trkpt>
<trkpt lat="36.56344521519205" lon="-94.13258785578188"><ele>318.5526148834019</ele></trkpt>
<trkpt lat="36.563397416838136" lon="-94.13251226678112"><ele>318.8117455418381</ele></trkpt>
<trkpt lat="36.56338259344993" lon="-94.13248750684326"><ele>318.9090363511659</ele></trkpt>
<trkpt lat="36.56334708333333" lon="-94.13242087962674"><ele>319.1541666666667</ele></trkpt>
<trkpt lat="36.56332680555555" lon="-94.13237872684715"><ele>319.30254629629627</ele></trkpt>
<trkpt lat="36.56330731481482" lon="-94.13233925924926"><ele>319.4268518518519</ele></trkpt>
<trkpt lat="36.563285625" lon="-94.13229048610225"><ele>319.57314814814816</ele></trkpt>
<trkpt lat="36.56326187500001" lon="-94.13222578702933"><ele>319.77083333333337</ele></trkpt>
<trkpt lat="36.56325143518519" lon="-94.13220041665355"><ele>319.85625</ele></trkpt>
<trkpt lat="36.563222430555555" lon="-94.13213412034864"><ele>320.07314814814816</ele></trkpt>
<trkpt lat="36.56320703703704" lon="-94.13209587960888"><ele>320.17824074074076</ele></trkpt>
<trkpt lat="36.56319293981481" lon="-94.1320570370186"><ele>320.25787037037037</ele></trkpt>
<trkpt lat="36.563180234375" lon="-94.13201861109398"><ele>320.29878472222225</ele></trkpt>
<trkpt lat="36.563168388310196" lon="-94.13198013887072"><ele>320.2921875</ele></trkpt>
<trkpt lat="36.56313271122685" lon="-94.13185972217845"><ele>320.1014467592592</ele></trkpt>
<trkpt lat="36.5630802806713" lon="-94.13169046288552"><ele>319.8976273148148</ele></trkpt>
<trkpt lat="36.56306175680441" lon="-94.13162801977994"><ele>319.8596100245654</ele></trkpt>
<trkpt lat="36.56304435171689" lon="-94.13156633246078"><ele>319.8468301209373</ele></trkpt>
<trkpt lat="36.56299660347324" lon="-94.13138937569093"><ele>319.915304941421</ele></trkpt>
<trkpt lat="36.5629779883382" lon="-94.13132247780977"><ele>319.97244897959183</ele></trkpt>
<trkpt lat="36.56295354227406" lon="-94.13123660295638"><ele>320.06020408163266</ele></trkpt>
<trkpt lat="36.56287826044703" lon="-94.13097620400396"><ele>320.3560738581146</ele></trkpt>
<trkpt lat="36.56278208130872" lon="-94.13064516092489"><ele>320.74734369938443</ele></trkpt>
<trkpt lat="36.56270842565598" lon="-94.13039126769743"><ele>321.05947521865886</ele></trkpt>
<trkpt lat="36.5626858600583" lon="-94.13031291515401"><ele>321.1660349854227</ele></trkpt>
<trkpt lat="36.562658111115105" lon="-94.13021448770337"><ele>321.3394049918615</ele></trkpt>
<trkpt lat="36.562623302519135" lon="-94.1300905528888"><ele>321.66632293128896</ele></trkpt>
<trkpt lat="36.56259187242799" lon="-94.12998381343232"><ele>321.9490397805213</ele></trkpt>
<trkpt lat="36.562578141289436" lon="-94.12993360081126"><ele>321.9844993141289</ele></trkpt>
<trkpt lat="36.5625596090535" lon="-94.12986421808469"><ele>321.95</ele></trkpt>
<trkpt lat="36.56253884859397" lon="-94.12979029748183"><ele>321.91502914951985</ele></trkpt>
<trkpt lat="36.56251489454733" lon="-94.12971470421209"><ele>321.96117969821677</ele></trkpt>
<trkpt lat="36.562487060185184" lon="-94.12963219905943"><ele>322.15370370370374</ele></trkpt>
<trkpt lat="36.562475000000006" lon="-94.12959914350348"><ele>322.2497685185185</ele></trkpt>
<trkpt lat="36.56246293981482" lon="-94.12956930554351"><ele>322.34374999999994</ele></trkpt>
<trkpt lat="36.56244268518519" lon="-94.129525138883"><ele>322.4680555555555</ele></trkpt>
<trkpt lat="36.562412870370366" lon="-94.12945386572741"><ele>322.5601851851852</ele></trkpt>
<trkpt lat="36.56239923611112" lon="-94.1294248610958"><ele>322.6</ele></trkpt>
<trkpt lat="36.562383912037035" lon="-94.12939601850235"><ele>322.6395833333333</ele></trkpt>
<trkpt lat="36.56236731481482" lon="-94.129367824057"><ele>322.6706018518518</ele></trkpt>
<trkpt lat="36.562318125000004" lon="-94.12929023147012"><ele>322.6993055555555</ele></trkpt>
<trkpt lat="36.562295" lon="-94.12925604166136"><ele>322.6787037037037</ele></trkpt>
<trkpt lat="36.56223789351853" lon="-94.12917893516672"><ele>322.431712962963</ele></trkpt>
<trkpt lat="36.562217569444456" lon="-94.12915319442504"><ele>322.39074074074074</ele></trkpt>
<trkpt lat="36.56217856481482" lon="-94.12910907406221"><ele>322.43194444444447</ele></trkpt>
<trkpt lat="36.56213687500001" lon="-94.12906689814086"><ele>322.5689814814815</ele></trkpt>
<trkpt lat="36.562101805555564" lon="-94.1290328703545"><ele>322.57013888888883</ele></trkpt>
<trkpt lat="36.5620549537037" lon="-94.12899099535184"><ele>322.60023148148144</ele></trkpt>
<trkpt lat="36.56196030349795" lon="-94.12891158434242"><ele>322.7164866255144</ele></trkpt>
<trkpt lat="36.561934308127576" lon="-94.12889156375614"><ele>322.8605795610426</ele></trkpt>
<trkpt lat="36.561902163065845" lon="-94.12886944440122"><ele>323.11740397805215</ele></trkpt>
<trkpt lat="36.5618646090535" lon="-94.12884578184376"><ele>323.46172839506175</ele></trkpt>
<trkpt lat="36.56182655092593" lon="-94.12882331271577"><ele>323.8227966392318</ele></trkpt>
<trkpt lat="36.561793500514405" lon="-94.12880485594104"><ele>324.1229852537723</ele></trkpt>
<trkpt lat="36.561747658607686" lon="-94.12878022032893"><ele>324.40480109739366</ele></trkpt>
<trkpt lat="36.56171437500001" lon="-94.12876268518062"><ele>324.36018518518523</ele></trkpt>
<trkpt lat="36.561695856481485" lon="-94.12875499999478"><ele>324.2877314814815</ele></trkpt>
<trkpt lat="36.561649907407414" lon="-94.12873895832541"><ele>324.05833333333334</ele></trkpt>
<trkpt lat="36.561574884259265" lon="-94.12871025462098"><ele>323.53194444444443</ele></trkpt>
<trkpt lat="36.56152293981482" lon="-94.12869293980779"><ele>323.23449074074074</ele></trkpt>
<trkpt lat="36.56147664351852" lon="-94.12868050925562"><ele>323.0344907407407</ele></trkpt>
<trkpt lat="36.56143388888889" lon="-94.12866999999886"><ele>322.90023148148146</ele></trkpt>
<trkpt lat="36.56140266203704" lon="-94.12866395833014"><ele>322.84027777777777</ele></trkpt>
<trkpt lat="36.561349175347225" lon="-94.12865504050383"><ele>322.7803819444444</ele></trkpt>
<trkpt lat="36.56129081886574" lon="-94.12864564235403"><ele>322.8157986111111</ele></trkpt>
<trkpt lat="36.56126192129629" lon="-94.12864057869055"><ele>322.8844907407407</ele></trkpt>
<trkpt lat="36.56105051793981" lon="-94.12860228582657"><ele>323.50329861111106</ele></trkpt>
<trkpt lat="36.560922824074076" lon="-94.12857822697295"><ele>323.8881601508916</ele></trkpt>
<trkpt lat="36.560807014853395" lon="-94.12855555528151"><ele>324.24734224965704</ele></trkpt>
<trkpt lat="36.560688333333324" lon="-94.12853270821573"><ele>324.59375</ele></trkpt>
<trkpt lat="36.560611176268864" lon="-94.12851824142211"><ele>324.8039180384088</ele></trkpt>
<trkpt lat="36.56040519547325" lon="-94.12848004861196"><ele>325.3446244855967</ele></trkpt>
<trkpt lat="36.560200682441696" lon="-94.12844222290728"><ele>325.8449674211248</ele></trkpt>
<trkpt lat="36.56012583333333" lon="-94.12842833322223"><ele>325.9916666666666</ele></trkpt>
<trkpt lat="36.56001459876543" lon="-94.12840744851202"><ele>326.06580932784635</ele></trkpt>
<trkpt lat="36.55990235253772" lon="-94.12838568583106"><ele>326.0151577503429</ele></trkpt>
<trkpt lat="36.55978242798354" lon="-94.12836156375324"><ele>326.0656378600823</ele></trkpt>
<trkpt lat="36.55969694615913" lon="-94.12834476593494"><ele>326.19224108367627</ele></trkpt>
<trkpt lat="36.559637520576125" lon="-94.12833406549647"><ele>326.3092421124829</ele></trkpt>
<trkpt lat="36.55958395919068" lon="-94.12832251456074"><ele>326.4473679698217</ele></trkpt>
<trkpt lat="36.55949756515775" lon="-94.12830482850875"><ele>326.7451989026063</ele></trkpt>
<trkpt lat="36.55938882716049" lon="-94.12828382712945"><ele>327.13827160493827</ele></trkpt>
<trkpt lat="36.55933096021948" lon="-94.12827124138931"><ele>327.32201646090533</ele></trkpt>
<trkpt lat="36.55927296982167" lon="-94.1282563099697"><ele>327.46995884773656</ele></trkpt>
<trkpt lat="36.55921578189301" lon="-94.12823921805875"><ele>327.5765432098765</ele></trkpt>
<trkpt lat="36.55915971879287" lon="-94.1282210424757"><ele>327.6504115226337</ele></trkpt>
<trkpt lat="36.559006700960225" lon="-94.12817088474259"><ele>327.7951989026063</ele></trkpt>
<trkpt lat="36.55892843621399" lon="-94.12814382713533"><ele>327.9078189300411</ele></trkpt>
<trkpt lat="36.558842640603565" lon="-94.1281107818406"><ele>328.06262002743483</ele></trkpt>
<trkpt lat="36.55873845507544" lon="-94.12806911088776"><ele>328.2519633058985</ele></trkpt>
<trkpt lat="36.55869310871056" lon="-94.1280506523997"><ele>328.35595850480115</ele></trkpt>
<trkpt lat="36.558625392661185" lon="-94.12802273403908"><ele>328.57643175582996</ele></trkpt>
<trkpt lat="36.55856528978053" lon="-94.12799916407282"><ele>328.80835905349795</ele></trkpt>
<trkpt lat="36.558446165980804" lon="-94.12795593961424"><ele>329.24053497942384</ele></trkpt>
<trkpt lat="36.55839078189302" lon="-94.12793499998831"><ele>329.4460905349794</ele></trkpt>
<trkpt lat="36.5583038271605" lon="-94.1278999999688"><ele>329.75390946502057</ele></trkpt>
<trkpt lat="36.55823360082305" lon="-94.1278742729596"><ele>329.9982167352538</ele></trkpt>
<trkpt lat="36.558180576346025" lon="-94.12785713915466"><ele>330.2009859396433</ele></trkpt>
<trkpt lat="36.55811930234053" lon="-94.12783436821712"><ele>330.4573559670782</ele></trkpt>
<trkpt lat="36.558033322616595" lon="-94.1277996282656"><ele>330.84855538408783</ele></trkpt>
<trkpt lat="36.557908350694454" lon="-94.12774950507858"><ele>331.45659722222223</ele></trkpt>
<trkpt lat="36.557771953125005" lon="-94.12769598079988"><ele>332.1102719907407</ele></trkpt>
<trkpt lat="36.5577101707176" lon="-94.12767251727509"><ele>332.38776041666665</ele></trkpt>
<trkpt lat="36.55759776620371" lon="-94.1276311457691"><ele>332.8572916666667</ele></trkpt>
<trkpt lat="36.557500243055564" lon="-94.12759610238176"><ele>333.2331886574074</ele></trkpt>
<trkpt lat="36.5572857957176" lon="-94.1275201156319"><ele>333.99884259259255</ele></trkpt>
<trkpt lat="36.55715214120371" lon="-94.12747293682486"><ele>334.47063078703707</ele></trkpt>
<trkpt lat="36.557040047260806" lon="-94.12743466819701"><ele>334.8454989711934</ele></trkpt>
<trkpt lat="36.556993227130484" lon="-94.1274168741256"><ele>334.9728223593964</ele></trkpt>
<trkpt lat="36.55690539780521" lon="-94.12738002741968"><ele>335.1662551440329</ele></trkpt>
<trkpt lat="36.55680872427983" lon="-94.12734245538115"><ele>335.3436213991769</ele></trkpt>
<trkpt lat="36.556721275720164" lon="-94.12730755140308"><ele>335.5827846364883</ele></trkpt>
<trkpt lat="36.55665234567901" lon="-94.12728117282442"><ele>335.7882716049383</ele></trkpt>
<trkpt lat="36.55656539094651" lon="-94.12724999998247"><ele>335.9960905349794</ele></trkpt>
<trkpt lat="36.55650855967079" lon="-94.12722901233396"><ele>336.1101508916323</ele></trkpt>
<trkpt lat="36.55645870370371" lon="-94.12721096706511"><ele>336.2828532235939</ele></trkpt>
<trkpt lat="36.55638952674897" lon="-94.12718882713385"><ele>336.67345679012345</ele></trkpt>
<trkpt lat="36.55634355281209" lon="-94.12717527431425"><ele>336.9310013717422</ele></trkpt>
<trkpt lat="36.55629097393691" lon="-94.12716054865653"><ele>337.1928669410151</ele></trkpt>
<trkpt lat="36.556233827160504" lon="-94.12714539090382"><ele>337.4460905349794</ele></trkpt>
<trkpt lat="36.5561750617284" lon="-94.12713078185341"><ele>337.69396433470513</ele></trkpt>
<trkpt lat="36.556117962962965" lon="-94.12711765428828"><ele>337.94122085048014</ele></trkpt>
<trkpt lat="36.556065864197535" lon="-94.12710656376156"><ele>338.18045267489714</ele></trkpt>
<trkpt lat="36.55593709533608" lon="-94.12708012431024"><ele>338.79855109739367</ele></trkpt>
<trkpt lat="36.55589141203704" lon="-94.1270726851827"><ele>338.9833333333333</ele></trkpt>
<trkpt lat="36.55580008316187" lon="-94.12706400633881"><ele>339.43047839506175</ele></trkpt>
<trkpt lat="36.55572011059671" lon="-94.12705586161887"><ele>339.8835648148148</ele></trkpt>
<trkpt lat="36.555636863211596" lon="-94.12704857466771"><ele>340.4383101851852</ele></trkpt>
<trkpt lat="36.55559295074588" lon="-94.12704574716506"><ele>340.78067129629636</ele></trkpt>
<trkpt lat="36.55554779663924" lon="-94.12704376971561"><ele>341.14182098765434</ele></trkpt>
<trkpt lat="36.55550145233197" lon="-94.12704302201305"><ele>341.4964699074074</ele></trkpt>
<trkpt lat="36.55545254629631" lon="-94.1270436082225"><ele>341.84311342592594</ele></trkpt>
<trkpt lat="36.555402309027784" lon="-94.12704516493744"><ele>342.1769097222222</ele></trkpt>
<trkpt lat="36.55529523148149" lon="-94.12704942708507"><ele>342.82774884259254</ele></trkpt>
<trkpt lat="36.555266458333335" lon="-94.12705029803378"><ele>342.9566261574074</ele></trkpt>
<trkpt lat="36.5552215306713" lon="-94.12705299190726"><ele>343.13388310185184</ele></trkpt>
<trkpt lat="36.555067199074074" lon="-94.12706394098753"><ele>343.7025173611111</ele></trkpt>
<trkpt lat="36.554979629629635" lon="-94.12706884259686"><ele>343.97685185185185</ele></trkpt>
<trkpt lat="36.55490653645833" lon="-94.12707038516042"><ele>344.1455536265432</ele></trkpt>
<trkpt lat="36.55485232253087" lon="-94.12707292181561"><ele>344.2393689986282</ele></trkpt>
<trkpt lat="36.55476592592593" lon="-94.1270784019277"><ele>344.2673525377229</ele></trkpt>
<trkpt lat="36.55472216049383" lon="-94.127081598086"><ele>344.2034293552812</ele></trkpt>
<trkpt lat="36.55464963648835" lon="-94.12708708505149"><ele>343.9568587105624</ele></trkpt>
<trkpt lat="36.55458687242799" lon="-94.12709000000191"><ele>343.77736625514405</ele></trkpt>
<trkpt lat="36.554508367626894" lon="-94.12709283951146"><ele>343.74211248285326</ele></trkpt>
<trkpt lat="36.55441427297668" lon="-94.12709716049902"><ele>343.7851165980796</ele></trkpt>
<trkpt lat="36.554342736625514" lon="-94.12710000000183"><ele>343.86563786008236</ele></trkpt>
<trkpt lat="36.554285548696846" lon="-94.12710291495554"><ele>344.03052126200276</ele></trkpt>
<trkpt lat="36.55421923868313" lon="-94.12710840192588"><ele>344.26947873799725</ele></trkpt>
<trkpt lat="36.554121474622775" lon="-94.12711707819255"><ele>345.4685855465285</ele></trkpt>
<trkpt lat="36.55408078697544" lon="-94.12711892458753"><ele>345.9587899990532</ele></trkpt>
<trkpt lat="36.554027079155865" lon="-94.12711767993106"><ele>346.60450506698123</ele></trkpt>
<trkpt lat="36.55397365776337" lon="-94.12711125088576"><ele>347.23961473508575</ele></trkpt>
<trkpt lat="36.553866343305714" lon="-94.1270904046193"><ele>348.5302956282381</ele></trkpt>
<trkpt lat="36.55380913884148" lon="-94.12709644049512"><ele>349.24374290708954</ele></trkpt>
<trkpt lat="36.553761333424596" lon="-94.12713565550938"><ele>349.9545268645082</ele></trkpt>
<trkpt lat="36.553742825489664" lon="-94.12716857382026"><ele>350.3554457811881</ele></trkpt>
<trkpt lat="36.55373689539821" lon="-94.12719525304296"><ele>350.63020919271963</ele></trkpt>
<trkpt lat="36.55372748311078" lon="-94.12726163210823"><ele>351.37920434655405</ele></trkpt>
<trkpt lat="36.55372137079111" lon="-94.12732865333888"><ele>352.23028802695984</ele></trkpt>
<trkpt lat="36.553708172305285" lon="-94.12746133578008"><ele>354.39890524594796</ele></trkpt>
<trkpt lat="36.55370051322889" lon="-94.1275275702172"><ele>355.50621951707933</ele></trkpt>
<trkpt lat="36.55369110895486" lon="-94.12759343973795"><ele>356.6238954148094</ele></trkpt>
<trkpt lat="36.553676939300416" lon="-94.1276729132617"><ele>358.0074198959901</ele></trkpt>
<trkpt lat="36.55366071159123" lon="-94.12775504588845"><ele>359.41426385205017</ele></trkpt>
<trkpt lat="36.55365100651578" lon="-94.12780188317146"><ele>360.1380778314191</ele></trkpt>
<trkpt lat="36.553630260631" lon="-94.12789779151768"><ele>361.5024551330441</ele></trkpt>
<trkpt lat="36.553621858710564" lon="-94.12793334020581"><ele>361.9873430767402</ele></trkpt>
<trkpt lat="36.55360814814815" lon="-94.12798661181071"><ele>362.6719620697901</ele></trkpt>
<trkpt lat="36.55359000000001" lon="-94.12806539097286"><ele>363.6</ele></trkpt>
<trkpt lat="36.553571851851856" lon="-94.12814624144079"><ele>364.2172153635117</ele></trkpt>
<trkpt lat="36.553558148148156" lon="-94.12820375858757"><ele>364.6165294924554</ele></trkpt>
<trkpt lat="36.55353018518518" lon="-94.12832832649666"><ele>365.2672839506173</ele></trkpt>
<trkpt lat="36.55350812757202" lon="-94.12841798355359"><ele>365.77448559670785</ele></trkpt>
<trkpt lat="36.55348882716049" lon="-94.12850742801857"><ele>366.2930041152264</ele></trkpt>
<trkpt lat="36.553463237311384" lon="-94.12863660498215"><ele>367.0031550068587</ele></trkpt>
<trkpt lat="36.553449609053494" lon="-94.1287065638326"><ele>367.2545267489713</ele></trkpt>
<trkpt lat="36.55343541838135" lon="-94.1287788134939"><ele>367.2314128943759</ele></trkpt>
<trkpt lat="36.553420486968456" lon="-94.1288534705629"><ele>366.7891632373114</ele></trkpt>
<trkpt lat="36.55340500000001" lon="-94.12892960911071"><ele>365.90370370370374</ele></trkpt>
<trkpt lat="36.55338960165896" lon="-94.12900473374354"><ele>364.68732531721537</ele></trkpt>
<trkpt lat="36.55337487750773" lon="-94.1290765356512"><ele>363.30101058813443</ele></trkpt>
<trkpt lat="36.5533609056713" lon="-94.1291442133362"><ele>361.923376414609</ele></trkpt>
<trkpt lat="36.55334647376543" lon="-94.1292119196509"><ele>360.70040294924553</ele></trkpt>
<trkpt lat="36.55332962962962" lon="-94.12928688775314"><ele>359.7375085733882</ele></trkpt>
<trkpt lat="36.5533087037037" lon="-94.12937605918188"><ele>359.030787037037</ele></trkpt>
<trkpt lat="36.55328417534723" lon="-94.12947846372484"><ele>358.51102430555557</ele></trkpt>
<trkpt lat="36.55325824363426" lon="-94.12958676233514"><ele>358.0951099537037</ele></trkpt>
<trkpt lat="36.55323300057871" lon="-94.12969396428768"><ele>357.7313657407407</ele></trkpt>
<trkpt lat="36.55320906828704" lon="-94.12979823221563"><ele>357.39296875</ele></trkpt>
<trkpt lat="36.55316703703704" lon="-94.12998551515318"><ele>356.7986111111111</ele></trkpt>
<trkpt lat="36.55315194187242" lon="-94.13005170466741"><ele>356.5942215363512</ele></trkpt>
<trkpt lat="36.553141715534984" lon="-94.13009393778654"><ele>356.4676868998628</ele></trkpt>
<trkpt lat="36.55311701924727" lon="-94.13018166315709"><ele>356.1142307527435</ele></trkpt>
<trkpt lat="36.553094272976686" lon="-94.13026839508763"><ele>355.6591906721536</ele></trkpt>
<trkpt lat="36.55307412894376" lon="-94.13035661181216"><ele>355.1770233196159</ele></trkpt>
<trkpt lat="36.5530546090535" lon="-94.13043539097853"><ele>354.85390946502054</ele></trkpt>
<trkpt lat="36.553033038408785" lon="-94.13051664182035"><ele>354.54020919067216</ele></trkpt>
<trkpt lat="36.55302007544582" lon="-94.13056722137003"><ele>354.24501028806577</ele></trkpt>
<trkpt lat="36.553008203017846" lon="-94.13061654579249"><ele>353.821622085048</ele></trkpt>
<trkpt lat="36.55299000000001" lon="-94.13067882717807"><ele>353.3812757201646</ele></trkpt>
<trkpt lat="36.55297170096023" lon="-94.13073480110756"><ele>353.1208504801097</ele></trkpt>
<trkpt lat="36.552955658436225" lon="-94.13078178328243"><ele>353.1517832647462</ele></trkpt>
<trkpt lat="36.552916968449935" lon="-94.13089305901268"><ele>353.5433470507545</ele></trkpt>
<trkpt lat="36.55289950135031" lon="-94.13094455151351"><ele>353.7654867541153</ele></trkpt>
<trkpt lat="36.552884068930055" lon="-94.13098385035306"><ele>354.07791495198904</ele></trkpt>
<trkpt lat="36.55284207465278" lon="-94.13108099842766"><ele>355.04638310185186</ele></trkpt>
<trkpt lat="36.55277792534722" lon="-94.13122900189987"><ele>356.5658275462963</ele></trkpt>
<trkpt lat="36.55273546467764" lon="-94.13132617717235"><ele>357.98257663844913</ele></trkpt>
<trkpt lat="36.552723929076635" lon="-94.1313513172171"><ele>358.3548692451227</ele></trkpt>
<trkpt lat="36.552695578596534" lon="-94.13140882838456"><ele>359.22077704234596</ele></trkpt>
<trkpt lat="36.5526253909465" lon="-94.131549609071"><ele>361.33449101691315</ele></trkpt>
<trkpt lat="36.552598463648835" lon="-94.13160591910541"><ele>362.1505484890331</ele></trkpt>
<trkpt lat="36.552535000000006" lon="-94.13174000001612"><ele>364.0842552069141</ele></trkpt>
<trkpt lat="36.55248648148149" lon="-94.13184164615298"><ele>365.629377587459</ele></trkpt>
<trkpt lat="36.55246035665294" lon="-94.13189519212179"><ele>366.4515852791999</ele></trkpt>
<trkpt lat="36.55243145404663" lon="-94.13195299734103"><ele>367.3431949208867</ele></trkpt>
<trkpt lat="36.55240273662552" lon="-94.1320091358799"><ele>368.2125404043216</ele></trkpt>
<trkpt lat="36.55234578189301" lon="-94.13211921812601"><ele>369.92414822623914</ele></trkpt>
<trkpt lat="36.55231847050756" lon="-94.13217591224672"><ele>370.83295027572956</ele></trkpt>
<trkpt lat="36.552256282962965" lon="-94.13230738093021"><ele>372.9820325325718</ele></trkpt>
<trkpt lat="36.55223101185185" lon="-94.1323611755051"><ele>373.90281347865687</ele></trkpt>
<trkpt lat="36.55207315111111" lon="-94.1327008626345"><ele>379.7774199400963</ele></trkpt>
<trkpt lat="36.55198371703705" lon="-94.13289301006644"><ele>383.1139068440319</ele></trkpt>
<trkpt lat="36.55195840049384" lon="-94.13294888585658"><ele>384.11566624518457</ele></trkpt>
<trkpt lat="36.55190692043896" lon="-94.13306453363067"><ele>386.19226750350754</ele></trkpt>
<trkpt lat="36.55188093278464" lon="-94.13312510290014"><ele>387.2612287116476</ele></trkpt>
<trkpt lat="36.5518496090535" lon="-94.13319039098909"><ele>388.41497064091243</ele></trkpt>
<trkpt lat="36.551804609053505" lon="-94.13328039096315"><ele>389.99965718033894</ele></trkpt>
<trkpt lat="36.5517749314129" lon="-94.13333721541028"><ele>390.96076436321584</ele></trkpt>
<trkpt lat="36.55166312757202" lon="-94.13354874493442"><ele>394.4589933351876</ele></trkpt>
<trkpt lat="36.551619019204395" lon="-94.13363029495557"><ele>395.7882840153232</ele></trkpt>
<trkpt lat="36.55157562414267" lon="-94.13370708509018"><ele>397.03295633849234</ele></trkpt>
<trkpt lat="36.55153434327847" lon="-94.13378288584452"><ele>398.2434295126452</ele></trkpt>
<trkpt lat="36.55151752914952" lon="-94.13381248459186"><ele>398.7211182516553</ele></trkpt>
<trkpt lat="36.5515052229081" lon="-94.1338316701065"><ele>399.0417981500236</ele></trkpt>
<trkpt lat="36.55146910665295" lon="-94.1338746382209"><ele>399.83694754240753</ele></trkpt>
<trkpt lat="36.55145101680384" lon="-94.13389752231821"><ele>400.2477434028646</ele></trkpt>
<trkpt lat="36.551411508916324" lon="-94.133949952014"><ele>401.0902998926145</ele></trkpt>
<trkpt lat="36.551383981481486" lon="-94.13398510031614"><ele>401.6585492818473</ele></trkpt>
<trkpt lat="36.551343395061735" lon="-94.1340298302631"><ele>402.4042034585413</ele></trkpt>
<trkpt lat="36.55132245198903" lon="-94.1340495722093"><ele>402.75252973768085</ele></trkpt>
<trkpt lat="36.55129728052127" lon="-94.13406967680886"><ele>403.1364773342858</ele></trkpt>
<trkpt lat="36.551268436213995" lon="-94.1340892181345"><ele>403.54594128543</ele></trkpt>
<trkpt lat="36.551237135631006" lon="-94.1341076354863"><ele>403.96892489262973</ele></trkpt>
<trkpt lat="36.551203944615914" lon="-94.13412477197267"><ele>404.40168954737624</ele></trkpt>
<trkpt lat="36.5511686085391" lon="-94.13414058129837"><ele>404.8473431156168</ele></trkpt>
<trkpt lat="36.55113175754459" lon="-94.13415458506725"><ele>405.29620345857506</ele></trkpt>
<trkpt lat="36.55109582475995" lon="-94.13416589593254"><ele>405.7185424073651</ele></trkpt>
<trkpt lat="36.55106342592593" lon="-94.13417335648839"><ele>406.08241385632766</ele></trkpt>
<trkpt lat="36.55103437671468" lon="-94.1341767935543"><ele>406.3915308116352</ele></trkpt>
<trkpt lat="36.551006014231824" lon="-94.13417668123913"><ele>406.6794436777973</ele></trkpt>
<trkpt lat="36.55097590792182" lon="-94.13417399176396"><ele>406.9793626217984</ele></trkpt>
<trkpt lat="36.55094376907579" lon="-94.13416923277994"><ele>407.3001144394417</ele></trkpt>
<trkpt lat="36.550910621356316" lon="-94.13416255346321"><ele>407.63635845785024</ele></trkpt>
<trkpt lat="36.550877489068945" lon="-94.1341536557799"><ele>407.9830366550539</ele></trkpt>
<trkpt lat="36.55084395490398" lon="-94.1341413202686"><ele>408.35476169153014</ele></trkpt>
<trkpt lat="36.55080832390261" lon="-94.13412358640699"><ele>408.784123533263</ele></trkpt>
<trkpt lat="36.550768518518524" lon="-94.13409894089102"><ele>409.3035717022269</ele></trkpt>
<trkpt lat="36.55072532986111" lon="-94.13406851553002"><ele>409.89775768526545</ele></trkpt>
<trkpt lat="36.5506827025463" lon="-94.1340355641471"><ele>410.5047280163834</ele></trkpt>
<trkpt lat="36.55064474772805" lon="-94.13400268714902"><ele>411.06574606337153</ele></trkpt>
<trkpt lat="36.55061257801783" lon="-94.13397033773352"><ele>411.56775715612235</ele></trkpt>
<trkpt lat="36.550584457304524" lon="-94.13393805872235"><ele>412.0333124745864</ele></trkpt>
<trkpt lat="36.55053506515774" lon="-94.13387821649107"><ele>412.88864419749314</ele></trkpt>
<trkpt lat="36.55048940500686" lon="-94.13382400632007"><ele>413.7108472567031</ele></trkpt>
<trkpt lat="36.55046701989027" lon="-94.13379601678074"><ele>414.1350654668387</ele></trkpt>
<trkpt lat="36.55040882887517" lon="-94.13371979678752"><ele>415.28202160493834</ele></trkpt>
<trkpt lat="36.55036304526749" lon="-94.13366382711958"><ele>415.7539094650206</ele></trkpt>
<trkpt lat="36.550335781893004" lon="-94.13363281888827"><ele>416.0037037037037</ele></trkpt>
<trkpt lat="36.55030765432099" lon="-94.13360323041489"><ele>416.2349794238683</ele></trkpt>
<trkpt lat="36.55027921810699" lon="-94.13357617280461"><ele>416.44218106995885</ele></trkpt>
<trkpt lat="36.550249705075444" lon="-94.13355076813971"><ele>416.63834019204387</ele></trkpt>
<trkpt lat="36.550218587105626" lon="-94.13352604248612"><ele>416.8369684499314</ele></trkpt>
<trkpt lat="36.550187345679014" lon="-94.13350273659042"><ele>417.0343621399177</ele></trkpt>
<trkpt lat="36.55015933470508" lon="-94.13348327843819"><ele>417.2098079561042</ele></trkpt>
<trkpt lat="36.55013718792867" lon="-94.13346980794229"><ele>417.3445130315501</ele></trkpt>
<trkpt lat="36.550119609053496" lon="-94.13346195472575"><ele>417.44218106995885</ele></trkpt>
<trkpt lat="36.5501014883402" lon="-94.13345683812797"><ele>417.5286008230453</ele></trkpt>
<trkpt lat="36.550047654320984" lon="-94.13344382714611"><ele>417.74218106995886</ele></trkpt>
<trkpt lat="36.55002745379676" lon="-94.13343835109866"><ele>417.7163547232155</ele></trkpt>
<trkpt lat="36.549979540081814" lon="-94.13343086819877"><ele>417.6560333903368</ele></trkpt>
<trkpt lat="36.549931317681576" lon="-94.13343413679138"><ele>417.59571205745806</ele></trkpt>
<trkpt lat="36.54988433100291" lon="-94.1334480521743"><ele>417.5353907245794</ele></trkpt>
<trkpt lat="36.54984008487655" lon="-94.13347216866528"><ele>417.4750693917007</ele></trkpt>
<trkpt lat="36.549790234910844" lon="-94.13350457909686"><ele>417.300171467764</ele></trkpt>
<trkpt lat="36.54974462105625" lon="-94.13353121320448"><ele>417.1518861454046</ele></trkpt>
<trkpt lat="36.549689917695474" lon="-94.1335600000835"><ele>417.02736625514405</ele></trkpt>
<trkpt lat="36.549628436214" lon="-94.13358858719066"><ele>416.94266117969823</ele></trkpt>
<trkpt lat="36.549563621399194" lon="-94.1336147051515"><ele>416.90795610425243</ele></trkpt>
<trkpt lat="36.54950047325104" lon="-94.13363687248881"><ele>416.9195473251029</ele></trkpt>
<trkpt lat="36.549444883401925" lon="-94.13365467082421"><ele>416.95829903978057</ele></trkpt>
<trkpt lat="36.54936851851853" lon="-94.13367804528023"><ele>417.02654320987654</ele></trkpt>
<trkpt lat="36.54934071330591" lon="-94.13368510974698"><ele>417.0199588477366</ele></trkpt>
<trkpt lat="36.54931087105625" lon="-94.1336903840944"><ele>416.9720164609053</ele></trkpt>
<trkpt lat="36.54927491769548" lon="-94.13369460906041"><ele>416.88827160493827</ele></trkpt>
<trkpt lat="36.54923205761318" lon="-94.13369825103635"><ele>416.788134430727</ele></trkpt>
<trkpt lat="36.549134300411524" lon="-94.1337046090608"><ele>416.6156378600823</ele></trkpt>
<trkpt lat="36.54905864883402" lon="-94.13370882030469"><ele>416.52825788751716</ele></trkpt>
<trkpt lat="36.549016707818936" lon="-94.1337111728418"><ele>416.55137174211245</ele></trkpt>
<trkpt lat="36.54889838305898" lon="-94.13371875171686"><ele>416.8205847050754</ele></trkpt>
<trkpt lat="36.54886459276406" lon="-94.13371992455438"><ele>416.82026748971197</ele></trkpt>
<trkpt lat="36.54883530092593" lon="-94.13371974537"><ele>416.77569444444447</ele></trkpt>
<trkpt lat="36.54878412037038" lon="-94.13371706018224"><ele>416.72685185185185</ele></trkpt>
<trkpt lat="36.54872469907408" lon="-94.133709999996"><ele>416.7025462962963</ele></trkpt>
<trkpt lat="36.54865812242799" lon="-94.13369790894569"><ele>416.68827160493834</ele></trkpt>
<trkpt lat="36.54863818758574" lon="-94.13369247169416"><ele>416.66227709190673</ele></trkpt>
<trkpt lat="36.548609039780516" lon="-94.13368224277133"><ele>416.61159122085047</ele></trkpt>
<trkpt lat="36.54857030864198" lon="-94.13366648144047"><ele>416.5343621399177</ele></trkpt>
<trkpt lat="36.548525260631" lon="-94.13364574754733"><ele>416.43484224965704</ele></trkpt>
<trkpt lat="36.54847768175583" lon="-94.13362081612577"><ele>416.31680384087787</ele></trkpt>
<trkpt lat="36.5484296090535" lon="-94.13359187235736"><ele>416.1765432098765</ele></trkpt>
<trkpt lat="36.54838100137175" lon="-94.13355859388116"><ele>416.0037722908093</ele></trkpt>
<trkpt lat="36.548331961591224" lon="-94.13352142651902"><ele>415.79396433470504</ele></trkpt>
<trkpt lat="36.54828508230453" lon="-94.13348351843109"><ele>415.5656378600823</ele></trkpt>
<trkpt lat="36.548215847050756" lon="-94.13342626454059"><ele>415.20752743484223</ele></trkpt>
<trkpt lat="36.54818019547325" lon="-94.13339753685497"><ele>415.05437242798354</ele></trkpt>
<trkpt lat="36.54812012688615" lon="-94.13334310096631"><ele>414.8963820301784</ele></trkpt>
<trkpt lat="36.548064739369" lon="-94.13329438953977"><ele>414.81742112482857</ele></trkpt>
<trkpt lat="36.54798238683128" lon="-94.13322664178197"><ele>414.71641803840873</ele></trkpt>
<trkpt lat="36.54794476080247" lon="-94.13319499741891"><ele>414.65180041152263</ele></trkpt>
<trkpt lat="36.5479069212963" lon="-94.1331623842561"><ele>414.59328703703704</ele></trkpt>
<trkpt lat="36.54785782407408" lon="-94.1331180555456"><ele>414.46087962962963</ele></trkpt>
<trkpt lat="36.54781787037037" lon="-94.13308604165418"><ele>414.4212962962963</ele></trkpt>
<trkpt lat="36.54779462962963" lon="-94.13307076387629"><ele>414.43194444444447</ele></trkpt>
<trkpt lat="36.54776999999999" lon="-94.13305715276638"><ele>414.4611111111111</ele></trkpt>
<trkpt lat="36.54774537037038" lon="-94.1330458796207"><ele>414.5050925925926</ele></trkpt>
<trkpt lat="36.54772203703703" lon="-94.13303715277172"><ele>414.5613425925926</ele></trkpt>
<trkpt lat="36.547700000000006" lon="-94.13303076388482"><ele>414.6344907407407</ele></trkpt>
<trkpt lat="36.54767798611111" lon="-94.13302611110824"><ele>414.73148148148147</ele></trkpt>
<trkpt lat="36.547654884259266" lon="-94.13302293981289"><ele>414.85625</ele></trkpt>
<trkpt lat="36.54760881944445" lon="-94.13302025462937"><ele>415.14375</ele></trkpt>
<trkpt lat="36.54757486111111" lon="-94.13302050925992"><ele>415.3756944444444</ele></trkpt>
<trkpt lat="36.54754119941701" lon="-94.13302546811259"><ele>415.6009859396433</ele></trkpt>
<trkpt lat="36.54747800904493" lon="-94.13303903519224"><ele>415.91189343278467</ele></trkpt>
<trkpt lat="36.547376042309686" lon="-94.13306026721096"><ele>416.2555234053498</ele></trkpt>
<trkpt lat="36.547314618484236" lon="-94.13307375263382"><ele>416.4619770233196</ele></trkpt>
<trkpt lat="36.54724659936558" lon="-94.13309036789087"><ele>416.7378750857339</ele></trkpt>
<trkpt lat="36.54716996527779" lon="-94.1331110417929"><ele>417.1075810185185</ele></trkpt>
<trkpt lat="36.54708796875001" lon="-94.13313450534692"><ele>417.54340277777777</ele></trkpt>
<trkpt lat="36.54701102430556" lon="-94.1331571268508"><ele>417.9679976851852</ele></trkpt>
<trkpt lat="36.54688878986625" lon="-94.13319362226706"><ele>418.6295546124828</ele></trkpt>
<trkpt lat="36.546862804783956" lon="-94.13320093621832"><ele>418.7413258744856</ele></trkpt>
<trkpt lat="36.5468230227572" lon="-94.13321363936811"><ele>418.80966529492457</ele></trkpt>
<trkpt lat="36.54675588230453" lon="-94.13323674626966"><ele>418.78858984910835</ele></trkpt>
<trkpt lat="36.54671468757202" lon="-94.13325064033802"><ele>418.6735912208504</ele></trkpt>
<trkpt lat="36.546664472592596" lon="-94.13326706972857"><ele>418.43534814814814</ele></trkpt>
<trkpt lat="36.54660180296297" lon="-94.13328713939632"><ele>418.06060740740736</ele></trkpt>
<trkpt lat="36.54645475851852" lon="-94.13333348606896"><ele>417.0956296296296</ele></trkpt>
<trkpt lat="36.546326497777784" lon="-94.13337269193887"><ele>416.2799111111111</ele></trkpt>
<trkpt lat="36.54627027111112" lon="-94.13338913489069"><ele>415.95711111111115</ele></trkpt>
<trkpt lat="36.546156915555564" lon="-94.13342149045458"><ele>415.3710222222222</ele></trkpt>
<trkpt lat="36.54609627555556" lon="-94.13343891418239"><ele>415.09235555555557</ele></trkpt>
<trkpt lat="36.5459462962963" lon="-94.13348293205354"><ele>414.49137777777776</ele></trkpt>
<trkpt lat="36.54576589185186" lon="-94.13353644315958"><ele>413.818</ele></trkpt>
<trkpt lat="36.545625234019205" lon="-94.13357779800442"><ele>413.2570447187928</ele></trkpt>
<trkpt lat="36.54552100576132" lon="-94.13360791823808"><ele>412.7988082304527</ele></trkpt>
<trkpt lat="36.54546796433471" lon="-94.13362380838842"><ele>412.63431769547327</ele></trkpt>
<trkpt lat="36.54541275253773" lon="-94.1336411666883"><ele>412.56114074074077</ele></trkpt>
<trkpt lat="36.54530862547155" lon="-94.13367502939988"><ele>412.62859117798354</ele></trkpt>
<trkpt lat="36.545265451174565" lon="-94.13368837858363"><ele>412.65673546810694</ele></trkpt>
<trkpt lat="36.54519022548011" lon="-94.13371026066991"><ele>412.6128429355281</ele></trkpt>
<trkpt lat="36.54514491017833" lon="-94.13372470569755"><ele>412.6041368998628</ele></trkpt>
<trkpt lat="36.545086742037036" lon="-94.13374476863468"><ele>412.6329314814815</ele></trkpt>
<trkpt lat="36.545018121805555" lon="-94.13376969667613"><ele>412.68336180555553</ele></trkpt>
<trkpt lat="36.54494564745371" lon="-94.13379744160169"><ele>412.7165891203703</ele></trkpt>
<trkpt lat="36.54487404643519" lon="-94.13382716153538"><ele>412.68493032407406</ele></trkpt>
<trkpt lat="36.54480093925926" lon="-94.1338607661725"><ele>412.5519111111111</ele></trkpt>
<trkpt lat="36.54472156740741" lon="-94.13390031438455"><ele>412.31022222222225</ele></trkpt>
<trkpt lat="36.544554371851845" lon="-94.13398718547518"><ele>411.67102222222223</ele></trkpt>
<trkpt lat="36.544484317037046" lon="-94.13402281057044"><ele>411.3999111111112</ele></trkpt>
<trkpt lat="36.54442929240055" lon="-94.13404876176054"><ele>411.2084938271605</ele></trkpt>
<trkpt lat="36.544385297393696" lon="-94.13406678359901"><ele>411.0876049382716</ele></trkpt>
<trkpt lat="36.54434676312758" lon="-94.13408024349022"><ele>411.01599999999996</ele></trkpt>
<trkpt lat="36.54428096537723" lon="-94.13410230250463"><ele>411.0088641975308</ele></trkpt>
<trkpt lat="36.54425407150206" lon="-94.13411425155665"><ele>411.11875</ele></trkpt>
<trkpt lat="36.54422901834706" lon="-94.13412999487284"><ele>411.3463734567901</ele></trkpt>
<trkpt lat="36.54420384945131" lon="-94.13415142492033"><ele>411.69521604938274</ele></trkpt>
<trkpt lat="36.5441780787037" lon="-94.13417907410287"><ele>412.12939814814814</ele></trkpt>
<trkpt lat="36.544153217592594" lon="-94.1342110416958"><ele>412.5766203703704</ele></trkpt>
<trkpt lat="36.544131759259265" lon="-94.13424386576423"><ele>412.9597222222222</ele></trkpt>
<trkpt lat="36.54411532407408" lon="-94.13427377316296"><ele>413.23310185185187</ele></trkpt>
<trkpt lat="36.54410421296297" lon="-94.1342987500078"><ele>413.39143518518523</ele></trkpt>
<trkpt lat="36.54409722222223" lon="-94.13432002315189"><ele>413.46527777777777</ele></trkpt>
<trkpt lat="36.54409319444444" lon="-94.13434150463156"><ele>413.4821759259259</ele></trkpt>
<trkpt lat="36.544091115397805" lon="-94.13436699760024"><ele>413.4582218792867</ele></trkpt>
<trkpt lat="36.5440905564129" lon="-94.1343980615562"><ele>413.3891289437586</ele></trkpt>
<trkpt lat="36.54409158693416" lon="-94.13443423353442"><ele>413.26934156378604</ele></trkpt>
<trkpt lat="36.54409502057612" lon="-94.1344757501588"><ele>413.0925582990398</ele></trkpt>
<trkpt lat="36.5441016872428" lon="-94.13452347820038"><ele>412.86052812071335</ele></trkpt>
<trkpt lat="36.54411156378601" lon="-94.13457695470093"><ele>412.58436213991774</ele></trkpt>
<trkpt lat="36.544123635116605" lon="-94.13463281203691"><ele>412.28751714677645</ele></trkpt>
<trkpt lat="36.54413669410152" lon="-94.13468712616725"><ele>411.9943758573388</ele></trkpt>
<trkpt lat="36.54415" lon="-94.13473804523659"><ele>411.72345679012346</ele></trkpt>
<trkpt lat="36.54417644032922" lon="-94.13483246910761"><ele>411.28593964334704</ele></trkpt>
<trkpt lat="36.544199662208506" lon="-94.13491318928247"><ele>411.0068587105624</ele></trkpt>
<trkpt lat="36.54421681841564" lon="-94.13497184926956"><ele>410.8533436213992</ele></trkpt>
<trkpt lat="36.54423606910152" lon="-94.1350424528277"><ele>410.7707904663923</ele></trkpt>
<trkpt lat="36.544247314814825" lon="-94.13508833331325"><ele>410.75625</ele></trkpt>
<trkpt lat="36.544257882373124" lon="-94.13513567899541"><ele>410.7609224965707</ele></trkpt>
<trkpt lat="36.54426667524005" lon="-94.13517993825903"><ele>410.7787122770919</ele></trkpt>
<trkpt lat="36.54428030092594" lon="-94.13526190413567"><ele>410.84786522633743</ele></trkpt>
<trkpt lat="36.54429539094652" lon="-94.13536430038661"><ele>411.02736625514405</ele></trkpt>
<trkpt lat="36.54430388888889" lon="-94.13542514400731"><ele>411.17448559670777</ele></trkpt>
<trkpt lat="36.544312016460914" lon="-94.13548765429806"><ele>411.35987654320985</ele></trkpt>
<trkpt lat="36.544319218107" lon="-94.13554960903411"><ele>411.58909465020577</ele></trkpt>
<trkpt lat="36.54432532921811" lon="-94.13561108366021"><ele>411.87386831275717</ele></trkpt>
<trkpt lat="36.544330329218106" lon="-94.1356726817429"><ele>412.22592592592594</ele></trkpt>
<trkpt lat="36.544334218107" lon="-94.13573421809723"><ele>412.6508230452675</ele></trkpt>
<trkpt lat="36.544336995884784" lon="-94.13579458847092"><ele>413.1460219478738</ele></trkpt>
<trkpt lat="36.54433866255144" lon="-94.13585230452348"><ele>413.69554183813443</ele></trkpt>
<trkpt lat="36.544339218107005" lon="-94.13590569958802"><ele>414.25308641975306</ele></trkpt>
<trkpt lat="36.54433862139918" lon="-94.13595328789609"><ele>414.74576474622774</ele></trkpt>
<trkpt lat="36.54433679012346" lon="-94.13599373885783"><ele>415.1083504801097</ele></trkpt>
<trkpt lat="36.54433370113169" lon="-94.1360266358064"><ele>415.3257973251029</ele></trkpt>
<trkpt lat="36.54432938871743" lon="-94.13605259516872"><ele>415.430701303155</ele></trkpt>
<trkpt lat="36.544316550925934" lon="-94.13609636574854"><ele>415.46805555555557</ele></trkpt>
<trkpt lat="36.54429437500001" lon="-94.13615638890774"><ele>415.42685185185184</ele></trkpt>
<trkpt lat="36.54427993055556" lon="-94.13619307872465"><ele>415.4106481481481</ele></trkpt>
<trkpt lat="36.544249907407405" lon="-94.13626400464778"><ele>415.41041666666666</ele></trkpt>
<trkpt lat="36.544234120370376" lon="-94.13629805557657"><ele>415.4243055555555</ele></trkpt>
<trkpt lat="36.54421581018519" lon="-94.13633412039806"><ele>415.4384259259259</ele></trkpt>
<trkpt lat="36.544193865740745" lon="-94.13637319447966"><ele>415.4335648148148</ele></trkpt>
<trkpt lat="36.54416921006945" lon="-94.13641355038546"><ele>415.38964120370366</ele></trkpt>
<trkpt lat="36.54414388020833" lon="-94.13645229459826"><ele>415.2927662037037</ele></trkpt>
<trkpt lat="36.54411939525463" lon="-94.13648790224353"><ele>415.1456597222222</ele></trkpt>
<trkpt lat="36.54406193287037" lon="-94.13656688093049"><ele>414.6630497685185</ele></trkpt>
<trkpt lat="36.54396752604166" lon="-94.13669313395779"><ele>413.82526041666665</ele></trkpt>
<trkpt lat="36.543855989583335" lon="-94.1368410158739"><ele>412.81504629629626</ele></trkpt>
<trkpt lat="36.54380320312501" lon="-94.13691037638297"><ele>412.3149884259259</ele></trkpt>
<trkpt lat="36.54367536222566" lon="-94.13707717880553"><ele>411.06927619170096</ele></trkpt>
<trkpt lat="36.54363381526492" lon="-94.13713155931025"><ele>410.72134130658435</ele></trkpt>
<trkpt lat="36.543569609053506" lon="-94.13721539099481"><ele>410.50781893004114</ele></trkpt>
<trkpt lat="36.543520665294935" lon="-94.13727880661422"><ele>410.427366255144</ele></trkpt>
<trkpt lat="36.54348461591222" lon="-94.13732859398479"><ele>410.43902606310013</ele></trkpt>
<trkpt lat="36.54346760631003" lon="-94.13735580935324"><ele>410.48628257887515</ele></trkpt>
<trkpt lat="36.54344960905351" lon="-94.13738734570913"><ele>410.5539094650206</ele></trkpt>
<trkpt lat="36.54343109739369" lon="-94.13742215366695"><ele>410.62709190672155</ele></trkpt>
<trkpt lat="36.54341283264747" lon="-94.13745875174634"><ele>410.6910150891632</ele></trkpt>
<trkpt lat="36.543395000000004" lon="-94.1374969547653"><ele>410.7382716049383</ele></trkpt>
<trkpt lat="36.543377146776415" lon="-94.13753796299979"><ele>410.76886145404666</ele></trkpt>
<trkpt lat="36.543358676268866" lon="-94.13758316876738"><ele>410.7827846364884</ele></trkpt>
<trkpt lat="36.543339218107" lon="-94.13763312762201"><ele>410.77263374485597</ele></trkpt>
<trkpt lat="36.54329722222222" lon="-94.13774508922471"><ele>410.62160493827156</ele></trkpt>
<trkpt lat="36.54327539094651" lon="-94.13780421816904"><ele>410.46090534979425</ele></trkpt>
<trkpt lat="36.5432345473251" lon="-94.13791617288607"><ele>409.9895061728395</ele></trkpt>
<trkpt lat="36.54320472565158" lon="-94.13800129631801"><ele>409.47606310013714</ele></trkpt>
<trkpt lat="36.54318409465021" lon="-94.13806832648473"><ele>409.02311385459535</ele></trkpt>
<trkpt lat="36.54316265432099" lon="-94.13812469138543"><ele>408.622633744856</ele></trkpt>
<trkpt lat="36.543128635116595" lon="-94.13820553501843"><ele>408.08093278463645</ele></trkpt>
<trkpt lat="36.543109218107006" lon="-94.1382488272014"><ele>407.8156378600823</ele></trkpt>
<trkpt lat="36.54308895555555" lon="-94.13829016953207"><ele>407.57378600823046</ele></trkpt>
<trkpt lat="36.543068213991766" lon="-94.13832722001018"><ele>407.3625514403292</ele></trkpt>
<trkpt lat="36.54304743786009" lon="-94.13835915493819"><ele>407.1819341563786</ele></trkpt>
<trkpt lat="36.54302568943759" lon="-94.13838846480705"><ele>407.01486968449933</ele></trkpt>
<trkpt lat="36.54300016817559" lon="-94.13842019347018"><ele>406.83002743484224</ele></trkpt>
<trkpt lat="36.54292201333334" lon="-94.13851347138166"><ele>406.2710814814814</ele></trkpt>
<trkpt lat="36.54276874666667" lon="-94.13869407576283"><ele>405.15500740740737</ele></trkpt>
<trkpt lat="36.54269361124829" lon="-94.13878178199937"><ele>404.54979972565155</ele></trkpt>
<trkpt lat="36.54257852082305" lon="-94.13891482336162"><ele>403.6160790123456</ele></trkpt>
<trkpt lat="36.542504170096024" lon="-94.13900124834788"><ele>403.1115912208504</ele></trkpt>
<trkpt lat="36.542456172839515" lon="-94.13905882718473"><ele>402.8195473251028</ele></trkpt>
<trkpt lat="36.54241438957477" lon="-94.13911019208525"><ele>402.6438957475994</ele></trkpt>
<trkpt lat="36.542352373113864" lon="-94.13918437593202"><ele>402.55034293552814</ele></trkpt>
<trkpt lat="36.54231451989027" lon="-94.13922889583539"><ele>402.59122085048006</ele></trkpt>
<trkpt lat="36.54227382716051" lon="-94.13927656388363"><ele>402.72037037037035</ele></trkpt>
<trkpt lat="36.54223144032922" lon="-94.13932647472643"><ele>402.94842249657063</ele></trkpt>
<trkpt lat="36.542188312757204" lon="-94.13937786704757"><ele>403.27832647462276</ele></trkpt>
<trkpt lat="36.542145000000005" lon="-94.13943000010745"><ele>403.70082304526744</ele></trkpt>
<trkpt lat="36.54210166666666" lon="-94.13948216060054"><ele>404.1951989026063</ele></trkpt>
<trkpt lat="36.54205833333334" lon="-94.13953382726581"><ele>404.7383401920439</ele></trkpt>
<trkpt lat="36.54197166666667" lon="-94.1396361729448"><ele>405.90192043895746</ele></trkpt>
<trkpt lat="36.54192833333333" lon="-94.13968783961292"><ele>406.4964334705075</ele></trkpt>
<trkpt lat="36.54184166666667" lon="-94.13979216060058"><ele>407.63648834019205</ele></trkpt>
<trkpt lat="36.54179833333334" lon="-94.13984382726579"><ele>408.1456104252401</ele></trkpt>
<trkpt lat="36.54175500000001" lon="-94.13989500010459"><ele>408.5874485596708</ele></trkpt>
<trkpt lat="36.54171221733883" lon="-94.13994549908882"><ele>408.9395368998628</ele></trkpt>
<trkpt lat="36.54167066727024" lon="-94.1399950099264"><ele>409.1791116598079</ele></trkpt>
<trkpt lat="36.541631351275726" lon="-94.14004240521594"><ele>409.2838913580247</ele></trkpt>
<trkpt lat="36.541593129492455" lon="-94.14008870824075"><ele>409.21851028806583</ele></trkpt>
<trkpt lat="36.54155217289438" lon="-94.14013803749069"><ele>408.9101761316872</ele></trkpt>
<trkpt lat="36.541501933333336" lon="-94.14019795593394"><ele>408.27269629629626</ele></trkpt>
<trkpt lat="36.541438493333345" lon="-94.14027312941981"><ele>407.28059259259254</ele></trkpt>
<trkpt lat="36.54129150666667" lon="-94.14044687164201"><ele>404.8256592592592</ele></trkpt>
<trkpt lat="36.54122806666667" lon="-94.14052204482279"><ele>403.84336296296294</ele></trkpt>
<trkpt lat="36.541177827105635" lon="-94.1405819629776"><ele>403.2275171467764</ele></trkpt>
<trkpt lat="36.54113687050756" lon="-94.1406312920542"><ele>402.9683429355281</ele></trkpt>
<trkpt lat="36.54109864872429" lon="-94.14067759501016"><ele>403.02477366255147</ele></trkpt>
<trkpt lat="36.54105933272977" lon="-94.140724990283"><ele>403.39198628257884</ele></trkpt>
<trkpt lat="36.54101778266118" lon="-94.14077450111898"><ele>404.08087791495194</ele></trkpt>
<trkpt lat="36.540974999999996" lon="-94.1408250001046"><ele>405.0281893004115</ele></trkpt>
<trkpt lat="36.540931666666665" lon="-94.14087617980354"><ele>406.08744855967075</ele></trkpt>
<trkpt lat="36.540888333333335" lon="-94.14092791505897"><ele>407.1065843621399</ele></trkpt>
<trkpt lat="36.540845000000004" lon="-94.14098039105494"><ele>408.0022633744856</ele></trkpt>
<trkpt lat="36.54080167352538" lon="-94.14103340888832"><ele>408.7622770919067</ele></trkpt>
<trkpt lat="36.540758408779155" lon="-94.1410866736345"><ele>409.3969821673526</ele></trkpt>
<trkpt lat="36.54071539094651" lon="-94.14114000010822"><ele>409.9100823045267</ele></trkpt>
<trkpt lat="36.54067289437586" lon="-94.14119328542867"><ele>410.2958161865569</ele></trkpt>
<trkpt lat="36.54063095336077" lon="-94.1412461386494"><ele>410.55130315500685</ele></trkpt>
<trkpt lat="36.5405888271605" lon="-94.14129726347383"><ele>410.69135802469134</ele></trkpt>
<trkpt lat="36.54054508916324" lon="-94.14134452684225"><ele>410.7485596707819</ele></trkpt>
<trkpt lat="36.540498696845" lon="-94.14138598773908"><ele>410.75884773662557</ele></trkpt>
<trkpt lat="36.5404503909465" lon="-94.14142109060879"><ele>410.75</ele></trkpt>
<trkpt lat="36.54040267489712" lon="-94.14145069279088"><ele>410.7400548696845</ele></trkpt>
<trkpt lat="36.540285077267654" lon="-94.14151720660348"><ele>410.74799275548696</ele></trkpt>
<trkpt lat="36.54023033532665" lon="-94.1415505176488"><ele>410.71146154835395</ele></trkpt>
<trkpt lat="36.5402015835048" lon="-94.14156981659174"><ele>410.702066186557</ele></trkpt>
<trkpt lat="36.54010927083334" lon="-94.14163455748711"><ele>410.82395833333334</ele></trkpt>
<trkpt lat="36.53997889756945" lon="-94.14172727450674"><ele>411.0943576388889</ele></trkpt>
<trkpt lat="36.53987906978738" lon="-94.14179968114748"><ele>411.29441872427986</ele></trkpt>
<trkpt lat="36.53981229338134" lon="-94.14184981260394"><ele>411.43168081275724</ele></trkpt>
<trkpt lat="36.53974715920782" lon="-94.14189771223536"><ele>411.6513695987654</ele></trkpt>
<trkpt lat="36.53971279749658" lon="-94.14192149182055"><ele>411.79555041152264</ele></trkpt>
<trkpt lat="36.5396753377915" lon="-94.1419457613822"><ele>411.95863554526744</ele></trkpt>
<trkpt lat="36.53963252314815" lon="-94.14197185193444"><ele>412.1440393518518</ele></trkpt>
<trkpt lat="36.53953991898149" lon="-94.14202570609449"><ele>412.53153935185185</ele></trkpt>
<trkpt lat="36.53946966478053" lon="-94.14206597053825"><ele>412.7798268175583</ele></trkpt>
<trkpt lat="36.53941870799039" lon="-94.14209608712578"><ele>412.8819465877915</ele></trkpt>
<trkpt lat="36.539337338820296" lon="-94.14214639233967"><ele>412.95802469135805</ele></trkpt>
<trkpt lat="36.53931060356653" lon="-94.14216132374854"><ele>412.9559670781893</ele></trkpt>
<trkpt lat="36.539284609053496" lon="-94.14217421812181"><ele>412.93045267489714</ele></trkpt>
<trkpt lat="36.53922980795611" lon="-94.14219782580575"><ele>412.79705075445816</ele></trkpt>
<trkpt lat="36.53910905349794" lon="-94.14224721709469"><ele>412.4010030864198</ele></trkpt>
<trkpt lat="36.53904489283265" lon="-94.1422730075594"><ele>412.2695473251029</ele></trkpt>
<trkpt lat="36.53899151620371" lon="-94.14229280382604"><ele>412.1711516203703</ele></trkpt>
<trkpt lat="36.53896913194445" lon="-94.14229917535224"><ele>412.0997974537037</ele></trkpt>
<trkpt lat="36.53891856481482" lon="-94.14230884260331"><ele>411.8766203703704</ele></trkpt>
<trkpt lat="36.53883799479167" lon="-94.14232163486756"><ele>411.54953703703706</ele></trkpt>
<trkpt lat="36.538730173611114" lon="-94.14233958625921"><ele>411.15656828703703</ele></trkpt>
<trkpt lat="36.53864305844908" lon="-94.14235635996967"><ele>410.8576967592593</ele></trkpt>
<trkpt lat="36.538608350694446" lon="-94.1423621961838"><ele>410.7467013888889</ele></trkpt>
<trkpt lat="36.53857083622685" lon="-94.14236326097173"><ele>410.63009259259263</ele></trkpt>
<trkpt lat="36.53852263599536" lon="-94.14235602134139"><ele>410.4803530092593</ele></trkpt>
<trkpt lat="36.53845934027779" lon="-94.14233852996793"><ele>410.28156828703703</ele></trkpt>
<trkpt lat="36.538384505208334" lon="-94.1423126908168"><ele>410.04175347222224</ele></trkpt>
<trkpt lat="36.538308828125004" lon="-94.14228292230706"><ele>409.78790509259267</ele></trkpt>
<trkpt lat="36.53824253461506" lon="-94.14225263813057"><ele>409.542693329904</ele></trkpt>
<trkpt lat="36.538188620541845" lon="-94.14222227100149"><ele>409.3098851165981</ele></trkpt>
<trkpt lat="36.5381424215535" lon="-94.14218995748185"><ele>409.0793820730453</ele></trkpt>
<trkpt lat="36.5380982188786" lon="-94.14215459739634"><ele>408.84956597222225</ele></trkpt>
<trkpt lat="36.53805272762346" lon="-94.14211703823698"><ele>408.62904771090535</ele></trkpt>
<trkpt lat="36.538006954732516" lon="-94.14208203696144"><ele>408.4390946502058</ele></trkpt>
<trkpt lat="36.53796368312757" lon="-94.14205657745643"><ele>408.3017146776406</ele></trkpt>
<trkpt lat="36.53792596707818" lon="-94.14204630314205"><ele>408.2316186556927</ele></trkpt>
<trkpt lat="36.53789547325103" lon="-94.14205047326018"><ele>408.2195473251029</ele></trkpt>
<trkpt lat="36.537871107119486" lon="-94.1420630847021"><ele>408.1685580771573</ele></trkpt>
<trkpt lat="36.53781907301856" lon="-94.14207969711289"><ele>408.06475698002123</ele></trkpt>
<trkpt lat="36.53776539351852" lon="-94.1420773611072"><ele>407.96095588288523</ele></trkpt>
<trkpt lat="36.53772875" lon="-94.14206999999502"><ele>407.8782407407407</ele></trkpt>
<trkpt lat="36.53763807870371" lon="-94.14205493055043"><ele>407.7824074074074</ele></trkpt>
<trkpt lat="36.53761050925926" lon="-94.14204923610535"><ele>407.8152777777778</ele></trkpt>
<trkpt lat="36.53758402777778" lon="-94.14204182869557"><ele>407.88263888888895</ele></trkpt>
<trkpt lat="36.53755731481481" lon="-94.1420314351732"><ele>407.98819444444445</ele></trkpt>
<trkpt lat="36.53752993055556" lon="-94.14201784720711"><ele>408.131712962963</ele></trkpt>
<trkpt lat="36.53747289351852" lon="-94.14198499998187"><ele>408.48935185185184</ele></trkpt>
<trkpt lat="36.537441944444446" lon="-94.14196807868437"><ele>408.662962962963</ele></trkpt>
<trkpt lat="36.53740900462964" lon="-94.14195215275917"><ele>408.807175925926</ele></trkpt>
<trkpt lat="36.537375625" lon="-94.14193856479991"><ele>408.906712962963</ele></trkpt>
<trkpt lat="36.53734432698903" lon="-94.14192820558023"><ele>408.95786179698223</ele></trkpt>
<trkpt lat="36.5373169101509" lon="-94.1419208941984"><ele>408.96803840877914</ele></trkpt>
<trkpt lat="36.537240423525375" lon="-94.14190283949496"><ele>408.97274519890254</ele></trkpt>
<trkpt lat="36.5372080452675" lon="-94.14189578188068"><ele>409.01954732510285</ele></trkpt>
<trkpt lat="36.53717272976681" lon="-94.14188996398293"><ele>409.0968792866941</ele></trkpt>
<trkpt lat="36.53713617969822" lon="-94.14188746399019"><ele>409.2134087791495</ele></trkpt>
<trkpt lat="36.53709830246914" lon="-94.14188955504777"><ele>409.3848765432099</ele></trkpt>
<trkpt lat="36.53705871399177" lon="-94.14189620800369"><ele>409.6201646090535</ele></trkpt>
<trkpt lat="36.53701882458847" lon="-94.1419061634249"><ele>409.9020576131687</ele></trkpt>
<trkpt lat="36.53698150462962" lon="-94.14191782408965"><ele>410.1925925925926</ele></trkpt>
<trkpt lat="36.536948455075446" lon="-94.14192990913563"><ele>410.4563443072703</ele></trkpt>
<trkpt lat="36.53691946416324" lon="-94.14194191702202"><ele>410.6778120713306</ele></trkpt>
<trkpt lat="36.53683925668724" lon="-94.14197749915859"><ele>411.1340192043896</ele></trkpt>
<trkpt lat="36.536787451131694" lon="-94.14199848080713"><ele>411.32601165980793</ele></trkpt>
<trkpt lat="36.53675018004115" lon="-94.14201271862835"><ele>411.51445473251033</ele></trkpt>
<trkpt lat="36.53670308084706" lon="-94.14203492339556"><ele>411.8889714077504</ele></trkpt>
<trkpt lat="36.536635636574076" lon="-94.14206981195015"><ele>412.353443287037</ele></trkpt>
<trkpt lat="36.53659694444444" lon="-94.14208636577587"><ele>412.5097222222222</ele></trkpt>
<trkpt lat="36.53654972222222" lon="-94.14210095855387"><ele>412.5908521947874</ele></trkpt>
<trkpt lat="36.53648916666666" lon="-94.14211461769351"><ele>412.60577846364885</ele></trkpt>
<trkpt lat="36.53641822916667" lon="-94.14212768172601"><ele>412.5608957047325</ele></trkpt>
<trkpt lat="36.536343576388894" lon="-94.14213975369942"><ele>412.4396229852537</ele></trkpt>
<trkpt lat="36.53626989583334" lon="-94.14215009341655"><ele>412.1926944015775</ele></trkpt>
<trkpt lat="36.536192500000006" lon="-94.14215895841191"><ele>411.7395833333333</ele></trkpt>
<trkpt lat="36.536102237654326" lon="-94.14216724889475"><ele>411.0045696159122</ele></trkpt>
<trkpt lat="36.535993225308644" lon="-94.14217584030634"><ele>409.9736454046639</ele></trkpt>
<trkpt lat="36.53587087962964" lon="-94.14218475577964"><ele>408.74657921810694</ele></trkpt>
<trkpt lat="36.535646126543206" lon="-94.14220042789039"><ele>406.4629029492456</ele></trkpt>
<trkpt lat="36.53556625" lon="-94.14220583338161"><ele>405.6875</ele></trkpt>
<trkpt lat="36.535506219135804" lon="-94.14220975311315"><ele>405.1626714677641</ele></trkpt>
<trkpt lat="36.535456604938275" lon="-94.14221287038573"><ele>404.8074417009603</ele></trkpt>
<trkpt lat="36.53540782407408" lon="-94.1422160185303"><ele>404.54727366255145</ele></trkpt>
<trkpt lat="36.53535573559671" lon="-94.14221981482751"><ele>404.35756172839507</ele></trkpt>
<trkpt lat="36.535300128600824" lon="-94.14222456791597"><ele>404.23976337448556</ele></trkpt>
<trkpt lat="36.53524586419753" lon="-94.1422300000148"><ele>404.20082304526744</ele></trkpt>
<trkpt lat="36.535198744855975" lon="-94.1422354869802"><ele>404.229012345679</ele></trkpt>
<trkpt lat="36.5351629218107" lon="-94.1422404183888"><ele>404.3102880658436</ele></trkpt>
<trkpt lat="36.53511143197017" lon="-94.14224822199078"><ele>404.62086762688614</ele></trkpt>
<trkpt lat="36.53508147698046" lon="-94.14225143465436"><ele>404.86159122085047</ele></trkpt>
<trkpt lat="36.53504392939816" lon="-94.14225408790294"><ele>405.1545524691358</ele></trkpt>
<trkpt lat="36.53499902006173" lon="-94.1422556515776"><ele>405.498945473251</ele></trkpt>
<trkpt lat="36.53494632716049" lon="-94.14225545020227"><ele>405.9068319187243</ele></trkpt>
<trkpt lat="36.53488358796296" lon="-94.14225301213423"><ele>406.39626736111114</ele></trkpt>
<trkpt lat="36.53481137152778" lon="-94.14224802080084"><ele>406.94505208333334</ele></trkpt>
<trkpt lat="36.53473298032407" lon="-94.14223966140358"><ele>407.4854166666667</ele></trkpt>
<trkpt lat="36.534651035879634" lon="-94.14222651611466"><ele>407.9451099537037</ele></trkpt>
<trkpt lat="36.53456549768518" lon="-94.14220764165648"><ele>408.2948206018519</ele></trkpt>
<trkpt lat="36.53447829861111" lon="-94.14218434013567"><ele>408.5439236111111</ele></trkpt>
<trkpt lat="36.534396712962966" lon="-94.14215991596315"><ele>408.69759837962965</ele></trkpt>
<trkpt lat="36.5343289207176" lon="-94.14213744493519"><ele>408.7445891203704</ele></trkpt>
<trkpt lat="36.534277387152784" lon="-94.14211774299893"><ele>408.67690972222226</ele></trkpt>
<trkpt lat="36.53423747395834" lon="-94.14209950516512"><ele>408.5153645833334</ele></trkpt>
<trkpt lat="36.534201770833334" lon="-94.14208042529826"><ele>408.29487847222225</ele></trkpt>
<trkpt lat="36.534163622685185" lon="-94.1420580468049"><ele>408.0401331018519</ele></trkpt>
<trkpt lat="36.53411939814815" lon="-94.14203086795939"><ele>407.7604745370371</ele></trkpt>
<trkpt lat="36.53402121238426" lon="-94.14196913184897"><ele>407.23721064814816</ele></trkpt>
<trkpt lat="36.53397775066444" lon="-94.14194183849443"><ele>407.10094092935526</ele></trkpt>
<trkpt lat="36.53394157578875" lon="-94.1419193329457"><ele>407.09181241426614</ele></trkpt>
<trkpt lat="36.53391171553498" lon="-94.14190077028991"><ele>407.17701260288067</ele></trkpt>
<trkpt lat="36.533870496399174" lon="-94.14187344692095"><ele>407.3714827674897</ele></trkpt>
<trkpt lat="36.53383235939644" lon="-94.1418439300265"><ele>407.4189986282579</ele></trkpt>
<trkpt lat="36.533784999999995" lon="-94.14180960902317"><ele>407.33436213991774</ele></trkpt>
<trkpt lat="36.53373699588477" lon="-94.14177339504424"><ele>407.18868312757206</ele></trkpt>
<trkpt lat="36.53369894375857" lon="-94.14174122082144"><ele>407.1975994513032</ele></trkpt>
<trkpt lat="36.53363491769547" lon="-94.14168530856642"><ele>407.62037037037044</ele></trkpt>
<trkpt lat="36.5335915782536" lon="-94.1416470988887"><ele>407.98499228395065</ele></trkpt>
<trkpt lat="36.53354557581019" lon="-94.14160571213642"><ele>408.4108410493827</ele></trkpt>
<trkpt lat="36.533500703768006" lon="-94.14156407076118"><ele>408.859375</ele></trkpt>
<trkpt lat="36.533458530521266" lon="-94.14152294914821"><ele>409.308950617284</ele></trkpt>
<trkpt lat="36.53341892575446" lon="-94.14148139157163"><ele>409.7555073302469</ele></trkpt>
<trkpt lat="36.533379953703694" lon="-94.14143706585662"><ele>410.21490162037037</ele></trkpt>
<trkpt lat="36.53334115451389" lon="-94.14138999988012"><ele>410.6818576388889</ele></trkpt>
<trkpt lat="36.53330432002315" lon="-94.14134293392145"><ele>411.1179398148148</ele></trkpt>
<trkpt lat="36.53327197048611" lon="-94.1412989524637"><ele>411.47531828703706</ele></trkpt>
<trkpt lat="36.5332445775463" lon="-94.1412584605839"><ele>411.7376446759259</ele></trkpt>
<trkpt lat="36.533220329861116" lon="-94.14121967008127"><ele>411.9269097222222</ele></trkpt>
<trkpt lat="36.53317104166667" lon="-94.14113805836882"><ele>412.2145254629629</ele></trkpt>
<trkpt lat="36.53314189814815" lon="-94.14109110232862"><ele>412.35442708333335</ele></trkpt>
<trkpt lat="36.5331096701389" lon="-94.14104049467949"><ele>412.5</ele></trkpt>
<trkpt lat="36.53307688078704" lon="-94.14099072906482"><ele>412.6455729166667</ele></trkpt>
<trkpt lat="36.53304575381517" lon="-94.14094622634302"><ele>412.78626436042526</ele></trkpt>
<trkpt lat="36.53301671982168" lon="-94.14090830926648"><ele>412.92331961591225</ele></trkpt>
<trkpt lat="36.532989223251036" lon="-94.14087574230057"><ele>413.0613972479424</ele></trkpt>
<trkpt lat="36.532964228395066" lon="-94.14084850393102"><ele>413.1982778206447</ele></trkpt>
<trkpt lat="36.5329429218107" lon="-94.14082715213517"><ele>413.3322648748286</ele></trkpt>
<trkpt lat="36.53290555555556" lon="-94.14079505347817"><ele>413.64814814814815</ele></trkpt>
<trkpt lat="36.532855781893005" lon="-94.14075564194161"><ele>414.13827160493827</ele></trkpt>
<trkpt lat="36.53283019890261" lon="-94.140737015063"><ele>414.3851851851852</ele></trkpt>
<trkpt lat="36.532809924554186" lon="-94.14072500547255"><ele>414.5685185185185</ele></trkpt>
<trkpt lat="36.532777666966744" lon="-94.14071210944252"><ele>414.78987697187927</ele></trkpt>
<trkpt lat="36.53275451667525" lon="-94.14069891802254"><ele>414.9219800240055</ele></trkpt>
<trkpt lat="36.53272309477882" lon="-94.14067692952776"><ele>415.094592335391</ele></trkpt>
<trkpt lat="36.53268379543896" lon="-94.14064652201813"><ele>415.28547668038414</ele></trkpt>
<trkpt lat="36.53263717249658" lon="-94.14060846812143"><ele>415.4664008916324</ele></trkpt>
<trkpt lat="36.532582632887525" lon="-94.14056262409349"><ele>415.62749485596714</ele></trkpt>
<trkpt lat="36.53246290102024" lon="-94.1404603854143"><ele>415.8725758744857</ele></trkpt>
<trkpt lat="36.53240540402092" lon="-94.1404114285574"><ele>415.9359117798354</ele></trkpt>
<trkpt lat="36.532347083333335" lon="-94.14036229128605"><ele>415.94375</ele></trkpt>
<trkpt lat="36.532281107681754" lon="-94.14030729458024"><ele>415.89173525377225</ele></trkpt>
<trkpt lat="36.53211480452675" lon="-94.14016887530235"><ele>415.6539094650206</ele></trkpt>
<trkpt lat="36.53202658264746" lon="-94.14009362500124"><ele>415.5269118655693</ele></trkpt>
<trkpt lat="36.53194703360767" lon="-94.14002201673743"><ele>415.44543895747603</ele></trkpt>
<trkpt lat="36.531878750000004" lon="-94.13995374949698"><ele>415.43958333333336</ele></trkpt>
<trkpt lat="36.531817000534986" lon="-94.13988251517964"><ele>415.5244114540467</ele></trkpt>
<trkpt lat="36.53175528551441" lon="-94.13980202562868"><ele>415.6955846364883</ele></trkpt>
<trkpt lat="36.53169075271605" lon="-94.13971150424494"><ele>415.9268232510288</ele></trkpt>
<trkpt lat="36.531626068107" lon="-94.13961681859547"><ele>416.173688957476</ele></trkpt>
<trkpt lat="36.53156432646091" lon="-94.13952283370581"><ele>416.3961028120713</ele></trkpt>
<trkpt lat="36.53150551407408" lon="-94.13942890618287"><ele>416.57558518518516</ele></trkpt>
<trkpt lat="36.531446459259264" lon="-94.13933022615065"><ele>416.71912592592594</ele></trkpt>
<trkpt lat="36.53132885481482" lon="-94.13912821287897"><ele>416.94023703703704</ele></trkpt>
<trkpt lat="36.531278136296294" lon="-94.13904277299794"><ele>417.0200296296296</ele></trkpt>
<trkpt lat="36.53123484363426" lon="-94.13897358294052"><ele>417.0776483796296</ele></trkpt>
<trkpt lat="36.53119570219907" lon="-94.13891549137868"><ele>417.117943287037</ele></trkpt>
<trkpt lat="36.53111919351852" lon="-94.13880799911968"><ele>417.16955925925924</ele></trkpt>
<trkpt lat="36.531081661213996" lon="-94.13875293512791"><ele>417.1849790123457</ele></trkpt>
<trkpt lat="36.53104509002058" lon="-94.13869575859395"><ele>417.19251543209873</ele></trkpt>
<trkpt lat="36.53097361143261" lon="-94.13857839644216"><ele>417.16881751543207</ele></trkpt>
<trkpt lat="36.530935528227886" lon="-94.13851772566822"><ele>417.1164834104938</ele></trkpt>
<trkpt lat="36.530889375" lon="-94.13844791608904"><ele>417.0125</ele></trkpt>
<trkpt lat="36.53082860082305" lon="-94.13835956442534"><ele>416.83876886145396</ele></trkpt>
<trkpt lat="36.53075023405351" lon="-94.13824791802188"><ele>416.59173525377224</ele></trkpt>
<trkpt lat="36.53065941358024" lon="-94.1381198520422"><ele>416.29315843621396</ele></trkpt>
<trkpt lat="36.53056759516461" lon="-94.13799153683382"><ele>415.98293895747594</ele></trkpt>
<trkpt lat="36.53048582304527" lon="-94.13787903969879"><ele>415.6961762688614</ele></trkpt>
<trkpt lat="36.530418125000004" lon="-94.1377889576933"><ele>415.44166666666655</ele></trkpt>
<trkpt lat="36.53036003182871" lon="-94.13771617368228"><ele>415.1979498885459</ele></trkpt>
<trkpt lat="36.530304308449075" lon="-94.13765119434943"><ele>414.9354734653635</ele></trkpt>
<trkpt lat="36.53024618923612" lon="-94.13758717947341"><ele>414.6336066100823</ele></trkpt>
<trkpt lat="36.53018636574074" lon="-94.1375241303869"><ele>414.28766289437584</ele></trkpt>
<trkpt lat="36.530126689814814" lon="-94.13746415325602"><ele>413.8911115397805</ele></trkpt>
<trkpt lat="36.53006840277778" lon="-94.1374089031587"><ele>413.4419560185185</ele></trkpt>
<trkpt lat="36.530011484375" lon="-94.13735813350688"><ele>412.95824652777776</ele></trkpt>
<trkpt lat="36.52995709201389" lon="-94.13731269661315"><ele>412.4885706018519</ele></trkpt>
<trkpt lat="36.529905513010114" lon="-94.13727331478452"><ele>412.07789459019205</ele></trkpt>
<trkpt lat="36.529855217764066" lon="-94.1372398395838"><ele>411.7418810013717</ele></trkpt>
<trkpt lat="36.52980275720165" lon="-94.13721122066542"><ele>411.471328446502</ele></trkpt>
<trkpt lat="36.529747595164615" lon="-94.13718823436012"><ele>411.26714034636484</ele></trkpt>
<trkpt lat="36.52969119084363" lon="-94.1371725975997"><ele>411.13802940672156</ele></trkpt>
<trkpt lat="36.529637363683136" lon="-94.13716542438698"><ele>411.08428497942384</ele></trkpt>
<trkpt lat="36.52958594307272" lon="-94.13716607001342"><ele>411.08473936899867</ele></trkpt>
<trkpt lat="36.52953305641291" lon="-94.13717444716198"><ele>411.1171382030179</ele></trkpt>
<trkpt lat="36.52946854166668" lon="-94.13719229196714"><ele>411.1729166666667</ele></trkpt>
<trkpt lat="36.52938231052813" lon="-94.13722220472751"><ele>411.25576989026064</ele></trkpt>
<trkpt lat="36.52927002229082" lon="-94.13726467148798"><ele>411.3670953360769</ele></trkpt>
<trkpt lat="36.52913975565844" lon="-94.13731573381753"><ele>411.4946244855967</ele></trkpt>
<trkpt lat="36.52900907321674" lon="-94.13736804341781"><ele>411.613005829904</ele></trkpt>
<trkpt lat="36.52889536608368" lon="-94.13741476649227"><ele>411.69311556927295</ele></trkpt>
<trkpt lat="36.528806249999995" lon="-94.13745333369587"><ele>411.7125</ele></trkpt>
<trkpt lat="36.52873725180041" lon="-94.13748623973574"><ele>411.65931498628254</ele></trkpt>
<trkpt lat="36.528678704989716" lon="-94.13751803280213"><ele>411.53656978737996</ele></trkpt>
<trkpt lat="36.528622241512345" lon="-94.13755294319783"><ele>411.36382458847737</ele></trkpt>
<trkpt lat="36.52856438786008" lon="-94.13759398767046"><ele>411.1787379972565</ele></trkpt>
<trkpt lat="36.528503331082824" lon="-94.13764440234863"><ele>411.01696352023316</ele></trkpt>
<trkpt lat="36.52843845775463" lon="-94.13770587124306"><ele>410.9001446759259</ele></trkpt>
<trkpt lat="36.52837082465278" lon="-94.13777582497397"><ele>410.83133680555557</ele></trkpt>
<trkpt lat="36.528304594907404" lon="-94.13784718200795"><ele>410.8158564814815</ele></trkpt>
<trkpt lat="36.528243798240744" lon="-94.13791320463682"><ele>410.86360833333333</ele></trkpt>
<trkpt lat="36.52818934407408" lon="-94.13797171963746"><ele>410.98114074074067</ele></trkpt>
<trkpt lat="36.52813969590279" lon="-94.13802380537761"><ele>411.1541298611111</ele></trkpt>
<trkpt lat="36.52809276122685" lon="-94.13807090467645"><ele>411.3591469907407</ele></trkpt>
<trkpt lat="36.5280457018287" lon="-94.13811450260805"><ele>411.5848224537037</ele></trkpt>
<trkpt lat="36.52799374222223" lon="-94.13815788466626"><ele>411.84392592592593</ele></trkpt>
<trkpt lat="36.52793286222222" lon="-94.13820457361156"><ele>412.1515851851851</ele></trkpt>
<trkpt lat="36.52786424" lon="-94.13825474697255"><ele>412.49577777777773</ele></trkpt>
<trkpt lat="36.52779432444444" lon="-94.1383044891718"><ele>412.8327851851852</ele></trkpt>
<trkpt lat="36.527729031111114" lon="-94.1383497068998"><ele>413.1159259259259</ele></trkpt>
<trkpt lat="36.52766833349538" lon="-94.13839012605405"><ele>413.32601550925926</ele></trkpt>
<trkpt lat="36.52760759733796" lon="-94.13842866349894"><ele>413.47101504629626</ele></trkpt>
<trkpt lat="36.52754304256946" lon="-94.13846758234122"><ele>413.55655069444447</ele></trkpt>
<trkpt lat="36.527474425740756" lon="-94.13850617314318"><ele>413.5570351851852</ele></trkpt>
<trkpt lat="36.52740202666667" lon="-94.13854278158126"><ele>413.4256902777778</ele></trkpt>
<trkpt lat="36.52732537037038" lon="-94.13857667551157"><ele>413.13269675925926</ele></trkpt>
<trkpt lat="36.52724516493056" lon="-94.13860802098941"><ele>412.7021701388889</ele></trkpt>
<trkpt lat="36.52716524016204" lon="-94.13863599839752"><ele>412.1902488425926</ele></trkpt>
<trkpt lat="36.527088946759264" lon="-94.13865947058832"><ele>411.6395543981481</ele></trkpt>
<trkpt lat="36.52701609085648" lon="-94.1386781077149"><ele>411.0587384259259</ele></trkpt>
<trkpt lat="36.526944175347225" lon="-94.13869252609794"><ele>410.45659722222223</ele></trkpt>
<trkpt lat="36.52687085648149" lon="-94.13870273440965"><ele>409.8656828703704</ele></trkpt>
<trkpt lat="36.52679355324074" lon="-94.13870796296986"><ele>409.31964699074075</ele></trkpt>
<trkpt lat="36.526709548611116" lon="-94.13870763597347"><ele>408.82265624999997</ele></trkpt>
<trkpt lat="36.52661950520834" lon="-94.1387021961346"><ele>408.3549479166667</ele></trkpt>
<trkpt lat="36.52652861979168" lon="-94.13869198488598"><ele>407.89565972222226</ele></trkpt>
<trkpt lat="36.526441993634265" lon="-94.13867649006838"><ele>407.42531828703704</ele></trkpt>
<trkpt lat="36.5263605324074" lon="-94.1386550317078"><ele>406.9252025462963</ele></trkpt>
<trkpt lat="36.52628329861112" lon="-94.1386286804211"><ele>406.39340277777774</ele></trkpt>
<trkpt lat="36.52621167824074" lon="-94.13860008378552"><ele>405.8503761574074</ele></trkpt>
<trkpt lat="36.52614800925926" lon="-94.13857145822539"><ele>405.3148148148148</ele></trkpt>
<trkpt lat="36.52609225694445" lon="-94.13854311043801"><ele>404.7841145833333</ele></trkpt>
<trkpt lat="36.52604197916667" lon="-94.13851434018908"><ele>404.25</ele></trkpt>
<trkpt lat="36.52599506944445" lon="-94.13848444724948"><ele>403.71588541666665</ele></trkpt>
<trkpt lat="36.5259500607639" lon="-94.13845252305376"><ele>403.18538773148146</ele></trkpt>
<trkpt lat="36.52590559895834" lon="-94.13841754329785"><ele>402.65185185185186</ele></trkpt>
<trkpt lat="36.52586148437501" lon="-94.13837999989188"><ele>402.1181423611111</ele></trkpt>
<trkpt lat="36.52581989583334" lon="-94.1383424565017"><ele>401.61530671296293</ele></trkpt>
<trkpt lat="36.525783258316196" lon="-94.13830715281058"><ele>401.17683577674893</ele></trkpt>
<trkpt lat="36.52575184842251" lon="-94.1382738562517"><ele>400.805195473251</ele></trkpt>
<trkpt lat="36.52572351048097" lon="-94.13823967040811"><ele>400.46242283950613</ele></trkpt>
<trkpt lat="36.525696657128776" lon="-94.13820202487474"><ele>400.10697016460904</ele></trkpt>
<trkpt lat="36.52567092646177" lon="-94.13815946807533"><ele>399.7103137860082</ele></trkpt>
<trkpt lat="36.525647345679026" lon="-94.13811226332312"><ele>399.2648148148148</ele></trkpt>
<trkpt lat="36.52562691358025" lon="-94.13806095331523"><ele>398.7679698216735</ele></trkpt>
<trkpt lat="36.52561086419754" lon="-94.13800643343524"><ele>398.2248285322359</ele></trkpt>
<trkpt lat="36.52560086419753" lon="-94.13794999998153"><ele>397.6539094650206</ele></trkpt>
<trkpt lat="36.525599149519884" lon="-94.13789355281769"><ele>397.0875171467764</ele></trkpt>
<trkpt lat="36.52560762002743" lon="-94.13783889578019"><ele>396.55075445816186</ele></trkpt>
<trkpt lat="36.52562664609054" lon="-94.13778695478844"><ele>396.0343621399177</ele></trkpt>
<trkpt lat="36.52565442699588" lon="-94.13773831551717"><ele>395.5055994513031</ele></trkpt>
<trkpt lat="36.52568834469135" lon="-94.13769350784408"><ele>394.9348120713306</ele></trkpt>
<trkpt lat="36.5257250836214" lon="-94.13765373769776"><ele>394.3334074074074</ele></trkpt>
<trkpt lat="36.525763293278466" lon="-94.13761891010702"><ele>393.7141481481481</ele></trkpt>
<trkpt lat="36.52580446293553" lon="-94.1375874148798"><ele>393.057012345679</ele></trkpt>
<trkpt lat="36.52585377333334" lon="-94.13755524313338"><ele>392.2829629629629</ele></trkpt>
<trkpt lat="36.52598601333334" lon="-94.13747738249198"><ele>390.2288888888889</ele></trkpt>
<trkpt lat="36.52605874666667" lon="-94.13743135287177"><ele>389.0905925925926</ele></trkpt>
<trkpt lat="36.52612586222223" lon="-94.13737986547214"><ele>388.0162962962963</ele></trkpt>
<trkpt lat="36.5261860162963" lon="-94.13731875884262"><ele>387.0138518518519</ele></trkpt>
<trkpt lat="36.52624276148148" lon="-94.1372444418604"><ele>386.02503703703707</ele></trkpt>
<trkpt lat="36.52629839555555" lon="-94.13716016928899"><ele>385.0295555555556</ele></trkpt>
<trkpt lat="36.52635129925926" lon="-94.13707618405837"><ele>384.0843703703704</ele></trkpt>
<trkpt lat="36.526398727407404" lon="-94.13700284767587"><ele>383.2671851851852</ele></trkpt>
<trkpt lat="36.52644110530093" lon="-94.1369433302399"><ele>382.5943541666667</ele></trkpt>
<trkpt lat="36.52648173831019" lon="-94.13689369066215"><ele>382.0164513888889</ele></trkpt>
<trkpt lat="36.52652315215278" lon="-94.13684886277203"><ele>381.4790208333334</ele></trkpt>
<trkpt lat="36.52656493018519" lon="-94.13680709937454"><ele>380.967</ele></trkpt>
<trkpt lat="36.52660584349537" lon="-94.13676869715736"><ele>380.4857835648148</ele></trkpt>
<trkpt lat="36.526645789930555" lon="-94.13673358515562"><ele>380.0314525462963</ele></trkpt>
<trkpt lat="36.52668598958334" lon="-94.13670049487516"><ele>379.5785590277777</ele></trkpt>
<trkpt lat="36.526727873263894" lon="-94.13666824661689"><ele>379.08917824074075</ele></trkpt>
<trkpt lat="36.52677305682871" lon="-94.13663573468735"><ele>378.521699537037</ele></trkpt>
<trkpt lat="36.526876312152794" lon="-94.13656481411206"><ele>377.1010229166667</ele></trkpt>
<trkpt lat="36.52693008831019" lon="-94.13652351928651"><ele>376.3419965277778</ele></trkpt>
<trkpt lat="36.526982268634264" lon="-94.13647333866297"><ele>375.6242006944445</ele></trkpt>
<trkpt lat="36.527035214814816" lon="-94.1364071929727"><ele>374.9306666666667</ele></trkpt>
<trkpt lat="36.527092674074076" lon="-94.13632083902856"><ele>374.2131555555556</ele></trkpt>
<trkpt lat="36.527154577777786" lon="-94.1362195783457"><ele>373.4626666666667</ele></trkpt>
<trkpt lat="36.52721576296297" lon="-94.13611759902801"><ele>372.73373333333336</ele></trkpt>
<trkpt lat="36.52727077037038" lon="-94.13602879297251"><ele>372.0897777777778</ele></trkpt>
<trkpt lat="36.52731890486112" lon="-94.1359577630168"><ele>371.5414914351852</ele></trkpt>
<trkpt lat="36.52736391458333" lon="-94.13589968827577"><ele>371.04778356481484</ele></trkpt>
<trkpt lat="36.527409868750006" lon="-94.13584724385578"><ele>370.5646784722223</ele></trkpt>
<trkpt lat="36.52745883055556" lon="-94.13579566443812"><ele>370.0770203703704</ele></trkpt>
<trkpt lat="36.527512282175934" lon="-94.13574221457819"><ele>369.5819902777778</ele></trkpt>
<trkpt lat="36.52757127893519" lon="-94.13568526354818"><ele>369.07667824074076</ele></trkpt>
<trkpt lat="36.527634340277785" lon="-94.13562533011333"><ele>368.56814236111114</ele></trkpt>
<trkpt lat="36.52769627893519" lon="-94.13556595798224"><ele>368.0904803240741</ele></trkpt>
<trkpt lat="36.527752034143525" lon="-94.13551046603779"><ele>367.6796296296297</ele></trkpt>
<trkpt lat="36.52780026331019" lon="-94.13545923625517"><ele>367.3437789351852</ele></trkpt>
<trkpt lat="36.527842855902776" lon="-94.13541049491535"><ele>367.0582465277778</ele></trkpt>
<trkpt lat="36.52788179976852" lon="-94.13536259560027"><ele>366.7867476851852</ele></trkpt>
<trkpt lat="36.52791847511575" lon="-94.1353139729141"><ele>366.4957465277778</ele></trkpt>
<trkpt lat="36.527954273726856" lon="-94.13526249433504"><ele>366.1657696759259</ele></trkpt>
<trkpt lat="36.52799032986112" lon="-94.13520637166378"><ele>365.8065972222222</ele></trkpt>
<trkpt lat="36.52802694733797" lon="-94.13514407423031"><ele>365.45865162037035</ele></trkpt>
<trkpt lat="36.52806447337964" lon="-94.1350730007692"><ele>365.16417824074074</ele></trkpt>
<trkpt lat="36.5281037181713" lon="-94.1349901825255"><ele>364.9341145833334</ele></trkpt>
<trkpt lat="36.528144340277784" lon="-94.13489653671598"><ele>364.7401041666667</ele></trkpt>
<trkpt lat="36.528183839699075" lon="-94.13479699677359"><ele>364.52925347222225</ele></trkpt>
<trkpt lat="36.52821949652778" lon="-94.13469545160498"><ele>364.24528356481477</ele></trkpt>
<trkpt lat="36.52825055266204" lon="-94.13459151061004"><ele>363.8528935185185</ele></trkpt>
<trkpt lat="36.52827769097222" lon="-94.1344845053827"><ele>363.35876736111106</ele></trkpt>
<trkpt lat="36.52830089988426" lon="-94.13437665813157"><ele>362.7944733796296</ele></trkpt>
<trkpt lat="36.5283194068287" lon="-94.13427003772397"><ele>362.1788773148148</ele></trkpt>
<trkpt lat="36.528332505787034" lon="-94.13416375585952"><ele>361.5009548611111</ele></trkpt>
<trkpt lat="36.52833922743055" lon="-94.13405763892058"><ele>360.74557291666673</ele></trkpt>
<trkpt lat="36.528336125578704" lon="-94.13395601269984"><ele>359.8975694444445</ele></trkpt>
<trkpt lat="36.528318015046295" lon="-94.13386401897856"><ele>358.92583912037037</ele></trkpt>
<trkpt lat="36.52828176215278" lon="-94.13378264158037"><ele>357.79846643518516</ele></trkpt>
<trkpt lat="36.52823054687501" lon="-94.13370978274222"><ele>356.55329861111113</ele></trkpt>
<trkpt lat="36.52817175347223" lon="-94.13364506342445"><ele>355.31374421296294</ele></trkpt>
<trkpt lat="36.5281118063426" lon="-94.13358978448107"><ele>354.21018819444447</ele></trkpt>
<trkpt lat="36.52805246907408" lon="-94.13354392039199"><ele>353.2969092592592</ele></trkpt>
<trkpt lat="36.527993310486124" lon="-94.13350550589404"><ele>352.5776368055555</ele></trkpt>
<trkpt lat="36.52793311886574" lon="-94.13347257242575"><ele>352.08288078703697</ele></trkpt>
<trkpt lat="36.52786852474537" lon="-94.13344366866212"><ele>351.8985608796296</ele></trkpt>
<trkpt lat="36.527792607407406" lon="-94.13341663684109"><ele>352.10282962962964</ele></trkpt>
<trkpt lat="36.527699823703706" lon="-94.13338915827437"><ele>352.6944148148148</ele></trkpt>
<trkpt lat="36.5275928888889" lon="-94.13336084417945"><ele>353.5599555555556</ele></trkpt>
<trkpt lat="36.52748236148149" lon="-94.1333339671704"><ele>354.52752592592594</ele></trkpt>
<trkpt lat="36.527377318518525" lon="-94.13331139241372"><ele>355.4672740740741</ele></trkpt>
<trkpt lat="36.527277995555565" lon="-94.1332941983925"><ele>356.35453333333334</ele></trkpt>
<trkpt lat="36.52717836000001" lon="-94.1332813124979"><ele>357.2359111111111</ele></trkpt>
<trkpt lat="36.52707601333333" lon="-94.13327118214518"><ele>358.1297333333333</ele></trkpt>
<trkpt lat="36.526975391111115" lon="-94.13326306364395"><ele>358.98906666666664</ele></trkpt>
<trkpt lat="36.52688164" lon="-94.13325704292332"><ele>359.75275555555555</ele></trkpt>
<trkpt lat="36.52679425484911" lon="-94.13325320676194"><ele>360.4090501371742</ele></trkpt>
<trkpt lat="36.526708109019204" lon="-94.13325119460711"><ele>360.9984008916324</ele></trkpt>
<trkpt lat="36.52662130788066" lon="-94.1332503866441"><ele>361.55578374485594</ele></trkpt>
<trkpt lat="36.52645440176269" lon="-94.13325046975118"><ele>362.6203711248285</ele></trkpt>
<trkpt lat="36.52637187500001" lon="-94.1332510416763"><ele>363.18125</ele></trkpt>
<trkpt lat="36.52627945130316" lon="-94.13325200790334"><ele>363.84245541838135</ele></trkpt>
<trkpt lat="36.52604863168725" lon="-94.13325509776202"><ele>365.5245884773662</ele></trkpt>
<trkpt lat="36.525924265260635" lon="-94.1332569710479"><ele>366.36585219478735</ele></trkpt>
<trkpt lat="36.52580753772291" lon="-94.13325892149385"><ele>367.01591220850474</ele></trkpt>
<trkpt lat="36.52569895833334" lon="-94.13326104169606"><ele>367.37708333333325</ele></trkpt>
<trkpt lat="36.525589957990405" lon="-94.13326356227998"><ele>367.4327160493827</ele></trkpt>
<trkpt lat="36.52547181412895" lon="-94.13326672329893"><ele>367.2340277777778</ele></trkpt>
<trkpt lat="36.52534436471194" lon="-94.13327073308531"><ele>366.8824074074074</ele></trkpt>
<trkpt lat="36.52521583419068" lon="-94.13327599030737"><ele>366.5008487654321</ele></trkpt>
<trkpt lat="36.52509400120028" lon="-94.13328340804385"><ele>366.2</ele></trkpt>
<trkpt lat="36.52497750000001" lon="-94.1332945835299"><ele>366.0479166666667</ele></trkpt>
<trkpt lat="36.52485639660495" lon="-94.13331117485448"><ele>366.06171124828535</ele></trkpt>
<trkpt lat="36.5247220601852" lon="-94.13333364580325"><ele>366.21856138545957</ele></trkpt>
<trkpt lat="36.52457719907408" lon="-94.13336009817523"><ele>366.46661522633747</ele></trkpt>
<trkpt lat="36.524314513888896" lon="-94.13340975509242"><ele>366.9962791495199</ele></trkpt>
<trkpt lat="36.52421937500001" lon="-94.13342750018386"><ele>367.20625</ele></trkpt>
<trkpt lat="36.524145561235436" lon="-94.1334407198432"><ele>367.38385202331966</ele></trkpt>
<trkpt lat="36.524083249206974" lon="-94.1334512196301"><ele>367.5488383058985</ele></trkpt>
<trkpt lat="36.523972409122095" lon="-94.13346820647797"><ele>367.84239540466393</ele></trkpt>
<trkpt lat="36.52392750771605" lon="-94.13347407066256"><ele>367.9210476680384</ele></trkpt>
<trkpt lat="36.52389248285323" lon="-94.13347715707145"><ele>367.92153635116597</ele></trkpt>
<trkpt lat="36.523864039673356" lon="-94.13347660365012"><ele>367.8400591563786</ele></trkpt>
<trkpt lat="36.52383801890347" lon="-94.13347135207003"><ele>367.6861579903978</ele></trkpt>
<trkpt lat="36.52381119507802" lon="-94.13346045024038"><ele>367.4698160836763</ele></trkpt>
<trkpt lat="36.52378354386832" lon="-94.13344390991682"><ele>367.2009102880658</ele></trkpt>
<trkpt lat="36.52375466529493" lon="-94.13342108853578"><ele>366.8643895747599</ele></trkpt>
<trkpt lat="36.52372235561044" lon="-94.13338890612926"><ele>366.4069503429355</ele></trkpt>
<trkpt lat="36.523681791111116" lon="-94.133341813063"><ele>365.7439111111111</ele></trkpt>
<trkpt lat="36.52362977333334" lon="-94.13327659960446"><ele>364.8313333333333</ele></trkpt>
<trkpt lat="36.52356822666667" lon="-94.13319695953258"><ele>363.73226666666665</ele></trkpt>
<trkpt lat="36.523503662222225" lon="-94.1331121462048"><ele>362.60302222222225</ele></trkpt>
<trkpt lat="36.52344134666667" lon="-94.13302927957294"><ele>361.58746666666667</ele></trkpt>
<trkpt lat="36.52338119407408" lon="-94.13294812698103"><ele>360.72842962962966</ele></trkpt>
<trkpt lat="36.5233196637037" lon="-94.13286395657481"><ele>359.9776148148148</ele></trkpt>
<trkpt lat="36.523255928888894" lon="-94.13277592841186"><ele>359.28715555555556</ele></trkpt>
<trkpt lat="36.52319377481482" lon="-94.13268948105238"><ele>358.6599259259259</ele></trkpt>
<trkpt lat="36.52313763851852" lon="-94.13261070483937"><ele>358.12487407407406</ele></trkpt>
<trkpt lat="36.52308758537038" lon="-94.1325394977715"><ele>357.68265138888887</ele></trkpt>
<trkpt lat="36.523039915740746" lon="-94.13247090390605"><ele>357.30079861111113</ele></trkpt>
<trkpt lat="36.52299179111112" lon="-94.13240219725535"><ele>356.95387916666664</ele></trkpt>
<trkpt lat="36.52294403907408" lon="-94.13233733257279"><ele>356.6552277777778</ele></trkpt>
<trkpt lat="36.52289884296297" lon="-94.13228259392682"><ele>356.4378666666666</ele></trkpt>
<trkpt lat="36.52285685018518" lon="-94.13224112971605"><ele>356.32441666666665</ele></trkpt>
<trkpt lat="36.522816382777776" lon="-94.13221078964942"><ele>356.31452083333335</ele></trkpt>
<trkpt lat="36.52277410185185" lon="-94.13218780224642"><ele>356.41720138888894</ele></trkpt>
<trkpt lat="36.52272416592593" lon="-94.13216882649168"><ele>356.6754375</ele></trkpt>
<trkpt lat="36.52265893925925" lon="-94.13215139396102"><ele>357.15198518518514</ele></trkpt>
<trkpt lat="36.52257394962963" lon="-94.13213357466644"><ele>357.86694814814814</ele></trkpt>
<trkpt lat="36.52247407111111" lon="-94.13211466205519"><ele>358.73648888888886</ele></trkpt>
<trkpt lat="36.52237261185185" lon="-94.13209517465594"><ele>359.583037037037</ele></trkpt>
<trkpt lat="36.52228222814815" lon="-94.13207539393616"><ele>360.21954074074074</ele></trkpt>
<trkpt lat="36.52220677333334" lon="-94.13205435691151"><ele>360.5432148148148</ele></trkpt>
<trkpt lat="36.52214160444444" lon="-94.13203057616859"><ele>360.5654962962963</ele></trkpt>
<trkpt lat="36.522081013333334" lon="-94.13200381764207"><ele>360.36724444444445</ele></trkpt>
<trkpt lat="36.52202214666667" lon="-94.13197504726105"><ele>360.028162962963</ele></trkpt>
<trkpt lat="36.521962862222225" lon="-94.1319444013078"><ele>359.5698814814815</ele></trkpt>
<trkpt lat="36.52189880444445" lon="-94.13191001754853"><ele>358.9602222222222</ele></trkpt>
<trkpt lat="36.52174398666667" lon="-94.13182474633754"><ele>357.2753333333334</ele></trkpt>
<trkpt lat="36.52166072888889" lon="-94.13177927524657"><ele>356.4192444444445</ele></trkpt>
<trkpt lat="36.52158156" lon="-94.13173757307126"><ele>355.7806666666667</ele></trkpt>
<trkpt lat="36.521506102222226" lon="-94.13170030643516"><ele>355.45560000000006</ele></trkpt>
<trkpt lat="36.52142968888889" lon="-94.13166504866015"><ele>355.42146666666673</ele></trkpt>
<trkpt lat="36.521350760000004" lon="-94.13162974643468"><ele>355.5652</ele></trkpt>
<trkpt lat="36.52127312444445" lon="-94.13159401310881"><ele>355.73480000000006</ele></trkpt>
<trkpt lat="36.521201124444445" lon="-94.13155728422402"><ele>355.7889333333334</ele></trkpt>
<trkpt lat="36.52113368368056" lon="-94.13151665827581"><ele>355.62954259259266</ele></trkpt>
<trkpt lat="36.521065764930555" lon="-94.13146861452991"><ele>355.23082407407406</ele></trkpt>
<trkpt lat="36.52099463645834" lon="-94.13141225190991"><ele>354.6400111111111</ele></trkpt>
<trkpt lat="36.52092326944445" lon="-94.13134992673167"><ele>353.94813518518515</ele></trkpt>
<trkpt lat="36.52085593715279" lon="-94.13128358254143"><ele>353.2244361111111</ele></trkpt>
<trkpt lat="36.520794453125006" lon="-94.13121390598322"><ele>352.4998842592592</ele></trkpt>
<trkpt lat="36.520737968750005" lon="-94.13114296850426"><ele>351.79618055555557</ele></trkpt>
<trkpt lat="36.520686536458335" lon="-94.13107708313242"><ele>351.1710648148148</ele></trkpt>
<trkpt lat="36.52064013578104" lon="-94.1310227999282"><ele>350.6889403292181</ele></trkpt>
<trkpt lat="36.52059740312072" lon="-94.13098243646684"><ele>350.37209362139913</ele></trkpt>
<trkpt lat="36.520554921232" lon="-94.13095341750784"><ele>350.18036265432096</ele></trkpt>
<trkpt lat="36.52051048557528" lon="-94.13093307845078"><ele>350.0543852880658</ele></trkpt>
<trkpt lat="36.520463384023486" lon="-94.13092033970062"><ele>349.9499356995885</ele></trkpt>
<trkpt lat="36.5204146090535" lon="-94.13091547324925"><ele>349.85</ele></trkpt>
<trkpt lat="36.5203649314129" lon="-94.13091818245712"><ele>349.74986282578874</ele></trkpt>
<trkpt lat="36.52031506858712" lon="-94.13092811388628"><ele>349.6484910836762</ele></trkpt>
<trkpt lat="36.52026539094651" lon="-94.13094508235227"><ele>349.5421810699588</ele></trkpt>
<trkpt lat="36.52021661018948" lon="-94.13096885883758"><ele>349.4258530521261</ele></trkpt>
<trkpt lat="36.52016945076732" lon="-94.13099852170028"><ele>349.2935913923182</ele></trkpt>
<trkpt lat="36.52012474890689" lon="-94.13103082730082"><ele>349.1399562757201</ele></trkpt>
<trkpt lat="36.520081439471866" lon="-94.13106135980756"><ele>348.94808813443063</ele></trkpt>
<trkpt lat="36.52003685785322" lon="-94.1310862046175"><ele>348.6919356567215</ele></trkpt>
<trkpt lat="36.519987245370366" lon="-94.1311047222698"><ele>348.35332754629627</ele></trkpt>
<trkpt lat="36.51993120659722" lon="-94.1311185156684"><ele>347.95824652777776</ele></trkpt>
<trkpt lat="36.519868712384266" lon="-94.13112978302922"><ele>347.5771990740741</ele></trkpt>
<trkpt lat="36.519799643634265" lon="-94.13113989715313"><ele>347.2844342592592</ele></trkpt>
<trkpt lat="36.51972291203704" lon="-94.13114955190434"><ele>347.11060555555554</ele></trkpt>
<trkpt lat="36.519640647222225" lon="-94.13115878616551"><ele>347.0347145833333</ele></trkpt>
<trkpt lat="36.51955771481482" lon="-94.13116706578897"><ele>347.01789930555555</ele></trkpt>
<trkpt lat="36.51947716851853" lon="-94.1311737009631"><ele>347.03260902777777</ele></trkpt>
<trkpt lat="36.519395317037045" lon="-94.13117855113882"><ele>347.0697777777778</ele></trkpt>
<trkpt lat="36.51930615407407" lon="-94.1311820400226"><ele>347.1234666666666</ele></trkpt>
<trkpt lat="36.519209071111106" lon="-94.13118474668666"><ele>347.1746666666666</ele></trkpt>
<trkpt lat="36.51911040740741" lon="-94.1311870222399"><ele>347.18275555555556</ele></trkpt>
<trkpt lat="36.51901585037037" lon="-94.13118904001587"><ele>347.08933333333334</ele></trkpt>
<trkpt lat="36.51892418814815" lon="-94.13119096446032"><ele>346.8411851851852</ele></trkpt>
<trkpt lat="36.5188300162963" lon="-94.13119302668439"><ele>346.4245037037037</ele></trkpt>
<trkpt lat="36.518733124444445" lon="-94.13119550668652"><ele>345.89155555555556</ele></trkpt>
<trkpt lat="36.51864154962962" lon="-94.13119884891029"><ele>345.34423703703703</ele></trkpt>
<trkpt lat="36.51856552148147" lon="-94.13120385335634"><ele>344.8785185185185</ele></trkpt>
<trkpt lat="36.51850863829904" lon="-94.13121189050649"><ele>344.5321657064472</ele></trkpt>
<trkpt lat="36.518466336351175" lon="-94.13122459482014"><ele>344.28114128943764</ele></trkpt>
<trkpt lat="36.51843050156379" lon="-94.13124440926302"><ele>344.0730008230453</ele></trkpt>
<trkpt lat="36.51839567151663" lon="-94.13127327318196"><ele>343.86909741941014</ele></trkpt>
<trkpt lat="36.51835982536608" lon="-94.13131224430916"><ele>343.6588041237997</ele></trkpt>
<trkpt lat="36.51832445183899" lon="-94.13135909796154"><ele>343.4733957047325</ele></trkpt>
<trkpt lat="36.518290693587105" lon="-94.13141191025747"><ele>343.37530006858714</ele></trkpt>
<trkpt lat="36.518258826731824" lon="-94.13147052020636"><ele>343.43615504972564</ele></trkpt>
<trkpt lat="36.51822721064815" lon="-94.13153700535354"><ele>343.683130787037</ele></trkpt>
<trkpt lat="36.51816339988426" lon="-94.13168116333485"><ele>344.47792245370374</ele></trkpt>
<trkpt lat="36.518132951388885" lon="-94.13174457476495"><ele>344.81438078703707</ele></trkpt>
<trkpt lat="36.51810337094907" lon="-94.13179756085486"><ele>345.02123842592596</ele></trkpt>
<trkpt lat="36.51807285590277" lon="-94.13184302091908"><ele>345.07300347222224</ele></trkpt>
<trkpt lat="36.51803869212962" lon="-94.13188511294634"><ele>344.90865162037034</ele></trkpt>
<trkpt lat="36.517997520254625" lon="-94.13192745672865"><ele>344.43127893518516</ele></trkpt>
<trkpt lat="36.51794673900463" lon="-94.13197267378479"><ele>343.58680555555554</ele></trkpt>
<trkpt lat="36.517887361111114" lon="-94.13202148457938"><ele>342.4703125</ele></trkpt>
<trkpt lat="36.51782349247686" lon="-94.13207282139729"><ele>341.3032986111111</ele></trkpt>
<trkpt lat="36.5177584837963" lon="-94.13212600138412"><ele>340.29832175925924</ele></trkpt>
<trkpt lat="36.51769267650464" lon="-94.13218180290674"><ele>339.53935185185185</ele></trkpt>
<trkpt lat="36.51762631944445" lon="-94.13224016518234"><ele>338.9923611111111</ele></trkpt>
<trkpt lat="36.51756220775464" lon="-94.13229880810235"><ele>338.60254629629634</ele></trkpt>
<trkpt lat="36.51750377993056" lon="-94.13235517658707"><ele>338.3407203703704</ele></trkpt>
<trkpt lat="36.51745164648148" lon="-94.13240912425081"><ele>338.18982222222223</ele></trkpt>
<trkpt lat="36.51740394909723" lon="-94.13246182691348"><ele>338.11203333333333</ele></trkpt>
<trkpt lat="36.51735797210649" lon="-94.13251496282365"><ele>338.0547222222222</ele></trkpt>
<trkpt lat="36.517309919282404" lon="-94.13257198628577"><ele>337.9642111111111</ele></trkpt>
<trkpt lat="36.51725418962963" lon="-94.13263921376777"><ele>337.8016</ele></trkpt>
<trkpt lat="36.51718681481482" lon="-94.1327212583672"><ele>337.5549777777778</ele></trkpt>
<trkpt lat="36.51711067555556" lon="-94.13281449398802"><ele>337.25253333333336</ele></trkpt>
<trkpt lat="36.517035685925926" lon="-94.13290686724122"><ele>336.95439999999996</ele></trkpt>
<trkpt lat="36.51697223407408" lon="-94.13298596929019"><ele>336.72248888888885</ele></trkpt>
<trkpt lat="36.516924049382716" lon="-94.13304778361062"><ele>336.5903226337448</ele></trkpt>
<trkpt lat="36.516887629629636" lon="-94.1330972676236"><ele>336.55348971193416</ele></trkpt>
<trkpt lat="36.51685674074075" lon="-94.13314316354719"><ele>336.586612345679</ele></trkpt>
<trkpt lat="36.51682774498457" lon="-94.1331909699104"><ele>336.6586906893004</ele></trkpt>
<trkpt lat="36.516799614583334" lon="-94.13324279292819"><ele>336.7464926440329</ele></trkpt>
<trkpt lat="36.51677313078704" lon="-94.13329745474829"><ele>336.8308834876544</ele></trkpt>
<trkpt lat="36.5167475771605" lon="-94.13335651501546"><ele>336.8984825102881</ele></trkpt>
<trkpt lat="36.51672149333334" lon="-94.13342328564963"><ele>336.94026995884775</ele></trkpt>
<trkpt lat="36.51669294148149" lon="-94.13350197869987"><ele>336.96230185185186</ele></trkpt>
<trkpt lat="36.51666245680556" lon="-94.13359029902942"><ele>336.99478194444447</ele></trkpt>
<trkpt lat="36.516632264120375" lon="-94.1336820079646"><ele>337.1006921296296</ele></trkpt>
<trkpt lat="36.51660441532408" lon="-94.13377297050447"><ele>337.3744800925926</ele></trkpt>
<trkpt lat="36.51657839555556" lon="-94.13386723429171"><ele>337.9088888888889</ele></trkpt>
<trkpt lat="36.5165524" lon="-94.13397106839521"><ele>338.7343111111111</ele></trkpt>
<trkpt lat="36.51652601333333" lon="-94.1340831424776"><ele>339.7626666666667</ele></trkpt>
<trkpt lat="36.516501351111124" lon="-94.13419205503254"><ele>340.81257777777773</ele></trkpt>
<trkpt lat="36.516481240000005" lon="-94.13428510088993"><ele>341.71155555555555</ele></trkpt>
<trkpt lat="36.51646690666667" lon="-94.1343577645288"><ele>342.38908148148147</ele></trkpt>
<trkpt lat="36.51645741777778" lon="-94.13441510670977"><ele>342.8819851851852</ele></trkpt>
<trkpt lat="36.51645101333334" lon="-94.13446550669052"><ele>343.26031111111115</ele></trkpt>
<trkpt lat="36.51644633333334" lon="-94.1345167689059"><ele>343.5710962962963</ele></trkpt>
<trkpt lat="36.5164427288889" lon="-94.13457705334933"><ele>343.8335259259259</ele></trkpt>
<trkpt lat="36.516439842962974" lon="-94.13465540001815"><ele>344.06325925925927</ele></trkpt>
<trkpt lat="36.516437334814825" lon="-94.1347568400214"><ele>344.2784296296296</ele></trkpt>
<trkpt lat="36.516432352592595" lon="-94.13499316002276"><ele>344.6590518518518</ele></trkpt>
<trkpt lat="36.51642935407408" lon="-94.13509460002106"><ele>344.7761481481481</ele></trkpt>
<trkpt lat="36.51642545002315" lon="-94.13517325747456"><ele>344.81316990740737</ele></trkpt>
<trkpt lat="36.51642008692129" lon="-94.13523443312536"><ele>344.7700023148148</ele></trkpt>
<trkpt lat="36.51641262631944" lon="-94.1352871665582"><ele>344.6621847222222</ele></trkpt>
<trkpt lat="36.51640195962963" lon="-94.13533830911969"><ele>344.50668148148145</ele></trkpt>
<trkpt lat="36.51638666" lon="-94.13539181488613"><ele>344.31127407407405</ele></trkpt>
<trkpt lat="36.51636587537037" lon="-94.13544980954639"><ele>344.08116666666666</ele></trkpt>
<trkpt lat="36.51634080618056" lon="-94.13551177804234"><ele>343.8391874999999</ele></trkpt>
<trkpt lat="36.51631377557871" lon="-94.13557576333716"><ele>343.63056249999994</ele></trkpt>
<trkpt lat="36.51628604747686" lon="-94.13564216864444"><ele>343.50902083333324</ele></trkpt>
<trkpt lat="36.51625624740741" lon="-94.13571618245136"><ele>343.506874074074</ele></trkpt>
<trkpt lat="36.51622242370371" lon="-94.13580293362888"><ele>343.6209481481481</ele></trkpt>
<trkpt lat="36.51618516888889" lon="-94.13590025365909"><ele>343.8118222222222</ele></trkpt>
<trkpt lat="36.516148201481485" lon="-94.13599800473868"><ele>344.02281481481475</ele></trkpt>
<trkpt lat="36.51611535851852" lon="-94.13608622689273"><ele>344.20554074074073</ele></trkpt>
<trkpt lat="36.51608747097223" lon="-94.136163154218"><ele>344.3388909722222</ele></trkpt>
<trkpt lat="36.51603802875001" lon="-94.13630403102734"><ele>344.47161875</ele></trkpt>
<trkpt lat="36.51601299111112" lon="-94.13637246030018"><ele>344.4635611111111</ele></trkpt>
<trkpt lat="36.51598649426612" lon="-94.13643756128816"><ele>344.3718488340192</ele></trkpt>
<trkpt lat="36.515957343964345" lon="-94.13649927308681"><ele>344.17359396433477</ele></trkpt>
<trkpt lat="36.51592388052984" lon="-94.1365603245127"><ele>343.8710101594651</ele></trkpt>
<trkpt lat="36.51588621056242" lon="-94.13662075157883"><ele>343.49822638031554</ele></trkpt>
<trkpt lat="36.51584519375858" lon="-94.13667914835413"><ele>343.0923986196845</ele></trkpt>
<trkpt lat="36.51580275141461" lon="-94.13673285280842"><ele>342.68445859053503</ele></trkpt>
<trkpt lat="36.51575831961591" lon="-94.13678303425841"><ele>342.2701560356653</ele></trkpt>
<trkpt lat="36.51570987264746" lon="-94.13683258961363"><ele>341.8285585733882</ele></trkpt>
<trkpt lat="36.51565449740741" lon="-94.13688545763631"><ele>341.33442037037037</ele></trkpt>
<trkpt lat="36.51559340152778" lon="-94.13694174783795"><ele>340.8105097222222</ele></trkpt>
<trkpt lat="36.51553031643519" lon="-94.13699944762674"><ele>340.3201273148148</ele></trkpt>
<trkpt lat="36.515467604120374" lon="-94.13705770715254"><ele>339.9354226851852</ele></trkpt>
<trkpt lat="36.51540219851853" lon="-94.13712021373834"><ele>339.6828592592592</ele></trkpt>
<trkpt lat="36.515329712592596" lon="-94.13719125828321"><ele>339.54247407407405</ele></trkpt>
<trkpt lat="36.51525118222224" lon="-94.13726949387986"><ele>339.47364444444446</ele></trkpt>
<trkpt lat="36.51517466370372" lon="-94.13734686714818"><ele>339.4450518518519</ele></trkpt>
<trkpt lat="36.515109042962976" lon="-94.13741496923818"><ele>339.44197037037037</ele></trkpt>
<trkpt lat="36.515057631268874" lon="-94.13747113812761"><ele>339.4603794924554</ele></trkpt>
<trkpt lat="36.515017399759955" lon="-94.13751896990742"><ele>339.49842626886146</ele></trkpt>
<trkpt lat="36.51498387862141" lon="-94.13756350124243"><ele>339.55085329218105</ele></trkpt>
<trkpt lat="36.51495395599452" lon="-94.13760955595097"><ele>339.61116515775035</ele></trkpt>
<trkpt lat="36.5149257954664" lon="-94.13766286898004"><ele>339.67656467764056</ele></trkpt>
<trkpt lat="36.51489645833334" lon="-94.13773291701324"><ele>339.7520833333333</ele></trkpt>
<trkpt lat="36.51486230452676" lon="-94.13782981449262"><ele>339.84669924554186</ele></trkpt>
<trkpt lat="36.51482111368313" lon="-94.13795769190634"><ele>339.9659293552812</ele></trkpt>
<trkpt lat="36.51477441358026" lon="-94.13810847046362"><ele>340.10537551440336</ele></trkpt>
<trkpt lat="36.51472671553499" lon="-94.13826515338863"><ele>340.253969478738</ele></trkpt>
<trkpt lat="36.514682119341565" lon="-94.13841317884409"><ele>340.40441529492455</ele></trkpt>
<trkpt lat="36.51464104166668" lon="-94.13855104230521"><ele>340.5625</ele></trkpt>
<trkpt lat="36.51460036008231" lon="-94.1386892976617"><ele>340.7438443072702</ele></trkpt>
<trkpt lat="36.51455693158437" lon="-94.13883844812393"><ele>340.9592935528121</ele></trkpt>
<trkpt lat="36.51451117283951" lon="-94.13899687321755"><ele>341.20097736625513</ele></trkpt>
<trkpt lat="36.514467409979424" lon="-94.13914997582836"><ele>341.44432441700957</ele></trkpt>
<trkpt lat="36.514430792181074" lon="-94.1392809641499"><ele>341.66544924554177</ele></trkpt>
<trkpt lat="36.51440395833335" lon="-94.13938229197086"><ele>341.8583333333333</ele></trkpt>
<trkpt lat="36.514385904492464" lon="-94.13945985527067"><ele>342.04132373113845</ele></trkpt>
<trkpt lat="36.51437395404665" lon="-94.13952549733644"><ele>342.2382030178326</ele></trkpt>
<trkpt lat="36.51436600051441" lon="-94.1395904449976"><ele>342.46471193415636</ele></trkpt>
<trkpt lat="36.514361839046636" lon="-94.13965736597348"><ele>342.7072858710562</ele></trkpt>
<trkpt lat="36.51436217930727" lon="-94.1397248197909"><ele>342.9446548696845</ele></trkpt>
<trkpt lat="36.51436765333334" lon="-94.13978802070154"><ele>343.1542041152263</ele></trkpt>
<trkpt lat="36.51437902962964" lon="-94.1398477653419"><ele>343.3411138545953</ele></trkpt>
<trkpt lat="36.514398678518525" lon="-94.13990960277442"><ele>343.52783593964335</ele></trkpt>
<trkpt lat="36.5144302725926" lon="-94.13998407225299"><ele>343.7503703703704</ele></trkpt>
<trkpt lat="36.51447549185186" lon="-94.14007737135687"><ele>344.0278962962963</ele></trkpt>
<trkpt lat="36.51458575851852" lon="-94.14029387801597"><ele>344.65647407407414</ele></trkpt>
<trkpt lat="36.514632939259265" lon="-94.14038913890312"><ele>344.9094814814815</ele></trkpt>
<trkpt lat="36.51466837574075" lon="-94.1404669302478"><ele>345.0812391203704</ele></trkpt>
<trkpt lat="36.51469420092593" lon="-94.14053262163236"><ele>345.17984143518527</ele></trkpt>
<trkpt lat="36.51471440888889" lon="-94.14059363630354"><ele>345.22404652777783</ele></trkpt>
<trkpt lat="36.51473166648148" lon="-94.14065417252513"><ele>345.22130740740744</ele></trkpt>
<trkpt lat="36.514746941275725" lon="-94.14071557496794"><ele>345.1674744170096</ele></trkpt>
<trkpt lat="36.51476056841564" lon="-94.1407785810467"><ele>345.0599451303155</ele></trkpt>
<trkpt lat="36.51477273919753" lon="-94.14084296419026"><ele>344.9141943158436</ele></trkpt>
<trkpt lat="36.51478352366256" lon="-94.14090915588608"><ele>344.7532225222908</ele></trkpt>
<trkpt lat="36.51479305041153" lon="-94.14098071794194"><ele>344.5932152349108</ele></trkpt>
<trkpt lat="36.51480208333334" lon="-94.14106812488626"><ele>344.4270833333333</ele></trkpt>
<trkpt lat="36.514811723251036" lon="-94.14118366238553"><ele>344.2361796982167</ele></trkpt>
<trkpt lat="36.51482273662552" lon="-94.14133265667647"><ele>344.0079303840878</ele></trkpt>
<trkpt lat="36.514834706790126" lon="-94.14150441334435"><ele>343.75390946502057</ele></trkpt>
<trkpt lat="36.51484617798354" lon="-94.14167517211649"><ele>343.50654149519886</ele></trkpt>
<trkpt lat="36.51485548868313" lon="-94.14182076116823"><ele>343.3009945130315</ele></trkpt>
<trkpt lat="36.51486166666667" lon="-94.14192937491492"><ele>343.15625</ele></trkpt>
<trkpt lat="36.51486466049383" lon="-94.14200530603225"><ele>343.06984739368994</ele></trkpt>
<trkpt lat="36.51486484567902" lon="-94.14206115225412"><ele>343.02873799725654</ele></trkpt>
<trkpt lat="36.51486222222223" lon="-94.1421108719217"><ele>343.0229681069959</ele></trkpt>
<trkpt lat="36.514856501152266" lon="-94.14216222635281"><ele>343.04980747599456</ele></trkpt>
<trkpt lat="36.51484736452675" lon="-94.1422182822661"><ele>343.10851598079563</ele></trkpt>
<trkpt lat="36.514835287901235" lon="-94.14227627281254"><ele>343.18933991769546</ele></trkpt>
<trkpt lat="36.514820366255144" lon="-94.14233537896352"><ele>343.27737722908097</ele></trkpt>
<trkpt lat="36.51480135176955" lon="-94.14239867082787"><ele>343.3602392318244</ele></trkpt>
<trkpt lat="36.51477536" lon="-94.14247509507787"><ele>343.4382518518518</ele></trkpt>
<trkpt lat="36.51474060888889" lon="-94.14257103445279"><ele>343.51748148148147</ele></trkpt>
<trkpt lat="36.51469898666667" lon="-94.1426841382221"><ele>343.60168888888893</ele></trkpt>
<trkpt lat="36.51465564" lon="-94.14280428339897"><ele>343.6887703703704</ele></trkpt>
<trkpt lat="36.514615004444444" lon="-94.14292425076857"><ele>343.77780740740747</ele></trkpt>
<trkpt lat="36.51457776444444" lon="-94.14304650853893"><ele>343.873362962963</ele></trkpt>
<trkpt lat="36.51454170666668" lon="-94.14317859449358"><ele>343.9816592592593</ele></trkpt>
<trkpt lat="36.51450550666667" lon="-94.1433210982151"><ele>344.10168888888893</ele></trkpt>
<trkpt lat="36.51447016888889" lon="-94.14346547004206"><ele>344.22459259259256</ele></trkpt>
<trkpt lat="36.51443705333334" lon="-94.14360393074423"><ele>344.34269629629625</ele></trkpt>
<trkpt lat="36.51440553185186" lon="-94.14373857666465"><ele>344.4573037037037</ele></trkpt>
<trkpt lat="36.514373645925936" lon="-94.14387748187531"><ele>344.57540740740745</ele></trkpt>
<trkpt lat="36.51434118222223" lon="-94.1440211159523"><ele>344.69831111111114</ele></trkpt>
<trkpt lat="36.51431073037037" lon="-94.1441581395951"><ele>344.8183407407407</ele></trkpt>
<trkpt lat="36.514285709629625" lon="-94.14427448763824"><ele>344.92663703703704</ele></trkpt>
<trkpt lat="36.514267437201646" lon="-94.14436632413866"><ele>345.023525377229</ele></trkpt>
<trkpt lat="36.51425465514402" lon="-94.14444115672414"><ele>345.1144334705075</ele></trkpt>
<trkpt lat="36.514245298271604" lon="-94.14451024613106"><ele>345.1972427983539</ele></trkpt>
<trkpt lat="36.51423832718793" lon="-94.1445792565402"><ele>345.25356378600827</ele></trkpt>
<trkpt lat="36.51423349783265" lon="-94.14464880275708"><ele>345.26316872427986</ele></trkpt>
<trkpt lat="36.51422769547325" lon="-94.14477759945825"><ele>345.1320987654321</ele></trkpt>
<trkpt lat="36.514223950617286" lon="-94.14483307957148"><ele>345.0195473251029</ele></trkpt>
<trkpt lat="36.514218045267484" lon="-94.14488343622997"><ele>344.89218106995884</ele></trkpt>
<trkpt lat="36.51420939643347" lon="-94.14493153637444"><ele>344.7534293552812</ele></trkpt>
<trkpt lat="36.51419766117969" lon="-94.1449800068903"><ele>344.60480109739365</ele></trkpt>
<trkpt lat="36.51418265432099" lon="-94.14502921814578"><ele>344.44999999999993</ele></trkpt>
<trkpt lat="36.51416477366256" lon="-94.14507667956937"><ele>344.2976508916323</ele></trkpt>
<trkpt lat="36.514144670781896" lon="-94.14511950364637"><ele>344.1587277091906</ele></trkpt>
<trkpt lat="36.51412345679013" lon="-94.14515609316315"><ele>344.04758230452677</ele></trkpt>
<trkpt lat="36.514100761316875" lon="-94.14518870722543"><ele>343.9777091906722</ele></trkpt>
<trkpt lat="36.514074238683136" lon="-94.14522229356028"><ele>343.96616941015094</ele></trkpt>
<trkpt lat="36.51403833333334" lon="-94.14526479200346"><ele>344.0291666666667</ele></trkpt>
<trkpt lat="36.51398738768862" lon="-94.14532325672717"><ele>344.17965534979425</ele></trkpt>
<trkpt lat="36.51391922753773" lon="-94.14540047144057"><ele>344.4137088477367</ele></trkpt>
<trkpt lat="36.51383887602881" lon="-94.14549088048625"><ele>344.70146604938276</ele></trkpt>
<trkpt lat="36.51375661179698" lon="-94.14558278628608"><ele>344.9917181069959</ele></trkpt>
<trkpt lat="36.513681924725645" lon="-94.14566510865043"><ele>345.2342849794239</ele></trkpt>
<trkpt lat="36.51361770833332" lon="-94.14573395879749"><ele>345.4020833333334</ele></trkpt>
<trkpt lat="36.513559671310006" lon="-94.14579352686803"><ele>345.4963270919067</ele></trkpt>
<trkpt lat="36.513501895829904" lon="-94.14585042358095"><ele>345.53489739369</ele></trkpt>
<trkpt lat="36.51344230170782" lon="-94.14590815870012"><ele>345.5399034979424</ele></trkpt>
<trkpt lat="36.51338476292867" lon="-94.14596505024652"><ele>345.52987208504805</ele></trkpt>
<trkpt lat="36.51333446266804" lon="-94.1460186365868"><ele>345.5172777091907</ele></trkpt>
<trkpt lat="36.51329353268519" lon="-94.14606941550784"><ele>345.50760972222224</ele></trkpt>
<trkpt lat="36.5132593662037" lon="-94.14612139562078"><ele>345.49850694444444</ele></trkpt>
<trkpt lat="36.51322806305556" lon="-94.14617847492458"><ele>345.47775416666667</ele></trkpt>
<trkpt lat="36.51319679703704" lon="-94.14624330959424"><ele>345.41914444444444</ele></trkpt>
<trkpt lat="36.51316384738426" lon="-94.1463188386818"><ele>345.29058194444445</ele></trkpt>
<trkpt lat="36.51312831307871" lon="-94.14640701701292"><ele>345.0758680555556</ele></trkpt>
<trkpt lat="36.513091154513894" lon="-94.14650434052365"><ele>344.79999999999995</ele></trkpt>
<trkpt lat="36.51305596064816" lon="-94.14660054129877"><ele>344.52413194444443</ele></trkpt>
<trkpt lat="36.51302645833334" lon="-94.14668560778466"><ele>344.30960648148147</ele></trkpt>
<trkpt lat="36.51300376157408" lon="-94.14675662914145"><ele>344.18292824074075</ele></trkpt>
<trkpt lat="36.51296929108797" lon="-94.14687482355802"><ele>344.13917824074076</ele></trkpt>
<trkpt lat="36.51295120530092" lon="-94.14693293964018"><ele>344.18939768518516</ele></trkpt>
<trkpt lat="36.512929767222225" lon="-94.14699527010754"><ele>344.28036296296295</ele></trkpt>
<trkpt lat="36.512904794166666" lon="-94.14706188492995"><ele>344.4039319444444</ele></trkpt>
<trkpt lat="36.51287641527778" lon="-94.14713125400158"><ele>344.5508587962963</ele></trkpt>
<trkpt lat="36.512843060277774" lon="-94.147204231727"><ele>344.72190231481477</ele></trkpt>
<trkpt lat="36.512800857777776" lon="-94.14728685374477"><ele>344.9329629629629</ele></trkpt>
<trkpt lat="36.51274708888889" lon="-94.14738464056423"><ele>345.197437037037</ele></trkpt>
<trkpt lat="36.51268449333333" lon="-94.14749424063253"><ele>345.5042222222222</ele></trkpt>
<trkpt lat="36.512621035555554" lon="-94.14760254723213"><ele>345.81819259259265</ele></trkpt>
<trkpt lat="36.51256432444445" lon="-94.14769592041425"><ele>346.10718518518524</ele></trkpt>
<trkpt lat="36.51251623680557" lon="-94.14776982439425"><ele>346.36662314814816</ele></trkpt>
<trkpt lat="36.512473165972224" lon="-94.14782932773902"><ele>346.61197685185186</ele></trkpt>
<trkpt lat="36.51243028958333" lon="-94.14788200835741"><ele>346.8491027777778</ele></trkpt>
<trkpt lat="36.51238411944444" lon="-94.14793255090517"><ele>347.0541462962963</ele></trkpt>
<trkpt lat="36.51233178194444" lon="-94.14798327905434"><ele>347.1921659722222</ele></trkpt>
<trkpt lat="36.512271631944444" lon="-94.1480354892269"><ele>347.24545717592594</ele></trkpt>
<trkpt lat="36.51220598958333" lon="-94.1480888457194"><ele>347.2318576388889</ele></trkpt>
<trkpt lat="36.51214203125" lon="-94.1481402374711"><ele>347.18738425925926</ele></trkpt>
<trkpt lat="36.51208666559499" lon="-94.14818692508794"><ele>347.14476594650205</ele></trkpt>
<trkpt lat="36.512041907578876" lon="-94.14822935538461"><ele>347.1196244855968</ele></trkpt>
<trkpt lat="36.51200455118313" lon="-94.14827206830611"><ele>347.11667631172844</ele></trkpt>
<trkpt lat="36.511971588604254" lon="-94.14831886800583"><ele>347.137323585391</ele></trkpt>
<trkpt lat="36.51194166991428" lon="-94.14837141959343"><ele>347.1821921553498</ele></trkpt>
<trkpt lat="36.51191533465021" lon="-94.14842693901608"><ele>347.24622716049385</ele></trkpt>
<trkpt lat="36.51189150260631" lon="-94.14848382753873"><ele>347.32284773662553</ele></trkpt>
<trkpt lat="36.51183952444444" lon="-94.14861449208797"><ele>347.5165037037036</ele></trkpt>
<trkpt lat="36.51176449333334" lon="-94.14880016925835"><ele>347.8033777777777</ele></trkpt>
<trkpt lat="36.511723368888894" lon="-94.14889961070641"><ele>347.9635407407407</ele></trkpt>
<trkpt lat="36.51168565777778" lon="-94.14898711433125"><ele>348.11561481481476</ele></trkpt>
<trkpt lat="36.511651984953716" lon="-94.14905913109004"><ele>348.2601412037037</ele></trkpt>
<trkpt lat="36.51161997893519" lon="-94.14912044563587"><ele>348.4078310185185</ele></trkpt>
<trkpt lat="36.51158755902778" lon="-94.14917691992368"><ele>348.56596527777776</ele></trkpt>
<trkpt lat="36.511554874074086" lon="-94.14923027233785"><ele>348.7318240740741</ele></trkpt>
<trkpt lat="36.51152309156379" lon="-94.14927940918624"><ele>348.89890534979423</ele></trkpt>
<trkpt lat="36.51149266460906" lon="-94.14932368493137"><ele>349.06201131687243</ele></trkpt>
<trkpt lat="36.51146314621915" lon="-94.14936377099146"><ele>349.211824845679</ele></trkpt>
<trkpt lat="36.51143307548869" lon="-94.14940113191743"><ele>349.33112782921813</ele></trkpt>
<trkpt lat="36.51139941679527" lon="-94.14943824211622"><ele>349.3970357510288</ele></trkpt>
<trkpt lat="36.511356250000006" lon="-94.14948020866935"><ele>349.39166666666665</ele></trkpt>
<trkpt lat="36.51129721793553" lon="-94.14953286747281"><ele>349.3067815500686</ele></trkpt>
<trkpt lat="36.51121981395748" lon="-94.14959910651376"><ele>349.15021433470514</ele></trkpt>
<trkpt lat="36.51112975565844" lon="-94.14967480532349"><ele>348.9495113168725</ele></trkpt>
<trkpt lat="36.51103928155007" lon="-94.14975017132886"><ele>348.7479766803841</ele></trkpt>
<trkpt lat="36.510960458676266" lon="-94.149815274881"><ele>348.5885716735254</ele></trkpt>
<trkpt lat="36.51089854166667" lon="-94.1498656253376"><ele>348.4979166666667</ele></trkpt>
<trkpt lat="36.5108506661797" lon="-94.14990338021947"><ele>348.48152668038415</ele></trkpt>
<trkpt lat="36.5108103369273" lon="-94.14993369609333"><ele>348.52902496570647</ele></trkpt>
<trkpt lat="36.510771712983534" lon="-94.14996105016182"><ele>348.62090967078194</ele></trkpt>
<trkpt lat="36.51073114056927" lon="-94.1499876181086"><ele>348.7355120027435</ele></trkpt>
<trkpt lat="36.510684415562416" lon="-94.15001507275117"><ele>348.8596377914952</ele></trkpt>
<trkpt lat="36.510626367407404" lon="-94.15004550390377"><ele>348.9924296296296</ele></trkpt>
<trkpt lat="36.51055369925926" lon="-94.15008073656342"><ele>349.1397481481481</ele></trkpt>
<trkpt lat="36.51038880148148" lon="-94.15015770099879"><ele>349.4571259259259</ele></trkpt>
<trkpt lat="36.510320056296294" lon="-94.1501904816613"><ele>349.5995407407407</ele></trkpt>
<trkpt lat="36.51026911253773" lon="-94.15021655269763"><ele>349.72565651577503</ele></trkpt>
<trkpt lat="36.51023285569273" lon="-94.15023775808201"><ele>349.84438957475993</ele></trkpt>
<trkpt lat="36.51020594798354" lon="-94.1502565496625"><ele>349.9607917695473</ele></trkpt>
<trkpt lat="36.510186137229084" lon="-94.15027336495726"><ele>350.0640954732511</ele></trkpt>
<trkpt lat="36.51017303215364" lon="-94.15028773284934"><ele>350.14021893004116</ele></trkpt>
<trkpt lat="36.510155267489715" lon="-94.15031262689736"><ele>350.2089163237311</ele></trkpt>
<trkpt lat="36.51013944444445" lon="-94.1503285871281"><ele>350.2303840877915</ele></trkpt>
<trkpt lat="36.51008334705076" lon="-94.15037997262236"><ele>350.30912208504805</ele></trkpt>
<trkpt lat="36.51004764060357" lon="-94.1504176201022"><ele>350.3744170096022</ele></trkpt>
<trkpt lat="36.510010390946505" lon="-94.15046156386977"><ele>350.4539094650207</ele></trkpt>
<trkpt lat="36.50997365569273" lon="-94.15050770241189"><ele>350.53888888888895</ele></trkpt>
<trkpt lat="36.50990851851852" lon="-94.1505910905866"><ele>350.69218106995885</ele></trkpt>
<trkpt lat="36.50988270233196" lon="-94.1506250892001"><ele>350.7531550068587</ele></trkpt>
<trkpt lat="36.5098619478738" lon="-94.1506545199164"><ele>350.80178326474623</ele></trkpt>
<trkpt lat="36.50984421810699" lon="-94.15068234570445"><ele>350.83436213991774</ele></trkpt>
<trkpt lat="36.50980242112483" lon="-94.15075089854871"><ele>350.83120713305897</ele></trkpt>
<trkpt lat="36.509775781893005" lon="-94.15079304533258"><ele>350.8</ele></trkpt>
<trkpt lat="36.509730000000005" lon="-94.15086271607987"><ele>350.7556241426612</ele></trkpt>
<trkpt lat="36.50969860082304" lon="-94.15090470510538"><ele>350.8109053497942</ele></trkpt>
<trkpt lat="36.509644917695475" lon="-94.15097086427757"><ele>350.9695473251029</ele></trkpt>
<trkpt lat="36.509565546232" lon="-94.15106642061053"><ele>351.23860489540465</ele></trkpt>
<trkpt lat="36.509523246206285" lon="-94.15111618806701"><ele>351.4312210648148</ele></trkpt>
<trkpt lat="36.50948005572703" lon="-94.15116695916021"><ele>351.701774691358</ele></trkpt>
<trkpt lat="36.50943391771691" lon="-94.15122201075685"><ele>352.1026523919753</ele></trkpt>
<trkpt lat="36.509381982060184" lon="-94.15128516517987"><ele>352.66883680555554</ele></trkpt>
<trkpt lat="36.50932532986112" lon="-94.15135500027642"><ele>353.3598958333333</ele></trkpt>
<trkpt lat="36.50926923900463" lon="-94.15142483531542"><ele>354.06779513888887</ele></trkpt>
<trkpt lat="36.509219119620205" lon="-94.15148799647508"><ele>354.68929076646094</ele></trkpt>
<trkpt lat="36.50917609996571" lon="-94.15154311655765"><ele>355.19194958847737</ele></trkpt>
<trkpt lat="36.509097629994" lon="-94.15164490333098"><ele>356.00880808470504</ele></trkpt>
<trkpt lat="36.50905709094222" lon="-94.15169675711232"><ele>356.40190436385456</ele></trkpt>
<trkpt lat="36.50897665294925" lon="-94.15179826483512"><ele>357.1866941015089</ele></trkpt>
<trkpt lat="36.50890890946502" lon="-94.1518856996441"><ele>357.9030864197531</ele></trkpt>
<trkpt lat="36.508882791495196" lon="-94.15192100826931"><ele>358.1766803840878</ele></trkpt>
<trkpt lat="36.50886210562414" lon="-94.15195057615783"><ele>358.34903978052125</ele></trkpt>
<trkpt lat="36.508845" lon="-94.15197773664914"><ele>358.3905349794238</ele></trkpt>
<trkpt lat="36.508827914951986" lon="-94.15200870373893"><ele>358.2789437585734</ele></trkpt>
<trkpt lat="36.50880743484225" lon="-94.15204911528272"><ele>358.0093278463649</ele></trkpt>
<trkpt lat="36.50875329903978" lon="-94.15215814823627"><ele>357.1825788751715</ele></trkpt>
<trkpt lat="36.50872211248286" lon="-94.15221899186207"><ele>356.76865569272974</ele></trkpt>
<trkpt lat="36.508657887517145" lon="-94.1523423457731"><ele>355.97750342935524</ele></trkpt>
<trkpt lat="36.508626700960214" lon="-94.15240485605824"><ele>355.49348422496564</ele></trkpt>
<trkpt lat="36.50859773662551" lon="-94.15246569966894"><ele>354.9304526748971</ele></trkpt>
<trkpt lat="36.50855200960219" lon="-94.15256543899633"><ele>353.7986968449931</ele></trkpt>
<trkpt lat="36.5085346090535" lon="-94.15260030866745"><ele>353.3633744855967</ele></trkpt>
<trkpt lat="36.50851663923182" lon="-94.15262863514108"><ele>353.0866941015089</ele></trkpt>
<trkpt lat="36.5084942866941" lon="-94.15265480112951"><ele>353.0019890260631</ele></trkpt>
<trkpt lat="36.508465699588484" lon="-94.15268195477609"><ele>353.10555555555555</ele></trkpt>
<trkpt lat="36.508431207133064" lon="-94.1527116804406"><ele>353.35706447187926</ele></trkpt>
<trkpt lat="36.50839257887518" lon="-94.15274412215147"><ele>353.70178326474627</ele></trkpt>
<trkpt lat="36.508319330041154" lon="-94.15280529788024"><ele>354.4316197530864</ele></trkpt>
<trkpt lat="36.508294134156394" lon="-94.1528256012905"><ele>354.70435226337446</ele></trkpt>
<trkpt lat="36.50826138106997" lon="-94.15285065027209"><ele>354.9678408779149</ele></trkpt>
<trkpt lat="36.50823662633746" lon="-94.15287117563776"><ele>354.9890710562414</ele></trkpt>
<trkpt lat="36.508193536296304" lon="-94.1529084862479"><ele>354.9531851851852</ele></trkpt>
<trkpt lat="36.508128877037045" lon="-94.15296535900431"><ele>354.8677925925926</ele></trkpt>
<trkpt lat="36.507967059259265" lon="-94.15310870568908"><ele>354.64783703703705</ele></trkpt>
<trkpt lat="36.50789602518519" lon="-94.15317195295131"><ele>354.58696296296296</ele></trkpt>
<trkpt lat="36.50784002529492" lon="-94.15322217311389"><ele>354.6001552812071</ele></trkpt>
<trkpt lat="36.50779483923182" lon="-94.15326312962782"><ele>354.69421673525375</ele></trkpt>
<trkpt lat="36.507709672757194" lon="-94.15334060563784"><ele>355.06056680384086</ele></trkpt>
<trkpt lat="36.50766398469136" lon="-94.15338153842123"><ele>355.27421838134427</ele></trkpt>
<trkpt lat="36.50757880819188" lon="-94.1534569889823"><ele>355.6229220250343</ele></trkpt>
<trkpt lat="36.50754730163323" lon="-94.15348552012263"><ele>355.7216896004801</ele></trkpt>
<trkpt lat="36.5075241554141" lon="-94.15350827581197"><ele>355.7616994598765</ele></trkpt>
<trkpt lat="36.50750491340879" lon="-94.15353102455748"><ele>355.7433899176954</ele></trkpt>
<trkpt lat="36.50748367680471" lon="-94.15356132830217"><ele>355.6647215792181</ele></trkpt>
<trkpt lat="36.50745617187501" lon="-94.15360447349276"><ele>355.52479745370374</ele></trkpt>
<trkpt lat="36.50738283854167" lon="-94.15372323223795"><ele>355.1263599537037</ele></trkpt>
<trkpt lat="36.50733952256945" lon="-94.15379197069753"><ele>354.91510416666665</ele></trkpt>
<trkpt lat="36.50729184027779" lon="-94.15386566575854"><ele>354.7113136574074</ele></trkpt>
<trkpt lat="36.50724148437501" lon="-94.15394170164647"><ele>354.5230902777777</ele></trkpt>
<trkpt lat="36.507193654513884" lon="-94.15401212405443"><ele>354.37416087962964</ele></trkpt>
<trkpt lat="36.50715389467592" lon="-94.15406811645362"><ele>354.29484953703707</ele></trkpt>
<trkpt lat="36.50712363136574" lon="-94.1541068779642"><ele>354.2990451388889</ele></trkpt>
<trkpt lat="36.50709884548611" lon="-94.1541338455339"><ele>354.3697916666667</ele></trkpt>
<trkpt lat="36.50707209490741" lon="-94.15415884845204"><ele>354.47421875000003</ele></trkpt>
<trkpt lat="36.50698513888889" lon="-94.15423631966239"><ele>354.6922453703704</ele></trkpt>
<trkpt lat="36.50685936631945" lon="-94.15434917558687"><ele>354.8772280092593</ele></trkpt>
<trkpt lat="36.50675076678242" lon="-94.15444787628873"><ele>354.9765335648148</ele></trkpt>
<trkpt lat="36.50662552372686" lon="-94.15456298620839"><ele>354.9853587962962</ele></trkpt>
<trkpt lat="36.50653835069445" lon="-94.15464164942999"><ele>354.9747395833333</ele></trkpt>
<trkpt lat="36.50649054108797" lon="-94.154684971207"><ele>355.0171006944444</ele></trkpt>
<trkpt lat="36.50643953125001" lon="-94.15473196776328"><ele>355.13938078703706</ele></trkpt>
<trkpt lat="36.506384233217595" lon="-94.15478389488175"><ele>355.3605324074074</ele></trkpt>
<trkpt lat="36.50626820891204" lon="-94.1548948844561"><ele>355.9516782407407</ele></trkpt>
<trkpt lat="36.50621643229167" lon="-94.15494506380908"><ele>356.19100115740736</ele></trkpt>
<trkpt lat="36.506171226851855" lon="-94.15498928831067"><ele>356.34794560185185</ele></trkpt>
<trkpt lat="36.50608816261575" lon="-94.15507071192361"><ele>356.5459490740741</ele></trkpt>
<trkpt lat="36.50604202835648" lon="-94.15511495096649"><ele>356.69490740740736</ele></trkpt>
<trkpt lat="36.505988315972225" lon="-94.15516527509095"><ele>356.9278935185185</ele></trkpt>
<trkpt lat="36.50592703125" lon="-94.15522115475542"><ele>357.2478298611111</ele></trkpt>
<trkpt lat="36.50586069444444" lon="-94.15527899909303"><ele>357.6491608796297</ele></trkpt>
<trkpt lat="36.50579105613426" lon="-94.15533547189503"><ele>358.1394386574074</ele></trkpt>
<trkpt lat="36.50571800636574" lon="-94.15538973116014"><ele>358.7291087962963</ele></trkpt>
<trkpt lat="36.50564379340278" lon="-94.15544104191163"><ele>359.38350694444443</ele></trkpt>
<trkpt lat="36.50557603587963" lon="-94.15548561651066"><ele>360.00983796296293</ele></trkpt>
<trkpt lat="36.50552338252315" lon="-94.1555185388863"><ele>360.51105324074075</ele></trkpt>
<trkpt lat="36.50548860243056" lon="-94.1555381019018"><ele>360.85202546296296</ele></trkpt>
<trkpt lat="36.50546598958334" lon="-94.15554785592249"><ele>361.07361111111106</ele></trkpt>
<trkpt lat="36.505416060439806" lon="-94.155561814827"><ele>361.4460939814815</ele></trkpt>
<trkpt lat="36.50537405685185" lon="-94.15557415709763"><ele>361.68835555555563</ele></trkpt>
<trkpt lat="36.50532126798611" lon="-94.15559108730776"><ele>361.95416250000005</ele></trkpt>
<trkpt lat="36.505263414699066" lon="-94.15561208992895"><ele>362.1808541666667</ele></trkpt>
<trkpt lat="36.50520402780093" lon="-94.15563826368374"><ele>362.29147361111114</ele></trkpt>
<trkpt lat="36.50514057037037" lon="-94.15567277802667"><ele>362.2365925925926</ele></trkpt>
<trkpt lat="36.50506884296297" lon="-94.15571785367352"><ele>362.015762962963</ele></trkpt>
<trkpt lat="36.50498957777778" lon="-94.15577126705408"><ele>361.6831111111111</ele></trkpt>
<trkpt lat="36.50490959407408" lon="-94.15582683592147"><ele>361.3217185185185</ele></trkpt>
<trkpt lat="36.50483541481481" lon="-94.15587926697687"><ele>361.00281481481477</ele></trkpt>
<trkpt lat="36.50476711675927" lon="-94.1559283233295"><ele>360.7539615740741</ele></trkpt>
<trkpt lat="36.50470026990741" lon="-94.15597707943388"><ele>360.5627106481481</ele></trkpt>
<trkpt lat="36.504633263611105" lon="-94.15602647275294"><ele>360.4073097222222</ele></trkpt>
<trkpt lat="36.50449376800412" lon="-94.15613025811204"><ele>360.13472222222225</ele></trkpt>
<trkpt lat="36.504474448302474" lon="-94.15614374359086"><ele>360.1098958333334</ele></trkpt>
<trkpt lat="36.50445625728739" lon="-94.15615400421738"><ele>360.10197830932793</ele></trkpt>
<trkpt lat="36.50443131472908" lon="-94.15616586207794"><ele>360.100928069273</ele></trkpt>
<trkpt lat="36.50433980366941" lon="-94.15620621572147"><ele>360.13457647462275</ele></trkpt>
<trkpt lat="36.50429738597393" lon="-94.15622471365715"><ele>360.2288494513031</ele></trkpt>
<trkpt lat="36.50427468278464" lon="-94.1562333161954"><ele>360.3013203017833</ele></trkpt>
<trkpt lat="36.50424881955162" lon="-94.15624090310683"><ele>360.3877475565843</ele></trkpt>
<trkpt lat="36.50422054387432" lon="-94.15624616866467"><ele>360.4874453446502</ele></trkpt>
<trkpt lat="36.50419019643776" lon="-94.1562489920936"><ele>360.59937307098767</ele></trkpt>
<trkpt lat="36.50406325810185" lon="-94.15625315683717"><ele>361.04791666666665</ele></trkpt>
<trkpt lat="36.504002855902776" lon="-94.15625565973453"><ele>361.23515625</ele></trkpt>
<trkpt lat="36.503938804976855" lon="-94.15625928531793"><ele>361.39713541666663</ele></trkpt>
<trkpt lat="36.50387600405093" lon="-94.15626449655129"><ele>361.4903356481481</ele></trkpt>
<trkpt lat="36.50381585069445" lon="-94.15627163486833"><ele>361.49516782407403</ele></trkpt>
<trkpt lat="36.50375895833334" lon="-94.15628032989399"><ele>361.42855902777774</ele></trkpt>
<trkpt lat="36.50370880208334" lon="-94.15628958625503"><ele>361.32546296296294</ele></trkpt>
<trkpt lat="36.50366991319445" lon="-94.15629856772775"><ele>361.2147280092592</ele></trkpt>
<trkpt lat="36.50364329861111" lon="-94.1563075058012"><ele>361.1080729166667</ele></trkpt>
<trkpt lat="36.503624010416665" lon="-94.15631813370219"><ele>361.00989583333336</ele></trkpt>
<trkpt lat="36.50360303819444" lon="-94.1563340943825"><ele>360.9285590277778</ele></trkpt>
<trkpt lat="36.503523848379636" lon="-94.1563979747234"><ele>360.85376157407404</ele></trkpt>
<trkpt lat="36.503361775977375" lon="-94.1565271723939"><ele>360.900485468107</ele></trkpt>
<trkpt lat="36.50331411844137" lon="-94.15656530737877"><ele>360.9580825617284</ele></trkpt>
<trkpt lat="36.50323795621142" lon="-94.1566221493123"><ele>361.10216049382717</ele></trkpt>
<trkpt lat="36.50319575360082" lon="-94.15665439397551"><ele>361.1716563786008</ele></trkpt>
<trkpt lat="36.50314486078961" lon="-94.15669522662611"><ele>361.2595357510288</ele></trkpt>
<trkpt lat="36.50308374131944" lon="-94.15674639203921"><ele>361.3727430555556</ele></trkpt>
<trkpt lat="36.503015" lon="-94.15680533015342"><ele>361.5098958333333</ele></trkpt>
<trkpt lat="36.502885139210385" lon="-94.15691781793913"><ele>361.83172153635115</ele></trkpt>
<trkpt lat="36.50283424639917" lon="-94.15696183740036"><ele>362.01452331961593</ele></trkpt>
<trkpt lat="36.502733527842075" lon="-94.15704893381819"><ele>362.5069165809328</ele></trkpt>
<trkpt lat="36.50269269450875" lon="-94.15708583485021"><ele>362.74418509945133</ele></trkpt>
<trkpt lat="36.50267370370371" lon="-94.15710108800666"><ele>362.92083333333335</ele></trkpt>
<trkpt lat="36.502642745949075" lon="-94.15712377324165"><ele>363.247974537037</ele></trkpt>
<trkpt lat="36.502596432291675" lon="-94.15715611126225"><ele>363.76105324074075</ele></trkpt>
<trkpt lat="36.50253802083334" lon="-94.1571959897655"><ele>364.41319444444446</ele></trkpt>
<trkpt lat="36.50247624131945" lon="-94.15723755225069"><ele>365.0877893518519</ele></trkpt>
<trkpt lat="36.50241910033008" lon="-94.1572752481111"><ele>365.6730902777778</ele></trkpt>
<trkpt lat="36.50236939471879" lon="-94.15730712028657"><ele>366.1256172839506</ele></trkpt>
<trkpt lat="36.502290622320814" lon="-94.15735604084966"><ele>366.70075231481485</ele></trkpt>
<trkpt lat="36.502244615912204" lon="-94.15738470508552"><ele>366.90816186556924</ele></trkpt>
<trkpt lat="36.50220952674897" lon="-94.1574035459679"><ele>366.9205075445816</ele></trkpt>
<trkpt lat="36.50211860425241" lon="-94.15744419583976"><ele>366.971536351166</ele></trkpt>
<trkpt lat="36.502058176440336" lon="-94.15747425583535"><ele>367.0247085048011</ele></trkpt>
<trkpt lat="36.50203772633746" lon="-94.15748077760968"><ele>367.10479252400546</ele></trkpt>
<trkpt lat="36.50201168981482" lon="-94.15748312499821"><ele>367.27615740740737</ele></trkpt>
<trkpt lat="36.501983125" lon="-94.1574797222149"><ele>367.5319444444444</ele></trkpt>
<trkpt lat="36.50195712962964" lon="-94.15747141202822"><ele>367.81967592592594</ele></trkpt>
<trkpt lat="36.50193731481482" lon="-94.1574609027712"><ele>368.07800925925926</ele></trkpt>
<trkpt lat="36.50192370370371" lon="-94.15744999999568"><ele>368.2847222222222</ele></trkpt>
<trkpt lat="36.50190225823046" lon="-94.1574273002338"><ele>368.6196587791495</ele></trkpt>
<trkpt lat="36.50187201388889" lon="-94.15739554782006"><ele>368.9493227023319</ele></trkpt>
<trkpt lat="36.5018518441358" lon="-94.15737174636914"><ele>369.11888717421124</ele></trkpt>
<trkpt lat="36.501828827160494" lon="-94.15734187238931"><ele>369.28436213991773</ele></trkpt>
<trkpt lat="36.50177918381344" lon="-94.15727229076765"><ele>369.51728395061735</ele></trkpt>
<trkpt lat="36.50175343621399" lon="-94.15723851848014"><ele>369.53744855967085</ele></trkpt>
<trkpt lat="36.50172549382715" lon="-94.15720962959709"><ele>369.47050754458166</ele></trkpt>
<trkpt lat="36.50169403292181" lon="-94.15718796293835"><ele>369.31344307270234</ele></trkpt>
<trkpt lat="36.501659609053505" lon="-94.15717351850142"><ele>369.0921810699589</ele></trkpt>
<trkpt lat="36.50162435185185" lon="-94.15716396260768"><ele>368.8588048696845</ele></trkpt>
<trkpt lat="36.50155879115226" lon="-94.15715036007444"><ele>368.52469135802465</ele></trkpt>
<trkpt lat="36.501506066529494" lon="-94.15714203360523"><ele>368.3809156378601</ele></trkpt>
<trkpt lat="36.50147047325104" lon="-94.15714004629628"><ele>368.3548611111111</ele></trkpt>
<trkpt lat="36.50140304526749" lon="-94.15713921810581"><ele>368.3460905349794</ele></trkpt>
<trkpt lat="36.50137262688616" lon="-94.15713748285025"><ele>368.3277091906721</ele></trkpt>
<trkpt lat="36.50134276406036" lon="-94.15713408092738"><ele>368.31241426611797</ele></trkpt>
<trkpt lat="36.50131382716051" lon="-94.15712882715214"><ele>368.3039094650206</ele></trkpt>
<trkpt lat="36.50121195473251" lon="-94.15710578187745"><ele>368.2960905349795</ele></trkpt>
<trkpt lat="36.501150514403285" lon="-94.15709286007551"><ele>368.28703703703707</ele></trkpt>
<trkpt lat="36.5011153840878" lon="-94.15708401234102"><ele>368.30548696844994</ele></trkpt>
<trkpt lat="36.50107065344307" lon="-94.15707035032526"><ele>368.2980834019204</ele></trkpt>
<trkpt lat="36.500999244170096" lon="-94.1570502636119"><ele>368.25564334705075</ele></trkpt>
<trkpt lat="36.500956483072706" lon="-94.15703837250814"><ele>368.30600932784637</ele></trkpt>
<trkpt lat="36.500905290370376" lon="-94.15702388879936"><ele>368.457674074074</ele></trkpt>
<trkpt lat="36.50084227851852" lon="-94.1570058220981"><ele>368.7193925925926</ele></trkpt>
<trkpt lat="36.50063551259259" lon="-94.15694611102215"><ele>369.70656296296295</ele></trkpt>
<trkpt lat="36.50050751374486" lon="-94.15690913413152"><ele>370.2475934156378</ele></trkpt>
<trkpt lat="36.5004500410974" lon="-94.15689179774066"><ele>370.4007379972565</ele></trkpt>
<trkpt lat="36.50041788367628" lon="-94.15688078067325"><ele>370.3732241426612</ele></trkpt>
<trkpt lat="36.50037695555556" lon="-94.15686175101419"><ele>370.2802814814815</ele></trkpt>
<trkpt lat="36.50026900740741" lon="-94.15680613008499"><ele>370.14251851851856</ele></trkpt>
<trkpt lat="36.50010942962963" lon="-94.15672261896987"><ele>369.9606074074074</ele></trkpt>
<trkpt lat="36.49999453622685" lon="-94.15666129290241"><ele>369.8401030092593</ele></trkpt>
<trkpt lat="36.499962331828705" lon="-94.15664313860586"><ele>369.81513310185187</ele></trkpt>
<trkpt lat="36.499909395370366" lon="-94.15661180846224"><ele>369.80660185185184</ele></trkpt>
<trkpt lat="36.49986948472222" lon="-94.1565889718353"><ele>369.81558333333334</ele></trkpt>
<trkpt lat="36.49974087673611" lon="-94.15651769075352"><ele>369.8813368055555</ele></trkpt>
<trkpt lat="36.49966222511575" lon="-94.15647424167013"><ele>369.9796585648148</ele></trkpt>
<trkpt lat="36.49958300347223" lon="-94.15643000845805"><ele>370.16924189814813</ele></trkpt>
<trkpt lat="36.49950511863427" lon="-94.15638585336785"><ele>370.4695023148148</ele></trkpt>
<trkpt lat="36.49943011284723" lon="-94.15634280361394"><ele>370.84670138888885</ele></trkpt>
<trkpt lat="36.49931334919411" lon="-94.15627541871541"><ele>371.5003429355281</ele></trkpt>
<trkpt lat="36.49926003890176" lon="-94.15624543175987"><ele>371.7050218621399</ele></trkpt>
<trkpt lat="36.499188129501036" lon="-94.1562077452627"><ele>371.58933577674895</ele></trkpt>
<trkpt lat="36.4991501766118" lon="-94.15618545859701"><ele>371.5983882030178</ele></trkpt>
<trkpt lat="36.49910333676269" lon="-94.15615469486293"><ele>371.7150891632372</ele></trkpt>
<trkpt lat="36.49904574074075" lon="-94.15611357039685"><ele>371.9645833333333</ele></trkpt>
<trkpt lat="36.49898032986111" lon="-94.15606483483427"><ele>372.31484374999997</ele></trkpt>
<trkpt lat="36.49885989872685" lon="-94.15597390900562"><ele>373.02109375000003</ele></trkpt>
<trkpt lat="36.49881646122685" lon="-94.15594162607768"><ele>373.2833333333333</ele></trkpt>
<trkpt lat="36.49875025462963" lon="-94.15589325805207"><ele>373.71666666666664</ele></trkpt>
<trkpt lat="36.498678067129624" lon="-94.15583851264206"><ele>374.3115451388889</ele></trkpt>
<trkpt lat="36.49859498553241" lon="-94.15577392931533"><ele>375.07013888888895</ele></trkpt>
<trkpt lat="36.49856091435185" lon="-94.15574792818738"><ele>375.3749131944445</ele></trkpt>
<trkpt lat="36.49851483506945" lon="-94.1557149999799"><ele>375.690625</ele></trkpt>
<trkpt lat="36.49846752314815" lon="-94.15568205723554"><ele>375.584837962963</ele></trkpt>
<trkpt lat="36.498385546875" lon="-94.15562351551073"><ele>374.9670138888889</ele></trkpt>
<trkpt lat="36.498332230902776" lon="-94.15558859362449"><ele>374.5459780092593</ele></trkpt>
<trkpt lat="36.49827203125001" lon="-94.15555447035284"><ele>374.1153356481481</ele></trkpt>
<trkpt lat="36.49820427951389" lon="-94.15552203978689"><ele>373.69424189814816</ele></trkpt>
<trkpt lat="36.49813148437501" lon="-94.15549098943893"><ele>373.30607638888887</ele></trkpt>
<trkpt lat="36.49806121527779" lon="-94.15546162313946"><ele>373.01333912037035</ele></trkpt>
<trkpt lat="36.49800120327504" lon="-94.15543431500129"><ele>372.8981106395748</ele></trkpt>
<trkpt lat="36.49795409636489" lon="-94.15540882881079"><ele>372.9991340877915</ele></trkpt>
<trkpt lat="36.49791739165382" lon="-94.15538486653126"><ele>373.270373585391</ele></trkpt>
<trkpt lat="36.49786563410923" lon="-94.15534683843785"><ele>373.9082165209191</ele></trkpt>
<trkpt lat="36.497845909850824" lon="-94.15533332785503"><ele>374.15381622942385</ele></trkpt>
<trkpt lat="36.497771203703714" lon="-94.15528708328607"><ele>374.86712962962963</ele></trkpt>
<trkpt lat="36.49768579861112" lon="-94.15523435751666"><ele>375.7444733796296</ele></trkpt>
<trkpt lat="36.497577864583334" lon="-94.15516747384191"><ele>376.9311053240741</ele></trkpt>
<trkpt lat="36.497535876736116" lon="-94.15514090559967"><ele>377.39603587962966</ele></trkpt>
<trkpt lat="36.49750844618056" lon="-94.15512262728095"><ele>377.69403935185187</ele></trkpt>
<trkpt lat="36.497491484375004" lon="-94.15510967012062"><ele>377.8587673611111</ele></trkpt>
<trkpt lat="36.497477048611124" lon="-94.1550961515941"><ele>377.9533275462963</ele></trkpt>
<trkpt lat="36.49742936921297" lon="-94.15504611681108"><ele>378.11215277777774</ele></trkpt>
<trkpt lat="36.497393845486116" lon="-94.15500769086503"><ele>378.2098958333333</ele></trkpt>
<trkpt lat="36.49735635706019" lon="-94.1549653355446"><ele>378.32447916666666</ele></trkpt>
<trkpt lat="36.49732173664695" lon="-94.15492257064338"><ele>378.46205204046635</ele></trkpt>
<trkpt lat="36.49729149605625" lon="-94.15487996391897"><ele>378.6306241426612</ele></trkpt>
<trkpt lat="36.49726451838991" lon="-94.15483678041582"><ele>378.8321630658436</ele></trkpt>
<trkpt lat="36.497240425883064" lon="-94.15479487392076"><ele>379.05114347565154</ele></trkpt>
<trkpt lat="36.49720098508231" lon="-94.15472415698866"><ele>379.4424029063786</ele></trkpt>
<trkpt lat="36.49718156721537" lon="-94.15469340015761"><ele>379.55494684499314</ele></trkpt>
<trkpt lat="36.497156213777444" lon="-94.1546593466227"><ele>379.57363468792863</ele></trkpt>
<trkpt lat="36.49712166087964" lon="-94.15461791653865"><ele>379.49230324074074</ele></trkpt>
<trkpt lat="36.49708032986112" lon="-94.1545709894371"><ele>379.3384548611111</ele></trkpt>
<trkpt lat="36.497039560185186" lon="-94.15452574640487"><ele>379.1649594907407</ele></trkpt>
<trkpt lat="36.49698413580248" lon="-94.15446544406463"><ele>378.9307355967078</ele></trkpt>
<trkpt lat="36.496966660879636" lon="-94.1544477726095"><ele>378.9137538580247</ele></trkpt>
<trkpt lat="36.49694608174726" lon="-94.15442869680703"><ele>378.99267618312757</ele></trkpt>
<trkpt lat="36.49691583440501" lon="-94.1544021364227"><ele>379.18178369341564</ele></trkpt>
<trkpt lat="36.49687491769547" lon="-94.15436804518025"><ele>379.45000000000005</ele></trkpt>
<trkpt lat="36.49682692729767" lon="-94.15433123447886"><ele>379.7185185185185</ele></trkpt>
<trkpt lat="36.49677683813444" lon="-94.15429726329941"><ele>379.9123456790124</ele></trkpt>
<trkpt lat="36.49672890946503" lon="-94.1542689094082"><ele>380.0148148148148</ele></trkpt>
<trkpt lat="36.49668628257888" lon="-94.15424595332034"><ele>380.06748971193423</ele></trkpt>
<trkpt lat="36.496618436214" lon="-94.15421078186998"><ele>380.1413580246914</ele></trkpt>
<trkpt lat="36.49658442386832" lon="-94.15419566526839"><ele>380.08737997256515</ele></trkpt>
<trkpt lat="36.496542757201645" lon="-94.15418073384802"><ele>379.8969821673525</ele></trkpt>
<trkpt lat="36.496493436213996" lon="-94.15416617280275"><ele>379.5960905349794</ele></trkpt>
<trkpt lat="36.4964423835391" lon="-94.15415329264427"><ele>379.2894507544582</ele></trkpt>
<trkpt lat="36.49639609135803" lon="-94.15414321693311"><ele>379.0890529492455</ele></trkpt>
<trkpt lat="36.49635713744856" lon="-94.15413544787936"><ele>379.0476230452675</ele></trkpt>
<trkpt lat="36.49632171879288" lon="-94.15412722053162"><ele>379.1712153635117</ele></trkpt>
<trkpt lat="36.49628201865569" lon="-94.15411419710055"><ele>379.4800323731139</ele></trkpt>
<trkpt lat="36.49622896444445" lon="-94.15409215536461"><ele>380.02351111111113</ele></trkpt>
<trkpt lat="36.49615800888889" lon="-94.1540594397148"><ele>380.81902222222226</ele></trkpt>
<trkpt lat="36.496072973333334" lon="-94.1540187329986"><ele>381.77213333333333</ele></trkpt>
<trkpt lat="36.495984488888894" lon="-94.15397587079418"><ele>382.67782222222223</ele></trkpt>
<trkpt lat="36.49590176444445" lon="-94.15393579973671"><ele>383.3115111111111</ele></trkpt>
<trkpt lat="36.49582632296297" lon="-94.15389948718442"><ele>383.54037037037034</ele></trkpt>
<trkpt lat="36.49575362814815" lon="-94.15386455682356"><ele>383.3755407407407</ele></trkpt>
<trkpt lat="36.49568067555556" lon="-94.15382864866908"><ele>382.9451111111111</ele></trkpt>
<trkpt lat="36.49560887259259" lon="-94.15379044124893"><ele>382.42127407407406</ele></trkpt>
<trkpt lat="36.49554010074074" lon="-94.15374766491514"><ele>381.9377037037037</ele></trkpt>
<trkpt lat="36.49547227703704" lon="-94.15369609446604"><ele>381.5475407407407</ele></trkpt>
<trkpt lat="36.495401149629636" lon="-94.15363260696702"><ele>381.2381925925926</ele></trkpt>
<trkpt lat="36.49532685777778" lon="-94.15356033730144"><ele>380.98715555555555</ele></trkpt>
<trkpt lat="36.49525572740741" lon="-94.15348864254726"><ele>380.79934814814817</ele></trkpt>
<trkpt lat="36.495195388148154" lon="-94.15342711674394"><ele>380.7057629629629</ele></trkpt>
<trkpt lat="36.495147992208516" lon="-94.15337882780517"><ele>380.7402189300411</ele></trkpt>
<trkpt lat="36.49510933799726" lon="-94.15334001141291"><ele>380.91079835390946</ele></trkpt>
<trkpt lat="36.49507226699589" lon="-94.15330430608768"><ele>381.1975160493827</ele></trkpt>
<trkpt lat="36.495031606748974" lon="-94.15326789182126"><ele>381.5504384087792</ele></trkpt>
<trkpt lat="36.494985110452674" lon="-94.15322964544856"><ele>381.9254397805213</ele></trkpt>
<trkpt lat="36.494934218107005" lon="-94.15319078179559"><ele>382.29609053497944</ele></trkpt>
<trkpt lat="36.49488179698216" lon="-94.15315256506473"><ele>382.6672153635117</ele></trkpt>
<trkpt lat="36.49483122770919" lon="-94.1531164471059"><ele>383.0457475994513</ele></trkpt>
<trkpt lat="36.494717695473256" lon="-94.15303611794285"><ele>383.99547325102884</ele></trkpt>
<trkpt lat="36.494693436214" lon="-94.15301999997884"><ele>384.1569958847737</ele></trkpt>
<trkpt lat="36.49466704389575" lon="-94.15300393000885"><ele>384.25809327846366</ele></trkpt>
<trkpt lat="36.49458648148149" lon="-94.15295882709222"><ele>384.3843621399177</ele></trkpt>
<trkpt lat="36.49453644032923" lon="-94.15293235247174"><ele>384.41687242798355</ele></trkpt>
<trkpt lat="36.49448788065844" lon="-94.15290803835725"><ele>384.4209876543209</ele></trkpt>
<trkpt lat="36.494444691358034" lon="-94.15288773658942"><ele>384.4078189300411</ele></trkpt>
<trkpt lat="36.494376893004116" lon="-94.15285739367204"><ele>384.44170096021946</ele></trkpt>
<trkpt lat="36.49431916323731" lon="-94.15283264744221"><ele>384.6366941015089</ele></trkpt>
<trkpt lat="36.49428382030179" lon="-94.15281924551455"><ele>384.7542524005487</ele></trkpt>
<trkpt lat="36.49424187242799" lon="-94.15280460902048"><ele>384.8335390946502</ele></trkpt>
<trkpt lat="36.49419561728396" lon="-94.1527894512688"><ele>384.8203703703704</ele></trkpt>
<trkpt lat="36.494148312757204" lon="-94.15277472561966"><ele>384.6744855967079</ele></trkpt>
<trkpt lat="36.49410273662552" lon="-94.15276117281216"><ele>384.40699588477366</ele></trkpt>
<trkpt lat="36.494021700102884" lon="-94.15273811212207"><ele>383.76070816186564</ele></trkpt>
<trkpt lat="36.49398422582305" lon="-94.15272688269826"><ele>383.509670781893</ele></trkpt>
<trkpt lat="36.49394551783265" lon="-94.15271370882593"><ele>383.37488854595335</ele></trkpt>
<trkpt lat="36.49390520972651" lon="-94.15269806003089"><ele>383.3908875600137</ele></trkpt>
<trkpt lat="36.49386543113426" lon="-94.15268081594506"><ele>383.57364004629625</ele></trkpt>
<trkpt lat="36.49382865451389" lon="-94.15266351270222"><ele>383.88365162037036</ele></trkpt>
<trkpt lat="36.49379356481482" lon="-94.15264578699527"><ele>384.28819444444446</ele></trkpt>
<trkpt lat="36.49375517650464" lon="-94.15262532400433"><ele>384.77766203703703</ele></trkpt>
<trkpt lat="36.49365401041667" lon="-94.15256901029319"><ele>386.0582465277778</ele></trkpt>
<trkpt lat="36.493597890625004" lon="-94.1525367533562"><ele>386.75541087962966</ele></trkpt>
<trkpt lat="36.49354613929613" lon="-94.15250575586462"><ele>387.39431048525375</ele></trkpt>
<trkpt lat="36.49350069873114" lon="-94.15247687063933"><ele>387.95175754458165</ele></trkpt>
<trkpt lat="36.493460663258745" lon="-94.15245000508578"><ele>388.4392103909465</ele></trkpt>
<trkpt lat="36.493361687242796" lon="-94.15238229764878"><ele>389.581207133059</ele></trkpt>
<trkpt lat="36.493306090534986" lon="-94.1523414814342"><ele>390.1586419753087</ele></trkpt>
<trkpt lat="36.493230384087795" lon="-94.15228232504424"><ele>391.0384773662551</ele></trkpt>
<trkpt lat="36.49319234567902" lon="-94.15225117278452"><ele>391.5265432098765</ele></trkpt>
<trkpt lat="36.49315751714678" lon="-94.15222158431654"><ele>391.9827846364883</ele></trkpt>
<trkpt lat="36.49312737997256" lon="-94.15219471189968"><ele>392.3668038408779</ele></trkpt>
<trkpt lat="36.49310156378601" lon="-94.15216999997229"><ele>392.6804526748971</ele></trkpt>
<trkpt lat="36.49307796982168" lon="-94.15214530861391"><ele>392.96687242798356</ele></trkpt>
<trkpt lat="36.493054499314134" lon="-94.15211864194315"><ele>393.2730452674897</ele></trkpt>
<trkpt lat="36.493008034122084" lon="-94.15206107421552"><ele>393.9842249657064</ele></trkpt>
<trkpt lat="36.492987469993146" lon="-94.15203305124476"><ele>394.37009602194786</ele></trkpt>
<trkpt lat="36.49296911265433" lon="-94.15200523660552"><ele>394.77996399176953</ele></trkpt>
<trkpt lat="36.492952371399184" lon="-94.15197618396661"><ele>395.21897290809324</ele></trkpt>
<trkpt lat="36.492937040466394" lon="-94.15194598935265"><ele>395.669975994513</ele></trkpt>
<trkpt lat="36.49291168467078" lon="-94.15188840276507"><ele>396.4913065843621</ele></trkpt>
<trkpt lat="36.492888246742105" lon="-94.15182895573956"><ele>397.27255658436206</ele></trkpt>
<trkpt lat="36.49286177640604" lon="-94.1517568852649"><ele>398.19544753086416</ele></trkpt>
<trkpt lat="36.49284984910837" lon="-94.15171987395266"><ele>398.68161008230453</ele></trkpt>
<trkpt lat="36.492839513031555" lon="-94.1516821073234"><ele>399.1755658436214</ele></trkpt>
<trkpt lat="36.49283037722908" lon="-94.15164126970433"><ele>399.68095850480114</ele></trkpt>
<trkpt lat="36.492822475994515" lon="-94.15159532406102"><ele>400.2022462277092</ele></trkpt>
<trkpt lat="36.492816433470516" lon="-94.15154186984621"><ele>400.7580847050755</ele></trkpt>
<trkpt lat="36.49281290809328" lon="-94.15147867540733"><ele>401.3778206447188</ele></trkpt>
<trkpt lat="36.49281234567901" lon="-94.15140609053935"><ele>402.05781893004115</ele></trkpt>
<trkpt lat="36.49281518518519" lon="-94.15132847052398"><ele>402.7440329218107</ele></trkpt>
<trkpt lat="36.49282185185185" lon="-94.15125109742351"><ele>403.3753086419753</ele></trkpt>
<trkpt lat="36.49283234567901" lon="-94.15117656382792"><ele>403.9460905349794</ele></trkpt>
<trkpt lat="36.492846117969826" lon="-94.15110422501729"><ele>404.5111111111111</ele></trkpt>
<trkpt lat="36.49286223593965" lon="-94.15103324422746"><ele>405.1236625514403</ele></trkpt>
<trkpt lat="36.492879218107" lon="-94.15096547330616"><ele>405.77263374485597</ele></trkpt>
<trkpt lat="36.49289514403293" lon="-94.15090538413098"><ele>406.3826474622771</ele></trkpt>
<trkpt lat="36.492919218107005" lon="-94.15081890948214"><ele>407.2452674897119</ele></trkpt>
<trkpt lat="36.492928861454054" lon="-94.15078654322492"><ele>407.5364197530864</ele></trkpt>
<trkpt lat="36.492961069958845" lon="-94.15068295612308"><ele>408.4022890946502</ele></trkpt>
<trkpt lat="36.49297139917696" lon="-94.15064620029057"><ele>408.701517489712</ele></trkpt>
<trkpt lat="36.49298089849108" lon="-94.15060858026145"><ele>409.0076303155007</ele></trkpt>
<trkpt lat="36.4929987037037" lon="-94.15052903293675"><ele>409.67820644718796</ele></trkpt>
<trkpt lat="36.49301608367627" lon="-94.1504392112693"><ele>410.4941958161866</ele></trkpt>
<trkpt lat="36.493024999999996" lon="-94.15038687245189"><ele>410.9930041152264</ele></trkpt>
<trkpt lat="36.49303379286694" lon="-94.15033057615538"><ele>411.5480795610426</ele></trkpt>
<trkpt lat="36.493041783264744" lon="-94.15027286010269"><ele>412.1371056241427</ele></trkpt>
<trkpt lat="36.493048045267486" lon="-94.15021539096074"><ele>412.73045267489715</ele></trkpt>
<trkpt lat="36.493051563786004" lon="-94.15015839506697"><ele>413.297256515775</ele></trkpt>
<trkpt lat="36.493051563786004" lon="-94.15010152262859"><ele>413.81529492455417</ele></trkpt>
<trkpt lat="36.493048045267486" lon="-94.1500442180927"><ele>414.28827160493825</ele></trkpt>
<trkpt lat="36.493041783264744" lon="-94.14998589847032"><ele>414.74417009602195</ele></trkpt>
<trkpt lat="36.49303379286694" lon="-94.14992665292479"><ele>415.2080932784636</ele></trkpt>
<trkpt lat="36.493024999999996" lon="-94.14986851849385"><ele>415.67263374485594</ele></trkpt>
<trkpt lat="36.49301616598079" lon="-94.14981528804468"><ele>416.09828532235935</ele></trkpt>
<trkpt lat="36.49300776406036" lon="-94.14977008228831"><ele>416.44554183813443</ele></trkpt>
<trkpt lat="36.492999609053506" lon="-94.14973234566536"><ele>416.7069958847737</ele></trkpt>
<trkpt lat="36.492980980795615" lon="-94.14966251026881"><ele>417.08106995884776</ele></trkpt>
<trkpt lat="36.49295900548696" lon="-94.14958749655135"><ele>417.39163237311385</ele></trkpt>
<trkpt lat="36.4929396090535" lon="-94.14951804525184"><ele>417.6460905349794</ele></trkpt>
<trkpt lat="36.492905390946504" lon="-94.1493919546998"><ele>417.9882716049383</ele></trkpt>
<trkpt lat="36.49288303155007" lon="-94.1493126268698"><ele>418.1491083676269</ele></trkpt>
<trkpt lat="36.49286698216736" lon="-94.14925740739115"><ele>418.1844993141289</ele></trkpt>
<trkpt lat="36.49284539094651" lon="-94.14917999996965"><ele>418.15</ele></trkpt>
<trkpt lat="36.49282602194789" lon="-94.14910304525357"><ele>418.11172839506173</ele></trkpt>
<trkpt lat="36.49281104252402" lon="-94.14902835389758"><ele>418.0700960219479</ele></trkpt>
<trkpt lat="36.492802654321" lon="-94.14899413578222"><ele>418.0421810699588</ele></trkpt>
<trkpt lat="36.492790994513044" lon="-94.14895181066876"><ele>418.0037037037037</ele></trkpt>
<trkpt lat="36.49277606310015" lon="-94.1489026337027"><ele>417.9578189300412</ele></trkpt>
<trkpt lat="36.49275804526751" lon="-94.14884882710878"><ele>417.9156378600823</ele></trkpt>
<trkpt lat="36.492737222222225" lon="-94.14879331269927"><ele>417.89519890260635</ele></trkpt>
<trkpt lat="36.492713683127576" lon="-94.14873872421748"><ele>417.91117969821676</ele></trkpt>
<trkpt lat="36.49268687242799" lon="-94.1486861727705"><ele>417.96172839506175</ele></trkpt>
<trkpt lat="36.49265567215364" lon="-94.14863525369255"><ele>418.0285322359397</ele></trkpt>
<trkpt lat="36.492619348422494" lon="-94.14858532226818"><ele>418.09039780521266</ele></trkpt>
<trkpt lat="36.49257882716049" lon="-94.14853656368976"><ele>418.1343621399177</ele></trkpt>
<trkpt lat="36.492536687242804" lon="-94.14849004792022"><ele>418.15665294924554</ele></trkpt>
<trkpt lat="36.492458518518525" lon="-94.14840812750943"><ele>418.1382716049383</ele></trkpt>
<trkpt lat="36.49242591992456" lon="-94.14837343530907"><ele>418.10210905349794</ele></trkpt>
<trkpt lat="36.49235786472586" lon="-94.14829690475796"><ele>418.00041094189174</ele></trkpt>
<trkpt lat="36.49232278951574" lon="-94.1482622416617"><ele>417.9507527653113</ele></trkpt>
<trkpt lat="36.49228445836067" lon="-94.14823340020753"><ele>417.90109458873076</ele></trkpt>
<trkpt lat="36.49224349168686" lon="-94.14821084721616"><ele>417.8514364121503</ele></trkpt>
<trkpt lat="36.49220055257885" lon="-94.14819494772097"><ele>417.8017782355698</ele></trkpt>
<trkpt lat="36.49215633604696" lon="-94.14818595906014"><ele>417.7521200589893</ele></trkpt>
<trkpt lat="36.492111557777775" lon="-94.14818402671214"><ele>417.70246188240884</ele></trkpt>
<trkpt lat="36.49206348" lon="-94.14818576004944"><ele>417.6491555555556</ele></trkpt>
<trkpt lat="36.49187861777778" lon="-94.14819474669763"><ele>417.53665185185184</ele></trkpt>
<trkpt lat="36.49181013207133" lon="-94.14819760243063"><ele>417.48813443072703</ele></trkpt>
<trkpt lat="36.49166450329904" lon="-94.14820114881528"><ele>417.35415946502053</ele></trkpt>
<trkpt lat="36.491630630939646" lon="-94.14820265588"><ele>417.32204218106995</ele></trkpt>
<trkpt lat="36.4915572813786" lon="-94.14820886917968"><ele>417.1934585048011</ele></trkpt>
<trkpt lat="36.491514375" lon="-94.14821104168462"><ele>417.0604166666667</ele></trkpt>
<trkpt lat="36.49144743055556" lon="-94.1482135485547"><ele>416.83852023319616</ele></trkpt>
<trkpt lat="36.49124456018519" lon="-94.14821995117595"><ele>416.146579218107</ele></trkpt>
<trkpt lat="36.49103838734569" lon="-94.14822598682551"><ele>415.4289523319616</ele></trkpt>
<trkpt lat="36.49091427469136" lon="-94.14822907922628"><ele>414.9622427983539</ele></trkpt>
<trkpt lat="36.490839675925926" lon="-94.14823029321151"><ele>414.608024691358</ele></trkpt>
<trkpt lat="36.490777660322365" lon="-94.14823294667586"><ele>414.233950617284</ele></trkpt>
<trkpt lat="36.49071471364884" lon="-94.14823899005579"><ele>413.77181069958846</ele></trkpt>
<trkpt lat="36.49069385438273" lon="-94.14823974981519"><ele>413.6459925925926</ele></trkpt>
<trkpt lat="36.490626797037045" lon="-94.14824025333549"><ele>413.3573185185185</ele></trkpt>
<trkpt lat="36.4905812271605" lon="-94.14824088889571"><ele>413.2585925925926</ele></trkpt>
<trkpt lat="36.49052725037037" lon="-94.14824240446102"><ele>413.28415308641974</ele></trkpt>
<trkpt lat="36.490458789629635" lon="-94.14824526817968"><ele>413.490874074074</ele></trkpt>
<trkpt lat="36.490371365925924" lon="-94.1482496430098"><ele>413.8873481481481</ele></trkpt>
<trkpt lat="36.490269408888885" lon="-94.14825508449842"><ele>414.41182222222216</ele></trkpt>
<trkpt lat="36.49007558962963" lon="-94.14826553484998"><ele>415.4215407407407</ele></trkpt>
<trkpt lat="36.490000699814814" lon="-94.14826937071693"><ele>415.7658902777777</ele></trkpt>
<trkpt lat="36.489878089444446" lon="-94.14827507126111"><ele>416.1842458333333</ele></trkpt>
<trkpt lat="36.48977183407408" lon="-94.14828000148935"><ele>416.4104</ele></trkpt>
<trkpt lat="36.48968195277778" lon="-94.14828501320365"><ele>416.4673041666667</ele></trkpt>
<trkpt lat="36.48963717685186" lon="-94.1482878775607"><ele>416.4180902777778</ele></trkpt>
<trkpt lat="36.48958514537037" lon="-94.148291430813"><ele>416.28342638888887</ele></trkpt>
<trkpt lat="36.48951796740741" lon="-94.1482962222666"><ele>416.02568888888885</ele></trkpt>
<trkpt lat="36.489430841481486" lon="-94.14830255561915"><ele>415.63017777777776</ele></trkpt>
<trkpt lat="36.48922228148149" lon="-94.1483174445098"><ele>414.60417777777775</ele></trkpt>
<trkpt lat="36.48912436740741" lon="-94.14832377782588"><ele>414.10568888888884</ele></trkpt>
<trkpt lat="36.48903588548612" lon="-94.14832856635124"><ele>413.64411273148147</ele></trkpt>
<trkpt lat="36.488950978125004" lon="-94.14833209064673"><ele>413.19080671296297</ele></trkpt>
<trkpt lat="36.48886568937501" lon="-94.14833482189121"><ele>412.7326756944444</ele></trkpt>
<trkpt lat="36.48878362055556" lon="-94.14833697223384"><ele>412.3033962962963</ele></trkpt>
<trkpt lat="36.48871034192044" lon="-94.1483385216805"><ele>411.95123648834016</ele></trkpt>
<trkpt lat="36.48864766803841" lon="-94.14833949674565"><ele>411.7074674211248</ele></trkpt>
<trkpt lat="36.48859097833077" lon="-94.14834022601839"><ele>411.5817161779836</ele></trkpt>
<trkpt lat="36.48853630462878" lon="-94.14834117799656"><ele>411.58669366426614</ele></trkpt>
<trkpt lat="36.48848157447617" lon="-94.14834270679668"><ele>411.7314091135117</ele></trkpt>
<trkpt lat="36.48842840312757" lon="-94.14834473350528"><ele>411.99099423868313</ele></trkpt>
<trkpt lat="36.48831915561043" lon="-94.14834900599094"><ele>412.6813338820302</ele></trkpt>
<trkpt lat="36.48824961333334" lon="-94.148350955569"><ele>413.09696296296295</ele></trkpt>
<trkpt lat="36.48816190666667" lon="-94.14835292890615"><ele>413.58974814814815</ele></trkpt>
<trkpt lat="36.48796090666667" lon="-94.14835707112796"><ele>414.6789925925925</ele></trkpt>
<trkpt lat="36.48787761333334" lon="-94.14835904445687"><ele>415.1227407407407</ele></trkpt>
<trkpt lat="36.48781721983796" lon="-94.14836097366562"><ele>415.4386048611111</ele></trkpt>
<trkpt lat="36.48777530821759" lon="-94.14836301134835"><ele>415.64669791666665</ele></trkpt>
<trkpt lat="36.487705552592594" lon="-94.14836759982128"><ele>415.9057055555556</ele></trkpt>
<trkpt lat="36.48765651543982" lon="-94.14837001521757"><ele>416.01519745370376</ele></trkpt>
<trkpt lat="36.48758973668982" lon="-94.14837245082252"><ele>416.1283275462963</ele></trkpt>
<trkpt lat="36.487429042245374" lon="-94.14837693866842"><ele>416.34725115740736</ele></trkpt>
<trkpt lat="36.48730787037037" lon="-94.1483794531282"><ele>416.4697916666667</ele></trkpt>
<trkpt lat="36.48723006655093" lon="-94.14838054687732"><ele>416.47526041666663</ele></trkpt>
<trkpt lat="36.487140054976855" lon="-94.14838302952114"><ele>416.3772280092593</ele></trkpt>
<trkpt lat="36.4870256712963" lon="-94.14838697049352"><ele>416.19224537037036</ele></trkpt>
<trkpt lat="36.48696996141976" lon="-94.14838851091446"><ele>416.0832604595336</ele></trkpt>
<trkpt lat="36.486863642939824" lon="-94.14839022601815"><ele>415.8118473508231</ele></trkpt>
<trkpt lat="36.48680792298955" lon="-94.14839121646028"><ele>415.62646283436214</ele></trkpt>
<trkpt lat="36.486749907514586" lon="-94.14839284347714"><ele>415.3999131944445</ele></trkpt>
<trkpt lat="36.486636330589846" lon="-94.14839715364069"><ele>414.87235939643347</ele></trkpt>
<trkpt lat="36.48654008230453" lon="-94.14839960905478"><ele>414.37345679012344</ele></trkpt>
<trkpt lat="36.48647076131687" lon="-94.14840006858743"><ele>413.99355281207136</ele></trkpt>
<trkpt lat="36.48641272290809" lon="-94.14840124142948"><ele>413.6408093278464</ele></trkpt>
<trkpt lat="36.48628784122086" lon="-94.14840593439594"><ele>412.83091135116604</ele></trkpt>
<trkpt lat="36.48625317215364" lon="-94.14840605506399"><ele>412.61507630315504</ele></trkpt>
<trkpt lat="36.48620160751028" lon="-94.14840419753426"><ele>412.3071073388203</ele></trkpt>
<trkpt lat="36.48616526845422" lon="-94.14840450714705"><ele>412.0716863854595</ele></trkpt>
<trkpt lat="36.48611125289352" lon="-94.1484066695778"><ele>411.7061342592593</ele></trkpt>
<trkpt lat="36.48604285590278" lon="-94.14841032988326"><ele>411.2368055555555</ele></trkpt>
<trkpt lat="36.48590505401235" lon="-94.14841853707401"><ele>410.30723165294927</ele></trkpt>
<trkpt lat="36.48580160011575" lon="-94.14842525238701"><ele>409.6628986625514</ele></trkpt>
<trkpt lat="36.48576259527179" lon="-94.14842841746548"><ele>409.4302340534979</ele></trkpt>
<trkpt lat="36.485709218107" lon="-94.14843421810849"><ele>409.1039094650206</ele></trkpt>
<trkpt lat="36.48568441700961" lon="-94.14843582990306"><ele>408.96378600823044</ele></trkpt>
<trkpt lat="36.48565122085048" lon="-94.14843589848748"><ele>408.7971193415638</ele></trkpt>
<trkpt lat="36.485609999999994" lon="-94.14843460904822"><ele>408.60390946502065</ele></trkpt>
<trkpt lat="36.4855355829904" lon="-94.14843131687006"><ele>408.2677640603567</ele></trkpt>
<trkpt lat="36.48548695473252" lon="-94.14843132373339"><ele>408.07229080932785</ele></trkpt>
<trkpt lat="36.48541374485598" lon="-94.14843500000575"><ele>407.8656378600823</ele></trkpt>
<trkpt lat="36.48536353802299" lon="-94.14843715364026"><ele>407.7803155006859</ele></trkpt>
<trkpt lat="36.485309154878266" lon="-94.14843875171785"><ele>407.7507030178326</ele></trkpt>
<trkpt lat="36.48525376093107" lon="-94.14843960905488"><ele>407.79184670781893</ele></trkpt>
<trkpt lat="36.485196454046644" lon="-94.1484399245546"><ele>407.90868484224967</ele></trkpt>
<trkpt lat="36.48513354916839" lon="-94.14843999314148"><ele>408.1092228223594</ele></trkpt>
<trkpt lat="36.485060781250006" lon="-94.14844000000024"><ele>408.3992476851852</ele></trkpt>
<trkpt lat="36.4848264371142" lon="-94.1484400068589"><ele>409.42204218106997</ele></trkpt>
<trkpt lat="36.48470545717593" lon="-94.14844039094794"><ele>409.85889274691357</ele></trkpt>
<trkpt lat="36.48464824567044" lon="-94.14844124828878"><ele>410.044296553498</ele></trkpt>
<trkpt lat="36.48458963756002" lon="-94.14844284637066"><ele>410.24127443415637</ele></trkpt>
<trkpt lat="36.48447136488342" lon="-94.14844715364087"><ele>410.65946502057614</ele></trkpt>
<trkpt lat="36.48441412894376" lon="-94.14844875171812"><ele>410.85534979423875</ele></trkpt>
<trkpt lat="36.484318374485596" lon="-94.14844992455458"><ele>411.1650891632373</ele></trkpt>
<trkpt lat="36.48424153635117" lon="-94.14845000000008"><ele>411.4054183813443</ele></trkpt>
<trkpt lat="36.48416335390947" lon="-94.1484500000001"><ele>411.55781893004115</ele></trkpt>
<trkpt lat="36.483930061728394" lon="-94.14845000685884"><ele>411.93731138545957</ele></trkpt>
<trkpt lat="36.483813518518524" lon="-94.14845039094753"><ele>412.0882716049383</ele></trkpt>
<trkpt lat="36.483760864197535" lon="-94.14845128000914"><ele>412.14080932784634</ele></trkpt>
<trkpt lat="36.4837137654321" lon="-94.14845294839176"><ele>412.1748285322359</ele></trkpt>
<trkpt lat="36.48363" lon="-94.14845734139531"><ele>412.1962277091907</ele></trkpt>
<trkpt lat="36.483589074074075" lon="-94.14845859910902"><ele>412.1881344307271</ele></trkpt>
<trkpt lat="36.4835462345679" lon="-94.14845849708267"><ele>412.16227709190673</ele></trkpt>
<trkpt lat="36.483499135802475" lon="-94.14845713048184"><ele>412.11159122085047</ele></trkpt>
<trkpt lat="36.483389341563786" lon="-94.14845285321812"><ele>411.93511659807956</ele></trkpt>
<trkpt lat="36.48333016460906" lon="-94.14845132372817"><ele>411.8198216735253</ele></trkpt>
<trkpt lat="36.48327117283951" lon="-94.14845078189299"><ele>411.6921810699588</ele></trkpt>
<trkpt lat="36.48321384773663" lon="-94.1484513237339"><ele>411.553635116598</ele></trkpt>
<trkpt lat="36.483159670781895" lon="-94.14845285322848"><ele>411.40706447187927</ele></trkpt>
<trkpt lat="36.483038950617285" lon="-94.14845882716305"><ele>411.0281893004115</ele></trkpt>
<trkpt lat="36.482987064471885" lon="-94.14846118655998"><ele>410.8314814814815</ele></trkpt>
<trkpt lat="36.48290335390948" lon="-94.14846578190236"><ele>410.4530864197531</ele></trkpt>
<trkpt lat="36.482846861925594" lon="-94.14846960660164"><ele>410.16880465534985</ele></trkpt>
<trkpt lat="36.48278620134603" lon="-94.14847430417827"><ele>409.83663515946506</ele></trkpt>
<trkpt lat="36.48266399348423" lon="-94.14848427213556"><ele>409.1300411522634</ele></trkpt>
<trkpt lat="36.48259962791496" lon="-94.1484884478031"><ele>408.78849665637864</ele></trkpt>
<trkpt lat="36.482528379629635" lon="-94.14849184029192"><ele>408.4498263888889</ele></trkpt>
<trkpt lat="36.48245230902778" lon="-94.14849450522085"><ele>408.11484375000003</ele></trkpt>
<trkpt lat="36.482380167824076" lon="-94.1484963281338"><ele>407.80512152777777</ele></trkpt>
<trkpt lat="36.482321722608035" lon="-94.14849698592218"><ele>407.54849215534983</ele></trkpt>
<trkpt lat="36.482280077160496" lon="-94.14849638117315"><ele>407.3503600823045</ele></trkpt>
<trkpt lat="36.482222596021955" lon="-94.14849397676615"><ele>407.0147312242799</ele></trkpt>
<trkpt lat="36.48219253772291" lon="-94.14849406850357"><ele>406.8186792695473</ele></trkpt>
<trkpt lat="36.48208595336077" lon="-94.14849883402158"><ele>406.1825102880658</ele></trkpt>
<trkpt lat="36.482019293552824" lon="-94.14850117284136"><ele>405.8572016460905</ele></trkpt>
<trkpt lat="36.48192726337449" lon="-94.14850715363796"><ele>405.3953360768175</ele></trkpt>
<trkpt lat="36.481856172839514" lon="-94.14850960905432"><ele>405.1156378600823</ele></trkpt>
<trkpt lat="36.481790768175586" lon="-94.14851006858743"><ele>404.9165294924554</ele></trkpt>
<trkpt lat="36.481733984910846" lon="-94.14851124828805"><ele>404.74410150891634</ele></trkpt>
<trkpt lat="36.48165656378601" lon="-94.14851500000572"><ele>404.4539094650206</ele></trkpt>
<trkpt lat="36.48156460905349" lon="-94.14851960905445"><ele>404.1039094650206</ele></trkpt>
<trkpt lat="36.48150877229081" lon="-94.14851999314138"><ele>403.9259259259259</ele></trkpt>
<trkpt lat="36.48140872427983" lon="-94.14852000000012"><ele>403.60816186556923</ele></trkpt>
<trkpt lat="36.48123136488341" lon="-94.14852000000012"><ele>403.1093964334705</ele></trkpt>
<trkpt lat="36.481121646090536" lon="-94.14852000000012"><ele>402.8695473251029</ele></trkpt>
<trkpt lat="36.481047139917706" lon="-94.14852000000006"><ele>402.7400548696845</ele></trkpt>
<trkpt lat="36.4810016186557" lon="-94.14852000000006"><ele>402.73998628257885</ele></trkpt>
<trkpt lat="36.4809280452675" lon="-94.14852000000012"><ele>402.8656378600823</ele></trkpt>
<trkpt lat="36.48084449245542" lon="-94.14852000000009"><ele>403.0809327846365</ele></trkpt>
<trkpt lat="36.48078333333335" lon="-94.14852000000006"><ele>403.3595336076818</ele></trkpt>
<trkpt lat="36.4806231069959" lon="-94.14852000000012"><ele>404.2417009602195</ele></trkpt>
<trkpt lat="36.48043178240741" lon="-94.14852000000009"><ele>405.34879115226335</ele></trkpt>
<trkpt lat="36.48039287037037" lon="-94.14852000000006"><ele>405.5430984224966</ele></trkpt>
<trkpt lat="36.480308336226855" lon="-94.14852016493134"><ele>405.87583912037036</ele></trkpt>
<trkpt lat="36.48025137462963" lon="-94.14852148074647"><ele>405.9731796296296</ele></trkpt>
<trkpt lat="36.48005807604167" lon="-94.14852702049866"><ele>406.21843171296297</ele></trkpt>
<trkpt lat="36.47998419256945" lon="-94.14852902924848"><ele>406.2632988425926</ele></trkpt>
<trkpt lat="36.47990819703704" lon="-94.14853095556893"><ele>406.25438518518524</ele></trkpt>
<trkpt lat="36.47982508740741" lon="-94.1485329289043"><ele>406.19037037037043</ele></trkpt>
<trkpt lat="36.47964428740741" lon="-94.14853707112658"><ele>405.9502370370371</ele></trkpt>
<trkpt lat="36.47956019703704" lon="-94.14853904445803"><ele>405.79305185185194</ele></trkpt>
<trkpt lat="36.47948431222222" lon="-94.14854086834566"><ele>405.60784259259265</ele></trkpt>
<trkpt lat="36.479414114444445" lon="-94.14854223612168"><ele>405.39204629629637</ele></trkpt>
<trkpt lat="36.47935019666667" lon="-94.1485418616706"><ele>405.16369444444445</ele></trkpt>
<trkpt lat="36.47929496444445" lon="-94.14853685998749"><ele>404.94385185185183</ele></trkpt>
<trkpt lat="36.479251312222225" lon="-94.14852252384722"><ele>404.74506481481484</ele></trkpt>
<trkpt lat="36.47921795" lon="-94.14849272491601"><ele>404.55475</ele></trkpt>
<trkpt lat="36.47919272000001" lon="-94.1484404998618"><ele>404.352</ele></trkpt>
<trkpt lat="36.47917325" lon="-94.14835857479865"><ele>404.11324999999994</ele></trkpt>
<trkpt lat="36.47915828000001" lon="-94.14823959972895"><ele>403.81899999999996</ele></trkpt>
<trkpt lat="36.479148828522874" lon="-94.14810689407469"><ele>403.58632321526517</ele></trkpt>
<trkpt lat="36.47914211123833" lon="-94.14800480987226"><ele>403.40743813106303</ele></trkpt>
<trkpt lat="36.479133175160484" lon="-94.14785157410678"><ele>403.1391105047598</ele></trkpt>
<trkpt lat="36.4791279781507" lon="-94.1477493521165"><ele>402.96022542055766</ele></trkpt>
<trkpt lat="36.47912338977842" lon="-94.14764708480841"><ele>402.7813403363556</ele></trkpt>
<trkpt lat="36.47911941029512" lon="-94.14754477778482"><ele>402.60245525215345</ele></trkpt>
<trkpt lat="36.47911603991889" lon="-94.14744243665028"><ele>402.4235701679513</ele></trkpt>
<trkpt lat="36.47911327883445" lon="-94.14734006701116"><ele>402.2446850837492</ele></trkpt>
<trkpt lat="36.4791111271931" lon="-94.14723767447538"><ele>402.06579999954704</ele></trkpt>
<trkpt lat="36.47906291259259" lon="-94.14456436590774"><ele>397.3958222222222</ele></trkpt>
<trkpt lat="36.47906095407407" lon="-94.1444691851711"><ele>397.31337777777776</ele></trkpt>
<trkpt lat="36.479058882524" lon="-94.14439497524306"><ele>397.2654951989026</ele></trkpt>
<trkpt lat="36.47905557640603" lon="-94.1443370433365"><ele>397.24536076817554</ele></trkpt>
<trkpt lat="36.47904769646091" lon="-94.14428905611771"><ele>397.22730041152266</ele></trkpt>
<trkpt lat="36.479030151385466" lon="-94.14425069073789"><ele>397.1741124828532</ele></trkpt>
<trkpt lat="36.47899899445817" lon="-94.1442246838835"><ele>397.0595418381344</ele></trkpt>
<trkpt lat="36.478955308641986" lon="-94.14421203703378"><ele>396.89218106995884</ele></trkpt>
<trkpt lat="36.4789050617284" lon="-94.14420851166253"><ele>396.7144718792867</ele></trkpt>
<trkpt lat="36.47885524691359" lon="-94.14420887517439"><ele>396.57133058984914</ele></trkpt>
<trkpt lat="36.478774474451306" lon="-94.14420992455453"><ele>396.4347307956104</ele></trkpt>
<trkpt lat="36.478699682702334" lon="-94.14421016889015"><ele>396.4579611796982</ele></trkpt>
<trkpt lat="36.47865044388889" lon="-94.1442116029735"><ele>396.60996481481476</ele></trkpt>
<trkpt lat="36.47841907111111" lon="-94.1442200000355"><ele>397.3</ele></trkpt>
<trkpt lat="36.47823438370371" lon="-94.14422648890985"><ele>397.8271111111111</ele></trkpt>
<trkpt lat="36.47812206941015" lon="-94.14422940741187"><ele>398.08621124828534</ele></trkpt>
<trkpt lat="36.47805200772977" lon="-94.14422996740775"><ele>398.1706901920439</ele></trkpt>
<trkpt lat="36.47797968270234" lon="-94.14423016889016"><ele>398.24515733882026</ele></trkpt>
<trkpt lat="36.47793044388889" lon="-94.14423160297349"><ele>398.2897425925926</ele></trkpt>
<trkpt lat="36.477697128888884" lon="-94.14424016892602"><ele>398.3525333333334</ele></trkpt>
<trkpt lat="36.47749594962963" lon="-94.14424809188253"><ele>398.4144888888889</ele></trkpt>
<trkpt lat="36.47740944155093" lon="-94.14425194444877"><ele>398.46293287037037</ele></trkpt>
<trkpt lat="36.47724666840278" lon="-94.14426031537381"><ele>398.6088402777778</ele></trkpt>
<trkpt lat="36.47710356310014" lon="-94.14426855088008"><ele>398.7711303155007</ele></trkpt>
<trkpt lat="36.47700727784208" lon="-94.14427447049218"><ele>398.89331918724275</ele></trkpt>
<trkpt lat="36.47697314353996" lon="-94.14427589602923"><ele>398.93072059327847</ele></trkpt>
<trkpt lat="36.47694667513289" lon="-94.14427582079537"><ele>398.9458997770919</ele></trkpt>
<trkpt lat="36.47689650377229" lon="-94.14427139403338"><ele>398.9060528120713</ele></trkpt>
<trkpt lat="36.47687507115913" lon="-94.14427145147705"><ele>398.8905178326475</ele></trkpt>
<trkpt lat="36.476762187928664" lon="-94.14427659465798"><ele>398.8220507544582</ele></trkpt>
<trkpt lat="36.47665375" lon="-94.14428000001249"><ele>398.7270833333334</ele></trkpt>
<trkpt lat="36.476573888888886" lon="-94.14428154237012"><ele>398.64411865569275</ele></trkpt>
<trkpt lat="36.476350000000004" lon="-94.1442849511562"><ele>398.39902263374483</ele></trkpt>
<trkpt lat="36.47612611111112" lon="-94.14428799298553"><ele>398.1465877914952</ele></trkpt>
<trkpt lat="36.475986989012355" lon="-94.14428954062875"><ele>397.9764757887517</ele></trkpt>
<trkpt lat="36.47585298580248" lon="-94.14429087946452"><ele>397.7806484910837</ele></trkpt>
<trkpt lat="36.47580216679014" lon="-94.14429240360231"><ele>397.7122906035665</ele></trkpt>
<trkpt lat="36.475738370370394" lon="-94.14429526669541"><ele>397.63623703703706</ele></trkpt>
<trkpt lat="36.47565772296297" lon="-94.14429962670916"><ele>397.54811851851855</ele></trkpt>
<trkpt lat="36.47547071407408" lon="-94.14431037337597"><ele>397.3550074074074</ele></trkpt>
<trkpt lat="36.47538761481482" lon="-94.14431473336234"><ele>397.2717925925926</ele></trkpt>
<trkpt lat="36.47531847622686" lon="-94.14431759846454"><ele>397.20457129629625</ele></trkpt>
<trkpt lat="36.47525879293982" lon="-94.14431914294642"><ele>397.14866203703707</ele></trkpt>
<trkpt lat="36.47515199370371" lon="-94.14432052981672"><ele>397.04849259259265</ele></trkpt>
<trkpt lat="36.47506547067901" lon="-94.14432311557327"><ele>396.94850823045266</ele></trkpt>
<trkpt lat="36.47496633069702" lon="-94.14432869952597"><ele>396.79232253086417</ele></trkpt>
<trkpt lat="36.474905397805216" lon="-94.14432868312502"><ele>396.6672153635117</ele></trkpt>
<trkpt lat="36.47481569958849" lon="-94.14432539094152"><ele>396.43436213991765</ele></trkpt>
<trkpt lat="36.474760342935525" lon="-94.14432409464801"><ele>396.28031550068584</ele></trkpt>
<trkpt lat="36.47470276406036" lon="-94.1443240946524"><ele>396.11639231824415</ele></trkpt>
<trkpt lat="36.474645" lon="-94.14432539095168"><ele>395.95</ele></trkpt>
<trkpt lat="36.47453003429355" lon="-94.1443287585767"><ele>395.6196844993141</ele></trkpt>
<trkpt lat="36.47447625514403" lon="-94.14432960905488"><ele>395.46563786008227</ele></trkpt>
<trkpt lat="36.474376455761316" lon="-94.144330494794"><ele>395.14672067901233</ele></trkpt>
<trkpt lat="36.47431924972136" lon="-94.1443344878647"><ele>394.89094007201646</ele></trkpt>
<trkpt lat="36.47411912037038" lon="-94.14435091148798"><ele>394.0142361111112</ele></trkpt>
<trkpt lat="36.47405408950618" lon="-94.14435551217123"><ele>393.7179398148148</ele></trkpt>
<trkpt lat="36.474002415123465" lon="-94.14435826389723"><ele>393.4672067901235</ele></trkpt>
<trkpt lat="36.47396113136574" lon="-94.14435950521103"><ele>393.25353009259265</ele></trkpt>
<trkpt lat="36.473896856674386" lon="-94.14435999131955"><ele>392.92467206790127</ele></trkpt>
<trkpt lat="36.473834315843625" lon="-94.14436000000003"><ele>392.6336934156378</ele></trkpt>
<trkpt lat="36.4737380616641" lon="-94.14436032986312"><ele>392.10819508744856</ele></trkpt>
<trkpt lat="36.47368590106311" lon="-94.1443611574133"><ele>391.8602280521262</ele></trkpt>
<trkpt lat="36.47362489015347" lon="-94.14436299480444"><ele>391.617440414952</ele></trkpt>
<trkpt lat="36.47355323784723" lon="-94.14436609087706"><ele>391.3861689814815</ele></trkpt>
<trkpt lat="36.47347203125" lon="-94.14437016495572"><ele>391.17144097222223</ele></trkpt>
<trkpt lat="36.47338577256945" lon="-94.14437451970034"><ele>390.99320023148147</ele></trkpt>
<trkpt lat="36.47329850405093" lon="-94.14437850696527"><ele>390.88006365740745</ele></trkpt>
<trkpt lat="36.47321061921296" lon="-94.14438190395288"><ele>390.84583333333336</ele></trkpt>
<trkpt lat="36.47312280381944" lon="-94.14438483508494"><ele>390.87968750000005</ele></trkpt>
<trkpt lat="36.47303975983797" lon="-94.14438748554558"><ele>390.9640625</ele></trkpt>
<trkpt lat="36.47296692418982" lon="-94.14439000001073"><ele>391.09039351851857</ele></trkpt>
<trkpt lat="36.47290515625" lon="-94.14439251447693"><ele>391.25943287037035</ele></trkpt>
<trkpt lat="36.472849999999994" lon="-94.14439516494014"><ele>391.4664930555555</ele></trkpt>
<trkpt lat="36.472733125000005" lon="-94.14440149596618"><ele>391.95975115740737</ele></trkpt>
<trkpt lat="36.47258" lon="-94.1444100000258"><ele>392.53515625</ele></trkpt>
<trkpt lat="36.47249921875" lon="-94.14441448787025"><ele>392.8032986111111</ele></trkpt>
<trkpt lat="36.472369992990586" lon="-94.14442164730568"><ele>393.11574782111546</ele></trkpt>
<trkpt lat="36.47231626539845" lon="-94.14442385979096"><ele>393.1733144647935</ele></trkpt>
<trkpt lat="36.47226249508736" lon="-94.14442466739081"><ele>393.19446160243325</ele></trkpt>
<trkpt lat="36.47220870786912" lon="-94.14442437154935"><ele>393.19917167687925</ele></trkpt>
<trkpt lat="36.472101280644324" lon="-94.14442249238782"><ele>393.2</ele></trkpt>
<trkpt lat="36.47201739937953" lon="-94.14442010682023"><ele>393.2</ele></trkpt>
<trkpt lat="36.471910218190594" lon="-94.144414824651"><ele>393.20110693895504</ele></trkpt>
<trkpt lat="36.4718564285548" lon="-94.1444136155307"><ele>393.207061448987</ele></trkpt>
<trkpt lat="36.47180272083196" lon="-94.14442945268681"><ele>393.2362618176721</ele></trkpt>
<trkpt lat="36.47176820221429" lon="-94.14448031133233"><ele>393.315195340146</ele></trkpt>
<trkpt lat="36.471757081970395" lon="-94.14454557041209"><ele>393.4171537388848</ele></trkpt>
<trkpt lat="36.47175536316936" lon="-94.14460000170965"><ele>393.50649045587943</ele></trkpt>
<trkpt lat="36.47175586932724" lon="-94.14466747328196"><ele>393.61591071339245</ele></trkpt>
<trkpt lat="36.471758226654956" lon="-94.14473431668296"><ele>393.72513952202956</ele></trkpt>
<trkpt lat="36.471763756705094" lon="-94.1448679719841"><ele>393.9447398573014</ele></trkpt>
<trkpt lat="36.47176731555557" lon="-94.14498825922998"><ele>394.146962962963</ele></trkpt>
<trkpt lat="36.47177017217594" lon="-94.14507461884659"><ele>394.30065185185185</ele></trkpt>
<trkpt lat="36.47177758351853" lon="-94.14526975647048"><ele>394.690587037037</ele></trkpt>
<trkpt lat="36.4717824826389" lon="-94.14543426503072"><ele>394.9844039351852</ele></trkpt>
<trkpt lat="36.47178751736112" lon="-94.1456351244058"><ele>395.3094907407408</ele></trkpt>
<trkpt lat="36.47179253686557" lon="-94.14579998884406"><ele>395.5856224279836</ele></trkpt>
<trkpt lat="36.4717972078618" lon="-94.14592069036597"><ele>395.8124624914266</ele></trkpt>
<trkpt lat="36.4717996090535" lon="-94.14600765431977"><ele>395.99218106995886</ele></trkpt>
<trkpt lat="36.47180016888889" lon="-94.14612116822917"><ele>396.1944510288066</ele></trkpt>
<trkpt lat="36.47180160296297" lon="-94.14621629260924"><ele>396.35211577503435</ele></trkpt>
<trkpt lat="36.47180641777778" lon="-94.14636904737668"><ele>396.64705185185187</ele></trkpt>
<trkpt lat="36.471813582222225" lon="-94.14657032737675"><ele>397.0466962962963</ele></trkpt>
<trkpt lat="36.47181839851852" lon="-94.1467196222115"><ele>397.31202962962965</ele></trkpt>
<trkpt lat="36.47181942370371" lon="-94.14676659555113"><ele>397.3695259259259</ele></trkpt>
<trkpt lat="36.471820263703705" lon="-94.14684340444205"><ele>397.4367259259259</ele></trkpt>
<trkpt lat="36.471821757037034" lon="-94.14695441480453"><ele>397.6282666666667</ele></trkpt>
<trkpt lat="36.47182708740741" lon="-94.147243322946"><ele>398.2917333333333</ele></trkpt>
<trkpt lat="36.47183100087792" lon="-94.14740809880935"><ele>398.6498781893004</ele></trkpt>
<trkpt lat="36.471833141015104" lon="-94.14747222824795"><ele>398.76460082304527</ele></trkpt>
<trkpt lat="36.47183853860083" lon="-94.14759222007304"><ele>398.95452839506174</ele></trkpt>
<trkpt lat="36.47184707967079" lon="-94.1477362747285"><ele>399.2124493827161</ele></trkpt>
<trkpt lat="36.47184969349795" lon="-94.14780652806438"><ele>399.2941827160494</ele></trkpt>
<trkpt lat="36.471850794622775" lon="-94.14788684564608"><ele>399.35589794238683</ele></trkpt>
<trkpt lat="36.47185322518519" lon="-94.14803737035434"><ele>399.52527407407405</ele></trkpt>
<trkpt lat="36.471857087407415" lon="-94.1482516947965"><ele>399.7872296296296</ele></trkpt>
<trkpt lat="36.47186095851852" lon="-94.14844369035602"><ele>400.0142814814815</ele></trkpt>
<trkpt lat="36.4718651688889" lon="-94.14861635109406"><ele>400.20337777777775</ele></trkpt>
<trkpt lat="36.47187064740741" lon="-94.14879915700578"><ele>400.41783703703703</ele></trkpt>
<trkpt lat="36.47187446518519" lon="-94.14890515995256"><ele>400.5610666666667</ele></trkpt>
<trkpt lat="36.47187933037037" lon="-94.1490296799355"><ele>400.7412888888889</ele></trkpt>
<trkpt lat="36.47189035703704" lon="-94.14930187993853"><ele>401.14933333333335</ele></trkpt>
<trkpt lat="36.471897598518524" lon="-94.1494934666455"><ele>401.4295111111111</ele></trkpt>
<trkpt lat="36.471899143703695" lon="-94.14954834665791"><ele>401.50079999999997</ele></trkpt>
<trkpt lat="36.47190159851852" lon="-94.14968653331918"><ele>401.6464</ele></trkpt>
<trkpt lat="36.471906243861355" lon="-94.1498714431514"><ele>401.84708843537413</ele></trkpt>
<trkpt lat="36.471913000686754" lon="-94.1501218243687"><ele>402.1252634920635</ele></trkpt>
<trkpt lat="36.47191874635569" lon="-94.15034913989977"><ele>402.38265306122446</ele></trkpt>
<trkpt lat="36.47192389050859" lon="-94.15059280957463"><ele>402.66744951949033</ele></trkpt>
<trkpt lat="36.47193317460317" lon="-94.15108218868113"><ele>403.2490875715365</ele></trkpt>
<trkpt lat="36.47193874635568" lon="-94.1513549416477"><ele>403.57259475218655</ele></trkpt>
<trkpt lat="36.47194125364431" lon="-94.15145648684448"><ele>403.6916909620991</ele></trkpt>
<trkpt lat="36.47194701560955" lon="-94.1516398586053"><ele>403.90274674441207</ele></trkpt>
<trkpt lat="36.47195405243495" lon="-94.15183190876849"><ele>404.1181943634597</ele></trkpt>
<trkpt lat="36.471960199396456" lon="-94.15199433479782"><ele>404.28788971193416</ele></trkpt>
<trkpt lat="36.47196557300412" lon="-94.15213207702496"><ele>404.40586172839505</ele></trkpt>
<trkpt lat="36.471971635061735" lon="-94.15227281189614"><ele>404.50420795610427</ele></trkpt>
<trkpt lat="36.47197707967079" lon="-94.15238766989833"><ele>404.56986447187927</ele></trkpt>
<trkpt lat="36.47197969349795" lon="-94.15245150139755"><ele>404.5868016460906</ele></trkpt>
<trkpt lat="36.47198175555556" lon="-94.15257121776675"><ele>404.4068148148149</ele></trkpt>
<trkpt lat="36.471986791111114" lon="-94.15287951553861"><ele>403.83816296296294</ele></trkpt>
<trkpt lat="36.471989201412036" lon="-94.15306594360497"><ele>403.4994638888889</ele></trkpt>
<trkpt lat="36.47199056240742" lon="-94.15328289221989"><ele>403.1325611111111</ele></trkpt>
<trkpt lat="36.47199150025463" lon="-94.1533485787918"><ele>403.0290738425926</ele></trkpt>
<trkpt lat="36.4719930931713" lon="-94.15341075230755"><ele>402.93614004629626</ele></trkpt>
<trkpt lat="36.471995329861116" lon="-94.15347263887863"><ele>402.84835069444443</ele></trkpt>
<trkpt lat="36.47200536277778" lon="-94.15370449293434"><ele>402.5397685185185</ele></trkpt>
<trkpt lat="36.47201371284723" lon="-94.15390579765455"><ele>402.30046643518517</ele></trkpt>
<trkpt lat="36.472017254097224" lon="-94.15400489895569"><ele>402.21443634259253</ele></trkpt>
<trkpt lat="36.47202015407407" lon="-94.1541049999775"><ele>402.16565925925926</ele></trkpt>
<trkpt lat="36.47202263259259" lon="-94.15421299108927"><ele>402.1500296296296</ele></trkpt>
<trkpt lat="36.47202904296296" lon="-94.15454295554014"><ele>402.19054814814814</ele></trkpt>
<trkpt lat="36.47203097076389" lon="-94.15462851443152"><ele>402.20964976851855</ele></trkpt>
<trkpt lat="36.47203702111111" lon="-94.1548493672132"><ele>402.25863703703703</ele></trkpt>
<trkpt lat="36.47203851925926" lon="-94.15491596718229"><ele>402.2548085048011</ele></trkpt>
<trkpt lat="36.47203983506944" lon="-94.15503429526665"><ele>402.1945248199588</ele></trkpt>
<trkpt lat="36.472040164930554" lon="-94.15514385577329"><ele>402.11606545781893</ele></trkpt>
<trkpt lat="36.4720414988426" lon="-94.15521428582952"><ele>402.1751371742113</ele></trkpt>
<trkpt lat="36.47205000000001" lon="-94.15558999998305"><ele>402.6299189814815</ele></trkpt>
<trkpt lat="36.472058501157406" lon="-94.15596581017793"><ele>403.1969907407408</ele></trkpt>
<trkpt lat="36.4720603591178" lon="-94.1560491245487"><ele>403.3520929783951</ele></trkpt>
<trkpt lat="36.4720627096845" lon="-94.15610616465834"><ele>403.439532510288</ele></trkpt>
<trkpt lat="36.47206693443073" lon="-94.15620917721948"><ele>403.508304526749</ele></trkpt>
<trkpt lat="36.472069005980785" lon="-94.1562759868742"><ele>403.49990288065845</ele></trkpt>
<trkpt lat="36.47207095407407" lon="-94.15636079257655"><ele>403.443525925926</ele></trkpt>
<trkpt lat="36.472072912592594" lon="-94.156468789609"><ele>403.337362962963</ele></trkpt>
<trkpt lat="36.47207920537722" lon="-94.15687824026797"><ele>402.8641185185185</ele></trkpt>
<trkpt lat="36.47208030650206" lon="-94.15693790304351"><ele>402.8067555555556</ele></trkpt>
<trkpt lat="36.47208473349794" lon="-94.15704298139121"><ele>402.8033777777778</ele></trkpt>
<trkpt lat="36.4720890059808" lon="-94.15716678835557"><ele>402.83205925925927</ele></trkpt>
<trkpt lat="36.472090925925926" lon="-94.15725254961357"><ele>402.87032592592595</ele></trkpt>
<trkpt lat="36.47209260296297" lon="-94.15736201479582"><ele>402.9294962962963</ele></trkpt>
<trkpt lat="36.47209331111112" lon="-94.15748839554043"><ele>403.0059111111111</ele></trkpt>
<trkpt lat="36.47209114518519" lon="-94.15761204592395"><ele>403.09238518518515</ele></trkpt>
<trkpt lat="36.47208301481482" lon="-94.15771219408846"><ele>403.1858814814815</ele></trkpt>
<trkpt lat="36.47206496740741" lon="-94.15777909714427"><ele>403.29417448559667</ele></trkpt>
<trkpt lat="36.472034545679016" lon="-94.15781665105473"><ele>403.42951440329216</ele></trkpt>
<trkpt lat="36.471991601481484" lon="-94.15783535063896"><ele>403.6024641975309</ele></trkpt>
<trkpt lat="36.47193993037036" lon="-94.15784475337736"><ele>403.81067379972563</ele></trkpt>
<trkpt lat="36.471884493333334" lon="-94.15785032895616"><ele>404.04306611796983</ele></trkpt>
<trkpt lat="36.47178844993142" lon="-94.15785700960755"><ele>404.4670781893004</ele></trkpt>
<trkpt lat="36.47173460905349" lon="-94.15786000000189"><ele>404.67263374485594</ele></trkpt>
<trkpt lat="36.47163374485597" lon="-94.15786539095413"><ele>404.74609053497943</ele></trkpt>
<trkpt lat="36.471524012345675" lon="-94.15787159808826"><ele>404.7582990397805</ele></trkpt>
<trkpt lat="36.4714283744856" lon="-94.15787707819433"><ele>404.7148834019204</ele></trkpt>
<trkpt lat="36.471374609053505" lon="-94.15787960905448"><ele>404.63436213991764</ele></trkpt>
<trkpt lat="36.47127335390946" lon="-94.15788039094792"><ele>404.3460905349794</ele></trkpt>
<trkpt lat="36.471218717421124" lon="-94.1578812482888"><ele>404.2176268861454</ele></trkpt>
<trkpt lat="36.471159883401924" lon="-94.15788284637067"><ele>404.10027434842254</ele></trkpt>
<trkpt lat="36.471040437885804" lon="-94.15788715653443"><ele>403.8746581361454</ele></trkpt>
<trkpt lat="36.47098176118827" lon="-94.15788878354708"><ele>403.728904106653</ele></trkpt>
<trkpt lat="36.47080356577932" lon="-94.15789148909698"><ele>403.1568576388888</ele></trkpt>
<trkpt lat="36.47073081307871" lon="-94.15789302952433"><ele>402.9372395833333</ele></trkpt>
<trkpt lat="36.470569797453706" lon="-94.15789697049654"><ele>402.4993923611111</ele></trkpt>
<trkpt lat="36.470437793209875" lon="-94.15789942129933"><ele>402.2267146776406</ele></trkpt>
<trkpt lat="36.47029499999999" lon="-94.15790000000008"><ele>402.0843621399177</ele></trkpt>
<trkpt lat="36.47024290123456" lon="-94.15790000000008"><ele>401.9577503429356</ele></trkpt>
<trkpt lat="36.47011622974537" lon="-94.15790016493135"><ele>401.58326260288067</ele></trkpt>
<trkpt lat="36.470007511574074" lon="-94.15790302952335"><ele>400.9328703703704</ele></trkpt>
<trkpt lat="36.46981771701389" lon="-94.15790851091542"><ele>399.69803883744856</ele></trkpt>
<trkpt lat="36.46975896990741" lon="-94.15791022601762"><ele>399.2933641975308</ele></trkpt>
<trkpt lat="36.46970685570988" lon="-94.15791284347577"><ele>398.9389917695473</ele></trkpt>
<trkpt lat="36.46958300925926" lon="-94.15791977398547"><ele>398.13302469135806</ele></trkpt>
<trkpt lat="36.4695405437037" lon="-94.15792147536726"><ele>397.9424477366255</ele></trkpt>
<trkpt lat="36.46946038" lon="-94.15792500924468"><ele>397.7204777777778</ele></trkpt>
<trkpt lat="36.46935613444445" lon="-94.15792983073122"><ele>397.5785259259259</ele></trkpt>
<trkpt lat="36.46929558814816" lon="-94.15793270964878"><ele>397.6062518518518</ele></trkpt>
<trkpt lat="36.46922422074075" lon="-94.15793612150672"><ele>397.70837037037035</ele></trkpt>
<trkpt lat="36.46905858962963" lon="-94.15794356595049"><ele>398.0447703703704</ele></trkpt>
<trkpt lat="36.468975943703704" lon="-94.1579464874246"><ele>398.23025185185185</ele></trkpt>
<trkpt lat="36.4688943471605" lon="-94.15794839961876"><ele>398.4197475994513</ele></trkpt>
<trkpt lat="36.46880932098766" lon="-94.15794943570441"><ele>398.6220137174211</ele></trkpt>
<trkpt lat="36.46863085209877" lon="-94.15795048181762"><ele>399.0476310013717</ele></trkpt>
<trkpt lat="36.468543324938274" lon="-94.15795138851381"><ele>399.2474019204389</ele></trkpt>
<trkpt lat="36.468452500000005" lon="-94.15795312503154"><ele>399.4416666666666</ele></trkpt>
<trkpt lat="36.46834833333334" lon="-94.15795602028565"><ele>399.6499914266118</ele></trkpt>
<trkpt lat="36.46822416666667" lon="-94.15796013467425"><ele>399.8878686556927</ele></trkpt>
<trkpt lat="36.46808500000001" lon="-94.15796509781764"><ele>400.1495113168724</ele></trkpt>
<trkpt lat="36.46782166666668" lon="-94.15797490918158"><ele>400.6453617969822</ele></trkpt>
<trkpt lat="36.46771750000001" lon="-94.15797895837798"><ele>400.8479166666666</ele></trkpt>
<trkpt lat="36.46753966938272" lon="-94.15798633331244"><ele>401.21666392318247</ele></trkpt>
<trkpt lat="36.467301300246916" lon="-94.15799651103922"><ele>401.7255510973937</ele></trkpt>
<trkpt lat="36.46721556314815" lon="-94.15799942778204"><ele>401.87022777777776</ele></trkpt>
<trkpt lat="36.46716832814815" lon="-94.15800033778923"><ele>401.8957777777777</ele></trkpt>
<trkpt lat="36.467105575000005" lon="-94.15800225006627"><ele>401.88424999999995</ele></trkpt>
<trkpt lat="36.46696872500001" lon="-94.15800775021435"><ele>401.84574999999995</ele></trkpt>
<trkpt lat="36.466499456666675" lon="-94.1580278894901"><ele>401.70477777777774</ele></trkpt>
<trkpt lat="36.465481145555565" lon="-94.15807211171209"><ele>401.3952222222222</ele></trkpt>
<trkpt lat="36.465015925" lon="-94.15809225021387"><ele>401.25425</ele></trkpt>
<trkpt lat="36.46488597500001" lon="-94.15809775006592"><ele>401.21574999999996</ele></trkpt>
<trkpt lat="36.464810962708334" lon="-94.15810041366609"><ele>401.1965256944444</ele></trkpt>
<trkpt lat="36.46469054687501" lon="-94.15810515633716"><ele>401.15703125</ele></trkpt>
<trkpt lat="36.46409977322048" lon="-94.15813000027688"><ele>400.95000000000005</ele></trkpt>
<trkpt lat="36.46373424949363" lon="-94.15814533874659"><ele>400.82217881944445</ele></trkpt>
<trkpt lat="36.4635" lon="-94.15815484383779"><ele>400.74296875</ele></trkpt>
<trkpt lat="36.463382831307875" lon="-94.15815883465729"><ele>400.70978370949075</ele></trkpt>
<trkpt lat="36.46327002459493" lon="-94.15816171224843"><ele>400.70019892939814</ele></trkpt>
<trkpt lat="36.463217981770846" lon="-94.15816448858916"><ele>400.69998914930557</ele></trkpt>
<trkpt lat="36.46315194155093" lon="-94.15816912040023"><ele>400.69968171296296</ele></trkpt>
<trkpt lat="36.46307664930556" lon="-94.15817516496561"><ele>400.69835069444446</ele></trkpt>
<trkpt lat="36.46294632523148" lon="-94.15818700812122"><ele>400.6850694444444</ele></trkpt>
<trkpt lat="36.46285529224537" lon="-94.15819687500249"><ele>400.63608217592594</ele></trkpt>
<trkpt lat="36.46282016729167" lon="-94.15819849833507"><ele>400.6297372685185</ele></trkpt>
<trkpt lat="36.46276980629629" lon="-94.15819945389026"><ele>400.63525000000004</ele></trkpt>
<trkpt lat="36.46263952928241" lon="-94.158200560768"><ele>400.6645972222222</ele></trkpt>
<trkpt lat="36.46257209043982" lon="-94.15820160007853"><ele>400.67429166666665</ele></trkpt>
<trkpt lat="36.46250284888889" lon="-94.15820351260922"><ele>400.6744</ele></trkpt>
<trkpt lat="36.4624274088889" lon="-94.15820643409822"><ele>400.6646222222222</ele></trkpt>
<trkpt lat="36.46234652000001" lon="-94.15821008447195"><ele>400.6474666666666</ele></trkpt>
<trkpt lat="36.46220160444445" lon="-94.15821729038828"><ele>400.60151111111117</ele></trkpt>
<trkpt lat="36.46207011937501" lon="-94.15822499076981"><ele>400.49600208333334</ele></trkpt>
<trkpt lat="36.46202719111112" lon="-94.15822700481952"><ele>400.4536277777778</ele></trkpt>
<trkpt lat="36.46197238428241" lon="-94.15822852356823"><ele>400.4146405092593</ele></trkpt>
<trkpt lat="36.461901733217594" lon="-94.15822948495605"><ele>400.3812789351852</ele></trkpt>
<trkpt lat="36.46173338252316" lon="-94.15823112558377"><ele>400.330931712963</ele></trkpt>
<trkpt lat="36.46165484321417" lon="-94.15823303552467"><ele>400.31494877400553</ele></trkpt>
<trkpt lat="36.46158505486969" lon="-94.15823623115234"><ele>400.30503257887517</ele></trkpt>
<trkpt lat="36.46145416227281" lon="-94.15824448625268"><ele>400.2878354338135</ele></trkpt>
<trkpt lat="36.46138838016547" lon="-94.15824762539381"><ele>400.2715652863512</ele></trkpt>
<trkpt lat="36.461269826496064" lon="-94.15825107414106"><ele>400.2284347136488</ele></trkpt>
<trkpt lat="36.46122457808214" lon="-94.15825274659505"><ele>400.2121645661866</ele></trkpt>
<trkpt lat="36.46115132716049" lon="-94.15825688443377"><ele>400.19496742112483</ele></trkpt>
<trkpt lat="36.461103835841065" lon="-94.15825848947864"><ele>400.18502229080934</ele></trkpt>
<trkpt lat="36.46095604166668" lon="-94.158260329865"><ele>400.1450520833333</ele></trkpt>
<trkpt lat="36.4608674045139" lon="-94.15826170429186"><ele>400.1129340277778</ele></trkpt>
<trkpt lat="36.46078046585648" lon="-94.15826448497245"><ele>400.0700231481482</ele></trkpt>
<trkpt lat="36.460697789351855" lon="-94.15826908856981"><ele>400.0142650462963</ele></trkpt>
<trkpt lat="36.4606197829861" lon="-94.15827500003162"><ele>399.94835069444446</ele></trkpt>
<trkpt lat="36.46049231770832" lon="-94.15828551216897"><ele>399.8134259259259</ele></trkpt>
<trkpt lat="36.460446689814816" lon="-94.15828826389617"><ele>399.7479166666667</ele></trkpt>
<trkpt lat="36.46040768305555" lon="-94.1582895081737"><ele>399.67707430555555</ele></trkpt>
<trkpt lat="36.46033446657408" lon="-94.15829016020975"><ele>399.50656875</ele></trkpt>
<trkpt lat="36.46025337333334" lon="-94.1582916029737"><ele>399.2045777777778</ele></trkpt>
<trkpt lat="36.46010924" lon="-94.1582964178087"><ele>398.47485925925923</ele></trkpt>
<trkpt lat="36.459827600000004" lon="-94.15830648890959"><ele>396.9850962962963</ele></trkpt>
<trkpt lat="36.45976676555556" lon="-94.15830839704778"><ele>396.67738148148146</ele></trkpt>
<trkpt lat="36.45969123944445" lon="-94.15830983111246"><ele>396.3469851851852</ele></trkpt>
<trkpt lat="36.45963735166667" lon="-94.15831002018531"><ele>396.16865</ele></trkpt>
<trkpt lat="36.45958381944445" lon="-94.15831104166827"><ele>396.0400462962963</ele></trkpt>
<trkpt lat="36.45947881944445" lon="-94.15831731481786"><ele>395.82685185185187</ele></trkpt>
<trkpt lat="36.45941881944446" lon="-94.15831949074095"><ele>395.7</ele></trkpt>
<trkpt lat="36.45939502314816" lon="-94.15831884259147"><ele>395.64004629629625</ele></trkpt>
<trkpt lat="36.45937143518519" lon="-94.15831629629258"><ele>395.5756944444444</ele></trkpt>
<trkpt lat="36.459344837962966" lon="-94.15831076388044"><ele>395.5106481481481</ele></trkpt>
<trkpt lat="36.459314375000005" lon="-94.15830118054129"><ele>395.45624999999995</ele></trkpt>
<trkpt lat="36.45929819444444" lon="-94.15829446757506"><ele>395.46406213365435</ele></trkpt>
<trkpt lat="36.45925878204849" lon="-94.15828068588223"><ele>395.4828125459653</ele></trkpt>
<trkpt lat="36.45921848917634" lon="-94.15827165465977"><ele>395.5015629582763</ele></trkpt>
<trkpt lat="36.45917768527278" lon="-94.15826745670766"><ele>395.52031337058725</ele></trkpt>
<trkpt lat="36.45913674446827" lon="-94.15826813050927"><ele>395.53906378289827</ele></trkpt>
<trkpt lat="36.45909604214849" lon="-94.15827366987887"><ele>395.55781419520923</ele></trkpt>
<trkpt lat="36.45905595151247" lon="-94.15828402401847"><ele>395.5765646075202</ele></trkpt>
<trkpt lat="36.45896639314815" lon="-94.15831277704424"><ele>395.61892037037035</ele></trkpt>
<trkpt lat="36.45893677555556" lon="-94.15831899741346"><ele>395.71926296296294</ele></trkpt>
<trkpt lat="36.45890610851852" lon="-94.15832341148685"><ele>395.8255907407407</ele></trkpt>
<trkpt lat="36.45887264629631" lon="-94.15832657778371"><ele>395.93839814814817</ele></trkpt>
<trkpt lat="36.45882987370371" lon="-94.1583289511194"><ele>396.07295740740744</ele></trkpt>
<trkpt lat="36.458768038518535" lon="-94.15833095556822"><ele>396.25682962962964</ele></trkpt>
<trkpt lat="36.45868198814816" lon="-94.15833292890626"><ele>396.5043703703704</ele></trkpt>
<trkpt lat="36.45846738370372" lon="-94.15833707113006"><ele>397.08312592592597</ele></trkpt>
<trkpt lat="36.45836466074075" lon="-94.158339044461"><ele>397.3110518518519</ele></trkpt>
<trkpt lat="36.4582711362963" lon="-94.15834095408928"><ele>397.4541925925926</ele></trkpt>
<trkpt lat="36.4581816725926" lon="-94.15834291260794"><ele>397.5203407407408</ele></trkpt>
<trkpt lat="36.458093968888896" lon="-94.15834491557052"><ele>397.5356444444445</ele></trkpt>
<trkpt lat="36.45794660296296" lon="-94.15834824297114"><ele>397.5093037037037</ele></trkpt>
<trkpt lat="36.45785999629631" lon="-94.15834995833549"><ele>397.46577777777776</ele></trkpt>
<trkpt lat="36.457828142777785" lon="-94.1583510035204"><ele>397.4345777777778</ele></trkpt>
<trkpt lat="36.45779760240741" lon="-94.15835317815129"><ele>397.39506666666665</ele></trkpt>
<trkpt lat="36.457767333888896" lon="-94.15835717444972"><ele>397.3488351851852</ele></trkpt>
<trkpt lat="36.45773731481482" lon="-94.15836370371237"><ele>397.29745370370375</ele></trkpt>
<trkpt lat="36.457706258573396" lon="-94.1583729295396"><ele>397.2403806584362</ele></trkpt>
<trkpt lat="36.457673381344314" lon="-94.15838395320438"><ele>397.1769804526749</ele></trkpt>
<trkpt lat="36.457639354423875" lon="-94.1583931404416"><ele>397.1109567901234</ele></trkpt>
<trkpt lat="36.45760589690673" lon="-94.1583956211883"><ele>397.0493417695473</ele></trkpt>
<trkpt lat="36.457573812476" lon="-94.15838798125334"><ele>396.9979199588477</ele></trkpt>
<trkpt lat="36.45750770507545" lon="-94.15835479832916"><ele>396.91734979423865</ele></trkpt>
<trkpt lat="36.45746313377229" lon="-94.15834193497773"><ele>396.870003292181</ele></trkpt>
<trkpt lat="36.457400876635354" lon="-94.15833668576927"><ele>396.80396268221574</ele></trkpt>
<trkpt lat="36.4573179388619" lon="-94.15833856674607"><ele>396.7157065111759</ele></trkpt>
<trkpt lat="36.457221320596055" lon="-94.158344787715"><ele>396.61346472303205</ele></trkpt>
<trkpt lat="36.45703050099558" lon="-94.15835989022358"><ele>396.42092672497574</ele></trkpt>
<trkpt lat="36.4569434548105" lon="-94.1583662099887"><ele>396.34416909620995</ele></trkpt>
<trkpt lat="36.45685256559768" lon="-94.15837185139318"><ele>396.2752186588922</ele></trkpt>
<trkpt lat="36.45674727513229" lon="-94.15837748686873"><ele>396.20567973221034</ele></trkpt>
<trkpt lat="36.45662316380521" lon="-94.15838351917098"><ele>396.13068243170284</ele></trkpt>
<trkpt lat="36.45648635406545" lon="-94.15838984624705"><ele>396.0515387107224</ele></trkpt>
<trkpt lat="36.456235600367144" lon="-94.15840105018334"><ele>395.9089515171148</ele></trkpt>
<trkpt lat="36.4560829883382" lon="-94.15840737612221"><ele>395.81997084548107</ele></trkpt>
<trkpt lat="36.45603836498739" lon="-94.15840883853197"><ele>395.79155018856454</ele></trkpt>
<trkpt lat="36.45594320644295" lon="-94.15841118606798"><ele>395.7139814162937</ele></trkpt>
<trkpt lat="36.4559146668508" lon="-94.15841270752746"><ele>395.6823510747979</ele></trkpt>
<trkpt lat="36.45586051248286" lon="-94.15841693443534"><ele>395.5869657064472</ele></trkpt>
<trkpt lat="36.455824981179695" lon="-94.15841900598772"><ele>395.4897865569273</ele></trkpt>
<trkpt lat="36.45577308888888" lon="-94.15842095408465"><ele>395.3270962962963</ele></trkpt>
<trkpt lat="36.455701142222225" lon="-94.15842291260695"><ele>395.08921481481485</ele></trkpt>
<trkpt lat="36.45552885777778" lon="-94.15842677482841"><ele>394.5076592592593</ele></trkpt>
<trkpt lat="36.45534640938272" lon="-94.15843006216251"><ele>393.89754156378604</ele></trkpt>
<trkpt lat="36.45529126806584" lon="-94.15843138999197"><ele>393.66435582990397</ele></trkpt>
<trkpt lat="36.45517077760631" lon="-94.15843601942053"><ele>393.046622085048</ele></trkpt>
<trkpt lat="36.45495358281893" lon="-94.15844504893836"><ele>391.88338477366256</ele></trkpt>
<trkpt lat="36.454833299039784" lon="-94.15845005579105"><ele>391.2197873799726</ele></trkpt>
<trkpt lat="36.45472574674211" lon="-94.15845444535046"><ele>390.5953875171468</ele></trkpt>
<trkpt lat="36.45463645833333" lon="-94.15845791669946"><ele>390.0208333333333</ele></trkpt>
<trkpt lat="36.45455962877229" lon="-94.15846064377638"><ele>389.44340063443076</ele></trkpt>
<trkpt lat="36.45448612482853" lon="-94.15846297637567"><ele>388.8065736454047</ele></trkpt>
<trkpt lat="36.45433850908779" lon="-94.15846706105296"><ele>387.4167009602195</ele></trkpt>
<trkpt lat="36.454274597908096" lon="-94.15846853052757"><ele>386.83712277091905</ele></trkpt>
<trkpt lat="36.454181296296305" lon="-94.1584698350704"><ele>386.14007844650206</ele></trkpt>
<trkpt lat="36.45409105613427" lon="-94.15847016493132"><ele>385.66625835905353</ele></trkpt>
<trkpt lat="36.454025812114196" lon="-94.15847149595412"><ele>385.0772655178327</ele></trkpt>
<trkpt lat="36.45397558449074" lon="-94.15847302952203"><ele>384.4903356481482</ele></trkpt>
<trkpt lat="36.45381183449075" lon="-94.15847851273638"><ele>382.43799189814814</ele></trkpt>
<trkpt lat="36.453765824652784" lon="-94.15848032986335"><ele>381.87638888888887</ele></trkpt>
<trkpt lat="36.453725645254636" lon="-94.15848448785925"><ele>381.50156250000003</ele></trkpt>
<trkpt lat="36.45353914641204" lon="-94.1585070382313"><ele>379.84672282235937</ele></trkpt>
<trkpt lat="36.45343231385031" lon="-94.15851839935361"><ele>378.8474922839506</ele></trkpt>
<trkpt lat="36.45334697530864" lon="-94.15852832647914"><ele>378.17565157750346</ele></trkpt>
<trkpt lat="36.453285" lon="-94.15853460905808"><ele>377.8156378600823</ele></trkpt>
<trkpt lat="36.45325297668039" lon="-94.15853709191025"><ele>377.6622770919067</ele></trkpt>
<trkpt lat="36.45319226337449" lon="-94.15854039094945"><ele>377.4851851851852</ele></trkpt>
<trkpt lat="36.45315820987654" lon="-94.15854242798959"><ele>377.4705761316872</ele></trkpt>
<trkpt lat="36.453068436214004" lon="-94.15855039096009"><ele>377.5617283950617</ele></trkpt>
<trkpt lat="36.452970679012346" lon="-94.15856034980418"><ele>377.7233196159122</ele></trkpt>
<trkpt lat="36.45289385459533" lon="-94.15856700274739"><ele>377.9041152263374</ele></trkpt>
<trkpt lat="36.45286310013717" lon="-94.15856873799927"><ele>378.02695473251026</ele></trkpt>
<trkpt lat="36.45280697530865" lon="-94.15856993141313"><ele>378.41886145404663</ele></trkpt>
<trkpt lat="36.45274500000001" lon="-94.15857039094719"><ele>379.0539094650206</ele></trkpt>
<trkpt lat="36.45271302469136" lon="-94.15857124142816"><ele>379.40219478738</ele></trkpt>
<trkpt lat="36.45262697530865" lon="-94.15857590535038"><ele>380.3197530864197</ele></trkpt>
<trkpt lat="36.45259697530865" lon="-94.15857590534809"><ele>380.68641975308645</ele></trkpt>
<trkpt lat="36.45250249657066" lon="-94.15857131687085"><ele>381.9696159122085</ele></trkpt>
<trkpt lat="36.45247226337449" lon="-94.15857078189339"><ele>382.35781893004116</ele></trkpt>
<trkpt lat="36.45239622085049" lon="-94.15857292867497"><ele>383.20946502057615</ele></trkpt>
<trkpt lat="36.45228917009602" lon="-94.15857840878827"><ele>384.2563786008231</ele></trkpt>
<trkpt lat="36.45217" lon="-94.15858500000951"><ele>385.27263374485597</ele></trkpt>
<trkpt lat="36.45205000000001" lon="-94.15859166667619"><ele>386.1431412894376</ele></trkpt>
<trkpt lat="36.451930000000004" lon="-94.15859832648412"><ele>386.87647462277096</ele></trkpt>
<trkpt lat="36.45181" lon="-94.15860460906165"><ele>387.47263374485595</ele></trkpt>
<trkpt lat="36.451750437885806" lon="-94.15860708108892"><ele>387.71310871056244</ele></trkpt>
<trkpt lat="36.45169176118827" lon="-94.15860877668837"><ele>387.9110682441701</ele></trkpt>
<trkpt lat="36.451634542824074" lon="-94.15860977398647"><ele>388.0676697530864</ele></trkpt>
<trkpt lat="36.45151351080247" lon="-94.15861149488408"><ele>388.2983474794239</ele></trkpt>
<trkpt lat="36.451357031250005" lon="-94.15861532987577"><ele>388.48350694444446</ele></trkpt>
<trkpt lat="36.45126880208334" lon="-94.15861812791108"><ele>388.5428240740741</ele></trkpt>
<trkpt lat="36.451180566990736" lon="-94.15862146703486"><ele>388.5508166666666</ele></trkpt>
<trkpt lat="36.45109323481482" lon="-94.15862539539555"><ele>388.4938814814815</ele></trkpt>
<trkpt lat="36.451006787222234" lon="-94.15862976912562"><ele>388.3759597222222</ele></trkpt>
<trkpt lat="36.45092188981482" lon="-94.15863430547019"><ele>388.2004606481481</ele></trkpt>
<trkpt lat="36.45083741907408" lon="-94.15863885709467"><ele>387.9497449074074</ele></trkpt>
<trkpt lat="36.45074701333334" lon="-94.15864366226589"><ele>387.5861777777778</ele></trkpt>
<trkpt lat="36.45064435555555" lon="-94.15864901783237"><ele>387.0894666666667</ele></trkpt>
<trkpt lat="36.45053202666667" lon="-94.15865474672488"><ele>386.49746666666664</ele></trkpt>
<trkpt lat="36.450423146666665" lon="-94.15866004449342"><ele>385.90115555555553</ele></trkpt>
<trkpt lat="36.45033225777779" lon="-94.1586639289201"><ele>385.3897333333333</ele></trkpt>
<trkpt lat="36.45026493305899" lon="-94.15866580006887"><ele>384.9948104252401</ele></trkpt>
<trkpt lat="36.45021676735254" lon="-94.15866574924836"><ele>384.69149245541837</ele></trkpt>
<trkpt lat="36.45018029547326" lon="-94.15866439571815"><ele>384.44152757201647</ele></trkpt>
<trkpt lat="36.450113045267486" lon="-94.15865999999853"><ele>383.90699588477366</ele></trkpt>
<trkpt lat="36.45006203703703" lon="-94.15865716048927"><ele>383.32798353909465</ele></trkpt>
<trkpt lat="36.44997344307271" lon="-94.1586528395012"><ele>382.20720164609054</ele></trkpt>
<trkpt lat="36.44992661865569" lon="-94.15865117283646"><ele>381.5444444444444</ele></trkpt>
<trkpt lat="36.44984768947189" lon="-94.15864877228911"><ele>380.28366769547324</ele></trkpt>
<trkpt lat="36.44981664180385" lon="-94.15864680383837"><ele>379.75594135802464</ele></trkpt>
<trkpt lat="36.449790306927305" lon="-94.15864375857015"><ele>379.30893347050755</ele></trkpt>
<trkpt lat="36.44974669238684" lon="-94.15863504800619"><ele>378.57306241426613</ele></trkpt>
<trkpt lat="36.44963448388202" lon="-94.1586072419293"><ele>376.61772119341566</ele></trkpt>
<trkpt lat="36.44960831447188" lon="-94.15859978479935"><ele>376.1735339506173</ele></trkpt>
<trkpt lat="36.44958614197531" lon="-94.15859165636996"><ele>375.82710905349796</ele></trkpt>
<trkpt lat="36.449562628600816" lon="-94.15858054096645"><ele>375.5008659122085</ele></trkpt>
<trkpt lat="36.449533636831276" lon="-94.1585646879053"><ele>375.12585733882025</ele></trkpt>
<trkpt lat="36.44949898148148" lon="-94.15854386570959"><ele>374.68726851851847</ele></trkpt>
<trkpt lat="36.44946225137175" lon="-94.15852010884915"><ele>374.22317386831276</ele></trkpt>
<trkpt lat="36.449395874485596" lon="-94.15847484051129"><ele>373.37253086419753</ele></trkpt>
<trkpt lat="36.44933902434842" lon="-94.15843795436584"><ele>372.6324245541838</ele></trkpt>
<trkpt lat="36.44928261316873" lon="-94.15840359394286"><ele>371.93799725651576</ele></trkpt>
<trkpt lat="36.4492353909465" lon="-94.15837499998652"><ele>371.4656378600824</ele></trkpt>
<trkpt lat="36.449190541838135" lon="-94.15834663235397"><ele>371.080658436214</ele></trkpt>
<trkpt lat="36.44914322616599" lon="-94.15831595505932"><ele>370.6307527434842</ele></trkpt>
<trkpt lat="36.44912308041839" lon="-94.1583037980003"><ele>370.4306670096022</ele></trkpt>
<trkpt lat="36.44910355967079" lon="-94.15829396346881"><ele>370.23582818930043</ele></trkpt>
<trkpt lat="36.449079896262006" lon="-94.15828447101094"><ele>370.0015089163237</ele></trkpt>
<trkpt lat="36.4490497436557" lon="-94.15827394460145"><ele>369.7080847050754</ele></trkpt>
<trkpt lat="36.448954699074086" lon="-94.15824319443708"><ele>368.8520833333333</ele></trkpt>
<trkpt lat="36.448914629629634" lon="-94.15823076388612"><ele>368.5884259259259</ele></trkpt>
<trkpt lat="36.44889476851852" lon="-94.15822717592461"><ele>368.51111111111106</ele></trkpt>
<trkpt lat="36.44887041666667" lon="-94.15822613426057"><ele>368.44861111111106</ele></trkpt>
<trkpt lat="36.44884076388889" lon="-94.15822819444958"><ele>368.3893518518518</ele></trkpt>
<trkpt lat="36.44880706018519" lon="-94.15823344908293"><ele>368.3194444444444</ele></trkpt>
<trkpt lat="36.4487722659465" lon="-94.15824104939351"><ele>368.2299211248285</ele></trkpt>
<trkpt lat="36.4487395936214" lon="-94.15825006945556"><ele>368.1251200274349</ele></trkpt>
<trkpt lat="36.448710640432104" lon="-94.15826020834557"><ele>368.01592078189304</ele></trkpt>
<trkpt lat="36.4486842755487" lon="-94.15827234569569"><ele>367.90405521262005</ele></trkpt>
<trkpt lat="36.448657895233204" lon="-94.1582874691588"><ele>367.7824674211248</ele></trkpt>
<trkpt lat="36.44863078189301" lon="-94.15830500002588"><ele>367.65</ele></trkpt>
<trkpt lat="36.44858314814815" lon="-94.15833777093424"><ele>367.4003429355281</ele></trkpt>
<trkpt lat="36.448545500685874" lon="-94.15836756518033"><ele>367.1727023319616</ele></trkpt>
<trkpt lat="36.44852182441701" lon="-94.158389369036"><ele>367.0192729766804</ele></trkpt>
<trkpt lat="36.448460267489715" lon="-94.15844856658065"><ele>366.588134430727</ele></trkpt>
<trkpt lat="36.44836997770919" lon="-94.15853412554486"><ele>365.80955932784633</ele></trkpt>
<trkpt lat="36.44832415380659" lon="-94.15858033695288"><ele>365.39387860082303</ele></trkpt>
<trkpt lat="36.44830350222909" lon="-94.15860054099646"><ele>365.21173696844994</ele></trkpt>
<trkpt lat="36.44828163923183" lon="-94.15861914010473"><ele>365.0169410150891</ele></trkpt>
<trkpt lat="36.448256319444454" lon="-94.15863703705557"><ele>364.7900462962963</ele></trkpt>
<trkpt lat="36.448226805555564" lon="-94.15865490742843"><ele>364.5287037037037</ele></trkpt>
<trkpt lat="36.44819409722223" lon="-94.15867194446473"><ele>364.2460648148148</ele></trkpt>
<trkpt lat="36.448159861111115" lon="-94.15868685186854"><ele>363.9599537037037</ele></trkpt>
<trkpt lat="36.448124375000006" lon="-94.15869898149529"><ele>363.6782407407407</ele></trkpt>
<trkpt lat="36.44808722222221" lon="-94.15870881774177"><ele>363.4024519890261</ele></trkpt>
<trkpt lat="36.44804840277778" lon="-94.15871677898846"><ele>363.1363854595336</ele></trkpt>
<trkpt lat="36.448008333333334" lon="-94.15872305042006"><ele>362.8811985596708</ele></trkpt>
<trkpt lat="36.44796598679699" lon="-94.15872779750423"><ele>362.6245627572016</ele></trkpt>
<trkpt lat="36.447919188100144" lon="-94.1587315955155"><ele>362.3432355967078</ele></trkpt>
<trkpt lat="36.447866872427994" lon="-94.15873500000878"><ele>362.02263374485597</ele></trkpt>
<trkpt lat="36.44775406721537" lon="-94.15874159122961"><ele>361.2960905349794</ele></trkpt>
<trkpt lat="36.44765841703104" lon="-94.15874708976845"><ele>360.65000750171464</ele></trkpt>
<trkpt lat="36.44760589988426" lon="-94.15875026877977"><ele>360.3551601080247</ele></trkpt>
<trkpt lat="36.44758356481481" lon="-94.15875223937951"><ele>360.3379886831276</ele></trkpt>
<trkpt lat="36.44749119791667" lon="-94.15876214992396"><ele>360.45147569444447</ele></trkpt>
<trkpt lat="36.44734330729167" lon="-94.15877846068994"><ele>360.64852430555555</ele></trkpt>
<trkpt lat="36.44722907407408" lon="-94.15879080076927"><ele>360.7695558984911</ele></trkpt>
<trkpt lat="36.44715836998457" lon="-94.15879711237955"><ele>360.7718825017147</ele></trkpt>
<trkpt lat="36.44709621527778" lon="-94.15879960905431"><ele>360.6554173096707</ele></trkpt>
<trkpt lat="36.44703561342594" lon="-94.15879999314137"><ele>360.385158393347</ele></trkpt>
<trkpt lat="36.4469645457176" lon="-94.15879999131948"><ele>359.7985821759259</ele></trkpt>
<trkpt lat="36.44684719618057" lon="-94.1587995052061"><ele>358.6467013888889</ele></trkpt>
<trkpt lat="36.44677776620371" lon="-94.15879826388216"><ele>358.00570023148146</ele></trkpt>
<trkpt lat="36.4467104369213" lon="-94.15879550635191"><ele>357.4741898148148</ele></trkpt>
<trkpt lat="36.446647109375" lon="-94.15879084777981"><ele>357.0985821759259</ele></trkpt>
<trkpt lat="36.446586979166675" lon="-94.15878467011399"><ele>356.8560763888889</ele></trkpt>
<trkpt lat="36.446530217013894" lon="-94.15877793111055"><ele>356.7089988425926</ele></trkpt>
<trkpt lat="36.44647711366169" lon="-94.15877144941828"><ele>356.63629865397803</ele></trkpt>
<trkpt lat="36.4464268527092" lon="-94.15876550495544"><ele>356.62894375857337</ele></trkpt>
<trkpt lat="36.446333855559836" lon="-94.15875559294665"><ele>356.73213198731145</ele></trkpt>
<trkpt lat="36.44623394975995" lon="-94.15874695644357"><ele>356.89875685871056</ele></trkpt>
<trkpt lat="36.44620378429356" lon="-94.15874281463758"><ele>356.9399262688615</ele></trkpt>
<trkpt lat="36.446172430555556" lon="-94.1587360416575"><ele>356.97314814814814</ele></trkpt>
<trkpt lat="36.44614125857339" lon="-94.15872592334082"><ele>357.00013717421126</ele></trkpt>
<trkpt lat="36.44611141375172" lon="-94.15871195471493"><ele>357.0308299039781</ele></trkpt>
<trkpt lat="36.44608259516462" lon="-94.15869425151932"><ele>357.08675411522637</ele></trkpt>
<trkpt lat="36.44605290123457" lon="-94.15867269286696"><ele>357.1955504115226</ele></trkpt>
<trkpt lat="36.44601983539095" lon="-94.15864715272988"><ele>357.3740997942387</ele></trkpt>
<trkpt lat="36.44594147794496" lon="-94.15858531050323"><ele>357.8511574074074</ele></trkpt>
<trkpt lat="36.4458998119213" lon="-94.15855154892665"><ele>358.0556841563786</ele></trkpt>
<trkpt lat="36.44585960037295" lon="-94.15851787994418"><ele>358.193621399177</ele></trkpt>
<trkpt lat="36.4458210665295" lon="-94.15848403027265"><ele>358.2584790809328</ele></trkpt>
<trkpt lat="36.44578288280179" lon="-94.15844832488094"><ele>358.2491373028121</ele></trkpt>
<trkpt lat="36.445742673611115" lon="-94.1584084547464"><ele>358.1718460648148</ele></trkpt>
<trkpt lat="36.44570049479167" lon="-94.15836499987564"><ele>358.0516493055555</ele></trkpt>
<trkpt lat="36.445622130625004" lon="-94.15828212810895"><ele>357.86396296296294</ele></trkpt>
<trkpt lat="36.445562200833336" lon="-94.158216765355"><ele>357.9144479166667</ele></trkpt>
<trkpt lat="36.44553503472223" lon="-94.15818567561378"><ele>358.00378819444444</ele></trkpt>
<trkpt lat="36.44550533305556" lon="-94.15814989472939"><ele>358.1174756944444</ele></trkpt>
<trkpt lat="36.44546884740741" lon="-94.15810383978395"><ele>358.2610074074074</ele></trkpt>
<trkpt lat="36.44542298370371" lon="-94.15804430191776"><ele>358.44063703703705</ele></trkpt>
<trkpt lat="36.44537016888889" lon="-94.15797474632315"><ele>358.64408888888886</ele></trkpt>
<trkpt lat="36.44531764148149" lon="-94.15790475969538"><ele>358.83748148148146</ele></trkpt>
<trkpt lat="36.44527275851852" lon="-94.15784375089471"><ele>358.98278518518515</ele></trkpt>
<trkpt lat="36.445238015747606" lon="-94.15779438735692"><ele>359.0583835390946</ele></trkpt>
<trkpt lat="36.445210722359406" lon="-94.15775246329143"><ele>359.07107818930035</ele></trkpt>
<trkpt lat="36.44518603835391" lon="-94.1577107831437"><ele>359.0536395061728</ele></trkpt>
<trkpt lat="36.44516076197531" lon="-94.15766459290874"><ele>359.05390617283945</ele></trkpt>
<trkpt lat="36.44513401547324" lon="-94.15761289057176"><ele>359.1068691358024</ele></trkpt>
<trkpt lat="36.445084943737136" lon="-94.15751503006499"><ele>359.3315104166667</ele></trkpt>
<trkpt lat="36.445067956211425" lon="-94.15748263575267"><ele>359.42562692901237</ele></trkpt>
<trkpt lat="36.445043377914956" lon="-94.15744002138368"><ele>359.50126028806585</ele></trkpt>
<trkpt lat="36.44502462491427" lon="-94.15740472221859"><ele>359.51457690329215</ele></trkpt>
<trkpt lat="36.44499572916667" lon="-94.1573472712271"><ele>359.53061342592594</ele></trkpt>
<trkpt lat="36.444881669345854" lon="-94.15711480811325"><ele>359.6004383144719</ele></trkpt>
<trkpt lat="36.44481714634774" lon="-94.15698328467805"><ele>359.661992026749</ele></trkpt>
<trkpt lat="36.44478563828876" lon="-94.15691756344155"><ele>359.70987011316873</ele></trkpt>
<trkpt lat="36.44475323516804" lon="-94.15684793402302"><ele>359.7768840020576</ele></trkpt>
<trkpt lat="36.44468917695474" lon="-94.1567069134805"><ele>359.97668038408784</ele></trkpt>
<trkpt lat="36.444659176954744" lon="-94.15664232501763"><ele>360.1093278463649</ele></trkpt>
<trkpt lat="36.44463078189301" lon="-94.15658390939251"><ele>360.26172839506177</ele></trkpt>
<trkpt lat="36.44460347050755" lon="-94.15653093272037"><ele>360.43038408779154</ele></trkpt>
<trkpt lat="36.444576529492466" lon="-94.15648184493284"><ele>360.60891632373114</ele></trkpt>
<trkpt lat="36.444549218107" lon="-94.15643460899248"><ele>360.7843621399177</ele></trkpt>
<trkpt lat="36.444521060528125" lon="-94.15638728013323"><ele>360.9383326903292</ele></trkpt>
<trkpt lat="36.44442902777778" lon="-94.15623311201718"><ele>361.2916323731138</ele></trkpt>
<trkpt lat="36.44439233024691" lon="-94.15617205261071"><ele>361.51356310013716</ele></trkpt>
<trkpt lat="36.444349074074076" lon="-94.15610067973242"><ele>361.86134259259256</ele></trkpt>
<trkpt lat="36.44430131944444" lon="-94.1560223087597"><ele>362.30164930555554</ele></trkpt>
<trkpt lat="36.44419589677641" lon="-94.15585027943003"><ele>363.33348765432095</ele></trkpt>
<trkpt lat="36.4441661659808" lon="-94.1557993307135"><ele>363.5130315500686</ele></trkpt>
<trkpt lat="36.44410038408779" lon="-94.1556731960854"><ele>363.493072702332</ele></trkpt>
<trkpt lat="36.44407093278464" lon="-94.15561762680346"><ele>363.51248285322356</ele></trkpt>
<trkpt lat="36.44404" lon="-94.15556039086101"><ele>363.56954732510286</ele></trkpt>
<trkpt lat="36.44397961591221" lon="-94.15544958154739"><ele>363.7465706447188</ele></trkpt>
<trkpt lat="36.44393102323389" lon="-94.15535904338465"><ele>363.88819230109743</ele></trkpt>
<trkpt lat="36.44390054140948" lon="-94.15530036198508"><ele>363.9118891460905</ele></trkpt>
<trkpt lat="36.443866157514584" lon="-94.15522931615426"><ele>364.0097500857339</ele></trkpt>
<trkpt lat="36.44379983506946" lon="-94.15508966991409"><ele>364.4065972222222</ele></trkpt>
<trkpt lat="36.44373232724624" lon="-94.15494765312748"><ele>364.8507223079561</ele></trkpt>
<trkpt lat="36.44369465824332" lon="-94.15487003726497"><ele>365.07230581275724</ele></trkpt>
<trkpt lat="36.443662972715195" lon="-94.15480909933129"><ele>365.0867433984911</ele></trkpt>
<trkpt lat="36.44361637174211" lon="-94.15472493820646"><ele>364.93340192043894</ele></trkpt>
<trkpt lat="36.44358692043896" lon="-94.15467450609363"><ele>364.8174211248285</ele></trkpt>
<trkpt lat="36.443555" lon="-94.15462234559634"><ele>364.6804526748971</ele></trkpt>
<trkpt lat="36.44352276234567" lon="-94.15457313950299"><ele>364.51394890260633</ele></trkpt>
<trkpt lat="36.44349186728395" lon="-94.15453064637957"><ele>364.3168124142661</ele></trkpt>
<trkpt lat="36.44346256944444" lon="-94.15449532917916"><ele>364.10941358024695</ele></trkpt>
<trkpt lat="36.443434976851854" lon="-94.1544657595732"><ele>363.9390689300412</ele></trkpt>
<trkpt lat="36.44340994598765" lon="-94.1544410819412"><ele>363.8426440329218</ele></trkpt>
<trkpt lat="36.44338856481481" lon="-94.1544217592465"><ele>363.8331018518519</ele></trkpt>
<trkpt lat="36.44337023834019" lon="-94.15440729937458"><ele>363.8928926611797</ele></trkpt>
<trkpt lat="36.4433335622428" lon="-94.1543844444332"><ele>364.18353909465014</ele></trkpt>
<trkpt lat="36.44328100737311" lon="-94.15435618138596"><ele>364.7531207133059</ele></trkpt>
<trkpt lat="36.443203230452674" lon="-94.15431727704393"><ele>365.71117969821677</ele></trkpt>
<trkpt lat="36.44315572016461" lon="-94.15429428663697"><ele>366.3515775034293</ele></trkpt>
<trkpt lat="36.44305427983538" lon="-94.15424572696622"><ele>367.82798353909465</ele></trkpt>
<trkpt lat="36.44296469135803" lon="-94.1542027365894"><ele>369.22962962962964</ele></trkpt>
<trkpt lat="36.44292908093279" lon="-94.1541863991526"><ele>369.8007544581619</ele></trkpt>
<trkpt lat="36.44289958161866" lon="-94.15417432097276"><ele>370.2644718792867</ele></trkpt>
<trkpt lat="36.4428730452675" lon="-94.15416539093495"><ele>370.6578189300412</ele></trkpt>
<trkpt lat="36.442807256515785" lon="-94.15414683124979"><ele>371.54272976680386</ele></trkpt>
<trkpt lat="36.44271703703705" lon="-94.15412044407036"><ele>372.6590449245542</ele></trkpt>
<trkpt lat="36.442672427983545" lon="-94.15410714846598"><ele>373.141469478738</ele></trkpt>
<trkpt lat="36.44263053497943" lon="-94.15409528461747"><ele>373.519427297668</ele></trkpt>
<trkpt lat="36.44258992455419" lon="-94.15408524175464"><ele>373.80892489711937</ele></trkpt>
<trkpt lat="36.44254906721537" lon="-94.15407671123454"><ele>374.0349965706447</ele></trkpt>
<trkpt lat="36.44246026748972" lon="-94.1540599639688"><ele>374.36405178326476</ele></trkpt>
<trkpt lat="36.442368065843624" lon="-94.15404144716803"><ele>374.63470507544577</ele></trkpt>
<trkpt lat="36.44233286008231" lon="-94.15403484909726"><ele>374.78175582990394</ele></trkpt>
<trkpt lat="36.442306172839515" lon="-94.1540307818875"><ele>374.9781893004115</ele></trkpt>
<trkpt lat="36.442250644718804" lon="-94.15402425925082"><ele>375.7412208504801</ele></trkpt>
<trkpt lat="36.4421030452675" lon="-94.15400499999272"><ele>378.0812757201646</ele></trkpt>
<trkpt lat="36.44202123456791" lon="-94.15399564470589"><ele>379.37942386831276</ele></trkpt>
<trkpt lat="36.441969218107005" lon="-94.15399078187951"><ele>380.1960905349794</ele></trkpt>
<trkpt lat="36.441916097393694" lon="-94.15398701645157"><ele>381.00754458161873</ele></trkpt>
<trkpt lat="36.44186803840878" lon="-94.15398534979118"><ele>381.7048010973937</ele></trkpt>
<trkpt lat="36.44182578189301" lon="-94.15398578189446"><ele>382.28045267489716</ele></trkpt>
<trkpt lat="36.4417405403378" lon="-94.15398879726311"><ele>383.43226487482855</ele></trkpt>
<trkpt lat="36.44163592592593" lon="-94.15399050326118"><ele>384.90588134430726</ele></trkpt>
<trkpt lat="36.44157350405092" lon="-94.15399148909697"><ele>385.74778056412896</ele></trkpt>
<trkpt lat="36.44150081307871" lon="-94.15399302952434"><ele>386.68151041666664</ele></trkpt>
<trkpt lat="36.44133979745371" lon="-94.15399697049652"><ele>388.64522569444443</ele></trkpt>
<trkpt lat="36.44126795631859" lon="-94.15399850405751"><ele>389.4697048611111</ele></trkpt>
<trkpt lat="36.441206510631005" lon="-94.15399942129937"><ele>390.12175925925925</ele></trkpt>
<trkpt lat="36.44115064846966" lon="-94.15399983507051"><ele>390.65303819444443</ele></trkpt>
<trkpt lat="36.441095478502234" lon="-94.15399996817159"><ele>391.12222329389573</ele></trkpt>
<trkpt lat="36.4409796090535" lon="-94.15400000000011"><ele>391.9687242798353</ele></trkpt>
<trkpt lat="36.4408599931413" lon="-94.15400007544626"><ele>392.6506858710563</ele></trkpt>
<trkpt lat="36.44080000000001" lon="-94.15400039094799"><ele>392.91481481481486</ele></trkpt>
<trkpt lat="36.440740000000005" lon="-94.15400124828882"><ele>393.12921810699595</ele></trkpt>
<trkpt lat="36.44068" lon="-94.15400284637067"><ele>393.2979423868313</ele></trkpt>
<trkpt lat="36.440560000000005" lon="-94.15400715364089"><ele>393.521536351166</ele></trkpt>
<trkpt lat="36.44050000000001" lon="-94.15400875171818"><ele>393.5875171467764</ele></trkpt>
<trkpt lat="36.44044" lon="-94.15400960905497"><ele>393.62263374485593</ele></trkpt>
<trkpt lat="36.44038043788581" lon="-94.15400992455461"><ele>393.6197798782579</ele></trkpt>
<trkpt lat="36.44026454282407" lon="-94.15401000000013"><ele>393.4757040895061</ele></trkpt>
<trkpt lat="36.440206604938275" lon="-94.15401000000013"><ele>393.32548868312756</ele></trkpt>
<trkpt lat="36.440071322337964" lon="-94.15401000000018"><ele>392.80813078703704</ele></trkpt>
<trkpt lat="36.439862270447534" lon="-94.15400998628266"><ele>391.853946973594</ele></trkpt>
<trkpt lat="36.439804100115744" lon="-94.15400921810532"><ele>391.6006719393004</ele></trkpt>
<trkpt lat="36.43978256183557" lon="-94.15400749656574"><ele>391.51823666838135</ele></trkpt>
<trkpt lat="36.439708353909474" lon="-94.1539996090404"><ele>391.26172839506177</ele></trkpt>
<trkpt lat="36.43965597393691" lon="-94.15399444443064"><ele>391.1367626886145</ele></trkpt>
<trkpt lat="36.43959976680386" lon="-94.15398965019388"><ele>391.07352537722903</ele></trkpt>
<trkpt lat="36.43954547325104" lon="-94.15398578188422"><ele>391.08127572016457</ele></trkpt>
<trkpt lat="36.43949856138546" lon="-94.15398297410282"><ele>391.1336162551441</ele></trkpt>
<trkpt lat="36.439436126543214" lon="-94.15397932612984"><ele>391.2825102880659</ele></trkpt>
<trkpt lat="36.43939493569959" lon="-94.15397389574478"><ele>391.51168552812067</ele></trkpt>
<trkpt lat="36.439375115740745" lon="-94.15396923610743"><ele>391.6564814814815</ele></trkpt>
<trkpt lat="36.43935604166667" lon="-94.15396287036563"><ele>391.8106481481482</ele></trkpt>
<trkpt lat="36.43933782407407" lon="-94.15395437499382"><ele>391.9754629629629</ele></trkpt>
<trkpt lat="36.43932002314816" lon="-94.15394393517799"><ele>392.149537037037</ele></trkpt>
<trkpt lat="36.439285023148166" lon="-94.15392099536358"><ele>392.4685185185185</ele></trkpt>
<trkpt lat="36.439251111111105" lon="-94.15389893517883"><ele>392.6886574074074</ele></trkpt>
<trkpt lat="36.439235879629635" lon="-94.15388680554936"><ele>392.7706018518519</ele></trkpt>
<trkpt lat="36.439223171296305" lon="-94.15387291666116"><ele>392.8391203703704</ele></trkpt>
<trkpt lat="36.43921344907408" lon="-94.15385731481024"><ele>392.89490740740735</ele></trkpt>
<trkpt lat="36.43920611111112" lon="-94.15384101851495"><ele>392.9393518518518</ele></trkpt>
<trkpt lat="36.43919" lon="-94.15379731481246"><ele>393.0293981481482</ele></trkpt>
<trkpt lat="36.43918" lon="-94.15376629629317"><ele>393.1293981481482</ele></trkpt>
<trkpt lat="36.43917025462963" lon="-94.15372284721813"><ele>393.2756944444445</ele></trkpt>
<trkpt lat="36.4391660579561" lon="-94.15369399948169"><ele>393.3492712620028</ele></trkpt>
<trkpt lat="36.439162864368996" lon="-94.15365978909149"><ele>393.42122770919076</ele></trkpt>
<trkpt lat="36.439160673868315" lon="-94.15362063271331"><ele>393.49272119341566</ele></trkpt>
<trkpt lat="36.43915723100995" lon="-94.15352630046984"><ele>393.6293745713306</ele></trkpt>
<trkpt lat="36.43915253686557" lon="-94.15340702416673"><ele>393.73617969821674</ele></trkpt>
<trkpt lat="36.439150023255316" lon="-94.15333307129657"><ele>393.7695076731825</ele></trkpt>
<trkpt lat="36.439147549189805" lon="-94.15324454570246"><ele>393.78874421296297</ele></trkpt>
<trkpt lat="36.43914306134259" lon="-94.15304423320462"><ele>393.80515046296296</ele></trkpt>
<trkpt lat="36.43914149884259" lon="-94.1529538021825"><ele>393.81492841220853</ele></trkpt>
<trkpt lat="36.439140164930556" lon="-94.15280461258885"><ele>393.840184542181</ele></trkpt>
<trkpt lat="36.439139971064826" lon="-94.15266492176757"><ele>393.80207583161865</ele></trkpt>
<trkpt lat="36.4391394212963" lon="-94.15252416066164"><ele>393.6406292866941</ele></trkpt>
<trkpt lat="36.43913850405093" lon="-94.15244618333391"><ele>393.51064064643344</ele></trkpt>
<trkpt lat="36.43913697048612" lon="-94.15235560762609"><ele>393.34215856481484</ele></trkpt>
<trkpt lat="36.43913302951389" lon="-94.15215256075105"><ele>392.9273148148148</ele></trkpt>
<trkpt lat="36.43913149305556" lon="-94.1520598726771"><ele>392.71464120370365</ele></trkpt>
<trkpt lat="36.43913054687499" lon="-94.15197909432477"><ele>392.5052662037036</ele></trkpt>
<trkpt lat="36.439129453125" lon="-94.15183517939468"><ele>392.0642071759259</ele></trkpt>
<trkpt lat="36.43912850405093" lon="-94.15176063946063"><ele>391.8104456018518</ele></trkpt>
<trkpt lat="36.43912693865741" lon="-94.15167886862318"><ele>391.5215277777777</ele></trkpt>
<trkpt lat="36.43912245081019" lon="-94.15150723667719"><ele>390.91510416666665</ele></trkpt>
<trkpt lat="36.43911997674469" lon="-94.1514340823157"><ele>390.67907450274345</ele></trkpt>
<trkpt lat="36.43911746313444" lon="-94.15137472907288"><ele>390.5164437585734</ele></trkpt>
<trkpt lat="36.439111152477714" lon="-94.15124697648481"><ele>390.2357424554184</ele></trkpt>
<trkpt lat="36.43910716049382" lon="-94.15112891631792"><ele>389.8952674897119</ele></trkpt>
<trkpt lat="36.43910284636489" lon="-94.15102760287506"><ele>389.64504458161866</ele></trkpt>
<trkpt lat="36.439100344650214" lon="-94.15096128343504"><ele>389.54223251028804</ele></trkpt>
<trkpt lat="36.43909787722909" lon="-94.15091061299364"><ele>389.68437071330595</ele></trkpt>
<trkpt lat="36.43909412037037" lon="-94.15087606480705"><ele>389.86875000000003</ele></trkpt>
<trkpt lat="36.43908789351851" lon="-94.15083703702597"><ele>390.1113425925926</ele></trkpt>
<trkpt lat="36.439079745370364" lon="-94.15079930554424"><ele>390.37083333333334</ele></trkpt>
<trkpt lat="36.43907101851852" lon="-94.15076733795412"><ele>390.60879629629625</ele></trkpt>
<trkpt lat="36.43904395833333" lon="-94.1506810648108"><ele>391.38958333333335</ele></trkpt>
<trkpt lat="36.43902891203704" lon="-94.15064608795804"><ele>391.73912037037036</ele></trkpt>
<trkpt lat="36.439008935185186" lon="-94.15061613425398"><ele>392.03888888888883</ele></trkpt>
<trkpt lat="36.43899731481482" lon="-94.15060344906912"><ele>392.16805555555555</ele></trkpt>
<trkpt lat="36.43898462962964" lon="-94.15059300925518"><ele>392.28055555555557</ele></trkpt>
<trkpt lat="36.43897118055557" lon="-94.15058520833028"><ele>392.3759259259259</ele></trkpt>
<trkpt lat="36.438942916666676" lon="-94.15057460647937"><ele>392.54953703703706</ele></trkpt>
<trkpt lat="36.43891539780522" lon="-94.15056607167183"><ele>392.7377743484225</ele></trkpt>
<trkpt lat="36.438888901748975" lon="-94.15056145576148"><ele>392.88415637860084</ele></trkpt>
<trkpt lat="36.43884711505487" lon="-94.15056302040863"><ele>393.0161779835391</ele></trkpt>
<trkpt lat="36.43877171467765" lon="-94.15056966393354"><ele>393.23614540466394</ele></trkpt>
<trkpt lat="36.438667654320994" lon="-94.15058039096348"><ele>393.4882716049383</ele></trkpt>
<trkpt lat="36.43855172003602" lon="-94.15059314452324"><ele>393.6780339077503</ele></trkpt>
<trkpt lat="36.438436604938275" lon="-94.1506059328091"><ele>393.77740054869685</ele></trkpt>
<trkpt lat="36.43821719618056" lon="-94.15063016498435"><ele>393.90824652777775</ele></trkpt>
<trkpt lat="36.43812938078703" lon="-94.15063955445113"><ele>393.97381365740733</ele></trkpt>
<trkpt lat="36.43804205217593" lon="-94.1506484571315"><ele>394.05892615740737</ele></trkpt>
<trkpt lat="36.4379562625926" lon="-94.15065667078606"><ele>394.16748518518517</ele></trkpt>
<trkpt lat="36.43778979918982" lon="-94.15067182308043"><ele>394.4265185185185</ele></trkpt>
<trkpt lat="36.43770885275464" lon="-94.15067948063644"><ele>394.5577259259259</ele></trkpt>
<trkpt lat="36.43762319851852" lon="-94.15068813637389"><ele>394.69239999999996</ele></trkpt>
<trkpt lat="36.43752650370371" lon="-94.15069844602687"><ele>394.8394222222222</ele></trkpt>
<trkpt lat="36.43731318370371" lon="-94.15072217936404"><ele>395.1512</ele></trkpt>
<trkpt lat="36.43721599851852" lon="-94.15073346971641"><ele>395.2835111111111</ele></trkpt>
<trkpt lat="36.43713046039095" lon="-94.15074391723044"><ele>395.38816042524</ele></trkpt>
<trkpt lat="36.437051642078195" lon="-94.15075411743966"><ele>395.4708165294924</ele></trkpt>
<trkpt lat="36.43697557561729" lon="-94.15076441506211"><ele>395.5383664609053</ele></trkpt>
<trkpt lat="36.43682796039095" lon="-94.1507853252792"><ele>395.63004931412894</ele></trkpt>
<trkpt lat="36.436749375" lon="-94.15079697930535"><ele>395.6479166666666</ele></trkpt>
<trkpt lat="36.43654326045954" lon="-94.15082859714256"><ele>395.62741769547324</ele></trkpt>
<trkpt lat="36.43629289008916" lon="-94.15086755315238"><ele>395.56715534979423</ele></trkpt>
<trkpt lat="36.43607058041838" lon="-94.15090220461195"><ele>395.5092764060356</ele></trkpt>
<trkpt lat="36.43598537808642" lon="-94.15091532391004"><ele>395.5000171467764</ele></trkpt>
<trkpt lat="36.43592581618656" lon="-94.15092428464354"><ele>395.5000685871056</ele></trkpt>
<trkpt lat="36.435885" lon="-94.15092921810843"><ele>395.5039094650205</ele></trkpt>
<trkpt lat="36.43581226337449" lon="-94.1509303909473"><ele>395.55</ele></trkpt>
<trkpt lat="36.4357767223937" lon="-94.15093125686052"><ele>395.571536351166</ele></trkpt>
<trkpt lat="36.43570811728395" lon="-94.15093414609262"><ele>395.59632201646093</ele></trkpt>
<trkpt lat="36.43567745627573" lon="-94.15093447702355"><ele>395.6017918381345</ele></trkpt>
<trkpt lat="36.435650020576134" lon="-94.15093294838644"><ele>395.61034807956105</ele></trkpt>
<trkpt lat="36.43560923611112" lon="-94.15092594907186"><ele>395.65</ele></trkpt>
<trkpt lat="36.43558315672154" lon="-94.15091795953096"><ele>395.6895833333333</ele></trkpt>
<trkpt lat="36.435570156035666" lon="-94.15091167523481"><ele>395.6974537037037</ele></trkpt>
<trkpt lat="36.435555210905356" lon="-94.15090135544314"><ele>395.69976851851845</ele></trkpt>
<trkpt lat="36.435538741426626" lon="-94.15088504542373"><ele>395.7000685871056</ele></trkpt>
<trkpt lat="36.435522040466395" lon="-94.15086177552811"><ele>395.70075445816184</ele></trkpt>
<trkpt lat="36.43550617283951" lon="-94.15083226335145"><ele>395.7039094650205</ele></trkpt>
<trkpt lat="36.43549204903978" lon="-94.15079871311309"><ele>395.71280006858706</ele></trkpt>
<trkpt lat="36.43548037894376" lon="-94.1507640131864"><ele>395.72948388203014</ele></trkpt>
<trkpt lat="36.43547153292181" lon="-94.15073105708768"><ele>395.752109053498</ele></trkpt>
<trkpt lat="36.43546554355281" lon="-94.15070295781273"><ele>395.7741683813443</ele></trkpt>
<trkpt lat="36.435460509259265" lon="-94.1506627083326"><ele>395.8025462962963</ele></trkpt>
<trkpt lat="36.43546" lon="-94.1506193981482"><ele>395.85625</ele></trkpt>
<trkpt lat="36.43546" lon="-94.15047507037042"><ele>396.0602685185185</ele></trkpt>
<trkpt lat="36.43546" lon="-94.15029270074082"><ele>396.0968740740741</ele></trkpt>
<trkpt lat="36.43546" lon="-94.14997732724285"><ele>396.0817706447188</ele></trkpt>
<trkpt lat="36.43546" lon="-94.1499066009877"><ele>396.0308526748972</ele></trkpt>
<trkpt lat="36.43545965706448" lon="-94.14969877914542"><ele>395.7181069958848</ele></trkpt>
<trkpt lat="36.43545791666667" lon="-94.14955749997864"><ele>395.4854166666667</ele></trkpt>
<trkpt lat="36.43545325617285" lon="-94.14933426606811"><ele>395.1007887517147</ele></trkpt>
<trkpt lat="36.435446743827164" lon="-94.14904645742615"><ele>394.60102023319615</ele></trkpt>
<trkpt lat="36.435442083333335" lon="-94.14882666664543"><ele>394.22499999999997</ele></trkpt>
<trkpt lat="36.435440920781886" lon="-94.14875445129282"><ele>394.1076131687243</ele></trkpt>
<trkpt lat="36.43543877057614" lon="-94.1485713580204"><ele>393.8432098765432</ele></trkpt>
<trkpt lat="36.43543715534981" lon="-94.14850263373803"><ele>393.75061728395065</ele></trkpt>
<trkpt lat="36.43543284636489" lon="-94.1483655006793"><ele>393.5876543209876</ele></trkpt>
<trkpt lat="36.43543039094649" lon="-94.1482504732496"><ele>393.5117283950617</ele></trkpt>
<trkpt lat="36.43542990767735" lon="-94.14813643588845"><ele>393.5024619371558</ele></trkpt>
<trkpt lat="36.435428032069964" lon="-94.14801236148408"><ele>393.5524781341108</ele></trkpt>
<trkpt lat="36.43542328960155" lon="-94.14779260384034"><ele>393.6789439585358</ele></trkpt>
<trkpt lat="36.43540671039845" lon="-94.14704885910449"><ele>394.1210560414642</ele></trkpt>
<trkpt lat="36.43540196793004" lon="-94.14683405244634"><ele>394.2475218658892</ele></trkpt>
<trkpt lat="36.435399923433756" lon="-94.14673301134785"><ele>394.300915840622</ele></trkpt>
<trkpt lat="36.43539839865674" lon="-94.14667397877624"><ele>394.33201606737936</ele></trkpt>
<trkpt lat="36.43539" lon="-94.14639898662529"><ele>394.4983111111111</ele></trkpt>
<trkpt lat="36.435383511111105" lon="-94.1461803377534"><ele>394.61374814814815</ele></trkpt>
<trkpt lat="36.435380592592594" lon="-94.14604800685363"><ele>394.6201563786008</ele></trkpt>
<trkpt lat="36.435379853395055" lon="-94.14589988168555"><ele>394.4552983539095</ele></trkpt>
<trkpt lat="36.43537860853909" lon="-94.14583323215193"><ele>394.35114883401917</ele></trkpt>
<trkpt lat="36.43537398062414" lon="-94.14568464586365"><ele>394.1036265432099</ele></trkpt>
<trkpt lat="36.43535994427298" lon="-94.14525987817771"><ele>393.3887345679012</ele></trkpt>
<trkpt lat="36.43535555469822" lon="-94.1451207261042"><ele>393.15455246913575</ele></trkpt>
<trkpt lat="36.435352083333335" lon="-94.1450002082903"><ele>392.95208333333335</ele></trkpt>
<trkpt lat="36.43534937145405" lon="-94.14489015660152"><ele>392.76772050754454</ele></trkpt>
<trkpt lat="36.435347074266126" lon="-94.14477969978267"><ele>392.5833360768175</ele></trkpt>
<trkpt lat="36.43534288895748" lon="-94.14455788664148"><ele>392.21711076817553</ele></trkpt>
<trkpt lat="36.43534094429356" lon="-94.14446825661925"><ele>392.07444890260626</ele></trkpt>
<trkpt lat="36.4353390059808" lon="-94.1444035739833"><ele>391.98014814814815</ele></trkpt>
<trkpt lat="36.43533693443074" lon="-94.14435922303977"><ele>391.9296296296296</ele></trkpt>
<trkpt lat="36.43533270679099" lon="-94.14428544401176"><ele>391.9016875</ele></trkpt>
<trkpt lat="36.43533117799298" lon="-94.14423759650748"><ele>391.90078472222217</ele></trkpt>
<trkpt lat="36.435330226015964" lon="-94.14417991415687"><ele>391.9032986111111</ele></trkpt>
<trkpt lat="36.43532850801613" lon="-94.14403609599249"><ele>391.9299768518518</ele></trkpt>
<trkpt lat="36.43532693865741" lon="-94.14394570311201"><ele>391.96122685185185</ele></trkpt>
<trkpt lat="36.43532245081019" lon="-94.14374429685967"><ele>392.0509837962963</ele></trkpt>
<trkpt lat="36.43531997674469" lon="-94.14365380796457"><ele>392.1005336934157</ele></trkpt>
<trkpt lat="36.43531278527949" lon="-94.14343453906622"><ele>392.25691443758575</ele></trkpt>
<trkpt lat="36.43531115247771" lon="-94.14336272558285"><ele>392.30692301097395</ele></trkpt>
<trkpt lat="36.43530882716049" lon="-94.14321541837673"><ele>392.4200274348422</ele></trkpt>
<trkpt lat="36.43530716049383" lon="-94.14314048696127"><ele>392.5019890260631</ele></trkpt>
<trkpt lat="36.435302846364884" lon="-94.14298951302439"><ele>392.6979423868313</ele></trkpt>
<trkpt lat="36.43530124828531" lon="-94.14291458161442"><ele>392.7792181069959</ele></trkpt>
<trkpt lat="36.4353003909465" lon="-94.14284039094485"><ele>392.8382716049383</ele></trkpt>
<trkpt lat="36.43529960905351" lon="-94.14262273662425"><ele>392.9460905349794</ele></trkpt>
<trkpt lat="36.43529874485597" lon="-94.14255543895435"><ele>392.97064471879287</ele></trkpt>
<trkpt lat="36.4352970781893" lon="-94.14249363511128"><ele>392.9859396433471</ele></trkpt>
<trkpt lat="36.4352946090535" lon="-94.1424369547255"><ele>392.9882716049383</ele></trkpt>
<trkpt lat="36.435285741893004" lon="-94.14228193250307"><ele>392.90110781893003</ele></trkpt>
<trkpt lat="36.435283437311384" lon="-94.14223109821077"><ele>392.8464965706447</ele></trkpt>
<trkpt lat="36.4352818023594" lon="-94.14217414046209"><ele>392.77980631001367</ele></trkpt>
<trkpt lat="36.43528080148148" lon="-94.14210177036774"><ele>392.6930962962963</ele></trkpt>
<trkpt lat="36.435280296296305" lon="-94.14200856296168"><ele>392.5808148148148</ele></trkpt>
<trkpt lat="36.435280016296296" lon="-94.141789874074"><ele>392.31605925925925</ele></trkpt>
<trkpt lat="36.435279835069444" lon="-94.14149396354055"><ele>391.9511215277778</ele></trkpt>
<trkpt lat="36.43527851777778" lon="-94.1413559533254"><ele>391.8446</ele></trkpt>
<trkpt lat="36.43527700481482" lon="-94.14126820887581"><ele>391.81866481481484</ele></trkpt>
<trkpt lat="36.435272683217605" lon="-94.14106618574358"><ele>391.8246585648148</ele></trkpt>
<trkpt lat="36.43527016928242" lon="-94.14096050504398"><ele>391.86420532407413</ele></trkpt>
<trkpt lat="36.43526387851852" lon="-94.1407156147696"><ele>392.0563851851852</ele></trkpt>
<trkpt lat="36.43525643407409" lon="-94.14043345032813"><ele>392.33736296296297</ele></trkpt>
<trkpt lat="36.4352535125926" lon="-94.1403171540459"><ele>392.44352592592594</ele></trkpt>
<trkpt lat="36.435251596104266" lon="-94.14023043071235"><ele>392.50004005486966</ele></trkpt>
<trkpt lat="36.435248784307284" lon="-94.14005668696429"><ele>392.46511550068584</ele></trkpt>
<trkpt lat="36.43524715659809" lon="-94.13999516323067"><ele>392.4532663923182</ele></trkpt>
<trkpt lat="36.43524284340192" lon="-94.13985714292869"><ele>392.48515829903977</ele></trkpt>
<trkpt lat="36.435241215692734" lon="-94.13978720932344"><ele>392.51491412894376</ele></trkpt>
<trkpt lat="36.43523840389575" lon="-94.13958515115227"><ele>392.5980060356653</ele></trkpt>
<trkpt lat="36.435236485925934" lon="-94.13949818367757"><ele>392.6271111111111</ele></trkpt>
<trkpt lat="36.435233549629636" lon="-94.13938753181266"><ele>392.66137777777783</ele></trkpt>
<trkpt lat="36.43522582518519" lon="-94.13912434069616"><ele>392.73862222222226</ele></trkpt>
<trkpt lat="36.43521809333334" lon="-94.13889020589096"><ele>392.8015407407408</ele></trkpt>
<trkpt lat="36.43520674666667" lon="-94.13858950515849"><ele>392.87054814814815</ele></trkpt>
<trkpt lat="36.43520431555555" lon="-94.13850913924334"><ele>392.89042962962964</ele></trkpt>
<trkpt lat="36.435203391604944" lon="-94.13844420570118"><ele>392.9098716049383</ele></trkpt>
<trkpt lat="36.43520387901235" lon="-94.13838868697034"><ele>392.9299012345679</ele></trkpt>
<trkpt lat="36.43520609091907" lon="-94.13827434343105"><ele>392.9605574759945</ele></trkpt>
<trkpt lat="36.43520594825788" lon="-94.13820874973622"><ele>392.96094705075444</ele></trkpt>
<trkpt lat="36.4352046090535" lon="-94.13813882715394"><ele>392.9539094650206</ele></trkpt>
<trkpt lat="36.4352011659808" lon="-94.13799323730693"><ele>392.9700960219479</ele></trkpt>
<trkpt lat="36.435198847522294" lon="-94.13784599997398"><ele>393.05616426611795</ele></trkpt>
<trkpt lat="36.43519721472051" lon="-94.13777298020966"><ele>393.10366083676263</ele></trkpt>
<trkpt lat="36.43519502636317" lon="-94.13770206306943"><ele>393.14521604938267</ele></trkpt>
<trkpt lat="36.4351900203618" lon="-94.13756111109964"><ele>393.2297228652263</ele></trkpt>
<trkpt lat="36.435187517361115" lon="-94.13748284720911"><ele>393.2870081018518</ele></trkpt>
<trkpt lat="36.4351824826389" lon="-94.13730433158231"><ele>393.44351851851854</ele></trkpt>
<trkpt lat="36.43517751736112" lon="-94.13710654801581"><ele>393.6650462962963</ele></trkpt>
<trkpt lat="36.4351724826389" lon="-94.13689650461345"><ele>393.9288483796297</ele></trkpt>
<trkpt lat="36.435167649176954" lon="-94.1367142232377"><ele>394.12433984910837</ele></trkpt>
<trkpt lat="36.43516317965536" lon="-94.13656126702423"><ele>394.24370713305905</ele></trkpt>
<trkpt lat="36.435158958333346" lon="-94.13639083330158"><ele>394.37291666666664</ele></trkpt>
<trkpt lat="36.43515342764061" lon="-94.13611431320805"><ele>394.5999485596708</ele></trkpt>
<trkpt lat="36.4351467532579" lon="-94.13575731475277"><ele>394.89462448559675</ele></trkpt>
<trkpt lat="36.43514208333333" lon="-94.1354885416404"><ele>395.09583333333325</ele></trkpt>
<trkpt lat="36.43514034293553" lon="-94.13533950616791"><ele>395.14879972565154</ele></trkpt>
<trkpt lat="36.43513992626887" lon="-94.13519874914238"><ele>395.10961934156376</ele></trkpt>
<trkpt lat="36.43513876918296" lon="-94.13513538890659"><ele>395.06382994684503</ele></trkpt>
<trkpt lat="36.435134861432616" lon="-94.13502932322717"><ele>394.9458429783951</ele></trkpt>
<trkpt lat="36.435128524412725" lon="-94.13488115653033"><ele>394.75579025205764</ele></trkpt>
<trkpt lat="36.43512" lon="-94.13470846351444"><ele>394.50329861111106</ele></trkpt>
<trkpt lat="36.43511551215278" lon="-94.13462608504645"><ele>394.3769386574074</ele></trkpt>
<trkpt lat="36.43511146186986" lon="-94.13456069089281"><ele>394.2745831189986</ele></trkpt>
<trkpt lat="36.435107890946504" lon="-94.134515558119"><ele>394.2028120713306</ele></trkpt>
<trkpt lat="36.435100190222066" lon="-94.13445135287205"><ele>394.1167556155692</ele></trkpt>
<trkpt lat="36.43509402917096" lon="-94.13441245883384"><ele>394.08094242969815</ele></trkpt>
<trkpt lat="36.43508257201647" lon="-94.13436851849966"><ele>394.03827160493825</ele></trkpt>
<trkpt lat="36.435060706447196" lon="-94.13432947186331"><ele>393.979012345679</ele></trkpt>
<trkpt lat="36.43502451989026" lon="-94.13430536351122"><ele>393.8956790123457</ele></trkpt>
<trkpt lat="36.434975308641974" lon="-94.13429860084217"><ele>393.7882716049383</ele></trkpt>
<trkpt lat="36.43491946502057" lon="-94.13430380661357"><ele>393.66406035665295</ele></trkpt>
<trkpt lat="36.434863621399174" lon="-94.13431382718896"><ele>393.52935528120713</ele></trkpt>
<trkpt lat="36.43481" lon="-94.13432421813182"><ele>393.3804526748971</ele></trkpt>
<trkpt lat="36.434756323731136" lon="-94.13433366257401"><ele>393.2043209876543</ele></trkpt>
<trkpt lat="36.434699931412894" lon="-94.134341995906"><ele>392.9917695473251</ele></trkpt>
<trkpt lat="36.434641563786016" lon="-94.13434921812586"><ele>392.75390946502057</ele></trkpt>
<trkpt lat="36.4345854458162" lon="-94.13435532923306"><ele>392.52167352537725</ele></trkpt>
<trkpt lat="36.43449469135804" lon="-94.13436421811349"><ele>392.18127572016465</ele></trkpt>
<trkpt lat="36.43442841563786" lon="-94.13436881344526"><ele>392.0080932784636</ele></trkpt>
<trkpt lat="36.43431544581619" lon="-94.13437291495774"><ele>391.8557613168724</ele></trkpt>
<trkpt lat="36.4342653909465" lon="-94.13437539095396"><ele>391.8039094650206</ele></trkpt>
<trkpt lat="36.43413565072017" lon="-94.1343837551471"><ele>391.697170781893</ele></trkpt>
<trkpt lat="36.43410507115913" lon="-94.13438440157782"><ele>391.67211076817557</ele></trkpt>
<trkpt lat="36.43407798696847" lon="-94.13438291837934"><ele>391.63948902606313</ele></trkpt>
<trkpt lat="36.434053958333344" lon="-94.13437949073757"><ele>391.5974537037037</ele></trkpt>
<trkpt lat="36.434015879629634" lon="-94.13436949073763"><ele>391.50000000000006</ele></trkpt>
<trkpt lat="36.434001111111115" lon="-94.1343628472187"><ele>391.45000000000005</ele></trkpt>
<trkpt lat="36.43398782407408" lon="-94.13435386573596"><ele>391.40000000000003</ele></trkpt>
<trkpt lat="36.433975046296304" lon="-94.13434182869757"><ele>391.35023148148156</ele></trkpt>
<trkpt lat="36.43395106481482" lon="-94.13430993054877"><ele>391.2604166666667</ele></trkpt>
<trkpt lat="36.433931111111114" lon="-94.13427499999472"><ele>391.2</ele></trkpt>
<trkpt lat="36.43391710648148" lon="-94.13423986110799"><ele>391.13958333333335</ele></trkpt>
<trkpt lat="36.43391293981481" lon="-94.1342209027755"><ele>391.0974537037037</ele></trkpt>
<trkpt lat="36.433910023148144" lon="-94.13419861110874"><ele>391.05023148148155</ele></trkpt>
<trkpt lat="36.43390400634431" lon="-94.1341340389174"><ele>390.9711591220851</ele></trkpt>
<trkpt lat="36.433895861625516" lon="-94.1340523019481"><ele>390.98199588477365</ele></trkpt>
<trkpt lat="36.43388845679013" lon="-94.1339745979023"><ele>391.1589677640604</ele></trkpt>
<trkpt lat="36.43388294495885" lon="-94.13390493655326"><ele>391.4417266803841</ele></trkpt>
<trkpt lat="36.43388135650207" lon="-94.13385682642016"><ele>391.6482744855967</ele></trkpt>
<trkpt lat="36.433885647222226" lon="-94.13378340555276"><ele>391.8726203703703</ele></trkpt>
<trkpt lat="36.433885768333326" lon="-94.13374458998784"><ele>391.9834462962963</ele></trkpt>
<trkpt lat="36.43388393037037" lon="-94.13368860886219"><ele>392.14730370370364</ele></trkpt>
<trkpt lat="36.43388006074074" lon="-94.13361164884726"><ele>392.3754074074074</ele></trkpt>
<trkpt lat="36.43387483111111" lon="-94.13351923995123"><ele>392.64831111111107</ele></trkpt>
<trkpt lat="36.43386446370371" lon="-94.13334416441309"><ele>393.136637037037</ele></trkpt>
<trkpt lat="36.43386060894377" lon="-94.13327946823857"><ele>393.2798463648834</ele></trkpt>
<trkpt lat="36.43385490238683" lon="-94.13317856476576"><ele>393.3912427983539</ele></trkpt>
<trkpt lat="36.43385113733883" lon="-94.1330857050175"><ele>393.4274869684499</ele></trkpt>
<trkpt lat="36.433848795438955" lon="-94.1330025694422"><ele>393.45873628257885</ele></trkpt>
<trkpt lat="36.4338447659465" lon="-94.1329292258193"><ele>393.44351851851854</ele></trkpt>
<trkpt lat="36.433839945130316" lon="-94.13286455675276"><ele>393.3887345679012</ele></trkpt>
<trkpt lat="36.433833981481484" lon="-94.13279381943858"><ele>393.2791666666666</ele></trkpt>
<trkpt lat="36.43382604166668" lon="-94.13270805554964"><ele>393.1101851851852</ele></trkpt>
<trkpt lat="36.43382293981481" lon="-94.1326663888851"><ele>393.0293981481482</ele></trkpt>
<trkpt lat="36.43381974537037" lon="-94.13259268518371"><ele>392.9</ele></trkpt>
<trkpt lat="36.433817939814816" lon="-94.13255805555237"><ele>392.8398148148148</ele></trkpt>
<trkpt lat="36.43381462962963" lon="-94.13252296295707"><ele>392.77314814814815</ele></trkpt>
<trkpt lat="36.43380537037037" lon="-94.13245509258707"><ele>392.61921296296293</ele></trkpt>
<trkpt lat="36.433802060185194" lon="-94.13242386573783"><ele>392.52847222222226</ele></trkpt>
<trkpt lat="36.43380025462963" lon="-94.1323909490726"><ele>392.4143518518519</ele></trkpt>
<trkpt lat="36.433797314814825" lon="-94.13230999999651"><ele>392.09745370370376</ele></trkpt>
<trkpt lat="36.43379498842593" lon="-94.13226741029679"><ele>391.92120949074075</ele></trkpt>
<trkpt lat="36.43379038194445" lon="-94.13220025751814"><ele>391.5962094907408</ele></trkpt>
<trkpt lat="36.433784036458334" lon="-94.13212503469559"><ele>391.03816550925933</ele></trkpt>
<trkpt lat="36.43376983506945" lon="-94.13197983501715"><ele>389.8467013888889</ele></trkpt>
<trkpt lat="36.43375445087449" lon="-94.13183363948193"><ele>388.6320612568587</ele></trkpt>
<trkpt lat="36.43374904835392" lon="-94.13178925238637"><ele>388.25654149519886</ele></trkpt>
<trkpt lat="36.43374039105368" lon="-94.1317285763805"><ele>387.7586387602881</ele></trkpt>
<trkpt lat="36.43373554387432" lon="-94.13169070857873"><ele>387.47992862654326</ele></trkpt>
<trkpt lat="36.43372574502744" lon="-94.13160031120348"><ele>386.87373971193415</ele></trkpt>
<trkpt lat="36.43371969393005" lon="-94.1315311702638"><ele>386.5836934156378</ele></trkpt>
<trkpt lat="36.43371298696846" lon="-94.13146398147393"><ele>386.72186213991773</ele></trkpt>
<trkpt lat="36.43370744341564" lon="-94.13142338647826"><ele>386.9032836076818</ele></trkpt>
<trkpt lat="36.43369488254458" lon="-94.13134270317984"><ele>387.33624828532237</ele></trkpt>
<trkpt lat="36.43368951045954" lon="-94.13130308898292"><ele>387.52733196159124</ele></trkpt>
<trkpt lat="36.43367922496571" lon="-94.1312100479948"><ele>387.84286694101513</ele></trkpt>
<trkpt lat="36.43367242112483" lon="-94.13115178324063"><ele>387.9873799725652</ele></trkpt>
<trkpt lat="36.433663827160494" lon="-94.13108530860953"><ele>388.1109053497943</ele></trkpt>
<trkpt lat="36.433653607681755" lon="-94.13101229076976"><ele>388.1792866941015</ele></trkpt>
<trkpt lat="36.43364221536351" lon="-94.13093526058684"><ele>388.16124828532236</ele></trkpt>
<trkpt lat="36.43363039094651" lon="-94.13085773658166"><ele>388.0530864197531</ele></trkpt>
<trkpt lat="36.43361909465022" lon="-94.13078400544951"><ele>387.8797668038409</ele></trkpt>
<trkpt lat="36.43360039094651" lon="-94.13065969133687"><ele>387.48127572016466</ele></trkpt>
<trkpt lat="36.433592215363525" lon="-94.13060820985788"><ele>387.3299725651578</ele></trkpt>
<trkpt lat="36.43358360768176" lon="-94.13056030862205"><ele>387.2582990397805</ele></trkpt>
<trkpt lat="36.433573827160494" lon="-94.1305126542967"><ele>387.29773662551446</ele></trkpt>
<trkpt lat="36.43356244855967" lon="-94.13046191354849"><ele>387.47311385459534</ele></trkpt>
<trkpt lat="36.43354952674897" lon="-94.13040648144248"><ele>387.7886145404664</ele></trkpt>
<trkpt lat="36.43353617283951" lon="-94.13034969131903"><ele>388.1960905349794</ele></trkpt>
<trkpt lat="36.43351596021948" lon="-94.13026179696597"><ele>388.91495198902606</ele></trkpt>
<trkpt lat="36.43350538408779" lon="-94.13020695471872"><ele>389.345267489712</ele></trkpt>
<trkpt lat="36.43348140860768" lon="-94.13006990395465"><ele>390.2848593964335</ele></trkpt>
<trkpt lat="36.43347524777092" lon="-94.13002902605068"><ele>390.53962620027437</ele></trkpt>
<trkpt lat="36.43347260545268" lon="-94.12999766974991"><ele>390.68305041152263</ele></trkpt>
<trkpt lat="36.433472986968454" lon="-94.12996895576323"><ele>390.7359996570645</ele></trkpt>
<trkpt lat="36.43347895833334" lon="-94.12987407407572"><ele>390.68888888888887</ele></trkpt>
<trkpt lat="36.43347997685186" lon="-94.12981798611122"><ele>390.5787037037037</ele></trkpt>
<trkpt lat="36.433480254629636" lon="-94.12972655092649"><ele>390.26296296296294</ele></trkpt>
<trkpt lat="36.43348268518519" lon="-94.1296553935216"><ele>389.92199074074074</ele></trkpt>
<trkpt lat="36.43348934927983" lon="-94.12956047839717"><ele>389.37229938271605</ele></trkpt>
<trkpt lat="36.43349289866255" lon="-94.12950830761699"><ele>388.9882630315501</ele></trkpt>
<trkpt lat="36.43349840877915" lon="-94.12942813443846"><ele>388.3014403292181</ele></trkpt>
<trkpt lat="36.433508358196164" lon="-94.12926425583778"><ele>386.9535493827161</ele></trkpt>
<trkpt lat="36.43351169324417" lon="-94.12922129973131"><ele>386.6219650205761</ele></trkpt>
<trkpt lat="36.433519765089166" lon="-94.12915180384395"><ele>386.1249314128944</ele></trkpt>
<trkpt lat="36.43353" lon="-94.1290384362285"><ele>385.33827160493826</ele></trkpt>
<trkpt lat="36.43353750342936" lon="-94.12894145405338"><ele>384.6515517832648</ele></trkpt>
<trkpt lat="36.4335393947188" lon="-94.1288938271619"><ele>384.30674729829</ele></trkpt>
<trkpt lat="36.43353389548346" lon="-94.12883999636897"><ele>384.0247972993674</ele></trkpt>
<trkpt lat="36.4335162596703" lon="-94.12879036617699"><ele>383.7428473004447</ele></trkpt>
<trkpt lat="36.43348795526532" lon="-94.12874906776644"><ele>383.460897301522</ele></trkpt>
<trkpt lat="36.4334513382965" lon="-94.12871953877632"><ele>383.17894730259934</ele></trkpt>
<trkpt lat="36.43339807098766" lon="-94.12868911777969"><ele>382.80030006858703</ele></trkpt>
<trkpt lat="36.43334794753086" lon="-94.12865787035466"><ele>382.83546810699585</ele></trkpt>
<trkpt lat="36.43329982510289" lon="-94.12862379628034"><ele>382.77818072702325</ele></trkpt>
<trkpt lat="36.43325217592593" lon="-94.12858504627951"><ele>382.62916666666666</ele></trkpt>
<trkpt lat="36.43323125" lon="-94.12856562498631"><ele>382.52430555555554</ele></trkpt>
<trkpt lat="36.433200763888884" lon="-94.12853293980866"><ele>382.3268518518518</ele></trkpt>
<trkpt lat="36.43316289351852" lon="-94.12848583332242"><ele>381.98726851851853</ele></trkpt>
<trkpt lat="36.43313" lon="-94.12844101850354"><ele>381.5493055555555</ele></trkpt>
<trkpt lat="36.43309712962963" lon="-94.12839819443445"><ele>381.08171296296297</ele></trkpt>
<trkpt lat="36.4330719675926" lon="-94.12836682869879"><ele>380.7148148148148</ele></trkpt>
<trkpt lat="36.43304493055556" lon="-94.12832921295853"><ele>380.1643518518519</ele></trkpt>
<trkpt lat="36.433021018518524" lon="-94.12829393517215"><ele>379.52685185185186</ele></trkpt>
<trkpt lat="36.432986990740744" lon="-94.12824196757346"><ele>378.5291666666667</ele></trkpt>
<trkpt lat="36.43295504629631" lon="-94.1281910879497"><ele>377.5319444444445</ele></trkpt>
<trkpt lat="36.43290997685185" lon="-94.12812194443188"><ele>376.2034722222222</ele></trkpt>
<trkpt lat="36.43288685185186" lon="-94.12808499999531"><ele>375.46944444444443</ele></trkpt>
<trkpt lat="36.43287106481482" lon="-94.1280614351829"><ele>375.03240740740745</ele></trkpt>
<trkpt lat="36.43285851851852" lon="-94.12804597222099"><ele>374.80925925925925</ele></trkpt>
<trkpt lat="36.43281807870371" lon="-94.12800497684289"><ele>374.41689814814816</ele></trkpt>
<trkpt lat="36.43278701388889" lon="-94.12797810184587"><ele>374.19189814814814</ele></trkpt>
<trkpt lat="36.43274462962963" lon="-94.1279492361056"><ele>374.03078703703704</ele></trkpt>
<trkpt lat="36.43271293981482" lon="-94.1279251388812"><ele>373.79027777777776</ele></trkpt>
<trkpt lat="36.432698148148155" lon="-94.12791194443777"><ele>373.5967592592593</ele></trkpt>
<trkpt lat="36.43266884259259" lon="-94.12788247684999"><ele>373.03287037037035</ele></trkpt>
<trkpt lat="36.43264004629629" lon="-94.12785773147804"><ele>372.5708333333333</ele></trkpt>
<trkpt lat="36.432580254629634" lon="-94.12780974536096"><ele>371.99999999999994</ele></trkpt>
<trkpt lat="36.432563101851855" lon="-94.12779497684325"><ele>371.85023148148144</ele></trkpt>
<trkpt lat="36.43254831018519" lon="-94.127779999993"><ele>371.70254629629625</ele></trkpt>
<trkpt lat="36.43251400462963" lon="-94.12773606480926"><ele>371.32152777777776</ele></trkpt>
<trkpt lat="36.43248025462963" lon="-94.12769974536631"><ele>371.1268518518519</ele></trkpt>
<trkpt lat="36.432459745370366" lon="-94.12767386573505"><ele>371.0412037037037</ele></trkpt>
<trkpt lat="36.432448981481485" lon="-94.1276569212889"><ele>370.96921296296296</ele></trkpt>
<trkpt lat="36.43242606481482" lon="-94.12761912036264"><ele>371.05808187794406</ele></trkpt>
<trkpt lat="36.432400254629634" lon="-94.12758002314567"><ele>371.1900843538674</ele></trkpt>
<trkpt lat="36.43238680555556" lon="-94.12755358795862"><ele>371.2949034970941</ele></trkpt>
<trkpt lat="36.43235180555556" lon="-94.12749083331701"><ele>371.56000874701397</ele></trkpt>
<trkpt lat="36.43233412037037" lon="-94.1274621759054"><ele>371.7007785901692</ele></trkpt>
<trkpt lat="36.432313865740745" lon="-94.12743305553403"><ele>371.8692553372938</ele></trkpt>
<trkpt lat="36.432291921296304" lon="-94.12740587960906"><ele>372.0643873915751</ele></trkpt>
<trkpt lat="36.43226898148149" lon="-94.12738118053613"><ele>372.28358698929674</ele></trkpt>
<trkpt lat="36.43224539351853" lon="-94.12735858794416"><ele>372.5213399301531</ele></trkpt>
<trkpt lat="36.43220050925926" lon="-94.12732076387682"><ele>372.99524390906396</ele></trkpt>
<trkpt lat="36.43216832304527" lon="-94.12729841906344"><ele>373.3719959527566</ele></trkpt>
<trkpt lat="36.43214055555556" lon="-94.1272848559585"><ele>373.7908476763163</ele></trkpt>
<trkpt lat="36.4320938271605" lon="-94.12726421808779"><ele>374.62132792147736</ele></trkpt>
<trkpt lat="36.43202028549383" lon="-94.12723046809954"><ele>375.9995783756303</ele></trkpt>
<trkpt lat="36.4319719212963" lon="-94.12720949073706"><ele>376.87225232897106</ele></trkpt>
<trkpt lat="36.43193657407408" lon="-94.12719168980463"><ele>377.12268518518516</ele></trkpt>
<trkpt lat="36.431890486111115" lon="-94.12716511572859"><ele>376.8400462962963</ele></trkpt>
<trkpt lat="36.43185178240741" lon="-94.12714076388293"><ele>376.2347222222222</ele></trkpt>
<trkpt lat="36.431827708333344" lon="-94.12712275462704"><ele>375.6530092592593</ele></trkpt>
<trkpt lat="36.431811226851856" lon="-94.12710685184953"><ele>375.2375</ele></trkpt>
<trkpt lat="36.43178743055556" lon="-94.12708620369676"><ele>374.5962962962963</ele></trkpt>
<trkpt lat="36.43174717592593" lon="-94.12705529319292"><ele>373.46584362139924</ele></trkpt>
<trkpt lat="36.43172272376543" lon="-94.1270345910276"><ele>372.8319958847737</ele></trkpt>
<trkpt lat="36.43169726851852" lon="-94.12701076386094"><ele>372.266975308642</ele></trkpt>
<trkpt lat="36.43166998028121" lon="-94.12698368823236"><ele>371.80329218107</ele></trkpt>
<trkpt lat="36.43163885716736" lon="-94.12695316352638"><ele>371.41831275720165</ele></trkpt>
<trkpt lat="36.431603436214" lon="-94.12691999993747"><ele>371.08518518518514</ele></trkpt>
<trkpt lat="36.431566090534986" lon="-94.12688709184832"><ele>370.8079561042524</ele></trkpt>
<trkpt lat="36.43153004115227" lon="-94.12685764055779"><ele>370.6072702331962</ele></trkpt>
<trkpt lat="36.431496954732516" lon="-94.1268331275385"><ele>370.4812757201646</ele></trkpt>
<trkpt lat="36.4314663117284" lon="-94.12681284033788"><ele>370.39882544581616</ele></trkpt>
<trkpt lat="36.43143722736626" lon="-94.12679552381312"><ele>370.3298782578876</ele></trkpt>
<trkpt lat="36.43138368227024" lon="-94.12676733623559"><ele>370.2421382030179</ele></trkpt>
<trkpt lat="36.4313586505487" lon="-94.12675595592218"><ele>370.2713391632373</ele></trkpt>
<trkpt lat="36.43133196759259" lon="-94.12674564813713"><ele>370.3537037037037</ele></trkpt>
<trkpt lat="36.431301921296296" lon="-94.12673613424808"><ele>370.4472222222222</ele></trkpt>
<trkpt lat="36.431269722222225" lon="-94.12672831017642"><ele>370.4916666666667</ele></trkpt>
<trkpt lat="36.43123805555556" lon="-94.1267231249955"><ele>370.44513888888895</ele></trkpt>
<trkpt lat="36.43120833333334" lon="-94.1267205092576"><ele>370.306712962963</ele></trkpt>
<trkpt lat="36.43115217592593" lon="-94.12671706018283"><ele>369.94189814814814</ele></trkpt>
<trkpt lat="36.431095648148144" lon="-94.12670999999565"><ele>369.74212962962963</ele></trkpt>
<trkpt lat="36.43102106481482" lon="-94.12669893518215"><ele>369.7113425925926</ele></trkpt>
<trkpt lat="36.43097800925927" lon="-94.12668789351193"><ele>369.7824074074074</ele></trkpt>
<trkpt lat="36.430955115740744" lon="-94.12667949073305"><ele>369.86643518518514</ele></trkpt>
<trkpt lat="36.430913449074076" lon="-94.12665999999356"><ele>370.1613425925926</ele></trkpt>
<trkpt lat="36.4308657175926" lon="-94.12663194444043"><ele>370.7176844891767</ele></trkpt>
<trkpt lat="36.43083550925927" lon="-94.12661935184936"><ele>370.8857940311649</ele></trkpt>
<trkpt lat="36.430782847222225" lon="-94.12660516203405"><ele>370.8029029012955</ele></trkpt>
<trkpt lat="36.43074355709877" lon="-94.12659272375731"><ele>370.66094216273393</ele></trkpt>
<trkpt lat="36.43071921296298" lon="-94.12658347220913"><ele>370.5892132099509</ele></trkpt>
<trkpt lat="36.43069132458848" lon="-94.1265713348579"><ele>370.545447293067</ele></trkpt>
<trkpt lat="36.43066142232511" lon="-94.12655653547041"><ele>370.5536831220038</ele></trkpt>
<trkpt lat="36.43060262088478" lon="-94.12652341818834"><ele>370.7193948908948</ele></trkpt>
<trkpt lat="36.43055574845679" lon="-94.12649460647056"><ele>371.44409055763185</ele></trkpt>
<trkpt lat="36.43052386831276" lon="-94.12647182098287"><ele>371.99251397879846</ele></trkpt>
<trkpt lat="36.430504027777786" lon="-94.12645398147932"><ele>372.3924763818388</ele></trkpt>
<trkpt lat="36.43048013888889" lon="-94.12642789351563"><ele>372.94748895763803</ele></trkpt>
<trkpt lat="36.43047217592592" lon="-94.12641502314386"><ele>373.18804085148116</ele></trkpt>
<trkpt lat="36.43046398148148" lon="-94.12639666665945"><ele>373.5083732477702</ele></trkpt>
<trkpt lat="36.43045513888888" lon="-94.12637145832265"><ele>373.9345555651326</ele></trkpt>
<trkpt lat="36.43043101851852" lon="-94.12629011573497"><ele>375.2708605196957</ele></trkpt>
<trkpt lat="36.43041791666666" lon="-94.12624881943745"><ele>375.87895436575974</ele></trkpt>
<trkpt lat="36.43039891203704" lon="-94.12619275461687"><ele>376.60949074074074</ele></trkpt>
<trkpt lat="36.43038731481482" lon="-94.1261592360962"><ele>376.6023148148148</ele></trkpt>
<trkpt lat="36.43037510288066" lon="-94.12612424552614"><ele>376.41463477366256</ele></trkpt>
<trkpt lat="36.43036332304527" lon="-94.12608900804436"><ele>376.08891460905346</ele></trkpt>
<trkpt lat="36.4303532021605" lon="-94.12605444957659"><ele>375.69483024691357</ele></trkpt>
<trkpt lat="36.43034541237997" lon="-94.12602035578642"><ele>375.27973251028806</ele></trkpt>
<trkpt lat="36.43033978309328" lon="-94.12598586847707"><ele>374.87088477366257</ele></trkpt>
<trkpt lat="36.43033578189301" lon="-94.12595117283396"><ele>374.4851851851852</ele></trkpt>
<trkpt lat="36.43033075274349" lon="-94.12588774605331"><ele>373.901517489712</ele></trkpt>
<trkpt lat="36.43032828446502" lon="-94.12585808127174"><ele>373.7359567901235</ele></trkpt>
<trkpt lat="36.430324450445816" lon="-94.12582544152258"><ele>373.63207304526753</ele></trkpt>
<trkpt lat="36.43030706018518" lon="-94.12571527777146"><ele>373.4502314814815</ele></trkpt>
<trkpt lat="36.43029731481482" lon="-94.12563881944288"><ele>373.29745370370375</ele></trkpt>
<trkpt lat="36.43028601851852" lon="-94.12559185184988"><ele>373.05648148148146</ele></trkpt>
<trkpt lat="36.43028268518518" lon="-94.1255736111093"><ele>372.8990740740741</ele></trkpt>
<trkpt lat="36.43027756944445" lon="-94.12552655092355"><ele>372.3747685185185</ele></trkpt>
<trkpt lat="36.430271921296296" lon="-94.12546847221833"><ele>371.62291666666664</ele></trkpt>
<trkpt lat="36.43026789351852" lon="-94.12543474536355"><ele>371.28842592592594</ele></trkpt>
<trkpt lat="36.430261944444446" lon="-94.12539631943282"><ele>371.09236111111113</ele></trkpt>
<trkpt lat="36.43025395833334" lon="-94.12535398146645"><ele>371.08032407407404</ele></trkpt>
<trkpt lat="36.430245115740746" lon="-94.12531099535616"><ele>371.24305555555554</ele></trkpt>
<trkpt lat="36.43023708333334" lon="-94.12527124998981"><ele>371.51319444444437</ele></trkpt>
<trkpt lat="36.430226111111104" lon="-94.12520613425534"><ele>372.0962962962962</ele></trkpt>
<trkpt lat="36.43022293981482" lon="-94.12517731481242"><ele>372.318287037037</ele></trkpt>
<trkpt lat="36.430221087962956" lon="-94.12514793981376"><ele>372.4641203703704</ele></trkpt>
<trkpt lat="36.43022050925925" lon="-94.12511706018527"><ele>372.5185185185185</ele></trkpt>
<trkpt lat="36.430221064814816" lon="-94.12508506944573"><ele>372.4858796296296</ele></trkpt>
<trkpt lat="36.430222685185186" lon="-94.125053703706"><ele>372.38726851851845</ele></trkpt>
<trkpt lat="36.430228429547945" lon="-94.12498316292869"><ele>371.192552400409</ele></trkpt>
<trkpt lat="36.43022643280921" lon="-94.12492523635758"><ele>370.21548330404744</ele></trkpt>
<trkpt lat="36.4302113074246" lon="-94.1248703988257"><ele>369.2384142076858</ele></trkpt>
<trkpt lat="36.43018429398148" lon="-94.12482314814228"><ele>368.26134511132426</ele></trkpt>
<trkpt lat="36.43016604166667" lon="-94.12480268517892"><ele>367.7523148148148</ele></trkpt>
<trkpt lat="36.43014967592593" lon="-94.1247899536954"><ele>367.47476851851843</ele></trkpt>
<trkpt lat="36.43012798611112" lon="-94.12477680554316"><ele>367.2497685185185</ele></trkpt>
<trkpt lat="36.43007050925927" lon="-94.12474513886846"><ele>367.005787037037</ele></trkpt>
<trkpt lat="36.430016620370374" lon="-94.12471368054356"><ele>367.0935185185185</ele></trkpt>
<trkpt lat="36.42999715277778" lon="-94.1247031249933"><ele>367.20972222222224</ele></trkpt>
<trkpt lat="36.4299619675926" lon="-94.12468692128967"><ele>367.4025462962963</ele></trkpt>
<trkpt lat="36.42994217592593" lon="-94.12467655091723"><ele>367.3664351851852</ele></trkpt>
<trkpt lat="36.42992203703703" lon="-94.12466386573126"><ele>367.1694444444444</ele></trkpt>
<trkpt lat="36.42990319444445" lon="-94.12464949073136"><ele>366.79560185185187</ele></trkpt>
<trkpt lat="36.42988611111112" lon="-94.1246339814724"><ele>366.2861111111111</ele></trkpt>
<trkpt lat="36.42984293981482" lon="-94.12458805554965"><ele>364.7030092592592</ele></trkpt>
<trkpt lat="36.42982" lon="-94.12456437499543"><ele>364.0106481481481</ele></trkpt>
<trkpt lat="36.42980895833334" lon="-94.12455081017903"><ele>363.69212962962956</ele></trkpt>
<trkpt lat="36.429783981481485" lon="-94.12451284721122"><ele>363.13217592592594</ele></trkpt>
<trkpt lat="36.429757083333335" lon="-94.12446597221155"><ele>362.75787037037037</ele></trkpt>
<trkpt lat="36.429745625" lon="-94.12444243054689"><ele>362.542824074074</ele></trkpt>
<trkpt lat="36.42973611111111" lon="-94.1244190046225"><ele>362.2453703703704</ele></trkpt>
<trkpt lat="36.429728078703704" lon="-94.12439513888228"><ele>361.8581018518518</ele></trkpt>
<trkpt lat="36.429715370370374" lon="-94.12434831018088"><ele>360.99560185185186</ele></trkpt>
<trkpt lat="36.42970395833334" lon="-94.12429502314608"><ele>360.12384259259267</ele></trkpt>
<trkpt lat="36.42969395833334" lon="-94.12426296295916"><ele>359.80324074074076</ele></trkpt>
<trkpt lat="36.429681064814815" lon="-94.12422708332883"><ele>359.6824074074074</ele></trkpt>
<trkpt lat="36.42967208333334" lon="-94.12419706018375"><ele>359.7009259259259</ele></trkpt>
<trkpt lat="36.42966731481482" lon="-94.12415629629493"><ele>359.8050925925926</ele></trkpt>
<trkpt lat="36.42965731481481" lon="-94.1240699999976"><ele>360.1</ele></trkpt>
<trkpt lat="36.42964974537037" lon="-94.12402293981116"><ele>360.28078703703704</ele></trkpt>
<trkpt lat="36.4296326388889" lon="-94.12395145832994"><ele>360.71791677675816</ele></trkpt>
<trkpt lat="36.42961031281901" lon="-94.12389322619937"><ele>361.004108822833</ele></trkpt>
<trkpt lat="36.42957564372933" lon="-94.12384522927397"><ele>361.29030086890793</ele></trkpt>
<trkpt lat="36.42953146233236" lon="-94.12381138648064"><ele>361.5764929149828</ele></trkpt>
<trkpt lat="36.429453629629634" lon="-94.1237694694406"><ele>362.044237037037</ele></trkpt>
<trkpt lat="36.42939047703704" lon="-94.12373357897977"><ele>361.95091851851856</ele></trkpt>
<trkpt lat="36.42924108592592" lon="-94.12364704564911"><ele>361.7522074074074</ele></trkpt>
<trkpt lat="36.429180385185184" lon="-94.12361213611219"><ele>361.6637925925926</ele></trkpt>
<trkpt lat="36.429139173717424" lon="-94.1235891737328"><ele>361.58662057613174</ele></trkpt>
<trkpt lat="36.42907857207134" lon="-94.12355915652243"><ele>361.45637640603564</ele></trkpt>
<trkpt lat="36.42905255286695" lon="-94.12354441823754"><ele>361.5055972565158</ele></trkpt>
<trkpt lat="36.42896371088392" lon="-94.12349066163048"><ele>361.76023555384086</ele></trkpt>
<trkpt lat="36.428945386766976" lon="-94.12348054974963"><ele>361.7292406121399</ele></trkpt>
<trkpt lat="36.42889369855967" lon="-94.1234531085082"><ele>361.2660547410837</ele></trkpt>
<trkpt lat="36.42877752604167" lon="-94.12338851543048"><ele>360.1434027777778</ele></trkpt>
<trkpt lat="36.4287077170139" lon="-94.12334932273708"><ele>359.5050636574074</ele></trkpt>
<trkpt lat="36.42864356599367" lon="-94.12331324725017"><ele>358.97271840706446</ele></trkpt>
<trkpt lat="36.42858866941016" lon="-94.12328230100383"><ele>358.5932184499314</ele></trkpt>
<trkpt lat="36.4285422170782" lon="-94.12325585609503"><ele>358.343560313786</ele></trkpt>
<trkpt lat="36.42850508744856" lon="-94.12323413308141"><ele>358.18776256001365</ele></trkpt>
<trkpt lat="36.428460781893" lon="-94.12320656377456"><ele>358.0617283950617</ele></trkpt>
<trkpt lat="36.42844370370371" lon="-94.12319727022097"><ele>358.0385459533608</ele></trkpt>
<trkpt lat="36.42841995884774" lon="-94.12318692727817"><ele>358.0017832647462</ele></trkpt>
<trkpt lat="36.42829882716049" lon="-94.12313999998712"><ele>357.73827160493823</ele></trkpt>
<trkpt lat="36.428235795610426" lon="-94.12311807267525"><ele>357.5524691358025</ele></trkpt>
<trkpt lat="36.42819187242799" lon="-94.1231046090199"><ele>357.45864197530864</ele></trkpt>
<trkpt lat="36.42814366941015" lon="-94.1230906241098"><ele>357.44670781893</ele></trkpt>
<trkpt lat="36.428096639231825" lon="-94.12307756513087"><ele>357.5779835390946</ele></trkpt>
<trkpt lat="36.42805430041152" lon="-94.12306617281935"><ele>357.8469135802469</ele></trkpt>
<trkpt lat="36.427986735253775" lon="-94.12304755828696"><ele>358.4919067215364</ele></trkpt>
<trkpt lat="36.427958045267495" lon="-94.12303843619945"><ele>358.7218106995885</ele></trkpt>
<trkpt lat="36.427926707818926" lon="-94.12302716046963"><ele>358.84382716049384</ele></trkpt>
<trkpt lat="36.42788858024692" lon="-94.12301236621774"><ele>358.8541152263375</ele></trkpt>
<trkpt lat="36.42779841563787" lon="-94.12297609649563"><ele>358.6806755829904</ele></trkpt>
<trkpt lat="36.42775563786009" lon="-94.12295837874021"><ele>358.6217935528121</ele></trkpt>
<trkpt lat="36.42771646347737" lon="-94.1229407844373"><ele>358.65172325102884</ele></trkpt>
<trkpt lat="36.42767868398491" lon="-94.1229214025769"><ele>358.80230624142666</ele></trkpt>
<trkpt lat="36.4276410579561" lon="-94.12290002054554"><ele>359.0820473251029</ele></trkpt>
<trkpt lat="36.4276046819273" lon="-94.12287882370407"><ele>359.47490569272975</ele></trkpt>
<trkpt lat="36.42757108539095" lon="-94.12286038835353"><ele>359.91687242798355</ele></trkpt>
<trkpt lat="36.42754007630316" lon="-94.1228453249138"><ele>360.3304441015089</ele></trkpt>
<trkpt lat="36.427509399005494" lon="-94.12283198986441"><ele>360.646407750343</ele></trkpt>
<trkpt lat="36.42747609053499" lon="-94.12281804524169"><ele>360.81707818930045</ele></trkpt>
<trkpt lat="36.427437736625514" lon="-94.12280160490114"><ele>360.7974622770919</ele></trkpt>
<trkpt lat="36.4273937654321" lon="-94.12278201641203"><ele>360.5673525377229</ele></trkpt>
<trkpt lat="36.42734695473252" lon="-94.12276039089407"><ele>360.18045267489714</ele></trkpt>
<trkpt lat="36.42726615226338" lon="-94.12272102191918"><ele>359.4538408779149</ele></trkpt>
<trkpt lat="36.427236954732514" lon="-94.12270578187383"><ele>359.301646090535</ele></trkpt>
<trkpt lat="36.42718205075447" lon="-94.12267664606617"><ele>359.37139917695475</ele></trkpt>
<trkpt lat="36.427121961591226" lon="-94.12264602878567"><ele>359.6155692729767</ele></trkpt>
<trkpt lat="36.427080390946514" lon="-94.12262578188549"><ele>359.6600823045268</ele></trkpt>
<trkpt lat="36.42706283950618" lon="-94.12261829903125"><ele>359.511316872428</ele></trkpt>
<trkpt lat="36.42701421810701" lon="-94.12259999998444"><ele>358.8304526748971</ele></trkpt>
<trkpt lat="36.42696067815502" lon="-94.12258154234324"><ele>358.02264231824415</ele></trkpt>
<trkpt lat="36.426917722157924" lon="-94.12256773158259"><ele>357.4334115655007</ele></trkpt>
<trkpt lat="36.426869745370375" lon="-94.12255379628051"><ele>356.9025462962963</ele></trkpt>
<trkpt lat="36.42683296296297" lon="-94.12254564522593"><ele>356.5301504629629</ele></trkpt>
<trkpt lat="36.42678194444444" lon="-94.12253600979473"><ele>356.0200810185185</ele></trkpt>
<trkpt lat="36.42672049479167" lon="-94.12252532981185"><ele>355.40824652777775</ele></trkpt>
<trkpt lat="36.426611731074246" lon="-94.12250746493146"><ele>354.34865504972566</ele></trkpt>
<trkpt lat="36.42655752829218" lon="-94.12249965180719"><ele>353.9338413065843</ele></trkpt>
<trkpt lat="36.426499944272976" lon="-94.12249117357369"><ele>353.79531249999997</ele></trkpt>
<trkpt lat="36.426453744855976" lon="-94.12248343618995"><ele>353.7430041152263</ele></trkpt>
<trkpt lat="36.42639888888889" lon="-94.1224735459234"><ele>353.75130315500684</ele></trkpt>
<trkpt lat="36.42634094650206" lon="-94.12246235936423"><ele>353.8645404663923</ele></trkpt>
<trkpt lat="36.42628547325102" lon="-94.12245117281026"><ele>354.0734567901235</ele></trkpt>
<trkpt lat="36.4262006919796" lon="-94.1224348863911"><ele>354.52389831961597</ele></trkpt>
<trkpt lat="36.42617334908693" lon="-94.12243090405738"><ele>354.6828575102881</ele></trkpt>
<trkpt lat="36.42611571705675" lon="-94.12242403493974"><ele>355.03934756515775</ele></trkpt>
<trkpt lat="36.42601038194445" lon="-94.1224095051694"><ele>355.7659722222223</ele></trkpt>
<trkpt lat="36.4259434056713" lon="-94.12240038190383"><ele>356.2971064814815</ele></trkpt>
<trkpt lat="36.42587243923612" lon="-94.12239149012278"><ele>356.95763888888894</ele></trkpt>
<trkpt lat="36.42579766203704" lon="-94.12238316257687"><ele>357.753587962963</ele></trkpt>
<trkpt lat="36.42571917534722" lon="-94.12237532982297"><ele>358.5944444444445</ele></trkpt>
<trkpt lat="36.425639285300925" lon="-94.12236805841411"><ele>359.2556712962963</ele></trkpt>
<trkpt lat="36.425560043402776" lon="-94.12236150459898"><ele>359.48246527777775</ele></trkpt>
<trkpt lat="36.42548119212963" lon="-94.12235564522697"><ele>359.1570023148148</ele></trkpt>
<trkpt lat="36.425403298611116" lon="-94.12235032983627"><ele>358.3977430555555</ele></trkpt>
<trkpt lat="36.42533101851851" lon="-94.12234557579009"><ele>357.46446759259254</ele></trkpt>
<trkpt lat="36.4252696090535" lon="-94.12234146764281"><ele>356.5821887860082</ele></trkpt>
<trkpt lat="36.425175945216054" lon="-94.12233435666586"><ele>355.18678626543203</ele></trkpt>
<trkpt lat="36.42513154963992" lon="-94.12233032052711"><ele>354.6042202503429</ele></trkpt>
<trkpt lat="36.42508220036008" lon="-94.12232546262801"><ele>354.07404621056236</ele></trkpt>
<trkpt lat="36.42502765432099" lon="-94.12231999998468"><ele>353.61646090534975</ele></trkpt>
<trkpt lat="36.424970330534975" lon="-94.12231455241336"><ele>353.2486886145404</ele></trkpt>
<trkpt lat="36.42491341860082" lon="-94.12230972854718"><ele>352.98089163237313</ele></trkpt>
<trkpt lat="36.42481001975308" lon="-94.12230203126089"><ele>352.6751083676269</ele></trkpt>
<trkpt lat="36.42476038320988" lon="-94.12229780178602"><ele>352.55857887517146</ele></trkpt>
<trkpt lat="36.424704157037034" lon="-94.12229201625516"><ele>352.41325925925923</ele></trkpt>
<trkpt lat="36.42463645629629" lon="-94.1222841703115"><ele>352.22251851851854</ele></trkpt>
<trkpt lat="36.42447916740741" lon="-94.12226457919299"><ele>351.7618518518519</ele></trkpt>
<trkpt lat="36.424404601481484" lon="-94.1222547717932"><ele>351.54659259259256</ele></trkpt>
<trkpt lat="36.42433529532408" lon="-94.12224513744461"><ele>351.35442708333335</ele></trkpt>
<trkpt lat="36.42426645300927" lon="-94.12223500688671"><ele>351.1738090277778</ele></trkpt>
<trkpt lat="36.424125038148155" lon="-94.1222131582818"><ele>350.84475000000003</ele></trkpt>
<trkpt lat="36.4240028732639" lon="-94.12219364580206"><ele>350.67340856481485</ele></trkpt>
<trkpt lat="36.423895295138905" lon="-94.12217635413423"><ele>350.614380787037</ele></trkpt>
<trkpt lat="36.42383518634261" lon="-94.12216709856833"><ele>350.5373905092593</ele></trkpt>
<trkpt lat="36.42376607407408" lon="-94.1221568416109"><ele>350.39844259259263</ele></trkpt>
<trkpt lat="36.4236133744213" lon="-94.12213499299341"><ele>350.03615162037033</ele></trkpt>
<trkpt lat="36.423540021412045" lon="-94.1221248624416"><ele>349.90124004629627</ele></trkpt>
<trkpt lat="36.4234678088889" lon="-94.12211522808784"><ele>349.8327259259259</ele></trkpt>
<trkpt lat="36.423391786666684" lon="-94.12210542067382"><ele>349.82491851851853</ele></trkpt>
<trkpt lat="36.423234777777786" lon="-94.12208582957112"><ele>349.88758518518523</ele></trkpt>
<trkpt lat="36.42316905333334" lon="-94.12207798366332"><ele>349.8993925925926</ele></trkpt>
<trkpt lat="36.42311716969908" lon="-94.12207222935153"><ele>349.8694761574074</ele></trkpt>
<trkpt lat="36.42307513113427" lon="-94.12206814200088"><ele>349.79297106481476</ele></trkpt>
<trkpt lat="36.42295076222223" lon="-94.12205852369118"><ele>349.41446666666667</ele></trkpt>
<trkpt lat="36.42277555914353" lon="-94.12204569453777"><ele>349.00940393518516</ele></trkpt>
<trkpt lat="36.42271182446759" lon="-94.12204114291401"><ele>348.8365043981481</ele></trkpt>
<trkpt lat="36.422563502222225" lon="-94.12203094958805"><ele>348.30463703703697</ele></trkpt>
<trkpt lat="36.42239306222223" lon="-94.12201936292419"><ele>347.60161481481487</ele></trkpt>
<trkpt lat="36.42232423111112" lon="-94.12201446812156"><ele>347.3095851851852</ele></trkpt>
<trkpt lat="36.422242755439825" lon="-94.12200754941355"><ele>346.9567488425926</ele></trkpt>
<trkpt lat="36.422191726481486" lon="-94.12200185406718"><ele>346.7688259259259</ele></trkpt>
<trkpt lat="36.42215550761575" lon="-94.12199848311342"><ele>346.68476342592595</ele></trkpt>
<trkpt lat="36.42197763020834" lon="-94.12198435472312"><ele>346.4105613425926</ele></trkpt>
<trkpt lat="36.421860475823046" lon="-94.12197309325956"><ele>346.26234567901236</ele></trkpt>
<trkpt lat="36.42181016685957" lon="-94.12197140206075"><ele>346.21059027777784</ele></trkpt>
<trkpt lat="36.42176692772634" lon="-94.12197925112051"><ele>346.1808063271605</ele></trkpt>
<trkpt lat="36.42173378986626" lon="-94.12200149736172"><ele>346.17791280864196</ele></trkpt>
<trkpt lat="36.4217122810571" lon="-94.12203753892565"><ele>346.19409722222224</ele></trkpt>
<trkpt lat="36.421699547325105" lon="-94.12208346538607"><ele>346.204475308642</ele></trkpt>
<trkpt lat="36.42169168049126" lon="-94.12213615303499"><ele>346.1808063271605</ele></trkpt>
<trkpt lat="36.421685581597224" lon="-94.12219578416577"><ele>346.11556712962965</ele></trkpt>
<trkpt lat="36.42168" lon="-94.1222613194679"><ele>346.04288194444445</ele></trkpt>
<trkpt lat="36.42167441840278" lon="-94.12232910013988"><ele>346.0431712962963</ele></trkpt>
<trkpt lat="36.421668429248115" lon="-94.12239621583943"><ele>346.21679098079557</ele></trkpt>
<trkpt lat="36.42166165980796" lon="-94.12246357170275"><ele>346.6259430727023</ele></trkpt>
<trkpt lat="36.42165397408693" lon="-94.12253493798245"><ele>347.2611947016461</ele></trkpt>
<trkpt lat="36.42164584801527" lon="-94.1226114111052"><ele>348.0412315672154</ele></trkpt>
<trkpt lat="36.421637988147296" lon="-94.12269158407014"><ele>348.8702653463649</ele></trkpt>
<trkpt lat="36.42163117283952" lon="-94.12277109055877"><ele>349.648353909465</ele></trkpt>
<trkpt lat="36.42162593278464" lon="-94.122845761333"><ele>350.2923182441701</ele></trkpt>
<trkpt lat="36.42162266803841" lon="-94.12291222223035"><ele>350.74368998628256</ele></trkpt>
<trkpt lat="36.421621563786005" lon="-94.12296991769675"><ele>351.0061728395061</ele></trkpt>
<trkpt lat="36.421622654320984" lon="-94.12302046638824"><ele>351.1369684499314</ele></trkpt>
<trkpt lat="36.421625781893006" lon="-94.12306601508128"><ele>351.20480109739367</ele></trkpt>
<trkpt lat="36.421630390946504" lon="-94.12310804525774"><ele>351.2578189300412</ele></trkpt>
<trkpt lat="36.421640651577505" lon="-94.12318443757731"><ele>351.41028806584364</ele></trkpt>
<trkpt lat="36.421645781893005" lon="-94.12322078188365"><ele>351.5430041152263</ele></trkpt>
<trkpt lat="36.421652009602205" lon="-94.12325816871075"><ele>351.73566529492456</ele></trkpt>
<trkpt lat="36.42166027434844" lon="-94.12329796294372"><ele>351.9968449931412</ele></trkpt>
<trkpt lat="36.42167039094651" lon="-94.12333960903115"><ele>352.31172839506166</ele></trkpt>
<trkpt lat="36.42169989969136" lon="-94.12345158692335"><ele>353.23984053497946</ele></trkpt>
<trkpt lat="36.42171294581619" lon="-94.12349796638895"><ele>353.6795267489712</ele></trkpt>
<trkpt lat="36.42171673010974" lon="-94.12351669581484"><ele>353.86366598079564</ele></trkpt>
<trkpt lat="36.42171852109053" lon="-94.12353800668743"><ele>354.0482767489712</ele></trkpt>
<trkpt lat="36.42171846965021" lon="-94.12356444358906"><ele>354.24748799725654</ele></trkpt>
<trkpt lat="36.4217168287037" lon="-94.12359632802237"><ele>354.46475480109746</ele></trkpt>
<trkpt lat="36.42171343621399" lon="-94.12363312758063"><ele>354.68827160493834</ele></trkpt>
<trkpt lat="36.42170785322359" lon="-94.12367404665382"><ele>354.8935528120714</ele></trkpt>
<trkpt lat="36.42169986282578" lon="-94.12371774350463"><ele>355.05747599451314</ele></trkpt>
<trkpt lat="36.42169039094651" lon="-94.12376069961012"><ele>355.172633744856</ele></trkpt>
<trkpt lat="36.421668571887864" lon="-94.123847335719"><ele>355.35421489197523</ele></trkpt>
<trkpt lat="36.421654419795956" lon="-94.12389111230769"><ele>355.439039994856</ele></trkpt>
<trkpt lat="36.421608125" lon="-94.12402620381113"><ele>355.5544849537037</ele></trkpt>
<trkpt lat="36.42155821180555" lon="-94.12417539654199"><ele>355.6333043981482</ele></trkpt>
<trkpt lat="36.421509327592595" lon="-94.12432198473878"><ele>355.65814814814814</ele></trkpt>
<trkpt lat="36.421463017592586" lon="-94.12446035477431"><ele>355.6202696759259</ele></trkpt>
<trkpt lat="36.42140680444445" lon="-94.12462606699992"><ele>355.53798518518516</ele></trkpt>
<trkpt lat="36.42132398666668" lon="-94.12486753386668"><ele>355.4118222222222</ele></trkpt>
<trkpt lat="36.42127772888889" lon="-94.12500145384591"><ele>355.36703703703705</ele></trkpt>
<trkpt lat="36.421233560000005" lon="-94.12512802267277"><ele>355.3744296296296</ele></trkpt>
<trkpt lat="36.42119156592593" lon="-94.1252463722707"><ele>355.46031111111114</ele></trkpt>
<trkpt lat="36.42114941185186" lon="-94.12536310413032"><ele>355.62933333333336</ele></trkpt>
<trkpt lat="36.42110685777778" lon="-94.12547959597318"><ele>355.8550666666667</ele></trkpt>
<trkpt lat="36.42103609925926" lon="-94.12567223874494"><ele>356.2878666666667</ele></trkpt>
<trkpt lat="36.42100260592593" lon="-94.12576348745682"><ele>356.52468148148154</ele></trkpt>
<trkpt lat="36.42098614370369" lon="-94.12580307412186"><ele>356.615925925926</ele></trkpt>
<trkpt lat="36.420971749629636" lon="-94.12583151714934"><ele>356.61660740740746</ele></trkpt>
<trkpt lat="36.42090991111112" lon="-94.12594702995584"><ele>356.5015407407407</ele></trkpt>
<trkpt lat="36.420775875555556" lon="-94.12619446839764"><ele>356.2053037037037</ele></trkpt>
<trkpt lat="36.42071378875172" lon="-94.12631039681725"><ele>356.1200411522634</ele></trkpt>
<trkpt lat="36.4206886016461" lon="-94.1263585655114"><ele>356.11679506172845</ele></trkpt>
<trkpt lat="36.420667271845" lon="-94.12640077495026"><ele>356.14007242798357</ele></trkpt>
<trkpt lat="36.420651356550074" lon="-94.12643439797093"><ele>356.19617942386833</ele></trkpt>
<trkpt lat="36.420624296017664" lon="-94.12650054946315"><ele>356.51093428497944</ele></trkpt>
<trkpt lat="36.42059669849537" lon="-94.12656703131906"><ele>356.68272569444446</ele></trkpt>
<trkpt lat="36.42057535011575" lon="-94.1266205383009"><ele>356.7435474537037</ele></trkpt>
<trkpt lat="36.420525870949085" lon="-94.12674763031185"><ele>356.8442418981481</ele></trkpt>
<trkpt lat="36.420479918659986" lon="-94.12686812178964"><ele>356.9842003172153</ele></trkpt>
<trkpt lat="36.42046694787379" lon="-94.1269070910651"><ele>357.1597993827161</ele></trkpt>
<trkpt lat="36.42043177640604" lon="-94.12703217424095"><ele>357.941426611797</ele></trkpt>
<trkpt lat="36.42042017832648" lon="-94.12707231140634"><ele>358.1548696844993</ele></trkpt>
<trkpt lat="36.420410000000004" lon="-94.12710695475003"><ele>358.2405349794239</ele></trkpt>
<trkpt lat="36.420399821673534" lon="-94.12714437588195"><ele>358.17469135802475</ele></trkpt>
<trkpt lat="36.42038822359397" lon="-94.12719284640208"><ele>357.9619341563786</ele></trkpt>
<trkpt lat="36.42037539094651" lon="-94.12725273666929"><ele>357.6578189300411</ele></trkpt>
<trkpt lat="36.42036312757202" lon="-94.12731630319274"><ele>357.3635802469135</ele></trkpt>
<trkpt lat="36.42035333333333" lon="-94.12737431415309"><ele>357.17181069958843</ele></trkpt>
<trkpt lat="36.420346563786005" lon="-94.1274213991893"><ele>357.104732510288</ele></trkpt>
<trkpt lat="36.420338209876554" lon="-94.12748220850878"><ele>357.13285322359394</ele></trkpt>
<trkpt lat="36.420329170096025" lon="-94.1275308779264"><ele>357.088683127572</ele></trkpt>
<trkpt lat="36.420322640603565" lon="-94.12757019206309"><ele>357.0261316872428</ele></trkpt>
<trkpt lat="36.42030731138546" lon="-94.12767020578059"><ele>356.8731138545953</ele></trkpt>
<trkpt lat="36.420300706447186" lon="-94.12771039095806"><ele>356.80733882030177</ele></trkpt>
<trkpt lat="36.42029108367627" lon="-94.12775788066314"><ele>356.7264746227709</ele></trkpt>
<trkpt lat="36.42027857338821" lon="-94.12780462964467"><ele>356.70185185185187</ele></trkpt>
<trkpt lat="36.42025742969822" lon="-94.12787327162584"><ele>356.6997685185185</ele></trkpt>
<trkpt lat="36.42024487482853" lon="-94.12790938273638"><ele>356.69745370370373</ele></trkpt>
<trkpt lat="36.420230630144026" lon="-94.12794510033058"><ele>356.68958333333336</ele></trkpt>
<trkpt lat="36.42021360682441" lon="-94.12798161782439"><ele>356.6731481481482</ele></trkpt>
<trkpt lat="36.420193821159124" lon="-94.12801923871199"><ele>356.65092592592595</ele></trkpt>
<trkpt lat="36.420172685185186" lon="-94.1280565509541"><ele>356.6370370370371</ele></trkpt>
<trkpt lat="36.4201338117284" lon="-94.12812283695321"><ele>356.7141718106996</ele></trkpt>
<trkpt lat="36.42010233967764" lon="-94.12817599281601"><ele>357.0195816186557</ele></trkpt>
<trkpt lat="36.42006921810699" lon="-94.12823000002493"><ele>357.54609053497944</ele></trkpt>
<trkpt lat="36.42005074245542" lon="-94.1282577443658"><ele>357.8195044581619</ele></trkpt>
<trkpt lat="36.42003098593965" lon="-94.12828426185435"><ele>358.02031035665294</ele></trkpt>
<trkpt lat="36.42000888374486" lon="-94.12831061730962"><ele>358.08554526748975</ele></trkpt>
<trkpt lat="36.41998329903978" lon="-94.12833933902374"><ele>357.9614283264746</ele></trkpt>
<trkpt lat="36.419954859396434" lon="-94.12837115487139"><ele>357.6434842249657</ele></trkpt>
<trkpt lat="36.41992638888889" lon="-94.12840361114405"><ele>357.1872685185185</ele></trkpt>
<trkpt lat="36.4198674537037" lon="-94.12847226338447"><ele>355.9811728395062</ele></trkpt>
<trkpt lat="36.41983832304527" lon="-94.12850749745107"><ele>355.4560871056242</ele></trkpt>
<trkpt lat="36.41979761059671" lon="-94.12855930301265"><ele>354.83244170096026</ele></trkpt>
<trkpt lat="36.4197571930727" lon="-94.1286145010512"><ele>354.3641289437586</ele></trkpt>
<trkpt lat="36.419717803497946" lon="-94.12867169584025"><ele>354.0836076817559</ele></trkpt>
<trkpt lat="36.419698270747595" lon="-94.1287015715278"><ele>353.9836762688615</ele></trkpt>
<trkpt lat="36.41967941443759" lon="-94.1287322865499"><ele>353.9113854595336</ele></trkpt>
<trkpt lat="36.41964742112483" lon="-94.12878949933287"><ele>353.8432098765432</ele></trkpt>
<trkpt lat="36.4196303909465" lon="-94.12882578189992"><ele>353.85390946502054</ele></trkpt>
<trkpt lat="36.419585480109745" lon="-94.12894917700162"><ele>353.9117969821673</ele></trkpt>
<trkpt lat="36.41954617283951" lon="-94.12906226343276"><ele>353.95390946502056</ele></trkpt>
<trkpt lat="36.41951247599452" lon="-94.12916228398109"><ele>354.0144718792867</ele></trkpt>
<trkpt lat="36.419486213991775" lon="-94.12923635805694"><ele>354.0457475994513</ele></trkpt>
<trkpt lat="36.419469547325114" lon="-94.12927989716847"><ele>354.0297668038409</ele></trkpt>
<trkpt lat="36.41941100823046" lon="-94.12942866944631"><ele>353.8911522633745</ele></trkpt>
<trkpt lat="36.41938163237312" lon="-94.12950074762256"><ele>353.74211248285326</ele></trkpt>
<trkpt lat="36.41935" lon="-94.12956960908308"><ele>353.42654320987657</ele></trkpt>
<trkpt lat="36.419318518518516" lon="-94.12963579563119"><ele>352.97537722908095</ele></trkpt>
<trkpt lat="36.4192914951989" lon="-94.12969416325798"><ele>352.39218106995884</ele></trkpt>
<trkpt lat="36.41926078189301" lon="-94.12975804529442"><ele>351.56954732510286</ele></trkpt>
<trkpt lat="36.41923414523321" lon="-94.12981160720379"><ele>350.846978952332</ele></trkpt>
<trkpt lat="36.41921257287381" lon="-94.12985311819138"><ele>350.3841649519891</ele></trkpt>
<trkpt lat="36.41916298611112" lon="-94.12994493941906"><ele>349.5111979166667</ele></trkpt>
<trkpt lat="36.41903712534294" lon="-94.13017718369312"><ele>347.3180984224966</ele></trkpt>
<trkpt lat="36.41901106267148" lon="-94.13022306137061"><ele>346.89359782235937</ele></trkpt>
<trkpt lat="36.41894081447188" lon="-94.13033909732286"><ele>345.91616083676274</ele></trkpt>
<trkpt lat="36.41890826603224" lon="-94.13039505704799"><ele>345.49853180727024</ele></trkpt>
<trkpt lat="36.41887119212963" lon="-94.13046084220116"><ele>345.04322916666666</ele></trkpt>
<trkpt lat="36.41883131944444" lon="-94.13053302103624"><ele>344.56484374999997</ele></trkpt>
<trkpt lat="36.418763855881345" lon="-94.13065676718574"><ele>343.7379768947188</ele></trkpt>
<trkpt lat="36.41872906764403" lon="-94.13072118668924"><ele>343.2398855452675</ele></trkpt>
<trkpt lat="36.418696733967764" lon="-94.13077792624487"><ele>342.8034229252401</ele></trkpt>
<trkpt lat="36.41865320301784" lon="-94.13085087109597"><ele>342.32222222222225</ele></trkpt>
<trkpt lat="36.4186196090535" lon="-94.13090617286042"><ele>341.9695473251029</ele></trkpt>
<trkpt lat="36.41858334019205" lon="-94.13096882035764"><ele>341.7242112482853</ele></trkpt>
<trkpt lat="36.41852611796983" lon="-94.13107227718352"><ele>341.5161865569273</ele></trkpt>
<trkpt lat="36.418493882030184" lon="-94.13113181765114"><ele>341.4508916323731</ele></trkpt>
<trkpt lat="36.41843667352539" lon="-94.13123842255503"><ele>341.41550068587105</ele></trkpt>
<trkpt lat="36.41840117283951" lon="-94.13130421812764"><ele>341.45</ele></trkpt>
<trkpt lat="36.41838768175584" lon="-94.131331344331"><ele>341.47174211248284</ele></trkpt>
<trkpt lat="36.418372338820305" lon="-94.13136556930962"><ele>341.489780521262</ele></trkpt>
<trkpt lat="36.418354218107" lon="-94.13140930045853"><ele>341.5078189300412</ele></trkpt>
<trkpt lat="36.418335075445825" lon="-94.13145888893614"><ele>341.53676268861454</ele></trkpt>
<trkpt lat="36.418317290809334" lon="-94.13150890950445"><ele>341.5860768175583</ele></trkpt>
<trkpt lat="36.41830234567902" lon="-94.13155491772451"><ele>341.6539094650206</ele></trkpt>
<trkpt lat="36.418275301783275" lon="-94.1316475068644"><ele>341.8405178326475</ele></trkpt>
<trkpt lat="36.41826390260631" lon="-94.1316820884849"><ele>341.89751371742113</ele></trkpt>
<trkpt lat="36.418244224965704" lon="-94.13173581107108"><ele>341.95745027434845</ele></trkpt>
<trkpt lat="36.418217105624144" lon="-94.13181285325109"><ele>342.0557613168724</ele></trkpt>
<trkpt lat="36.418191707818934" lon="-94.13189210564656"><ele>342.20754458161866</ele></trkpt>
<trkpt lat="36.4181646090535" lon="-94.13197578194175"><ele>342.35</ele></trkpt>
<trkpt lat="36.41813536351165" lon="-94.13206412896953"><ele>342.4886831275721</ele></trkpt>
<trkpt lat="36.41811462962963" lon="-94.13212984913702"><ele>342.53189300411526</ele></trkpt>
<trkpt lat="36.418068650548705" lon="-94.13228420615097"><ele>342.3981310013717</ele></trkpt>
<trkpt lat="36.41805503257888" lon="-94.13232795441724"><ele>342.3745027434842</ele></trkpt>
<trkpt lat="36.41804446159122" lon="-94.13235921469192"><ele>342.39386145404666</ele></trkpt>
<trkpt lat="36.41801283093279" lon="-94.1324434550963"><ele>342.5593449931413</ele></trkpt>
<trkpt lat="36.41796945816186" lon="-94.13256329907036"><ele>342.4615912208505</ele></trkpt>
<trkpt lat="36.417941563786016" lon="-94.13264069960965"><ele>342.51954732510285</ele></trkpt>
<trkpt lat="36.417921803840876" lon="-94.13269561729308"><ele>342.6750342935528</ele></trkpt>
<trkpt lat="36.41790689300412" lon="-94.13273564473009"><ele>342.70617283950617</ele></trkpt>
<trkpt lat="36.41789689300412" lon="-94.1327607133239"><ele>342.6456790123457</ele></trkpt>
<trkpt lat="36.41785987654322" lon="-94.13285081620265"><ele>342.39005486968455</ele></trkpt>
<trkpt lat="36.41783483539095" lon="-94.13291109056942"><ele>342.3630315500686</ele></trkpt>
<trkpt lat="36.41779578189301" lon="-94.13300382722454"><ele>342.35781893004116</ele></trkpt>
<trkpt lat="36.4177757133059" lon="-94.13305245546975"><ele>342.3648148148148</ele></trkpt>
<trkpt lat="36.41774068587105" lon="-94.13314271607057"><ele>342.4530864197531</ele></trkpt>
<trkpt lat="36.41772721536351" lon="-94.13317312760695"><ele>342.42181069958843</ele></trkpt>
<trkpt lat="36.417676783264746" lon="-94.1332796227921"><ele>342.2262688614541</ele></trkpt>
<trkpt lat="36.417652757201644" lon="-94.13333748286344"><ele>342.35637860082306</ele></trkpt>
<trkpt lat="36.4176419478738" lon="-94.13336041154629"><ele>342.3735939643347</ele></trkpt>
<trkpt lat="36.41762545953361" lon="-94.13339216053512"><ele>342.3323731138546</ele></trkpt>
<trkpt lat="36.417581829561044" lon="-94.13347326136335"><ele>342.15360939643347</ele></trkpt>
<trkpt lat="36.417562141632374" lon="-94.13351140949689"><ele>342.0917609739369</ele></trkpt>
<trkpt lat="36.41754687728395" lon="-94.13354319787854"><ele>342.07158230452677</ele></trkpt>
<trkpt lat="36.41751652407408" lon="-94.13361115930645"><ele>342.08263888888894</ele></trkpt>
<trkpt lat="36.41750105814815" lon="-94.13364042307718"><ele>342.05969444444446</ele></trkpt>
<trkpt lat="36.4174368488889" lon="-94.13375351144126"><ele>341.9390666666667</ele></trkpt>
<trkpt lat="36.41734315111112" lon="-94.13391555144032"><ele>341.75155555555557</ele></trkpt>
<trkpt lat="36.41730484444446" lon="-94.13398099577456"><ele>341.66373333333337</ele></trkpt>
<trkpt lat="36.417278967572024" lon="-94.13402405004364"><ele>341.586209053498</ele></trkpt>
<trkpt lat="36.41726351193416" lon="-94.13404794929168"><ele>341.51395884773666</ele></trkpt>
<trkpt lat="36.41723937223595" lon="-94.13408050812322"><ele>341.3814792866941</ele></trkpt>
<trkpt lat="36.417219785953364" lon="-94.13410854792446"><ele>341.3348153635117</ele></trkpt>
<trkpt lat="36.41714707733196" lon="-94.13421838823515"><ele>341.24633058984915</ele></trkpt>
<trkpt lat="36.417130793895744" lon="-94.13424208506333"><ele>341.2163923182442</ele></trkpt>
<trkpt lat="36.417104600480116" lon="-94.13427513032586"><ele>341.2394375857339</ele></trkpt>
<trkpt lat="36.41707081361455" lon="-94.13431500688456"><ele>341.44941700960226</ele></trkpt>
<trkpt lat="36.41702793552812" lon="-94.13436886148318"><ele>341.78998628257887</ele></trkpt>
<trkpt lat="36.41698921810699" lon="-94.13441960907448"><ele>342.11872427983536</ele></trkpt>
<trkpt lat="36.41696968374914" lon="-94.13444324473092"><ele>342.228567601166</ele></trkpt>
<trkpt lat="36.41694684017061" lon="-94.1344678574367"><ele>342.28101316015085</ele></trkpt>
<trkpt lat="36.4169203430427" lon="-94.13449390147113"><ele>342.27933063271604</ele></trkpt>
<trkpt lat="36.41681755787038" lon="-94.13459015057514"><ele>342.12196180555554</ele></trkpt>
<trkpt lat="36.41677318576389" lon="-94.13463280395608"><ele>342.0598958333333</ele></trkpt>
<trkpt lat="36.41672572627315" lon="-94.13468022874058"><ele>342.01467013888885</ele></trkpt>
<trkpt lat="36.416676999421306" lon="-94.1347319851249"><ele>342.00474537037036</ele></trkpt>
<trkpt lat="36.41662696180555" lon="-94.13478882832008"><ele>342.03822337962964</ele></trkpt>
<trkpt lat="36.416575989583336" lon="-94.13484950541182"><ele>342.1032986111111</ele></trkpt>
<trkpt lat="36.41648163108711" lon="-94.13496394432923"><ele>342.22553690843625</ele></trkpt>
<trkpt lat="36.416440669581625" lon="-94.13501281904232"><ele>342.25097736625514</ele></trkpt>
<trkpt lat="36.416360290423526" lon="-94.13510653334299"><ele>342.31391568072695</ele></trkpt>
<trkpt lat="36.41627812757202" lon="-94.13520148156918"><ele>342.56563786008223</ele></trkpt>
<trkpt lat="36.41618656378601" lon="-94.13530726340379"><ele>343.00699588477363</ele></trkpt>
<trkpt lat="36.41616386831275" lon="-94.13533187931272"><ele>343.0588477366255</ele></trkpt>
<trkpt lat="36.41613950617284" lon="-94.13535631004588"><ele>343.0421810699589</ele></trkpt>
<trkpt lat="36.41611069958847" lon="-94.13538351856415"><ele>342.9569958847737</ele></trkpt>
<trkpt lat="36.41603550068587" lon="-94.1354530453539"><ele>342.6288065843621</ele></trkpt>
<trkpt lat="36.415992345679015" lon="-94.13549382725196"><ele>342.45082304526744</ele></trkpt>
<trkpt lat="36.415952421124835" lon="-94.13553301104758"><ele>342.34382716049384</ele></trkpt>
<trkpt lat="36.415920891632375" lon="-94.13556620717843"><ele>342.36460905349793</ele></trkpt>
<trkpt lat="36.415898127572014" lon="-94.13559304529332"><ele>342.5242798353909</ele></trkpt>
<trkpt lat="36.41586010288066" lon="-94.1356432510593"><ele>343.10432098765426</ele></trkpt>
<trkpt lat="36.415836090534974" lon="-94.1356739095093"><ele>343.43045267489714</ele></trkpt>
<trkpt lat="36.415806735253774" lon="-94.13570992461507"><ele>343.7302469135803</ele></trkpt>
<trkpt lat="36.415772626886145" lon="-94.13575063107685"><ele>343.97818930041154</ele></trkpt>
<trkpt lat="36.41573617283951" lon="-94.1357934362925"><ele>344.1687242798354</ele></trkpt>
<trkpt lat="36.41567190811471" lon="-94.13586846926637"><ele>344.42894054355276</ele></trkpt>
<trkpt lat="36.41562614197531" lon="-94.13592290642302"><ele>344.5456447187928</ele></trkpt>
<trkpt lat="36.41560071759259" lon="-94.13595375650706"><ele>344.5045546124829</ele></trkpt>
<trkpt lat="36.415528515625006" lon="-94.13604263903338"><ele>344.19505208333334</ele></trkpt>
<trkpt lat="36.415486588541675" lon="-94.13609589134978"><ele>344.00199652777775</ele></trkpt>
<trkpt lat="36.41544596643519" lon="-94.13615003196475"><ele>343.84930555555553</ele></trkpt>
<trkpt lat="36.41540765335648" lon="-94.13620445904183"><ele>343.75564236111114</ele></trkpt>
<trkpt lat="36.415371154513885" lon="-94.1362591754714"><ele>343.7049479166667</ele></trkpt>
<trkpt lat="36.41530425668725" lon="-94.136362893186"><ele>343.59387645747603</ele></trkpt>
<trkpt lat="36.415273528806594" lon="-94.13641068595676"><ele>343.4811556927297</ele></trkpt>
<trkpt lat="36.415191602259085" lon="-94.13653701896591"><ele>343.05427061899866</ele></trkpt>
<trkpt lat="36.415114609053504" lon="-94.13665539097909"><ele>342.672633744856</ele></trkpt>
<trkpt lat="36.41507458194016" lon="-94.13671660025005"><ele>342.32631065672155</ele></trkpt>
<trkpt lat="36.41505671392748" lon="-94.1367448032696"><ele>342.11609760802475</ele></trkpt>
<trkpt lat="36.415039161522635" lon="-94.13677645837826"><ele>341.9001800411523</ele></trkpt>
<trkpt lat="36.41501986625514" lon="-94.13681817538654"><ele>341.6886181069959</ele></trkpt>
<trkpt lat="36.414997049074074" lon="-94.13687448067338"><ele>341.4790111111111</ele></trkpt>
<trkpt lat="36.41497122048611" lon="-94.13694254597971"><ele>341.2741854166666</ele></trkpt>
<trkpt lat="36.41491685474537" lon="-94.13708916545379"><ele>340.92767430555557</ele></trkpt>
<trkpt lat="36.41488801185185" lon="-94.13716607725341"><ele>340.802</ele></trkpt>
<trkpt lat="36.41485573037038" lon="-94.13725120322988"><ele>340.6992888888889</ele></trkpt>
<trkpt lat="36.41478677037038" lon="-94.13743160765334"><ele>340.5476</ele></trkpt>
<trkpt lat="36.41473717607683" lon="-94.13756044322274"><ele>340.53978930041154</ele></trkpt>
<trkpt lat="36.4147211314129" lon="-94.13760142803481"><ele>340.6135637860082</ele></trkpt>
<trkpt lat="36.41468856345679" lon="-94.13768107253644"><ele>340.83918573388206</ele></trkpt>
<trkpt lat="36.41466617004115" lon="-94.13773399244917"><ele>340.9290677640604</ele></trkpt>
<trkpt lat="36.41461495198904" lon="-94.1378551303891"><ele>341.02071330589854</ele></trkpt>
<trkpt lat="36.414575" lon="-94.13795265435742"><ele>341.1156378600823</ele></trkpt>
<trkpt lat="36.414556762688626" lon="-94.13799393694144"><ele>341.1932784636488</ele></trkpt>
<trkpt lat="36.41453482167353" lon="-94.13803775040056"><ele>341.29190672153635</ele></trkpt>
<trkpt lat="36.41450843621399" lon="-94.13808539101522"><ele>341.4078189300412</ele></trkpt>
<trkpt lat="36.41447993141289" lon="-94.13813344999738"><ele>341.53449931412894</ele></trkpt>
<trkpt lat="36.41445235253772" lon="-94.1381775583523"><ele>341.6630315500686</ele></trkpt>
<trkpt lat="36.41442773662551" lon="-94.13821530868087"><ele>341.7804526748971</ele></trkpt>
<trkpt lat="36.41437566502058" lon="-94.13829338916695"><ele>341.9598271604939</ele></trkpt>
<trkpt lat="36.41433577969822" lon="-94.13834942519837"><ele>342.12606584362135</ele></trkpt>
<trkpt lat="36.414297445925925" lon="-94.13840026256076"><ele>342.36447407407405</ele></trkpt>
<trkpt lat="36.41417508444445" lon="-94.13855974724149"><ele>343.2016888888889</ele></trkpt>
<trkpt lat="36.41405335703705" lon="-94.13871732922351"><ele>344.05158518518516</ele></trkpt>
<trkpt lat="36.41399340932785" lon="-94.13879363326757"><ele>344.4580905349794</ele></trkpt>
<trkpt lat="36.41396221058985" lon="-94.13883261704062"><ele>344.5936576131687</ele></trkpt>
<trkpt lat="36.41394063336077" lon="-94.13886088674276"><ele>344.64294979423875</ele></trkpt>
<trkpt lat="36.41388268861454" lon="-94.13893843627609"><ele>344.7172153635117</ele></trkpt>
<trkpt lat="36.4138534430727" lon="-94.13897740745776"><ele>344.7165294924555</ele></trkpt>
<trkpt lat="36.4138045627572" lon="-94.13904190728658"><ele>344.63106245713305</ele></trkpt>
<trkpt lat="36.413742795781886" lon="-94.13912371576987"><ele>344.49275548696846</ele></trkpt>
<trkpt lat="36.413713228523655" lon="-94.1391611963224"><ele>344.50531871570644</ele></trkpt>
<trkpt lat="36.41367311921296" lon="-94.1392108393052"><ele>344.5630497685185</ele></trkpt>
<trkpt lat="36.41357810185186" lon="-94.13932610839716"><ele>344.7491608796296</ele></trkpt>
<trkpt lat="36.41353962962963" lon="-94.13937128772658"><ele>344.8250289351852</ele></trkpt>
<trkpt lat="36.41351212962964" lon="-94.13940125005188"><ele>344.8685185185185</ele></trkpt>
<trkpt lat="36.41349146540639" lon="-94.13942026729724"><ele>344.8815854338134</ele></trkpt>
<trkpt lat="36.4134720453961" lon="-94.13943489991958"><ele>344.8718224879973</ele></trkpt>
<trkpt lat="36.41340130229767" lon="-94.1394823645632"><ele>344.7775462962963</ele></trkpt>
<trkpt lat="36.41334252518432" lon="-94.13951999338539"><ele>344.6186471193416</ele></trkpt>
<trkpt lat="36.41331014842678" lon="-94.13953929937148"><ele>344.46062242798354</ele></trkpt>
<trkpt lat="36.41327666441615" lon="-94.13955782603662"><ele>344.2529835390947</ele></trkpt>
<trkpt lat="36.41324106138547" lon="-94.13957548357772"><ele>344.0174982853224</ele></trkpt>
<trkpt lat="36.41320079496742" lon="-94.13959283441181"><ele>343.77218471364887</ele></trkpt>
<trkpt lat="36.41315282986111" lon="-94.13961101858278"><ele>343.5182002314815</ele></trkpt>
<trkpt lat="36.41309752604167" lon="-94.13963032993558"><ele>343.2615451388889</ele></trkpt>
<trkpt lat="36.413038012152775" lon="-94.1396502026233"><ele>343.0245370370371</ele></trkpt>
<trkpt lat="36.412977013888884" lon="-94.13966999718392"><ele>342.8350115740741</ele></trkpt>
<trkpt lat="36.412914835069444" lon="-94.13968976570504"><ele>342.7043402777778</ele></trkpt>
<trkpt lat="36.41285247395833" lon="-94.13970950528686"><ele>342.62473958333334</ele></trkpt>
<trkpt lat="36.41279432291667" lon="-94.13972840284418"><ele>342.58723958333337</ele></trkpt>
<trkpt lat="36.412745181541496" lon="-94.13974565334019"><ele>342.5909368569959</ele></trkpt>
<trkpt lat="36.412705799039784" lon="-94.13976147637146"><ele>342.6354423868313</ele></trkpt>
<trkpt lat="36.412671311406896" lon="-94.13977737367992"><ele>342.70704089506177</ele></trkpt>
<trkpt lat="36.41259548321759" lon="-94.13981385174428"><ele>342.822593021262</ele></trkpt>
<trkpt lat="36.412514945843625" lon="-94.13985094658929"><ele>342.82540137174215</ele></trkpt>
<trkpt lat="36.41246780609054" lon="-94.13987419244816"><ele>342.8013761316872</ele></trkpt>
<trkpt lat="36.41238174962964" lon="-94.13992663282109"><ele>342.74731851851857</ele></trkpt>
<trkpt lat="36.412144045925935" lon="-94.1400701589139"><ele>342.59330370370367</ele></trkpt>
<trkpt lat="36.412060949629634" lon="-94.14012103293157"><ele>342.5446518518518</ele></trkpt>
<trkpt lat="36.41198458518519" lon="-94.14016876030176"><ele>342.50648888888884</ele></trkpt>
<trkpt lat="36.41191061481482" lon="-94.14021604918666"><ele>342.4768</ele></trkpt>
<trkpt lat="36.41176563703705" lon="-94.14031020025888"><ele>342.43257777777774</ele></trkpt>
<trkpt lat="36.41170147407408" lon="-94.14035160465072"><ele>342.4176</ele></trkpt>
<trkpt lat="36.41164370231482" lon="-94.1403881816025"><ele>342.4080148148148</ele></trkpt>
<trkpt lat="36.41147595462963" lon="-94.14049155216385"><ele>342.40016296296295</ele></trkpt>
<trkpt lat="36.411424795555554" lon="-94.14052409047288"><ele>342.4000444444444</ele></trkpt>
<trkpt lat="36.411379490925924" lon="-94.14055436434424"><ele>342.4003259259259</ele></trkpt>
<trkpt lat="36.41133873138889" lon="-94.14058313438625"><ele>342.4016888888889</ele></trkpt>
<trkpt lat="36.41130015509259" lon="-94.14061178504764"><ele>342.40592592592594</ele></trkpt>
<trkpt lat="36.41126020712963" lon="-94.14064290351307"><ele>342.4160296296296</ele></trkpt>
<trkpt lat="36.411214082962964" lon="-94.1406803453874"><ele>342.43514074074074</ele></trkpt>
<trkpt lat="36.411095928888884" lon="-94.14077940919401"><ele>342.5016888888889</ele></trkpt>
<trkpt lat="36.41098474962963" lon="-94.14087403425246"><ele>342.58091851851856</ele></trkpt>
<trkpt lat="36.41094909370371" lon="-94.14090489065107"><ele>342.62028333333336</ele></trkpt>
<trkpt lat="36.410894844074086" lon="-94.1409527257507"><ele>342.7256277777778</ele></trkpt>
<trkpt lat="36.41084649666667" lon="-94.14099132324408"><ele>342.66170555555556</ele></trkpt>
<trkpt lat="36.410760936296306" lon="-94.14106323435693"><ele>342.4778518518519</ele></trkpt>
<trkpt lat="36.41062906074075" lon="-94.14117551885614"><ele>342.2158962962963</ele></trkpt>
<trkpt lat="36.410497545185194" lon="-94.14128768031335"><ele>342.0034370370371</ele></trkpt>
<trkpt lat="36.41036194222223" lon="-94.14140322700979"><ele>341.8559111111111</ele></trkpt>
<trkpt lat="36.41024092296297" lon="-94.1415054579812"><ele>341.75277037037034</ele></trkpt>
<trkpt lat="36.41019745871057" lon="-94.14154115545753"><ele>341.7239758573388</ele></trkpt>
<trkpt lat="36.410162640877914" lon="-94.14156867963153"><ele>341.708134430727</ele></trkpt>
<trkpt lat="36.41007617551012" lon="-94.14163463297758"><ele>341.67307792352534</ele></trkpt>
<trkpt lat="36.41002852794926" lon="-94.1416736565874"><ele>341.6427297668038</ele></trkpt>
<trkpt lat="36.4099655295139" lon="-94.14172892660073"><ele>341.6657407407407</ele></trkpt>
<trkpt lat="36.409880807291664" lon="-94.14180412626335"><ele>341.72815393518516</ele></trkpt>
<trkpt lat="36.40980378182871" lon="-94.14187122113354"><ele>341.7268807870371</ele></trkpt>
<trkpt lat="36.40973133391205" lon="-94.14193305275546"><ele>341.6425925925927</ele></trkpt>
<trkpt lat="36.40963498842593" lon="-94.142017080638"><ele>341.52068865740745</ele></trkpt>
<trkpt lat="36.40951928530092" lon="-94.14211986708406"><ele>341.3915219907407</ele></trkpt>
<trkpt lat="36.40947289351852" lon="-94.14216159155328"><ele>341.34487847222226</ele></trkpt>
<trkpt lat="36.40939559027778" lon="-94.14223276913033"><ele>341.2893807870371</ele></trkpt>
<trkpt lat="36.409370871944446" lon="-94.14225469604892"><ele>341.270694212963</ele></trkpt>
<trkpt lat="36.40925727187501" lon="-94.14235196311255"><ele>341.2040347222222</ele></trkpt>
<trkpt lat="36.40920985562501" lon="-94.1423938583668"><ele>341.2396375</ele></trkpt>
<trkpt lat="36.40915419111112" lon="-94.14244470255464"><ele>341.34428148148146</ele></trkpt>
<trkpt lat="36.40908683111112" lon="-94.14250764045354"><ele>341.52340740740743</ele></trkpt>
<trkpt lat="36.40901076000001" lon="-94.14257949383737"><ele>341.7533777777778</ele></trkpt>
<trkpt lat="36.408873035555565" lon="-94.14271048030403"><ele>342.187837037037</ele></trkpt>
<trkpt lat="36.40882588603567" lon="-94.14275571024135"><ele>342.33171742112484</ele></trkpt>
<trkpt lat="36.40874226288752" lon="-94.14283651287283"><ele>342.5442451989027</ele></trkpt>
<trkpt lat="36.408709902263375" lon="-94.14286602109851"><ele>342.6030606995885</ele></trkpt>
<trkpt lat="36.408697025891634" lon="-94.14287926098126"><ele>342.6304355281207</ele></trkpt>
<trkpt lat="36.40868388717421" lon="-94.1428963588922"><ele>342.67115912208504</ele></trkpt>
<trkpt lat="36.408669745370375" lon="-94.14291932871741"><ele>342.7319444444444</ele></trkpt>
<trkpt lat="36.408655086591224" lon="-94.14294700704603"><ele>342.8096450617284</ele></trkpt>
<trkpt lat="36.40862569958849" lon="-94.14300916926089"><ele>342.9668981481482</ele></trkpt>
<trkpt lat="36.40859251371743" lon="-94.1430856379111"><ele>343.0200703017833</ele></trkpt>
<trkpt lat="36.408554039780526" lon="-94.14317984234863"><ele>342.9511659807956</ele></trkpt>
<trkpt lat="36.40850916666667" lon="-94.14329104193358"><ele>342.80625</ele></trkpt>
<trkpt lat="36.408389364711944" lon="-94.14358646669129"><ele>342.34706790123454</ele></trkpt>
<trkpt lat="36.40829643947188" lon="-94.14381474843536"><ele>341.9835905349794</ele></trkpt>
<trkpt lat="36.40822057423182" lon="-94.14399897636392"><ele>341.689523388203</ele></trkpt>
<trkpt lat="36.408142286769554" lon="-94.14418616948883"><ele>341.3941294238683</ele></trkpt>
<trkpt lat="36.408063807565156" lon="-94.1443716343038"><ele>341.131535733882</ele></trkpt>
<trkpt lat="36.40802845782408" lon="-94.14445376171793"><ele>341.04636712962963</ele></trkpt>
<trkpt lat="36.40799361828704" lon="-94.14453349651949"><ele>340.9906273148148</ele></trkpt>
<trkpt lat="36.407924271481484" lon="-94.1446894764696"><ele>340.9251425925926</ele></trkpt>
<trkpt lat="36.40789468594908" lon="-94.14475472247884"><ele>340.8998648148148</ele></trkpt>
<trkpt lat="36.407850494791674" lon="-94.14484967019189"><ele>340.8467013888889</ele></trkpt>
<trkpt lat="36.40783116319445" lon="-94.14489217598846"><ele>340.8132523148148</ele></trkpt>
<trkpt lat="36.40780954571759" lon="-94.1449428733592"><ele>340.7699652777778</ele></trkpt>
<trkpt lat="36.40778377025463" lon="-94.1450067912242"><ele>340.7133101851852</ele></trkpt>
<trkpt lat="36.407723787615744" lon="-94.1451599249207"><ele>340.56226851851847</ele></trkpt>
<trkpt lat="36.407694231502916" lon="-94.1452341340032"><ele>340.468878600823</ele></trkpt>
<trkpt lat="36.40766591478052" lon="-94.14530296307514"><ele>340.3608281893004</ele></trkpt>
<trkpt lat="36.40763788548097" lon="-94.14536887452212"><ele>340.2414737654321</ele></trkpt>
<trkpt lat="36.40761048600394" lon="-94.1454317613817"><ele>340.126350308642</ele></trkpt>
<trkpt lat="36.40754045353224" lon="-94.14558970983595"><ele>339.9075906635802</ele></trkpt>
<trkpt lat="36.40750184413581" lon="-94.14568117159904"><ele>339.7994888117284</ele></trkpt>
<trkpt lat="36.40746416795268" lon="-94.14577459390091"><ele>339.6556552211934</ele></trkpt>
<trkpt lat="36.40741934027779" lon="-94.14588664940176"><ele>339.4532986111111</ele></trkpt>
<trkpt lat="36.40737000000001" lon="-94.14601000009664"><ele>339.275</ele></trkpt>
<trkpt lat="36.40734530092593" lon="-94.14607174778334"><ele>339.2305266203703</ele></trkpt>
<trkpt lat="36.407297141203706" lon="-94.14619214707436"><ele>339.23052662037037</ele></trkpt>
<trkpt lat="36.407256867283955" lon="-94.14629286956337"><ele>339.3565329218107</ele></trkpt>
<trkpt lat="36.407223176118826" lon="-94.14637767514422"><ele>339.57411908436217</ele></trkpt>
<trkpt lat="36.40719627025462" lon="-94.14644689366891"><ele>339.7219425154321</ele></trkpt>
<trkpt lat="36.40716960744599" lon="-94.14651671633686"><ele>339.7244245113169</ele></trkpt>
<trkpt lat="36.40712868055556" lon="-94.14662313377862"><ele>339.58680555555554</ele></trkpt>
<trkpt lat="36.40707848668982" lon="-94.14675152499183"><ele>339.3549768518518</ele></trkpt>
<trkpt lat="36.40702516493055" lon="-94.14688368067074"><ele>339.05</ele></trkpt>
<trkpt lat="36.40699843460648" lon="-94.14694779235025"><ele>338.89019097222223</ele></trkpt>
<trkpt lat="36.40697280467678" lon="-94.14700690048747"><ele>338.7441325874486</ele></trkpt>
<trkpt lat="36.40694825017147" lon="-94.14706068166059"><ele>338.61664094650206</ele></trkpt>
<trkpt lat="36.40688683556241" lon="-94.14718849893475"><ele>338.36850244341565</ele></trkpt>
<trkpt lat="36.40685881772976" lon="-94.14724198046967"><ele>338.2799639917696</ele></trkpt>
<trkpt lat="36.406821666666666" lon="-94.1473066435479"><ele>338.2122685185185</ele></trkpt>
<trkpt lat="36.40680011316873" lon="-94.14734585565608"><ele>338.24143518518514</ele></trkpt>
<trkpt lat="36.40673347543724" lon="-94.14746871736475"><ele>338.39004629629625</ele></trkpt>
<trkpt lat="36.40670850758745" lon="-94.14751580821833"><ele>338.4016203703704</ele></trkpt>
<trkpt lat="36.406681888503094" lon="-94.14756848934721"><ele>338.41319444444446</ele></trkpt>
<trkpt lat="36.40665458847737" lon="-94.14762618236828"><ele>338.4462962962963</ele></trkpt>
<trkpt lat="36.406627251800415" lon="-94.14768899981514"><ele>338.5198784722222</ele></trkpt>
<trkpt lat="36.40659917824075" lon="-94.14775919573898"><ele>338.64458912037037</ele></trkpt>
<trkpt lat="36.40657032986111" lon="-94.14783582480081"><ele>338.8115451388889</ele></trkpt>
<trkpt lat="36.40654204282408" lon="-94.14791385719721"><ele>338.9981481481482</ele></trkpt>
<trkpt lat="36.40651601273149" lon="-94.14798797754474"><ele>339.1850694444444</ele></trkpt>
<trkpt lat="36.40649270833333" lon="-94.14805667254868"><ele>339.3660879629629</ele></trkpt>
<trkpt lat="36.40647197916667" lon="-94.14811972230098"><ele>339.53845486111106</ele></trkpt>
<trkpt lat="36.40644198173869" lon="-94.14821411418808"><ele>339.81031271433466</ele></trkpt>
<trkpt lat="36.40643014660494" lon="-94.14825615034077"><ele>339.9442772633745</ele></trkpt>
<trkpt lat="36.40642110682442" lon="-94.14829721430416"><ele>340.0145018861454</ele></trkpt>
<trkpt lat="36.40640229766804" lon="-94.14837790126465"><ele>340.0458161865569</ele></trkpt>
<trkpt lat="36.4063644321202" lon="-94.1485346693097"><ele>339.95594135802463</ele></trkpt>
<trkpt lat="36.40635047035751" lon="-94.14859905544088"><ele>339.89462448559664</ele></trkpt>
<trkpt lat="36.40633654760374" lon="-94.1486727475153"><ele>339.77999828532234</ele></trkpt>
<trkpt lat="36.40630368055556" lon="-94.14883544284893"><ele>339.4736111111111</ele></trkpt>
<trkpt lat="36.40628263599538" lon="-94.14893689250357"><ele>339.2497685185185</ele></trkpt>
<trkpt lat="36.406261478587965" lon="-94.14903661471354"><ele>338.9802662037037</ele></trkpt>
<trkpt lat="36.406240781250006" lon="-94.14913149317667"><ele>338.66093750000005</ele></trkpt>
<trkpt lat="36.40620105034723" lon="-94.14930934906033"><ele>337.9756944444444</ele></trkpt>
<trkpt lat="36.406183015046295" lon="-94.14939092311995"><ele>337.7096643518518</ele></trkpt>
<trkpt lat="36.40616642071759" lon="-94.14946788780875"><ele>337.5320023148148</ele></trkpt>
<trkpt lat="36.40615115451388" lon="-94.14954071187324"><ele>337.4263888888889</ele></trkpt>
<trkpt lat="36.40613785300926" lon="-94.1496062384782"><ele>337.36568287037034</ele></trkpt>
<trkpt lat="36.40612744534466" lon="-94.14966035368515"><ele>337.33045053155007</ele></trkpt>
<trkpt lat="36.40611997942386" lon="-94.14970306843409"><ele>337.31232853223594</ele></trkpt>
<trkpt lat="36.40610695762603" lon="-94.14978300220912"><ele>337.3126736111111</ele></trkpt>
<trkpt lat="36.40609788419496" lon="-94.14983299322067"><ele>337.327321244856</ele></trkpt>
<trkpt lat="36.40607521604939" lon="-94.14994633751667"><ele>337.3796639231825</ele></trkpt>
<trkpt lat="36.40604854166667" lon="-94.15007312516923"><ele>337.48333333333335</ele></trkpt>
<trkpt lat="36.40600688786009" lon="-94.15026887295323"><ele>337.7021347736626</ele></trkpt>
<trkpt lat="36.4059536548354" lon="-94.15051859517041"><ele>338.00329218107</ele></trkpt>
<trkpt lat="36.40591458333335" lon="-94.15070229181757"><ele>338.2479166666667</ele></trkpt>
<trkpt lat="36.40588888310185" lon="-94.15082632364793"><ele>338.50389017489715</ele></trkpt>
<trkpt lat="36.40587095968365" lon="-94.15091965037757"><ele>338.610980366941</ele></trkpt>
<trkpt lat="36.40583917534722" lon="-94.1510866494263"><ele>338.5736111111111</ele></trkpt>
<trkpt lat="36.40582024884259" lon="-94.15118098680416"><ele>338.4898726851852</ele></trkpt>
<trkpt lat="36.405801338948905" lon="-94.15126603629427"><ele>338.34743012688614</ele></trkpt>
<trkpt lat="36.405782820644724" lon="-94.15133750264559"><ele>338.136951303155</ele></trkpt>
<trkpt lat="36.405764980388376" lon="-94.15139712486457"><ele>337.87643389917696</ele></trkpt>
<trkpt lat="36.4057296090535" lon="-94.15150500001552"><ele>337.2734567901234</ele></trkpt>
<trkpt lat="36.40570652263375" lon="-94.15156682446359"><ele>337.03875171467763</ele></trkpt>
<trkpt lat="36.405686090534985" lon="-94.15161625521247"><ele>336.8843621399177</ele></trkpt>
<trkpt lat="36.405660267489715" lon="-94.15167425248198"><ele>336.70898491083676</ele></trkpt>
<trkpt lat="36.4056312962963" lon="-94.15173379295038"><ele>336.53113854595335</ele></trkpt>
<trkpt lat="36.40560195473252" lon="-94.15178913587688"><ele>336.3656378600823</ele></trkpt>
<trkpt lat="36.405575267489716" lon="-94.15183642666734"><ele>336.2216735253772</ele></trkpt>
<trkpt lat="36.40555339506174" lon="-94.15187377918423"><ele>336.10363511659807</ele></trkpt>
<trkpt lat="36.405519245541846" lon="-94.1519295542077"><ele>335.923182441701</ele></trkpt>
<trkpt lat="36.40550036351166" lon="-94.15195877918329"><ele>335.8391632373114</ele></trkpt>
<trkpt lat="36.40545169410151" lon="-94.15203181075215"><ele>335.67427983539096</ele></trkpt>
<trkpt lat="36.405394218107006" lon="-94.15211695479606"><ele>335.5539094650206</ele></trkpt>
<trkpt lat="36.40536371742113" lon="-94.15216335397986"><ele>335.50589849108366</ele></trkpt>
<trkpt lat="36.40533259945131" lon="-94.15221253093956"><ele>335.4572702331962</ele></trkpt>
<trkpt lat="36.405302345679026" lon="-94.15226226344588"><ele>335.41172839506174</ele></trkpt>
<trkpt lat="36.405275349794245" lon="-94.15230822364961"><ele>335.38271604938274</ele></trkpt>
<trkpt lat="36.40525347736626" lon="-94.15234689989889"><ele>335.3827160493827</ele></trkpt>
<trkpt lat="36.40523617283952" lon="-94.15237921813164"><ele>335.4117283950617</ele></trkpt>
<trkpt lat="36.405203511659806" lon="-94.15244667356242"><ele>335.5074074074074</ele></trkpt>
<trkpt lat="36.405184218107" lon="-94.1524908642453"><ele>335.5617283950617</ele></trkpt>
<trkpt lat="36.40516400838049" lon="-94.15254269616942"><ele>335.6312789351852</ele></trkpt>
<trkpt lat="36.405144766053674" lon="-94.1526005060982"><ele>335.7253954475309</ele></trkpt>
<trkpt lat="36.40512770351081" lon="-94.15266188084036"><ele>335.83652584876546</ele></trkpt>
<trkpt lat="36.40511263374486" lon="-94.15272716826657"><ele>335.9434670781893</ele></trkpt>
<trkpt lat="36.40509866544496" lon="-94.1527993509551"><ele>336.0238843878601</ele></trkpt>
<trkpt lat="36.40508468460648" lon="-94.15288231200334"><ele>336.07010995370376</ele></trkpt>
<trkpt lat="36.40507065972222" lon="-94.15297285598884"><ele>336.0868055555556</ele></trkpt>
<trkpt lat="36.405047464098935" lon="-94.15313090303663"><ele>336.05366190843625</ele></trkpt>
<trkpt lat="36.405040281207135" lon="-94.15318278208656"><ele>335.9997427983539</ele></trkpt>
<trkpt lat="36.4050354073431" lon="-94.15322297808416"><ele>335.90907600308645</ele></trkpt>
<trkpt lat="36.4050317029964" lon="-94.15326283340534"><ele>335.7704636059671</ele></trkpt>
<trkpt lat="36.40502839602623" lon="-94.15330993024216"><ele>335.5805780606996</ele></trkpt>
<trkpt lat="36.4050229218107" lon="-94.15341129630218"><ele>335.15658436213994</ele></trkpt>
<trkpt lat="36.40502007544581" lon="-94.15349350480135"><ele>334.8211934156379</ele></trkpt>
<trkpt lat="36.40502" lon="-94.1536072929527"><ele>334.32303883744856</ele></trkpt>
<trkpt lat="36.40502" lon="-94.15366930641294"><ele>334.1123113854595</ele></trkpt>
<trkpt lat="36.40502" lon="-94.15374241169415"><ele>333.9519890260631</ele></trkpt>
<trkpt lat="36.40502" lon="-94.1538281481482"><ele>333.8578703703704</ele></trkpt>
<trkpt lat="36.40502" lon="-94.15392170138894"><ele>333.81649305555555</ele></trkpt>
<trkpt lat="36.40501977366255" lon="-94.1541198156729"><ele>333.79773662551446</ele></trkpt>
<trkpt lat="36.40501882716049" lon="-94.15414630915964"><ele>333.78827160493836</ele></trkpt>
<trkpt lat="36.405016255144034" lon="-94.15417209191584"><ele>333.7625514403293</ele></trkpt>
<trkpt lat="36.40499853041408" lon="-94.15430145695693"><ele>333.58553562242804</ele></trkpt>
<trkpt lat="36.404990678047845" lon="-94.15436121689038"><ele>333.5199749228395</ele></trkpt>
<trkpt lat="36.40498552983539" lon="-94.15441027254057"><ele>333.57500321502056</ele></trkpt>
<trkpt lat="36.40496850983797" lon="-94.15457497977123"><ele>333.84852430555554</ele></trkpt>
<trkpt lat="36.40495876886146" lon="-94.15468402264668"><ele>333.9713477366255</ele></trkpt>
<trkpt lat="36.40494926097394" lon="-94.15482196215989"><ele>334.01376993312755</ele></trkpt>
<trkpt lat="36.40493842421125" lon="-94.15497062767307"><ele>334.06018518518516</ele></trkpt>
<trkpt lat="36.40491990226337" lon="-94.15521558657481"><ele>334.15</ele></trkpt>
<trkpt lat="36.40490064643347" lon="-94.15546494866743"><ele>334.2398148148148</ele></trkpt>
<trkpt lat="36.404893125" lon="-94.15555791673985"><ele>334.26875</ele></trkpt>
<trkpt lat="36.40488055652006" lon="-94.15569771801736"><ele>334.2948559670782</ele></trkpt>
<trkpt lat="36.404864382716056" lon="-94.15585908180442"><ele>334.3004372427984</ele></trkpt>
<trkpt lat="36.40485947798783" lon="-94.15590678176721"><ele>334.3202674897119</ele></trkpt>
<trkpt lat="36.40485169324417" lon="-94.15597085477164"><ele>334.45358367626886</ele></trkpt>
<trkpt lat="36.404845" lon="-94.15604695473945"><ele>334.5460905349794</ele></trkpt>
<trkpt lat="36.404838306755835" lon="-94.15613493999278"><ele>334.6194101508916</ele></trkpt>
<trkpt lat="36.40483265860768" lon="-94.15621540723956"><ele>334.7028120713306</ele></trkpt>
<trkpt lat="36.404831003086414" lon="-94.15624995713488"><ele>334.75020576131686</ele></trkpt>
<trkpt lat="36.404829241255136" lon="-94.15630952675097"><ele>334.8528806584362</ele></trkpt>
<trkpt lat="36.40482747599451" lon="-94.15634115998473"><ele>334.9179698216735</ele></trkpt>
<trkpt lat="36.404824005486965" lon="-94.1563794058748"><ele>335.00157750342936</ele></trkpt>
<trkpt lat="36.40481843621399" lon="-94.15642625516169"><ele>335.09999999999997</ele></trkpt>
<trkpt lat="36.40481057613169" lon="-94.15648151580137"><ele>335.1969135802469</ele></trkpt>
<trkpt lat="36.40479975308642" lon="-94.15654313446781"><ele>335.2679012345679</ele></trkpt>
<trkpt lat="36.40478374485597" lon="-94.15660648153147"><ele>335.2796296296296</ele></trkpt>
<trkpt lat="36.40475895747599" lon="-94.15666497262725"><ele>335.19300411522636</ele></trkpt>
<trkpt lat="36.40472256515775" lon="-94.15671303161889"><ele>334.98045267489715</ele></trkpt>
<trkpt lat="36.40467530864197" lon="-94.15674991776565"><ele>334.6530864197531</ele></trkpt>
<trkpt lat="36.4046218808942" lon="-94.15677947859352"><ele>334.2628675840192</ele></trkpt>
<trkpt lat="36.40456772687328" lon="-94.15680636773956"><ele>333.86978416495197</ele></trkpt>
<trkpt lat="36.40451696405607" lon="-94.1568326858969"><ele>333.51917759773664</ele></trkpt>
<trkpt lat="36.404470211762685" lon="-94.1568589549732"><ele>333.2301268861454</ele></trkpt>
<trkpt lat="36.404426001907574" lon="-94.15688572656335"><ele>333.0082058041838</ele></trkpt>
<trkpt lat="36.40438163483796" lon="-94.15691417543319"><ele>332.8421585648148</ele></trkpt>
<trkpt lat="36.40429691261574" lon="-94.15697032993059"><ele>332.61889467592596</ele></trkpt>
<trkpt lat="36.404265422453705" lon="-94.15699057585178"><ele>332.5450520833333</ele></trkpt>
<trkpt lat="36.40421566840278" lon="-94.15701942421452"><ele>332.4026331018518</ele></trkpt>
<trkpt lat="36.40419458333333" lon="-94.15703543118856"><ele>332.34016203703703</ele></trkpt>
<trkpt lat="36.404163151041665" lon="-94.15706191560004"><ele>332.25303819444446</ele></trkpt>
<trkpt lat="36.40412302083334" lon="-94.15709714421055"><ele>332.1450520833333</ele></trkpt>
<trkpt lat="36.4040374363426" lon="-94.15717406549054"><ele>331.9149594907407</ele></trkpt>
<trkpt lat="36.40396032986111" lon="-94.15724500008164"><ele>331.7065972222222</ele></trkpt>
<trkpt lat="36.4038855150463" lon="-94.15731599256794"><ele>331.54496527777775</ele></trkpt>
<trkpt lat="36.40380434027777" lon="-94.15739615463018"><ele>331.45329861111105</ele></trkpt>
<trkpt lat="36.4037615306713" lon="-94.15743965868545"><ele>331.41999421296293</ele></trkpt>
<trkpt lat="36.40371849537038" lon="-94.15748450244037"><ele>331.38515624999997</ele></trkpt>
<trkpt lat="36.403674765625" lon="-94.15753132536756"><ele>331.34519675925924</ele></trkpt>
<trkpt lat="36.403541501736115" lon="-94.15767700533722"><ele>331.2299479166666</ele></trkpt>
<trkpt lat="36.40345549479167" lon="-94.15776934040184"><ele>331.2032986111111</ele></trkpt>
<trkpt lat="36.40329337062757" lon="-94.15794165582902"><ele>331.2</ele></trkpt>
<trkpt lat="36.403226492198215" lon="-94.1580123117545"><ele>331.200318287037</ele></trkpt>
<trkpt lat="36.40314471451304" lon="-94.15809676099244"><ele>331.2148074074074</ele></trkpt>
<trkpt lat="36.40304251222223" lon="-94.15820249729894"><ele>331.24924791666666</ele></trkpt>
<trkpt lat="36.402924788518526" lon="-94.15832504248205"><ele>331.29029236111114</ele></trkpt>
<trkpt lat="36.40280846222223" lon="-94.15844767589813"><ele>331.329125925926</ele></trkpt>
<trkpt lat="36.40268341333334" lon="-94.15858044921663"><ele>331.3677481481481</ele></trkpt>
<trkpt lat="36.402575859421304" lon="-94.15869431876011"><ele>331.39198518518515</ele></trkpt>
<trkpt lat="36.40247927034723" lon="-94.15879621539032"><ele>331.3991555555555</ele></trkpt>
<trkpt lat="36.40243626092593" lon="-94.15884248014045"><ele>331.399837037037</ele></trkpt>
<trkpt lat="36.40240405396434" lon="-94.15887902836829"><ele>331.3999851851852</ele></trkpt>
<trkpt lat="36.40238524348423" lon="-94.15890360000216"><ele>331.4</ele></trkpt>
<trkpt lat="36.40236821394119" lon="-94.15893468165423"><ele>331.4000296296296</ele></trkpt>
<trkpt lat="36.402356639669925" lon="-94.15895237575769"><ele>331.4003259259259</ele></trkpt>
<trkpt lat="36.40233903884774" lon="-94.15897443741065"><ele>331.4016888888889</ele></trkpt>
<trkpt lat="36.402314967626886" lon="-94.1590014442588"><ele>331.40592592592594</ele></trkpt>
<trkpt lat="36.40228229788752" lon="-94.15903588621381"><ele>331.4160296296296</ele></trkpt>
<trkpt lat="36.402236155555556" lon="-94.15908304624365"><ele>331.43519999999995</ele></trkpt>
<trkpt lat="36.40202167111111" lon="-94.15929890567999"><ele>331.55359999999996</ele></trkpt>
<trkpt lat="36.4019518" lon="-94.15936980186912"><ele>331.61297777777776</ele></trkpt>
<trkpt lat="36.401891233958324" lon="-94.15943230793435"><ele>331.6903629629629</ele></trkpt>
<trkpt lat="36.40183580798611" lon="-94.1594907120568"><ele>331.7912592592592</ele></trkpt>
<trkpt lat="36.40172606" lon="-94.1596074363271"><ele>332.0334925925926</ele></trkpt>
<trkpt lat="36.40167148518518" lon="-94.15966405945773"><ele>332.1408888888889</ele></trkpt>
<trkpt lat="36.40161754648148" lon="-94.15971813815403"><ele>332.2255074074074</ele></trkpt>
<trkpt lat="36.40156426576389" lon="-94.1597695508824"><ele>332.29197777777773</ele></trkpt>
<trkpt lat="36.401512133217594" lon="-94.15981752356407"><ele>332.3503518518518</ele></trkpt>
<trkpt lat="36.401460202615745" lon="-94.15986194625766"><ele>332.41247037037033</ele></trkpt>
<trkpt lat="36.40140437777778" lon="-94.15990532467292"><ele>332.489437037037</ele></trkpt>
<trkpt lat="36.40134039555556" lon="-94.15995103583407"><ele>332.5880740740741</ele></trkpt>
<trkpt lat="36.40126873333333" lon="-94.15999949363726"><ele>332.7059111111111</ele></trkpt>
<trkpt lat="36.401194915555564" lon="-94.16004708917221"><ele>332.8338074074074</ele></trkpt>
<trkpt lat="36.40112357777778" lon="-94.16008985801766"><ele>332.9667703703704</ele></trkpt>
<trkpt lat="36.40105382370371" lon="-94.16012712613774"><ele>333.11013333333335</ele></trkpt>
<trkpt lat="36.40098112296297" lon="-94.16016133206128"><ele>333.27346666666665</ele></trkpt>
<trkpt lat="36.40090381777778" lon="-94.16019457799189"><ele>333.4576</ele></trkpt>
<trkpt lat="36.40082450074074" lon="-94.16022710539791"><ele>333.6546666666667</ele></trkpt>
<trkpt lat="36.40074493481482" lon="-94.16025885947968"><ele>333.8621333333333</ele></trkpt>
<trkpt lat="36.40037915127343" lon="-94.16042477205525"><ele>334.8859097273511</ele></trkpt>
<trkpt lat="36.400330426091436" lon="-94.16045297904732"><ele>335.0119157069716</ele></trkpt>
<trkpt lat="36.40028062699672" lon="-94.16047813039117"><ele>335.137151118729</ele></trkpt>
<trkpt lat="36.400179457493216" lon="-94.16052337921197"><ele>335.38740625899993</ele></trkpt>
<trkpt lat="36.400130590596355" lon="-94.16055348268948"><ele>335.48545116427135</ele></trkpt>
<trkpt lat="36.40008386024376" lon="-94.16058773377708"><ele>335.5689411741615</ele></trkpt>
<trkpt lat="36.40005784441462" lon="-94.16060310544098"><ele>335.62564610591687</ele></trkpt>
<trkpt lat="36.40000722833855" lon="-94.16062393402858"><ele>335.73492826786395</ele></trkpt>
<trkpt lat="36.39995657907893" lon="-94.16064781783447"><ele>335.8387937549363</ele></trkpt>
<trkpt lat="36.399907576289515" lon="-94.16067540324232"><ele>335.9416972616635</ele></trkpt>
<trkpt lat="36.39985985066662" lon="-94.16070723651394"><ele>336.0452223870602</ele></trkpt>
<trkpt lat="36.39981227408238" lon="-94.16073789494884"><ele>336.1691485136667</ele></trkpt>
<trkpt lat="36.39976153477062" lon="-94.1607599450166"><ele>336.30000183382197</ele></trkpt>
<trkpt lat="36.39968164775868" lon="-94.16078511471707"><ele>336.4873021682485</ele></trkpt>
<trkpt lat="36.399577161507324" lon="-94.16081747011131"><ele>336.7254862887282</ele></trkpt>
<trkpt lat="36.3995251880985" lon="-94.16083454520906"><ele>336.8454898144475</ele></trkpt>
<trkpt lat="36.39944829945928" lon="-94.16085518379215"><ele>337.03136348664316</ele></trkpt>
<trkpt lat="36.399394877912464" lon="-94.16086698329603"><ele>337.12860309297724</ele></trkpt>
<trkpt lat="36.399341828141935" lon="-94.16088391412825"><ele>337.19443882554384</ele></trkpt>
<trkpt lat="36.39929284061145" lon="-94.16091156006247"><ele>337.21782949982486</ele></trkpt>
<trkpt lat="36.39925040626333" lon="-94.1609543011008"><ele>337.197009193304</ele></trkpt>
<trkpt lat="36.39922023395032" lon="-94.16101008697154"><ele>337.1263530982592</ele></trkpt>
<trkpt lat="36.39920508000084" lon="-94.16106364027512"><ele>337.014928621135</ele></trkpt>
<trkpt lat="36.399210897276134" lon="-94.16113212272205"><ele>336.7969858809629</ele></trkpt>
<trkpt lat="36.399226657274184" lon="-94.1611980143457"><ele>336.5847449538181</ele></trkpt>
<trkpt lat="36.3992476788109" lon="-94.16126048397793"><ele>336.39745660486165</ele></trkpt>
<trkpt lat="36.39926827722027" lon="-94.16132214334293"><ele>336.3084177129221</ele></trkpt>
<trkpt lat="36.39928622670245" lon="-94.1613849373558"><ele>336.3696052286355</ele></trkpt>
<trkpt lat="36.39932207821544" lon="-94.16150402711783"><ele>336.6491431568513</ele></trkpt>
<trkpt lat="36.39934344892406" lon="-94.1615654416145"><ele>336.7634426739727</ele></trkpt>
<trkpt lat="36.39936008659123" lon="-94.16161755505556"><ele>336.85337791495203</ele></trkpt>
<trkpt lat="36.39940556670096" lon="-94.16175253334976"><ele>337.0655521262003</ele></trkpt>
<trkpt lat="36.39946141718108" lon="-94.16191317536325"><ele>337.31661522633743</ele></trkpt>
<trkpt lat="36.399519679355286" lon="-94.16207922309164"><ele>337.5959533607682</ele></trkpt>
<trkpt lat="36.399573389060365" lon="-94.1622326474784"><ele>337.9046124828532</ele></trkpt>
<trkpt lat="36.39962062500001" lon="-94.16236916597714"><ele>338.2708333333333</ele></trkpt>
<trkpt lat="36.399664397290806" lon="-94.16249798633073"><ele>338.7374314128944</ele></trkpt>
<trkpt lat="36.39970860939644" lon="-94.16263029426743"><ele>339.32362825788755</ele></trkpt>
<trkpt lat="36.399754071502066" lon="-94.16276784913438"><ele>339.9872942386831</ele></trkpt>
<trkpt lat="36.39979795353225" lon="-94.16290174495244"><ele>340.6293381344307</ele></trkpt>
<trkpt lat="36.399836773834025" lon="-94.16302156674897"><ele>341.1417524005487</ele></trkpt>
<trkpt lat="36.39986958333334" lon="-94.16312499964421"><ele>341.4583333333333</ele></trkpt>
<trkpt lat="36.399898704595344" lon="-94.16321978971416"><ele>341.57208587105623</ele></trkpt>
<trkpt lat="36.39992731536351" lon="-94.16331585529356"><ele>341.5187593964335</ele></trkpt>
<trkpt lat="36.399956995267495" lon="-94.16341743790205"><ele>341.3555613168724</ele></trkpt>
<trkpt lat="36.399986854252404" lon="-94.1635205284006"><ele>341.14247050754454</ele></trkpt>
<trkpt lat="36.40007316460907" lon="-94.1638196691058"><ele>340.4836687242799</ele></trkpt>
<trkpt lat="36.400133027572025" lon="-94.16402774493186"><ele>339.99455884773664</ele></trkpt>
<trkpt lat="36.40016222304527" lon="-94.16412994986709"><ele>339.69494362139915</ele></trkpt>
<trkpt lat="36.4001925" lon="-94.16423687455206"><ele>339.3041666666667</ele></trkpt>
<trkpt lat="36.400227214506174" lon="-94.16436051721347"><ele>338.76798696844986</ele></trkpt>
<trkpt lat="36.40026852623457" lon="-94.1645085734525"><ele>338.0665294924554</ele></trkpt>
<trkpt lat="36.40031456018519" lon="-94.16467460818996"><ele>337.2548868312757</ele></trkpt>
<trkpt lat="36.40035984567901" lon="-94.16483997779129"><ele>336.451560356653</ele></trkpt>
<trkpt lat="36.400398603395075" lon="-94.16498576416929"><ele>335.7784807956105</ele></trkpt>
<trkpt lat="36.400428125000005" lon="-94.16510479129583"><ele>335.3</ele></trkpt>
<trkpt lat="36.400449659207816" lon="-94.1652046830951"><ele>335.0075853052126</ele></trkpt>
<trkpt lat="36.40046599665638" lon="-94.16529832965146"><ele>334.85643218449934</ele></trkpt>
<trkpt lat="36.40047876929012" lon="-94.16539509731903"><ele>334.8089827674897</ele></trkpt>
<trkpt lat="36.40048649434156" lon="-94.1654959001651"><ele>334.8668295610425</ele></trkpt>
<trkpt lat="36.400486354670775" lon="-94.16559905075243"><ele>335.05534842249654</ele></trkpt>
<trkpt lat="36.40047659222221" lon="-94.16570269454918"><ele>335.3875092592593</ele></trkpt>
<trkpt lat="36.40045900249999" lon="-94.16580484702655"><ele>335.8166180555556</ele></trkpt>
<trkpt lat="36.400436937500004" lon="-94.16590166579553"><ele>336.2528078703704</ele></trkpt>
<trkpt lat="36.40041247694444" lon="-94.16599133595284"><ele>336.6084421296297</ele></trkpt>
<trkpt lat="36.40038464148149" lon="-94.1660780920826"><ele>336.8507555555556</ele></trkpt>
<trkpt lat="36.40035179851852" lon="-94.16616856621046"><ele>336.9958666666667</ele></trkpt>
<trkpt lat="36.4003148311111" lon="-94.16626390253133"><ele>337.07973333333337</ele></trkpt>
<trkpt lat="36.400277576296304" lon="-94.16635737065083"><ele>337.1291111111112</ele></trkpt>
<trkpt lat="36.40021414518519" lon="-94.1665150653578"><ele>337.1667111111111</ele></trkpt>
<trkpt lat="36.400160675555554" lon="-94.16664991569758"><ele>337.16519999999997</ele></trkpt>
<trkpt lat="36.40013555703704" lon="-94.16671659717112"><ele>337.19102222222216</ele></trkpt>
<trkpt lat="36.40011227851852" lon="-94.16678413198332"><ele>337.2778222222222</ele></trkpt>
<trkpt lat="36.400090303703706" lon="-94.16685675570005"><ele>337.4590074074074</ele></trkpt>
<trkpt lat="36.40006822518519" lon="-94.1669392090557"><ele>337.7434370370371</ele></trkpt>
<trkpt lat="36.40004584444445" lon="-94.16703000017449"><ele>338.0940888888889</ele></trkpt>
<trkpt lat="36.400024900740746" lon="-94.16712079126245"><ele>338.4346814814815</ele></trkpt>
<trkpt lat="36.40000772592593" lon="-94.16720324455227"><ele>338.6847851851852</ele></trkpt>
<trkpt lat="36.39999527759259" lon="-94.16727634268274"><ele>338.79766365740744</ele></trkpt>
<trkpt lat="36.399986771296305" lon="-94.16734512214732"><ele>338.77581134259265</ele></trkpt>
<trkpt lat="36.39998093944445" lon="-94.16741337912345"><ele>338.6554951388889</ele></trkpt>
<trkpt lat="36.39997726185185" lon="-94.1674790531632"><ele>338.48166481481485</ele></trkpt>
<trkpt lat="36.399976020082306" lon="-94.16753847245946"><ele>338.2811102880659</ele></trkpt>
<trkpt lat="36.399977463991775" lon="-94.16759080589323"><ele>338.06363168724283</ele></trkpt>
<trkpt lat="36.39998110339506" lon="-94.16764034946186"><ele>337.8342496141976</ele></trkpt>
<trkpt lat="36.39999041152264" lon="-94.16774500213134"><ele>337.4273566100823</ele></trkpt>
<trkpt lat="36.399994521604945" lon="-94.16780077898763"><ele>337.28927469135806</ele></trkpt>
<trkpt lat="36.40000298386061" lon="-94.1679190241123"><ele>337.1306262860083</ele></trkpt>
<trkpt lat="36.400008828125" lon="-94.16798728584722"><ele>337.08038194444447</ele></trkpt>
<trkpt lat="36.40001648437501" lon="-94.16806379335705"><ele>337.02031250000005</ele></trkpt>
<trkpt lat="36.40002666666666" lon="-94.1681467562998"><ele>336.90972222222223</ele></trkpt>
<trkpt lat="36.40004049189815" lon="-94.16823503462452"><ele>336.70066550925924</ele></trkpt>
<trkpt lat="36.40005881365742" lon="-94.1683301532218"><ele>336.3670428240741</ele></trkpt>
<trkpt lat="36.40008082465279" lon="-94.16843214393946"><ele>335.93845486111104</ele></trkpt>
<trkpt lat="36.400104239004634" lon="-94.168537783406"><ele>335.4902199074074</ele></trkpt>
<trkpt lat="36.400127037037045" lon="-94.16864451663142"><ele>335.0942997685185</ele></trkpt>
<trkpt lat="36.400148862847225" lon="-94.16875335922494"><ele>334.7769386574074</ele></trkpt>
<trkpt lat="36.40017049479167" lon="-94.16886499984564"><ele>334.5230902777777</ele></trkpt>
<trkpt lat="36.40019296875" lon="-94.16897664046397"><ele>334.30853587962963</ele></trkpt>
<trkpt lat="36.40021709640776" lon="-94.16908423497287"><ele>334.11734289266116</ele></trkpt>
<trkpt lat="36.40024346364884" lon="-94.16918691338573"><ele>333.93972050754456</ele></trkpt>
<trkpt lat="36.40027123424641" lon="-94.16928407675601"><ele>333.7688110853909</ele></trkpt>
<trkpt lat="36.40029899509174" lon="-94.16937481555554"><ele>333.59545931927295</ele></trkpt>
<trkpt lat="36.40032604220251" lon="-94.16945917702112"><ele>333.4035504543896</ele></trkpt>
<trkpt lat="36.40035458333334" lon="-94.1695443746619"><ele>333.1604166666666</ele></trkpt>
<trkpt lat="36.40038815843621" lon="-94.16964104290669"><ele>332.83058127572014</ele></trkpt>
<trkpt lat="36.400429048353914" lon="-94.16975636083899"><ele>332.40005144032915</ele></trkpt>
<trkpt lat="36.400523122427984" lon="-94.1700188839508"><ele>331.40537551440326</ele></trkpt>
<trkpt lat="36.40056741769548" lon="-94.17014243170576"><ele>330.9833590534979</ele></trkpt>
<trkpt lat="36.40060791666667" lon="-94.17025583282414"><ele>330.6708333333333</ele></trkpt>
<trkpt lat="36.40064765260632" lon="-94.17036771294995"><ele>330.4589763374486</ele></trkpt>
<trkpt lat="36.400689903978055" lon="-94.17048722420657"><ele>330.3174125514403</ele></trkpt>
<trkpt lat="36.40073490226338" lon="-94.1706148527769"><ele>330.2190586419753</ele></trkpt>
<trkpt lat="36.40077973422497" lon="-94.17074223192868"><ele>330.15313786008227</ele></trkpt>
<trkpt lat="36.40082141803841" lon="-94.17086089197764"><ele>330.1222479423869</ele></trkpt>
<trkpt lat="36.40086000000001" lon="-94.17097104118754"><ele>330.13541666666674</ele></trkpt>
<trkpt lat="36.400898581104265" lon="-94.17108157355831"><ele>330.19915980795616</ele></trkpt>
<trkpt lat="36.40094025634431" lon="-94.17120127256022"><ele>330.3108967764061</ele></trkpt>
<trkpt lat="36.40102992455419" lon="-94.171458726262"><ele>330.60719307270233</ele></trkpt>
<trkpt lat="36.401071883573394" lon="-94.17157842540529"><ele>330.74730795610424</ele></trkpt>
<trkpt lat="36.40111104166667" lon="-94.17168895784468"><ele>330.86875</ele></trkpt>
<trkpt lat="36.40115056670097" lon="-94.17179905125623"><ele>330.97863511659807</ele></trkpt>
<trkpt lat="36.401193401920445" lon="-94.1719171538951"><ele>331.0869770233196</ele></trkpt>
<trkpt lat="36.40128243741427" lon="-94.17216162926172"><ele>331.2985510973937</ele></trkpt>
<trkpt lat="36.401318745713304" lon="-94.17226213781565"><ele>331.38419067215364</ele></trkpt>
<trkpt lat="36.401345" lon="-94.17233645810369"><ele>331.4479166666667</ele></trkpt>
<trkpt lat="36.40136214420439" lon="-94.17238817889792"><ele>331.4937671467764</ele></trkpt>
<trkpt lat="36.401373154149525" lon="-94.17242690581391"><ele>331.53413923182444</ele></trkpt>
<trkpt lat="36.40138115483539" lon="-94.17246305553336"><ele>331.5854681069959</ele></trkpt>
<trkpt lat="36.40138768347051" lon="-94.17250226079017"><ele>331.6587534293553</ele></trkpt>
<trkpt lat="36.401393016117964" lon="-94.17254598764644"><ele>331.75125171467766</ele></trkpt>
<trkpt lat="36.4013962962963" lon="-94.17259243055204"><ele>331.84884259259263</ele></trkpt>
<trkpt lat="36.40139689814815" lon="-94.1726393576407"><ele>331.9381076388889</ele></trkpt>
<trkpt lat="36.40139430555556" lon="-94.17268425348027"><ele>332.01385995370373</ele></trkpt>
<trkpt lat="36.40138847222223" lon="-94.17272553821235"><ele>332.0725983796296</ele></trkpt>
<trkpt lat="36.40137833333334" lon="-94.1727652778165"><ele>332.1041666666667</ele></trkpt>
<trkpt lat="36.40136215277778" lon="-94.1728092275058"><ele>332.0939814814815</ele></trkpt>
<trkpt lat="36.40133868055556" lon="-94.17286302963045"><ele>332.0372685185185</ele></trkpt>
<trkpt lat="36.40128131944445" lon="-94.17298880220112"><ele>331.8566261574074</ele></trkpt>
<trkpt lat="36.40125790380659" lon="-94.17304489055219"><ele>331.79000021433467</ele></trkpt>
<trkpt lat="36.401241795267495" lon="-94.17309135892286"><ele>331.7608453360768</ele></trkpt>
<trkpt lat="36.401231535493835" lon="-94.17313142202373"><ele>331.7640689300411</ele></trkpt>
<trkpt lat="36.40122470936215" lon="-94.17316891537072"><ele>331.78632544581615</ele></trkpt>
<trkpt lat="36.40121979681071" lon="-94.17320648202482"><ele>331.81228566529495</ele></trkpt>
<trkpt lat="36.40121660836763" lon="-94.17324456962011"><ele>331.82786351165987</ele></trkpt>
<trkpt lat="36.401215618998634" lon="-94.17328225051457"><ele>331.82024176954735</ele></trkpt>
<trkpt lat="36.40121737654322" lon="-94.17331803326007"><ele>331.786231138546</ele></trkpt>
<trkpt lat="36.40122211848423" lon="-94.17335124570289"><ele>331.7324931412894</ele></trkpt>
<trkpt lat="36.401229620198905" lon="-94.17338337360914"><ele>331.6724451303155</ele></trkpt>
<trkpt lat="36.40123929783951" lon="-94.17341598761611"><ele>331.6169495884774</ele></trkpt>
<trkpt lat="36.40126706532922" lon="-94.17349792161842"><ele>331.5366683813443</ele></trkpt>
<trkpt lat="36.401324377572024" lon="-94.17365908029356"><ele>331.4892403978052</ele></trkpt>
<trkpt lat="36.40142646604939" lon="-94.17394390844673"><ele>331.45244341563784</ele></trkpt>
<trkpt lat="36.4015395627572" lon="-94.1742580924001"><ele>331.4339934842249</ele></trkpt>
<trkpt lat="36.40159104166666" lon="-94.17439999917384"><ele>331.44166666666666</ele></trkpt>
<trkpt lat="36.401642925240054" lon="-94.17454195212517"><ele>331.464780521262</ele></trkpt>
<trkpt lat="36.40169922239369" lon="-94.17469506242608"><ele>331.5024005486968</ele></trkpt>
<trkpt lat="36.401819330418384" lon="-94.17502023221829"><ele>331.59036351165975</ele></trkpt>
<trkpt lat="36.40187335733882" lon="-94.17516596456882"><ele>331.6166323731138</ele></trkpt>
<trkpt lat="36.401920625" lon="-94.17529291602955"><ele>331.6166666666666</ele></trkpt>
<trkpt lat="36.401964730281215" lon="-94.17541064840925"><ele>331.5850406035665</ele></trkpt>
<trkpt lat="36.402058700102884" lon="-94.17565965820647"><ele>331.43527736625515</ele></trkpt>
<trkpt lat="36.40215642781208" lon="-94.1759177669812"><ele>331.2230159122085</ele></trkpt>
<trkpt lat="36.40225301037038" lon="-94.1761724423969"><ele>330.95940740740735</ele></trkpt>
<trkpt lat="36.40230390222223" lon="-94.17630552387013"><ele>330.81097777777774</ele></trkpt>
<trkpt lat="36.40235292592593" lon="-94.17643098913933"><ele>330.68122962962957</ele></trkpt>
<trkpt lat="36.40239569185185" lon="-94.17653445447169"><ele>330.60463703703704</ele></trkpt>
<trkpt lat="36.40243165300412" lon="-94.17661047095885"><ele>330.60741563786</ele></trkpt>
<trkpt lat="36.402464519341564" lon="-94.17666445035671"><ele>330.6888806584362</ele></trkpt>
<trkpt lat="36.40250031012346" lon="-94.17670555267085"><ele>330.81528395061724</ele></trkpt>
<trkpt lat="36.40254271670782" lon="-94.17673877183651"><ele>330.9247934156378</ele></trkpt>
<trkpt lat="36.40259278995885" lon="-94.17676527692264"><ele>330.96193744855964</ele></trkpt>
<trkpt lat="36.40264690765433" lon="-94.17678511829864"><ele>330.90080493827156</ele></trkpt>
<trkpt lat="36.40270242139918" lon="-94.17680120130332"><ele>330.7376131687243</ele></trkpt>
<trkpt lat="36.4027598818107" lon="-94.17681795687031"><ele>330.45260411522634</ele></trkpt>
<trkpt lat="36.402825714074076" lon="-94.17684017611118"><ele>330.0026814814815</ele></trkpt>
<trkpt lat="36.402904970370365" lon="-94.17687007677371"><ele>329.36642962962964</ele></trkpt>
<trkpt lat="36.402995168888886" lon="-94.17690618191946"><ele>328.6008444444445</ele></trkpt>
<trkpt lat="36.40308565481481" lon="-94.17694429897688"><ele>327.8366962962963</ele></trkpt>
<trkpt lat="36.40316589185185" lon="-94.17698106495631"><ele>327.2053481481481</ele></trkpt>
<trkpt lat="36.403232745185186" lon="-94.17701645314777"><ele>326.76635555555555</ele></trkpt>
<trkpt lat="36.40329028592593" lon="-94.1770530264964"><ele>326.49559999999997</ele></trkpt>
<trkpt lat="36.40334314222223" lon="-94.17709303982588"><ele>326.33293333333336</ele></trkpt>
<trkpt lat="36.40339283703703" lon="-94.17713822647491"><ele>326.2263111111111</ele></trkpt>
<trkpt lat="36.40343958962963" lon="-94.17719245309436"><ele>326.14680000000004</ele></trkpt>
<trkpt lat="36.403485493333335" lon="-94.17726221004327"><ele>326.0793925925926</ele></trkpt>
<trkpt lat="36.403533831111105" lon="-94.17735205142291"><ele>326.0155851851852</ele></trkpt>
<trkpt lat="36.40358525333334" lon="-94.17745812395758"><ele>325.95337777777786</ele></trkpt>
<trkpt lat="36.40363710666667" lon="-94.17756951359787"><ele>325.89691851851853</ele></trkpt>
<trkpt lat="36.40373562518519" lon="-94.17778249733001"><ele>325.8239111111111</ele></trkpt>
<trkpt lat="36.40378621925926" lon="-94.17789045284515"><ele>325.80742222222227</ele></trkpt>
<trkpt lat="36.403838902222226" lon="-94.17800170616857"><ele>325.79493333333335</ele></trkpt>
<trkpt lat="36.40388971703703" lon="-94.17810735512737"><ele>325.77382222222224</ele></trkpt>
<trkpt lat="36.4039339362963" lon="-94.17819618636193"><ele>325.72791111111115</ele></trkpt>
<trkpt lat="36.40397073492456" lon="-94.17826466691356"><ele>325.638336351166</ele></trkpt>
<trkpt lat="36.4040029404664" lon="-94.17831771976763"><ele>325.4966776406036</ele></trkpt>
<trkpt lat="36.40403357958848" lon="-94.17836214345296"><ele>325.3145053497943</ele></trkpt>
<trkpt lat="36.40406221073474" lon="-94.17839973371288"><ele>325.13044399005486</ele></trkpt>
<trkpt lat="36.40408710738255" lon="-94.1784294070559"><ele>324.9843303926612</ele></trkpt>
<trkpt lat="36.404107677147636" lon="-94.1784509747702"><ele>324.9035911779835</ele></trkpt>
<trkpt lat="36.404127627743485" lon="-94.17846928409045"><ele>324.89581618655694</ele></trkpt>
<trkpt lat="36.40418585069444" lon="-94.17852068856124"><ele>325.1084201388889</ele></trkpt>
<trkpt lat="36.40422747395833" lon="-94.17855928806817"><ele>325.3</ele></trkpt>
<trkpt lat="36.40427330729166" lon="-94.17860518503865"><ele>325.4915798611111</ele></trkpt>
<trkpt lat="36.40432001157407" lon="-94.17865801487774"><ele>325.6357349537037</ele></trkpt>
<trkpt lat="36.40436682002315" lon="-94.17871881346237"><ele>325.7146990740741</ele></trkpt>
<trkpt lat="36.404413185763886" lon="-94.17878631923931"><ele>325.74835069444447</ele></trkpt>
<trkpt lat="36.40445646412037" lon="-94.17885607041822"><ele>325.7791956018518</ele></trkpt>
<trkpt lat="36.40449328125" lon="-94.17892331197102"><ele>325.8466660236626</ele></trkpt>
<trkpt lat="36.40452255401235" lon="-94.17898676686409"><ele>325.9674639917696</ele></trkpt>
<trkpt lat="36.40454591724538" lon="-94.17904703114802"><ele>326.124112654321</ele></trkpt>
<trkpt lat="36.404566270254634" lon="-94.17910603961403"><ele>326.2810056584362</ele></trkpt>
<trkpt lat="36.40458665027006" lon="-94.17916753260224"><ele>326.40294495884774</ele></trkpt>
<trkpt lat="36.40461083333333" lon="-94.17924041634456"><ele>326.475</ele></trkpt>
<trkpt lat="36.404642475994514" lon="-94.17933494462274"><ele>326.4980195473251</ele></trkpt>
<trkpt lat="36.40468319272977" lon="-94.17945589266171"><ele>326.4828446502058</ele></trkpt>
<trkpt lat="36.404730390946504" lon="-94.17959539018287"><ele>326.44266975308636</ele></trkpt>
<trkpt lat="36.404778254458165" lon="-94.17973555314292"><ele>326.3900205761317</ele></trkpt>
<trkpt lat="36.40482124142662" lon="-94.17985877175403"><ele>326.3322788065844</ele></trkpt>
<trkpt lat="36.404857500000006" lon="-94.17995791629272"><ele>326.26875</ele></trkpt>
<trkpt lat="36.404889631451475" lon="-94.18003873419046"><ele>326.19168595679014</ele></trkpt>
<trkpt lat="36.40492165584277" lon="-94.18011172698938"><ele>326.094425154321</ele></trkpt>
<trkpt lat="36.40495640014147" lon="-94.1801844612729"><ele>325.9774884259259</ele></trkpt>
<trkpt lat="36.4049941606653" lon="-94.18025705398482"><ele>325.851774691358</ele></trkpt>
<trkpt lat="36.405035003750854" lon="-94.1803274958454"><ele>325.7282021604938</ele></trkpt>
<trkpt lat="36.405079129050925" lon="-94.1803944066389"><ele>325.6135416666666</ele></trkpt>
<trkpt lat="36.40512664930556" lon="-94.18045868036148"><ele>325.5098958333333</ele></trkpt>
<trkpt lat="36.405176976273154" lon="-94.18052070871241"><ele>325.42309027777776</ele></trkpt>
<trkpt lat="36.405229719971715" lon="-94.18058070248492"><ele>325.3599515603567</ele></trkpt>
<trkpt lat="36.40528522890947" lon="-94.18063918872464"><ele>325.32248799725653</ele></trkpt>
<trkpt lat="36.405342169174396" lon="-94.18069541223838"><ele>325.30317644032925</ele></trkpt>
<trkpt lat="36.405398580568416" lon="-94.18074762523871"><ele>325.28927040466397</ele></trkpt>
<trkpt lat="36.40545393100567" lon="-94.18079435597265"><ele>325.26764831961594</ele></trkpt>
<trkpt lat="36.40551333333334" lon="-94.18083833299325"><ele>325.2270833333333</ele></trkpt>
<trkpt lat="36.40558434756516" lon="-94.18088463602818"><ele>325.1595250342936</ele></trkpt>
<trkpt lat="36.40567165037723" lon="-94.18093729708092"><ele>325.0634945130316</ele></trkpt>
<trkpt lat="36.4057715149177" lon="-94.18099539029565"><ele>324.9475565843622</ele></trkpt>
<trkpt lat="36.40605895833335" lon="-94.18115999949131"><ele>324.62083333333334</ele></trkpt>
<trkpt lat="36.40614748371057" lon="-94.18121091766695"><ele>324.5321673525378</ele></trkpt>
<trkpt lat="36.406344071502055" lon="-94.18132455954184"><ele>324.3539094650206</ele></trkpt>
<trkpt lat="36.40653368741426" lon="-94.18143489921754"><ele>324.20500685871065</ele></trkpt>
<trkpt lat="36.406611250000005" lon="-94.18148062462463"><ele>324.1625</ele></trkpt>
<trkpt lat="36.40668232176955" lon="-94.18152316931678"><ele>324.14336145404667</ele></trkpt>
<trkpt lat="36.4067541635391" lon="-94.18156685563189"><ele>324.1426488340192</ele></trkpt>
<trkpt lat="36.40682939641975" lon="-94.1816132808383"><ele>324.1528991769547</ele></trkpt>
<trkpt lat="36.40690374835391" lon="-94.18166014362875"><ele>324.165938957476</ele></trkpt>
<trkpt lat="36.406972003251035" lon="-94.18170496569736"><ele>324.1745960219479</ele></trkpt>
<trkpt lat="36.40703268296297" lon="-94.18174769015754"><ele>324.1745185185185</ele></trkpt>
<trkpt lat="36.40708923703705" lon="-94.18179092720267"><ele>324.1659259259259</ele></trkpt>
<trkpt lat="36.40714466222222" lon="-94.18183635089969"><ele>324.1542222222222</ele></trkpt>
<trkpt lat="36.40719951259259" lon="-94.18188407384967"><ele>324.14970370370366</ele></trkpt>
<trkpt lat="36.40725410518519" lon="-94.18193515677457"><ele>324.1656296296296</ele></trkpt>
<trkpt lat="36.40731144148149" lon="-94.18199344262044"><ele>324.2134962962963</ele></trkpt>
<trkpt lat="36.40737527851853" lon="-94.18206270326557"><ele>324.2971259259259</ele></trkpt>
<trkpt lat="36.407444831111114" lon="-94.18214118173626"><ele>324.40928888888885</ele></trkpt>
<trkpt lat="36.4075140962963" lon="-94.18222167214026"><ele>324.5372592592592</ele></trkpt>
<trkpt lat="36.4075769525926" lon="-94.18229779814214"><ele>324.6748296296296</ele></trkpt>
<trkpt lat="36.407632081255144" lon="-94.18236900653757"><ele>324.8263085733882</ele></trkpt>
<trkpt lat="36.40768267355968" lon="-94.18243923563203"><ele>324.9987671467764</ele></trkpt>
<trkpt lat="36.407731301913586" lon="-94.1825101498923"><ele>325.1863294238683</ele></trkpt>
<trkpt lat="36.40782485779835" lon="-94.18264851266221"><ele>325.5398024005487</ele></trkpt>
<trkpt lat="36.40787395833333" lon="-94.18271916617923"><ele>325.68958333333336</ele></trkpt>
<trkpt lat="36.40793164951989" lon="-94.1828002033653"><ele>325.8341049382716</ele></trkpt>
<trkpt lat="36.408001532064475" lon="-94.1828969658546"><ele>325.9855709876543</ele></trkpt>
<trkpt lat="36.40816136231138" lon="-94.18311701210843"><ele>326.2818672839506</ele></trkpt>
<trkpt lat="36.40823578532236" lon="-94.18322001807553"><ele>326.3822530864198</ele></trkpt>
<trkpt lat="36.40830270833334" lon="-94.18331374931401"><ele>326.4229166666667</ele></trkpt>
<trkpt lat="36.40836691786695" lon="-94.18340514163344"><ele>326.39772805212624</ele></trkpt>
<trkpt lat="36.408433758573395" lon="-94.18350151846292"><ele>326.3144375857339</ele></trkpt>
<trkpt lat="36.40857063357339" lon="-94.18369943520962"><ele>326.0620456104253</ele></trkpt>
<trkpt lat="36.4086286771262" lon="-94.18378162331273"><ele>325.94186385459534</ele></trkpt>
<trkpt lat="36.408675" lon="-94.18384416635729"><ele>325.8416666666667</ele></trkpt>
<trkpt lat="36.408712911522635" lon="-94.18389040447911"><ele>325.7546296296296</ele></trkpt>
<trkpt lat="36.40874832304527" lon="-94.183927630194"><ele>325.6691358024691</ele></trkpt>
<trkpt lat="36.408787345679016" lon="-94.18396315833526"><ele>325.5768518518518</ele></trkpt>
<trkpt lat="36.40883159122085" lon="-94.18399949407083"><ele>325.4824588477366</ele></trkpt>
<trkpt lat="36.408880157750346" lon="-94.18403630819851"><ele>325.39470164609054</ele></trkpt>
<trkpt lat="36.40892850823046" lon="-94.18407022109301"><ele>325.32330246913574</ele></trkpt>
<trkpt lat="36.408975116598086" lon="-94.18409986957742"><ele>325.26769547325097</ele></trkpt>
<trkpt lat="36.40902160150892" lon="-94.18412541309974"><ele>325.222890946502</ele></trkpt>
<trkpt lat="36.40907583333334" lon="-94.184150416461"><ele>325.1791666666667</ele></trkpt>
<trkpt lat="36.409146066529495" lon="-94.18417858508326"><ele>325.129012345679</ele></trkpt>
<trkpt lat="36.40923633058984" lon="-94.18421229383074"><ele>325.06836419753085</ele></trkpt>
<trkpt lat="36.409447287379976" lon="-94.18428879072934"><ele>324.93163580246915</ele></trkpt>
<trkpt lat="36.40954322702332" lon="-94.18432420233091"><ele>324.870987654321</ele></trkpt>
<trkpt lat="36.409625" lon="-94.18435583306012"><ele>324.8208333333334</ele></trkpt>
<trkpt lat="36.40969801080933" lon="-94.18438617064812"><ele>324.7782563786009</ele></trkpt>
<trkpt lat="36.40977017569273" lon="-94.18441831289361"><ele>324.73919670781896</ele></trkpt>
<trkpt lat="36.40984554205762" lon="-94.18445362945434"><ele>324.70357654320986</ele></trkpt>
<trkpt lat="36.4099221914952" lon="-94.18449126325145"><ele>324.6783312757202</ele></trkpt>
<trkpt lat="36.409998168834015" lon="-94.18453104469135"><ele>324.67497242798356</ele></trkpt>
<trkpt lat="36.41007507555555" lon="-94.18457478189914"><ele>324.70361481481484</ele></trkpt>
<trkpt lat="36.410157195555556" lon="-94.18462510183105"><ele>324.7642518518519</ele></trkpt>
<trkpt lat="36.410244240000004" lon="-94.18468151957094"><ele>324.84071111111115</ele></trkpt>
<trkpt lat="36.41032999111111" lon="-94.18474052403505"><ele>324.901362962963</ele></trkpt>
<trkpt lat="36.41040769777778" lon="-94.18479967074458"><ele>324.9080592592593</ele></trkpt>
<trkpt lat="36.41047611233196" lon="-94.18486037263293"><ele>324.83335240054873</ele></trkpt>
<trkpt lat="36.41053906577504" lon="-94.18492600467306"><ele>324.67525171467764</ele></trkpt>
<trkpt lat="36.41059891773663" lon="-94.18499632634578"><ele>324.4651238683128</ele></trkpt>
<trkpt lat="36.410654637503434" lon="-94.1850681163365"><ele>324.25285788751717</ele></trkpt>
<trkpt lat="36.41070392220852" lon="-94.18513929484675"><ele>324.08552524005495</ele></trkpt>
<trkpt lat="36.41074791666667" lon="-94.18521437460932"><ele>323.9875</ele></trkpt>
<trkpt lat="36.4107907441701" lon="-94.18530180336055"><ele>323.960768175583</ele></trkpt>
<trkpt lat="36.41083638031551" lon="-94.18540731851346"><ele>323.9926783264747</ele></trkpt>
<trkpt lat="36.41088519547326" lon="-94.18552754050394"><ele>324.06563786008235</ele></trkpt>
<trkpt lat="36.41093434327846" lon="-94.18565208698273"><ele>324.1652091906722</ele></trkpt>
<trkpt lat="36.41098111454047" lon="-94.1857723587904"><ele>324.2879286694102</ele></trkpt>
<trkpt lat="36.41102625" lon="-94.18588979102907"><ele>324.4458333333334</ele></trkpt>
<trkpt lat="36.41107370884773" lon="-94.18601461429272"><ele>324.6580504115227</ele></trkpt>
<trkpt lat="36.41112695473252" lon="-94.18615572610453"><ele>324.93284465020577</ele></trkpt>
<trkpt lat="36.41124413065844" lon="-94.18646770910023"><ele>325.5725823045267</ele></trkpt>
<trkpt lat="36.41129907921811" lon="-94.1866142129853"><ele>325.85588991769544</ele></trkpt>
<trkpt lat="36.41135" lon="-94.18674999922123"><ele>326.0854166666666</ele></trkpt>
<trkpt lat="36.41140092421126" lon="-94.18688579563259"><ele>326.2722393689986</ele></trkpt>
<trkpt lat="36.41145590706447" lon="-94.18703240217152"><ele>326.43575960219476</ele></trkpt>
<trkpt lat="36.41151490226338" lon="-94.18718965691797"><ele>326.58338477366254</ele></trkpt>
<trkpt lat="36.411573731138546" lon="-94.1873463296514"><ele>326.70273491083674</ele></trkpt>
<trkpt lat="36.41162814643347" lon="-94.18749094998074"><ele>326.76977023319614</ele></trkpt>
<trkpt lat="36.41167791666667" lon="-94.18762270760745"><ele>326.7604166666667</ele></trkpt>
<trkpt lat="36.41172691529493" lon="-94.18775175593801"><ele>326.661865569273</ele></trkpt>
<trkpt lat="36.41177920096023" lon="-94.18788883661482"><ele>326.47936385459536</ele></trkpt>
<trkpt lat="36.411835097736635" lon="-94.1880348525158"><ele>326.2402263374485</ele></trkpt>
<trkpt lat="36.41189116083677" lon="-94.1881806190203"><ele>325.98445644718794</ele></trkpt>
<trkpt lat="36.41194401406037" lon="-94.18831684852573"><ele>325.7451989026063</ele></trkpt>
<trkpt lat="36.41199416666667" lon="-94.18844416593127"><ele>325.53125</ele></trkpt>
<trkpt lat="36.4120458521948" lon="-94.18857298957478"><ele>325.3287980109739</ele></trkpt>
<trkpt lat="36.412102861796996" lon="-94.18871310947091"><ele>325.1207133058985</ele></trkpt>
<trkpt lat="36.412224605624154" lon="-94.18900965273514"><ele>324.6991855281207</ele></trkpt>
<trkpt lat="36.412321250000005" lon="-94.18924416618536"><ele>324.38333333333327</ele></trkpt>
<trkpt lat="36.412393691700956" lon="-94.18941969202736"><ele>324.18126393175584</ele></trkpt>
<trkpt lat="36.412430028292185" lon="-94.18950866003009"><ele>324.09592656893</ele></trkpt>
<trkpt lat="36.41246655435528" lon="-94.18960069420227"><ele>324.0233453360768</ele></trkpt>
<trkpt lat="36.41250133257888" lon="-94.1896931318914"><ele>323.9736754458161</ele></trkpt>
<trkpt lat="36.4125330601852" lon="-94.189783969261"><ele>323.9539148148148</ele></trkpt>
<trkpt lat="36.41256204444445" lon="-94.18987289461771"><ele>323.96091180555555</ele></trkpt>
<trkpt lat="36.412589054629635" lon="-94.18995972863884"><ele>323.98925578703705</ele></trkpt>
<trkpt lat="36.412615684259265" lon="-94.19004737513151"><ele>324.0384969907407</ele></trkpt>
<trkpt lat="36.41267788888889" lon="-94.19025546777199"><ele>324.2219851851852</ele></trkpt>
<trkpt lat="36.412715" lon="-94.19038092847141"><ele>324.3508444444444</ele></trkpt>
<trkpt lat="36.41275211111111" lon="-94.19050796998775"><ele>324.4811407407408</ele></trkpt>
<trkpt lat="36.41278544444445" lon="-94.1906252604359"><ele>324.59312592592596</ele></trkpt>
<trkpt lat="36.412814102222235" lon="-94.19073131827747"><ele>324.6788592592593</ele></trkpt>
<trkpt lat="36.412839880000014" lon="-94.19083297904574"><ele>324.7418074074074</ele></trkpt>
<trkpt lat="36.41286449333334" lon="-94.19093542201678"><ele>324.7856444444444</ele></trkpt>
<trkpt lat="36.412888244444446" lon="-94.1910385835038"><ele>324.80505185185183</ele></trkpt>
<trkpt lat="36.41291107999999" lon="-94.19114269608953"><ele>324.784637037037</ele></trkpt>
<trkpt lat="36.412934026666676" lon="-94.19125356568443"><ele>324.7085037037037</ele></trkpt>
<trkpt lat="36.412958684444455" lon="-94.19137861155956"><ele>324.574162962963</ele></trkpt>
<trkpt lat="36.413012253333335" lon="-94.19165826487189"><ele>324.23834074074074</ele></trkpt>
<trkpt lat="36.413038382222226" lon="-94.1917940989664"><ele>324.1236148148148</ele></trkpt>
<trkpt lat="36.4130641837037" lon="-94.19192592858948"><ele>324.08542222222223</ele></trkpt>
<trkpt lat="36.41309134962963" lon="-94.192062044112"><ele>324.1215111111111</ele></trkpt>
<trkpt lat="36.413120337777784" lon="-94.19220474631234"><ele>324.20506666666665</ele></trkpt>
<trkpt lat="36.41314990074074" lon="-94.19234701743495"><ele>324.29724444444446</ele></trkpt>
<trkpt lat="36.41317902814815" lon="-94.19248166189729"><ele>324.3627555555555</ele></trkpt>
<trkpt lat="36.413208650370365" lon="-94.19261066188291"><ele>324.3818074074074</ele></trkpt>
<trkpt lat="36.4132406962963" lon="-94.19274241739569"><ele>324.35517037037033</ele></trkpt>
<trkpt lat="36.41327533777778" lon="-94.1928797462582"><ele>324.30168888888886</ele></trkpt>
<trkpt lat="36.41331055407407" lon="-94.1930166440523"><ele>324.2510814814815</ele></trkpt>
<trkpt lat="36.41334456148148" lon="-94.19314692852471"><ele>324.2342518518518</ele></trkpt>
<trkpt lat="36.4133775904546" lon="-94.19327158835533"><ele>324.2707162509448</ele></trkpt>
<trkpt lat="36.41344477836087" lon="-94.19352220574959"><ele>324.4820371882086</ele></trkpt>
<trkpt lat="36.41347640520463" lon="-94.19364258983884"><ele>324.60340256991685</ele></trkpt>
<trkpt lat="36.41350370124177" lon="-94.1937526713631"><ele>324.6960042328042</ele></trkpt>
<trkpt lat="36.41352674927114" lon="-94.19385683640272"><ele>324.7448979591836</ele></trkpt>
<trkpt lat="36.41354743440234" lon="-94.19396653025119"><ele>324.7448979591837</ele></trkpt>
<trkpt lat="36.41356829608035" lon="-94.19409454605156"><ele>324.69768383543897</ele></trkpt>
<trkpt lat="36.413590795270494" lon="-94.19424612193806"><ele>324.61012309685776</ele></trkpt>
<trkpt lat="36.41361453838679" lon="-94.19441370694462"><ele>324.49723032069966</ele></trkpt>
<trkpt lat="36.41365731454487" lon="-94.1947231628912"><ele>324.27597991577585</ele></trkpt>
<trkpt lat="36.413684008746365" lon="-94.1949192855675"><ele>324.1396501457726</ele></trkpt>
<trkpt lat="36.41369981303515" lon="-94.19504014468384"><ele>324.075558994909</ele></trkpt>
<trkpt lat="36.413714509134785" lon="-94.19516331773116"><ele>324.09829072134437</ele></trkpt>
<trkpt lat="36.413721800089085" lon="-94.19523029311328"><ele>324.17096205913293</ele></trkpt>
<trkpt lat="36.41374003686557" lon="-94.19540979933011"><ele>324.50438957476</ele></trkpt>
<trkpt lat="36.413757127057615" lon="-94.19556229237612"><ele>324.6926354595337</ele></trkpt>
<trkpt lat="36.413784853395065" lon="-94.19580048846117"><ele>324.9024434156379</ele></trkpt>
<trkpt lat="36.41379946244857" lon="-94.19592901386237"><ele>325.0159807956104</ele></trkpt>
<trkpt lat="36.41381147890948" lon="-94.19604235411047"><ele>325.1305984224966</ele></trkpt>
<trkpt lat="36.41381958333334" lon="-94.19613416658541"><ele>325.25208333333336</ele></trkpt>
<trkpt lat="36.41382381809721" lon="-94.19620870249928"><ele>325.3918911994545</ele></trkpt>
<trkpt lat="36.413825007068674" lon="-94.19627419410634"><ele>325.5570065827625</ele></trkpt>
<trkpt lat="36.413824050663486" lon="-94.19633618806203"><ele>325.7400281497079</ele></trkpt>
<trkpt lat="36.4138213112385" lon="-94.1963970544454"><ele>325.9245031184137</ele></trkpt>
<trkpt lat="36.4138163968324" lon="-94.19645930803168"><ele>326.09667380032556</ele></trkpt>
<trkpt lat="36.413808163265315" lon="-94.1965291401233"><ele>326.2572886297376</ele></trkpt>
<trkpt lat="36.41379500000001" lon="-94.19661626854032"><ele>326.42026239067053</ele></trkpt>
<trkpt lat="36.41377553126013" lon="-94.19672998806848"><ele>326.6033959615592</ele></trkpt>
<trkpt lat="36.41374954000648" lon="-94.19687258674813"><ele>326.8153925062088</ele></trkpt>
<trkpt lat="36.413718615160356" lon="-94.1970338312787"><ele>327.04692257855527</ele></trkpt>
<trkpt lat="36.413685333657284" lon="-94.19719308562813"><ele>327.27321563546053</ele></trkpt>
<trkpt lat="36.413651300615484" lon="-94.19732889317697"><ele>327.46734153979054</ele></trkpt>
<trkpt lat="36.41361548104957" lon="-94.19742880500306"><ele>327.6141399416909</ele></trkpt>
<trkpt lat="36.413574110787174" lon="-94.19749211388375"><ele>327.7144314868804</ele></trkpt>
<trkpt lat="36.41352244303321" lon="-94.19752527030845"><ele>327.77889836710693</ele></trkpt>
<trkpt lat="36.41345781422844" lon="-94.19753712132024"><ele>327.8220950461313</ele></trkpt>
<trkpt lat="36.4133816851357" lon="-94.19753612018049"><ele>327.8606153043228</ele></trkpt>
<trkpt lat="36.413299110367255" lon="-94.19752952159357"><ele>327.91552538122835</ele></trkpt>
<trkpt lat="36.41321336293028" lon="-94.19752238632674"><ele>328.01445968157986</ele></trkpt>
<trkpt lat="36.413121458333336" lon="-94.197517291637"><ele>328.19166666666666</ele></trkpt>
<trkpt lat="36.413014795096025" lon="-94.19751479337718"><ele>328.47725480109744</ele></trkpt>
<trkpt lat="36.412887707475996" lon="-94.19751444788861"><ele>328.8772719478738</ele></trkpt>
<trkpt lat="36.41274563528807" lon="-94.19751553757713"><ele>329.3553755144033</ele></trkpt>
<trkpt lat="36.4126046442044" lon="-94.19751754203942"><ele>329.8426268861454</ele></trkpt>
<trkpt lat="36.41248124571331" lon="-94.19752031810434"><ele>330.273859739369</ele></trkpt>
<trkpt lat="36.41238208333334" lon="-94.1975241667026"><ele>330.6229166666667</ele></trkpt>
<trkpt lat="36.41230127711334" lon="-94.19752972676791"><ele>330.9098047410837</ele></trkpt>
<trkpt lat="36.41222840009859" lon="-94.19753744154124"><ele>331.17012067043896</ele></trkpt>
<trkpt lat="36.41215619823817" lon="-94.19754722421094"><ele>331.4255369084362</ele></trkpt>
<trkpt lat="36.412085260631" lon="-94.19755833081841"><ele>331.6653463648834</ele></trkpt>
<trkpt lat="36.41201800582991" lon="-94.19757034984556"><ele>331.8696416323731</ele></trkpt>
<trkpt lat="36.41195580504117" lon="-94.19758366517289"><ele>332.02779492455414</ele></trkpt>
<trkpt lat="36.411896534529326" lon="-94.19760021417535"><ele>332.15549447016457</ele></trkpt>
<trkpt lat="36.411839919088656" lon="-94.19762237682383"><ele>332.27640282064476</ele></trkpt>
<trkpt lat="36.41178638620971" lon="-94.1976520703377"><ele>332.4120102451989</ele></trkpt>
<trkpt lat="36.411736563786015" lon="-94.19768930050259"><ele>332.5734567901235</ele></trkpt>
<trkpt lat="36.411688470507556" lon="-94.19773269557685"><ele>332.76796982167355</ele></trkpt>
<trkpt lat="36.411640068587104" lon="-94.19778041163764"><ele>332.9958161865569</ele></trkpt>
<trkpt lat="36.41159117283951" lon="-94.19783078201202"><ele>333.24218106995886</ele></trkpt>
<trkpt lat="36.41154399862826" lon="-94.19788223605127"><ele>333.47784636488336</ele></trkpt>
<trkpt lat="36.411501145404664" lon="-94.19793301106962"><ele>333.6764746227709</ele></trkpt>
<trkpt lat="36.411432050754456" lon="-94.19802242118071"><ele>333.97098765432105</ele></trkpt>
<trkpt lat="36.41140408093278" lon="-94.19805630319485"><ele>334.11255144032924</ele></trkpt>
<trkpt lat="36.411376481481476" lon="-94.19808382719698"><ele>334.2812757201646</ele></trkpt>
<trkpt lat="36.411345059156375" lon="-94.19810901410969"><ele>334.4871484910837</ele></trkpt>
<trkpt lat="36.41130682355967" lon="-94.19813563621744"><ele>334.7298268175583</ele></trkpt>
<trkpt lat="36.411263649691364" lon="-94.19816373980528"><ele>334.9873199588477</ele></trkpt>
<trkpt lat="36.41121846707819" lon="-94.19819184510975"><ele>335.23707133058986</ele></trkpt>
<trkpt lat="36.41117225051441" lon="-94.19821917883216"><ele>335.46598936899863</ele></trkpt>
<trkpt lat="36.411119375000006" lon="-94.19824875025405"><ele>335.69375</ele></trkpt>
<trkpt lat="36.41105242626887" lon="-94.19828462915974"><ele>335.9503429355281</ele></trkpt>
<trkpt lat="36.41096737568588" lon="-94.19832920404886"><ele>336.25693587105627</ele></trkpt>
<trkpt lat="36.41086931584362" lon="-94.19837995170434"><ele>336.6019547325103</ele></trkpt>
<trkpt lat="36.41077009173526" lon="-94.19843061609107"><ele>336.9503000685871</ele></trkpt>
<trkpt lat="36.41068106824417" lon="-94.19847490694951"><ele>337.268244170096</ele></trkpt>
<trkpt lat="36.41060604166667" lon="-94.19851020860864"><ele>337.5479166666667</ele></trkpt>
<trkpt lat="36.410539670031724" lon="-94.19853848452688"><ele>337.8128943758574</ele></trkpt>
<trkpt lat="36.41047398608968" lon="-94.19856338182376"><ele>338.0934585048011</ele></trkpt>
<trkpt lat="36.41040431680813" lon="-94.19858738021851"><ele>338.4051183127572</ele></trkpt>
<trkpt lat="36.41033271004801" lon="-94.19861001469006"><ele>338.7367455418382</ele></trkpt>
<trkpt lat="36.41026319101509" lon="-94.19862970258869"><ele>339.07075617283954</ele></trkpt>
<trkpt lat="36.410198571673526" lon="-94.19864523925695"><ele>339.39450445816186</ele></trkpt>
<trkpt lat="36.41013892521861" lon="-94.19865683163846"><ele>339.7027520576131</ele></trkpt>
<trkpt lat="36.41008265442816" lon="-94.19866500099045"><ele>339.9945816186556</ele></trkpt>
<trkpt lat="36.4100260094093" lon="-94.19866997203569"><ele>340.2787722908093</ele></trkpt>
<trkpt lat="36.409961041666676" lon="-94.19867166664662"><ele>340.5875</ele></trkpt>
<trkpt lat="36.40987867112484" lon="-94.19867012512046"><ele>340.9617198216735</ele></trkpt>
<trkpt lat="36.40977446416324" lon="-94.198665882981"><ele>341.42413408779146</ele></trkpt>
<trkpt lat="36.40953517403979" lon="-94.19865447866214"><ele>342.4740569272977</ele></trkpt>
<trkpt lat="36.4094303995199" lon="-94.1986508041378"><ele>342.9336334019204</ele></trkpt>
<trkpt lat="36.409346875000004" lon="-94.19865041665572"><ele>343.30208333333337</ele></trkpt>
<trkpt lat="36.409279975137174" lon="-94.1986540810603"><ele>343.6007308813443</ele></trkpt>
<trkpt lat="36.40922096879287" lon="-94.19866178963042"><ele>343.868919324417</ele></trkpt>
<trkpt lat="36.40916362911523" lon="-94.19867275821912"><ele>344.13610468107</ele></trkpt>
<trkpt lat="36.40910824502743" lon="-94.1986854673006"><ele>344.4056670096022</ele></trkpt>
<trkpt lat="36.409056849279835" lon="-94.19869885292384"><ele>344.67624314128943</ele></trkpt>
<trkpt lat="36.40901052297668" lon="-94.1987127092282"><ele>344.94890260630996</ele></trkpt>
<trkpt lat="36.408966918724275" lon="-94.1987280944945"><ele>345.2345228909465</ele></trkpt>
<trkpt lat="36.40892491253773" lon="-94.19874571424214"><ele>345.5292854080933</ele></trkpt>
<trkpt lat="36.408884253141295" lon="-94.19876584463938"><ele>345.8237917524005</ele></trkpt>
<trkpt lat="36.408846306831286" lon="-94.19878751774928"><ele>346.10127572016455</ele></trkpt>
<trkpt lat="36.40880954677642" lon="-94.19881072792414"><ele>346.3669245541838</ele></trkpt>
<trkpt lat="36.40876958277093" lon="-94.19883724183383"><ele>346.6461042524005</ele></trkpt>
<trkpt lat="36.40857974666668" lon="-94.19896500035726"><ele>347.9025333333333</ele></trkpt>
<trkpt lat="36.408504106666676" lon="-94.19901560031737"><ele>348.39977777777773</ele></trkpt>
<trkpt lat="36.408438217777785" lon="-94.19905900022583"><ele>348.8395999999999</ele></trkpt>
<trkpt lat="36.40838564444445" lon="-94.19909244458287"><ele>349.2028444444444</ele></trkpt>
<trkpt lat="36.40834282222223" lon="-94.19911811119813"><ele>349.5142222222222</ele></trkpt>
<trkpt lat="36.40830373333335" lon="-94.19914000007505"><ele>349.8101333333333</ele></trkpt>
<trkpt lat="36.4082624888889" lon="-94.1991618889913"><ele>350.12328888888885</ele></trkpt>
<trkpt lat="36.40821231111112" lon="-94.19918755573447"><ele>350.49351111111105</ele></trkpt>
<trkpt lat="36.40814544000001" lon="-94.19922099882193"><ele>350.97121481481474</ele></trkpt>
<trkpt lat="36.40795474666667" lon="-94.19931491604527"><ele>352.3059111111111</ele></trkpt>
<trkpt lat="36.407851400000006" lon="-94.1993653041369"><ele>353.03496296296294</ele></trkpt>
<trkpt lat="36.40776215111111" lon="-94.19940819882298"><ele>353.6849925925926</ele></trkpt>
<trkpt lat="36.40769166644719" lon="-94.19944093554457"><ele>354.2376109739369</ele></trkpt>
<trkpt lat="36.407634726474626" lon="-94.19946560860814"><ele>354.73747873799726</ele></trkpt>
<trkpt lat="36.40758285415638" lon="-94.19948556763703"><ele>355.24323292181066</ele></trkpt>
<trkpt lat="36.407532377558304" lon="-94.19950187762869"><ele>355.7643072702332</ele></trkpt>
<trkpt lat="36.4074832115775" lon="-94.19951378762215"><ele>356.2847791495199</ele></trkpt>
<trkpt lat="36.40743722139918" lon="-94.19951980131336"><ele>356.7796559670782</ele></trkpt>
<trkpt lat="36.407391831550065" lon="-94.1995187025567"><ele>357.2799039780521</ele></trkpt>
<trkpt lat="36.40734037750343" lon="-94.19950811931581"><ele>357.8663643347051</ele></trkpt>
<trkpt lat="36.40727282666667" lon="-94.199485272327"><ele>358.65693333333337</ele></trkpt>
<trkpt lat="36.40718353777778" lon="-94.19944907367125"><ele>359.7157777777778</ele></trkpt>
<trkpt lat="36.40707645333333" lon="-94.199402803962"><ele>360.9905333333334</ele></trkpt>
<trkpt lat="36.406963333333344" lon="-94.1993527980392"><ele>362.3342666666667</ele></trkpt>
<trkpt lat="36.406746543703704" lon="-94.1992561388146"><ele>364.8692296296297</ele></trkpt>
<trkpt lat="36.40652312444445" lon="-94.19915660395779"><ele>367.406088888889</ele></trkpt>
<trkpt lat="36.40641498074074" lon="-94.19910885143793"><ele>368.61192592592596</ele></trkpt>
<trkpt lat="36.40632316592592" lon="-94.19906911674994"><ele>369.6132296296297</ele></trkpt>
<trkpt lat="36.40625114953704" lon="-94.19903936867327"><ele>370.36182939814813</ele></trkpt>
<trkpt lat="36.4061936837963" lon="-94.19901737050546"><ele>370.9148900462963</ele></trkpt>
<trkpt lat="36.406095049074075" lon="-94.19898123845819"><ele>371.83052962962967</ele></trkpt>
<trkpt lat="36.406047334979434" lon="-94.19896128135002"><ele>372.34692229080935</ele></trkpt>
<trkpt lat="36.40599933384774" lon="-94.19893823293859"><ele>372.9482853223595</ele></trkpt>
<trkpt lat="36.40595143132717" lon="-94.19891285290609"><ele>373.601623585391</ele></trkpt>
<trkpt lat="36.405904137088484" lon="-94.19888642155553"><ele>374.2450542266804</ele></trkpt>
<trkpt lat="36.40585635673868" lon="-94.19885913369689"><ele>374.82918702846365</ele></trkpt>
<trkpt lat="36.40580250000001" lon="-94.19882812472454"><ele>375.37291666666664</ele></trkpt>
<trkpt lat="36.40573536522634" lon="-94.19878934971781"><ele>375.93387345679014</ele></trkpt>
<trkpt lat="36.40565114711934" lon="-94.19874065187611"><ele>376.558950617284</ele></trkpt>
<trkpt lat="36.40555470679013" lon="-94.1986849016444"><ele>377.2280092592593</ele></trkpt>
<trkpt lat="36.405457767489715" lon="-94.1986289852048"><ele>377.85964506172843</ele></trkpt>
<trkpt lat="36.40537184670783" lon="-94.19857972007733"><ele>378.3570216049382</ele></trkpt>
<trkpt lat="36.40530125000001" lon="-94.19853979137173"><ele>378.6583333333333</ele></trkpt>
<trkpt lat="36.40524144933128" lon="-94.19850679838308"><ele>378.7542427554869</ele></trkpt>
<trkpt lat="36.40518510931071" lon="-94.19847662845675"><ele>378.6761456189986</ele></trkpt>
<trkpt lat="36.40512782021606" lon="-94.19844673243139"><ele>378.47679076646085</ele></trkpt>
<trkpt lat="36.40507160236626" lon="-94.19841816689402"><ele>378.21683813443065</ele></trkpt>
<trkpt lat="36.40501978223595" lon="-94.19839292773065"><ele>377.93775720164604</ele></trkpt>
<trkpt lat="36.40497376457476" lon="-94.19837207127637"><ele>377.6561299725651</ele></trkpt>
<trkpt lat="36.40492992926955" lon="-94.19835400683827"><ele>377.36321694958843</ele></trkpt>
<trkpt lat="36.404884919200974" lon="-94.19833701336321"><ele>377.05863836591215</ele></trkpt>
<trkpt lat="36.404836707712626" lon="-94.19832018454655"><ele>376.74588107853225</ele></trkpt>
<trkpt lat="36.404787177119346" lon="-94.19830498926407"><ele>376.4345004115226</ele></trkpt>
<trkpt lat="36.40473667956105" lon="-94.19829380766807"><ele>376.1044718792867</ele></trkpt>
<trkpt lat="36.40468233410151" lon="-94.1982896236236"><ele>375.703539643347</ele></trkpt>
<trkpt lat="36.4046165762963" lon="-94.19829413638688"><ele>375.1543703703703</ele></trkpt>
<trkpt lat="36.404534090370376" lon="-94.1983072549664"><ele>374.41411851851853</ele></trkpt>
<trkpt lat="36.40443738222223" lon="-94.1983264357424"><ele>373.5204444444444</ele></trkpt>
<trkpt lat="36.40433621925926" lon="-94.19834805944629"><ele>372.57647407407404</ele></trkpt>
<trkpt lat="36.40423853185185" lon="-94.19836951424725"><ele>371.66459259259256</ele></trkpt>
<trkpt lat="36.40404738370371" lon="-94.1984121201854"><ele>369.8941185185185</ele></trkpt>
<trkpt lat="36.40394820888889" lon="-94.19843449352122"><ele>368.98377777777773</ele></trkpt>
<trkpt lat="36.40385449481482" lon="-94.19845600460508"><ele>368.1309185185185</ele></trkpt>
<trkpt lat="36.40377647851852" lon="-94.19847468011318"><ele>367.4345925925926</ele></trkpt>
<trkpt lat="36.403717603127575" lon="-94.19849023672285"><ele>366.9340213991769</ele></trkpt>
<trkpt lat="36.403672818107" lon="-94.19850438001815"><ele>366.58744032921805</ele></trkpt>
<trkpt lat="36.40363288938271" lon="-94.1985201262975"><ele>366.30870123456793</ele></trkpt>
<trkpt lat="36.403591022340535" lon="-94.19853990441563"><ele>366.0234114454733</ele></trkpt>
<trkpt lat="36.403544377844646" lon="-94.19856513302622"><ele>365.6883036779836</ele></trkpt>
<trkpt lat="36.403495495756175" lon="-94.19859522931898"><ele>365.29972029320993</ele></trkpt>
<trkpt lat="36.40344772633745" lon="-94.19863039790631"><ele>364.8504886831276</ele></trkpt>
<trkpt lat="36.40340344650206" lon="-94.19867223895375"><ele>364.31933191872434</ele></trkpt>
<trkpt lat="36.40336143518519" lon="-94.1987233884565"><ele>363.67936921296297</ele></trkpt>
<trkpt lat="36.40332032986111" lon="-94.19878329877625"><ele>362.96319444444447</ele></trkpt>
<trkpt lat="36.40327978587963" lon="-94.19884882250926"><ele>362.26947337962963</ele></trkpt>
<trkpt lat="36.40324001157408" lon="-94.19891753489867"><ele>361.70425347222226</ele></trkpt>
<trkpt lat="36.40320034143519" lon="-94.1989898236845"><ele>361.3085648148148</ele></trkpt>
<trkpt lat="36.403160329861116" lon="-94.19906565991897"><ele>361.0511284722222</ele></trkpt>
<trkpt lat="36.40312087962963" lon="-94.19914261882369"><ele>360.88070023148146</ele></trkpt>
<trkpt lat="36.40308301793982" lon="-94.19921851001506"><ele>360.7604456018518</ele></trkpt>
<trkpt lat="36.40304662326389" lon="-94.19929383697782"><ele>360.67031249999997</ele></trkpt>
<trkpt lat="36.40301148437499" lon="-94.19936950537426"><ele>360.59010416666666</ele></trkpt>
<trkpt lat="36.40297887152778" lon="-94.19944433174354"><ele>360.49305555555554</ele></trkpt>
<trkpt lat="36.40295049768519" lon="-94.1995170400496"><ele>360.3498263888889</ele></trkpt>
<trkpt lat="36.40292667245371" lon="-94.19958880218248"><ele>360.13975694444446</ele></trkpt>
<trkpt lat="36.40290615451389" lon="-94.19966197925655"><ele>359.86041666666665</ele></trkpt>
<trkpt lat="36.40288760127315" lon="-94.19973852439416"><ele>359.5137152777778</ele></trkpt>
<trkpt lat="36.40287002025463" lon="-94.1998209260209"><ele>359.0900462962963</ele></trkpt>
<trkpt lat="36.40285262152778" lon="-94.19991179987535"><ele>358.5754050925926</ele></trkpt>
<trkpt lat="36.40281737847222" lon="-94.20010575820626"><ele>357.3757523148148</ele></trkpt>
<trkpt lat="36.40279998263889" lon="-94.20019305564507"><ele>356.7893518518518</ele></trkpt>
<trkpt lat="36.40278243055555" lon="-94.20026910308864"><ele>356.2362847222222</ele></trkpt>
<trkpt lat="36.40276401041667" lon="-94.20033670146516"><ele>355.7</ele></trkpt>
<trkpt lat="36.402743906249995" lon="-94.20039868642155"><ele>355.1637152777778</ele></trkpt>
<trkpt lat="36.4027212200463" lon="-94.20045657430089"><ele>354.61481620370375</ele></trkpt>
<trkpt lat="36.40269508092593" lon="-94.20051189121385"><ele>354.039762962963</ele></trkpt>
<trkpt lat="36.40266586555556" lon="-94.20056565386773"><ele>353.4449402777778</ele></trkpt>
<trkpt lat="36.40263451203705" lon="-94.20061813138524"><ele>352.8543726851851</ele></trkpt>
<trkpt lat="36.40260061796297" lon="-94.20067059614453"><ele>352.28084398148144</ele></trkpt>
<trkpt lat="36.402561240000004" lon="-94.20072734838837"><ele>351.69368888888886</ele></trkpt>
<trkpt lat="36.402513742222226" lon="-94.2007924877241"><ele>351.05115555555557</ele></trkpt>
<trkpt lat="36.40245974666668" lon="-94.2008645781289"><ele>350.3576</ele></trkpt>
<trkpt lat="36.40240532" lon="-94.2009359499455"><ele>349.67697777777784</ele></trkpt>
<trkpt lat="36.402356351111116" lon="-94.2009986372754"><ele>349.0785777777778</ele></trkpt>
<trkpt lat="36.402313665459545" lon="-94.20105091001898"><ele>348.574460356653</ele></trkpt>
<trkpt lat="36.40227397832648" lon="-94.20109664155868"><ele>348.12313305898493</ele></trkpt>
<trkpt lat="36.4022340126749" lon="-94.20114018743682"><ele>347.67298106995884</ele></trkpt>
<trkpt lat="36.4021947507819" lon="-94.20118112667254"><ele>347.21268806584357</ele></trkpt>
<trkpt lat="36.40215877135803" lon="-94.20121678343381"><ele>346.7523012345679</ele></trkpt>
<trkpt lat="36.40212773662552" lon="-94.20124491773181"><ele>346.3039094650206</ele></trkpt>
<trkpt lat="36.40210019884775" lon="-94.20126647854255"><ele>345.86007736625515</ele></trkpt>
<trkpt lat="36.40207397168725" lon="-94.20128323244774"><ele>345.4092625514403</ele></trkpt>
<trkpt lat="36.4020476018107" lon="-94.20129658833118"><ele>344.94733168724275</ele></trkpt>
<trkpt lat="36.40201922935528" lon="-94.20130728506761"><ele>344.4513964334705</ele></trkpt>
<trkpt lat="36.401984949739365" lon="-94.20131598279623"><ele>343.8591253772291</ele></trkpt>
<trkpt lat="36.40193870962963" lon="-94.20132381781373"><ele>343.0695111111111</ele></trkpt>
<trkpt lat="36.4018771125926" lon="-94.2013316667143"><ele>342.0288888888889</ele></trkpt>
<trkpt lat="36.40180364888889" lon="-94.20133974671924"><ele>340.8101333333334</ele></trkpt>
<trkpt lat="36.40172788592593" lon="-94.20134739560223"><ele>339.60862222222227</ele></trkpt>
<trkpt lat="36.40165844296296" lon="-94.2013537733673"><ele>338.6268444444445</ele></trkpt>
<trkpt lat="36.401596914027785" lon="-94.20135856923501"><ele>337.9580590277778</ele></trkpt>
<trkpt lat="36.40153924652778" lon="-94.20136212246845"><ele>337.56420486111114</ele></trkpt>
<trkpt lat="36.401482157916675" lon="-94.20136498681671"><ele>337.34769791666673</ele></trkpt>
<trkpt lat="36.40137804222871" lon="-94.20136996655508"><ele>337.14551419933053</ele></trkpt>
<trkpt lat="36.40130141068392" lon="-94.20137411322791"><ele>337.05716841796243</ele></trkpt>
<trkpt lat="36.40126854445052" lon="-94.2013751490192"><ele>337.026140957375</ele></trkpt>
<trkpt lat="36.401232545645044" lon="-94.20137462567864"><ele>336.9907393066353</ele></trkpt>
<trkpt lat="36.40118580174928" lon="-94.20137176377209"><ele>336.94067055393583</ele></trkpt>
<trkpt lat="36.40111948396502" lon="-94.20136574621446"><ele>336.86545189504375</ele></trkpt>
<trkpt lat="36.401026166936624" lon="-94.20135600442316"><ele>336.7571320591729</ele></trkpt>
<trkpt lat="36.40076325494008" lon="-94.20132735666911"><ele>336.46507936507936</ele></trkpt>
<trkpt lat="36.40061720948062" lon="-94.20131261057026"><ele>336.3385109599395</ele></trkpt>
<trkpt lat="36.4004797309146" lon="-94.20130138963417"><ele>336.2862541842133</ele></trkpt>
<trkpt lat="36.400354002915456" lon="-94.2012958629343"><ele>336.3559766763848</ele></trkpt>
<trkpt lat="36.40023177259476" lon="-94.20129711672627"><ele>336.5879008746355</ele></trkpt>
<trkpt lat="36.40010049865026" lon="-94.20130528396875"><ele>337.0057391210452</ele></trkpt>
<trkpt lat="36.39995274883922" lon="-94.20131947401742"><ele>337.5983587085627</ele></trkpt>
<trkpt lat="36.399793517330735" lon="-94.20133755127038"><ele>338.3003077421444</ele></trkpt>
<trkpt lat="36.3996385697009" lon="-94.2013565658715"><ele>339.0027804772702</ele></trkpt>
<trkpt lat="36.39950543807364" lon="-94.20137395456821"><ele>339.5971871288197</ele></trkpt>
<trkpt lat="36.39940388629738" lon="-94.20138862556539"><ele>340.0186588921282</ele></trkpt>
<trkpt lat="36.39933293002915" lon="-94.20140109924795"><ele>340.2568513119533</ele></trkpt>
<trkpt lat="36.39928494557694" lon="-94.20141282493394"><ele>340.33401295756397</ele></trkpt>
<trkpt lat="36.39925068174797" lon="-94.2014251659152"><ele>340.2882209264658</ele></trkpt>
<trkpt lat="36.399192705085845" lon="-94.20145364514319"><ele>340.0235633300939</ele></trkpt>
<trkpt lat="36.39915618556398" lon="-94.20146971420711"><ele>339.91319015225133</ele></trkpt>
<trkpt lat="36.39910658681482" lon="-94.20148770558669"><ele>339.86792592592593</ele></trkpt>
<trkpt lat="36.3990405362963" lon="-94.20150856044201"><ele>339.89007407407405</ele></trkpt>
<trkpt lat="36.398961088444445" lon="-94.20153181261409"><ele>339.9584444444444</ele></trkpt>
<trkpt lat="36.398875834962965" lon="-94.20155559646565"><ele>340.04118518518516</ele></trkpt>
<trkpt lat="36.39878997348149" lon="-94.20157826564375"><ele>340.1123703703704</ele></trkpt>
<trkpt lat="36.398702774460645" lon="-94.20159970134537"><ele>340.15986653709103</ele></trkpt>
<trkpt lat="36.39861044863622" lon="-94.20162088901226"><ele>340.1845319080013</ele></trkpt>
<trkpt lat="36.39851466126336" lon="-94.20164182876044"><ele>340.19239261418846</ele></trkpt>
<trkpt lat="36.39842079022352" lon="-94.20166157245812"><ele>340.1873074182053</ele></trkpt>
<trkpt lat="36.39833325894396" lon="-94.20167905216545"><ele>340.16779656624556</ele></trkpt>
<trkpt lat="36.398248290087466" lon="-94.2016946795012"><ele>340.1278425655977</ele></trkpt>
<trkpt lat="36.39815620991254" lon="-94.20170997400818"><ele>340.05889212827987</ele></trkpt>
<trkpt lat="36.39804634720873" lon="-94.2017267677327"><ele>339.9539628549833</ele></trkpt>
<trkpt lat="36.39791432480294" lon="-94.20174598970331"><ele>339.813497462477</ele></trkpt>
<trkpt lat="36.397766139779726" lon="-94.20176707428499"><ele>339.6506154842889</ele></trkpt>
<trkpt lat="36.39747571876688" lon="-94.20180793524209"><ele>339.3518896447468</ele></trkpt>
<trkpt lat="36.397349795918366" lon="-94.20182560089555"><ele>339.25422740524783</ele></trkpt>
<trkpt lat="36.397230010204076" lon="-94.20184239972943"><ele>339.19781341107876</ele></trkpt>
<trkpt lat="36.3971040122557" lon="-94.20186006805744"><ele>339.1769247381493</ele></trkpt>
<trkpt lat="36.39681244007128" lon="-94.20190107428995"><ele>339.2067703271785</ele></trkpt>
<trkpt lat="36.39666180828205" lon="-94.20192252940025"><ele>339.2422362595832</ele></trkpt>
<trkpt lat="36.396524172281616" lon="-94.20194263495132"><ele>339.2874527588814</ele></trkpt>
<trkpt lat="36.3964033702624" lon="-94.20196117524036"><ele>339.346501457726</ele></trkpt>
<trkpt lat="36.39629254810497" lon="-94.20197947844751"><ele>339.42798833819245</ele></trkpt>
<trkpt lat="36.39617945983081" lon="-94.20199959740253"><ele>339.5414087151616</ele></trkpt>
<trkpt lat="36.39605485142969" lon="-94.20202295625283"><ele>339.69076023707544</ele></trkpt>
<trkpt lat="36.39591846259629" lon="-94.20204941557033"><ele>339.87032537882885</ele></trkpt>
<trkpt lat="36.39577944299872" lon="-94.20207733857892"><ele>340.0660562814191</ele></trkpt>
<trkpt lat="36.39564740450021" lon="-94.202105391123"><ele>340.2684756265822</ele></trkpt>
<trkpt lat="36.395523979166676" lon="-94.20213412542266"><ele>340.4833333333333</ele></trkpt>
<trkpt lat="36.395402348527284" lon="-94.20216549181214"><ele>340.7259322765839</ele></trkpt>
<trkpt lat="36.395276098803535" lon="-94.20220064360224"><ele>341.0040479093634</ele></trkpt>
<trkpt lat="36.395148289923405" lon="-94.20223776917925"><ele>341.3014936747447</ele></trkpt>
<trkpt lat="36.3950268019071" lon="-94.2022739511096"><ele>341.5941713661535</ele></trkpt>
<trkpt lat="36.394917730900396" lon="-94.20230718950997"><ele>341.86653584311335</ele></trkpt>
<trkpt lat="36.39481785185185" lon="-94.20233858715787"><ele>342.12901234567903</ele></trkpt>
<trkpt lat="36.39471902674897" lon="-94.20237089256946"><ele>342.40582990397803</ele></trkpt>
<trkpt lat="36.39461080658437" lon="-94.20240760964556"><ele>342.72750342935524</ele></trkpt>
<trkpt lat="36.39448350000001" lon="-94.20245202643571"><ele>343.1228395061728</ele></trkpt>
<trkpt lat="36.394329535131845" lon="-94.20250666857221"><ele>343.6135954884926</ele></trkpt>
<trkpt lat="36.39414760592898" lon="-94.2025718142775"><ele>344.20016765736926</ele></trkpt>
<trkpt lat="36.39394667946959" lon="-94.20264406902409"><ele>344.846959304984</ele></trkpt>
<trkpt lat="36.393743505791804" lon="-94.20271728692177"><ele>345.48857643651877</ele></trkpt>
<trkpt lat="36.3935539082457" lon="-94.2027857195319"><ele>346.057491236092</ele></trkpt>
<trkpt lat="36.393384351851864" lon="-94.20284704537043"><ele>346.5123456790123</ele></trkpt>
<trkpt lat="36.393230148148156" lon="-94.20290299309734"><ele>346.8457475994512</ele></trkpt>
<trkpt lat="36.393080018518525" lon="-94.20295767769"><ele>347.0709190672153</ele></trkpt>
<trkpt lat="36.39292051851852" lon="-94.20301599626328"><ele>347.20802469135793</ele></trkpt>
<trkpt lat="36.392740559213536" lon="-94.20308197204118"><ele>347.2774043590916</ele></trkpt>
<trkpt lat="36.39253618495657" lon="-94.20315695188512"><ele>347.2995275110501</ele></trkpt>
<trkpt lat="36.39231545130316" lon="-94.20323772158335"><ele>347.29435299497027</ele></trkpt>
<trkpt lat="36.39209633653407" lon="-94.20331716030755"><ele>347.27956866331346</ele></trkpt>
<trkpt lat="36.3918974865112" lon="-94.20338759871636"><ele>347.26889955799413</ele></trkpt>
<trkpt lat="36.39172875925926" lon="-94.20344434152058"><ele>347.27160493827154</ele></trkpt>
<trkpt lat="36.39158863580248" lon="-94.20348673319526"><ele>347.2936899862825</ele></trkpt>
<trkpt lat="36.39146869753088" lon="-94.20351660236365"><ele>347.33964334705075</ele></trkpt>
<trkpt lat="36.39135820370371" lon="-94.20353662394746"><ele>347.41358024691357</ele></trkpt>
<trkpt lat="36.391246432829966" lon="-94.20354945751542"><ele>347.51967989277273</ele></trkpt>
<trkpt lat="36.39112578772458" lon="-94.20355757942562"><ele>347.65860530072194</ele></trkpt>
<trkpt lat="36.39099471204015" lon="-94.20356303079743"><ele>347.82471013227286</ele></trkpt>
<trkpt lat="36.3908603605249" lon="-94.20356712726125"><ele>348.0038405964864</ele></trkpt>
<trkpt lat="36.39073182333655" lon="-94.20357054220666"><ele>348.18285681551123</ele></trkpt>
<trkpt lat="36.39050027259476" lon="-94.20357644174139"><ele>348.5393586005831</ele></trkpt>
<trkpt lat="36.39024804567542" lon="-94.20358277622229"><ele>348.98514199330526</ele></trkpt>
<trkpt lat="36.39010395529641" lon="-94.2035861215396"><ele>349.24938451571103</ele></trkpt>
<trkpt lat="36.389958937965666" lon="-94.2035888226861"><ele>349.5125796350286</ele></trkpt>
<trkpt lat="36.389822875607386" lon="-94.2035899332696"><ele>349.7488878090919</ele></trkpt>
<trkpt lat="36.38969711661808" lon="-94.20358848973294"><ele>349.94752186588926</ele></trkpt>
<trkpt lat="36.389572567055396" lon="-94.20358366311841"><ele>350.1167638483965</ele></trkpt>
<trkpt lat="36.38943637733506" lon="-94.2035749545161"><ele>350.2740902710291</ele></trkpt>
<trkpt lat="36.38928109610193" lon="-94.20356254395193"><ele>350.4338300399525</ele></trkpt>
<trkpt lat="36.38911180936184" lon="-94.20354761804447"><ele>350.5984612892776</ele></trkpt>
<trkpt lat="36.38894389995681" lon="-94.20353204280234"><ele>350.7604740308822</ele></trkpt>
<trkpt lat="36.388793318702085" lon="-94.2035174164131"><ele>350.91127847964583</ele></trkpt>
<trkpt lat="36.3886666851312" lon="-94.20350420239792"><ele>351.05043731778426</ele></trkpt>
<trkpt lat="36.38855862099125" lon="-94.20349160330086"><ele>351.18833819241985</ele></trkpt>
<trkpt lat="36.38845735859234" lon="-94.20347823952555"><ele>351.3403500891833</ele></trkpt>
<trkpt lat="36.3883530136227" lon="-94.20346323293649"><ele>351.51598142049295</ele></trkpt>
<trkpt lat="36.3882434891638" lon="-94.20344707938375"><ele>351.71012677116704</ele></trkpt>
<trkpt lat="36.38813533897228" lon="-94.20343190201469"><ele>351.9014075353834</ele></trkpt>
<trkpt lat="36.3880369066703" lon="-94.20342041891777"><ele>352.0649775592189</ele></trkpt>
<trkpt lat="36.38795143750001" lon="-94.20341481245745"><ele>352.1854166666667</ele></trkpt>
<trkpt lat="36.38787406507202" lon="-94.20341572181705"><ele>352.26443758573396</ele></trkpt>
<trkpt lat="36.3877977968107" lon="-94.2034222692739"><ele>352.3135202331962</ele></trkpt>
<trkpt lat="36.38764125745886" lon="-94.20344229165542"><ele>352.37200788751716</ele></trkpt>
<trkpt lat="36.387565074331285" lon="-94.2034497187436"><ele>352.3983882030178</ele></trkpt>
<trkpt lat="36.38748787500001" lon="-94.20345241665007"><ele>352.43125</ele></trkpt>
<trkpt lat="36.38740210382374" lon="-94.20344969076938"><ele>352.47592592592594</ele></trkpt>
<trkpt lat="36.38730221150549" lon="-94.20344198495818"><ele>352.53665123456796</ele></trkpt>
<trkpt lat="36.387191084619346" lon="-94.2034305631172"><ele>352.6175925925926</ele></trkpt>
<trkpt lat="36.38707925085734" lon="-94.20341669633608"><ele>352.7284722222222</ele></trkpt>
<trkpt lat="36.38697694641632" lon="-94.20340064745602"><ele>352.8913580246914</ele></trkpt>
<trkpt lat="36.38688627083333" lon="-94.20338095811965"><ele>353.14375</ele></trkpt>
<trkpt lat="36.386800246810004" lon="-94.20335503371571"><ele>353.5278126886145</ele></trkpt>
<trkpt lat="36.38671040531137" lon="-94.20332153033316"><ele>354.0545846364883</ele></trkpt>
<trkpt lat="36.38661409965226" lon="-94.20328255591009"><ele>354.6682862139918</ele></trkpt>
<trkpt lat="36.38651681542867" lon="-94.20324422607662"><ele>355.23376920438955</ele></trkpt>
<trkpt lat="36.386424382242126" lon="-94.2032132557533"><ele>355.5904917009602</ele></trkpt>
<trkpt lat="36.386337504000004" lon="-94.20319361277856"><ele>355.62420740740737</ele></trkpt>
<trkpt lat="36.386251472000005" lon="-94.20318474041217"><ele>355.3324148148148</ele></trkpt>
<trkpt lat="36.386164368" lon="-94.20318389468062"><ele>354.8238222222222</ele></trkpt>
<trkpt lat="36.386079592" lon="-94.20318882582356"><ele>354.2706814814815</ele></trkpt>
<trkpt lat="36.386001504" lon="-94.20319966630503"><ele>353.8268740740741</ele></trkpt>
<trkpt lat="36.38592986562003" lon="-94.20321785744524"><ele>353.56931255144036</ele></trkpt>
<trkpt lat="36.38586041505488" lon="-94.20324408538988"><ele>353.4897417695473</ele></trkpt>
<trkpt lat="36.38579124848972" lon="-94.20327629889753"><ele>353.53325987654324</ele></trkpt>
<trkpt lat="36.385723723116605" lon="-94.2033111356754"><ele>353.64624362139915</ele></trkpt>
<trkpt lat="36.38565936660769" lon="-94.20334658029114"><ele>353.80460884773663</ele></trkpt>
<trkpt lat="36.38559454166667" lon="-94.20338454200295"><ele>354.01875</ele></trkpt>
<trkpt lat="36.385522187157065" lon="-94.2034292359734"><ele>354.31463477366253</ele></trkpt>
<trkpt lat="36.38543722076475" lon="-94.20348377794765"><ele>354.70889917695473</ele></trkpt>
<trkpt lat="36.385342056841566" lon="-94.20354722110557"><ele>355.1925154320988</ele></trkpt>
<trkpt lat="36.38524528789438" lon="-94.20361614456732"><ele>355.74848251028806</ele></trkpt>
<trkpt lat="36.385154844564475" lon="-94.20368938747772"><ele>356.3896347736626</ele></trkpt>
<trkpt lat="36.385071354166676" lon="-94.20377210502544"><ele>357.1875</ele></trkpt>
<trkpt lat="36.384988867877595" lon="-94.20387266236264"><ele>358.23204402572316</ele></trkpt>
<trkpt lat="36.384901477193296" lon="-94.20399522092458"><ele>359.55504475158665</ele></trkpt>
<trkpt lat="36.38481002495607" lon="-94.20413260701122"><ele>361.0567248857215</ele></trkpt>
<trkpt lat="36.38472074979029" lon="-94.2042705766699"><ele>362.55543212875983</ele></trkpt>
<trkpt lat="36.384639772594504" lon="-94.20439672150923"><ele>363.8860068807064</ele></trkpt>
<trkpt lat="36.38456719533528" lon="-94.20450948803017"><ele>365.000583090379</ele></trkpt>
<trkpt lat="36.38449730466473" lon="-94.2046172388027"><ele>365.95962099125364</ele></trkpt>
<trkpt lat="36.384422367023" lon="-94.20473186301372"><ele>366.87062412266494</ele></trkpt>
<trkpt lat="36.384337984288955" lon="-94.20486022146328"><ele>367.81044163697226</ele></trkpt>
<trkpt lat="36.384246535471334" lon="-94.20499876150332"><ele>368.78184321347584</ele></trkpt>
<trkpt lat="36.38415599789439" lon="-94.20513519079634"><ele>369.722346398877</ele></trkpt>
<trkpt lat="36.38407472465176" lon="-94.20525634684067"><ele>370.55672713529856</ele></trkpt>
<trkpt lat="36.38400610932945" lon="-94.20535632745312"><ele>371.2533527696793</ele></trkpt>
<trkpt lat="36.38394712536443" lon="-94.20543881701676"><ele>371.84256559766766</ele></trkpt>
<trkpt lat="36.383891302042464" lon="-94.20551274248535"><ele>372.3887998056366</ele></trkpt>
<trkpt lat="36.3838330082642" lon="-94.20558597653736"><ele>372.94773692545806</ele></trkpt>
<trkpt lat="36.383770242146724" lon="-94.20566082820015"><ele>373.5361327070511</ele></trkpt>
<trkpt lat="36.38370454106527" lon="-94.20573322306412"><ele>374.1290735341756</ele></trkpt>
<trkpt lat="36.383636916078025" lon="-94.20579724680918"><ele>374.69704225605585</ele></trkpt>
<trkpt lat="36.383564229166666" lon="-94.20584989622382"><ele>375.2416666666667</ele></trkpt>
<trkpt lat="36.38347938545954" lon="-94.20589359838955"><ele>375.8049982853223</ele></trkpt>
<trkpt lat="36.383377646690676" lon="-94.20593273191227"><ele>376.4268947187929</ele></trkpt>
<trkpt lat="36.38326257304527" lon="-94.20596987312808"><ele>377.103420781893</ele></trkpt>
<trkpt lat="36.3831450710734" lon="-94.20600424500017"><ele>377.785768175583</ele></trkpt>
<trkpt lat="36.38303504595337" lon="-94.20603392856572"><ele>378.4275291495199</ele></trkpt>
<trkpt lat="36.382933354166674" lon="-94.206058416926"><ele>379.03125</ele></trkpt>
<trkpt lat="36.382833252569334" lon="-94.20607916095767"><ele>379.6395305534122</ele></trkpt>
<trkpt lat="36.38272821460531" lon="-94.20609822849201"><ele>380.28896417395407</ele></trkpt>
<trkpt lat="36.38261987388278" lon="-94.20611678726233"><ele>380.962327192644</ele></trkpt>
<trkpt lat="36.382514701946164" lon="-94.20613547031593"><ele>381.60987225651576</ele></trkpt>
<trkpt lat="36.38241800690962" lon="-94.20615534520627"><ele>382.18676242069614</ele></trkpt>
<trkpt lat="36.382327376953135" lon="-94.206178893096"><ele>382.6947265625</ele></trkpt>
<trkpt lat="36.382234937499994" lon="-94.20620956329977"><ele>383.16875000000005</ele></trkpt>
<trkpt lat="36.382129935546885" lon="-94.20625129612239"><ele>383.6615234375</ele></trkpt>
<trkpt lat="36.382003638165514" lon="-94.20630706719976"><ele>384.2171983506944</ele></trkpt>
<trkpt lat="36.38185332559317" lon="-94.20637701659574"><ele>384.85387369791664</ele></trkpt>
<trkpt lat="36.38168612282987" lon="-94.20645671447811"><ele>385.54567057291666</ele></trkpt>
<trkpt lat="36.38151657646123" lon="-94.20653847503557"><ele>386.23009982638894</ele></trkpt>
<trkpt lat="36.38135826663774" lon="-94.20661546330659"><ele>386.8416341145833</ele></trkpt>
<trkpt lat="36.38121570898439" lon="-94.20668554667"><ele>387.34619140625</ele></trkpt>
<trkpt lat="36.38108265625001" lon="-94.2067519705035"><ele>387.75078125</ele></trkpt>
<trkpt lat="36.380946509765636" lon="-94.20682111333026"><ele>388.08740234375</ele></trkpt>
<trkpt lat="36.380794892541964" lon="-94.20689916196281"><ele>388.3928349247685</ele></trkpt>
<trkpt lat="36.38062241409868" lon="-94.2069886342973"><ele>388.69220196759255</ele></trkpt>
<trkpt lat="36.38043545041233" lon="-94.20708584943748"><ele>388.9898980034722</ele></trkpt>
<trkpt lat="36.38025010409433" lon="-94.20718195204853"><ele>389.2704029224537</ele></trkpt>
<trkpt lat="36.380083144712096" lon="-94.20726762837603"><ele>389.511107494213</ele></trkpt>
<trkpt lat="36.37994274902345" lon="-94.20733795968009"><ele>389.697265625</ele></trkpt>
<trkpt lat="36.37982596093751" lon="-94.20739379024707"><ele>389.828125</ele></trkpt>
<trkpt lat="36.379723071289064" lon="-94.20743947254877"><ele>389.912109375</ele></trkpt>
<trkpt lat="36.37962335311778" lon="-94.20748009305653"><ele>389.96083984374997</ele></trkpt>
<trkpt lat="36.37951982602721" lon="-94.20751936156537"><ele>389.98525390625</ele></trkpt>
<trkpt lat="36.37941171755643" lon="-94.207558648123"><ele>389.99443359375005</ele></trkpt>
<trkpt lat="36.37930312843606" lon="-94.20759733474794"><ele>389.994140625</ele></trkpt>
<trkpt lat="36.379094908203136" lon="-94.20767101444977"><ele>389.96923828125</ele></trkpt>
<trkpt lat="36.37898626562502" lon="-94.2077095166448"><ele>389.93984375</ele></trkpt>
<trkpt lat="36.37870741956019" lon="-94.20780859006129"><ele>389.8290075231481</ele></trkpt>
<trkpt lat="36.378524506004055" lon="-94.20787383316193"><ele>389.7459599247685</ele></trkpt>
<trkpt lat="36.37832240190973" lon="-94.20794662506188"><ele>389.6532986111111</ele></trkpt>
<trkpt lat="36.37812268352142" lon="-94.2080204761628"><ele>389.5662507233796</ele></trkpt>
<trkpt lat="36.37794791087964" lon="-94.20808933395085"><ele>389.5023582175926</ele></trkpt>
<trkpt lat="36.37781136914062" lon="-94.20815111461134"><ele>389.47626953124995</ele></trkpt>
<trkpt lat="36.377714171875006" lon="-94.2082084383665"><ele>389.49765625</ele></trkpt>
<trkpt lat="36.37765002148438" lon="-94.2082666997398"><ele>389.57294921875</ele></trkpt>
<trkpt lat="36.37761016170572" lon="-94.20833163220155"><ele>389.7057628786882</ele></trkpt>
<trkpt lat="36.37758605337403" lon="-94.20840611732218"><ele>389.89138667867945</ele></trkpt>
<trkpt lat="36.37755284067827" lon="-94.20856871602788"><ele>390.3237578432911</ele></trkpt>
<trkpt lat="36.377528216033845" lon="-94.20863913816375"><ele>390.4907527302836</ele></trkpt>
<trkpt lat="36.37748756559767" lon="-94.20869266629265"><ele>390.57667638483963</ele></trkpt>
<trkpt lat="36.37742225072886" lon="-94.20872883392654"><ele>390.564139941691</ele></trkpt>
<trkpt lat="36.37732550458914" lon="-94.20875095269476"><ele>390.4508692365835</ele></trkpt>
<trkpt lat="36.37719683716662" lon="-94.20876366410688"><ele>390.2525645178706</ele></trkpt>
<trkpt lat="36.37704607644962" lon="-94.20877084134335"><ele>390.0080012957564</ele></trkpt>
<trkpt lat="36.376890340567975" lon="-94.20877519582923"><ele>389.777054313789</ele></trkpt>
<trkpt lat="36.37674469603715" lon="-94.20877827496822"><ele>389.6252132599072</ele></trkpt>
<trkpt lat="36.37661343148688" lon="-94.20878080908346"><ele>389.6064139941691</ele></trkpt>
<trkpt lat="36.37648856851312" lon="-94.20878319100765"><ele>389.75685131195337</ele></trkpt>
<trkpt lat="36.37635725542598" lon="-94.20878569544085"><ele>390.0921174819134</ele></trkpt>
<trkpt lat="36.3762111255264" lon="-94.20878847765341"><ele>390.5965770435159</ele></trkpt>
<trkpt lat="36.376053156948494" lon="-94.20879146621058"><ele>391.2104632329122</ele></trkpt>
<trkpt lat="36.375750236961444" lon="-94.20879698276971"><ele>392.4073750134975</ele></trkpt>
<trkpt lat="36.37562077696793" lon="-94.20879908749887"><ele>392.86618075801755</ele></trkpt>
<trkpt lat="36.375499110787175" lon="-94.20880077991136"><ele>393.22973760932945</ele></trkpt>
<trkpt lat="36.37536169371558" lon="-94.20880232779832"><ele>393.55387107223845</ele></trkpt>
<trkpt lat="36.37517667314545" lon="-94.20880408867814"><ele>393.91341107871716</ele></trkpt>
<trkpt lat="36.37492051133787" lon="-94.20880633940222"><ele>394.3666666666667</ele></trkpt>
<trkpt lat="36.37460999999999" lon="-94.208809"><ele>394.9</ele></trkpt>
</trkseg>
</trk></gpx>
